{"type":"FeatureCollection","features":[{"type":"Feature","id":"inao-app-129-village","properties":{"id":"inao-app-129-village","name":"Auxey-Duresses (all colours)","tier":"village","kind":"appellation","appellationId":129,"denominationId":null,"denominationIds":[262,2075],"sourceName":"Auxey-Duresses / Auxey-Duresses ou Auxey-Duresses Côte de Beaune","communes":["21037"],"areaHa":172.58},"geometry":{"type":"MultiPolygon","coordinates":[[[[4.713298199998351,46.984909354269625],[4.713229192249387,46.98485213113023],[4.71316499420561,46.984805066839556],[4.7130993935371315,46.98476107622492],[4.713022216138821,46.98468150541572],[4.712915676303053,46.98457068897405],[4.712789260237523,46.98439784007989],[4.712706497683321,46.9842836085511],[4.712679506227755,46.98423292073885],[4.712641358928607,46.98415992066421],[4.712623940137282,46.98412850670859],[4.712624433025422,46.98404981784944],[4.712689917479817,46.98390171292804],[4.712610435775975,46.98384362729382],[4.712391878161464,46.98368440233698],[4.71210312254031,46.98347718353238],[4.712045467901518,46.983448410874075],[4.711955964686609,46.98340375671759],[4.711678226892322,46.98326176272096],[4.711400535929021,46.98312078500415],[4.711281835119572,46.98305000608774],[4.71109455354315,46.98298227952585],[4.711052087165292,46.982961449146],[4.710895457631842,46.982871816407545],[4.710855847739672,46.98284685507221],[4.7107410189277195,46.98275660221393],[4.710722619539134,46.98274154760431],[4.710581481321698,46.9826220474479],[4.710302599578922,46.982396279497344],[4.710083117316803,46.98220743571435],[4.709883328050615,46.982027503317035],[4.709791295292068,46.9819501858451],[4.709747214936134,46.981925299402185],[4.709415406313113,46.981819862506214],[4.709375216344964,46.981823519917704],[4.709297744552459,46.98182875635367],[4.7093393430621235,46.98201104278901],[4.709332679830824,46.98208368125347],[4.70931733131451,46.9821176254648],[4.709176596489165,46.98243544531249],[4.709255800591516,46.982532360300745],[4.709328820597267,46.9826222164569],[4.70946913533323,46.9828101905124],[4.709715832365988,46.9831038709852],[4.709861636360731,46.983276435773355],[4.710155102175842,46.98363277619786],[4.710341683874313,46.98391406329574],[4.710441340230684,46.983996373460656],[4.71067109268871,46.984131931544006],[4.710917992160615,46.98429073037141],[4.711019634744442,46.98438833804221],[4.711118990283858,46.984508457402534],[4.711301568804296,46.984663103268886],[4.711640493364096,46.984898190374686],[4.711753453746169,46.984976213533486],[4.711869691780333,46.98506339162345],[4.711953808398266,46.985126515130595],[4.711993549676793,46.985155553668335],[4.7121052190091355,46.9852397284307],[4.712172499776747,46.985289818441366],[4.712409914165555,46.98543138321863],[4.7126683826708256,46.985624750100165],[4.71281529168244,46.9857370116923],[4.71298420952102,46.98588470737015],[4.713125471770769,46.986007264715006],[4.7133005471790685,46.98592496577148],[4.71342393593163,46.98581380591956],[4.713617992657616,46.98557693241451],[4.713725815945692,46.985445569799715],[4.713690027252084,46.985400119045366],[4.713626151913643,46.985363262509495],[4.713553156929449,46.98532142623649],[4.713534959857583,46.985265501850485],[4.713500214040974,46.98515873473671],[4.713451944821021,46.98509609755906],[4.713381770859069,46.98500211314169],[4.713331937909351,46.98493746388291],[4.713298199998351,46.984909354269625]]],[[[4.7133482126277855,46.98639223140968],[4.713290207745177,46.986305225645935],[4.713230670978366,46.98621721596862],[4.713202806800735,46.98618594821121],[4.713048026594528,46.98601352081059],[4.7128161233339485,46.98581056569636],[4.712771584997789,46.985771377349934],[4.712617185623475,46.985658209267456],[4.7125744252368245,46.9856281891221],[4.71247064674249,46.985557189869276],[4.712459943707593,46.98554917169678],[4.712359170467502,46.985479145365915],[4.712133893414271,46.98534352413695],[4.711968955422689,46.98522744071459],[4.7118315381770275,46.98513139131652],[4.711672508718989,46.985013184556756],[4.71162050069116,46.98497410660248],[4.711328399198483,46.984755687592425],[4.711206611850114,46.98468188347532],[4.711152924000593,46.98463669745201],[4.711088456020645,46.984581458997106],[4.711066986039805,46.984563379089465],[4.7110498915849295,46.98454218140164],[4.7110419674954365,46.98452798910571],[4.710979560893948,46.98444309175666],[4.710822906324679,46.984305423663244],[4.7106216731195545,46.984174558155026],[4.710414889338035,46.984057048778986],[4.710271085981221,46.98394780906493],[4.7100782096320994,46.98365639386584],[4.70992575383041,46.983462476716355],[4.709873328381843,46.98341012099535],[4.709826066770259,46.983379139940695],[4.709694875008198,46.983291172839884],[4.70961744610439,46.98320342650871],[4.709566358879498,46.98314593566761],[4.709440771075593,46.98314064625445],[4.709238885863861,46.983130354371255],[4.709144480377798,46.983119496488804],[4.709051431672291,46.983104520904604],[4.708971825703544,46.98308935511604],[4.708839006853537,46.98304432261221],[4.708796735166136,46.98302962131021],[4.708684913526631,46.98298733950273],[4.708595736930192,46.9829528992464],[4.708545878403061,46.98293422169913],[4.7084854340581614,46.98291161238264],[4.708331793720785,46.98286893191883],[4.70806399283691,46.98280443707602],[4.7079857768415785,46.98278617914461],[4.707708824689985,46.982762695154925],[4.707454068125634,46.98282777575102],[4.707462315288259,46.982805175843005],[4.7077304684677515,46.98273887028461],[4.708016700637931,46.9827724381234],[4.708072401087534,46.98278694088129],[4.70826351762081,46.98283418191011],[4.70845734862185,46.982873205388756],[4.7087322843803125,46.98297437231458],[4.708984059715388,46.98305136858644],[4.709113279071653,46.9830770382854],[4.709294600256162,46.98309785637336],[4.709529121382445,46.98310153176641],[4.7095966686975945,46.983112796357176],[4.709397181342987,46.982848044387076],[4.709293282981851,46.98267894665763],[4.709088667264217,46.982440836526784],[4.70924952702919,46.98209819649681],[4.709236991232831,46.98174893072356],[4.709205985011311,46.98166561144693],[4.709169505067668,46.98159769170718],[4.709119066134594,46.981513624677355],[4.709084751146621,46.98146713307281],[4.708938909190795,46.98129355024782],[4.708847635689743,46.98119272530361],[4.708813805374399,46.9811615448896],[4.7087709217033575,46.98112744568583],[4.708717627129342,46.98109451830135],[4.7086707234519,46.98107477042116],[4.7086300366522655,46.98106311649178],[4.708574596279736,46.981056787210875],[4.708495348386507,46.98105284575337],[4.708341860618836,46.98106226923222],[4.708191552219535,46.981077778209695],[4.707681663705995,46.981147663674044],[4.7075120001353445,46.9811644759003],[4.707062086447476,46.98124265652587],[4.70693903523677,46.98127002607198],[4.706544657214763,46.98135760420106],[4.705467832018353,46.98148796223949],[4.705294358909723,46.981526296715785],[4.705127762493467,46.98154612195125],[4.704454400690147,46.98159286043649],[4.703853997173099,46.981586402357],[4.70357635337022,46.98163545840249],[4.703333250083614,46.98169116318424],[4.703137775035431,46.98174207578263],[4.702943863148033,46.98179500022033],[4.702812559640268,46.98184496495277],[4.702681094771225,46.981889816767634],[4.702548033830826,46.9819316301015],[4.702067529495787,46.98208177346309],[4.701965502120634,46.982112906950256],[4.701799172661165,46.98218892693504],[4.701286985124226,46.98242332182344],[4.7011172428195245,46.98253310783141],[4.701006043740785,46.98260525179591],[4.70090302992363,46.98265275290425],[4.700657158541727,46.98271564312478],[4.700774558873711,46.982745584837396],[4.700942639230506,46.98277273495426],[4.700949028664595,46.98278592390541],[4.7011546567633316,46.982772679628354],[4.701317866467822,46.98278764449612],[4.701324159342892,46.982797763965465],[4.701333585790361,46.98281295236413],[4.701645186517226,46.98284616182929],[4.7016475222610525,46.982872693697054],[4.701714874580962,46.982877832982886],[4.702086164298603,46.98291016078941],[4.702545366047063,46.982984101406515],[4.702702368695775,46.983086014313166],[4.702708468685487,46.9830900037884],[4.702837127102422,46.98324035236483],[4.702836080494371,46.98339670388328],[4.702790953197868,46.98338613106487],[4.702416107692793,46.98338348615159],[4.702239594804575,46.98323078135884],[4.701851089408066,46.98326818565871],[4.701970647136235,46.98336655440378],[4.702142230763007,46.983410005167975],[4.702127218101968,46.98345518228468],[4.701722270515695,46.98344481122325],[4.701687998449883,46.98349436087613],[4.701658082844529,46.98353975774799],[4.702022478964196,46.98363758566788],[4.702670614851701,46.98383135763989],[4.703747632117328,46.9840371823549],[4.703978544878017,46.9839734889272],[4.7043832626707545,46.984070704915084],[4.704505552833019,46.98397183651418],[4.704615661145286,46.98400698825468],[4.704597355699691,46.98404200208714],[4.704734080512859,46.98411660994116],[4.704921822548369,46.98419864973562],[4.704794525892826,46.98442327381403],[4.705007531961891,46.984501869259404],[4.705446295361277,46.984684419202324],[4.705518831414596,46.98471194848785],[4.705712309589005,46.984786751833525],[4.705763700454013,46.98480642557454],[4.705828714586532,46.98483203063182],[4.705937519567901,46.98487333318172],[4.705981374899601,46.984891073997396],[4.706013106770689,46.98490287030787],[4.7060705340626985,46.98492449890784],[4.706227745059024,46.98498552792049],[4.706253443270942,46.98494836023616],[4.706448685524202,46.98493729548952],[4.7065985356179985,46.98500149476353],[4.706742317688688,46.985062721733],[4.706782961806586,46.985073359357386],[4.706843085097987,46.9850857530388],[4.707080179298297,46.98512312120938],[4.707145697504551,46.98516506313218],[4.707162805725375,46.98513926126073],[4.707258862253404,46.98515521151793],[4.707221864692458,46.98525998011851],[4.7072921742359,46.98526405480996],[4.707488095327376,46.98527443847519],[4.707506560617884,46.98524452795169],[4.7075469601463995,46.985247000905765],[4.7076713614126025,46.985309531212344],[4.707929196591903,46.98534147550644],[4.707971259268744,46.985255020991396],[4.708142808120202,46.98529743684944],[4.7081503307982535,46.985299369727294],[4.708115078506482,46.98545928974272],[4.708379149210315,46.98559434422681],[4.708464499941392,46.98550724851944],[4.708527887450869,46.98552878765366],[4.708491765550008,46.98556712784598],[4.708537057466798,46.98558281118063],[4.7085159617121795,46.985623990737324],[4.708617649149201,46.9856286175753],[4.708675499416808,46.98556952196501],[4.708895359928629,46.985628592888744],[4.7090116725973346,46.98567080801337],[4.709114103579049,46.98560491900656],[4.709071649343823,46.98553708778738],[4.709129401916408,46.985474922495946],[4.709343969393398,46.9856025311236],[4.7094715340791975,46.985670118798616],[4.709593838370608,46.985713271196154],[4.709658823446018,46.985784856868335],[4.709754009360358,46.98582022492172],[4.7098915667283014,46.98587336325018],[4.7101599021444125,46.98595419118602],[4.710272798956556,46.98607718139522],[4.710320676175306,46.986080551159155],[4.7103693427902815,46.986108440304086],[4.710506353006775,46.98619122327382],[4.711021365487475,46.98656471017675],[4.7111646936232665,46.98670562854047],[4.711234801221318,46.98679757095654],[4.71129708178341,46.98687839050811],[4.711317357476336,46.98690568275034],[4.71136718983088,46.98697033283872],[4.711800028407453,46.98743597323771],[4.711845228003659,46.987495594722496],[4.711877984881858,46.987540064369284],[4.711883251224293,46.987800543629504],[4.711984578405978,46.98788793385321],[4.712101178796632,46.9879863362637],[4.712111914495699,46.98799537161132],[4.7121917577951775,46.98806469114712],[4.713142735533849,46.988199751382794],[4.713400023896996,46.98821432009671],[4.714223949136494,46.98815712563841],[4.7142395322549415,46.9879423189],[4.714302744006752,46.98767571597408],[4.714287887925,46.98748997210527],[4.714153516493353,46.98730192446328],[4.71402061895885,46.987113845765215],[4.713929488056819,46.98701812876939],[4.713870804988999,46.986956673108004],[4.713762629747647,46.98684179320998],[4.713649866456524,46.98672290184601],[4.7135354096999675,46.98659790274629],[4.7133482126277855,46.98639223140968]]],[[[4.71750502489207,46.986059654658334],[4.717262090113897,46.98593248315586],[4.717007004985934,46.985799359195404],[4.716786836453068,46.98568411346797],[4.716610573716363,46.98558762103983],[4.716446436662863,46.98549708073313],[4.716294308511714,46.98540840581087],[4.716077064045129,46.985291070998734],[4.7159692176456876,46.98523340953173],[4.7156368275013305,46.98501662703719],[4.715583524907949,46.984983702864824],[4.715429224309884,46.98492059890518],[4.715335406013541,46.984881126633084],[4.71508882582201,46.98478056226031],[4.714987439732073,46.984738140324964],[4.714754303890505,46.98463738440119],[4.714191612088807,46.984455693225065],[4.714034814846804,46.98440795199388],[4.713813337729098,46.98434482632224],[4.713541015004678,46.984232393555565],[4.713432095006829,46.984188028913216],[4.713180933269382,46.98408344906864],[4.712768460266245,46.98393017516133],[4.712657587400136,46.98405954697152],[4.712649345044025,46.984129147196406],[4.712706087083048,46.98422333145712],[4.712881913403631,46.98444755299267],[4.712913118462201,46.98449001015849],[4.7129321665849435,46.98452548840159],[4.712946794212972,46.98456307653698],[4.71303736869944,46.98464143084187],[4.71313556326582,46.98472477807474],[4.7132246519588366,46.98480315429969],[4.713331254265266,46.984869013803845],[4.713411774481792,46.98495977369915],[4.713495934590707,46.98497691309627],[4.713577206265197,46.98499716622937],[4.713655621777995,46.98502155025308],[4.713696377452843,46.98503524569409],[4.713830529692427,46.9850751467527],[4.713961793372455,46.985118152460466],[4.714061453410245,46.985153459528625],[4.714264948221961,46.98521379007218],[4.714349869043446,46.98534943968428],[4.714497521618593,46.98543818363318],[4.714541685310538,46.98546512033708],[4.7145918721861895,46.98549400276553],[4.7146361525112725,46.98552502622359],[4.714711036649438,46.98557908130467],[4.714758432689393,46.98561414693175],[4.714810216471418,46.98564606742194],[4.714870945077221,46.9856778639386],[4.715170313110567,46.985795006750436],[4.715366267443556,46.98590040323874],[4.715340380424672,46.98593144305023],[4.715296053915193,46.98589940291413],[4.7150992162779275,46.98581343542113],[4.714782051792414,46.98565261883081],[4.714717851159415,46.98560554641477],[4.714604788055507,46.98552446572786],[4.714496845641586,46.98546374244312],[4.714362882139405,46.98538297212255],[4.714323528144899,46.98536618518915],[4.714288266287556,46.98529007186941],[4.714249763852391,46.9852528386503],[4.71423284898606,46.985237762526914],[4.714152849450105,46.98521034053484],[4.7140652491431085,46.98517894289251],[4.713838765237389,46.98509954654053],[4.713493467176938,46.984993303832034],[4.713429045293389,46.9849860835862],[4.713564218378499,46.985199668940254],[4.713547997188551,46.985206042653914],[4.713581544915768,46.98527503123504],[4.713592766235742,46.98529938668985],[4.713710989352489,46.98535485194334],[4.713778016301021,46.98544376775805],[4.71350349194444,46.985779925200724],[4.713363483795588,46.985932208160904],[4.713177663105201,46.98605247206777],[4.713242523746182,46.986119969117766],[4.713360084611245,46.986296010897085],[4.713425204981485,46.98637168103038],[4.71354452186788,46.986508864608474],[4.713618878884548,46.98659359211655],[4.7138887451396725,46.9868634242903],[4.713987833195632,46.98697435055409],[4.714086940775722,46.987086294072135],[4.714157600337377,46.98714858931386],[4.714262879537798,46.98731358274521],[4.7143701727678735,46.987447882254614],[4.714409135091849,46.987546418386444],[4.714391580028111,46.987604918139944],[4.71436195590059,46.987706517676635],[4.714360039330015,46.98774026293374],[4.714357016529286,46.98783329014988],[4.714333141712357,46.98783364490436],[4.714324026052899,46.98787567416777],[4.7145515311986905,46.98789272709464],[4.714765795962165,46.9878691091743],[4.714865669043432,46.987910536208204],[4.71519972623137,46.98780339349994],[4.715359679722113,46.987715183544836],[4.715345860375256,46.98770313245018],[4.715624278180036,46.98763053247945],[4.716841034788073,46.98757768934366],[4.716973410583653,46.98756141860532],[4.717665659771462,46.98744893754089],[4.718022077245074,46.98734042698817],[4.71846795973737,46.98718153848773],[4.7190539278479475,46.986920428165334],[4.719048615358153,46.98684694087021],[4.719019183216201,46.98681366257389],[4.718981020709153,46.986787664765856],[4.718697588813354,46.98670196684022],[4.718598759581353,46.986646217706905],[4.718498463654564,46.98659151697209],[4.718413357215868,46.98654475795804],[4.718329750747328,46.986497985547956],[4.717986516873902,46.98631610561364],[4.717913601673815,46.98627734175123],[4.71750502489207,46.986059654658334]]],[[[4.746607029792633,46.987459929807216],[4.746606038686946,46.98747527239559],[4.746575111856415,46.98776592902178],[4.74644347143035,46.98775871801844],[4.746407554064921,46.98775619978926],[4.74641406893212,46.98768048990459],[4.74630735500876,46.98761262675227],[4.746207142178697,46.98751502757989],[4.746040934997256,46.98740820570172],[4.7459905832678055,46.9874212333751],[4.745985829191822,46.98704323995548],[4.745771945887713,46.98703217561867],[4.7455034512450105,46.98699434388273],[4.745419970547117,46.98699866877351],[4.745402663810096,46.986971346355766],[4.745279257743146,46.9869415404355],[4.744975739584461,46.98688277687917],[4.744837602051954,46.986859317129145],[4.744687897191645,46.98684728017014],[4.744484459059189,46.98683605550645],[4.744321686703327,46.98683544567847],[4.744224677302034,46.98683691233524],[4.744165018405226,46.98683884090156],[4.7440725472537535,46.9868422830992],[4.743954847148398,46.98685018613351],[4.743706070152712,46.98686825630311],[4.7435139988704424,46.98688545999906],[4.743360612858522,46.98689799926742],[4.743208680049432,46.98690948973249],[4.7431942775808,46.98692605255292],[4.743151199217948,46.986932836259896],[4.743146483158124,46.98692575704907],[4.743018720960452,46.986946076809694],[4.743015287027786,46.98693182775849],[4.7429499722899,46.986944053518364],[4.742886123957819,46.98695523044725],[4.742719834512004,46.98698430899058],[4.742613006604271,46.987005338719726],[4.742436391329162,46.987038661365425],[4.742228528828614,46.98707551751423],[4.742077089284001,46.98710232659546],[4.741995140775605,46.98710765250702],[4.7417597261932904,46.98712347241726],[4.74158387184879,46.98713429522369],[4.74141702176164,46.987146017498596],[4.741259082895465,46.987156569392866],[4.741117790667906,46.987174029319],[4.741015335468377,46.98719192965291],[4.740878923315039,46.98722157228702],[4.740566473093256,46.987302924274374],[4.740422898187169,46.98734186915441],[4.740305841505324,46.98737020148222],[4.7400628161197975,46.98742802682711],[4.739748692540718,46.987503259967234],[4.7395213915106496,46.987539386662455],[4.739463382399078,46.98754639409153],[4.739133045570366,46.98758202914499],[4.738958754535135,46.9875948686274],[4.7388618424183795,46.987599400199635],[4.738764864233693,46.9876018794066],[4.738720120961222,46.9876035803514],[4.738615039413651,46.98763274810373],[4.738584219396958,46.98764956672811],[4.738539304163897,46.987692137652836],[4.738264305646776,46.9879629643121],[4.738238102082104,46.98798379282564],[4.738176671479638,46.98802355050961],[4.738172350127185,46.98802872179288],[4.738491113597319,46.98805048557678],[4.738454593355581,46.98826152395812],[4.73866302179825,46.988242038020246],[4.7387013437372625,46.988412098790846],[4.73872640690259,46.988541482899585],[4.738758014517653,46.988688149195596],[4.738791075715811,46.98883376693304],[4.738885263045556,46.9891623849324],[4.739054954819343,46.98914551741644],[4.739121792579843,46.989134297605375],[4.73918858412338,46.98912205181255],[4.739253836562768,46.989107784908846],[4.739274594165553,46.98910338344956],[4.739497054589141,46.98905609134078],[4.739773546157716,46.98901717879674],[4.7398643242918235,46.98900763281707],[4.739959522511429,46.98899598483975],[4.7402199917245245,46.98896957848483],[4.740431394853956,46.988950035516105],[4.7405089396632425,46.98894682146847],[4.740555170722605,46.9889451064078],[4.740601480476421,46.988945425409625],[4.740640318853387,46.98894586611648],[4.740803261981877,46.9889515848379],[4.741270011956956,46.98897825857641],[4.7415275750671935,46.98900093769213],[4.741687841860298,46.989015890297914],[4.741753475327126,46.98901387285789],[4.741817589552392,46.98901086068169],[4.741851843385318,46.989008299278844],[4.741973737505781,46.988991131410216],[4.74202279002188,46.98898426697877],[4.742181969814971,46.98896550928112],[4.742220643338326,46.98896083675601],[4.742302463130642,46.988951433129195],[4.742385749393445,46.988940980657425],[4.742451152227883,46.98893181584222],[4.742603189602526,46.9889233868007],[4.742746381002533,46.98891816209132],[4.742788205119811,46.98891854797034],[4.742958672820631,46.988926194265005],[4.7430124410778784,46.98892639962553],[4.7430647428501675,46.988927653756576],[4.743167761212719,46.98892712398723],[4.743330506743363,46.98892670930235],[4.743615475129865,46.98891933217885],[4.74380641661989,46.98891338452343],[4.744032715547959,46.98889259216151],[4.744164061414645,46.98889060665768],[4.744380608187523,46.988891421430615],[4.744759966371744,46.98889386237479],[4.744910912526887,46.98889770344004],[4.745048415282201,46.98890175664385],[4.7454637576688965,46.98890875720378],[4.746203249917992,46.988919027874665],[4.746324138087792,46.988917198187146],[4.7464570032493825,46.98891620471296],[4.746573418937318,46.98891444246415],[4.747186777902209,46.9889031114904],[4.747186480706709,46.988847938504485],[4.747149367426975,46.98857772827311],[4.747094279860863,46.98807482354257],[4.747086273755815,46.98791963366727],[4.747075050195413,46.987803315782784],[4.747067869570271,46.98771963612132],[4.747066185489658,46.98762157228173],[4.747061594401526,46.98752558773199],[4.747062037460597,46.98744690781936],[4.746830698829769,46.98745041068195],[4.7466083508986525,46.98745479460878],[4.746607029792633,46.987459929807216]]],[[[4.748048987132179,46.98744524180933],[4.747768334068813,46.98744744943954],[4.747656361021397,46.987448128010065],[4.747533910539223,46.98744793852977],[4.747471198756054,46.98744786175366],[4.747410006559836,46.987448788570426],[4.747392071128956,46.98744804257768],[4.74734878146389,46.98744869821644],[4.747338337223665,46.98744885639605],[4.747295027523515,46.987448485675905],[4.747263648752328,46.98744794325825],[4.747184520833313,46.98744811493871],[4.747172577041799,46.98744829581219],[4.747088963914136,46.98744854435519],[4.7470807985761265,46.98751917309766],[4.7470818285566665,46.98768979621565],[4.747132495984801,46.98828677771543],[4.747160749928211,46.9885601840465],[4.74720910045408,46.98890072917164],[4.747394267696927,46.98890099584849],[4.7474808690986965,46.988900701858256],[4.74763986849383,46.988876833139145],[4.747736584147812,46.98886617336773],[4.7479779108010245,46.988848216519415],[4.748147552680722,46.988830318692614],[4.7483458327399655,46.98882016376437],[4.748486584733006,46.988786348986],[4.7486105698687995,46.988741558124914],[4.748704707797299,46.98869721951288],[4.748739402733068,46.98866194991795],[4.748747501235447,46.98863526055147],[4.748737529030944,46.98851177335886],[4.748701575397781,46.987908445489765],[4.748696428483604,46.987888080708444],[4.74871470694438,46.98785306892923],[4.748731167988058,46.98780785429118],[4.74879296631706,46.9877333505531],[4.748805636084997,46.98770965379867],[4.748838643316171,46.987576329348414],[4.748752222110376,46.98758171884889],[4.7487480130134845,46.98754397698626],[4.748702806168665,46.98748540510421],[4.748667330250288,46.987450172417034],[4.748651474908799,46.98742180182258],[4.748600606996395,46.98737251045817],[4.748579969930133,46.98738100035112],[4.748544349871018,46.987387664032134],[4.748235635496555,46.98744547561416],[4.748048987132179,46.98744524180933]]],[[[4.735637041509439,46.98905598363907],[4.735616270184999,46.98906037564071],[4.735471187728833,46.989099345897536],[4.735326236041866,46.989142393537385],[4.735290843045767,46.98915620911652],[4.735255515662741,46.989172067968354],[4.735217300794159,46.98919104114419],[4.735023566945468,46.98929613214896],[4.734709214005481,46.9894582136761],[4.734515972213049,46.9894856411478],[4.734380938909536,46.9895121933069],[4.734217295130611,46.989530998266886],[4.734209888960942,46.98953315385683],[4.734100722217845,46.989574644409096],[4.734019555904166,46.989604475058925],[4.733889256922092,46.9896391325597],[4.733825600264451,46.98965643431775],[4.733760391815923,46.98967172409445],[4.733692196958778,46.989687049702376],[4.733681916321219,46.989692319356855],[4.7336451867080935,46.98971126067193],[4.733365394131982,46.98978698683075],[4.733103078529434,46.989849175537],[4.73285954258106,46.989891656532045],[4.732681359851571,46.98992294325664],[4.732504696007434,46.98995522452695],[4.732311811538754,46.98999388186809],[4.732174700055337,46.99000207319793],[4.732009816434115,46.99002907067751],[4.731877046384938,46.99003310794378],[4.731686086760855,46.990039045056456],[4.731586163809962,46.99004258899149],[4.731448076080759,46.99006713924363],[4.7313470002976015,46.99008193924113],[4.731245872133063,46.99009469566737],[4.731144678443924,46.99010540871963],[4.731102984153644,46.9901090961901],[4.730918650788273,46.99013536627997],[4.730861455668917,46.99016789694485],[4.730797777985762,46.99018417969028],[4.730653553806265,46.99020371486626],[4.730508576957886,46.99019975657786],[4.730319063937926,46.99020362545299],[4.73013262186461,46.99021050986511],[4.730027039995339,46.99022434962941],[4.72990809284381,46.99024044295781],[4.729701545418876,46.990272141303066],[4.7295219253843115,46.99030548891307],[4.729504120082691,46.990308826712926],[4.72949589607815,46.99028544542373],[4.7295895337286336,46.990271785199035],[4.729695050092245,46.990255893547925],[4.729793173393656,46.9902421659103],[4.7299061483516525,46.99022616224326],[4.730020577149676,46.990209119034674],[4.730126126127484,46.990194253132664],[4.73031408749176,46.9901883725822],[4.730437997731308,46.99018753189807],[4.730633561812621,46.990185625336856],[4.730690140728691,46.99018068813261],[4.730789782706803,46.99016795449221],[4.730850454539949,46.99015069020624],[4.7309135892758105,46.9901170528098],[4.731111372925601,46.9900915985552],[4.731310689193495,46.99006715660337],[4.731388007091333,46.99005680168831],[4.731463772995736,46.99004442574336],[4.731541025051449,46.99003201843925],[4.7315751164303075,46.99002435637553],[4.731681024708768,46.990020722618134],[4.731786965867774,46.990018114906675],[4.731848193848026,46.99001821351744],[4.732004839526733,46.9900138178788],[4.7320850451927505,46.99000035724407],[4.732163731443846,46.989985892726665],[4.732288832967606,46.98997583745783],[4.732496713404397,46.989938999248444],[4.7327194124322505,46.98989886721424],[4.732821777635644,46.98987792283685],[4.7329213200930225,46.98986211792727],[4.73312773266965,46.9898263182449],[4.733197394563568,46.98980994430137],[4.733324793641481,46.989778402068296],[4.733452172798962,46.98974583335386],[4.733594272652035,46.98970691951161],[4.7336297972944665,46.98969718202239],[4.733684135311864,46.98966878141808],[4.733776120287443,46.98965002741823],[4.733882727477935,46.98962185889436],[4.734002614666664,46.98958838451591],[4.734191330047158,46.98951299911569],[4.734200143927716,46.98950877809828],[4.734245700236372,46.989485615386684],[4.734342452275192,46.989475983984846],[4.7344376393556455,46.98946434076244],[4.734532806602971,46.98945167112117],[4.734558083061028,46.98944822021646],[4.734641128948457,46.98943062654102],[4.734730127119649,46.98941191667318],[4.734803932732377,46.9893852670946],[4.734890414234867,46.98933491325336],[4.7349446856057416,46.989304468768516],[4.73500048918843,46.98927501884853],[4.735071012969509,46.98923921472386],[4.735200260741417,46.98917188134881],[4.735298718694995,46.98912237370645],[4.73540493051939,46.989081953071015],[4.735575650360283,46.9890507743292],[4.735651367772753,46.98903736968639],[4.735734819432577,46.98903202572329],[4.735976183496922,46.98901511111654],[4.736153662859774,46.98900836106149],[4.736258036260916,46.98900371952555],[4.736403305710986,46.98901686086541],[4.736402550889808,46.98899337661211],[4.736400721796065,46.988890199949076],[4.736402024368957,46.988884047530945],[4.736407175945674,46.988858430114384],[4.736427669813605,46.988752873213784],[4.736430294774218,46.988741594716544],[4.736439130682607,46.988691390587086],[4.736446611780798,46.988645304395284],[4.73644781568448,46.988636082550634],[4.736447717315732,46.98863302212635],[4.7364472248935146,46.98861770200236],[4.73644424804194,46.98857176419922],[4.7364426397195105,46.988521726260636],[4.736438504822748,46.988486027244114],[4.7365039081150595,46.988476865798326],[4.736501732216752,46.98845543819583],[4.736496973497229,46.98840033248905],[4.736494174106767,46.98835950719525],[4.736467394695054,46.988084023581045],[4.736190567046374,46.988065711705815],[4.73595269514747,46.988051919215636],[4.7357582449456155,46.98804156152906],[4.735671592366614,46.98803980323981],[4.7355894317238745,46.98803899494615],[4.735335419415431,46.9880336210737],[4.735119400926212,46.988049126600714],[4.735088185842972,46.98805368458267],[4.734999071946784,46.988068307968014],[4.7349114968845605,46.98808495241524],[4.734673341442495,46.988154949651296],[4.7343525546456,46.98825582597729],[4.734234334044232,46.98829438190422],[4.7340908702471145,46.98833741466174],[4.733957208023908,46.98835985722641],[4.733645355341506,46.98841358806193],[4.733346834339722,46.98846405585424],[4.73309893084357,46.98850967399329],[4.732946160031159,46.98854159711935],[4.732677746878518,46.98859978801285],[4.732578402974542,46.988621713573885],[4.732258453915104,46.98870212869007],[4.731905919541694,46.98879120911936],[4.731825814021731,46.98880773906411],[4.7317471293958935,46.98882220335653],[4.731555682535653,46.98885879365371],[4.731371628457526,46.988893228422484],[4.731227636961999,46.988919911324295],[4.731168289240916,46.98893204079618],[4.730914782744061,46.98898897721939],[4.730830354782422,46.98901068648298],[4.730702923184943,46.9890411998261],[4.730573946391713,46.98907072757726],[4.730479119293801,46.98909361018973],[4.730213751950525,46.989153784840404],[4.73007292184501,46.98918552503799],[4.729585149331456,46.989295015465586],[4.729451895034928,46.98933073886636],[4.729363169670522,46.98935760861276],[4.729234714331748,46.98940347215726],[4.729157952719587,46.989431189069755],[4.728983768620089,46.989494082781974],[4.728887799995076,46.98952822013352],[4.728849451571902,46.989543095623134],[4.728745795444848,46.98957019761355],[4.728588337510654,46.98959606131014],[4.728384908602566,46.98963179914214],[4.728181499384861,46.98966857195769],[4.727899935398809,46.98968913411214],[4.727794190746304,46.98969786811785],[4.727679500947459,46.989706735971325],[4.72754994629166,46.98971787955269],[4.727435439264024,46.98973287722334],[4.727301640162642,46.989751225493414],[4.727130880528814,46.98978136584272],[4.726978024409362,46.989811246964905],[4.726817807280987,46.98984429994612],[4.726721379500412,46.98986413247659],[4.726694680895966,46.98986963819674],[4.726490729586781,46.989936044448584],[4.726359362779849,46.989983992558],[4.7262576609446025,46.990025363886794],[4.726098780384055,46.99010028077066],[4.725990161020073,46.990159127091225],[4.7260148526804615,46.99018430652697],[4.726086150115624,46.990266001138764],[4.726185171661245,46.99037385637556],[4.726332221039896,46.99053616107272],[4.726575588847732,46.99081555563367],[4.726783364529639,46.991055623708874],[4.726842295483424,46.991124228727884],[4.726845346966865,46.99112622732285],[4.727009501057844,46.99126272637683],[4.727175097104738,46.99139819499491],[4.727207425101521,46.99142836603124],[4.727227579589834,46.991451559863066],[4.727268150233913,46.9915061296634],[4.727388702532242,46.99168006865864],[4.727426434831027,46.99169278698135],[4.727481057776744,46.99176656233768],[4.727517858894091,46.991796666318976],[4.7275830851165335,46.991781388884526],[4.728004073475992,46.99168413754992],[4.72807366108814,46.99166573262135],[4.728232232764111,46.991627587465665],[4.728337445275366,46.99160251597472],[4.728445722124243,46.99157943374169],[4.728528492368055,46.99155265399424],[4.728851903733752,46.99143949850772],[4.728869072747171,46.991462736796834],[4.7289331580424445,46.99145871463946],[4.729078236109975,46.99146573533329],[4.729223235654367,46.99147071275637],[4.729260621797875,46.99147219671329],[4.729540620742776,46.991355610362476],[4.729760897605782,46.99133289224348],[4.729962354602542,46.991281845153175],[4.73021034385567,46.99128527712114],[4.730284775846881,46.99127803715676],[4.730305913010485,46.991331870726256],[4.730363960242178,46.99132589405236],[4.730373900220051,46.99135639997557],[4.730402229462708,46.9913549484847],[4.730407056867529,46.99131911493147],[4.7304473505075615,46.99131851063199],[4.730464062288822,46.991327454691465],[4.7304939437665,46.99132803316998],[4.730587648140409,46.991316406423586],[4.730683048521372,46.99131088696111],[4.730792123343716,46.9912663392385],[4.730810937696923,46.99124765860972],[4.730859227024647,46.991263288358674],[4.730977521713978,46.991226770209515],[4.730970273109783,46.991187029257546],[4.7311380428359175,46.991109918997374],[4.731129621858414,46.99108041697775],[4.731208146381416,46.99106084940577],[4.731242985218793,46.99102967166821],[4.731359831469988,46.99104120161847],[4.731369771957763,46.991071707458666],[4.731450031398546,46.99106028175056],[4.7314418790637705,46.99099194364597],[4.731682317158428,46.99089944119699],[4.731860340068919,46.99086305231429],[4.731892480253317,46.9909340922384],[4.7320726576298275,46.99091810436101],[4.732059318091552,46.99087436636217],[4.732176864765515,46.99086136276045],[4.732234361225071,46.990885021778354],[4.7323433489231785,46.990837411960264],[4.732336688782859,46.99081605164569],[4.732453973154367,46.99079487462465],[4.7325242259810665,46.99079688164858],[4.732511135069593,46.99076131703427],[4.73260999158149,46.99072407141606],[4.732799683412415,46.9907253112923],[4.7328111111489335,46.99075579468705],[4.7330511152800625,46.99074299529778],[4.733035652774016,46.99067987323838],[4.733289866345038,46.99064438196795],[4.733545566071656,46.99060886780317],[4.733579768894862,46.99060426537583],[4.7335712939596615,46.9905727110471],[4.733690339256367,46.99055968337054],[4.733702127973744,46.99060140023765],[4.734002376633888,46.990558065213335],[4.734034049124538,46.99066078427787],[4.7340703971974065,46.99058360943201],[4.734120009244169,46.99059410277007],[4.734130082099894,46.990628685942184],[4.73421890542688,46.99060487296581],[4.734211962702591,46.99057432228606],[4.734323669589936,46.990472510058886],[4.734339627806181,46.99045796930359],[4.734340379329632,46.990574436328636],[4.734373397120634,46.990719038103],[4.7344912293033765,46.99066822236504],[4.7346103421542445,46.99056425425616],[4.734678712413956,46.9905080491017],[4.734709305778938,46.99048408454569],[4.734943918621472,46.990349768728215],[4.7353181031879625,46.99019087535636],[4.7353475573111075,46.990178166738765],[4.73552084022456,46.990133666338366],[4.735765271070727,46.99007277682442],[4.735879579538365,46.99005164104186],[4.735993940422088,46.9900325486265],[4.736054873089905,46.990023454734065],[4.7362979708153405,46.99001366388389],[4.736485799521654,46.990003686715625],[4.736500975684244,46.98973268696785],[4.736519646024984,46.98966292776902],[4.736606035548371,46.98947054669483],[4.7366487780773925,46.98940655795473],[4.736680560960197,46.98937338022234],[4.736709456417023,46.98934331685296],[4.736829702102102,46.98932106408734],[4.736957097906738,46.98928951783928],[4.73697269359089,46.989263734159614],[4.7369950170313215,46.98926136281826],[4.737004588036002,46.98923362556293],[4.737005483498898,46.9892152226425],[4.736955683806101,46.98915261795722],[4.736882917662155,46.98907196955052],[4.736860200723408,46.989062099176266],[4.736694356862788,46.98905948045603],[4.736361143958692,46.989052238994255],[4.735968341261174,46.989049972716266],[4.735774215717679,46.9890498314763],[4.7357205258791355,46.989051656827435],[4.735665369404534,46.98905453085508],[4.735637041509439,46.98905598363907]]],[[[4.7498472444909074,46.98842751392382],[4.749682407450869,46.988455553804705],[4.749529117523153,46.98847116167952],[4.74945916469804,46.988478355247565],[4.749387791594482,46.9884876145872],[4.749356577462054,46.9884921764282],[4.749179663634489,46.98851631013664],[4.749011906412244,46.98854644660631],[4.748782790051259,46.98857239768503],[4.748794128330045,46.98864579284609],[4.748780156888059,46.98867563314923],[4.748716177001897,46.988728718489185],[4.74863535071253,46.98876877580776],[4.748532056137527,46.9888071202939],[4.748477363509822,46.98882430337939],[4.748333611941718,46.988858154592506],[4.748315741863641,46.988859443018775],[4.748166625466924,46.98886579106664],[4.748013320783244,46.988881397125134],[4.747782352656014,46.988896135214894],[4.747506957348547,46.98892278477523],[4.747418043653578,46.988943547577335],[4.747391235470369,46.98894599787194],[4.747362920810944,46.98894744433403],[4.7472861032964,46.98892715629412],[4.746677163639719,46.98893637661095],[4.746398101300652,46.98894161862047],[4.746391131398763,46.98937292248872],[4.746382707804367,46.989805265934386],[4.746373472724831,46.990166098944556],[4.746330312215396,46.990216823474604],[4.7462936187717935,46.990282768669616],[4.746169877418873,46.99042769576078],[4.74602013140084,46.99059957380416],[4.7457193155217885,46.99094847346347],[4.745522130011167,46.99117727260061],[4.745263929041726,46.991459100791104],[4.745187533911588,46.99154404456849],[4.745156944594249,46.99156801189405],[4.745103138459503,46.991612755093136],[4.744789411458022,46.99174727054876],[4.74489046986051,46.99196338100061],[4.744917825394742,46.992024277530135],[4.744804901620459,46.99208831305142],[4.744845952186485,46.992157170591874],[4.744964338525736,46.99212370753097],[4.744997138621384,46.99216816750759],[4.745182483665135,46.99212755873088],[4.745377196307583,46.992099073597856],[4.745354558890473,46.99199928259524],[4.745430674124671,46.99199813120441],[4.745747054517062,46.99194531784709],[4.745790169712402,46.99193955932036],[4.7460434092024375,46.9919203998657],[4.746027072928486,46.99183072598866],[4.746144202319916,46.99180443117314],[4.74638311076248,46.99221974772481],[4.746527929772269,46.99217259968838],[4.746672860638698,46.99212851168253],[4.746841456374889,46.99207793239282],[4.747191906557656,46.99197044846643],[4.747277938403584,46.99195280049252],[4.7479751616536685,46.99180940719841],[4.748502452897774,46.991675735369185],[4.748568927923008,46.99165326758554],[4.748573612182693,46.99165932942749],[4.748706714426132,46.99161950662533],[4.748841382286128,46.99158170421306],[4.748881325393689,46.99156985976984],[4.748979036130401,46.99154385637834],[4.749098938006788,46.99151138367316],[4.74915201462181,46.99149014529572],[4.749336672769464,46.991428079760475],[4.749398066091528,46.99138729904248],[4.750127292160693,46.99112590184398],[4.750305542855325,46.99100466585217],[4.750430201335481,46.9908883401868],[4.7505755171356485,46.990764541481376],[4.750632367037935,46.9906758019704],[4.750650711110762,46.99064282418833],[4.75067809023931,46.99056577983725],[4.750829972119954,46.9899534605875],[4.750880631097609,46.98967374229154],[4.750875132562662,46.98964215291202],[4.75082837599359,46.989489595524326],[4.750778633639308,46.989337083421816],[4.75074732710336,46.989246619559],[4.75062417892991,46.988395294071154],[4.750331345199443,46.98839053319956],[4.750078849439287,46.98838619537032],[4.7500310336014815,46.98838487638022],[4.749974709636389,46.988397987370966],[4.7498472444909074,46.98842751392382]]],[[[4.744493461699646,46.98891832599728],[4.744338075598013,46.988915560141365],[4.744123028612536,46.98891473162078],[4.744037959599228,46.98891601756185],[4.7440156697370215,46.98891941640591],[4.743966485902989,46.988922204128265],[4.743832582483656,46.98893751135105],[4.743631130423628,46.98894157361477],[4.743243176631253,46.988950506845704],[4.743176109342669,46.98895458206784],[4.742884707204078,46.988947745365124],[4.742724749901076,46.98894198447971],[4.742468161679013,46.98894994842783],[4.742396786754768,46.988959203441986],[4.742190152862044,46.98898786373391],[4.7418853486258685,46.989028236187806],[4.741796024172884,46.98903673517646],[4.7416751683742975,46.98903957725965],[4.741459482203523,46.98901933731422],[4.741296209504191,46.98900340311817],[4.740896789878985,46.98898081974844],[4.740774171493452,46.988975519394344],[4.740651618966966,46.988972262190615],[4.740547048221043,46.98897076885714],[4.740408309335229,46.98897490603367],[4.7401269841182305,46.989002654009326],[4.739949867362398,46.989020652721706],[4.7397475073107165,46.98904312034945],[4.739570620430672,46.98906826546276],[4.739426764096025,46.98909904515631],[4.7392754818028315,46.98913095424596],[4.739113985100013,46.98917017655762],[4.739009874425584,46.98918298480108],[4.738911656880637,46.98919365985861],[4.738813419713273,46.98920331749409],[4.738785124562326,46.98920578819096],[4.738673443246508,46.98921563930952],[4.738713075759409,46.98933357384914],[4.73856002238544,46.98940331420354],[4.7385441191766695,46.98937289875835],[4.738394125089125,46.9893986634479],[4.738327319869135,46.989410908977995],[4.7382868261318185,46.989312403380254],[4.7380528674515885,46.98932716698214],[4.7377068000978575,46.98933851246086],[4.737691771356067,46.989335676903586],[4.737496494894335,46.98929978562444],[4.737416792951718,46.98928259640758],[4.7374063156164326,46.989281736547646],[4.737316477520386,46.98927388561155],[4.7372837953078095,46.98927949290807],[4.737288477806113,46.98928554621136],[4.737230696356607,46.98929969950178],[4.737181807640053,46.98931168360341],[4.737194592593647,46.98933805763218],[4.737089322901546,46.98936109393384],[4.737061520192198,46.98937888432556],[4.7370370076940835,46.989359837292696],[4.7370095225961695,46.98934084401298],[4.736795557186596,46.98937369349513],[4.736724125656663,46.98942790178736],[4.736664933696739,46.989491120521016],[4.736599793110996,46.98960142898239],[4.736554088199059,46.989712471513464],[4.736544793838041,46.98984135544889],[4.736583207474448,46.98992150347445],[4.736604129670404,46.98992220620195],[4.736574031356509,46.99005447416618],[4.736369982532323,46.990070828389754],[4.736412881519907,46.99015089995788],[4.736553135211748,46.99028672785278],[4.736595463613474,46.99034944514957],[4.736619264689539,46.99039302522498],[4.736613349108394,46.990441141114076],[4.736590838900242,46.990484391590684],[4.736593717312003,46.990527259938474],[4.736651567482564,46.99060813302265],[4.736780721435084,46.99072369401565],[4.736875049299235,46.99082445159927],[4.736967188468278,46.990903790724815],[4.737014616486863,46.99093883794997],[4.737048107695324,46.990958767447914],[4.7370830658751055,46.990977657218416],[4.73709675979072,46.99098562813528],[4.73719810954159,46.991025996277806],[4.737259021495346,46.991062884658476],[4.737290993369819,46.991081810325674],[4.737342117595557,46.99113928874269],[4.737354292086333,46.99114625587025],[4.737415072851728,46.991179057604924],[4.737536089573643,46.991227306392794],[4.737570949371134,46.991243126591804],[4.737712787289185,46.99119603457282],[4.737812692405607,46.99119146799612],[4.737840708958153,46.99108784186295],[4.73788980977947,46.99108199613463],[4.737931668549123,46.99108340991464],[4.737976040167968,46.991070475931764],[4.738034961553479,46.99104506614243],[4.738080175657375,46.99101168572249],[4.738117101824504,46.99099887284604],[4.738129288218719,46.99105283993827],[4.738236158892001,46.99103284052824],[4.738211912882933,46.99083600116512],[4.7382056195452,46.99077989202185],[4.738272985192011,46.99078500995408],[4.7382786409888,46.990821712624786],[4.738290359958826,46.99090736844915],[4.738362099644244,46.99090934952395],[4.738567723803836,46.99084902975548],[4.738538067997953,46.99076262658954],[4.738508510776109,46.99067928383413],[4.73856001796497,46.99070201235146],[4.73857959774307,46.990753823731154],[4.738626217370215,46.990810342838884],[4.738665423639949,46.99091500051194],[4.738608930024476,46.99092300224366],[4.738587276716195,46.99094580650332],[4.738598444725485,46.9909681162006],[4.738589979327833,46.99098357129252],[4.73861982035826,46.99102910423465],[4.738885338675376,46.990974014188026],[4.738960775280972,46.99095141692263],[4.738983460655521,46.990960269737855],[4.739033935770005,46.99095133189569],[4.739055365024091,46.99096736308304],[4.7392151832961025,46.99092203344227],[4.739354821963705,46.99089949477402],[4.739387465300725,46.990985852709606],[4.73945506144405,46.990998116931046],[4.739469860900848,46.99099381427898],[4.7395143175846535,46.99093694007669],[4.739492579259452,46.9908647186667],[4.739449556712442,46.9907805615031],[4.739377436061879,46.99067436499865],[4.739472439655914,46.990656578587235],[4.73953662175247,46.99065561096016],[4.739591220816355,46.99063538070398],[4.739587313821123,46.99060682880447],[4.739515219037209,46.990547623234185],[4.739507530167822,46.99054058870444],[4.739473308473947,46.99040521006385],[4.739603460972505,46.99036645990411],[4.739721675605161,46.99037387221906],[4.739757232917964,46.990365167987626],[4.739858984307418,46.990371801763764],[4.739888859118284,46.99041836052734],[4.7400348957888525,46.9904089987922],[4.74022714511102,46.990396904605966],[4.740252048441327,46.990521184602315],[4.740405681140099,46.99042282249126],[4.740815265360421,46.9903900769873],[4.741076022669796,46.990325858913735],[4.74143325490424,46.99024382998586],[4.741560118413384,46.990241915150435],[4.741601910755728,46.9902412843202],[4.741622800349205,46.990240968998684],[4.741641770683738,46.99027338201681],[4.741866242541631,46.990288382872606],[4.742137227745064,46.99026385779592],[4.742153743745171,46.9902666793298],[4.7422854553169635,46.99027592949874],[4.7423643234970045,46.99026757906131],[4.742551822713517,46.990247384627395],[4.742751727041296,46.990241294422276],[4.743079249266157,46.9903027632871],[4.743086513983133,46.990250547052106],[4.74340801488387,46.99026407901191],[4.743418067558323,46.990205687799744],[4.743583074525864,46.99022873429718],[4.743674612311617,46.99024267852209],[4.743713616381668,46.990248221889026],[4.743829705245357,46.99023624601851],[4.743825957897281,46.990258780673486],[4.744029903657956,46.990285335570604],[4.74399736462125,46.990433987812956],[4.744232315470324,46.990449843326715],[4.7442708592181795,46.990302126872294],[4.744388896395963,46.99030443091146],[4.744506946738472,46.99030673463097],[4.744615992473409,46.990308147745644],[4.744575714938596,46.99040173976626],[4.744681508928074,46.99044101657862],[4.744689409289345,46.990454171395875],[4.744690994899714,46.99045721833507],[4.744706881902093,46.99048660658429],[4.7447321432134775,46.99052914536849],[4.744753606796255,46.99068514931609],[4.744702605068842,46.99081670911654],[4.744675164748516,46.99089171756871],[4.744668299587563,46.990910210845605],[4.744537722631512,46.9910286728641],[4.744450637776525,46.99110661831896],[4.744443476032865,46.991115930336136],[4.74443478120628,46.9911242298856],[4.744402142214892,46.99117683884051],[4.744349655105589,46.9912624382334],[4.74417506738366,46.991544026423405],[4.744252105350967,46.99157147268601],[4.744156799495187,46.991672029179554],[4.744130860282836,46.99170103211406],[4.743958105051252,46.99190084826079],[4.74402119753003,46.99191215126789],[4.7440087885404765,46.99194402057245],[4.744004467432675,46.9919491920676],[4.743982440175363,46.99196076400918],[4.743916934845633,46.991966860267524],[4.743804572697838,46.991909292544314],[4.7436827056974495,46.991927488469976],[4.743693642320378,46.99198863339296],[4.743708573584071,46.99208138167294],[4.743720779253132,46.992135356958286],[4.74376379049468,46.99231147807234],[4.74378772692119,46.99240511688245],[4.743822873115207,46.99243013463109],[4.743827573702184,46.992483196688084],[4.743783617458257,46.99250940090971],[4.743709713220311,46.99253299579052],[4.743697880525373,46.992536245520746],[4.743677702102329,46.99255902845784],[4.743652751209801,46.99261867142386],[4.743611399124773,46.992725562498414],[4.74354703021807,46.992813385263695],[4.743439607621687,46.99295499161041],[4.743440629338367,46.99298664889371],[4.743331080400987,46.993108880168094],[4.743403419939001,46.993083264917395],[4.743453876633206,46.99307330781166],[4.743631321411711,46.99297252842992],[4.743879013749391,46.992688818817356],[4.744210255762785,46.99244880166281],[4.744311568465529,46.99234918100082],[4.744447644145998,46.99226230894803],[4.744582318832337,46.99217852882249],[4.744727748515694,46.99210378964043],[4.744736937968538,46.992110801141806],[4.744902762382384,46.9920204167757],[4.744780749725606,46.99175659626145],[4.744736895782654,46.991739887569864],[4.744884219439712,46.991677376161306],[4.745081575434398,46.99159264748055],[4.745163050716399,46.991526025413854],[4.745238124235154,46.991446207827224],[4.745382298575044,46.991286671846375],[4.745458739345113,46.99120275387289],[4.745526485218375,46.991127135478266],[4.74564746183739,46.990989410455455],[4.745781221721511,46.9908310491161],[4.745899224054709,46.990693368799434],[4.746263440629482,46.99027300403794],[4.746297148002206,46.9902071040479],[4.746340440638142,46.99016046608336],[4.746363768520284,46.98894213829457],[4.746023281214978,46.98894115865623],[4.745758839102661,46.98893699212826],[4.745631813602719,46.98893379888518],[4.745500335939218,46.98893170850502],[4.745373343619123,46.98892954111699],[4.745229934714502,46.988927621914456],[4.74487270124308,46.98891667981491],[4.744760625983828,46.98891428615712],[4.744629214096169,46.98891422906156],[4.744493461699646,46.98891832599728]]],[[[4.750254363324129,46.979423423933774],[4.750037402199908,46.97936234313381],[4.7499267293552885,46.97954079422656],[4.750183779722859,46.97964111706936],[4.750170221629543,46.979683217113845],[4.750137317249956,46.9797276549566],[4.749723945784643,46.97954897644642],[4.74964023646729,46.97963812336612],[4.749614338909476,46.97966814478414],[4.749694626041506,46.979703715162074],[4.749585909810737,46.97980448039331],[4.749728392668557,46.97987078033307],[4.749793586962064,46.979901464357205],[4.749686006095928,46.97999097338737],[4.74961334513155,46.980052359344675],[4.749598814128516,46.9800648364378],[4.749437739282465,46.98020828993047],[4.749246804509583,46.98007528997974],[4.7493164270948585,46.98001189704535],[4.7493656671621896,46.97996517644786],[4.749398362558775,46.97996059205385],[4.749439355163525,46.979981430876464],[4.749480444967145,46.97995934723607],[4.749520443545766,46.979903562938745],[4.749440057142921,46.97986493202015],[4.749359617854001,46.97982425756402],[4.749321908750991,46.979812572706166],[4.749278671307091,46.97981424601125],[4.749233175967345,46.979838440670314],[4.749166108943298,46.97988850245652],[4.749126815910113,46.97991975351827],[4.7490933484570705,46.979946827666474],[4.7490631110074775,46.97998100332339],[4.749060654318208,46.97999738584276],[4.74906118345435,46.980013732096076],[4.749084593172809,46.98004505005315],[4.74912123283438,46.98007003455154],[4.749156175037984,46.980088920929205],[4.749186327948907,46.98009765849514],[4.749207345872358,46.9801014283627],[4.749129683609192,46.98014654456925],[4.749117972797457,46.98015387262924],[4.749057913012757,46.9801895271067],[4.749016954851305,46.98021568815686],[4.7489852842833695,46.98025193880598],[4.748950395020007,46.98023509585849],[4.74890456706307,46.98020309111065],[4.748827278405557,46.98016747472803],[4.748796829406571,46.98019552966839],[4.748773012493353,46.98024391789676],[4.748934069909132,46.98033037106342],[4.748922636732036,46.980345872029844],[4.748893916650674,46.98033505938177],[4.748765126515435,46.980276727980474],[4.748696659756754,46.980375864503806],[4.7488197895434245,46.98044347656856],[4.749043156085996,46.980563728793925],[4.749109891634903,46.98064241700527],[4.749137885660884,46.98067672736404],[4.748841392100718,46.98055759295837],[4.748768773142289,46.98052803859227],[4.748707544973701,46.98061990587958],[4.748676369486409,46.980671467548206],[4.748652353873243,46.98071372590013],[4.7486127834722796,46.98078278671087],[4.748793506482989,46.98087711912118],[4.748853027752529,46.980917084452315],[4.748906445951234,46.98095306271772],[4.748923269795345,46.98096506435489],[4.748847819468803,46.981032624918],[4.748704915336797,46.98109201319042],[4.748690483184161,46.98110755958741],[4.748695596239854,46.981126898271604],[4.7487617157082855,46.981140196948424],[4.748833674428307,46.981149327503985],[4.748858207129539,46.981169389419705],[4.7488667355908385,46.98120195965993],[4.74886746279733,46.981224426749655],[4.748863837294651,46.981251048394036],[4.748853890128856,46.98126652681778],[4.74883947112492,46.98128207303315],[4.748829312389459,46.98129142181116],[4.748790843035055,46.9813022174042],[4.748759646155057,46.981306778894734],[4.748666291231138,46.9812366711368],[4.748628549282229,46.9812699427678],[4.748561790489691,46.98132919424486],[4.748667140863845,46.981401164538376],[4.748602640467479,46.98143790369033],[4.748552538226942,46.981412096441076],[4.748472734054179,46.98148381129196],[4.748561604437419,46.98155399618339],[4.748457861806482,46.98162402057071],[4.748446150874746,46.98163135756035],[4.748405105443649,46.98165445776124],[4.748366966335117,46.98167546961653],[4.748277588941062,46.98168193036123],[4.748278481340983,46.9817095101544],[4.748268566834594,46.981726005665315],[4.748235758671253,46.98177350335789],[4.748214199253069,46.98179937911149],[4.748110303261406,46.98181832543826],[4.747946034668256,46.98190970932702],[4.747889321485835,46.98200252532267],[4.7476962324856,46.98208004453152],[4.747880968567629,46.982251973291895],[4.747796854949102,46.9822828762769],[4.747722153296862,46.982188989422355],[4.747602230190635,46.98203548575924],[4.747400778147433,46.982131520689705],[4.747159646523315,46.98224655474854],[4.747220687240951,46.98233349837105],[4.747276747928959,46.982405198783404],[4.747365003556036,46.98236401203803],[4.747468492045054,46.982516738235645],[4.747589043254107,46.982689639679926],[4.74768623114646,46.982832239721056],[4.747701906100839,46.982855497986634],[4.747716028994147,46.98287674448711],[4.747728665626985,46.982898013502435],[4.747962660904635,46.98297723018642],[4.748172759702838,46.98314877419776],[4.748234496556115,46.983211193378],[4.748271468551999,46.98324639452142],[4.748358303612886,46.98348417849232],[4.748461564418589,46.9835837649483],[4.748813213864518,46.984022917555414],[4.748895896296694,46.98399407985683],[4.748943147331785,46.98402400975702],[4.749081796720747,46.984109784853786],[4.749223399093951,46.98419448837027],[4.749336048536118,46.98426124121242],[4.7494462530363615,46.98429840244336],[4.749537980493473,46.98431846287822],[4.749725855261667,46.98435649022663],[4.749766343890448,46.98440798282018],[4.74977233957882,46.9845008751967],[4.7497724389862155,46.98450394461484],[4.74978968096732,46.984529223120255],[4.7498226657992415,46.98457981186714],[4.749857083986735,46.984628334581956],[4.749950336359367,46.984741363884865],[4.750044118311594,46.984870730330755],[4.750294406174627,46.98489963287349],[4.7504227892548725,46.984898702680546],[4.750541749246467,46.98483764052156],[4.750580062542578,46.98472976586248],[4.7505604270398685,46.98467693048023],[4.750529070519223,46.98458442294669],[4.750499187266971,46.984491893049125],[4.750463875320512,46.98441579977261],[4.750320957329345,46.98424425821554],[4.750316306759565,46.98423922256994],[4.750216556280339,46.98415592972293],[4.7502381818714685,46.98413209689282],[4.750235898993786,46.984061626293034],[4.75024678324892,46.984028761649576],[4.750280051760335,46.983949583556154],[4.75028399455858,46.9839331784817],[4.750291870597129,46.98385335898011],[4.750337341085062,46.98369019815172],[4.750352333302351,46.983646032112354],[4.75045456301177,46.98343706282456],[4.75046404672384,46.983407281322854],[4.750484414689904,46.98334464414831],[4.750509287850818,46.98328296525186],[4.750534173816227,46.983221277148026],[4.750573180967162,46.98313485236274],[4.75058975856453,46.98309373315022],[4.750600871100284,46.98302203261326],[4.750618716497334,46.98297374366641],[4.750625757132632,46.98296035348582],[4.750649692842524,46.982916051673925],[4.750675141088449,46.9828717269026],[4.750762266889182,46.98274983699632],[4.750796592649116,46.982703333182684],[4.750821200019637,46.982633472089354],[4.750832282267671,46.98260673721273],[4.750850094068547,46.9825574220836],[4.750845453661937,46.98250640342429],[4.750843964318261,46.98246044314774],[4.750845659281133,46.982420567394456],[4.750850638008823,46.98238984558379],[4.750850141560251,46.982374525491146],[4.750843276510984,46.98234703635039],[4.750799316413269,46.98223428628367],[4.750790389655336,46.982189465522616],[4.750782244420204,46.982076171894924],[4.750765068674766,46.982052927796296],[4.750730684270253,46.982005422451806],[4.750683522968006,46.98202453672309],[4.750506501305471,46.98209056879588],[4.750310562475413,46.982172224241],[4.750138111207302,46.982241257315835],[4.7500017719513865,46.98231893709634],[4.7498914100668985,46.98236862934425],[4.749698422029996,46.98244922131477],[4.7495929285238,46.98251110512746],[4.749486067683795,46.98257709814077],[4.749406968837648,46.982624280517186],[4.749282008139259,46.982684414955685],[4.749240850030338,46.98270445522655],[4.7491233466039215,46.98276447641167],[4.749007408481766,46.98282651802329],[4.7487996884736345,46.98295943847179],[4.748659104815088,46.98304433141772],[4.748527246544964,46.98312194145119],[4.748511789297169,46.98310583047837],[4.748610422387634,46.983062441223424],[4.74876265121749,46.982968168039946],[4.748990894689213,46.982823706464885],[4.749186130583797,46.98272061254074],[4.749410957890509,46.98260889240548],[4.749563316374299,46.9825187047118],[4.749693652196091,46.98244008988105],[4.749835158804291,46.98238379257286],[4.749983705536302,46.98231409594469],[4.750133374555882,46.982233152040095],[4.750305858754248,46.98216513611132],[4.750374963149822,46.9821324147229],[4.750483784813516,46.982080701081856],[4.750666711264091,46.98201252614575],[4.750706170299221,46.981986378278236],[4.750702754459526,46.98197314677215],[4.750691318779611,46.98194267406608],[4.750678350176533,46.98191118897129],[4.750677665666427,46.98184376499629],[4.750663277059368,46.98181434573308],[4.750637869884479,46.98176773077114],[4.750586939280637,46.98171639691429],[4.750570061492891,46.98170234304201],[4.750449230507012,46.98161323743192],[4.7503669907454675,46.98156339619316],[4.750303015590954,46.981524516839414],[4.750132873891081,46.981388131892665],[4.750123983243288,46.98139031105717],[4.749937073168991,46.98115098439229],[4.749859813461176,46.98107041199925],[4.750005360180041,46.98104674365621],[4.7500496925396325,46.98112475355795],[4.750061758679436,46.98122061585025],[4.750078900621036,46.98124283391891],[4.750132849139175,46.98129514885359],[4.750169490424528,46.98132014201042],[4.7502362391330895,46.98135284650237],[4.7502741045750225,46.981415626805365],[4.750322161569001,46.98147007532609],[4.750600179700648,46.98166408024975],[4.750759814101699,46.98179857970557],[4.750907484682004,46.98170233744267],[4.750942438549959,46.98167524022516],[4.750983032547757,46.98163783596565],[4.751036260877796,46.98157571750679],[4.751159108593355,46.9814042401584],[4.751269023165848,46.981248277625305],[4.751295810733508,46.98119984377179],[4.751304767531027,46.98119970779644],[4.751352692287326,46.98106614672339],[4.751365061770497,46.98103326838109],[4.7513776095304125,46.98100548453483],[4.751420877257776,46.98095884472776],[4.751496589205251,46.98089945559927],[4.751562023483816,46.9808453286808],[4.751688274227124,46.98073305627313],[4.751837415847159,46.98058978982057],[4.7519939766574995,46.980399400907366],[4.752064420369062,46.980315559953105],[4.7522154812382995,46.98009358130398],[4.752274830351018,46.9800364844456],[4.752328300554391,46.97998151213827],[4.752387285098522,46.97991318168149],[4.75220311393262,46.97985058013229],[4.751857489213127,46.9797352616061],[4.7513201470902455,46.979555409421195],[4.751273289159389,46.9796296880846],[4.751074259213572,46.979569363631],[4.751059599511054,46.97962373722373],[4.751051635934684,46.97965451339029],[4.750682362426496,46.979546700866166],[4.750497039286406,46.97949433554648],[4.750254363324129,46.979423423933774]]],[[[4.7544592755824455,46.980823779653804],[4.754375274674562,46.98081177380875],[4.754310308730449,46.98078823935535],[4.754063515147441,46.980728646318866],[4.753920188322983,46.980682798330484],[4.753829268523611,46.980641268637285],[4.75382491595185,46.980645414378834],[4.753649631290424,46.980580644704155],[4.753595804982725,46.98057840102081],[4.75353813643717,46.98059562293301],[4.753499138326434,46.98059008286977],[4.753456856416162,46.98057539792048],[4.7533463386712524,46.98052803288331],[4.753193658812406,46.98047006945118],[4.753043633369773,46.980401844050114],[4.7528563833007995,46.9802902454407],[4.752721816748598,46.98023813902402],[4.752515950314395,46.980151345159705],[4.752419445874885,46.98012216493909],[4.752310022899919,46.980108499515374],[4.75225778255958,46.98010929305071],[4.752175314786769,46.98023621976535],[4.752112759179004,46.98033322434167],[4.751935611187239,46.98053312087102],[4.751856243271023,46.98061811489898],[4.75177525640463,46.98069904487959],[4.751514195286172,46.98093597641463],[4.7514514946553295,46.980981884657076],[4.751425220173749,46.98100067313106],[4.751406879846609,46.98103365113729],[4.751392485007539,46.981096197865625],[4.751391065018504,46.98109826370915],[4.751361940850376,46.98116716690755],[4.751311987110778,46.98128441350763],[4.751261413857623,46.981336270377625],[4.751200596123655,46.98139441559274],[4.751135163858389,46.981494516143705],[4.751043655387065,46.98161954387745],[4.750978782346875,46.98169103386364],[4.750833998385438,46.98178417048651],[4.750773904670702,46.98181879969848],[4.75076734083484,46.981846492649865],[4.750778379573459,46.9818647146737],[4.750843787218396,46.98217843369921],[4.7508852612805645,46.98235253199391],[4.750896584191264,46.98256387599229],[4.75089167168807,46.9825966410822],[4.750844350418348,46.98270260837943],[4.750800395427231,46.98277479838427],[4.750754900993042,46.98284496744794],[4.750706440843151,46.98291620814151],[4.750683594501493,46.98294823673867],[4.7506501285804115,46.983021285137184],[4.750640601548354,46.983096023542224],[4.750563987376853,46.98326578097349],[4.750543189364711,46.98331514135289],[4.750523910844352,46.98336550531503],[4.750514426880971,46.983395277820804],[4.7504824470320965,46.98346831260898],[4.750390310381909,46.983665898734614],[4.750360160338736,46.98374911812325],[4.750358026746536,46.98386767386926],[4.750323391628133,46.98395097029493],[4.750308534027767,46.98404519669276],[4.750306596557849,46.98412390845352],[4.750339826317809,46.984181643832784],[4.750371093602679,46.9842251080057],[4.75045396617231,46.98429435584081],[4.75042403016353,46.98419978243754],[4.7504624018084245,46.98418591689203],[4.750501004993308,46.98417919830657],[4.7505574104399555,46.98416914765749],[4.75058563621026,46.98416463079201],[4.750639101973674,46.984155642348355],[4.750658856625901,46.98421256448158],[4.750745185944286,46.984204103930225],[4.750746850785103,46.984209184869385],[4.750753405064199,46.98422748394906],[4.7507583205192,46.98424069268889],[4.750771375455124,46.9842752293661],[4.750785337283697,46.98433734559263],[4.750787068636676,46.9843444788101],[4.750850342302505,46.98440789094958],[4.7509013089477286,46.984460250785865],[4.750919709816687,46.98452127298066],[4.750924678403865,46.984536525189455],[4.750966304009236,46.984576770076345],[4.7511072521209,46.98450310788669],[4.751248629906659,46.984442713325315],[4.751338736283973,46.984412734530984],[4.751354323989956,46.984386957869305],[4.751339735928561,46.98435141788278],[4.751202247558056,46.984209432549655],[4.751151214631662,46.984155029564356],[4.751097229014554,46.98410168901372],[4.751050999465223,46.98405743449162],[4.7510399269299874,46.98403818636694],[4.751174968259217,46.98396665799646],[4.751271849562529,46.98391511592771],[4.751368684556845,46.98386255683812],[4.751411243000295,46.983839432635655],[4.75152937168926,46.983752832964996],[4.7515519531985735,46.98371264009841],[4.751549045562384,46.98353080604254],[4.751540362523799,46.98349312312935],[4.751531411453113,46.983401302285756],[4.751715377053821,46.983318809004736],[4.751780010076617,46.98328615469055],[4.751859107819577,46.98323897069724],[4.7519396254475375,46.98318972080014],[4.752012486760185,46.98313446327262],[4.752066377683266,46.98309276814658],[4.752293225833902,46.98295138303384],[4.7522915697232735,46.98290031908823],[4.752278103392123,46.98285352309992],[4.752231584783321,46.982754095754046],[4.752208072525014,46.98271970904459],[4.752174817326671,46.98261496500605],[4.752155644868298,46.98257643280741],[4.752132738058984,46.98251445255252],[4.752139665568376,46.98249799305931],[4.752133098168795,46.98247970324936],[4.752162809183047,46.98247516342221],[4.752194752443482,46.98253905070596],[4.752232517474468,46.982552787094],[4.75224419021166,46.98263638944585],[4.752267934243631,46.98267792312159],[4.752301728633024,46.982753030326364],[4.752337009092153,46.982828105942154],[4.752352094276938,46.98287896590357],[4.7523337780657435,46.9829589442024],[4.752300456026384,46.982990105610774],[4.7522758128236315,46.98301295804685],[4.752202720164064,46.98306106877078],[4.7521930716644505,46.98308573772336],[4.752032818396315,46.98320873934967],[4.7520143121923795,46.98323661373533],[4.751965994977361,46.983265958483365],[4.751923105951645,46.983278866505145],[4.751753477313709,46.98338873575536],[4.751658854447156,46.98341775684521],[4.7516029136859546,46.983442110981045],[4.7515985644441345,46.98349223945394],[4.7516235334180275,46.983571560390615],[4.751613779669955,46.98368513470733],[4.751634925715552,46.983784947512646],[4.7516027248695965,46.98380485261747],[4.751554701172529,46.983797404623225],[4.7514082144030745,46.983884434837016],[4.751250820289104,46.98395732945268],[4.751255457768618,46.983962365260744],[4.751171720963501,46.984004513018235],[4.75113676570384,46.98403161028521],[4.751113541611378,46.98405239662703],[4.751195325638606,46.984133917159454],[4.751292621672442,46.98423360070703],[4.751385247277879,46.98432722222796],[4.751428061163694,46.984358245137734],[4.751648727262553,46.984302788187115],[4.751897366745283,46.98423464031829],[4.75200408631982,46.98421054156015],[4.75206441367248,46.98418305870344],[4.7521597617805265,46.98413051252573],[4.752268671863323,46.984081857849056],[4.752345480290454,46.98405616879446],[4.75246978246153,46.98402158110425],[4.752594051479231,46.98398597614182],[4.752712335680167,46.9839504619684],[4.752833254180676,46.983903668585995],[4.753170896070381,46.98372585454312],[4.753342022326619,46.98361596043194],[4.753445762160294,46.98354592269614],[4.753577196639043,46.98345503005366],[4.753750644277035,46.983324675176256],[4.753827080652375,46.98324176878527],[4.753906270492688,46.98315166998064],[4.754033485003406,46.98297705225255],[4.7540670123661215,46.98290603714746],[4.754231277587737,46.982538755991754],[4.754305225262801,46.98237925787499],[4.754349241302617,46.98230910080194],[4.754386383631843,46.98225744681756],[4.754498506724278,46.98212393469736],[4.754625079826572,46.98197589266749],[4.754751897499761,46.98183499726145],[4.754855128011742,46.98170365529588],[4.754926757010361,46.981610608774105],[4.75503334367063,46.98144447169743],[4.7551433734406245,46.98124661818078],[4.755180016615438,46.98117964384362],[4.755219645290493,46.981112624066895],[4.755262279344895,46.98104657618573],[4.755299221088776,46.98098880105568],[4.755417548819433,46.98081636104495],[4.755417249948168,46.98080716179563],[4.755293454455821,46.98076511586326],[4.755162798585956,46.9807415547571],[4.75507312502936,46.9807388305188],[4.754997158594435,46.98074407482917],[4.754894719892019,46.980761978521514],[4.754747948556882,46.980839831810705],[4.754673932355237,46.980859347244674],[4.754557069828471,46.980846814724416],[4.7544592755824455,46.980823779653804]]],[[[4.751885513412316,46.98667792715738],[4.751876926756076,46.98645939142681],[4.75083856624878,46.986440410210356],[4.750850776363329,46.986771290410374],[4.750858234554913,46.98677117722642],[4.750860849159238,46.986851855133054],[4.750868320515721,46.986851741748836],[4.750859584342725,46.98690500762496],[4.751899225253943,46.986962792682576],[4.751885513412316,46.98667792715738]]],[[[4.752168896916632,46.98703636215499],[4.752077912029248,46.9870397791926],[4.751921376144396,46.98704727149716],[4.7517653990595505,46.98702613516292],[4.7517205904224875,46.98702579787333],[4.751449701604684,46.98700640578846],[4.751450165291231,46.98702070871873],[4.751427744196981,46.98702002244506],[4.751440304787328,46.98722317021048],[4.751442844481773,46.987347787779115],[4.751342782178116,46.987347262472994],[4.75110388678416,46.98734782670507],[4.750872793616238,46.98735848443622],[4.750867394504553,46.987329955446235],[4.750724241352115,46.98733621637402],[4.750585573652234,46.98734240906467],[4.750613422023812,46.98751058112274],[4.750641303820163,46.98767977930358],[4.750672138506111,46.987847906021415],[4.750688381819105,46.98793450994066],[4.75070767737485,46.988023111821114],[4.750719194011223,46.988055636543855],[4.750725089582607,46.98809948559956],[4.750745673026055,46.98818193508753],[4.750738184380408,46.98822700487569],[4.75072624042863,46.98822718611695],[4.750727796046295,46.98827518958621],[4.750763971702897,46.98837784526712],[4.750887347989184,46.98836064542377],[4.750935342392566,46.98836706754677],[4.751027683262735,46.988359533300894],[4.751138158873664,46.988358883220606],[4.751239179592141,46.98834303994208],[4.751317792062342,46.98832651908183],[4.751397857929007,46.98830895846713],[4.751442290287626,46.98829806257013],[4.75154305926514,46.98827405472704],[4.751611081506773,46.98825360587571],[4.751689660753326,46.98823606762484],[4.75176829275732,46.988220563793625],[4.751836579874418,46.98820828790823],[4.751974753124116,46.98818678265762],[4.752138333241524,46.98816590003259],[4.752254316500323,46.98815085526783],[4.752295941560256,46.98814511687847],[4.75253165140648,46.98809249196246],[4.752828387685323,46.98803382422017],[4.753003778596795,46.98800868136104],[4.753109316948505,46.987993794427574],[4.753356132509614,46.987961432863614],[4.753424651193186,46.98795631199721],[4.753549757210891,46.98794623347349],[4.753673728267985,46.98794741111297],[4.753817247375476,46.98795238003258],[4.753875653063271,46.98795762503117],[4.753916517139416,46.98783643620158],[4.754123336691012,46.98717014288296],[4.7538665010248,46.987123985119936],[4.75372233399697,46.98709858331648],[4.753582706024269,46.98707516563231],[4.753193880352132,46.987010569650444],[4.753141368132293,46.9870031904851],[4.75307560492883,46.98700112785384],[4.752862018518854,46.986999266894905],[4.7525353707957185,46.98701035307373],[4.752368344479699,46.98701697869544],[4.752368576298587,46.987024125658124],[4.752168896916632,46.98703636215499]]],[[[4.75010734947547,46.98714530831123],[4.750105849934192,46.98714533105807],[4.7500537479971845,46.987150200945834],[4.75000316596906,46.98715608340416],[4.750005955710206,46.98719589104815],[4.749574626662253,46.98720243277414],[4.749575288073533,46.98722285653993],[4.749575585694197,46.98723204678444],[4.749491480379887,46.98730893351983],[4.749347072151861,46.98732236224629],[4.749201210682899,46.98733683946666],[4.749119348451541,46.98734523105132],[4.749128428384032,46.987441138520595],[4.7491033867879064,46.987497722347776],[4.749079895815744,46.98751033515028],[4.748889359575138,46.98762051671385],[4.7488148148809755,46.987808630697245],[4.748778554840188,46.98784187977726],[4.748775800219106,46.987849072005005],[4.748763163329905,46.98787378589287],[4.748753545616298,46.98789948065907],[4.748746867496802,46.98792410422574],[4.748754945818982,46.988127320013525],[4.748762085366424,46.98830193911792],[4.748776367162359,46.988512211327425],[4.748823291656269,46.988531933853466],[4.748983921251812,46.98851212710203],[4.749483414574654,46.98844324379706],[4.749651634436033,46.98842740957203],[4.749798568570874,46.98839964125368],[4.7500475799816,46.9883427311757],[4.7502691263536185,46.98835980426363],[4.75037971428574,46.98836221512262],[4.750582683057239,46.98835913566044],[4.750662120335651,46.98832216894079],[4.7506460213919945,46.98800974642627],[4.750611913194913,46.987786491822106],[4.7505329782756975,46.987377950862324],[4.750485537223143,46.9871119775968],[4.7503379784894015,46.98712034917809],[4.75026654113389,46.987127565788946],[4.750229356005605,46.9871322184644],[4.750126685243839,46.987142970720896],[4.75010734947547,46.98714530831123]]],[[[4.757415184892908,46.98990443315472],[4.757387774898148,46.98979654868789],[4.757332154333138,46.98964719059563],[4.757267928168751,46.989509202597134],[4.757256686289139,46.98948485142605],[4.757238907530534,46.98944322790967],[4.757224081762004,46.9894005417769],[4.757202046043186,46.989274167852095],[4.757165982302386,46.98912962702684],[4.757129096607825,46.98900553253221],[4.757113282603685,46.98897818004931],[4.75700465116538,46.98880613334945],[4.75698049891942,46.98866038441722],[4.75664955023038,46.9884937579838],[4.7564728088606705,46.988385075916376],[4.756360042508663,46.988315269721994],[4.756271857854072,46.98840448028755],[4.756205417587024,46.988473952613205],[4.7559870856957405,46.988372035737],[4.75604757405065,46.9883036717664],[4.756038483548005,46.98829973056628],[4.755956469611983,46.988394979812504],[4.75585441642791,46.98851710063739],[4.755715686097893,46.98847528227407],[4.7556809552873345,46.98846354508619],[4.755638633568667,46.98844784383753],[4.755599264523739,46.98843107100024],[4.755497852653805,46.98838867551354],[4.755488795228384,46.98838575140588],[4.755354239025116,46.988334665329],[4.755173406849628,46.98828428309479],[4.755093547840743,46.988261993199124],[4.754837993459138,46.98820968518431],[4.75464984939651,46.988163492913614],[4.75424627808385,46.9880592836272],[4.75403703450964,46.98800728734267],[4.753858367259683,46.98797730397977],[4.753726771811473,46.98797112722328],[4.75355632575442,46.98796452317106],[4.753328634140042,46.987988417414684],[4.753016451515875,46.98803096689902],[4.752854391559175,46.98805284532358],[4.752668867394186,46.98808733665154],[4.75252936125379,46.98811398720019],[4.752313020342329,46.988165291291864],[4.751947286934645,46.98821478401429],[4.7517408929890035,46.98825061737687],[4.751617682701775,46.98827292181989],[4.751475666139157,46.98831391014907],[4.751296330714694,46.98835545576931],[4.751137486746107,46.988384433417146],[4.751013680161091,46.98838835674021],[4.750730380554645,46.98840083306743],[4.750738119179544,46.98854784976489],[4.750739945381394,46.988695982815045],[4.750754384504143,46.98886538490101],[4.750786544001625,46.98907435901887],[4.7508029966286704,46.98912110977665],[4.7508308868572655,46.98919834215607],[4.7508617170921115,46.98927451227612],[4.75092054708361,46.98938499221745],[4.750954452962776,46.98941717713646],[4.751020275333691,46.98946726718077],[4.751178089656549,46.98949858911532],[4.751262235832759,46.98951468380343],[4.751359846015677,46.98953160069899],[4.751486544292305,46.98938662287144],[4.751496998409031,46.98934048138389],[4.751703959687084,46.989322011799345],[4.751836726503239,46.98931795172057],[4.751857089845231,46.98934728008864],[4.7518827996611215,46.989403084902065],[4.751878185450557,46.98944504919603],[4.752168886764173,46.98947639624419],[4.752340132460452,46.98950751262495],[4.7523761841164776,46.9895141245545],[4.752550005242693,46.989532935828905],[4.752626958463957,46.98955731590877],[4.752830367151336,46.989613492000395],[4.75289359141225,46.989628876711485],[4.752964294435188,46.98964517440495],[4.7530978903435,46.98966664028834],[4.753182468220421,46.989696010349704],[4.7532564689011885,46.98972145251806],[4.753322898573398,46.989743947773526],[4.75338630892529,46.989765462232604],[4.753350361815897,46.98980790275566],[4.753599378817444,46.98988892441576],[4.7535218640237815,46.98998513004339],[4.753638386591596,46.99003240379938],[4.7535985174182445,46.99009227588991],[4.753696187770908,46.99015720799881],[4.753839677550083,46.99025311639093],[4.7540531741490595,46.99043583740292],[4.7541130748874885,46.99048704239568],[4.754168357296817,46.99053422901158],[4.754231177726042,46.99058333626911],[4.754411451912797,46.99070832226147],[4.7547424665898115,46.99092297217632],[4.754967077310691,46.99112595631949],[4.755075600810153,46.99124896169973],[4.7551538783526235,46.991360170400256],[4.755313294676909,46.99162443836009],[4.755384141230472,46.99178276039508],[4.755453243096169,46.991978914608325],[4.755590295688297,46.99192266946017],[4.755713280376114,46.99189321385662],[4.755785890921089,46.991875754713675],[4.7563001308453465,46.99175451126367],[4.756366822230258,46.9917391951343],[4.756506169889594,46.9917074363033],[4.7573642916418235,46.99150738535953],[4.757909739602588,46.991381570719845],[4.757936402378952,46.99137503164561],[4.757855460431043,46.991182121063524],[4.757833830466162,46.99111398965497],[4.757734739699604,46.99077626546019],[4.757689449260869,46.99062368826273],[4.75759603337684,46.99041462225458],[4.75752376214064,46.990258367421404],[4.757518977433102,46.990249245535445],[4.757506049395652,46.99021878722663],[4.7574946280693515,46.990189332609695],[4.757486172616217,46.990158806170264],[4.757415184892908,46.98990443315472]]],[[[4.7508709455330855,46.99015822132327],[4.75088584303991,46.99015697761649],[4.751068898801564,46.99013784535013],[4.751066777033794,46.99002650486416],[4.751113852800789,46.98991237342772],[4.751257936325862,46.98988872613134],[4.751462443666768,46.989886648499045],[4.751786411372109,46.98993077485959],[4.7519773263069345,46.989969770272765],[4.752430986619369,46.99009877581076],[4.752862657739811,46.990240379339824],[4.753130081656732,46.99038243277082],[4.753538939335176,46.99064903652041],[4.75342944571246,46.990726311894115],[4.753737409677031,46.99096686392907],[4.753816417598053,46.99091661830205],[4.753976612030736,46.99102146737636],[4.754032506672897,46.99099507767798],[4.753886328629203,46.990816439541355],[4.753652267584454,46.990598269391995],[4.753356051562457,46.99035140577195],[4.753229324057743,46.99026546348389],[4.753040573096923,46.9901549144473],[4.7527206021688055,46.99000445531167],[4.752409132287798,46.98988555703527],[4.751663380113579,46.98968230406931],[4.751431743830217,46.989630642993404],[4.7510965289479925,46.989608137790455],[4.7508709455330855,46.99015822132327]]],[[[4.755061561164059,46.98148593678131],[4.75493458591322,46.98166771169622],[4.754828867312461,46.981814410227905],[4.754707888448531,46.98195112833875],[4.754395698310143,46.982314527162075],[4.754344622523369,46.98239704832396],[4.754300161181826,46.98249888508716],[4.754361513372085,46.98250305830702],[4.7543429752924675,46.982529906933316],[4.754210553946775,46.98272810001146],[4.754184020437682,46.98278470782596],[4.754139445669232,46.982883475298834],[4.754085926804736,46.982982378743266],[4.754081674005702,46.98298960290853],[4.754071794057402,46.9830071160492],[4.75384777412777,46.98328130424156],[4.753837728379757,46.98329371366921],[4.753755274343836,46.98337569390542],[4.753530391591537,46.9835313530188],[4.753265949212213,46.983710100013866],[4.752790800321834,46.98397583653927],[4.752571623322911,46.98403128210192],[4.752402958500097,46.98407880047626],[4.7523305888484515,46.98410339550214],[4.752153827736614,46.98417761216842],[4.752166949813818,46.98421419196559],[4.752193220911698,46.984287369157066],[4.752288891585481,46.98429102226714],[4.752379858386186,46.98428759625877],[4.752611841050945,46.984258523227844],[4.752756836862369,46.984263479893755],[4.752858280194171,46.98426091197572],[4.752936546473746,46.98428015661483],[4.75306897458535,46.98431187053661],[4.753201137344788,46.984335402198916],[4.753279730231689,46.98431888018093],[4.753496220467243,46.984272677904414],[4.7535008713362314,46.98427771342182],[4.753520239235686,46.98427640139947],[4.753566399275953,46.98427262884599],[4.75361262592128,46.984270908551544],[4.75364261623115,46.98427454125116],[4.753684934101307,46.984290243252694],[4.753913897289851,46.9842601958532],[4.754017630250864,46.98423614062558],[4.754063823536312,46.9842333940117],[4.754135157196047,46.98422311462997],[4.7543093007632855,46.98420615665817],[4.754557564731239,46.98417275254663],[4.75474213170401,46.984154617750754],[4.754804574218221,46.98414651747268],[4.754878893380767,46.98413619221506],[4.754951692881489,46.98412486338088],[4.754968041601897,46.984122570396565],[4.755412800318045,46.9839788816699],[4.7554334885386425,46.98397244302259],[4.755491126742626,46.983954194043164],[4.7556083540907865,46.98393197630701],[4.7557539191519185,46.983908300533656],[4.755963379059121,46.98387547491046],[4.756024201952842,46.983863310044],[4.756105812384143,46.98384776678945],[4.756172506926329,46.983832441532364],[4.756219668157324,46.98381333402971],[4.756414124769985,46.98373271775966],[4.756544852129553,46.98366635487071],[4.756609429370633,46.98363165437964],[4.756698933796895,46.98358329091793],[4.75675030088716,46.983555941999846],[4.756942776191536,46.983414044383736],[4.75702794056648,46.983369826318565],[4.75706919611384,46.98335285268724],[4.757122281508838,46.98333262792611],[4.757176866588782,46.98331238930291],[4.757407812769484,46.98325164936168],[4.757449001351374,46.98323262331792],[4.757501734520121,46.98320117367163],[4.757506073569973,46.98319701899389],[4.757511878668502,46.98319181533495],[4.757529194990241,46.98317316194713],[4.757544978492887,46.98315350526215],[4.75724605347883,46.98277692994703],[4.75622883944296,46.98147737595345],[4.7557637275885245,46.98108595484709],[4.755464535439621,46.98083812419593],[4.755332759069373,46.98100974224754],[4.7553127559510315,46.98103763999641],[4.755287093053242,46.98107480964462],[4.755137866887472,46.98135296887089],[4.755061561164059,46.98148593678131]]],[[[4.759153419135003,46.98389942514268],[4.759132266278482,46.98389157954601],[4.759105859999567,46.983906283204966],[4.759032642558823,46.98390433768383],[4.758989089785556,46.983896824596556],[4.758984185503002,46.98388361600546],[4.758954929654469,46.98385646868753],[4.758878590279479,46.98389646505796],[4.758855482298531,46.983920322169126],[4.758849377778386,46.983916326663135],[4.758756789355788,46.983961676896214],[4.758750884378034,46.98396381120565],[4.758612456106127,46.983839211668055],[4.758507809377354,46.983743734707815],[4.758443110062241,46.98382034152747],[4.75834187648762,46.9838750179893],[4.758316670360288,46.983880508382235],[4.758248423285166,46.983893805255576],[4.7581766790336975,46.983891836739524],[4.758138071579419,46.983806592066976],[4.758042662046459,46.98371915107322],[4.757919275661657,46.9835524361285],[4.75761259802991,46.983212768039024],[4.757429576439943,46.98327788454839],[4.757348319477502,46.983304662453065],[4.757215310538151,46.98334653860234],[4.757142910978124,46.983370119515385],[4.75712248928841,46.98338474057105],[4.757067837958807,46.983402944894394],[4.757032387834148,46.98341472389171],[4.756945823476213,46.983462025207],[4.756927186539704,46.98348580482738],[4.756950336835152,46.983508957055655],[4.756888625951902,46.98353952551914],[4.7569058048038135,46.98356276869516],[4.756770639194063,46.983630217231976],[4.756755943227003,46.98363760052694],[4.756690814674668,46.983654937563465],[4.756596592582531,46.983696222349515],[4.75647995843045,46.9837828045799],[4.756223843628783,46.98389604154056],[4.756164354007289,46.9839030709983],[4.7561175247466085,46.983932394853156],[4.756001319331635,46.98394029655869],[4.755990079181351,46.98391594522111],[4.755777765895333,46.983952893882645],[4.755583121433211,46.983982422776066],[4.755534241306254,46.98399440567163],[4.755325543652646,46.984050714680514],[4.7553259750015515,46.98406399147031],[4.75529499611907,46.98407570188746],[4.7552776921824265,46.98409436373572],[4.755259910118181,46.984098713852],[4.755111803020198,46.98413571101461],[4.754752170368851,46.98418818225532],[4.754624929990167,46.98422384375205],[4.7546215791146,46.984212646645915],[4.754458277036961,46.98424169691946],[4.754237840445498,46.98425833240343],[4.754061042602463,46.984285552043765],[4.753939228977774,46.984304766980785],[4.753906564649374,46.98431037879396],[4.753869182785848,46.98430890281823],[4.753665492211603,46.98433549503297],[4.753611794801829,46.98433733791221],[4.753528630288363,46.98435085871547],[4.753441100263259,46.98436854338328],[4.753351897802877,46.98438011154349],[4.753221698171636,46.98437085120084],[4.753092785995197,46.98435543829588],[4.752943843599139,46.984320922411776],[4.752849062521805,46.98429885777177],[4.75276668860527,46.984290914539734],[4.752683312237876,46.98429831410473],[4.752550358980724,46.98429624533336],[4.752531388721598,46.984309816854235],[4.752498690959319,46.98431440212978],[4.752456803768917,46.98431196749156],[4.75239296080561,46.984323158691296],[4.752251613317551,46.98433858898896],[4.752249861936627,46.984330438455764],[4.752202036481497,46.98432912056334],[4.752114912621718,46.984313080881385],[4.752030509253222,46.98428881367968],[4.751995596604295,46.98427095433687],[4.751915305167697,46.98428136841903],[4.751885758628795,46.984291011872436],[4.751819062304973,46.9843063346494],[4.751604156029955,46.98435557162752],[4.751449051235156,46.98440697125817],[4.751429882241363,46.98441442176639],[4.751421322039522,46.984426808414796],[4.751307925251703,46.984475530374176],[4.751275525180011,46.98448930555089],[4.751270821422343,46.98448222646699],[4.7512146675441596,46.98450045077357],[4.751036635763563,46.984581835450825],[4.750910152779011,46.98464096803524],[4.750811915937621,46.9846966189001],[4.750862975043703,46.98484400496321],[4.750853414730923,46.98491771720328],[4.7508535801246135,46.98492282089631],[4.751035817127524,46.984971144117246],[4.751201473649535,46.98501461253241],[4.751291749907301,46.98503572026912],[4.751434642492917,46.985068294859055],[4.751589590881966,46.9851037481572],[4.751669311284054,46.98512195394645],[4.7517746494889845,46.98514692118429],[4.752031507247493,46.985194109771214],[4.752238642093362,46.98522774302541],[4.75254929858735,46.98527615763404],[4.752702318100128,46.98529835541929],[4.752846314262326,46.985318654822144],[4.7532967941242585,46.98539661583263],[4.753664621000597,46.98545845959264],[4.753775753626091,46.98547823074021],[4.754232719467563,46.98552646092868],[4.7543466392315255,46.9855400562997],[4.754499540674444,46.98555816494961],[4.754650995930764,46.98557833967763],[4.754679487540108,46.98558199491213],[4.754704926952393,46.98558365227797],[4.754728833834787,46.98558431530833],[4.754885073100826,46.98561361174407],[4.755158052788842,46.98565135342968],[4.7554671814929375,46.98569875685061],[4.755516693764592,46.98570618059493],[4.755627960079373,46.985730027504346],[4.755767784963061,46.98575958154716],[4.755809872345034,46.98576813580328],[4.755958787502074,46.98580163083556],[4.75625491989567,46.985862522329256],[4.756541763228686,46.985913333076496],[4.756568921574657,46.98592211435778],[4.756590054936758,46.98592894308288],[4.756833311715924,46.985971221963844],[4.756982128247334,46.986001646262714],[4.757128582116384,46.98600554865912],[4.757397582812705,46.986012690421894],[4.757654719767421,46.98602205658848],[4.758089177491956,46.98602055203879],[4.758322061828528,46.98601903822166],[4.758397802744541,46.98600664477807],[4.758440825396598,46.985997820905595],[4.758513447384558,46.985981386350964],[4.758586049080651,46.98596392541329],[4.7587030799745325,46.98593557473012],[4.758756413400899,46.98592250498687],[4.7588893741193505,46.98587858362256],[4.75904894825596,46.98582710582665],[4.759099062647036,46.98580692549691],[4.759227238204714,46.985753881907975],[4.759355346972489,46.985698794903705],[4.7594348740031895,46.98566488252134],[4.759756067228633,46.985532265306],[4.7601464277664824,46.98536895425465],[4.7602142102454765,46.98534135336238],[4.760260117593271,46.98532940484445],[4.760294035644164,46.98531663060658],[4.760386924546914,46.98528046938169],[4.760606677864863,46.98524238110467],[4.760859447992787,46.985209912331655],[4.76092057082522,46.98520693511056],[4.760354895659284,46.984663799321225],[4.760180466307646,46.98453464471934],[4.760139146721252,46.98450360218186],[4.7600273044105,46.984416413493534],[4.759810191081698,46.98426032514751],[4.75962068249745,46.98412629352618],[4.75947160620966,46.98404171650958],[4.759442782390763,46.98402784609113],[4.7593834898526115,46.98408699003799],[4.759153419135003,46.98389942514268]]],[[[4.7596779041426664,46.98560804248306],[4.759676883653657,46.98562236805718],[4.759669678392702,46.985630646098265],[4.759627035550212,46.98565071272561],[4.75960912052154,46.985650985967354],[4.759589552929291,46.985646178196475],[4.759264185980233,46.98578806236485],[4.759254041354834,46.98579741184669],[4.759193549672608,46.98581979476861],[4.758775591753388,46.985961036047655],[4.758401985356879,46.98604336917129],[4.75825776197646,46.98606191253431],[4.75776044820899,46.98605927819187],[4.7575710046978115,46.98606522629857],[4.757395959036798,46.98605460949881],[4.757363061241479,46.986053066331394],[4.757236008753748,46.98604886872329],[4.757108890124771,46.98604263670332],[4.756803607035019,46.98602173676927],[4.756847091023643,46.986303095879435],[4.756891832647465,46.986301387905264],[4.7569245064209085,46.986341767028904],[4.756960830023995,46.9864025153988],[4.757026757358657,46.986547628223],[4.757111432024287,46.98658005584246],[4.757199715687888,46.98658587074022],[4.757347271898412,46.986577490382956],[4.7575775051256946,46.98658623991351],[4.75780628544531,46.98659603776793],[4.757881039400219,46.9865989873545],[4.757891786841455,46.986562044473025],[4.758834473419631,46.98662328859003],[4.758976124219956,46.986617040461546],[4.759335008217647,46.98667900269229],[4.759457789713977,46.98668939600644],[4.759840029764626,46.9867346552043],[4.759873027737696,46.986739258071225],[4.75984081180426,46.98657524296898],[4.759842198481901,46.98657215989006],[4.759844918139359,46.98656394125908],[4.759850623683909,46.986555677081796],[4.7598578824451065,46.9865494425037],[4.759866640431869,46.986543176050255],[4.759876917916083,46.986537904058004],[4.760095731905605,46.98647122017366],[4.760155467404519,46.986517309416094],[4.760572994859559,46.98631679442504],[4.760557546260118,46.986300684881726],[4.760560498987722,46.98629962218221],[4.7605542609040565,46.98629154022746],[4.760530874977063,46.98626124179479],[4.760693347964021,46.98620665556044],[4.760705910446549,46.98622587106034],[4.7609068649120925,46.98620645875336],[4.761515216340762,46.985996894653816],[4.761394279319452,46.985859783575535],[4.760958727710748,46.98536984169775],[4.760836706150003,46.98524499432107],[4.760740166184797,46.98526077776365],[4.760655589422822,46.98527739619337],[4.760571092345937,46.9852960576319],[4.7604386686690106,46.98531033512229],[4.760323558960439,46.985351941658124],[4.760062460369792,46.98544993548396],[4.7596779041426664,46.98560804248306]]],[[[4.761536727695919,46.987206379109125],[4.761337236115888,46.987224752479705],[4.761216252180586,46.98722352849036],[4.760372479015635,46.98722006073715],[4.760362234592479,46.98722634990704],[4.760361313681684,46.98724372688376],[4.760474837532494,46.98729104853911],[4.760627777387613,46.98735614915565],[4.760779251510622,46.987422298589294],[4.76100542649353,46.98753533487371],[4.761058659217765,46.987565168626006],[4.7611746824584715,46.987643097743785],[4.761289219635279,46.98772104943434],[4.761387128251732,46.987793131026685],[4.761477611679501,46.987866334538],[4.761574367237228,46.98794864600762],[4.761694077476395,46.98804797882934],[4.761781289226431,46.98811203727913],[4.762134905515563,46.988332454099435],[4.762178349321804,46.988336905787115],[4.762181510206709,46.98820504154164],[4.762153013681348,46.98792652618929],[4.762147296090821,46.98784282476853],[4.762143444772262,46.98777034292268],[4.762059261530029,46.98752435097287],[4.762065066948545,46.98751915609317],[4.762051070484753,46.98750199791937],[4.761979653251329,46.98714341115221],[4.761931158354458,46.98716765656407],[4.761748429054106,46.98719598709027],[4.761536727695919,46.987206379109125]]],[[[4.754682880299542,46.987295494229805],[4.754553496218484,46.98726578005501],[4.754509515642339,46.98738293699399],[4.754475229311574,46.98747644174003],[4.754172096215545,46.98742996202625],[4.754231286818315,46.98727579488472],[4.754142703949284,46.98726078748454],[4.754112692077397,46.98725613758193],[4.754045199095852,46.987476847551534],[4.753969411065515,46.98771812638727],[4.753892135657892,46.98795941874959],[4.753983738596772,46.9879753980806],[4.754070902233186,46.987992462470174],[4.754269568749881,46.98804053095359],[4.754828186143035,46.988183267685194],[4.755116825438403,46.98824324955702],[4.755154508633103,46.98825391535378],[4.755266012534398,46.9882849185483],[4.755377582662239,46.98831795590619],[4.755484879995347,46.98835720002471],[4.75567266698856,46.988438122177485],[4.755844542150135,46.988488639954994],[4.755914811688903,46.98839970238629],[4.756110323804114,46.98816682137037],[4.755922728633372,46.98804603798745],[4.755765259592634,46.98793297298404],[4.7554766799948425,46.98773709653575],[4.755369476694589,46.987654939054664],[4.755282120325337,46.98758576286621],[4.755144440856915,46.98748465265341],[4.75509264464612,46.987452750087094],[4.755047072439526,46.987428920946],[4.755022932565353,46.98742111102553],[4.754682880299542,46.987295494229805]]],[[[4.761090802669979,46.98763518335351],[4.76086274140562,46.98750991930703],[4.760727549822615,46.9874394329167],[4.760563965666508,46.98736836200005],[4.760432359984416,46.987316219128786],[4.760346162349828,46.98728279049726],[4.760191712148765,46.987308651774114],[4.759927440562997,46.987355595350394],[4.759838035177898,46.98736104770315],[4.759456333170696,46.98737810843586],[4.7593265576281025,46.987382131751076],[4.758905971627923,46.98739773931095],[4.7587613125856025,46.987403006533114],[4.758697168102939,46.98740501098975],[4.75791104211639,46.98742924840812],[4.757587379061993,46.987440312391655],[4.757326360919255,46.9874493946482],[4.757204043319327,46.98745330197378],[4.757078773135181,46.98745828078098],[4.756983362040039,46.987462795734],[4.7563120476946725,46.98748221181947],[4.755636360274291,46.9875047614653],[4.755575838948383,46.987572099100625],[4.755627244608683,46.98763773357046],[4.755650727836387,46.98767109339238],[4.756066465756852,46.98796619455895],[4.756266834740012,46.9881123232995],[4.756347789626871,46.988168312873746],[4.756608517944838,46.98833396500464],[4.756852603695451,46.988446727619035],[4.757019994414082,46.988497311948684],[4.757120989010581,46.988526429131696],[4.757257935494006,46.98855908722472],[4.757426049119079,46.988586155203805],[4.757691354636662,46.98861685752007],[4.757782760366368,46.98862670401861],[4.758027666744027,46.98862706109752],[4.758224743719686,46.98862610226235],[4.758319168671255,46.98863691996651],[4.758629438265292,46.98867306773038],[4.758939654609377,46.98870716218751],[4.759008539471333,46.98871327149298],[4.759099912191457,46.988722090812104],[4.759193938563764,46.98872065717991],[4.759370093834269,46.988718997756585],[4.759487862007347,46.98871311327222],[4.7596519066858365,46.988706522889906],[4.759775547123895,46.98869748662522],[4.759893281778175,46.988690575591505],[4.760151053191925,46.98867336000758],[4.760398413443496,46.9886573293447],[4.760684432087662,46.988636619638804],[4.760817176252955,46.98863152289083],[4.7608618067735256,46.988626753175986],[4.76102101241788,46.988608995624794],[4.761178685222192,46.98859024361061],[4.761337777722245,46.98856942541987],[4.7617563395040845,46.98853748574988],[4.762196689209547,46.98853280514084],[4.762201961528131,46.98851126410723],[4.762175708586414,46.988439124429505],[4.76211985498299,46.988374578334756],[4.7620431997433865,46.988313420838374],[4.761860296269454,46.98819972575056],[4.761778402292391,46.98816112622932],[4.7615655548047355,46.98799885207101],[4.761519546381017,46.98796174874042],[4.761419405209643,46.98786722319536],[4.761347070599543,46.9878008930727],[4.7611959490363045,46.98769999511877],[4.761090802669979,46.98763518335351]],[[4.760333636478373,46.988044221505035],[4.760397718450653,46.98840700052719],[4.7603246805704496,46.98799837522835],[4.760333636478373,46.988044221505035]],[[4.759962143605268,46.98800799465462],[4.760029161867438,46.98800288374034],[4.759776012257851,46.98802411717957],[4.759962143605268,46.98800799465462]]],[[[4.75865566336588,46.98938689765433],[4.758643048322513,46.98927469934999],[4.758629046225257,46.98916557510088],[4.758625195791238,46.989139067103615],[4.75861679697184,46.98906461027177],[4.758602961413081,46.988960598688685],[4.758574621839691,46.98877812574378],[4.758068794102621,46.98874394022268],[4.757648214572359,46.9887135600489],[4.757558627517455,46.988713907156516],[4.757557340511936,46.98872005961319],[4.757512497051526,46.988718698436756],[4.757512330724415,46.988713585758255],[4.757252128807133,46.98870223049129],[4.757180092146584,46.98869106193668],[4.75704172540399,46.98866046966076],[4.757030014112841,46.988667807505195],[4.757024307621114,46.988676062536285],[4.757042791947925,46.98878511868662],[4.757052646691405,46.98881255292721],[4.75715872410967,46.988997921820285],[4.757205921772187,46.98911777969305],[4.75722957651014,46.98924820852516],[4.757254850734859,46.98938270124938],[4.757256682359567,46.98939288576282],[4.757287700933718,46.98947415763715],[4.757316721648125,46.9895401323117],[4.7573776828834085,46.989669992881886],[4.757429865681149,46.98980510234213],[4.757498212488238,46.99006972799197],[4.757525776020386,46.99018272529966],[4.75752899462576,46.99018982675862],[4.757628548116503,46.9904039055331],[4.75772215040076,46.990619101525446],[4.757807814216309,46.99091105646],[4.758029477413713,46.99088520112935],[4.758924760615513,46.99077244017029],[4.758930237230538,46.99071104619576],[4.758885551844115,46.99062283259989],[4.75886219172513,46.990501594375374],[4.758882576113367,46.9903939992783],[4.758830691891839,46.99022210679321],[4.7588090276734745,46.990152949411254],[4.758761184216964,46.98996771195119],[4.758736724167486,46.989858756153424],[4.758685665888608,46.989620434289385],[4.758671430952395,46.98950416311314],[4.75865566336588,46.98938689765433]]]]}},{"type":"Feature","id":"inao-denom-262","properties":{"id":"inao-denom-262","name":"Auxey-Duresses (white)","tier":"village","kind":"appellation","appellationId":129,"denominationId":262,"sourceName":"Auxey-Duresses","communes":["21037"],"areaHa":172.58},"geometry":{"type":"MultiPolygon","coordinates":[[[[4.751273289159389,46.9796296880846],[4.751074259213572,46.979569363631],[4.751059599511054,46.97962373722373],[4.751051635934684,46.97965451339029],[4.750682362426496,46.979546700866166],[4.750497039286406,46.97949433554648],[4.750254363324129,46.979423423933774],[4.750037402199908,46.97936234313381],[4.7499267293552885,46.97954079422656],[4.750183779722859,46.97964111706936],[4.750170221629543,46.979683217113845],[4.750137317249956,46.9797276549566],[4.749723945784643,46.97954897644642],[4.74964023646729,46.97963812336612],[4.749614338909476,46.97966814478414],[4.749694626041506,46.979703715162074],[4.749585909810737,46.97980448039331],[4.749728392668557,46.97987078033307],[4.749793586962064,46.979901464357205],[4.749686006095928,46.97999097338737],[4.74961334513155,46.980052359344675],[4.749598814128516,46.9800648364378],[4.749437739282465,46.98020828993047],[4.749246804509583,46.98007528997974],[4.7493164270948585,46.98001189704535],[4.7493656671621896,46.97996517644786],[4.749398362558775,46.97996059205385],[4.749439355163525,46.979981430876464],[4.749480444967145,46.97995934723607],[4.749520443545766,46.979903562938745],[4.749440057142921,46.97986493202015],[4.749359617854001,46.97982425756402],[4.749321908750991,46.979812572706166],[4.749278671307091,46.97981424601125],[4.749233175967345,46.979838440670314],[4.749166108943298,46.97988850245652],[4.749126815910113,46.97991975351827],[4.7490933484570705,46.979946827666474],[4.7490631110074775,46.97998100332339],[4.749060654318208,46.97999738584276],[4.74906118345435,46.980013732096076],[4.749084593172809,46.98004505005315],[4.74912123283438,46.98007003455154],[4.749156175037984,46.980088920929205],[4.749186327948907,46.98009765849514],[4.749207345872358,46.9801014283627],[4.749129683609192,46.98014654456925],[4.749117972797457,46.98015387262924],[4.749057913012757,46.9801895271067],[4.749016954851305,46.98021568815686],[4.7489852842833695,46.98025193880598],[4.748950395020007,46.98023509585849],[4.74890456706307,46.98020309111065],[4.748827278405557,46.98016747472803],[4.748796829406571,46.98019552966839],[4.748773012493353,46.98024391789676],[4.748934069909132,46.98033037106342],[4.748922636732036,46.980345872029844],[4.748893916650674,46.98033505938177],[4.748765126515435,46.980276727980474],[4.748696659756754,46.980375864503806],[4.7488197895434245,46.98044347656856],[4.749043156085996,46.980563728793925],[4.749109891634903,46.98064241700527],[4.749137885660884,46.98067672736404],[4.748841392100718,46.98055759295837],[4.748768773142289,46.98052803859227],[4.748707544973701,46.98061990587958],[4.748676369486409,46.980671467548206],[4.748652353873243,46.98071372590013],[4.7486127834722796,46.98078278671087],[4.748793506482989,46.98087711912118],[4.748853027752529,46.980917084452315],[4.748906445951234,46.98095306271772],[4.748923269795345,46.98096506435489],[4.748847819468803,46.981032624918],[4.748704915336797,46.98109201319042],[4.748690483184161,46.98110755958741],[4.748695596239854,46.981126898271604],[4.7487617157082855,46.981140196948424],[4.748833674428307,46.981149327503985],[4.748858207129539,46.981169389419705],[4.7488667355908385,46.98120195965993],[4.74886746279733,46.981224426749655],[4.748863837294651,46.981251048394036],[4.748853890128856,46.98126652681778],[4.74883947112492,46.98128207303315],[4.748829312389459,46.98129142181116],[4.748790843035055,46.9813022174042],[4.748759646155057,46.981306778894734],[4.748666291231138,46.9812366711368],[4.748628549282229,46.9812699427678],[4.748561790489691,46.98132919424486],[4.748667140863845,46.981401164538376],[4.748602640467479,46.98143790369033],[4.748552538226942,46.981412096441076],[4.748472734054179,46.98148381129196],[4.748561604437419,46.98155399618339],[4.748457861806482,46.98162402057071],[4.748446150874746,46.98163135756035],[4.748405105443649,46.98165445776124],[4.748366966335117,46.98167546961653],[4.748277588941062,46.98168193036123],[4.748278481340983,46.9817095101544],[4.748268566834594,46.981726005665315],[4.748235758671253,46.98177350335789],[4.748214199253069,46.98179937911149],[4.748110303261406,46.98181832543826],[4.747946034668256,46.98190970932702],[4.747889321485835,46.98200252532267],[4.7476962324856,46.98208004453152],[4.747880968567629,46.982251973291895],[4.747796854949102,46.9822828762769],[4.747722153296862,46.982188989422355],[4.747602230190635,46.98203548575924],[4.747400778147433,46.982131520689705],[4.747159646523315,46.98224655474854],[4.747220687240951,46.98233349837105],[4.747276747928959,46.982405198783404],[4.747365003556036,46.98236401203803],[4.747468492045054,46.982516738235645],[4.747589043254107,46.982689639679926],[4.74768623114646,46.982832239721056],[4.747701906100839,46.982855497986634],[4.747716028994147,46.98287674448711],[4.747728665626985,46.982898013502435],[4.747962660904635,46.98297723018642],[4.748172759702838,46.98314877419776],[4.748234496556115,46.983211193378],[4.748271468551999,46.98324639452142],[4.748358303612886,46.98348417849232],[4.748461564418589,46.9835837649483],[4.748813213864518,46.984022917555414],[4.748895896296694,46.98399407985683],[4.748943147331785,46.98402400975702],[4.749081796720747,46.984109784853786],[4.749223399093951,46.98419448837027],[4.749336048536118,46.98426124121242],[4.7494462530363615,46.98429840244336],[4.749537980493473,46.98431846287822],[4.749725855261667,46.98435649022663],[4.749766343890448,46.98440798282018],[4.74977233957882,46.9845008751967],[4.7497724389862155,46.98450394461484],[4.74978968096732,46.984529223120255],[4.7498226657992415,46.98457981186714],[4.749857083986735,46.984628334581956],[4.749950336359367,46.984741363884865],[4.750044118311594,46.984870730330755],[4.750294406174627,46.98489963287349],[4.7504227892548725,46.984898702680546],[4.750541749246467,46.98483764052156],[4.750580062542578,46.98472976586248],[4.7505604270398685,46.98467693048023],[4.750529070519223,46.98458442294669],[4.750499187266971,46.984491893049125],[4.750463875320512,46.98441579977261],[4.750320957329345,46.98424425821554],[4.750316306759565,46.98423922256994],[4.750216556280339,46.98415592972293],[4.7502381818714685,46.98413209689282],[4.750235898993786,46.984061626293034],[4.75024678324892,46.984028761649576],[4.750280051760335,46.983949583556154],[4.75028399455858,46.9839331784817],[4.750291870597129,46.98385335898011],[4.750337341085062,46.98369019815172],[4.750352333302351,46.983646032112354],[4.75045456301177,46.98343706282456],[4.75046404672384,46.983407281322854],[4.750484414689904,46.98334464414831],[4.750509287850818,46.98328296525186],[4.750534173816227,46.983221277148026],[4.750573180967162,46.98313485236274],[4.75058975856453,46.98309373315022],[4.750600871100284,46.98302203261326],[4.750618716497334,46.98297374366641],[4.750625757132632,46.98296035348582],[4.750649692842524,46.982916051673925],[4.750675141088449,46.9828717269026],[4.750762266889182,46.98274983699632],[4.750796592649116,46.982703333182684],[4.750821200019637,46.982633472089354],[4.750832282267671,46.98260673721273],[4.750850094068547,46.9825574220836],[4.750845453661937,46.98250640342429],[4.750843964318261,46.98246044314774],[4.750845659281133,46.982420567394456],[4.750850638008823,46.98238984558379],[4.750850141560251,46.982374525491146],[4.750843276510984,46.98234703635039],[4.750799316413269,46.98223428628367],[4.750790389655336,46.982189465522616],[4.750782244420204,46.982076171894924],[4.750765068674766,46.982052927796296],[4.750730684270253,46.982005422451806],[4.750683522968006,46.98202453672309],[4.750506501305471,46.98209056879588],[4.750310562475413,46.982172224241],[4.750138111207302,46.982241257315835],[4.7500017719513865,46.98231893709634],[4.7498914100668985,46.98236862934425],[4.749698422029996,46.98244922131477],[4.7495929285238,46.98251110512746],[4.749486067683795,46.98257709814077],[4.749406968837648,46.982624280517186],[4.749282008139259,46.982684414955685],[4.749240850030338,46.98270445522655],[4.7491233466039215,46.98276447641167],[4.749007408481766,46.98282651802329],[4.7487996884736345,46.98295943847179],[4.748659104815088,46.98304433141772],[4.748527246544964,46.98312194145119],[4.748511789297169,46.98310583047837],[4.748610422387634,46.983062441223424],[4.74876265121749,46.982968168039946],[4.748990894689213,46.982823706464885],[4.749186130583797,46.98272061254074],[4.749410957890509,46.98260889240548],[4.749563316374299,46.9825187047118],[4.749693652196091,46.98244008988105],[4.749835158804291,46.98238379257286],[4.749983705536302,46.98231409594469],[4.750133374555882,46.982233152040095],[4.750305858754248,46.98216513611132],[4.750374963149822,46.9821324147229],[4.750483784813516,46.982080701081856],[4.750666711264091,46.98201252614575],[4.750706170299221,46.981986378278236],[4.750702754459526,46.98197314677215],[4.750691318779611,46.98194267406608],[4.750678350176533,46.98191118897129],[4.750677665666427,46.98184376499629],[4.750663277059368,46.98181434573308],[4.750637869884479,46.98176773077114],[4.750586939280637,46.98171639691429],[4.750570061492891,46.98170234304201],[4.750449230507012,46.98161323743192],[4.7503669907454675,46.98156339619316],[4.750303015590954,46.981524516839414],[4.750132873891081,46.981388131892665],[4.750123983243288,46.98139031105717],[4.749937073168991,46.98115098439229],[4.749859813461176,46.98107041199925],[4.750005360180041,46.98104674365621],[4.7500496925396325,46.98112475355795],[4.750061758679436,46.98122061585025],[4.750078900621036,46.98124283391891],[4.750132849139175,46.98129514885359],[4.750169490424528,46.98132014201042],[4.7502362391330895,46.98135284650237],[4.7502741045750225,46.981415626805365],[4.750322161569001,46.98147007532609],[4.750600179700648,46.98166408024975],[4.750759814101699,46.98179857970557],[4.750907484682004,46.98170233744267],[4.750942438549959,46.98167524022516],[4.750983032547757,46.98163783596565],[4.751036260877796,46.98157571750679],[4.751159108593355,46.9814042401584],[4.751269023165848,46.981248277625305],[4.751295810733508,46.98119984377179],[4.751304767531027,46.98119970779644],[4.751352692287326,46.98106614672339],[4.751365061770497,46.98103326838109],[4.7513776095304125,46.98100548453483],[4.751420877257776,46.98095884472776],[4.751496589205251,46.98089945559927],[4.751562023483816,46.9808453286808],[4.751688274227124,46.98073305627313],[4.751837415847159,46.98058978982057],[4.7519939766574995,46.980399400907366],[4.752064420369062,46.980315559953105],[4.7522154812382995,46.98009358130398],[4.752274830351018,46.9800364844456],[4.752328300554391,46.97998151213827],[4.752387285098522,46.97991318168149],[4.75220311393262,46.97985058013229],[4.751857489213127,46.9797352616061],[4.7513201470902455,46.979555409421195],[4.751273289159389,46.9796296880846]]],[[[4.713534959857583,46.985265501850485],[4.713500214040974,46.98515873473671],[4.713451944821021,46.98509609755906],[4.713381770859069,46.98500211314169],[4.713331937909351,46.98493746388291],[4.713298199998351,46.984909354269625],[4.713229192249387,46.98485213113023],[4.71316499420561,46.984805066839556],[4.7130993935371315,46.98476107622492],[4.713022216138821,46.98468150541572],[4.712915676303053,46.98457068897405],[4.712789260237523,46.98439784007989],[4.712706497683321,46.9842836085511],[4.712679506227755,46.98423292073885],[4.712641358928607,46.98415992066421],[4.712623940137282,46.98412850670859],[4.712624433025422,46.98404981784944],[4.712689917479817,46.98390171292804],[4.712610435775975,46.98384362729382],[4.712391878161464,46.98368440233698],[4.71210312254031,46.98347718353238],[4.712045467901518,46.983448410874075],[4.711955964686609,46.98340375671759],[4.711678226892322,46.98326176272096],[4.711400535929021,46.98312078500415],[4.711281835119572,46.98305000608774],[4.71109455354315,46.98298227952585],[4.711052087165292,46.982961449146],[4.710895457631842,46.982871816407545],[4.710855847739672,46.98284685507221],[4.7107410189277195,46.98275660221393],[4.710722619539134,46.98274154760431],[4.710581481321698,46.9826220474479],[4.710302599578922,46.982396279497344],[4.710083117316803,46.98220743571435],[4.709883328050615,46.982027503317035],[4.709791295292068,46.9819501858451],[4.709747214936134,46.981925299402185],[4.709415406313113,46.981819862506214],[4.709375216344964,46.981823519917704],[4.709297744552459,46.98182875635367],[4.7093393430621235,46.98201104278901],[4.709332679830824,46.98208368125347],[4.70931733131451,46.9821176254648],[4.709176596489165,46.98243544531249],[4.709255800591516,46.982532360300745],[4.709328820597267,46.9826222164569],[4.70946913533323,46.9828101905124],[4.709715832365988,46.9831038709852],[4.709861636360731,46.983276435773355],[4.710155102175842,46.98363277619786],[4.710341683874313,46.98391406329574],[4.710441340230684,46.983996373460656],[4.71067109268871,46.984131931544006],[4.710917992160615,46.98429073037141],[4.711019634744442,46.98438833804221],[4.711118990283858,46.984508457402534],[4.711301568804296,46.984663103268886],[4.711640493364096,46.984898190374686],[4.711753453746169,46.984976213533486],[4.711869691780333,46.98506339162345],[4.711953808398266,46.985126515130595],[4.711993549676793,46.985155553668335],[4.7121052190091355,46.9852397284307],[4.712172499776747,46.985289818441366],[4.712409914165555,46.98543138321863],[4.7126683826708256,46.985624750100165],[4.71281529168244,46.9857370116923],[4.71298420952102,46.98588470737015],[4.713125471770769,46.986007264715006],[4.7133005471790685,46.98592496577148],[4.71342393593163,46.98581380591956],[4.713617992657616,46.98557693241451],[4.713725815945692,46.985445569799715],[4.713690027252084,46.985400119045366],[4.713626151913643,46.985363262509495],[4.713553156929449,46.98532142623649],[4.713534959857583,46.985265501850485]]],[[[4.713929488056819,46.98701812876939],[4.713870804988999,46.986956673108004],[4.713762629747647,46.98684179320998],[4.713649866456524,46.98672290184601],[4.7135354096999675,46.98659790274629],[4.7133482126277855,46.98639223140968],[4.713290207745177,46.986305225645935],[4.713230670978366,46.98621721596862],[4.713202806800735,46.98618594821121],[4.713048026594528,46.98601352081059],[4.7128161233339485,46.98581056569636],[4.712771584997789,46.985771377349934],[4.712617185623475,46.985658209267456],[4.7125744252368245,46.9856281891221],[4.71247064674249,46.985557189869276],[4.712459943707593,46.98554917169678],[4.712359170467502,46.985479145365915],[4.712133893414271,46.98534352413695],[4.711968955422689,46.98522744071459],[4.7118315381770275,46.98513139131652],[4.711672508718989,46.985013184556756],[4.71162050069116,46.98497410660248],[4.711328399198483,46.984755687592425],[4.711206611850114,46.98468188347532],[4.711152924000593,46.98463669745201],[4.711088456020645,46.984581458997106],[4.711066986039805,46.984563379089465],[4.7110498915849295,46.98454218140164],[4.7110419674954365,46.98452798910571],[4.710979560893948,46.98444309175666],[4.710822906324679,46.984305423663244],[4.7106216731195545,46.984174558155026],[4.710414889338035,46.984057048778986],[4.710271085981221,46.98394780906493],[4.7100782096320994,46.98365639386584],[4.70992575383041,46.983462476716355],[4.709873328381843,46.98341012099535],[4.709826066770259,46.983379139940695],[4.709694875008198,46.983291172839884],[4.70961744610439,46.98320342650871],[4.709566358879498,46.98314593566761],[4.709440771075593,46.98314064625445],[4.709238885863861,46.983130354371255],[4.709144480377798,46.983119496488804],[4.709051431672291,46.983104520904604],[4.708971825703544,46.98308935511604],[4.708839006853537,46.98304432261221],[4.708796735166136,46.98302962131021],[4.708684913526631,46.98298733950273],[4.708595736930192,46.9829528992464],[4.708545878403061,46.98293422169913],[4.7084854340581614,46.98291161238264],[4.708331793720785,46.98286893191883],[4.70806399283691,46.98280443707602],[4.7079857768415785,46.98278617914461],[4.707708824689985,46.982762695154925],[4.707454068125634,46.98282777575102],[4.707462315288259,46.982805175843005],[4.7077304684677515,46.98273887028461],[4.708016700637931,46.9827724381234],[4.708072401087534,46.98278694088129],[4.70826351762081,46.98283418191011],[4.70845734862185,46.982873205388756],[4.7087322843803125,46.98297437231458],[4.708984059715388,46.98305136858644],[4.709113279071653,46.9830770382854],[4.709294600256162,46.98309785637336],[4.709529121382445,46.98310153176641],[4.7095966686975945,46.983112796357176],[4.709397181342987,46.982848044387076],[4.709293282981851,46.98267894665763],[4.709088667264217,46.982440836526784],[4.70924952702919,46.98209819649681],[4.709236991232831,46.98174893072356],[4.709205985011311,46.98166561144693],[4.709169505067668,46.98159769170718],[4.709119066134594,46.981513624677355],[4.709084751146621,46.98146713307281],[4.708938909190795,46.98129355024782],[4.708847635689743,46.98119272530361],[4.708813805374399,46.9811615448896],[4.7087709217033575,46.98112744568583],[4.708717627129342,46.98109451830135],[4.7086707234519,46.98107477042116],[4.7086300366522655,46.98106311649178],[4.708574596279736,46.981056787210875],[4.708495348386507,46.98105284575337],[4.708341860618836,46.98106226923222],[4.708191552219535,46.981077778209695],[4.707681663705995,46.981147663674044],[4.7075120001353445,46.9811644759003],[4.707062086447476,46.98124265652587],[4.70693903523677,46.98127002607198],[4.706544657214763,46.98135760420106],[4.705467832018353,46.98148796223949],[4.705294358909723,46.981526296715785],[4.705127762493467,46.98154612195125],[4.704454400690147,46.98159286043649],[4.703853997173099,46.981586402357],[4.70357635337022,46.98163545840249],[4.703333250083614,46.98169116318424],[4.703137775035431,46.98174207578263],[4.702943863148033,46.98179500022033],[4.702812559640268,46.98184496495277],[4.702681094771225,46.981889816767634],[4.702548033830826,46.9819316301015],[4.702067529495787,46.98208177346309],[4.701965502120634,46.982112906950256],[4.701799172661165,46.98218892693504],[4.701286985124226,46.98242332182344],[4.7011172428195245,46.98253310783141],[4.701006043740785,46.98260525179591],[4.70090302992363,46.98265275290425],[4.700657158541727,46.98271564312478],[4.700774558873711,46.982745584837396],[4.700942639230506,46.98277273495426],[4.700949028664595,46.98278592390541],[4.7011546567633316,46.982772679628354],[4.701317866467822,46.98278764449612],[4.701324159342892,46.982797763965465],[4.701333585790361,46.98281295236413],[4.701645186517226,46.98284616182929],[4.7016475222610525,46.982872693697054],[4.701714874580962,46.982877832982886],[4.702086164298603,46.98291016078941],[4.702545366047063,46.982984101406515],[4.702702368695775,46.983086014313166],[4.702708468685487,46.9830900037884],[4.702837127102422,46.98324035236483],[4.702836080494371,46.98339670388328],[4.702790953197868,46.98338613106487],[4.702416107692793,46.98338348615159],[4.702239594804575,46.98323078135884],[4.701851089408066,46.98326818565871],[4.701970647136235,46.98336655440378],[4.702142230763007,46.983410005167975],[4.702127218101968,46.98345518228468],[4.701722270515695,46.98344481122325],[4.701687998449883,46.98349436087613],[4.701658082844529,46.98353975774799],[4.702022478964196,46.98363758566788],[4.702670614851701,46.98383135763989],[4.703747632117328,46.9840371823549],[4.703978544878017,46.9839734889272],[4.7043832626707545,46.984070704915084],[4.704505552833019,46.98397183651418],[4.704615661145286,46.98400698825468],[4.704597355699691,46.98404200208714],[4.704734080512859,46.98411660994116],[4.704921822548369,46.98419864973562],[4.704794525892826,46.98442327381403],[4.705007531961891,46.984501869259404],[4.705446295361277,46.984684419202324],[4.705518831414596,46.98471194848785],[4.705712309589005,46.984786751833525],[4.705763700454013,46.98480642557454],[4.705828714586532,46.98483203063182],[4.705937519567901,46.98487333318172],[4.705981374899601,46.984891073997396],[4.706013106770689,46.98490287030787],[4.7060705340626985,46.98492449890784],[4.706227745059024,46.98498552792049],[4.706253443270942,46.98494836023616],[4.706448685524202,46.98493729548952],[4.7065985356179985,46.98500149476353],[4.706742317688688,46.985062721733],[4.706782961806586,46.985073359357386],[4.706843085097987,46.9850857530388],[4.707080179298297,46.98512312120938],[4.707145697504551,46.98516506313218],[4.707162805725375,46.98513926126073],[4.707258862253404,46.98515521151793],[4.707221864692458,46.98525998011851],[4.7072921742359,46.98526405480996],[4.707488095327376,46.98527443847519],[4.707506560617884,46.98524452795169],[4.7075469601463995,46.985247000905765],[4.7076713614126025,46.985309531212344],[4.707929196591903,46.98534147550644],[4.707971259268744,46.985255020991396],[4.708142808120202,46.98529743684944],[4.7081503307982535,46.985299369727294],[4.708115078506482,46.98545928974272],[4.708379149210315,46.98559434422681],[4.708464499941392,46.98550724851944],[4.708527887450869,46.98552878765366],[4.708491765550008,46.98556712784598],[4.708537057466798,46.98558281118063],[4.7085159617121795,46.985623990737324],[4.708617649149201,46.9856286175753],[4.708675499416808,46.98556952196501],[4.708895359928629,46.985628592888744],[4.7090116725973346,46.98567080801337],[4.709114103579049,46.98560491900656],[4.709071649343823,46.98553708778738],[4.709129401916408,46.985474922495946],[4.709343969393398,46.9856025311236],[4.7094715340791975,46.985670118798616],[4.709593838370608,46.985713271196154],[4.709658823446018,46.985784856868335],[4.709754009360358,46.98582022492172],[4.7098915667283014,46.98587336325018],[4.7101599021444125,46.98595419118602],[4.710272798956556,46.98607718139522],[4.710320676175306,46.986080551159155],[4.7103693427902815,46.986108440304086],[4.710506353006775,46.98619122327382],[4.711021365487475,46.98656471017675],[4.7111646936232665,46.98670562854047],[4.711234801221318,46.98679757095654],[4.71129708178341,46.98687839050811],[4.711317357476336,46.98690568275034],[4.71136718983088,46.98697033283872],[4.711800028407453,46.98743597323771],[4.711845228003659,46.987495594722496],[4.711877984881858,46.987540064369284],[4.711883251224293,46.987800543629504],[4.711984578405978,46.98788793385321],[4.712101178796632,46.9879863362637],[4.712111914495699,46.98799537161132],[4.7121917577951775,46.98806469114712],[4.713142735533849,46.988199751382794],[4.713400023896996,46.98821432009671],[4.714223949136494,46.98815712563841],[4.7142395322549415,46.9879423189],[4.714302744006752,46.98767571597408],[4.714287887925,46.98748997210527],[4.714153516493353,46.98730192446328],[4.71402061895885,46.987113845765215],[4.713929488056819,46.98701812876939]]],[[[4.718598759581353,46.986646217706905],[4.718498463654564,46.98659151697209],[4.718413357215868,46.98654475795804],[4.718329750747328,46.986497985547956],[4.717986516873902,46.98631610561364],[4.717913601673815,46.98627734175123],[4.71750502489207,46.986059654658334],[4.717262090113897,46.98593248315586],[4.717007004985934,46.985799359195404],[4.716786836453068,46.98568411346797],[4.716610573716363,46.98558762103983],[4.716446436662863,46.98549708073313],[4.716294308511714,46.98540840581087],[4.716077064045129,46.985291070998734],[4.7159692176456876,46.98523340953173],[4.7156368275013305,46.98501662703719],[4.715583524907949,46.984983702864824],[4.715429224309884,46.98492059890518],[4.715335406013541,46.984881126633084],[4.71508882582201,46.98478056226031],[4.714987439732073,46.984738140324964],[4.714754303890505,46.98463738440119],[4.714191612088807,46.984455693225065],[4.714034814846804,46.98440795199388],[4.713813337729098,46.98434482632224],[4.713541015004678,46.984232393555565],[4.713432095006829,46.984188028913216],[4.713180933269382,46.98408344906864],[4.712768460266245,46.98393017516133],[4.712657587400136,46.98405954697152],[4.712649345044025,46.984129147196406],[4.712706087083048,46.98422333145712],[4.712881913403631,46.98444755299267],[4.712913118462201,46.98449001015849],[4.7129321665849435,46.98452548840159],[4.712946794212972,46.98456307653698],[4.71303736869944,46.98464143084187],[4.71313556326582,46.98472477807474],[4.7132246519588366,46.98480315429969],[4.713331254265266,46.984869013803845],[4.713411774481792,46.98495977369915],[4.713495934590707,46.98497691309627],[4.713577206265197,46.98499716622937],[4.713655621777995,46.98502155025308],[4.713696377452843,46.98503524569409],[4.713830529692427,46.9850751467527],[4.713961793372455,46.985118152460466],[4.714061453410245,46.985153459528625],[4.714264948221961,46.98521379007218],[4.714349869043446,46.98534943968428],[4.714497521618593,46.98543818363318],[4.714541685310538,46.98546512033708],[4.7145918721861895,46.98549400276553],[4.7146361525112725,46.98552502622359],[4.714711036649438,46.98557908130467],[4.714758432689393,46.98561414693175],[4.714810216471418,46.98564606742194],[4.714870945077221,46.9856778639386],[4.715170313110567,46.985795006750436],[4.715366267443556,46.98590040323874],[4.715340380424672,46.98593144305023],[4.715296053915193,46.98589940291413],[4.7150992162779275,46.98581343542113],[4.714782051792414,46.98565261883081],[4.714717851159415,46.98560554641477],[4.714604788055507,46.98552446572786],[4.714496845641586,46.98546374244312],[4.714362882139405,46.98538297212255],[4.714323528144899,46.98536618518915],[4.714288266287556,46.98529007186941],[4.714249763852391,46.9852528386503],[4.71423284898606,46.985237762526914],[4.714152849450105,46.98521034053484],[4.7140652491431085,46.98517894289251],[4.713838765237389,46.98509954654053],[4.713493467176938,46.984993303832034],[4.713429045293389,46.9849860835862],[4.713564218378499,46.985199668940254],[4.713547997188551,46.985206042653914],[4.713581544915768,46.98527503123504],[4.713592766235742,46.98529938668985],[4.713710989352489,46.98535485194334],[4.713778016301021,46.98544376775805],[4.71350349194444,46.985779925200724],[4.713363483795588,46.985932208160904],[4.713177663105201,46.98605247206777],[4.713242523746182,46.986119969117766],[4.713360084611245,46.986296010897085],[4.713425204981485,46.98637168103038],[4.71354452186788,46.986508864608474],[4.713618878884548,46.98659359211655],[4.7138887451396725,46.9868634242903],[4.713987833195632,46.98697435055409],[4.714086940775722,46.987086294072135],[4.714157600337377,46.98714858931386],[4.714262879537798,46.98731358274521],[4.7143701727678735,46.987447882254614],[4.714409135091849,46.987546418386444],[4.714391580028111,46.987604918139944],[4.71436195590059,46.987706517676635],[4.714360039330015,46.98774026293374],[4.714357016529286,46.98783329014988],[4.714333141712357,46.98783364490436],[4.714324026052899,46.98787567416777],[4.7145515311986905,46.98789272709464],[4.714765795962165,46.9878691091743],[4.714865669043432,46.987910536208204],[4.71519972623137,46.98780339349994],[4.715359679722113,46.987715183544836],[4.715345860375256,46.98770313245018],[4.715624278180036,46.98763053247945],[4.716841034788073,46.98757768934366],[4.716973410583653,46.98756141860532],[4.717665659771462,46.98744893754089],[4.718022077245074,46.98734042698817],[4.71846795973737,46.98718153848773],[4.7190539278479475,46.986920428165334],[4.719048615358153,46.98684694087021],[4.719019183216201,46.98681366257389],[4.718981020709153,46.986787664765856],[4.718697588813354,46.98670196684022],[4.718598759581353,46.986646217706905]]],[[[4.750858234554913,46.98677117722642],[4.750860849159238,46.986851855133054],[4.750868320515721,46.986851741748836],[4.750859584342725,46.98690500762496],[4.751899225253943,46.986962792682576],[4.751885513412316,46.98667792715738],[4.751876926756076,46.98645939142681],[4.75083856624878,46.986440410210356],[4.750850776363329,46.986771290410374],[4.750858234554913,46.98677117722642]]],[[[4.750485537223143,46.9871119775968],[4.7503379784894015,46.98712034917809],[4.75026654113389,46.987127565788946],[4.750229356005605,46.9871322184644],[4.750126685243839,46.987142970720896],[4.75010734947547,46.98714530831123],[4.750105849934192,46.98714533105807],[4.7500537479971845,46.987150200945834],[4.75000316596906,46.98715608340416],[4.750005955710206,46.98719589104815],[4.749574626662253,46.98720243277414],[4.749575288073533,46.98722285653993],[4.749575585694197,46.98723204678444],[4.749491480379887,46.98730893351983],[4.749347072151861,46.98732236224629],[4.749201210682899,46.98733683946666],[4.749119348451541,46.98734523105132],[4.749128428384032,46.987441138520595],[4.7491033867879064,46.987497722347776],[4.749079895815744,46.98751033515028],[4.748889359575138,46.98762051671385],[4.7488148148809755,46.987808630697245],[4.748778554840188,46.98784187977726],[4.748775800219106,46.987849072005005],[4.748763163329905,46.98787378589287],[4.748753545616298,46.98789948065907],[4.748746867496802,46.98792410422574],[4.748754945818982,46.988127320013525],[4.748762085366424,46.98830193911792],[4.748776367162359,46.988512211327425],[4.748823291656269,46.988531933853466],[4.748983921251812,46.98851212710203],[4.749483414574654,46.98844324379706],[4.749651634436033,46.98842740957203],[4.749798568570874,46.98839964125368],[4.7500475799816,46.9883427311757],[4.7502691263536185,46.98835980426363],[4.75037971428574,46.98836221512262],[4.750582683057239,46.98835913566044],[4.750662120335651,46.98832216894079],[4.7506460213919945,46.98800974642627],[4.750611913194913,46.987786491822106],[4.7505329782756975,46.987377950862324],[4.750485537223143,46.9871119775968]]],[[[4.747067869570271,46.98771963612132],[4.747066185489658,46.98762157228173],[4.747061594401526,46.98752558773199],[4.747062037460597,46.98744690781936],[4.746830698829769,46.98745041068195],[4.7466083508986525,46.98745479460878],[4.746607029792633,46.987459929807216],[4.746606038686946,46.98747527239559],[4.746575111856415,46.98776592902178],[4.74644347143035,46.98775871801844],[4.746407554064921,46.98775619978926],[4.74641406893212,46.98768048990459],[4.74630735500876,46.98761262675227],[4.746207142178697,46.98751502757989],[4.746040934997256,46.98740820570172],[4.7459905832678055,46.9874212333751],[4.745985829191822,46.98704323995548],[4.745771945887713,46.98703217561867],[4.7455034512450105,46.98699434388273],[4.745419970547117,46.98699866877351],[4.745402663810096,46.986971346355766],[4.745279257743146,46.9869415404355],[4.744975739584461,46.98688277687917],[4.744837602051954,46.986859317129145],[4.744687897191645,46.98684728017014],[4.744484459059189,46.98683605550645],[4.744321686703327,46.98683544567847],[4.744224677302034,46.98683691233524],[4.744165018405226,46.98683884090156],[4.7440725472537535,46.9868422830992],[4.743954847148398,46.98685018613351],[4.743706070152712,46.98686825630311],[4.7435139988704424,46.98688545999906],[4.743360612858522,46.98689799926742],[4.743208680049432,46.98690948973249],[4.7431942775808,46.98692605255292],[4.743151199217948,46.986932836259896],[4.743146483158124,46.98692575704907],[4.743018720960452,46.986946076809694],[4.743015287027786,46.98693182775849],[4.7429499722899,46.986944053518364],[4.742886123957819,46.98695523044725],[4.742719834512004,46.98698430899058],[4.742613006604271,46.987005338719726],[4.742436391329162,46.987038661365425],[4.742228528828614,46.98707551751423],[4.742077089284001,46.98710232659546],[4.741995140775605,46.98710765250702],[4.7417597261932904,46.98712347241726],[4.74158387184879,46.98713429522369],[4.74141702176164,46.987146017498596],[4.741259082895465,46.987156569392866],[4.741117790667906,46.987174029319],[4.741015335468377,46.98719192965291],[4.740878923315039,46.98722157228702],[4.740566473093256,46.987302924274374],[4.740422898187169,46.98734186915441],[4.740305841505324,46.98737020148222],[4.7400628161197975,46.98742802682711],[4.739748692540718,46.987503259967234],[4.7395213915106496,46.987539386662455],[4.739463382399078,46.98754639409153],[4.739133045570366,46.98758202914499],[4.738958754535135,46.9875948686274],[4.7388618424183795,46.987599400199635],[4.738764864233693,46.9876018794066],[4.738720120961222,46.9876035803514],[4.738615039413651,46.98763274810373],[4.738584219396958,46.98764956672811],[4.738539304163897,46.987692137652836],[4.738264305646776,46.9879629643121],[4.738238102082104,46.98798379282564],[4.738176671479638,46.98802355050961],[4.738172350127185,46.98802872179288],[4.738491113597319,46.98805048557678],[4.738454593355581,46.98826152395812],[4.73866302179825,46.988242038020246],[4.7387013437372625,46.988412098790846],[4.73872640690259,46.988541482899585],[4.738758014517653,46.988688149195596],[4.738791075715811,46.98883376693304],[4.738885263045556,46.9891623849324],[4.739054954819343,46.98914551741644],[4.739121792579843,46.989134297605375],[4.73918858412338,46.98912205181255],[4.739253836562768,46.989107784908846],[4.739274594165553,46.98910338344956],[4.739497054589141,46.98905609134078],[4.739773546157716,46.98901717879674],[4.7398643242918235,46.98900763281707],[4.739959522511429,46.98899598483975],[4.7402199917245245,46.98896957848483],[4.740431394853956,46.988950035516105],[4.7405089396632425,46.98894682146847],[4.740555170722605,46.9889451064078],[4.740601480476421,46.988945425409625],[4.740640318853387,46.98894586611648],[4.740803261981877,46.9889515848379],[4.741270011956956,46.98897825857641],[4.7415275750671935,46.98900093769213],[4.741687841860298,46.989015890297914],[4.741753475327126,46.98901387285789],[4.741817589552392,46.98901086068169],[4.741851843385318,46.989008299278844],[4.741973737505781,46.988991131410216],[4.74202279002188,46.98898426697877],[4.742181969814971,46.98896550928112],[4.742220643338326,46.98896083675601],[4.742302463130642,46.988951433129195],[4.742385749393445,46.988940980657425],[4.742451152227883,46.98893181584222],[4.742603189602526,46.9889233868007],[4.742746381002533,46.98891816209132],[4.742788205119811,46.98891854797034],[4.742958672820631,46.988926194265005],[4.7430124410778784,46.98892639962553],[4.7430647428501675,46.988927653756576],[4.743167761212719,46.98892712398723],[4.743330506743363,46.98892670930235],[4.743615475129865,46.98891933217885],[4.74380641661989,46.98891338452343],[4.744032715547959,46.98889259216151],[4.744164061414645,46.98889060665768],[4.744380608187523,46.988891421430615],[4.744759966371744,46.98889386237479],[4.744910912526887,46.98889770344004],[4.745048415282201,46.98890175664385],[4.7454637576688965,46.98890875720378],[4.746203249917992,46.988919027874665],[4.746324138087792,46.988917198187146],[4.7464570032493825,46.98891620471296],[4.746573418937318,46.98891444246415],[4.747186777902209,46.9889031114904],[4.747186480706709,46.988847938504485],[4.747149367426975,46.98857772827311],[4.747094279860863,46.98807482354257],[4.747086273755815,46.98791963366727],[4.747075050195413,46.987803315782784],[4.747067869570271,46.98771963612132]]],[[[4.748651474908799,46.98742180182258],[4.748600606996395,46.98737251045817],[4.748579969930133,46.98738100035112],[4.748544349871018,46.987387664032134],[4.748235635496555,46.98744547561416],[4.748048987132179,46.98744524180933],[4.747768334068813,46.98744744943954],[4.747656361021397,46.987448128010065],[4.747533910539223,46.98744793852977],[4.747471198756054,46.98744786175366],[4.747410006559836,46.987448788570426],[4.747392071128956,46.98744804257768],[4.74734878146389,46.98744869821644],[4.747338337223665,46.98744885639605],[4.747295027523515,46.987448485675905],[4.747263648752328,46.98744794325825],[4.747184520833313,46.98744811493871],[4.747172577041799,46.98744829581219],[4.747088963914136,46.98744854435519],[4.7470807985761265,46.98751917309766],[4.7470818285566665,46.98768979621565],[4.747132495984801,46.98828677771543],[4.747160749928211,46.9885601840465],[4.74720910045408,46.98890072917164],[4.747394267696927,46.98890099584849],[4.7474808690986965,46.988900701858256],[4.74763986849383,46.988876833139145],[4.747736584147812,46.98886617336773],[4.7479779108010245,46.988848216519415],[4.748147552680722,46.988830318692614],[4.7483458327399655,46.98882016376437],[4.748486584733006,46.988786348986],[4.7486105698687995,46.988741558124914],[4.748704707797299,46.98869721951288],[4.748739402733068,46.98866194991795],[4.748747501235447,46.98863526055147],[4.748737529030944,46.98851177335886],[4.748701575397781,46.987908445489765],[4.748696428483604,46.987888080708444],[4.74871470694438,46.98785306892923],[4.748731167988058,46.98780785429118],[4.74879296631706,46.9877333505531],[4.748805636084997,46.98770965379867],[4.748838643316171,46.987576329348414],[4.748752222110376,46.98758171884889],[4.7487480130134845,46.98754397698626],[4.748702806168665,46.98748540510421],[4.748667330250288,46.987450172417034],[4.748651474908799,46.98742180182258]]],[[[4.736694356862788,46.98905948045603],[4.736361143958692,46.989052238994255],[4.735968341261174,46.989049972716266],[4.735774215717679,46.9890498314763],[4.7357205258791355,46.989051656827435],[4.735665369404534,46.98905453085508],[4.735637041509439,46.98905598363907],[4.735616270184999,46.98906037564071],[4.735471187728833,46.989099345897536],[4.735326236041866,46.989142393537385],[4.735290843045767,46.98915620911652],[4.735255515662741,46.989172067968354],[4.735217300794159,46.98919104114419],[4.735023566945468,46.98929613214896],[4.734709214005481,46.9894582136761],[4.734515972213049,46.9894856411478],[4.734380938909536,46.9895121933069],[4.734217295130611,46.989530998266886],[4.734209888960942,46.98953315385683],[4.734100722217845,46.989574644409096],[4.734019555904166,46.989604475058925],[4.733889256922092,46.9896391325597],[4.733825600264451,46.98965643431775],[4.733760391815923,46.98967172409445],[4.733692196958778,46.989687049702376],[4.733681916321219,46.989692319356855],[4.7336451867080935,46.98971126067193],[4.733365394131982,46.98978698683075],[4.733103078529434,46.989849175537],[4.73285954258106,46.989891656532045],[4.732681359851571,46.98992294325664],[4.732504696007434,46.98995522452695],[4.732311811538754,46.98999388186809],[4.732174700055337,46.99000207319793],[4.732009816434115,46.99002907067751],[4.731877046384938,46.99003310794378],[4.731686086760855,46.990039045056456],[4.731586163809962,46.99004258899149],[4.731448076080759,46.99006713924363],[4.7313470002976015,46.99008193924113],[4.731245872133063,46.99009469566737],[4.731144678443924,46.99010540871963],[4.731102984153644,46.9901090961901],[4.730918650788273,46.99013536627997],[4.730861455668917,46.99016789694485],[4.730797777985762,46.99018417969028],[4.730653553806265,46.99020371486626],[4.730508576957886,46.99019975657786],[4.730319063937926,46.99020362545299],[4.73013262186461,46.99021050986511],[4.730027039995339,46.99022434962941],[4.72990809284381,46.99024044295781],[4.729701545418876,46.990272141303066],[4.7295219253843115,46.99030548891307],[4.729504120082691,46.990308826712926],[4.72949589607815,46.99028544542373],[4.7295895337286336,46.990271785199035],[4.729695050092245,46.990255893547925],[4.729793173393656,46.9902421659103],[4.7299061483516525,46.99022616224326],[4.730020577149676,46.990209119034674],[4.730126126127484,46.990194253132664],[4.73031408749176,46.9901883725822],[4.730437997731308,46.99018753189807],[4.730633561812621,46.990185625336856],[4.730690140728691,46.99018068813261],[4.730789782706803,46.99016795449221],[4.730850454539949,46.99015069020624],[4.7309135892758105,46.9901170528098],[4.731111372925601,46.9900915985552],[4.731310689193495,46.99006715660337],[4.731388007091333,46.99005680168831],[4.731463772995736,46.99004442574336],[4.731541025051449,46.99003201843925],[4.7315751164303075,46.99002435637553],[4.731681024708768,46.990020722618134],[4.731786965867774,46.990018114906675],[4.731848193848026,46.99001821351744],[4.732004839526733,46.9900138178788],[4.7320850451927505,46.99000035724407],[4.732163731443846,46.989985892726665],[4.732288832967606,46.98997583745783],[4.732496713404397,46.989938999248444],[4.7327194124322505,46.98989886721424],[4.732821777635644,46.98987792283685],[4.7329213200930225,46.98986211792727],[4.73312773266965,46.9898263182449],[4.733197394563568,46.98980994430137],[4.733324793641481,46.989778402068296],[4.733452172798962,46.98974583335386],[4.733594272652035,46.98970691951161],[4.7336297972944665,46.98969718202239],[4.733684135311864,46.98966878141808],[4.733776120287443,46.98965002741823],[4.733882727477935,46.98962185889436],[4.734002614666664,46.98958838451591],[4.734191330047158,46.98951299911569],[4.734200143927716,46.98950877809828],[4.734245700236372,46.989485615386684],[4.734342452275192,46.989475983984846],[4.7344376393556455,46.98946434076244],[4.734532806602971,46.98945167112117],[4.734558083061028,46.98944822021646],[4.734641128948457,46.98943062654102],[4.734730127119649,46.98941191667318],[4.734803932732377,46.9893852670946],[4.734890414234867,46.98933491325336],[4.7349446856057416,46.989304468768516],[4.73500048918843,46.98927501884853],[4.735071012969509,46.98923921472386],[4.735200260741417,46.98917188134881],[4.735298718694995,46.98912237370645],[4.73540493051939,46.989081953071015],[4.735575650360283,46.9890507743292],[4.735651367772753,46.98903736968639],[4.735734819432577,46.98903202572329],[4.735976183496922,46.98901511111654],[4.736153662859774,46.98900836106149],[4.736258036260916,46.98900371952555],[4.736403305710986,46.98901686086541],[4.736402550889808,46.98899337661211],[4.736400721796065,46.988890199949076],[4.736402024368957,46.988884047530945],[4.736407175945674,46.988858430114384],[4.736427669813605,46.988752873213784],[4.736430294774218,46.988741594716544],[4.736439130682607,46.988691390587086],[4.736446611780798,46.988645304395284],[4.73644781568448,46.988636082550634],[4.736447717315732,46.98863302212635],[4.7364472248935146,46.98861770200236],[4.73644424804194,46.98857176419922],[4.7364426397195105,46.988521726260636],[4.736438504822748,46.988486027244114],[4.7365039081150595,46.988476865798326],[4.736501732216752,46.98845543819583],[4.736496973497229,46.98840033248905],[4.736494174106767,46.98835950719525],[4.736467394695054,46.988084023581045],[4.736190567046374,46.988065711705815],[4.73595269514747,46.988051919215636],[4.7357582449456155,46.98804156152906],[4.735671592366614,46.98803980323981],[4.7355894317238745,46.98803899494615],[4.735335419415431,46.9880336210737],[4.735119400926212,46.988049126600714],[4.735088185842972,46.98805368458267],[4.734999071946784,46.988068307968014],[4.7349114968845605,46.98808495241524],[4.734673341442495,46.988154949651296],[4.7343525546456,46.98825582597729],[4.734234334044232,46.98829438190422],[4.7340908702471145,46.98833741466174],[4.733957208023908,46.98835985722641],[4.733645355341506,46.98841358806193],[4.733346834339722,46.98846405585424],[4.73309893084357,46.98850967399329],[4.732946160031159,46.98854159711935],[4.732677746878518,46.98859978801285],[4.732578402974542,46.988621713573885],[4.732258453915104,46.98870212869007],[4.731905919541694,46.98879120911936],[4.731825814021731,46.98880773906411],[4.7317471293958935,46.98882220335653],[4.731555682535653,46.98885879365371],[4.731371628457526,46.988893228422484],[4.731227636961999,46.988919911324295],[4.731168289240916,46.98893204079618],[4.730914782744061,46.98898897721939],[4.730830354782422,46.98901068648298],[4.730702923184943,46.9890411998261],[4.730573946391713,46.98907072757726],[4.730479119293801,46.98909361018973],[4.730213751950525,46.989153784840404],[4.73007292184501,46.98918552503799],[4.729585149331456,46.989295015465586],[4.729451895034928,46.98933073886636],[4.729363169670522,46.98935760861276],[4.729234714331748,46.98940347215726],[4.729157952719587,46.989431189069755],[4.728983768620089,46.989494082781974],[4.728887799995076,46.98952822013352],[4.728849451571902,46.989543095623134],[4.728745795444848,46.98957019761355],[4.728588337510654,46.98959606131014],[4.728384908602566,46.98963179914214],[4.728181499384861,46.98966857195769],[4.727899935398809,46.98968913411214],[4.727794190746304,46.98969786811785],[4.727679500947459,46.989706735971325],[4.72754994629166,46.98971787955269],[4.727435439264024,46.98973287722334],[4.727301640162642,46.989751225493414],[4.727130880528814,46.98978136584272],[4.726978024409362,46.989811246964905],[4.726817807280987,46.98984429994612],[4.726721379500412,46.98986413247659],[4.726694680895966,46.98986963819674],[4.726490729586781,46.989936044448584],[4.726359362779849,46.989983992558],[4.7262576609446025,46.990025363886794],[4.726098780384055,46.99010028077066],[4.725990161020073,46.990159127091225],[4.7260148526804615,46.99018430652697],[4.726086150115624,46.990266001138764],[4.726185171661245,46.99037385637556],[4.726332221039896,46.99053616107272],[4.726575588847732,46.99081555563367],[4.726783364529639,46.991055623708874],[4.726842295483424,46.991124228727884],[4.726845346966865,46.99112622732285],[4.727009501057844,46.99126272637683],[4.727175097104738,46.99139819499491],[4.727207425101521,46.99142836603124],[4.727227579589834,46.991451559863066],[4.727268150233913,46.9915061296634],[4.727388702532242,46.99168006865864],[4.727426434831027,46.99169278698135],[4.727481057776744,46.99176656233768],[4.727517858894091,46.991796666318976],[4.7275830851165335,46.991781388884526],[4.728004073475992,46.99168413754992],[4.72807366108814,46.99166573262135],[4.728232232764111,46.991627587465665],[4.728337445275366,46.99160251597472],[4.728445722124243,46.99157943374169],[4.728528492368055,46.99155265399424],[4.728851903733752,46.99143949850772],[4.728869072747171,46.991462736796834],[4.7289331580424445,46.99145871463946],[4.729078236109975,46.99146573533329],[4.729223235654367,46.99147071275637],[4.729260621797875,46.99147219671329],[4.729540620742776,46.991355610362476],[4.729760897605782,46.99133289224348],[4.729962354602542,46.991281845153175],[4.73021034385567,46.99128527712114],[4.730284775846881,46.99127803715676],[4.730305913010485,46.991331870726256],[4.730363960242178,46.99132589405236],[4.730373900220051,46.99135639997557],[4.730402229462708,46.9913549484847],[4.730407056867529,46.99131911493147],[4.7304473505075615,46.99131851063199],[4.730464062288822,46.991327454691465],[4.7304939437665,46.99132803316998],[4.730587648140409,46.991316406423586],[4.730683048521372,46.99131088696111],[4.730792123343716,46.9912663392385],[4.730810937696923,46.99124765860972],[4.730859227024647,46.991263288358674],[4.730977521713978,46.991226770209515],[4.730970273109783,46.991187029257546],[4.7311380428359175,46.991109918997374],[4.731129621858414,46.99108041697775],[4.731208146381416,46.99106084940577],[4.731242985218793,46.99102967166821],[4.731359831469988,46.99104120161847],[4.731369771957763,46.991071707458666],[4.731450031398546,46.99106028175056],[4.7314418790637705,46.99099194364597],[4.731682317158428,46.99089944119699],[4.731860340068919,46.99086305231429],[4.731892480253317,46.9909340922384],[4.7320726576298275,46.99091810436101],[4.732059318091552,46.99087436636217],[4.732176864765515,46.99086136276045],[4.732234361225071,46.990885021778354],[4.7323433489231785,46.990837411960264],[4.732336688782859,46.99081605164569],[4.732453973154367,46.99079487462465],[4.7325242259810665,46.99079688164858],[4.732511135069593,46.99076131703427],[4.73260999158149,46.99072407141606],[4.732799683412415,46.9907253112923],[4.7328111111489335,46.99075579468705],[4.7330511152800625,46.99074299529778],[4.733035652774016,46.99067987323838],[4.733289866345038,46.99064438196795],[4.733545566071656,46.99060886780317],[4.733579768894862,46.99060426537583],[4.7335712939596615,46.9905727110471],[4.733690339256367,46.99055968337054],[4.733702127973744,46.99060140023765],[4.734002376633888,46.990558065213335],[4.734034049124538,46.99066078427787],[4.7340703971974065,46.99058360943201],[4.734120009244169,46.99059410277007],[4.734130082099894,46.990628685942184],[4.73421890542688,46.99060487296581],[4.734211962702591,46.99057432228606],[4.734323669589936,46.990472510058886],[4.734339627806181,46.99045796930359],[4.734340379329632,46.990574436328636],[4.734373397120634,46.990719038103],[4.7344912293033765,46.99066822236504],[4.7346103421542445,46.99056425425616],[4.734678712413956,46.9905080491017],[4.734709305778938,46.99048408454569],[4.734943918621472,46.990349768728215],[4.7353181031879625,46.99019087535636],[4.7353475573111075,46.990178166738765],[4.73552084022456,46.990133666338366],[4.735765271070727,46.99007277682442],[4.735879579538365,46.99005164104186],[4.735993940422088,46.9900325486265],[4.736054873089905,46.990023454734065],[4.7362979708153405,46.99001366388389],[4.736485799521654,46.990003686715625],[4.736500975684244,46.98973268696785],[4.736519646024984,46.98966292776902],[4.736606035548371,46.98947054669483],[4.7366487780773925,46.98940655795473],[4.736680560960197,46.98937338022234],[4.736709456417023,46.98934331685296],[4.736829702102102,46.98932106408734],[4.736957097906738,46.98928951783928],[4.73697269359089,46.989263734159614],[4.7369950170313215,46.98926136281826],[4.737004588036002,46.98923362556293],[4.737005483498898,46.9892152226425],[4.736955683806101,46.98915261795722],[4.736882917662155,46.98907196955052],[4.736860200723408,46.989062099176266],[4.736694356862788,46.98905948045603]]],[[[4.75062417892991,46.988395294071154],[4.750331345199443,46.98839053319956],[4.750078849439287,46.98838619537032],[4.7500310336014815,46.98838487638022],[4.749974709636389,46.988397987370966],[4.7498472444909074,46.98842751392382],[4.749682407450869,46.988455553804705],[4.749529117523153,46.98847116167952],[4.74945916469804,46.988478355247565],[4.749387791594482,46.9884876145872],[4.749356577462054,46.9884921764282],[4.749179663634489,46.98851631013664],[4.749011906412244,46.98854644660631],[4.748782790051259,46.98857239768503],[4.748794128330045,46.98864579284609],[4.748780156888059,46.98867563314923],[4.748716177001897,46.988728718489185],[4.74863535071253,46.98876877580776],[4.748532056137527,46.9888071202939],[4.748477363509822,46.98882430337939],[4.748333611941718,46.988858154592506],[4.748315741863641,46.988859443018775],[4.748166625466924,46.98886579106664],[4.748013320783244,46.988881397125134],[4.747782352656014,46.988896135214894],[4.747506957348547,46.98892278477523],[4.747418043653578,46.988943547577335],[4.747391235470369,46.98894599787194],[4.747362920810944,46.98894744433403],[4.7472861032964,46.98892715629412],[4.746677163639719,46.98893637661095],[4.746398101300652,46.98894161862047],[4.746391131398763,46.98937292248872],[4.746382707804367,46.989805265934386],[4.746373472724831,46.990166098944556],[4.746330312215396,46.990216823474604],[4.7462936187717935,46.990282768669616],[4.746169877418873,46.99042769576078],[4.74602013140084,46.99059957380416],[4.7457193155217885,46.99094847346347],[4.745522130011167,46.99117727260061],[4.745263929041726,46.991459100791104],[4.745187533911588,46.99154404456849],[4.745156944594249,46.99156801189405],[4.745103138459503,46.991612755093136],[4.744789411458022,46.99174727054876],[4.74489046986051,46.99196338100061],[4.744917825394742,46.992024277530135],[4.744804901620459,46.99208831305142],[4.744845952186485,46.992157170591874],[4.744964338525736,46.99212370753097],[4.744997138621384,46.99216816750759],[4.745182483665135,46.99212755873088],[4.745377196307583,46.992099073597856],[4.745354558890473,46.99199928259524],[4.745430674124671,46.99199813120441],[4.745747054517062,46.99194531784709],[4.745790169712402,46.99193955932036],[4.7460434092024375,46.9919203998657],[4.746027072928486,46.99183072598866],[4.746144202319916,46.99180443117314],[4.74638311076248,46.99221974772481],[4.746527929772269,46.99217259968838],[4.746672860638698,46.99212851168253],[4.746841456374889,46.99207793239282],[4.747191906557656,46.99197044846643],[4.747277938403584,46.99195280049252],[4.7479751616536685,46.99180940719841],[4.748502452897774,46.991675735369185],[4.748568927923008,46.99165326758554],[4.748573612182693,46.99165932942749],[4.748706714426132,46.99161950662533],[4.748841382286128,46.99158170421306],[4.748881325393689,46.99156985976984],[4.748979036130401,46.99154385637834],[4.749098938006788,46.99151138367316],[4.74915201462181,46.99149014529572],[4.749336672769464,46.991428079760475],[4.749398066091528,46.99138729904248],[4.750127292160693,46.99112590184398],[4.750305542855325,46.99100466585217],[4.750430201335481,46.9908883401868],[4.7505755171356485,46.990764541481376],[4.750632367037935,46.9906758019704],[4.750650711110762,46.99064282418833],[4.75067809023931,46.99056577983725],[4.750829972119954,46.9899534605875],[4.750880631097609,46.98967374229154],[4.750875132562662,46.98964215291202],[4.75082837599359,46.989489595524326],[4.750778633639308,46.989337083421816],[4.75074732710336,46.989246619559],[4.75062417892991,46.988395294071154]]],[[[4.745373343619123,46.98892954111699],[4.745229934714502,46.988927621914456],[4.74487270124308,46.98891667981491],[4.744760625983828,46.98891428615712],[4.744629214096169,46.98891422906156],[4.744493461699646,46.98891832599728],[4.744338075598013,46.988915560141365],[4.744123028612536,46.98891473162078],[4.744037959599228,46.98891601756185],[4.7440156697370215,46.98891941640591],[4.743966485902989,46.988922204128265],[4.743832582483656,46.98893751135105],[4.743631130423628,46.98894157361477],[4.743243176631253,46.988950506845704],[4.743176109342669,46.98895458206784],[4.742884707204078,46.988947745365124],[4.742724749901076,46.98894198447971],[4.742468161679013,46.98894994842783],[4.742396786754768,46.988959203441986],[4.742190152862044,46.98898786373391],[4.7418853486258685,46.989028236187806],[4.741796024172884,46.98903673517646],[4.7416751683742975,46.98903957725965],[4.741459482203523,46.98901933731422],[4.741296209504191,46.98900340311817],[4.740896789878985,46.98898081974844],[4.740774171493452,46.988975519394344],[4.740651618966966,46.988972262190615],[4.740547048221043,46.98897076885714],[4.740408309335229,46.98897490603367],[4.7401269841182305,46.989002654009326],[4.739949867362398,46.989020652721706],[4.7397475073107165,46.98904312034945],[4.739570620430672,46.98906826546276],[4.739426764096025,46.98909904515631],[4.7392754818028315,46.98913095424596],[4.739113985100013,46.98917017655762],[4.739009874425584,46.98918298480108],[4.738911656880637,46.98919365985861],[4.738813419713273,46.98920331749409],[4.738785124562326,46.98920578819096],[4.738673443246508,46.98921563930952],[4.738713075759409,46.98933357384914],[4.73856002238544,46.98940331420354],[4.7385441191766695,46.98937289875835],[4.738394125089125,46.9893986634479],[4.738327319869135,46.989410908977995],[4.7382868261318185,46.989312403380254],[4.7380528674515885,46.98932716698214],[4.7377068000978575,46.98933851246086],[4.737691771356067,46.989335676903586],[4.737496494894335,46.98929978562444],[4.737416792951718,46.98928259640758],[4.7374063156164326,46.989281736547646],[4.737316477520386,46.98927388561155],[4.7372837953078095,46.98927949290807],[4.737288477806113,46.98928554621136],[4.737230696356607,46.98929969950178],[4.737181807640053,46.98931168360341],[4.737194592593647,46.98933805763218],[4.737089322901546,46.98936109393384],[4.737061520192198,46.98937888432556],[4.7370370076940835,46.989359837292696],[4.7370095225961695,46.98934084401298],[4.736795557186596,46.98937369349513],[4.736724125656663,46.98942790178736],[4.736664933696739,46.989491120521016],[4.736599793110996,46.98960142898239],[4.736554088199059,46.989712471513464],[4.736544793838041,46.98984135544889],[4.736583207474448,46.98992150347445],[4.736604129670404,46.98992220620195],[4.736574031356509,46.99005447416618],[4.736369982532323,46.990070828389754],[4.736412881519907,46.99015089995788],[4.736553135211748,46.99028672785278],[4.736595463613474,46.99034944514957],[4.736619264689539,46.99039302522498],[4.736613349108394,46.990441141114076],[4.736590838900242,46.990484391590684],[4.736593717312003,46.990527259938474],[4.736651567482564,46.99060813302265],[4.736780721435084,46.99072369401565],[4.736875049299235,46.99082445159927],[4.736967188468278,46.990903790724815],[4.737014616486863,46.99093883794997],[4.737048107695324,46.990958767447914],[4.7370830658751055,46.990977657218416],[4.73709675979072,46.99098562813528],[4.73719810954159,46.991025996277806],[4.737259021495346,46.991062884658476],[4.737290993369819,46.991081810325674],[4.737342117595557,46.99113928874269],[4.737354292086333,46.99114625587025],[4.737415072851728,46.991179057604924],[4.737536089573643,46.991227306392794],[4.737570949371134,46.991243126591804],[4.737712787289185,46.99119603457282],[4.737812692405607,46.99119146799612],[4.737840708958153,46.99108784186295],[4.73788980977947,46.99108199613463],[4.737931668549123,46.99108340991464],[4.737976040167968,46.991070475931764],[4.738034961553479,46.99104506614243],[4.738080175657375,46.99101168572249],[4.738117101824504,46.99099887284604],[4.738129288218719,46.99105283993827],[4.738236158892001,46.99103284052824],[4.738211912882933,46.99083600116512],[4.7382056195452,46.99077989202185],[4.738272985192011,46.99078500995408],[4.7382786409888,46.990821712624786],[4.738290359958826,46.99090736844915],[4.738362099644244,46.99090934952395],[4.738567723803836,46.99084902975548],[4.738538067997953,46.99076262658954],[4.738508510776109,46.99067928383413],[4.73856001796497,46.99070201235146],[4.73857959774307,46.990753823731154],[4.738626217370215,46.990810342838884],[4.738665423639949,46.99091500051194],[4.738608930024476,46.99092300224366],[4.738587276716195,46.99094580650332],[4.738598444725485,46.9909681162006],[4.738589979327833,46.99098357129252],[4.73861982035826,46.99102910423465],[4.738885338675376,46.990974014188026],[4.738960775280972,46.99095141692263],[4.738983460655521,46.990960269737855],[4.739033935770005,46.99095133189569],[4.739055365024091,46.99096736308304],[4.7392151832961025,46.99092203344227],[4.739354821963705,46.99089949477402],[4.739387465300725,46.990985852709606],[4.73945506144405,46.990998116931046],[4.739469860900848,46.99099381427898],[4.7395143175846535,46.99093694007669],[4.739492579259452,46.9908647186667],[4.739449556712442,46.9907805615031],[4.739377436061879,46.99067436499865],[4.739472439655914,46.990656578587235],[4.73953662175247,46.99065561096016],[4.739591220816355,46.99063538070398],[4.739587313821123,46.99060682880447],[4.739515219037209,46.990547623234185],[4.739507530167822,46.99054058870444],[4.739473308473947,46.99040521006385],[4.739603460972505,46.99036645990411],[4.739721675605161,46.99037387221906],[4.739757232917964,46.990365167987626],[4.739858984307418,46.990371801763764],[4.739888859118284,46.99041836052734],[4.7400348957888525,46.9904089987922],[4.74022714511102,46.990396904605966],[4.740252048441327,46.990521184602315],[4.740405681140099,46.99042282249126],[4.740815265360421,46.9903900769873],[4.741076022669796,46.990325858913735],[4.74143325490424,46.99024382998586],[4.741560118413384,46.990241915150435],[4.741601910755728,46.9902412843202],[4.741622800349205,46.990240968998684],[4.741641770683738,46.99027338201681],[4.741866242541631,46.990288382872606],[4.742137227745064,46.99026385779592],[4.742153743745171,46.9902666793298],[4.7422854553169635,46.99027592949874],[4.7423643234970045,46.99026757906131],[4.742551822713517,46.990247384627395],[4.742751727041296,46.990241294422276],[4.743079249266157,46.9903027632871],[4.743086513983133,46.990250547052106],[4.74340801488387,46.99026407901191],[4.743418067558323,46.990205687799744],[4.743583074525864,46.99022873429718],[4.743674612311617,46.99024267852209],[4.743713616381668,46.990248221889026],[4.743829705245357,46.99023624601851],[4.743825957897281,46.990258780673486],[4.744029903657956,46.990285335570604],[4.74399736462125,46.990433987812956],[4.744232315470324,46.990449843326715],[4.7442708592181795,46.990302126872294],[4.744388896395963,46.99030443091146],[4.744506946738472,46.99030673463097],[4.744615992473409,46.990308147745644],[4.744575714938596,46.99040173976626],[4.744681508928074,46.99044101657862],[4.744689409289345,46.990454171395875],[4.744690994899714,46.99045721833507],[4.744706881902093,46.99048660658429],[4.7447321432134775,46.99052914536849],[4.744753606796255,46.99068514931609],[4.744702605068842,46.99081670911654],[4.744675164748516,46.99089171756871],[4.744668299587563,46.990910210845605],[4.744537722631512,46.9910286728641],[4.744450637776525,46.99110661831896],[4.744443476032865,46.991115930336136],[4.74443478120628,46.9911242298856],[4.744402142214892,46.99117683884051],[4.744349655105589,46.9912624382334],[4.74417506738366,46.991544026423405],[4.744252105350967,46.99157147268601],[4.744156799495187,46.991672029179554],[4.744130860282836,46.99170103211406],[4.743958105051252,46.99190084826079],[4.74402119753003,46.99191215126789],[4.7440087885404765,46.99194402057245],[4.744004467432675,46.9919491920676],[4.743982440175363,46.99196076400918],[4.743916934845633,46.991966860267524],[4.743804572697838,46.991909292544314],[4.7436827056974495,46.991927488469976],[4.743693642320378,46.99198863339296],[4.743708573584071,46.99208138167294],[4.743720779253132,46.992135356958286],[4.74376379049468,46.99231147807234],[4.74378772692119,46.99240511688245],[4.743822873115207,46.99243013463109],[4.743827573702184,46.992483196688084],[4.743783617458257,46.99250940090971],[4.743709713220311,46.99253299579052],[4.743697880525373,46.992536245520746],[4.743677702102329,46.99255902845784],[4.743652751209801,46.99261867142386],[4.743611399124773,46.992725562498414],[4.74354703021807,46.992813385263695],[4.743439607621687,46.99295499161041],[4.743440629338367,46.99298664889371],[4.743331080400987,46.993108880168094],[4.743403419939001,46.993083264917395],[4.743453876633206,46.99307330781166],[4.743631321411711,46.99297252842992],[4.743879013749391,46.992688818817356],[4.744210255762785,46.99244880166281],[4.744311568465529,46.99234918100082],[4.744447644145998,46.99226230894803],[4.744582318832337,46.99217852882249],[4.744727748515694,46.99210378964043],[4.744736937968538,46.992110801141806],[4.744902762382384,46.9920204167757],[4.744780749725606,46.99175659626145],[4.744736895782654,46.991739887569864],[4.744884219439712,46.991677376161306],[4.745081575434398,46.99159264748055],[4.745163050716399,46.991526025413854],[4.745238124235154,46.991446207827224],[4.745382298575044,46.991286671846375],[4.745458739345113,46.99120275387289],[4.745526485218375,46.991127135478266],[4.74564746183739,46.990989410455455],[4.745781221721511,46.9908310491161],[4.745899224054709,46.990693368799434],[4.746263440629482,46.99027300403794],[4.746297148002206,46.9902071040479],[4.746340440638142,46.99016046608336],[4.746363768520284,46.98894213829457],[4.746023281214978,46.98894115865623],[4.745758839102661,46.98893699212826],[4.745631813602719,46.98893379888518],[4.745500335939218,46.98893170850502],[4.745373343619123,46.98892954111699]]],[[[4.75507312502936,46.9807388305188],[4.754997158594435,46.98074407482917],[4.754894719892019,46.980761978521514],[4.754747948556882,46.980839831810705],[4.754673932355237,46.980859347244674],[4.754557069828471,46.980846814724416],[4.7544592755824455,46.980823779653804],[4.754375274674562,46.98081177380875],[4.754310308730449,46.98078823935535],[4.754063515147441,46.980728646318866],[4.753920188322983,46.980682798330484],[4.753829268523611,46.980641268637285],[4.75382491595185,46.980645414378834],[4.753649631290424,46.980580644704155],[4.753595804982725,46.98057840102081],[4.75353813643717,46.98059562293301],[4.753499138326434,46.98059008286977],[4.753456856416162,46.98057539792048],[4.7533463386712524,46.98052803288331],[4.753193658812406,46.98047006945118],[4.753043633369773,46.980401844050114],[4.7528563833007995,46.9802902454407],[4.752721816748598,46.98023813902402],[4.752515950314395,46.980151345159705],[4.752419445874885,46.98012216493909],[4.752310022899919,46.980108499515374],[4.75225778255958,46.98010929305071],[4.752175314786769,46.98023621976535],[4.752112759179004,46.98033322434167],[4.751935611187239,46.98053312087102],[4.751856243271023,46.98061811489898],[4.75177525640463,46.98069904487959],[4.751514195286172,46.98093597641463],[4.7514514946553295,46.980981884657076],[4.751425220173749,46.98100067313106],[4.751406879846609,46.98103365113729],[4.751392485007539,46.981096197865625],[4.751391065018504,46.98109826370915],[4.751361940850376,46.98116716690755],[4.751311987110778,46.98128441350763],[4.751261413857623,46.981336270377625],[4.751200596123655,46.98139441559274],[4.751135163858389,46.981494516143705],[4.751043655387065,46.98161954387745],[4.750978782346875,46.98169103386364],[4.750833998385438,46.98178417048651],[4.750773904670702,46.98181879969848],[4.75076734083484,46.981846492649865],[4.750778379573459,46.9818647146737],[4.750843787218396,46.98217843369921],[4.7508852612805645,46.98235253199391],[4.750896584191264,46.98256387599229],[4.75089167168807,46.9825966410822],[4.750844350418348,46.98270260837943],[4.750800395427231,46.98277479838427],[4.750754900993042,46.98284496744794],[4.750706440843151,46.98291620814151],[4.750683594501493,46.98294823673867],[4.7506501285804115,46.983021285137184],[4.750640601548354,46.983096023542224],[4.750563987376853,46.98326578097349],[4.750543189364711,46.98331514135289],[4.750523910844352,46.98336550531503],[4.750514426880971,46.983395277820804],[4.7504824470320965,46.98346831260898],[4.750390310381909,46.983665898734614],[4.750360160338736,46.98374911812325],[4.750358026746536,46.98386767386926],[4.750323391628133,46.98395097029493],[4.750308534027767,46.98404519669276],[4.750306596557849,46.98412390845352],[4.750339826317809,46.984181643832784],[4.750371093602679,46.9842251080057],[4.75045396617231,46.98429435584081],[4.75042403016353,46.98419978243754],[4.7504624018084245,46.98418591689203],[4.750501004993308,46.98417919830657],[4.7505574104399555,46.98416914765749],[4.75058563621026,46.98416463079201],[4.750639101973674,46.984155642348355],[4.750658856625901,46.98421256448158],[4.750745185944286,46.984204103930225],[4.750746850785103,46.984209184869385],[4.750753405064199,46.98422748394906],[4.7507583205192,46.98424069268889],[4.750771375455124,46.9842752293661],[4.750785337283697,46.98433734559263],[4.750787068636676,46.9843444788101],[4.750850342302505,46.98440789094958],[4.7509013089477286,46.984460250785865],[4.750919709816687,46.98452127298066],[4.750924678403865,46.984536525189455],[4.750966304009236,46.984576770076345],[4.7511072521209,46.98450310788669],[4.751248629906659,46.984442713325315],[4.751338736283973,46.984412734530984],[4.751354323989956,46.984386957869305],[4.751339735928561,46.98435141788278],[4.751202247558056,46.984209432549655],[4.751151214631662,46.984155029564356],[4.751097229014554,46.98410168901372],[4.751050999465223,46.98405743449162],[4.7510399269299874,46.98403818636694],[4.751174968259217,46.98396665799646],[4.751271849562529,46.98391511592771],[4.751368684556845,46.98386255683812],[4.751411243000295,46.983839432635655],[4.75152937168926,46.983752832964996],[4.7515519531985735,46.98371264009841],[4.751549045562384,46.98353080604254],[4.751540362523799,46.98349312312935],[4.751531411453113,46.983401302285756],[4.751715377053821,46.983318809004736],[4.751780010076617,46.98328615469055],[4.751859107819577,46.98323897069724],[4.7519396254475375,46.98318972080014],[4.752012486760185,46.98313446327262],[4.752066377683266,46.98309276814658],[4.752293225833902,46.98295138303384],[4.7522915697232735,46.98290031908823],[4.752278103392123,46.98285352309992],[4.752231584783321,46.982754095754046],[4.752208072525014,46.98271970904459],[4.752174817326671,46.98261496500605],[4.752155644868298,46.98257643280741],[4.752132738058984,46.98251445255252],[4.752139665568376,46.98249799305931],[4.752133098168795,46.98247970324936],[4.752162809183047,46.98247516342221],[4.752194752443482,46.98253905070596],[4.752232517474468,46.982552787094],[4.75224419021166,46.98263638944585],[4.752267934243631,46.98267792312159],[4.752301728633024,46.982753030326364],[4.752337009092153,46.982828105942154],[4.752352094276938,46.98287896590357],[4.7523337780657435,46.9829589442024],[4.752300456026384,46.982990105610774],[4.7522758128236315,46.98301295804685],[4.752202720164064,46.98306106877078],[4.7521930716644505,46.98308573772336],[4.752032818396315,46.98320873934967],[4.7520143121923795,46.98323661373533],[4.751965994977361,46.983265958483365],[4.751923105951645,46.983278866505145],[4.751753477313709,46.98338873575536],[4.751658854447156,46.98341775684521],[4.7516029136859546,46.983442110981045],[4.7515985644441345,46.98349223945394],[4.7516235334180275,46.983571560390615],[4.751613779669955,46.98368513470733],[4.751634925715552,46.983784947512646],[4.7516027248695965,46.98380485261747],[4.751554701172529,46.983797404623225],[4.7514082144030745,46.983884434837016],[4.751250820289104,46.98395732945268],[4.751255457768618,46.983962365260744],[4.751171720963501,46.984004513018235],[4.75113676570384,46.98403161028521],[4.751113541611378,46.98405239662703],[4.751195325638606,46.984133917159454],[4.751292621672442,46.98423360070703],[4.751385247277879,46.98432722222796],[4.751428061163694,46.984358245137734],[4.751648727262553,46.984302788187115],[4.751897366745283,46.98423464031829],[4.75200408631982,46.98421054156015],[4.75206441367248,46.98418305870344],[4.7521597617805265,46.98413051252573],[4.752268671863323,46.984081857849056],[4.752345480290454,46.98405616879446],[4.75246978246153,46.98402158110425],[4.752594051479231,46.98398597614182],[4.752712335680167,46.9839504619684],[4.752833254180676,46.983903668585995],[4.753170896070381,46.98372585454312],[4.753342022326619,46.98361596043194],[4.753445762160294,46.98354592269614],[4.753577196639043,46.98345503005366],[4.753750644277035,46.983324675176256],[4.753827080652375,46.98324176878527],[4.753906270492688,46.98315166998064],[4.754033485003406,46.98297705225255],[4.7540670123661215,46.98290603714746],[4.754231277587737,46.982538755991754],[4.754305225262801,46.98237925787499],[4.754349241302617,46.98230910080194],[4.754386383631843,46.98225744681756],[4.754498506724278,46.98212393469736],[4.754625079826572,46.98197589266749],[4.754751897499761,46.98183499726145],[4.754855128011742,46.98170365529588],[4.754926757010361,46.981610608774105],[4.75503334367063,46.98144447169743],[4.7551433734406245,46.98124661818078],[4.755180016615438,46.98117964384362],[4.755219645290493,46.981112624066895],[4.755262279344895,46.98104657618573],[4.755299221088776,46.98098880105568],[4.755417548819433,46.98081636104495],[4.755417249948168,46.98080716179563],[4.755293454455821,46.98076511586326],[4.755162798585956,46.9807415547571],[4.75507312502936,46.9807388305188]]],[[[4.755464535439621,46.98083812419593],[4.755332759069373,46.98100974224754],[4.7553127559510315,46.98103763999641],[4.755287093053242,46.98107480964462],[4.755137866887472,46.98135296887089],[4.755061561164059,46.98148593678131],[4.75493458591322,46.98166771169622],[4.754828867312461,46.981814410227905],[4.754707888448531,46.98195112833875],[4.754395698310143,46.982314527162075],[4.754344622523369,46.98239704832396],[4.754300161181826,46.98249888508716],[4.754361513372085,46.98250305830702],[4.7543429752924675,46.982529906933316],[4.754210553946775,46.98272810001146],[4.754184020437682,46.98278470782596],[4.754139445669232,46.982883475298834],[4.754085926804736,46.982982378743266],[4.754081674005702,46.98298960290853],[4.754071794057402,46.9830071160492],[4.75384777412777,46.98328130424156],[4.753837728379757,46.98329371366921],[4.753755274343836,46.98337569390542],[4.753530391591537,46.9835313530188],[4.753265949212213,46.983710100013866],[4.752790800321834,46.98397583653927],[4.752571623322911,46.98403128210192],[4.752402958500097,46.98407880047626],[4.7523305888484515,46.98410339550214],[4.752153827736614,46.98417761216842],[4.752166949813818,46.98421419196559],[4.752193220911698,46.984287369157066],[4.752288891585481,46.98429102226714],[4.752379858386186,46.98428759625877],[4.752611841050945,46.984258523227844],[4.752756836862369,46.984263479893755],[4.752858280194171,46.98426091197572],[4.752936546473746,46.98428015661483],[4.75306897458535,46.98431187053661],[4.753201137344788,46.984335402198916],[4.753279730231689,46.98431888018093],[4.753496220467243,46.984272677904414],[4.7535008713362314,46.98427771342182],[4.753520239235686,46.98427640139947],[4.753566399275953,46.98427262884599],[4.75361262592128,46.984270908551544],[4.75364261623115,46.98427454125116],[4.753684934101307,46.984290243252694],[4.753913897289851,46.9842601958532],[4.754017630250864,46.98423614062558],[4.754063823536312,46.9842333940117],[4.754135157196047,46.98422311462997],[4.7543093007632855,46.98420615665817],[4.754557564731239,46.98417275254663],[4.75474213170401,46.984154617750754],[4.754804574218221,46.98414651747268],[4.754878893380767,46.98413619221506],[4.754951692881489,46.98412486338088],[4.754968041601897,46.984122570396565],[4.755412800318045,46.9839788816699],[4.7554334885386425,46.98397244302259],[4.755491126742626,46.983954194043164],[4.7556083540907865,46.98393197630701],[4.7557539191519185,46.983908300533656],[4.755963379059121,46.98387547491046],[4.756024201952842,46.983863310044],[4.756105812384143,46.98384776678945],[4.756172506926329,46.983832441532364],[4.756219668157324,46.98381333402971],[4.756414124769985,46.98373271775966],[4.756544852129553,46.98366635487071],[4.756609429370633,46.98363165437964],[4.756698933796895,46.98358329091793],[4.75675030088716,46.983555941999846],[4.756942776191536,46.983414044383736],[4.75702794056648,46.983369826318565],[4.75706919611384,46.98335285268724],[4.757122281508838,46.98333262792611],[4.757176866588782,46.98331238930291],[4.757407812769484,46.98325164936168],[4.757449001351374,46.98323262331792],[4.757501734520121,46.98320117367163],[4.757506073569973,46.98319701899389],[4.757511878668502,46.98319181533495],[4.757529194990241,46.98317316194713],[4.757544978492887,46.98315350526215],[4.75724605347883,46.98277692994703],[4.75622883944296,46.98147737595345],[4.7557637275885245,46.98108595484709],[4.755464535439621,46.98083812419593]]],[[[4.7600273044105,46.984416413493534],[4.759810191081698,46.98426032514751],[4.75962068249745,46.98412629352618],[4.75947160620966,46.98404171650958],[4.759442782390763,46.98402784609113],[4.7593834898526115,46.98408699003799],[4.759153419135003,46.98389942514268],[4.759132266278482,46.98389157954601],[4.759105859999567,46.983906283204966],[4.759032642558823,46.98390433768383],[4.758989089785556,46.983896824596556],[4.758984185503002,46.98388361600546],[4.758954929654469,46.98385646868753],[4.758878590279479,46.98389646505796],[4.758855482298531,46.983920322169126],[4.758849377778386,46.983916326663135],[4.758756789355788,46.983961676896214],[4.758750884378034,46.98396381120565],[4.758612456106127,46.983839211668055],[4.758507809377354,46.983743734707815],[4.758443110062241,46.98382034152747],[4.75834187648762,46.9838750179893],[4.758316670360288,46.983880508382235],[4.758248423285166,46.983893805255576],[4.7581766790336975,46.983891836739524],[4.758138071579419,46.983806592066976],[4.758042662046459,46.98371915107322],[4.757919275661657,46.9835524361285],[4.75761259802991,46.983212768039024],[4.757429576439943,46.98327788454839],[4.757348319477502,46.983304662453065],[4.757215310538151,46.98334653860234],[4.757142910978124,46.983370119515385],[4.75712248928841,46.98338474057105],[4.757067837958807,46.983402944894394],[4.757032387834148,46.98341472389171],[4.756945823476213,46.983462025207],[4.756927186539704,46.98348580482738],[4.756950336835152,46.983508957055655],[4.756888625951902,46.98353952551914],[4.7569058048038135,46.98356276869516],[4.756770639194063,46.983630217231976],[4.756755943227003,46.98363760052694],[4.756690814674668,46.983654937563465],[4.756596592582531,46.983696222349515],[4.75647995843045,46.9837828045799],[4.756223843628783,46.98389604154056],[4.756164354007289,46.9839030709983],[4.7561175247466085,46.983932394853156],[4.756001319331635,46.98394029655869],[4.755990079181351,46.98391594522111],[4.755777765895333,46.983952893882645],[4.755583121433211,46.983982422776066],[4.755534241306254,46.98399440567163],[4.755325543652646,46.984050714680514],[4.7553259750015515,46.98406399147031],[4.75529499611907,46.98407570188746],[4.7552776921824265,46.98409436373572],[4.755259910118181,46.984098713852],[4.755111803020198,46.98413571101461],[4.754752170368851,46.98418818225532],[4.754624929990167,46.98422384375205],[4.7546215791146,46.984212646645915],[4.754458277036961,46.98424169691946],[4.754237840445498,46.98425833240343],[4.754061042602463,46.984285552043765],[4.753939228977774,46.984304766980785],[4.753906564649374,46.98431037879396],[4.753869182785848,46.98430890281823],[4.753665492211603,46.98433549503297],[4.753611794801829,46.98433733791221],[4.753528630288363,46.98435085871547],[4.753441100263259,46.98436854338328],[4.753351897802877,46.98438011154349],[4.753221698171636,46.98437085120084],[4.753092785995197,46.98435543829588],[4.752943843599139,46.984320922411776],[4.752849062521805,46.98429885777177],[4.75276668860527,46.984290914539734],[4.752683312237876,46.98429831410473],[4.752550358980724,46.98429624533336],[4.752531388721598,46.984309816854235],[4.752498690959319,46.98431440212978],[4.752456803768917,46.98431196749156],[4.75239296080561,46.984323158691296],[4.752251613317551,46.98433858898896],[4.752249861936627,46.984330438455764],[4.752202036481497,46.98432912056334],[4.752114912621718,46.984313080881385],[4.752030509253222,46.98428881367968],[4.751995596604295,46.98427095433687],[4.751915305167697,46.98428136841903],[4.751885758628795,46.984291011872436],[4.751819062304973,46.9843063346494],[4.751604156029955,46.98435557162752],[4.751449051235156,46.98440697125817],[4.751429882241363,46.98441442176639],[4.751421322039522,46.984426808414796],[4.751307925251703,46.984475530374176],[4.751275525180011,46.98448930555089],[4.751270821422343,46.98448222646699],[4.7512146675441596,46.98450045077357],[4.751036635763563,46.984581835450825],[4.750910152779011,46.98464096803524],[4.750811915937621,46.9846966189001],[4.750862975043703,46.98484400496321],[4.750853414730923,46.98491771720328],[4.7508535801246135,46.98492282089631],[4.751035817127524,46.984971144117246],[4.751201473649535,46.98501461253241],[4.751291749907301,46.98503572026912],[4.751434642492917,46.985068294859055],[4.751589590881966,46.9851037481572],[4.751669311284054,46.98512195394645],[4.7517746494889845,46.98514692118429],[4.752031507247493,46.985194109771214],[4.752238642093362,46.98522774302541],[4.75254929858735,46.98527615763404],[4.752702318100128,46.98529835541929],[4.752846314262326,46.985318654822144],[4.7532967941242585,46.98539661583263],[4.753664621000597,46.98545845959264],[4.753775753626091,46.98547823074021],[4.754232719467563,46.98552646092868],[4.7543466392315255,46.9855400562997],[4.754499540674444,46.98555816494961],[4.754650995930764,46.98557833967763],[4.754679487540108,46.98558199491213],[4.754704926952393,46.98558365227797],[4.754728833834787,46.98558431530833],[4.754885073100826,46.98561361174407],[4.755158052788842,46.98565135342968],[4.7554671814929375,46.98569875685061],[4.755516693764592,46.98570618059493],[4.755627960079373,46.985730027504346],[4.755767784963061,46.98575958154716],[4.755809872345034,46.98576813580328],[4.755958787502074,46.98580163083556],[4.75625491989567,46.985862522329256],[4.756541763228686,46.985913333076496],[4.756568921574657,46.98592211435778],[4.756590054936758,46.98592894308288],[4.756833311715924,46.985971221963844],[4.756982128247334,46.986001646262714],[4.757128582116384,46.98600554865912],[4.757397582812705,46.986012690421894],[4.757654719767421,46.98602205658848],[4.758089177491956,46.98602055203879],[4.758322061828528,46.98601903822166],[4.758397802744541,46.98600664477807],[4.758440825396598,46.985997820905595],[4.758513447384558,46.985981386350964],[4.758586049080651,46.98596392541329],[4.7587030799745325,46.98593557473012],[4.758756413400899,46.98592250498687],[4.7588893741193505,46.98587858362256],[4.75904894825596,46.98582710582665],[4.759099062647036,46.98580692549691],[4.759227238204714,46.985753881907975],[4.759355346972489,46.985698794903705],[4.7594348740031895,46.98566488252134],[4.759756067228633,46.985532265306],[4.7601464277664824,46.98536895425465],[4.7602142102454765,46.98534135336238],[4.760260117593271,46.98532940484445],[4.760294035644164,46.98531663060658],[4.760386924546914,46.98528046938169],[4.760606677864863,46.98524238110467],[4.760859447992787,46.985209912331655],[4.76092057082522,46.98520693511056],[4.760354895659284,46.984663799321225],[4.760180466307646,46.98453464471934],[4.760139146721252,46.98450360218186],[4.7600273044105,46.984416413493534]]],[[[4.760655589422822,46.98527739619337],[4.760571092345937,46.9852960576319],[4.7604386686690106,46.98531033512229],[4.760323558960439,46.985351941658124],[4.760062460369792,46.98544993548396],[4.7596779041426664,46.98560804248306],[4.759676883653657,46.98562236805718],[4.759669678392702,46.985630646098265],[4.759627035550212,46.98565071272561],[4.75960912052154,46.985650985967354],[4.759589552929291,46.985646178196475],[4.759264185980233,46.98578806236485],[4.759254041354834,46.98579741184669],[4.759193549672608,46.98581979476861],[4.758775591753388,46.985961036047655],[4.758401985356879,46.98604336917129],[4.75825776197646,46.98606191253431],[4.75776044820899,46.98605927819187],[4.7575710046978115,46.98606522629857],[4.757395959036798,46.98605460949881],[4.757363061241479,46.986053066331394],[4.757236008753748,46.98604886872329],[4.757108890124771,46.98604263670332],[4.756803607035019,46.98602173676927],[4.756847091023643,46.986303095879435],[4.756891832647465,46.986301387905264],[4.7569245064209085,46.986341767028904],[4.756960830023995,46.9864025153988],[4.757026757358657,46.986547628223],[4.757111432024287,46.98658005584246],[4.757199715687888,46.98658587074022],[4.757347271898412,46.986577490382956],[4.7575775051256946,46.98658623991351],[4.75780628544531,46.98659603776793],[4.757881039400219,46.9865989873545],[4.757891786841455,46.986562044473025],[4.758834473419631,46.98662328859003],[4.758976124219956,46.986617040461546],[4.759335008217647,46.98667900269229],[4.759457789713977,46.98668939600644],[4.759840029764626,46.9867346552043],[4.759873027737696,46.986739258071225],[4.75984081180426,46.98657524296898],[4.759842198481901,46.98657215989006],[4.759844918139359,46.98656394125908],[4.759850623683909,46.986555677081796],[4.7598578824451065,46.9865494425037],[4.759866640431869,46.986543176050255],[4.759876917916083,46.986537904058004],[4.760095731905605,46.98647122017366],[4.760155467404519,46.986517309416094],[4.760572994859559,46.98631679442504],[4.760557546260118,46.986300684881726],[4.760560498987722,46.98629962218221],[4.7605542609040565,46.98629154022746],[4.760530874977063,46.98626124179479],[4.760693347964021,46.98620665556044],[4.760705910446549,46.98622587106034],[4.7609068649120925,46.98620645875336],[4.761515216340762,46.985996894653816],[4.761394279319452,46.985859783575535],[4.760958727710748,46.98536984169775],[4.760836706150003,46.98524499432107],[4.760740166184797,46.98526077776365],[4.760655589422822,46.98527739619337]]],[[[4.753141368132293,46.9870031904851],[4.75307560492883,46.98700112785384],[4.752862018518854,46.986999266894905],[4.7525353707957185,46.98701035307373],[4.752368344479699,46.98701697869544],[4.752368576298587,46.987024125658124],[4.752168896916632,46.98703636215499],[4.752077912029248,46.9870397791926],[4.751921376144396,46.98704727149716],[4.7517653990595505,46.98702613516292],[4.7517205904224875,46.98702579787333],[4.751449701604684,46.98700640578846],[4.751450165291231,46.98702070871873],[4.751427744196981,46.98702002244506],[4.751440304787328,46.98722317021048],[4.751442844481773,46.987347787779115],[4.751342782178116,46.987347262472994],[4.75110388678416,46.98734782670507],[4.750872793616238,46.98735848443622],[4.750867394504553,46.987329955446235],[4.750724241352115,46.98733621637402],[4.750585573652234,46.98734240906467],[4.750613422023812,46.98751058112274],[4.750641303820163,46.98767977930358],[4.750672138506111,46.987847906021415],[4.750688381819105,46.98793450994066],[4.75070767737485,46.988023111821114],[4.750719194011223,46.988055636543855],[4.750725089582607,46.98809948559956],[4.750745673026055,46.98818193508753],[4.750738184380408,46.98822700487569],[4.75072624042863,46.98822718611695],[4.750727796046295,46.98827518958621],[4.750763971702897,46.98837784526712],[4.750887347989184,46.98836064542377],[4.750935342392566,46.98836706754677],[4.751027683262735,46.988359533300894],[4.751138158873664,46.988358883220606],[4.751239179592141,46.98834303994208],[4.751317792062342,46.98832651908183],[4.751397857929007,46.98830895846713],[4.751442290287626,46.98829806257013],[4.75154305926514,46.98827405472704],[4.751611081506773,46.98825360587571],[4.751689660753326,46.98823606762484],[4.75176829275732,46.988220563793625],[4.751836579874418,46.98820828790823],[4.751974753124116,46.98818678265762],[4.752138333241524,46.98816590003259],[4.752254316500323,46.98815085526783],[4.752295941560256,46.98814511687847],[4.75253165140648,46.98809249196246],[4.752828387685323,46.98803382422017],[4.753003778596795,46.98800868136104],[4.753109316948505,46.987993794427574],[4.753356132509614,46.987961432863614],[4.753424651193186,46.98795631199721],[4.753549757210891,46.98794623347349],[4.753673728267985,46.98794741111297],[4.753817247375476,46.98795238003258],[4.753875653063271,46.98795762503117],[4.753916517139416,46.98783643620158],[4.754123336691012,46.98717014288296],[4.7538665010248,46.987123985119936],[4.75372233399697,46.98709858331648],[4.753582706024269,46.98707516563231],[4.753193880352132,46.987010569650444],[4.753141368132293,46.9870031904851]]],[[[4.762059261530029,46.98752435097287],[4.762065066948545,46.98751915609317],[4.762051070484753,46.98750199791937],[4.761979653251329,46.98714341115221],[4.761931158354458,46.98716765656407],[4.761748429054106,46.98719598709027],[4.761536727695919,46.987206379109125],[4.761337236115888,46.987224752479705],[4.761216252180586,46.98722352849036],[4.760372479015635,46.98722006073715],[4.760362234592479,46.98722634990704],[4.760361313681684,46.98724372688376],[4.760474837532494,46.98729104853911],[4.760627777387613,46.98735614915565],[4.760779251510622,46.987422298589294],[4.76100542649353,46.98753533487371],[4.761058659217765,46.987565168626006],[4.7611746824584715,46.987643097743785],[4.761289219635279,46.98772104943434],[4.761387128251732,46.987793131026685],[4.761477611679501,46.987866334538],[4.761574367237228,46.98794864600762],[4.761694077476395,46.98804797882934],[4.761781289226431,46.98811203727913],[4.762134905515563,46.988332454099435],[4.762178349321804,46.988336905787115],[4.762181510206709,46.98820504154164],[4.762153013681348,46.98792652618929],[4.762147296090821,46.98784282476853],[4.762143444772262,46.98777034292268],[4.762059261530029,46.98752435097287]]],[[[4.755282120325337,46.98758576286621],[4.755144440856915,46.98748465265341],[4.75509264464612,46.987452750087094],[4.755047072439526,46.987428920946],[4.755022932565353,46.98742111102553],[4.754682880299542,46.987295494229805],[4.754553496218484,46.98726578005501],[4.754509515642339,46.98738293699399],[4.754475229311574,46.98747644174003],[4.754172096215545,46.98742996202625],[4.754231286818315,46.98727579488472],[4.754142703949284,46.98726078748454],[4.754112692077397,46.98725613758193],[4.754045199095852,46.987476847551534],[4.753969411065515,46.98771812638727],[4.753892135657892,46.98795941874959],[4.753983738596772,46.9879753980806],[4.754070902233186,46.987992462470174],[4.754269568749881,46.98804053095359],[4.754828186143035,46.988183267685194],[4.755116825438403,46.98824324955702],[4.755154508633103,46.98825391535378],[4.755266012534398,46.9882849185483],[4.755377582662239,46.98831795590619],[4.755484879995347,46.98835720002471],[4.75567266698856,46.988438122177485],[4.755844542150135,46.988488639954994],[4.755914811688903,46.98839970238629],[4.756110323804114,46.98816682137037],[4.755922728633372,46.98804603798745],[4.755765259592634,46.98793297298404],[4.7554766799948425,46.98773709653575],[4.755369476694589,46.987654939054664],[4.755282120325337,46.98758576286621]]],[[[4.761778402292391,46.98816112622932],[4.7615655548047355,46.98799885207101],[4.761519546381017,46.98796174874042],[4.761419405209643,46.98786722319536],[4.761347070599543,46.9878008930727],[4.7611959490363045,46.98769999511877],[4.761090802669979,46.98763518335351],[4.76086274140562,46.98750991930703],[4.760727549822615,46.9874394329167],[4.760563965666508,46.98736836200005],[4.760432359984416,46.987316219128786],[4.760346162349828,46.98728279049726],[4.760191712148765,46.987308651774114],[4.759927440562997,46.987355595350394],[4.759838035177898,46.98736104770315],[4.759456333170696,46.98737810843586],[4.7593265576281025,46.987382131751076],[4.758905971627923,46.98739773931095],[4.7587613125856025,46.987403006533114],[4.758697168102939,46.98740501098975],[4.75791104211639,46.98742924840812],[4.757587379061993,46.987440312391655],[4.757326360919255,46.9874493946482],[4.757204043319327,46.98745330197378],[4.757078773135181,46.98745828078098],[4.756983362040039,46.987462795734],[4.7563120476946725,46.98748221181947],[4.755636360274291,46.9875047614653],[4.755575838948383,46.987572099100625],[4.755627244608683,46.98763773357046],[4.755650727836387,46.98767109339238],[4.756066465756852,46.98796619455895],[4.756266834740012,46.9881123232995],[4.756347789626871,46.988168312873746],[4.756608517944838,46.98833396500464],[4.756852603695451,46.988446727619035],[4.757019994414082,46.988497311948684],[4.757120989010581,46.988526429131696],[4.757257935494006,46.98855908722472],[4.757426049119079,46.988586155203805],[4.757691354636662,46.98861685752007],[4.757782760366368,46.98862670401861],[4.758027666744027,46.98862706109752],[4.758224743719686,46.98862610226235],[4.758319168671255,46.98863691996651],[4.758629438265292,46.98867306773038],[4.758939654609377,46.98870716218751],[4.759008539471333,46.98871327149298],[4.759099912191457,46.988722090812104],[4.759193938563764,46.98872065717991],[4.759370093834269,46.988718997756585],[4.759487862007347,46.98871311327222],[4.7596519066858365,46.988706522889906],[4.759775547123895,46.98869748662522],[4.759893281778175,46.988690575591505],[4.760151053191925,46.98867336000758],[4.760398413443496,46.9886573293447],[4.760684432087662,46.988636619638804],[4.760817176252955,46.98863152289083],[4.7608618067735256,46.988626753175986],[4.76102101241788,46.988608995624794],[4.761178685222192,46.98859024361061],[4.761337777722245,46.98856942541987],[4.7617563395040845,46.98853748574988],[4.762196689209547,46.98853280514084],[4.762201961528131,46.98851126410723],[4.762175708586414,46.988439124429505],[4.76211985498299,46.988374578334756],[4.7620431997433865,46.988313420838374],[4.761860296269454,46.98819972575056],[4.761778402292391,46.98816112622932]],[[4.760333636478373,46.988044221505035],[4.760397718450653,46.98840700052719],[4.7603246805704496,46.98799837522835],[4.760333636478373,46.988044221505035]],[[4.759962143605268,46.98800799465462],[4.760029161867438,46.98800288374034],[4.759776012257851,46.98802411717957],[4.759962143605268,46.98800799465462]]],[[[4.758830691891839,46.99022210679321],[4.7588090276734745,46.990152949411254],[4.758761184216964,46.98996771195119],[4.758736724167486,46.989858756153424],[4.758685665888608,46.989620434289385],[4.758671430952395,46.98950416311314],[4.75865566336588,46.98938689765433],[4.758643048322513,46.98927469934999],[4.758629046225257,46.98916557510088],[4.758625195791238,46.989139067103615],[4.75861679697184,46.98906461027177],[4.758602961413081,46.988960598688685],[4.758574621839691,46.98877812574378],[4.758068794102621,46.98874394022268],[4.757648214572359,46.9887135600489],[4.757558627517455,46.988713907156516],[4.757557340511936,46.98872005961319],[4.757512497051526,46.988718698436756],[4.757512330724415,46.988713585758255],[4.757252128807133,46.98870223049129],[4.757180092146584,46.98869106193668],[4.75704172540399,46.98866046966076],[4.757030014112841,46.988667807505195],[4.757024307621114,46.988676062536285],[4.757042791947925,46.98878511868662],[4.757052646691405,46.98881255292721],[4.75715872410967,46.988997921820285],[4.757205921772187,46.98911777969305],[4.75722957651014,46.98924820852516],[4.757254850734859,46.98938270124938],[4.757256682359567,46.98939288576282],[4.757287700933718,46.98947415763715],[4.757316721648125,46.9895401323117],[4.7573776828834085,46.989669992881886],[4.757429865681149,46.98980510234213],[4.757498212488238,46.99006972799197],[4.757525776020386,46.99018272529966],[4.75752899462576,46.99018982675862],[4.757628548116503,46.9904039055331],[4.75772215040076,46.990619101525446],[4.757807814216309,46.99091105646],[4.758029477413713,46.99088520112935],[4.758924760615513,46.99077244017029],[4.758930237230538,46.99071104619576],[4.758885551844115,46.99062283259989],[4.75886219172513,46.990501594375374],[4.758882576113367,46.9903939992783],[4.758830691891839,46.99022210679321]]],[[[4.75759603337684,46.99041462225458],[4.75752376214064,46.990258367421404],[4.757518977433102,46.990249245535445],[4.757506049395652,46.99021878722663],[4.7574946280693515,46.990189332609695],[4.757486172616217,46.990158806170264],[4.757415184892908,46.98990443315472],[4.757387774898148,46.98979654868789],[4.757332154333138,46.98964719059563],[4.757267928168751,46.989509202597134],[4.757256686289139,46.98948485142605],[4.757238907530534,46.98944322790967],[4.757224081762004,46.9894005417769],[4.757202046043186,46.989274167852095],[4.757165982302386,46.98912962702684],[4.757129096607825,46.98900553253221],[4.757113282603685,46.98897818004931],[4.75700465116538,46.98880613334945],[4.75698049891942,46.98866038441722],[4.75664955023038,46.9884937579838],[4.7564728088606705,46.988385075916376],[4.756360042508663,46.988315269721994],[4.756271857854072,46.98840448028755],[4.756205417587024,46.988473952613205],[4.7559870856957405,46.988372035737],[4.75604757405065,46.9883036717664],[4.756038483548005,46.98829973056628],[4.755956469611983,46.988394979812504],[4.75585441642791,46.98851710063739],[4.755715686097893,46.98847528227407],[4.7556809552873345,46.98846354508619],[4.755638633568667,46.98844784383753],[4.755599264523739,46.98843107100024],[4.755497852653805,46.98838867551354],[4.755488795228384,46.98838575140588],[4.755354239025116,46.988334665329],[4.755173406849628,46.98828428309479],[4.755093547840743,46.988261993199124],[4.754837993459138,46.98820968518431],[4.75464984939651,46.988163492913614],[4.75424627808385,46.9880592836272],[4.75403703450964,46.98800728734267],[4.753858367259683,46.98797730397977],[4.753726771811473,46.98797112722328],[4.75355632575442,46.98796452317106],[4.753328634140042,46.987988417414684],[4.753016451515875,46.98803096689902],[4.752854391559175,46.98805284532358],[4.752668867394186,46.98808733665154],[4.75252936125379,46.98811398720019],[4.752313020342329,46.988165291291864],[4.751947286934645,46.98821478401429],[4.7517408929890035,46.98825061737687],[4.751617682701775,46.98827292181989],[4.751475666139157,46.98831391014907],[4.751296330714694,46.98835545576931],[4.751137486746107,46.988384433417146],[4.751013680161091,46.98838835674021],[4.750730380554645,46.98840083306743],[4.750738119179544,46.98854784976489],[4.750739945381394,46.988695982815045],[4.750754384504143,46.98886538490101],[4.750786544001625,46.98907435901887],[4.7508029966286704,46.98912110977665],[4.7508308868572655,46.98919834215607],[4.7508617170921115,46.98927451227612],[4.75092054708361,46.98938499221745],[4.750954452962776,46.98941717713646],[4.751020275333691,46.98946726718077],[4.751178089656549,46.98949858911532],[4.751262235832759,46.98951468380343],[4.751359846015677,46.98953160069899],[4.751486544292305,46.98938662287144],[4.751496998409031,46.98934048138389],[4.751703959687084,46.989322011799345],[4.751836726503239,46.98931795172057],[4.751857089845231,46.98934728008864],[4.7518827996611215,46.989403084902065],[4.751878185450557,46.98944504919603],[4.752168886764173,46.98947639624419],[4.752340132460452,46.98950751262495],[4.7523761841164776,46.9895141245545],[4.752550005242693,46.989532935828905],[4.752626958463957,46.98955731590877],[4.752830367151336,46.989613492000395],[4.75289359141225,46.989628876711485],[4.752964294435188,46.98964517440495],[4.7530978903435,46.98966664028834],[4.753182468220421,46.989696010349704],[4.7532564689011885,46.98972145251806],[4.753322898573398,46.989743947773526],[4.75338630892529,46.989765462232604],[4.753350361815897,46.98980790275566],[4.753599378817444,46.98988892441576],[4.7535218640237815,46.98998513004339],[4.753638386591596,46.99003240379938],[4.7535985174182445,46.99009227588991],[4.753696187770908,46.99015720799881],[4.753839677550083,46.99025311639093],[4.7540531741490595,46.99043583740292],[4.7541130748874885,46.99048704239568],[4.754168357296817,46.99053422901158],[4.754231177726042,46.99058333626911],[4.754411451912797,46.99070832226147],[4.7547424665898115,46.99092297217632],[4.754967077310691,46.99112595631949],[4.755075600810153,46.99124896169973],[4.7551538783526235,46.991360170400256],[4.755313294676909,46.99162443836009],[4.755384141230472,46.99178276039508],[4.755453243096169,46.991978914608325],[4.755590295688297,46.99192266946017],[4.755713280376114,46.99189321385662],[4.755785890921089,46.991875754713675],[4.7563001308453465,46.99175451126367],[4.756366822230258,46.9917391951343],[4.756506169889594,46.9917074363033],[4.7573642916418235,46.99150738535953],[4.757909739602588,46.991381570719845],[4.757936402378952,46.99137503164561],[4.757855460431043,46.991182121063524],[4.757833830466162,46.99111398965497],[4.757734739699604,46.99077626546019],[4.757689449260869,46.99062368826273],[4.75759603337684,46.99041462225458]]],[[[4.753040573096923,46.9901549144473],[4.7527206021688055,46.99000445531167],[4.752409132287798,46.98988555703527],[4.751663380113579,46.98968230406931],[4.751431743830217,46.989630642993404],[4.7510965289479925,46.989608137790455],[4.7508709455330855,46.99015822132327],[4.75088584303991,46.99015697761649],[4.751068898801564,46.99013784535013],[4.751066777033794,46.99002650486416],[4.751113852800789,46.98991237342772],[4.751257936325862,46.98988872613134],[4.751462443666768,46.989886648499045],[4.751786411372109,46.98993077485959],[4.7519773263069345,46.989969770272765],[4.752430986619369,46.99009877581076],[4.752862657739811,46.990240379339824],[4.753130081656732,46.99038243277082],[4.753538939335176,46.99064903652041],[4.75342944571246,46.990726311894115],[4.753737409677031,46.99096686392907],[4.753816417598053,46.99091661830205],[4.753976612030736,46.99102146737636],[4.754032506672897,46.99099507767798],[4.753886328629203,46.990816439541355],[4.753652267584454,46.990598269391995],[4.753356051562457,46.99035140577195],[4.753229324057743,46.99026546348389],[4.753040573096923,46.9901549144473]]]]}},{"type":"Feature","id":"inao-denom-263","properties":{"id":"inao-denom-263","name":"Bas des Duresses","tier":"premier_cru","kind":"vineyard","appellationId":129,"denominationId":263,"sourceName":"Auxey-Duresses premier cru Bas des Duresses","communes":["21037"],"areaHa":2.37},"geometry":{"type":"Polygon","coordinates":[[[4.758924706824325,46.99077240496769],[4.758930212093431,46.99071108260157],[4.7588854846053446,46.990622788596625],[4.758862190845937,46.99050156737181],[4.7588826418865136,46.990393998275614],[4.758830716735727,46.99022206138622],[4.758808988502815,46.99015295901401],[4.7587612371281125,46.98996772015029],[4.758736763924024,46.98985876455306],[4.758685705644963,46.98962044268903],[4.758671390317047,46.989504127709914],[4.758655730309899,46.98938693265655],[4.758642996877165,46.98927473615676],[4.758629047690347,46.98916562010683],[4.7586251577933485,46.98913911271108],[4.7586168092470995,46.98906458306769],[4.7586030271844875,46.98896059768619],[4.75857458237698,46.98877812634528],[4.758068755225774,46.98874395882638],[4.757648200539577,46.98871353324573],[4.7575585880547795,46.98871390775767],[4.757557340219099,46.988720050611995],[4.757512548497115,46.98871866163046],[4.7575123845126335,46.98871362096151],[4.757252087880532,46.98870218608635],[4.757180130730926,46.988691034332085],[4.7570417379727035,46.98866045145803],[4.757030001836872,46.9886678347091],[4.7570243459127735,46.98867602593054],[4.757042764175678,46.98878507408131],[4.757052607814158,46.98881257153056],[4.757158658045419,46.98899791382078],[4.757205856000563,46.98911778069478],[4.757229575631785,46.989248181521575],[4.757254877043636,46.98938270084868],[4.757256654879621,46.989392850158744],[4.757287726949744,46.98947414823526],[4.75731672281933,46.98954016831648],[4.757377670021762,46.98967000208345],[4.757429839372166,46.98980510274286],[4.757498199333682,46.990069728192346],[4.757525827467358,46.99018268849337],[4.757528955747686,46.99018984536214],[4.75762857501149,46.990403923134714],[4.757722176124388,46.99061908312225],[4.7578077496140745,46.99091109346679],[4.75802946425896,46.99088520132978],[4.758924706824325,46.99077240496769]]]}},{"type":"Feature","id":"inao-denom-264","properties":{"id":"inao-denom-264","name":"Climat du Val","tier":"premier_cru","kind":"vineyard","appellationId":129,"denominationId":264,"sourceName":"Auxey-Duresses premier cru Climat du Val","communes":["21037"],"areaHa":9.3},"geometry":{"type":"Polygon","coordinates":[[[4.750829972119954,46.9899534605875],[4.750880631097609,46.98967374229154],[4.750875132562662,46.98964215291202],[4.75082837599359,46.989489595524326],[4.750778633639308,46.989337083421816],[4.75074732710336,46.989246619559],[4.75062417892991,46.988395294071154],[4.750331345199443,46.98839053319956],[4.750078849439287,46.98838619537032],[4.7500310336014815,46.98838487638022],[4.749974709636389,46.988397987370966],[4.7498472444909074,46.98842751392382],[4.749682407450869,46.988455553804705],[4.749529117523153,46.98847116167952],[4.74945916469804,46.988478355247565],[4.749387791594482,46.9884876145872],[4.749356577462054,46.9884921764282],[4.749179663634489,46.98851631013664],[4.749011906412244,46.98854644660631],[4.748782790051259,46.98857239768503],[4.748794128330045,46.98864579284609],[4.748780156888059,46.98867563314923],[4.748716177001897,46.988728718489185],[4.74863535071253,46.98876877580776],[4.748532056137527,46.9888071202939],[4.748477363509822,46.98882430337939],[4.748333611941718,46.988858154592506],[4.748315741863641,46.988859443018775],[4.748166625466924,46.98886579106664],[4.748013320783244,46.988881397125134],[4.747782352656014,46.988896135214894],[4.747506957348547,46.98892278477523],[4.747418043653578,46.988943547577335],[4.747391235470369,46.98894599787194],[4.747362920810944,46.98894744433403],[4.7472861032964,46.98892715629412],[4.746677163639719,46.98893637661095],[4.746769010975424,46.989606301517405],[4.746779922524864,46.989851368498705],[4.746925193734832,46.990326341079495],[4.74668580906063,46.99035857614877],[4.7470142840483,46.99123438894055],[4.747163287401488,46.99163982622846],[4.7472567177075335,46.991896917767434],[4.747277938403584,46.99195280049252],[4.7479751616536685,46.99180940719841],[4.748502452897774,46.991675735369185],[4.748568927923008,46.99165326758554],[4.748573612182693,46.99165932942749],[4.748706714426132,46.99161950662533],[4.748841382286128,46.99158170421306],[4.748881325393689,46.99156985976984],[4.748979036130401,46.99154385637834],[4.749098938006788,46.99151138367316],[4.74915201462181,46.99149014529572],[4.749336672769464,46.991428079760475],[4.749398066091528,46.99138729904248],[4.750127292160693,46.99112590184398],[4.750305542855325,46.99100466585217],[4.750430201335481,46.9908883401868],[4.7505755171356485,46.990764541481376],[4.750632367037935,46.9906758019704],[4.750650711110762,46.99064282418833],[4.75067809023931,46.99056577983725],[4.750829972119954,46.9899534605875]]]}},{"type":"Feature","id":"inao-denom-265","properties":{"id":"inao-denom-265","name":"Clos du Val","tier":"premier_cru","kind":"vineyard","appellationId":129,"denominationId":265,"sourceName":"Auxey-Duresses premier cru Clos du Val","communes":["21037"],"areaHa":0.92},"geometry":{"type":"Polygon","coordinates":[[[4.750829972119954,46.9899534605875],[4.750880631097609,46.98967374229154],[4.750875132562662,46.98964215291202],[4.75082837599359,46.989489595524326],[4.750778633639308,46.989337083421816],[4.75074732710336,46.989246619559],[4.75062417892991,46.988395294071154],[4.750331345199443,46.98839053319956],[4.750078849439287,46.98838619537032],[4.750089792291852,46.9884473307548],[4.750115690206466,46.988601231493625],[4.750140088682668,46.98875515496635],[4.750187245671619,46.98915089474297],[4.750246689167312,46.98951068670414],[4.7503346135871745,46.989874126094094],[4.750370817414589,46.99011574735072],[4.750411262281418,46.990350144764044],[4.7505246744674015,46.99067028544061],[4.7505755171356485,46.990764541481376],[4.750632367037935,46.9906758019704],[4.750650711110762,46.99064282418833],[4.75067809023931,46.99056577983725],[4.750829972119954,46.9899534605875]]]}},{"type":"Feature","id":"inao-denom-266","properties":{"id":"inao-denom-266","name":"La Chapelle","tier":"premier_cru","kind":"vineyard","appellationId":129,"denominationId":266,"sourceName":"Auxey-Duresses premier cru La Chapelle","communes":["21037"],"areaHa":1.28},"geometry":{"type":"Polygon","coordinates":[[[4.753634894425248,46.98831482839784],[4.753726771811473,46.98797112722328],[4.75355632575442,46.98796452317106],[4.753328634140042,46.987988417414684],[4.753016451515875,46.98803096689902],[4.752854391559175,46.98805284532358],[4.752668867394186,46.98808733665154],[4.752467152629052,46.988957905333784],[4.752340132460452,46.98950751262495],[4.7523761841164776,46.9895141245545],[4.752550005242693,46.989532935828905],[4.752626958463957,46.98955731590877],[4.752830367151336,46.989613492000395],[4.75289359141225,46.989628876711485],[4.752964294435188,46.98964517440495],[4.7530978903435,46.98966664028834],[4.753107672218859,46.98964605785789],[4.753276801807331,46.98928995339385],[4.753304673420873,46.98922821943412],[4.75350444547712,46.98880420561607],[4.753634894425248,46.98831482839784]]]}},{"type":"Feature","id":"inao-denom-267","properties":{"id":"inao-denom-267","name":"Les Bréterins","tier":"premier_cru","kind":"vineyard","appellationId":129,"denominationId":267,"sourceName":"Auxey-Duresses premier cru Les Bréterins","communes":["21037"],"areaHa":1.93},"geometry":{"type":"Polygon","coordinates":[[[4.752649561726981,46.98905731256557],[4.752854391559175,46.98805284532358],[4.752668867394186,46.98808733665154],[4.75252936125379,46.98811398720019],[4.752313020342329,46.988165291291864],[4.751947286934645,46.98821478401429],[4.7517408929890035,46.98825061737687],[4.751617682701775,46.98827292181989],[4.751475666139157,46.98831391014907],[4.751296330714694,46.98835545576931],[4.751137486746107,46.988384433417146],[4.751013680161091,46.98838835674021],[4.750730380554645,46.98840083306743],[4.750738119179544,46.98854784976489],[4.750739945381394,46.988695982815045],[4.750754384504143,46.98886538490101],[4.750786544001625,46.98907435901887],[4.7508029966286704,46.98912110977665],[4.7508308868572655,46.98919834215607],[4.7508617170921115,46.98927451227612],[4.75092054708361,46.98938499221745],[4.750954452962776,46.98941717713646],[4.751020275333691,46.98946726718077],[4.751178089656549,46.98949858911532],[4.751262235832759,46.98951468380343],[4.751359846015677,46.98953160069899],[4.751486544292305,46.98938662287144],[4.751496998409031,46.98934048138389],[4.751703959687084,46.989322011799345],[4.751836726503239,46.98931795172057],[4.751857089845231,46.98934728008864],[4.7518827996611215,46.989403084902065],[4.751878185450557,46.98944504919603],[4.752168886764173,46.98947639624419],[4.752340132460452,46.98950751262495],[4.7523761841164776,46.9895141245545],[4.752550005242693,46.989532935828905],[4.752649561726981,46.98905731256557]]]}},{"type":"Feature","id":"inao-denom-268","properties":{"id":"inao-denom-268","name":"Les Duresses","tier":"premier_cru","kind":"vineyard","appellationId":129,"denominationId":268,"sourceName":"Auxey-Duresses premier cru Les Duresses","communes":["21037"],"areaHa":7.94},"geometry":{"type":"Polygon","coordinates":[[[4.757909739602588,46.991381570719845],[4.757936402378952,46.99137503164561],[4.757855460431043,46.991182121063524],[4.757833830466162,46.99111398965497],[4.757734739699604,46.99077626546019],[4.757689449260869,46.99062368826273],[4.75759603337684,46.99041462225458],[4.75752376214064,46.990258367421404],[4.757518977433102,46.990249245535445],[4.757506049395652,46.99021878722663],[4.7574946280693515,46.990189332609695],[4.757486172616217,46.990158806170264],[4.757415184892908,46.98990443315472],[4.757387774898148,46.98979654868789],[4.757332154333138,46.98964719059563],[4.757267928168751,46.989509202597134],[4.757256686289139,46.98948485142605],[4.757238907530534,46.98944322790967],[4.757224081762004,46.9894005417769],[4.757202046043186,46.989274167852095],[4.757165982302386,46.98912962702684],[4.757129096607825,46.98900553253221],[4.757113282603685,46.98897818004931],[4.75700465116538,46.98880613334945],[4.75698049891942,46.98866038441722],[4.75664955023038,46.9884937579838],[4.7564728088606705,46.988385075916376],[4.756360042508663,46.988315269721994],[4.756271857854072,46.98840448028755],[4.756205417587024,46.988473952613205],[4.7559870856957405,46.988372035737],[4.75604757405065,46.9883036717664],[4.756038483548005,46.98829973056628],[4.755956469611983,46.988394979812504],[4.75585441642791,46.98851710063739],[4.755715686097893,46.98847528227407],[4.7556809552873345,46.98846354508619],[4.755638633568667,46.98844784383753],[4.755599264523739,46.98843107100024],[4.755497852653805,46.98838867551354],[4.755488795228384,46.98838575140588],[4.755354239025116,46.988334665329],[4.755173406849628,46.98828428309479],[4.754723088051277,46.98894712226724],[4.75404356096901,46.98995573966757],[4.753925175815116,46.99012716063306],[4.753839677550083,46.99025311639093],[4.7540531741490595,46.99043583740292],[4.7541130748874885,46.99048704239568],[4.754168357296817,46.99053422901158],[4.754231177726042,46.99058333626911],[4.754411451912797,46.99070832226147],[4.7547424665898115,46.99092297217632],[4.754967077310691,46.99112595631949],[4.755075600810153,46.99124896169973],[4.7551538783526235,46.991360170400256],[4.755313294676909,46.99162443836009],[4.755384141230472,46.99178276039508],[4.755453243096169,46.991978914608325],[4.755590295688297,46.99192266946017],[4.755713280376114,46.99189321385662],[4.755785890921089,46.991875754713675],[4.7563001308453465,46.99175451126367],[4.756366822230258,46.9917391951343],[4.756506169889594,46.9917074363033],[4.7573642916418235,46.99150738535953],[4.757909739602588,46.991381570719845]]]}},{"type":"Feature","id":"inao-denom-269","properties":{"id":"inao-denom-269","name":"Les Ecussaux","tier":"premier_cru","kind":"vineyard","appellationId":129,"denominationId":269,"sourceName":"Auxey-Duresses premier cru Les Ecussaux","communes":["21037"],"areaHa":3.17},"geometry":{"type":"MultiPolygon","coordinates":[[[[4.762181510206709,46.98820504154164],[4.762153013681348,46.98792652618929],[4.762147296090821,46.98784282476853],[4.761477611679501,46.987866334538],[4.761574367237228,46.98794864600762],[4.761694077476395,46.98804797882934],[4.761781289226431,46.98811203727913],[4.762134905515563,46.988332454099435],[4.762178349321804,46.988336905787115],[4.762181510206709,46.98820504154164]]],[[[4.762201961528131,46.98851126410723],[4.762175708586414,46.988439124429505],[4.76211985498299,46.988374578334756],[4.7620431997433865,46.988313420838374],[4.761860296269454,46.98819972575056],[4.761778402292391,46.98816112622932],[4.7615655548047355,46.98799885207101],[4.761519546381017,46.98796174874042],[4.761419405209643,46.98786722319536],[4.76055501081708,46.98791822251337],[4.760567551860905,46.98798240363633],[4.7603246805704496,46.98799837522835],[4.760029161867438,46.98800288374034],[4.759776012257851,46.98802411717957],[4.759762615105425,46.98802533916257],[4.7596496201772736,46.988040345933506],[4.759634756878278,46.98804261690827],[4.759521761878483,46.98805762355392],[4.759511350976426,46.98805880897112],[4.7593951703082515,46.988067731218905],[4.759338516536695,46.988070639430106],[4.759271032359209,46.988061447049176],[4.759081515756905,46.98806536336264],[4.758918440321443,46.98805558390791],[4.75886453982618,46.988051299417116],[4.75833792968169,46.988020493916345],[4.757998768300856,46.98801442328224],[4.757637119230094,46.988005632314],[4.757375879033401,46.988007567530744],[4.75723989712273,46.98800452351112],[4.757108122073847,46.98799324713229],[4.757001920596769,46.987987714005],[4.756907497043442,46.98797689522072],[4.756285533450968,46.98781469897379],[4.755627244608683,46.98763773357046],[4.755650727836387,46.98767109339238],[4.756066465756852,46.98796619455895],[4.756266834740012,46.9881123232995],[4.756347789626871,46.988168312873746],[4.756608517944838,46.98833396500464],[4.756852603695451,46.988446727619035],[4.757019994414082,46.988497311948684],[4.757120989010581,46.988526429131696],[4.757257935494006,46.98855908722472],[4.757426049119079,46.988586155203805],[4.757691354636662,46.98861685752007],[4.757782760366368,46.98862670401861],[4.758027666744027,46.98862706109752],[4.758224743719686,46.98862610226235],[4.758319168671255,46.98863691996651],[4.758629438265292,46.98867306773038],[4.758939654609377,46.98870716218751],[4.759008539471333,46.98871327149298],[4.759099912191457,46.988722090812104],[4.759193938563764,46.98872065717991],[4.759370093834269,46.988718997756585],[4.759487862007347,46.98871311327222],[4.7596519066858365,46.988706522889906],[4.759775547123895,46.98869748662522],[4.759893281778175,46.988690575591505],[4.760151053191925,46.98867336000758],[4.760398413443496,46.9886573293447],[4.760684432087662,46.988636619638804],[4.760817176252955,46.98863152289083],[4.7608618067735256,46.988626753175986],[4.76102101241788,46.988608995624794],[4.761178685222192,46.98859024361061],[4.761337777722245,46.98856942541987],[4.7617563395040845,46.98853748574988],[4.762196689209547,46.98853280514084],[4.762201961528131,46.98851126410723]]]]}},{"type":"Feature","id":"inao-denom-270","properties":{"id":"inao-denom-270","name":"Les Grands Champs","tier":"premier_cru","kind":"vineyard","appellationId":129,"denominationId":270,"sourceName":"Auxey-Duresses premier cru Les Grands Champs","communes":["21037"],"areaHa":4.05},"geometry":{"type":"MultiPolygon","coordinates":[[[[4.754123336691012,46.98717014288296],[4.7538665010248,46.987123985119936],[4.75372233399697,46.98709858331648],[4.753582706024269,46.98707516563231],[4.753193880352132,46.987010569650444],[4.753141368132293,46.9870031904851],[4.75307560492883,46.98700112785384],[4.752862018518854,46.986999266894905],[4.7525353707957185,46.98701035307373],[4.752368344479699,46.98701697869544],[4.752368576298587,46.987024125658124],[4.752168896916632,46.98703636215499],[4.752077912029248,46.9870397791926],[4.751921376144396,46.98704727149716],[4.7517653990595505,46.98702613516292],[4.7517205904224875,46.98702579787333],[4.751449701604684,46.98700640578846],[4.751450165291231,46.98702070871873],[4.751427744196981,46.98702002244506],[4.751440304787328,46.98722317021048],[4.751442844481773,46.987347787779115],[4.751342782178116,46.987347262472994],[4.75110388678416,46.98734782670507],[4.750872793616238,46.98735848443622],[4.750867394504553,46.987329955446235],[4.750724241352115,46.98733621637402],[4.750585573652234,46.98734240906467],[4.750613422023812,46.98751058112274],[4.750641303820163,46.98767977930358],[4.750672138506111,46.987847906021415],[4.750688381819105,46.98793450994066],[4.75070767737485,46.988023111821114],[4.750719194011223,46.988055636543855],[4.750725089582607,46.98809948559956],[4.750745673026055,46.98818193508753],[4.750738184380408,46.98822700487569],[4.75072624042863,46.98822718611695],[4.750727796046295,46.98827518958621],[4.750763971702897,46.98837784526712],[4.750887347989184,46.98836064542377],[4.750935342392566,46.98836706754677],[4.751027683262735,46.988359533300894],[4.751138158873664,46.988358883220606],[4.751239179592141,46.98834303994208],[4.751317792062342,46.98832651908183],[4.751397857929007,46.98830895846713],[4.751442290287626,46.98829806257013],[4.75154305926514,46.98827405472704],[4.751611081506773,46.98825360587571],[4.751689660753326,46.98823606762484],[4.75176829275732,46.988220563793625],[4.751836579874418,46.98820828790823],[4.751974753124116,46.98818678265762],[4.752138333241524,46.98816590003259],[4.752254316500323,46.98815085526783],[4.752295941560256,46.98814511687847],[4.75253165140648,46.98809249196246],[4.752828387685323,46.98803382422017],[4.753003778596795,46.98800868136104],[4.753109316948505,46.987993794427574],[4.753356132509614,46.987961432863614],[4.753424651193186,46.98795631199721],[4.753549757210891,46.98794623347349],[4.753673728267985,46.98794741111297],[4.753817247375476,46.98795238003258],[4.753875653063271,46.98795762503117],[4.753916517139416,46.98783643620158],[4.754123336691012,46.98717014288296]]],[[[4.756110323804114,46.98816682137037],[4.755922728633372,46.98804603798745],[4.755765259592634,46.98793297298404],[4.7554766799948425,46.98773709653575],[4.755369476694589,46.987654939054664],[4.755282120325337,46.98758576286621],[4.755144440856915,46.98748465265341],[4.75509264464612,46.987452750087094],[4.755047072439526,46.987428920946],[4.755022932565353,46.98742111102553],[4.754682880299542,46.987295494229805],[4.754553496218484,46.98726578005501],[4.754509515642339,46.98738293699399],[4.754475229311574,46.98747644174003],[4.754172096215545,46.98742996202625],[4.754231286818315,46.98727579488472],[4.754142703949284,46.98726078748454],[4.754112692077397,46.98725613758193],[4.754045199095852,46.987476847551534],[4.753969411065515,46.98771812638727],[4.753892135657892,46.98795941874959],[4.753983738596772,46.9879753980806],[4.754070902233186,46.987992462470174],[4.754269568749881,46.98804053095359],[4.754828186143035,46.988183267685194],[4.755116825438403,46.98824324955702],[4.755154508633103,46.98825391535378],[4.755266012534398,46.9882849185483],[4.755377582662239,46.98831795590619],[4.755484879995347,46.98835720002471],[4.75567266698856,46.988438122177485],[4.755844542150135,46.988488639954994],[4.755914811688903,46.98839970238629],[4.756110323804114,46.98816682137037]]]]}},{"type":"Feature","id":"inao-denom-271","properties":{"id":"inao-denom-271","name":"Reugne","tier":"premier_cru","kind":"vineyard","appellationId":129,"denominationId":271,"sourceName":"Auxey-Duresses premier cru Reugne","communes":["21037"],"areaHa":3.03},"geometry":{"type":"Polygon","coordinates":[[[4.754723088051277,46.98894712226724],[4.755173406849628,46.98828428309479],[4.755093547840743,46.988261993199124],[4.754837993459138,46.98820968518431],[4.75464984939651,46.988163492913614],[4.75424627808385,46.9880592836272],[4.75403703450964,46.98800728734267],[4.753858367259683,46.98797730397977],[4.753726771811473,46.98797112722328],[4.75355632575442,46.98796452317106],[4.753328634140042,46.987988417414684],[4.753016451515875,46.98803096689902],[4.752854391559175,46.98805284532358],[4.752649561726981,46.98905731256557],[4.752550005242693,46.989532935828905],[4.752626958463957,46.98955731590877],[4.752830367151336,46.989613492000395],[4.75289359141225,46.989628876711485],[4.752964294435188,46.98964517440495],[4.7530978903435,46.98966664028834],[4.753182468220421,46.989696010349704],[4.7532564689011885,46.98972145251806],[4.753322898573398,46.989743947773526],[4.75338630892529,46.989765462232604],[4.753350361815897,46.98980790275566],[4.753599378817444,46.98988892441576],[4.7535218640237815,46.98998513004339],[4.753638386591596,46.99003240379938],[4.7535985174182445,46.99009227588991],[4.753696187770908,46.99015720799881],[4.753839677550083,46.99025311639093],[4.753925175815116,46.99012716063306],[4.75404356096901,46.98995573966757],[4.754723088051277,46.98894712226724]]]}},{"type":"Feature","id":"inao-denom-272","properties":{"id":"inao-denom-272","name":"Auxey-Duresses Premier Cru","tier":"premier_cru","kind":"appellation","appellationId":129,"denominationId":272,"sourceName":"Auxey-Duresses premier cru","communes":["21037"],"areaHa":31.78},"geometry":{"type":"MultiPolygon","coordinates":[[[[4.75372233399697,46.98709858331648],[4.753582706024269,46.98707516563231],[4.753193880352132,46.987010569650444],[4.753141368132293,46.9870031904851],[4.75307560492883,46.98700112785384],[4.752862018518854,46.986999266894905],[4.7525353707957185,46.98701035307373],[4.752368344479699,46.98701697869544],[4.752368576298587,46.987024125658124],[4.752168896916632,46.98703636215499],[4.752077912029248,46.9870397791926],[4.751921376144396,46.98704727149716],[4.7517653990595505,46.98702613516292],[4.7517205904224875,46.98702579787333],[4.751449701604684,46.98700640578846],[4.751450165291231,46.98702070871873],[4.751427744196981,46.98702002244506],[4.751440304787328,46.98722317021048],[4.751442844481773,46.987347787779115],[4.751342782178116,46.987347262472994],[4.75110388678416,46.98734782670507],[4.750872793616238,46.98735848443622],[4.750867394504553,46.987329955446235],[4.750724241352115,46.98733621637402],[4.750585573652234,46.98734240906467],[4.750613422023812,46.98751058112274],[4.750641303820163,46.98767977930358],[4.750672138506111,46.987847906021415],[4.750688381819105,46.98793450994066],[4.75070767737485,46.988023111821114],[4.750719194011223,46.988055636543855],[4.750725089582607,46.98809948559956],[4.750745673026055,46.98818193508753],[4.750738184380408,46.98822700487569],[4.75072624042863,46.98822718611695],[4.750727796046295,46.98827518958621],[4.750763971702897,46.98837784526712],[4.750887347989184,46.98836064542377],[4.750935342392566,46.98836706754677],[4.751027683262735,46.988359533300894],[4.751138158873664,46.988358883220606],[4.751239179592141,46.98834303994208],[4.751317792062342,46.98832651908183],[4.751397857929007,46.98830895846713],[4.751442290287626,46.98829806257013],[4.75154305926514,46.98827405472704],[4.751611081506773,46.98825360587571],[4.751689660753326,46.98823606762484],[4.75176829275732,46.988220563793625],[4.751836579874418,46.98820828790823],[4.751974753124116,46.98818678265762],[4.752138333241524,46.98816590003259],[4.752254316500323,46.98815085526783],[4.752295941560256,46.98814511687847],[4.75253165140648,46.98809249196246],[4.752828387685323,46.98803382422017],[4.753003778596795,46.98800868136104],[4.753109316948505,46.987993794427574],[4.753356132509614,46.987961432863614],[4.753424651193186,46.98795631199721],[4.753549757210891,46.98794623347349],[4.753673728267985,46.98794741111297],[4.753817247375476,46.98795238003258],[4.753875653063271,46.98795762503117],[4.753916517139416,46.98783643620158],[4.754123336691012,46.98717014288296],[4.7538665010248,46.987123985119936],[4.75372233399697,46.98709858331648]]],[[[4.7554766799948425,46.98773709653575],[4.755369476694589,46.987654939054664],[4.755282120325337,46.98758576286621],[4.755144440856915,46.98748465265341],[4.75509264464612,46.987452750087094],[4.755047072439526,46.987428920946],[4.755022932565353,46.98742111102553],[4.754682880299542,46.987295494229805],[4.754553496218484,46.98726578005501],[4.754509515642339,46.98738293699399],[4.754475229311574,46.98747644174003],[4.754172096215545,46.98742996202625],[4.754231286818315,46.98727579488472],[4.754142703949284,46.98726078748454],[4.754112692077397,46.98725613758193],[4.754045199095852,46.987476847551534],[4.753969411065515,46.98771812638727],[4.753892135657892,46.98795941874959],[4.753983738596772,46.9879753980806],[4.754070902233186,46.987992462470174],[4.754269568749881,46.98804053095359],[4.754828186143035,46.988183267685194],[4.755116825438403,46.98824324955702],[4.755154508633103,46.98825391535378],[4.755266012534398,46.9882849185483],[4.755377582662239,46.98831795590619],[4.755484879995347,46.98835720002471],[4.75567266698856,46.988438122177485],[4.755844542150135,46.988488639954994],[4.755914811688903,46.98839970238629],[4.756110323804114,46.98816682137037],[4.755922728633372,46.98804603798745],[4.755765259592634,46.98793297298404],[4.7554766799948425,46.98773709653575]]],[[[4.761477611679501,46.987866334538],[4.761574367237228,46.98794864600762],[4.761694077476395,46.98804797882934],[4.761781289226431,46.98811203727913],[4.762134905515563,46.988332454099435],[4.762178349321804,46.988336905787115],[4.762181510206709,46.98820504154164],[4.762153013681348,46.98792652618929],[4.762147296090821,46.98784282476853],[4.761477611679501,46.987866334538]]],[[[4.759762615105425,46.98802533916257],[4.7596496201772736,46.988040345933506],[4.759634756878278,46.98804261690827],[4.759521761878483,46.98805762355392],[4.759511350976426,46.98805880897112],[4.7593951703082515,46.988067731218905],[4.759338516536695,46.988070639430106],[4.759271032359209,46.988061447049176],[4.759081515756905,46.98806536336264],[4.758918440321443,46.98805558390791],[4.75886453982618,46.988051299417116],[4.75833792968169,46.988020493916345],[4.757998768300856,46.98801442328224],[4.757637119230094,46.988005632314],[4.757375879033401,46.988007567530744],[4.75723989712273,46.98800452351112],[4.757108122073847,46.98799324713229],[4.757001920596769,46.987987714005],[4.756907497043442,46.98797689522072],[4.756285533450968,46.98781469897379],[4.755627244608683,46.98763773357046],[4.755650727836387,46.98767109339238],[4.756066465756852,46.98796619455895],[4.756266834740012,46.9881123232995],[4.756347789626871,46.988168312873746],[4.756608517944838,46.98833396500464],[4.756852603695451,46.988446727619035],[4.757019994414082,46.988497311948684],[4.757120989010581,46.988526429131696],[4.757257935494006,46.98855908722472],[4.757426049119079,46.988586155203805],[4.757691354636662,46.98861685752007],[4.757782760366368,46.98862670401861],[4.758027666744027,46.98862706109752],[4.758224743719686,46.98862610226235],[4.758319168671255,46.98863691996651],[4.758629438265292,46.98867306773038],[4.758939654609377,46.98870716218751],[4.759008539471333,46.98871327149298],[4.759099912191457,46.988722090812104],[4.759193938563764,46.98872065717991],[4.759370093834269,46.988718997756585],[4.759487862007347,46.98871311327222],[4.7596519066858365,46.988706522889906],[4.759775547123895,46.98869748662522],[4.759893281778175,46.988690575591505],[4.760151053191925,46.98867336000758],[4.760398413443496,46.9886573293447],[4.760684432087662,46.988636619638804],[4.760817176252955,46.98863152289083],[4.7608618067735256,46.988626753175986],[4.76102101241788,46.988608995624794],[4.761178685222192,46.98859024361061],[4.761337777722245,46.98856942541987],[4.7617563395040845,46.98853748574988],[4.762196689209547,46.98853280514084],[4.762201961528131,46.98851126410723],[4.762175708586414,46.988439124429505],[4.76211985498299,46.988374578334756],[4.7620431997433865,46.988313420838374],[4.761860296269454,46.98819972575056],[4.761778402292391,46.98816112622932],[4.7615655548047355,46.98799885207101],[4.761519546381017,46.98796174874042],[4.761419405209643,46.98786722319536],[4.76055501081708,46.98791822251337],[4.760567551860905,46.98798240363633],[4.7603246805704496,46.98799837522835],[4.760029161867438,46.98800288374034],[4.759776012257851,46.98802411717957],[4.759762615105425,46.98802533916257]],[[4.760333636478373,46.988044221505035],[4.760397718450653,46.98840700052719],[4.7603246805704496,46.98799837522835],[4.760333636478373,46.988044221505035]]],[[[4.758882576113367,46.9903939992783],[4.758830691891839,46.99022210679321],[4.7588090276734745,46.990152949411254],[4.758761184216964,46.98996771195119],[4.758736724167486,46.989858756153424],[4.758685665888608,46.989620434289385],[4.758671430952395,46.98950416311314],[4.75865566336588,46.98938689765433],[4.758643048322513,46.98927469934999],[4.758629046225257,46.98916557510088],[4.758625195791238,46.989139067103615],[4.75861679697184,46.98906461027177],[4.758602961413081,46.988960598688685],[4.758574621839691,46.98877812574378],[4.758068794102621,46.98874394022268],[4.757648214572359,46.9887135600489],[4.757558627517455,46.988713907156516],[4.757557340511936,46.98872005961319],[4.757512497051526,46.988718698436756],[4.757512330724415,46.988713585758255],[4.757252128807133,46.98870223049129],[4.757180092146584,46.98869106193668],[4.75704172540399,46.98866046966076],[4.757030014112841,46.988667807505195],[4.757024307621114,46.988676062536285],[4.757042791947925,46.98878511868662],[4.757052646691405,46.98881255292721],[4.75715872410967,46.988997921820285],[4.757205921772187,46.98911777969305],[4.75722957651014,46.98924820852516],[4.757254850734859,46.98938270124938],[4.757256682359567,46.98939288576282],[4.757287700933718,46.98947415763715],[4.757316721648125,46.9895401323117],[4.7573776828834085,46.989669992881886],[4.757429865681149,46.98980510234213],[4.757498212488238,46.99006972799197],[4.757525776020386,46.99018272529966],[4.75752899462576,46.99018982675862],[4.757628548116503,46.9904039055331],[4.75772215040076,46.990619101525446],[4.757807814216309,46.99091105646],[4.758029477413713,46.99088520112935],[4.758924760615513,46.99077244017029],[4.758930237230538,46.99071104619576],[4.758885551844115,46.99062283259989],[4.75886219172513,46.990501594375374],[4.758882576113367,46.9903939992783]]],[[[4.757734739699604,46.99077626546019],[4.757689449260869,46.99062368826273],[4.75759603337684,46.99041462225458],[4.75752376214064,46.990258367421404],[4.757518977433102,46.990249245535445],[4.757506049395652,46.99021878722663],[4.7574946280693515,46.990189332609695],[4.757486172616217,46.990158806170264],[4.757415184892908,46.98990443315472],[4.757387774898148,46.98979654868789],[4.757332154333138,46.98964719059563],[4.757267928168751,46.989509202597134],[4.757256686289139,46.98948485142605],[4.757238907530534,46.98944322790967],[4.757224081762004,46.9894005417769],[4.757202046043186,46.989274167852095],[4.757165982302386,46.98912962702684],[4.757129096607825,46.98900553253221],[4.757113282603685,46.98897818004931],[4.75700465116538,46.98880613334945],[4.75698049891942,46.98866038441722],[4.75664955023038,46.9884937579838],[4.7564728088606705,46.988385075916376],[4.756360042508663,46.988315269721994],[4.756271857854072,46.98840448028755],[4.756205417587024,46.988473952613205],[4.7559870856957405,46.988372035737],[4.75604757405065,46.9883036717664],[4.756038483548005,46.98829973056628],[4.755956469611983,46.988394979812504],[4.75585441642791,46.98851710063739],[4.755715686097893,46.98847528227407],[4.7556809552873345,46.98846354508619],[4.755638633568667,46.98844784383753],[4.755599264523739,46.98843107100024],[4.755497852653805,46.98838867551354],[4.755488795228384,46.98838575140588],[4.755354239025116,46.988334665329],[4.755173406849628,46.98828428309479],[4.755093547840743,46.988261993199124],[4.754837993459138,46.98820968518431],[4.75464984939651,46.988163492913614],[4.75424627808385,46.9880592836272],[4.75403703450964,46.98800728734267],[4.753858367259683,46.98797730397977],[4.753726771811473,46.98797112722328],[4.75355632575442,46.98796452317106],[4.753328634140042,46.987988417414684],[4.753016451515875,46.98803096689902],[4.752854391559175,46.98805284532358],[4.752668867394186,46.98808733665154],[4.75252936125379,46.98811398720019],[4.752313020342329,46.988165291291864],[4.751947286934645,46.98821478401429],[4.7517408929890035,46.98825061737687],[4.751617682701775,46.98827292181989],[4.751475666139157,46.98831391014907],[4.751296330714694,46.98835545576931],[4.751137486746107,46.988384433417146],[4.751013680161091,46.98838835674021],[4.750730380554645,46.98840083306743],[4.750738119179544,46.98854784976489],[4.750739945381394,46.988695982815045],[4.750754384504143,46.98886538490101],[4.750786544001625,46.98907435901887],[4.7508029966286704,46.98912110977665],[4.7508308868572655,46.98919834215607],[4.7508617170921115,46.98927451227612],[4.75092054708361,46.98938499221745],[4.750954452962776,46.98941717713646],[4.751020275333691,46.98946726718077],[4.751178089656549,46.98949858911532],[4.751262235832759,46.98951468380343],[4.751359846015677,46.98953160069899],[4.751486544292305,46.98938662287144],[4.751496998409031,46.98934048138389],[4.751703959687084,46.989322011799345],[4.751836726503239,46.98931795172057],[4.751857089845231,46.98934728008864],[4.7518827996611215,46.989403084902065],[4.751878185450557,46.98944504919603],[4.752168886764173,46.98947639624419],[4.752340132460452,46.98950751262495],[4.7523761841164776,46.9895141245545],[4.752550005242693,46.989532935828905],[4.752626958463957,46.98955731590877],[4.752830367151336,46.989613492000395],[4.75289359141225,46.989628876711485],[4.752964294435188,46.98964517440495],[4.7530978903435,46.98966664028834],[4.753182468220421,46.989696010349704],[4.7532564689011885,46.98972145251806],[4.753322898573398,46.989743947773526],[4.75338630892529,46.989765462232604],[4.753350361815897,46.98980790275566],[4.753599378817444,46.98988892441576],[4.7535218640237815,46.98998513004339],[4.753638386591596,46.99003240379938],[4.7535985174182445,46.99009227588991],[4.753696187770908,46.99015720799881],[4.753839677550083,46.99025311639093],[4.7540531741490595,46.99043583740292],[4.7541130748874885,46.99048704239568],[4.754168357296817,46.99053422901158],[4.754231177726042,46.99058333626911],[4.754411451912797,46.99070832226147],[4.7547424665898115,46.99092297217632],[4.754967077310691,46.99112595631949],[4.755075600810153,46.99124896169973],[4.7551538783526235,46.991360170400256],[4.755313294676909,46.99162443836009],[4.755384141230472,46.99178276039508],[4.755453243096169,46.991978914608325],[4.755590295688297,46.99192266946017],[4.755713280376114,46.99189321385662],[4.755785890921089,46.991875754713675],[4.7563001308453465,46.99175451126367],[4.756366822230258,46.9917391951343],[4.756506169889594,46.9917074363033],[4.7573642916418235,46.99150738535953],[4.757909739602588,46.991381570719845],[4.757936402378952,46.99137503164561],[4.757855460431043,46.991182121063524],[4.757833830466162,46.99111398965497],[4.757734739699604,46.99077626546019]]],[[[4.750778633639308,46.989337083421816],[4.75074732710336,46.989246619559],[4.75062417892991,46.988395294071154],[4.750331345199443,46.98839053319956],[4.750078849439287,46.98838619537032],[4.7500310336014815,46.98838487638022],[4.749974709636389,46.988397987370966],[4.7498472444909074,46.98842751392382],[4.749682407450869,46.988455553804705],[4.749529117523153,46.98847116167952],[4.74945916469804,46.988478355247565],[4.749387791594482,46.9884876145872],[4.749356577462054,46.9884921764282],[4.749179663634489,46.98851631013664],[4.749011906412244,46.98854644660631],[4.748782790051259,46.98857239768503],[4.748794128330045,46.98864579284609],[4.748780156888059,46.98867563314923],[4.748716177001897,46.988728718489185],[4.74863535071253,46.98876877580776],[4.748532056137527,46.9888071202939],[4.748477363509822,46.98882430337939],[4.748333611941718,46.988858154592506],[4.748315741863641,46.988859443018775],[4.748166625466924,46.98886579106664],[4.748013320783244,46.988881397125134],[4.747782352656014,46.988896135214894],[4.747506957348547,46.98892278477523],[4.747418043653578,46.988943547577335],[4.747391235470369,46.98894599787194],[4.747362920810944,46.98894744433403],[4.7472861032964,46.98892715629412],[4.746677163639719,46.98893637661095],[4.746769010975424,46.989606301517405],[4.746779922524864,46.989851368498705],[4.746925193734832,46.990326341079495],[4.74668580906063,46.99035857614877],[4.7470142840483,46.99123438894055],[4.747163287401488,46.99163982622846],[4.7472567177075335,46.991896917767434],[4.747277938403584,46.99195280049252],[4.7479751616536685,46.99180940719841],[4.748502452897774,46.991675735369185],[4.748568927923008,46.99165326758554],[4.748573612182693,46.99165932942749],[4.748706714426132,46.99161950662533],[4.748841382286128,46.99158170421306],[4.748881325393689,46.99156985976984],[4.748979036130401,46.99154385637834],[4.749098938006788,46.99151138367316],[4.74915201462181,46.99149014529572],[4.749336672769464,46.991428079760475],[4.749398066091528,46.99138729904248],[4.750127292160693,46.99112590184398],[4.750305542855325,46.99100466585217],[4.750430201335481,46.9908883401868],[4.7505755171356485,46.990764541481376],[4.750632367037935,46.9906758019704],[4.750650711110762,46.99064282418833],[4.75067809023931,46.99056577983725],[4.750829972119954,46.9899534605875],[4.750880631097609,46.98967374229154],[4.750875132562662,46.98964215291202],[4.75082837599359,46.989489595524326],[4.750778633639308,46.989337083421816]]]]}},{"type":"Feature","id":"inao-denom-2075","properties":{"id":"inao-denom-2075","name":"Auxey-Duresses (red)","tier":"village","kind":"appellation","appellationId":129,"denominationId":2075,"sourceName":"Auxey-Duresses ou Auxey-Duresses Côte de Beaune","communes":["21037"],"areaHa":172.58},"geometry":{"type":"MultiPolygon","coordinates":[[[[4.751273289159389,46.9796296880846],[4.751074259213572,46.979569363631],[4.751059599511054,46.97962373722373],[4.751051635934684,46.97965451339029],[4.750682362426496,46.979546700866166],[4.750497039286406,46.97949433554648],[4.750254363324129,46.979423423933774],[4.750037402199908,46.97936234313381],[4.7499267293552885,46.97954079422656],[4.750183779722859,46.97964111706936],[4.750170221629543,46.979683217113845],[4.750137317249956,46.9797276549566],[4.749723945784643,46.97954897644642],[4.74964023646729,46.97963812336612],[4.749614338909476,46.97966814478414],[4.749694626041506,46.979703715162074],[4.749585909810737,46.97980448039331],[4.749728392668557,46.97987078033307],[4.749793586962064,46.979901464357205],[4.749686006095928,46.97999097338737],[4.74961334513155,46.980052359344675],[4.749598814128516,46.9800648364378],[4.749437739282465,46.98020828993047],[4.749246804509583,46.98007528997974],[4.7493164270948585,46.98001189704535],[4.7493656671621896,46.97996517644786],[4.749398362558775,46.97996059205385],[4.749439355163525,46.979981430876464],[4.749480444967145,46.97995934723607],[4.749520443545766,46.979903562938745],[4.749440057142921,46.97986493202015],[4.749359617854001,46.97982425756402],[4.749321908750991,46.979812572706166],[4.749278671307091,46.97981424601125],[4.749233175967345,46.979838440670314],[4.749166108943298,46.97988850245652],[4.749126815910113,46.97991975351827],[4.7490933484570705,46.979946827666474],[4.7490631110074775,46.97998100332339],[4.749060654318208,46.97999738584276],[4.74906118345435,46.980013732096076],[4.749084593172809,46.98004505005315],[4.74912123283438,46.98007003455154],[4.749156175037984,46.980088920929205],[4.749186327948907,46.98009765849514],[4.749207345872358,46.9801014283627],[4.749129683609192,46.98014654456925],[4.749117972797457,46.98015387262924],[4.749057913012757,46.9801895271067],[4.749016954851305,46.98021568815686],[4.7489852842833695,46.98025193880598],[4.748950395020007,46.98023509585849],[4.74890456706307,46.98020309111065],[4.748827278405557,46.98016747472803],[4.748796829406571,46.98019552966839],[4.748773012493353,46.98024391789676],[4.748934069909132,46.98033037106342],[4.748922636732036,46.980345872029844],[4.748893916650674,46.98033505938177],[4.748765126515435,46.980276727980474],[4.748696659756754,46.980375864503806],[4.7488197895434245,46.98044347656856],[4.749043156085996,46.980563728793925],[4.749109891634903,46.98064241700527],[4.749137885660884,46.98067672736404],[4.748841392100718,46.98055759295837],[4.748768773142289,46.98052803859227],[4.748707544973701,46.98061990587958],[4.748676369486409,46.980671467548206],[4.748652353873243,46.98071372590013],[4.7486127834722796,46.98078278671087],[4.748793506482989,46.98087711912118],[4.748853027752529,46.980917084452315],[4.748906445951234,46.98095306271772],[4.748923269795345,46.98096506435489],[4.748847819468803,46.981032624918],[4.748704915336797,46.98109201319042],[4.748690483184161,46.98110755958741],[4.748695596239854,46.981126898271604],[4.7487617157082855,46.981140196948424],[4.748833674428307,46.981149327503985],[4.748858207129539,46.981169389419705],[4.7488667355908385,46.98120195965993],[4.74886746279733,46.981224426749655],[4.748863837294651,46.981251048394036],[4.748853890128856,46.98126652681778],[4.74883947112492,46.98128207303315],[4.748829312389459,46.98129142181116],[4.748790843035055,46.9813022174042],[4.748759646155057,46.981306778894734],[4.748666291231138,46.9812366711368],[4.748628549282229,46.9812699427678],[4.748561790489691,46.98132919424486],[4.748667140863845,46.981401164538376],[4.748602640467479,46.98143790369033],[4.748552538226942,46.981412096441076],[4.748472734054179,46.98148381129196],[4.748561604437419,46.98155399618339],[4.748457861806482,46.98162402057071],[4.748446150874746,46.98163135756035],[4.748405105443649,46.98165445776124],[4.748366966335117,46.98167546961653],[4.748277588941062,46.98168193036123],[4.748278481340983,46.9817095101544],[4.748268566834594,46.981726005665315],[4.748235758671253,46.98177350335789],[4.748214199253069,46.98179937911149],[4.748110303261406,46.98181832543826],[4.747946034668256,46.98190970932702],[4.747889321485835,46.98200252532267],[4.7476962324856,46.98208004453152],[4.747880968567629,46.982251973291895],[4.747796854949102,46.9822828762769],[4.747722153296862,46.982188989422355],[4.747602230190635,46.98203548575924],[4.747400778147433,46.982131520689705],[4.747159646523315,46.98224655474854],[4.747220687240951,46.98233349837105],[4.747276747928959,46.982405198783404],[4.747365003556036,46.98236401203803],[4.747468492045054,46.982516738235645],[4.747589043254107,46.982689639679926],[4.74768623114646,46.982832239721056],[4.747701906100839,46.982855497986634],[4.747716028994147,46.98287674448711],[4.747728665626985,46.982898013502435],[4.747962660904635,46.98297723018642],[4.748172759702838,46.98314877419776],[4.748234496556115,46.983211193378],[4.748271468551999,46.98324639452142],[4.748358303612886,46.98348417849232],[4.748461564418589,46.9835837649483],[4.748813213864518,46.984022917555414],[4.748895896296694,46.98399407985683],[4.748943147331785,46.98402400975702],[4.749081796720747,46.984109784853786],[4.749223399093951,46.98419448837027],[4.749336048536118,46.98426124121242],[4.7494462530363615,46.98429840244336],[4.749537980493473,46.98431846287822],[4.749725855261667,46.98435649022663],[4.749766343890448,46.98440798282018],[4.74977233957882,46.9845008751967],[4.7497724389862155,46.98450394461484],[4.74978968096732,46.984529223120255],[4.7498226657992415,46.98457981186714],[4.749857083986735,46.984628334581956],[4.749950336359367,46.984741363884865],[4.750044118311594,46.984870730330755],[4.750294406174627,46.98489963287349],[4.7504227892548725,46.984898702680546],[4.750541749246467,46.98483764052156],[4.750580062542578,46.98472976586248],[4.7505604270398685,46.98467693048023],[4.750529070519223,46.98458442294669],[4.750499187266971,46.984491893049125],[4.750463875320512,46.98441579977261],[4.750320957329345,46.98424425821554],[4.750316306759565,46.98423922256994],[4.750216556280339,46.98415592972293],[4.7502381818714685,46.98413209689282],[4.750235898993786,46.984061626293034],[4.75024678324892,46.984028761649576],[4.750280051760335,46.983949583556154],[4.75028399455858,46.9839331784817],[4.750291870597129,46.98385335898011],[4.750337341085062,46.98369019815172],[4.750352333302351,46.983646032112354],[4.75045456301177,46.98343706282456],[4.75046404672384,46.983407281322854],[4.750484414689904,46.98334464414831],[4.750509287850818,46.98328296525186],[4.750534173816227,46.983221277148026],[4.750573180967162,46.98313485236274],[4.75058975856453,46.98309373315022],[4.750600871100284,46.98302203261326],[4.750618716497334,46.98297374366641],[4.750625757132632,46.98296035348582],[4.750649692842524,46.982916051673925],[4.750675141088449,46.9828717269026],[4.750762266889182,46.98274983699632],[4.750796592649116,46.982703333182684],[4.750821200019637,46.982633472089354],[4.750832282267671,46.98260673721273],[4.750850094068547,46.9825574220836],[4.750845453661937,46.98250640342429],[4.750843964318261,46.98246044314774],[4.750845659281133,46.982420567394456],[4.750850638008823,46.98238984558379],[4.750850141560251,46.982374525491146],[4.750843276510984,46.98234703635039],[4.750799316413269,46.98223428628367],[4.750790389655336,46.982189465522616],[4.750782244420204,46.982076171894924],[4.750765068674766,46.982052927796296],[4.750730684270253,46.982005422451806],[4.750683522968006,46.98202453672309],[4.750506501305471,46.98209056879588],[4.750310562475413,46.982172224241],[4.750138111207302,46.982241257315835],[4.7500017719513865,46.98231893709634],[4.7498914100668985,46.98236862934425],[4.749698422029996,46.98244922131477],[4.7495929285238,46.98251110512746],[4.749486067683795,46.98257709814077],[4.749406968837648,46.982624280517186],[4.749282008139259,46.982684414955685],[4.749240850030338,46.98270445522655],[4.7491233466039215,46.98276447641167],[4.749007408481766,46.98282651802329],[4.7487996884736345,46.98295943847179],[4.748659104815088,46.98304433141772],[4.748527246544964,46.98312194145119],[4.748511789297169,46.98310583047837],[4.748610422387634,46.983062441223424],[4.74876265121749,46.982968168039946],[4.748990894689213,46.982823706464885],[4.749186130583797,46.98272061254074],[4.749410957890509,46.98260889240548],[4.749563316374299,46.9825187047118],[4.749693652196091,46.98244008988105],[4.749835158804291,46.98238379257286],[4.749983705536302,46.98231409594469],[4.750133374555882,46.982233152040095],[4.750305858754248,46.98216513611132],[4.750374963149822,46.9821324147229],[4.750483784813516,46.982080701081856],[4.750666711264091,46.98201252614575],[4.750706170299221,46.981986378278236],[4.750702754459526,46.98197314677215],[4.750691318779611,46.98194267406608],[4.750678350176533,46.98191118897129],[4.750677665666427,46.98184376499629],[4.750663277059368,46.98181434573308],[4.750637869884479,46.98176773077114],[4.750586939280637,46.98171639691429],[4.750570061492891,46.98170234304201],[4.750449230507012,46.98161323743192],[4.7503669907454675,46.98156339619316],[4.750303015590954,46.981524516839414],[4.750132873891081,46.981388131892665],[4.750123983243288,46.98139031105717],[4.749937073168991,46.98115098439229],[4.749859813461176,46.98107041199925],[4.750005360180041,46.98104674365621],[4.7500496925396325,46.98112475355795],[4.750061758679436,46.98122061585025],[4.750078900621036,46.98124283391891],[4.750132849139175,46.98129514885359],[4.750169490424528,46.98132014201042],[4.7502362391330895,46.98135284650237],[4.7502741045750225,46.981415626805365],[4.750322161569001,46.98147007532609],[4.750600179700648,46.98166408024975],[4.750759814101699,46.98179857970557],[4.750907484682004,46.98170233744267],[4.750942438549959,46.98167524022516],[4.750983032547757,46.98163783596565],[4.751036260877796,46.98157571750679],[4.751159108593355,46.9814042401584],[4.751269023165848,46.981248277625305],[4.751295810733508,46.98119984377179],[4.751304767531027,46.98119970779644],[4.751352692287326,46.98106614672339],[4.751365061770497,46.98103326838109],[4.7513776095304125,46.98100548453483],[4.751420877257776,46.98095884472776],[4.751496589205251,46.98089945559927],[4.751562023483816,46.9808453286808],[4.751688274227124,46.98073305627313],[4.751837415847159,46.98058978982057],[4.7519939766574995,46.980399400907366],[4.752064420369062,46.980315559953105],[4.7522154812382995,46.98009358130398],[4.752274830351018,46.9800364844456],[4.752328300554391,46.97998151213827],[4.752387285098522,46.97991318168149],[4.75220311393262,46.97985058013229],[4.751857489213127,46.9797352616061],[4.7513201470902455,46.979555409421195],[4.751273289159389,46.9796296880846]]],[[[4.713534959857583,46.985265501850485],[4.713500214040974,46.98515873473671],[4.713451944821021,46.98509609755906],[4.713381770859069,46.98500211314169],[4.713331937909351,46.98493746388291],[4.713298199998351,46.984909354269625],[4.713229192249387,46.98485213113023],[4.71316499420561,46.984805066839556],[4.7130993935371315,46.98476107622492],[4.713022216138821,46.98468150541572],[4.712915676303053,46.98457068897405],[4.712789260237523,46.98439784007989],[4.712706497683321,46.9842836085511],[4.712679506227755,46.98423292073885],[4.712641358928607,46.98415992066421],[4.712623940137282,46.98412850670859],[4.712624433025422,46.98404981784944],[4.712689917479817,46.98390171292804],[4.712610435775975,46.98384362729382],[4.712391878161464,46.98368440233698],[4.71210312254031,46.98347718353238],[4.712045467901518,46.983448410874075],[4.711955964686609,46.98340375671759],[4.711678226892322,46.98326176272096],[4.711400535929021,46.98312078500415],[4.711281835119572,46.98305000608774],[4.71109455354315,46.98298227952585],[4.711052087165292,46.982961449146],[4.710895457631842,46.982871816407545],[4.710855847739672,46.98284685507221],[4.7107410189277195,46.98275660221393],[4.710722619539134,46.98274154760431],[4.710581481321698,46.9826220474479],[4.710302599578922,46.982396279497344],[4.710083117316803,46.98220743571435],[4.709883328050615,46.982027503317035],[4.709791295292068,46.9819501858451],[4.709747214936134,46.981925299402185],[4.709415406313113,46.981819862506214],[4.709375216344964,46.981823519917704],[4.709297744552459,46.98182875635367],[4.7093393430621235,46.98201104278901],[4.709332679830824,46.98208368125347],[4.70931733131451,46.9821176254648],[4.709176596489165,46.98243544531249],[4.709255800591516,46.982532360300745],[4.709328820597267,46.9826222164569],[4.70946913533323,46.9828101905124],[4.709715832365988,46.9831038709852],[4.709861636360731,46.983276435773355],[4.710155102175842,46.98363277619786],[4.710341683874313,46.98391406329574],[4.710441340230684,46.983996373460656],[4.71067109268871,46.984131931544006],[4.710917992160615,46.98429073037141],[4.711019634744442,46.98438833804221],[4.711118990283858,46.984508457402534],[4.711301568804296,46.984663103268886],[4.711640493364096,46.984898190374686],[4.711753453746169,46.984976213533486],[4.711869691780333,46.98506339162345],[4.711953808398266,46.985126515130595],[4.711993549676793,46.985155553668335],[4.7121052190091355,46.9852397284307],[4.712172499776747,46.985289818441366],[4.712409914165555,46.98543138321863],[4.7126683826708256,46.985624750100165],[4.71281529168244,46.9857370116923],[4.71298420952102,46.98588470737015],[4.713125471770769,46.986007264715006],[4.7133005471790685,46.98592496577148],[4.71342393593163,46.98581380591956],[4.713617992657616,46.98557693241451],[4.713725815945692,46.985445569799715],[4.713690027252084,46.985400119045366],[4.713626151913643,46.985363262509495],[4.713553156929449,46.98532142623649],[4.713534959857583,46.985265501850485]]],[[[4.713929488056819,46.98701812876939],[4.713870804988999,46.986956673108004],[4.713762629747647,46.98684179320998],[4.713649866456524,46.98672290184601],[4.7135354096999675,46.98659790274629],[4.7133482126277855,46.98639223140968],[4.713290207745177,46.986305225645935],[4.713230670978366,46.98621721596862],[4.713202806800735,46.98618594821121],[4.713048026594528,46.98601352081059],[4.7128161233339485,46.98581056569636],[4.712771584997789,46.985771377349934],[4.712617185623475,46.985658209267456],[4.7125744252368245,46.9856281891221],[4.71247064674249,46.985557189869276],[4.712459943707593,46.98554917169678],[4.712359170467502,46.985479145365915],[4.712133893414271,46.98534352413695],[4.711968955422689,46.98522744071459],[4.7118315381770275,46.98513139131652],[4.711672508718989,46.985013184556756],[4.71162050069116,46.98497410660248],[4.711328399198483,46.984755687592425],[4.711206611850114,46.98468188347532],[4.711152924000593,46.98463669745201],[4.711088456020645,46.984581458997106],[4.711066986039805,46.984563379089465],[4.7110498915849295,46.98454218140164],[4.7110419674954365,46.98452798910571],[4.710979560893948,46.98444309175666],[4.710822906324679,46.984305423663244],[4.7106216731195545,46.984174558155026],[4.710414889338035,46.984057048778986],[4.710271085981221,46.98394780906493],[4.7100782096320994,46.98365639386584],[4.70992575383041,46.983462476716355],[4.709873328381843,46.98341012099535],[4.709826066770259,46.983379139940695],[4.709694875008198,46.983291172839884],[4.70961744610439,46.98320342650871],[4.709566358879498,46.98314593566761],[4.709440771075593,46.98314064625445],[4.709238885863861,46.983130354371255],[4.709144480377798,46.983119496488804],[4.709051431672291,46.983104520904604],[4.708971825703544,46.98308935511604],[4.708839006853537,46.98304432261221],[4.708796735166136,46.98302962131021],[4.708684913526631,46.98298733950273],[4.708595736930192,46.9829528992464],[4.708545878403061,46.98293422169913],[4.7084854340581614,46.98291161238264],[4.708331793720785,46.98286893191883],[4.70806399283691,46.98280443707602],[4.7079857768415785,46.98278617914461],[4.707708824689985,46.982762695154925],[4.707454068125634,46.98282777575102],[4.707462315288259,46.982805175843005],[4.7077304684677515,46.98273887028461],[4.708016700637931,46.9827724381234],[4.708072401087534,46.98278694088129],[4.70826351762081,46.98283418191011],[4.70845734862185,46.982873205388756],[4.7087322843803125,46.98297437231458],[4.708984059715388,46.98305136858644],[4.709113279071653,46.9830770382854],[4.709294600256162,46.98309785637336],[4.709529121382445,46.98310153176641],[4.7095966686975945,46.983112796357176],[4.709397181342987,46.982848044387076],[4.709293282981851,46.98267894665763],[4.709088667264217,46.982440836526784],[4.70924952702919,46.98209819649681],[4.709236991232831,46.98174893072356],[4.709205985011311,46.98166561144693],[4.709169505067668,46.98159769170718],[4.709119066134594,46.981513624677355],[4.709084751146621,46.98146713307281],[4.708938909190795,46.98129355024782],[4.708847635689743,46.98119272530361],[4.708813805374399,46.9811615448896],[4.7087709217033575,46.98112744568583],[4.708717627129342,46.98109451830135],[4.7086707234519,46.98107477042116],[4.7086300366522655,46.98106311649178],[4.708574596279736,46.981056787210875],[4.708495348386507,46.98105284575337],[4.708341860618836,46.98106226923222],[4.708191552219535,46.981077778209695],[4.707681663705995,46.981147663674044],[4.7075120001353445,46.9811644759003],[4.707062086447476,46.98124265652587],[4.70693903523677,46.98127002607198],[4.706544657214763,46.98135760420106],[4.705467832018353,46.98148796223949],[4.705294358909723,46.981526296715785],[4.705127762493467,46.98154612195125],[4.704454400690147,46.98159286043649],[4.703853997173099,46.981586402357],[4.70357635337022,46.98163545840249],[4.703333250083614,46.98169116318424],[4.703137775035431,46.98174207578263],[4.702943863148033,46.98179500022033],[4.702812559640268,46.98184496495277],[4.702681094771225,46.981889816767634],[4.702548033830826,46.9819316301015],[4.702067529495787,46.98208177346309],[4.701965502120634,46.982112906950256],[4.701799172661165,46.98218892693504],[4.701286985124226,46.98242332182344],[4.7011172428195245,46.98253310783141],[4.701006043740785,46.98260525179591],[4.70090302992363,46.98265275290425],[4.700657158541727,46.98271564312478],[4.700774558873711,46.982745584837396],[4.700942639230506,46.98277273495426],[4.700949028664595,46.98278592390541],[4.7011546567633316,46.982772679628354],[4.701317866467822,46.98278764449612],[4.701324159342892,46.982797763965465],[4.701333585790361,46.98281295236413],[4.701645186517226,46.98284616182929],[4.7016475222610525,46.982872693697054],[4.701714874580962,46.982877832982886],[4.702086164298603,46.98291016078941],[4.702545366047063,46.982984101406515],[4.702702368695775,46.983086014313166],[4.702708468685487,46.9830900037884],[4.702837127102422,46.98324035236483],[4.702836080494371,46.98339670388328],[4.702790953197868,46.98338613106487],[4.702416107692793,46.98338348615159],[4.702239594804575,46.98323078135884],[4.701851089408066,46.98326818565871],[4.701970647136235,46.98336655440378],[4.702142230763007,46.983410005167975],[4.702127218101968,46.98345518228468],[4.701722270515695,46.98344481122325],[4.701687998449883,46.98349436087613],[4.701658082844529,46.98353975774799],[4.702022478964196,46.98363758566788],[4.702670614851701,46.98383135763989],[4.703747632117328,46.9840371823549],[4.703978544878017,46.9839734889272],[4.7043832626707545,46.984070704915084],[4.704505552833019,46.98397183651418],[4.704615661145286,46.98400698825468],[4.704597355699691,46.98404200208714],[4.704734080512859,46.98411660994116],[4.704921822548369,46.98419864973562],[4.704794525892826,46.98442327381403],[4.705007531961891,46.984501869259404],[4.705446295361277,46.984684419202324],[4.705518831414596,46.98471194848785],[4.705712309589005,46.984786751833525],[4.705763700454013,46.98480642557454],[4.705828714586532,46.98483203063182],[4.705937519567901,46.98487333318172],[4.705981374899601,46.984891073997396],[4.706013106770689,46.98490287030787],[4.7060705340626985,46.98492449890784],[4.706227745059024,46.98498552792049],[4.706253443270942,46.98494836023616],[4.706448685524202,46.98493729548952],[4.7065985356179985,46.98500149476353],[4.706742317688688,46.985062721733],[4.706782961806586,46.985073359357386],[4.706843085097987,46.9850857530388],[4.707080179298297,46.98512312120938],[4.707145697504551,46.98516506313218],[4.707162805725375,46.98513926126073],[4.707258862253404,46.98515521151793],[4.707221864692458,46.98525998011851],[4.7072921742359,46.98526405480996],[4.707488095327376,46.98527443847519],[4.707506560617884,46.98524452795169],[4.7075469601463995,46.985247000905765],[4.7076713614126025,46.985309531212344],[4.707929196591903,46.98534147550644],[4.707971259268744,46.985255020991396],[4.708142808120202,46.98529743684944],[4.7081503307982535,46.985299369727294],[4.708115078506482,46.98545928974272],[4.708379149210315,46.98559434422681],[4.708464499941392,46.98550724851944],[4.708527887450869,46.98552878765366],[4.708491765550008,46.98556712784598],[4.708537057466798,46.98558281118063],[4.7085159617121795,46.985623990737324],[4.708617649149201,46.9856286175753],[4.708675499416808,46.98556952196501],[4.708895359928629,46.985628592888744],[4.7090116725973346,46.98567080801337],[4.709114103579049,46.98560491900656],[4.709071649343823,46.98553708778738],[4.709129401916408,46.985474922495946],[4.709343969393398,46.9856025311236],[4.7094715340791975,46.985670118798616],[4.709593838370608,46.985713271196154],[4.709658823446018,46.985784856868335],[4.709754009360358,46.98582022492172],[4.7098915667283014,46.98587336325018],[4.7101599021444125,46.98595419118602],[4.710272798956556,46.98607718139522],[4.710320676175306,46.986080551159155],[4.7103693427902815,46.986108440304086],[4.710506353006775,46.98619122327382],[4.711021365487475,46.98656471017675],[4.7111646936232665,46.98670562854047],[4.711234801221318,46.98679757095654],[4.71129708178341,46.98687839050811],[4.711317357476336,46.98690568275034],[4.71136718983088,46.98697033283872],[4.711800028407453,46.98743597323771],[4.711845228003659,46.987495594722496],[4.711877984881858,46.987540064369284],[4.711883251224293,46.987800543629504],[4.711984578405978,46.98788793385321],[4.712101178796632,46.9879863362637],[4.712111914495699,46.98799537161132],[4.7121917577951775,46.98806469114712],[4.713142735533849,46.988199751382794],[4.713400023896996,46.98821432009671],[4.714223949136494,46.98815712563841],[4.7142395322549415,46.9879423189],[4.714302744006752,46.98767571597408],[4.714287887925,46.98748997210527],[4.714153516493353,46.98730192446328],[4.71402061895885,46.987113845765215],[4.713929488056819,46.98701812876939]]],[[[4.718598759581353,46.986646217706905],[4.718498463654564,46.98659151697209],[4.718413357215868,46.98654475795804],[4.718329750747328,46.986497985547956],[4.717986516873902,46.98631610561364],[4.717913601673815,46.98627734175123],[4.71750502489207,46.986059654658334],[4.717262090113897,46.98593248315586],[4.717007004985934,46.985799359195404],[4.716786836453068,46.98568411346797],[4.716610573716363,46.98558762103983],[4.716446436662863,46.98549708073313],[4.716294308511714,46.98540840581087],[4.716077064045129,46.985291070998734],[4.7159692176456876,46.98523340953173],[4.7156368275013305,46.98501662703719],[4.715583524907949,46.984983702864824],[4.715429224309884,46.98492059890518],[4.715335406013541,46.984881126633084],[4.71508882582201,46.98478056226031],[4.714987439732073,46.984738140324964],[4.714754303890505,46.98463738440119],[4.714191612088807,46.984455693225065],[4.714034814846804,46.98440795199388],[4.713813337729098,46.98434482632224],[4.713541015004678,46.984232393555565],[4.713432095006829,46.984188028913216],[4.713180933269382,46.98408344906864],[4.712768460266245,46.98393017516133],[4.712657587400136,46.98405954697152],[4.712649345044025,46.984129147196406],[4.712706087083048,46.98422333145712],[4.712881913403631,46.98444755299267],[4.712913118462201,46.98449001015849],[4.7129321665849435,46.98452548840159],[4.712946794212972,46.98456307653698],[4.71303736869944,46.98464143084187],[4.71313556326582,46.98472477807474],[4.7132246519588366,46.98480315429969],[4.713331254265266,46.984869013803845],[4.713411774481792,46.98495977369915],[4.713495934590707,46.98497691309627],[4.713577206265197,46.98499716622937],[4.713655621777995,46.98502155025308],[4.713696377452843,46.98503524569409],[4.713830529692427,46.9850751467527],[4.713961793372455,46.985118152460466],[4.714061453410245,46.985153459528625],[4.714264948221961,46.98521379007218],[4.714349869043446,46.98534943968428],[4.714497521618593,46.98543818363318],[4.714541685310538,46.98546512033708],[4.7145918721861895,46.98549400276553],[4.7146361525112725,46.98552502622359],[4.714711036649438,46.98557908130467],[4.714758432689393,46.98561414693175],[4.714810216471418,46.98564606742194],[4.714870945077221,46.9856778639386],[4.715170313110567,46.985795006750436],[4.715366267443556,46.98590040323874],[4.715340380424672,46.98593144305023],[4.715296053915193,46.98589940291413],[4.7150992162779275,46.98581343542113],[4.714782051792414,46.98565261883081],[4.714717851159415,46.98560554641477],[4.714604788055507,46.98552446572786],[4.714496845641586,46.98546374244312],[4.714362882139405,46.98538297212255],[4.714323528144899,46.98536618518915],[4.714288266287556,46.98529007186941],[4.714249763852391,46.9852528386503],[4.71423284898606,46.985237762526914],[4.714152849450105,46.98521034053484],[4.7140652491431085,46.98517894289251],[4.713838765237389,46.98509954654053],[4.713493467176938,46.984993303832034],[4.713429045293389,46.9849860835862],[4.713564218378499,46.985199668940254],[4.713547997188551,46.985206042653914],[4.713581544915768,46.98527503123504],[4.713592766235742,46.98529938668985],[4.713710989352489,46.98535485194334],[4.713778016301021,46.98544376775805],[4.71350349194444,46.985779925200724],[4.713363483795588,46.985932208160904],[4.713177663105201,46.98605247206777],[4.713242523746182,46.986119969117766],[4.713360084611245,46.986296010897085],[4.713425204981485,46.98637168103038],[4.71354452186788,46.986508864608474],[4.713618878884548,46.98659359211655],[4.7138887451396725,46.9868634242903],[4.713987833195632,46.98697435055409],[4.714086940775722,46.987086294072135],[4.714157600337377,46.98714858931386],[4.714262879537798,46.98731358274521],[4.7143701727678735,46.987447882254614],[4.714409135091849,46.987546418386444],[4.714391580028111,46.987604918139944],[4.71436195590059,46.987706517676635],[4.714360039330015,46.98774026293374],[4.714357016529286,46.98783329014988],[4.714333141712357,46.98783364490436],[4.714324026052899,46.98787567416777],[4.7145515311986905,46.98789272709464],[4.714765795962165,46.9878691091743],[4.714865669043432,46.987910536208204],[4.71519972623137,46.98780339349994],[4.715359679722113,46.987715183544836],[4.715345860375256,46.98770313245018],[4.715624278180036,46.98763053247945],[4.716841034788073,46.98757768934366],[4.716973410583653,46.98756141860532],[4.717665659771462,46.98744893754089],[4.718022077245074,46.98734042698817],[4.71846795973737,46.98718153848773],[4.7190539278479475,46.986920428165334],[4.719048615358153,46.98684694087021],[4.719019183216201,46.98681366257389],[4.718981020709153,46.986787664765856],[4.718697588813354,46.98670196684022],[4.718598759581353,46.986646217706905]]],[[[4.750858234554913,46.98677117722642],[4.750860849159238,46.986851855133054],[4.750868320515721,46.986851741748836],[4.750859584342725,46.98690500762496],[4.751899225253943,46.986962792682576],[4.751885513412316,46.98667792715738],[4.751876926756076,46.98645939142681],[4.75083856624878,46.986440410210356],[4.750850776363329,46.986771290410374],[4.750858234554913,46.98677117722642]]],[[[4.750485537223143,46.9871119775968],[4.7503379784894015,46.98712034917809],[4.75026654113389,46.987127565788946],[4.750229356005605,46.9871322184644],[4.750126685243839,46.987142970720896],[4.75010734947547,46.98714530831123],[4.750105849934192,46.98714533105807],[4.7500537479971845,46.987150200945834],[4.75000316596906,46.98715608340416],[4.750005955710206,46.98719589104815],[4.749574626662253,46.98720243277414],[4.749575288073533,46.98722285653993],[4.749575585694197,46.98723204678444],[4.749491480379887,46.98730893351983],[4.749347072151861,46.98732236224629],[4.749201210682899,46.98733683946666],[4.749119348451541,46.98734523105132],[4.749128428384032,46.987441138520595],[4.7491033867879064,46.987497722347776],[4.749079895815744,46.98751033515028],[4.748889359575138,46.98762051671385],[4.7488148148809755,46.987808630697245],[4.748778554840188,46.98784187977726],[4.748775800219106,46.987849072005005],[4.748763163329905,46.98787378589287],[4.748753545616298,46.98789948065907],[4.748746867496802,46.98792410422574],[4.748754945818982,46.988127320013525],[4.748762085366424,46.98830193911792],[4.748776367162359,46.988512211327425],[4.748823291656269,46.988531933853466],[4.748983921251812,46.98851212710203],[4.749483414574654,46.98844324379706],[4.749651634436033,46.98842740957203],[4.749798568570874,46.98839964125368],[4.7500475799816,46.9883427311757],[4.7502691263536185,46.98835980426363],[4.75037971428574,46.98836221512262],[4.750582683057239,46.98835913566044],[4.750662120335651,46.98832216894079],[4.7506460213919945,46.98800974642627],[4.750611913194913,46.987786491822106],[4.7505329782756975,46.987377950862324],[4.750485537223143,46.9871119775968]]],[[[4.747067869570271,46.98771963612132],[4.747066185489658,46.98762157228173],[4.747061594401526,46.98752558773199],[4.747062037460597,46.98744690781936],[4.746830698829769,46.98745041068195],[4.7466083508986525,46.98745479460878],[4.746607029792633,46.987459929807216],[4.746606038686946,46.98747527239559],[4.746575111856415,46.98776592902178],[4.74644347143035,46.98775871801844],[4.746407554064921,46.98775619978926],[4.74641406893212,46.98768048990459],[4.74630735500876,46.98761262675227],[4.746207142178697,46.98751502757989],[4.746040934997256,46.98740820570172],[4.7459905832678055,46.9874212333751],[4.745985829191822,46.98704323995548],[4.745771945887713,46.98703217561867],[4.7455034512450105,46.98699434388273],[4.745419970547117,46.98699866877351],[4.745402663810096,46.986971346355766],[4.745279257743146,46.9869415404355],[4.744975739584461,46.98688277687917],[4.744837602051954,46.986859317129145],[4.744687897191645,46.98684728017014],[4.744484459059189,46.98683605550645],[4.744321686703327,46.98683544567847],[4.744224677302034,46.98683691233524],[4.744165018405226,46.98683884090156],[4.7440725472537535,46.9868422830992],[4.743954847148398,46.98685018613351],[4.743706070152712,46.98686825630311],[4.7435139988704424,46.98688545999906],[4.743360612858522,46.98689799926742],[4.743208680049432,46.98690948973249],[4.7431942775808,46.98692605255292],[4.743151199217948,46.986932836259896],[4.743146483158124,46.98692575704907],[4.743018720960452,46.986946076809694],[4.743015287027786,46.98693182775849],[4.7429499722899,46.986944053518364],[4.742886123957819,46.98695523044725],[4.742719834512004,46.98698430899058],[4.742613006604271,46.987005338719726],[4.742436391329162,46.987038661365425],[4.742228528828614,46.98707551751423],[4.742077089284001,46.98710232659546],[4.741995140775605,46.98710765250702],[4.7417597261932904,46.98712347241726],[4.74158387184879,46.98713429522369],[4.74141702176164,46.987146017498596],[4.741259082895465,46.987156569392866],[4.741117790667906,46.987174029319],[4.741015335468377,46.98719192965291],[4.740878923315039,46.98722157228702],[4.740566473093256,46.987302924274374],[4.740422898187169,46.98734186915441],[4.740305841505324,46.98737020148222],[4.7400628161197975,46.98742802682711],[4.739748692540718,46.987503259967234],[4.7395213915106496,46.987539386662455],[4.739463382399078,46.98754639409153],[4.739133045570366,46.98758202914499],[4.738958754535135,46.9875948686274],[4.7388618424183795,46.987599400199635],[4.738764864233693,46.9876018794066],[4.738720120961222,46.9876035803514],[4.738615039413651,46.98763274810373],[4.738584219396958,46.98764956672811],[4.738539304163897,46.987692137652836],[4.738264305646776,46.9879629643121],[4.738238102082104,46.98798379282564],[4.738176671479638,46.98802355050961],[4.738172350127185,46.98802872179288],[4.738491113597319,46.98805048557678],[4.738454593355581,46.98826152395812],[4.73866302179825,46.988242038020246],[4.7387013437372625,46.988412098790846],[4.73872640690259,46.988541482899585],[4.738758014517653,46.988688149195596],[4.738791075715811,46.98883376693304],[4.738885263045556,46.9891623849324],[4.739054954819343,46.98914551741644],[4.739121792579843,46.989134297605375],[4.73918858412338,46.98912205181255],[4.739253836562768,46.989107784908846],[4.739274594165553,46.98910338344956],[4.739497054589141,46.98905609134078],[4.739773546157716,46.98901717879674],[4.7398643242918235,46.98900763281707],[4.739959522511429,46.98899598483975],[4.7402199917245245,46.98896957848483],[4.740431394853956,46.988950035516105],[4.7405089396632425,46.98894682146847],[4.740555170722605,46.9889451064078],[4.740601480476421,46.988945425409625],[4.740640318853387,46.98894586611648],[4.740803261981877,46.9889515848379],[4.741270011956956,46.98897825857641],[4.7415275750671935,46.98900093769213],[4.741687841860298,46.989015890297914],[4.741753475327126,46.98901387285789],[4.741817589552392,46.98901086068169],[4.741851843385318,46.989008299278844],[4.741973737505781,46.988991131410216],[4.74202279002188,46.98898426697877],[4.742181969814971,46.98896550928112],[4.742220643338326,46.98896083675601],[4.742302463130642,46.988951433129195],[4.742385749393445,46.988940980657425],[4.742451152227883,46.98893181584222],[4.742603189602526,46.9889233868007],[4.742746381002533,46.98891816209132],[4.742788205119811,46.98891854797034],[4.742958672820631,46.988926194265005],[4.7430124410778784,46.98892639962553],[4.7430647428501675,46.988927653756576],[4.743167761212719,46.98892712398723],[4.743330506743363,46.98892670930235],[4.743615475129865,46.98891933217885],[4.74380641661989,46.98891338452343],[4.744032715547959,46.98889259216151],[4.744164061414645,46.98889060665768],[4.744380608187523,46.988891421430615],[4.744759966371744,46.98889386237479],[4.744910912526887,46.98889770344004],[4.745048415282201,46.98890175664385],[4.7454637576688965,46.98890875720378],[4.746203249917992,46.988919027874665],[4.746324138087792,46.988917198187146],[4.7464570032493825,46.98891620471296],[4.746573418937318,46.98891444246415],[4.747186777902209,46.9889031114904],[4.747186480706709,46.988847938504485],[4.747149367426975,46.98857772827311],[4.747094279860863,46.98807482354257],[4.747086273755815,46.98791963366727],[4.747075050195413,46.987803315782784],[4.747067869570271,46.98771963612132]]],[[[4.748651474908799,46.98742180182258],[4.748600606996395,46.98737251045817],[4.748579969930133,46.98738100035112],[4.748544349871018,46.987387664032134],[4.748235635496555,46.98744547561416],[4.748048987132179,46.98744524180933],[4.747768334068813,46.98744744943954],[4.747656361021397,46.987448128010065],[4.747533910539223,46.98744793852977],[4.747471198756054,46.98744786175366],[4.747410006559836,46.987448788570426],[4.747392071128956,46.98744804257768],[4.74734878146389,46.98744869821644],[4.747338337223665,46.98744885639605],[4.747295027523515,46.987448485675905],[4.747263648752328,46.98744794325825],[4.747184520833313,46.98744811493871],[4.747172577041799,46.98744829581219],[4.747088963914136,46.98744854435519],[4.7470807985761265,46.98751917309766],[4.7470818285566665,46.98768979621565],[4.747132495984801,46.98828677771543],[4.747160749928211,46.9885601840465],[4.74720910045408,46.98890072917164],[4.747394267696927,46.98890099584849],[4.7474808690986965,46.988900701858256],[4.74763986849383,46.988876833139145],[4.747736584147812,46.98886617336773],[4.7479779108010245,46.988848216519415],[4.748147552680722,46.988830318692614],[4.7483458327399655,46.98882016376437],[4.748486584733006,46.988786348986],[4.7486105698687995,46.988741558124914],[4.748704707797299,46.98869721951288],[4.748739402733068,46.98866194991795],[4.748747501235447,46.98863526055147],[4.748737529030944,46.98851177335886],[4.748701575397781,46.987908445489765],[4.748696428483604,46.987888080708444],[4.74871470694438,46.98785306892923],[4.748731167988058,46.98780785429118],[4.74879296631706,46.9877333505531],[4.748805636084997,46.98770965379867],[4.748838643316171,46.987576329348414],[4.748752222110376,46.98758171884889],[4.7487480130134845,46.98754397698626],[4.748702806168665,46.98748540510421],[4.748667330250288,46.987450172417034],[4.748651474908799,46.98742180182258]]],[[[4.736694356862788,46.98905948045603],[4.736361143958692,46.989052238994255],[4.735968341261174,46.989049972716266],[4.735774215717679,46.9890498314763],[4.7357205258791355,46.989051656827435],[4.735665369404534,46.98905453085508],[4.735637041509439,46.98905598363907],[4.735616270184999,46.98906037564071],[4.735471187728833,46.989099345897536],[4.735326236041866,46.989142393537385],[4.735290843045767,46.98915620911652],[4.735255515662741,46.989172067968354],[4.735217300794159,46.98919104114419],[4.735023566945468,46.98929613214896],[4.734709214005481,46.9894582136761],[4.734515972213049,46.9894856411478],[4.734380938909536,46.9895121933069],[4.734217295130611,46.989530998266886],[4.734209888960942,46.98953315385683],[4.734100722217845,46.989574644409096],[4.734019555904166,46.989604475058925],[4.733889256922092,46.9896391325597],[4.733825600264451,46.98965643431775],[4.733760391815923,46.98967172409445],[4.733692196958778,46.989687049702376],[4.733681916321219,46.989692319356855],[4.7336451867080935,46.98971126067193],[4.733365394131982,46.98978698683075],[4.733103078529434,46.989849175537],[4.73285954258106,46.989891656532045],[4.732681359851571,46.98992294325664],[4.732504696007434,46.98995522452695],[4.732311811538754,46.98999388186809],[4.732174700055337,46.99000207319793],[4.732009816434115,46.99002907067751],[4.731877046384938,46.99003310794378],[4.731686086760855,46.990039045056456],[4.731586163809962,46.99004258899149],[4.731448076080759,46.99006713924363],[4.7313470002976015,46.99008193924113],[4.731245872133063,46.99009469566737],[4.731144678443924,46.99010540871963],[4.731102984153644,46.9901090961901],[4.730918650788273,46.99013536627997],[4.730861455668917,46.99016789694485],[4.730797777985762,46.99018417969028],[4.730653553806265,46.99020371486626],[4.730508576957886,46.99019975657786],[4.730319063937926,46.99020362545299],[4.73013262186461,46.99021050986511],[4.730027039995339,46.99022434962941],[4.72990809284381,46.99024044295781],[4.729701545418876,46.990272141303066],[4.7295219253843115,46.99030548891307],[4.729504120082691,46.990308826712926],[4.72949589607815,46.99028544542373],[4.7295895337286336,46.990271785199035],[4.729695050092245,46.990255893547925],[4.729793173393656,46.9902421659103],[4.7299061483516525,46.99022616224326],[4.730020577149676,46.990209119034674],[4.730126126127484,46.990194253132664],[4.73031408749176,46.9901883725822],[4.730437997731308,46.99018753189807],[4.730633561812621,46.990185625336856],[4.730690140728691,46.99018068813261],[4.730789782706803,46.99016795449221],[4.730850454539949,46.99015069020624],[4.7309135892758105,46.9901170528098],[4.731111372925601,46.9900915985552],[4.731310689193495,46.99006715660337],[4.731388007091333,46.99005680168831],[4.731463772995736,46.99004442574336],[4.731541025051449,46.99003201843925],[4.7315751164303075,46.99002435637553],[4.731681024708768,46.990020722618134],[4.731786965867774,46.990018114906675],[4.731848193848026,46.99001821351744],[4.732004839526733,46.9900138178788],[4.7320850451927505,46.99000035724407],[4.732163731443846,46.989985892726665],[4.732288832967606,46.98997583745783],[4.732496713404397,46.989938999248444],[4.7327194124322505,46.98989886721424],[4.732821777635644,46.98987792283685],[4.7329213200930225,46.98986211792727],[4.73312773266965,46.9898263182449],[4.733197394563568,46.98980994430137],[4.733324793641481,46.989778402068296],[4.733452172798962,46.98974583335386],[4.733594272652035,46.98970691951161],[4.7336297972944665,46.98969718202239],[4.733684135311864,46.98966878141808],[4.733776120287443,46.98965002741823],[4.733882727477935,46.98962185889436],[4.734002614666664,46.98958838451591],[4.734191330047158,46.98951299911569],[4.734200143927716,46.98950877809828],[4.734245700236372,46.989485615386684],[4.734342452275192,46.989475983984846],[4.7344376393556455,46.98946434076244],[4.734532806602971,46.98945167112117],[4.734558083061028,46.98944822021646],[4.734641128948457,46.98943062654102],[4.734730127119649,46.98941191667318],[4.734803932732377,46.9893852670946],[4.734890414234867,46.98933491325336],[4.7349446856057416,46.989304468768516],[4.73500048918843,46.98927501884853],[4.735071012969509,46.98923921472386],[4.735200260741417,46.98917188134881],[4.735298718694995,46.98912237370645],[4.73540493051939,46.989081953071015],[4.735575650360283,46.9890507743292],[4.735651367772753,46.98903736968639],[4.735734819432577,46.98903202572329],[4.735976183496922,46.98901511111654],[4.736153662859774,46.98900836106149],[4.736258036260916,46.98900371952555],[4.736403305710986,46.98901686086541],[4.736402550889808,46.98899337661211],[4.736400721796065,46.988890199949076],[4.736402024368957,46.988884047530945],[4.736407175945674,46.988858430114384],[4.736427669813605,46.988752873213784],[4.736430294774218,46.988741594716544],[4.736439130682607,46.988691390587086],[4.736446611780798,46.988645304395284],[4.73644781568448,46.988636082550634],[4.736447717315732,46.98863302212635],[4.7364472248935146,46.98861770200236],[4.73644424804194,46.98857176419922],[4.7364426397195105,46.988521726260636],[4.736438504822748,46.988486027244114],[4.7365039081150595,46.988476865798326],[4.736501732216752,46.98845543819583],[4.736496973497229,46.98840033248905],[4.736494174106767,46.98835950719525],[4.736467394695054,46.988084023581045],[4.736190567046374,46.988065711705815],[4.73595269514747,46.988051919215636],[4.7357582449456155,46.98804156152906],[4.735671592366614,46.98803980323981],[4.7355894317238745,46.98803899494615],[4.735335419415431,46.9880336210737],[4.735119400926212,46.988049126600714],[4.735088185842972,46.98805368458267],[4.734999071946784,46.988068307968014],[4.7349114968845605,46.98808495241524],[4.734673341442495,46.988154949651296],[4.7343525546456,46.98825582597729],[4.734234334044232,46.98829438190422],[4.7340908702471145,46.98833741466174],[4.733957208023908,46.98835985722641],[4.733645355341506,46.98841358806193],[4.733346834339722,46.98846405585424],[4.73309893084357,46.98850967399329],[4.732946160031159,46.98854159711935],[4.732677746878518,46.98859978801285],[4.732578402974542,46.988621713573885],[4.732258453915104,46.98870212869007],[4.731905919541694,46.98879120911936],[4.731825814021731,46.98880773906411],[4.7317471293958935,46.98882220335653],[4.731555682535653,46.98885879365371],[4.731371628457526,46.988893228422484],[4.731227636961999,46.988919911324295],[4.731168289240916,46.98893204079618],[4.730914782744061,46.98898897721939],[4.730830354782422,46.98901068648298],[4.730702923184943,46.9890411998261],[4.730573946391713,46.98907072757726],[4.730479119293801,46.98909361018973],[4.730213751950525,46.989153784840404],[4.73007292184501,46.98918552503799],[4.729585149331456,46.989295015465586],[4.729451895034928,46.98933073886636],[4.729363169670522,46.98935760861276],[4.729234714331748,46.98940347215726],[4.729157952719587,46.989431189069755],[4.728983768620089,46.989494082781974],[4.728887799995076,46.98952822013352],[4.728849451571902,46.989543095623134],[4.728745795444848,46.98957019761355],[4.728588337510654,46.98959606131014],[4.728384908602566,46.98963179914214],[4.728181499384861,46.98966857195769],[4.727899935398809,46.98968913411214],[4.727794190746304,46.98969786811785],[4.727679500947459,46.989706735971325],[4.72754994629166,46.98971787955269],[4.727435439264024,46.98973287722334],[4.727301640162642,46.989751225493414],[4.727130880528814,46.98978136584272],[4.726978024409362,46.989811246964905],[4.726817807280987,46.98984429994612],[4.726721379500412,46.98986413247659],[4.726694680895966,46.98986963819674],[4.726490729586781,46.989936044448584],[4.726359362779849,46.989983992558],[4.7262576609446025,46.990025363886794],[4.726098780384055,46.99010028077066],[4.725990161020073,46.990159127091225],[4.7260148526804615,46.99018430652697],[4.726086150115624,46.990266001138764],[4.726185171661245,46.99037385637556],[4.726332221039896,46.99053616107272],[4.726575588847732,46.99081555563367],[4.726783364529639,46.991055623708874],[4.726842295483424,46.991124228727884],[4.726845346966865,46.99112622732285],[4.727009501057844,46.99126272637683],[4.727175097104738,46.99139819499491],[4.727207425101521,46.99142836603124],[4.727227579589834,46.991451559863066],[4.727268150233913,46.9915061296634],[4.727388702532242,46.99168006865864],[4.727426434831027,46.99169278698135],[4.727481057776744,46.99176656233768],[4.727517858894091,46.991796666318976],[4.7275830851165335,46.991781388884526],[4.728004073475992,46.99168413754992],[4.72807366108814,46.99166573262135],[4.728232232764111,46.991627587465665],[4.728337445275366,46.99160251597472],[4.728445722124243,46.99157943374169],[4.728528492368055,46.99155265399424],[4.728851903733752,46.99143949850772],[4.728869072747171,46.991462736796834],[4.7289331580424445,46.99145871463946],[4.729078236109975,46.99146573533329],[4.729223235654367,46.99147071275637],[4.729260621797875,46.99147219671329],[4.729540620742776,46.991355610362476],[4.729760897605782,46.99133289224348],[4.729962354602542,46.991281845153175],[4.73021034385567,46.99128527712114],[4.730284775846881,46.99127803715676],[4.730305913010485,46.991331870726256],[4.730363960242178,46.99132589405236],[4.730373900220051,46.99135639997557],[4.730402229462708,46.9913549484847],[4.730407056867529,46.99131911493147],[4.7304473505075615,46.99131851063199],[4.730464062288822,46.991327454691465],[4.7304939437665,46.99132803316998],[4.730587648140409,46.991316406423586],[4.730683048521372,46.99131088696111],[4.730792123343716,46.9912663392385],[4.730810937696923,46.99124765860972],[4.730859227024647,46.991263288358674],[4.730977521713978,46.991226770209515],[4.730970273109783,46.991187029257546],[4.7311380428359175,46.991109918997374],[4.731129621858414,46.99108041697775],[4.731208146381416,46.99106084940577],[4.731242985218793,46.99102967166821],[4.731359831469988,46.99104120161847],[4.731369771957763,46.991071707458666],[4.731450031398546,46.99106028175056],[4.7314418790637705,46.99099194364597],[4.731682317158428,46.99089944119699],[4.731860340068919,46.99086305231429],[4.731892480253317,46.9909340922384],[4.7320726576298275,46.99091810436101],[4.732059318091552,46.99087436636217],[4.732176864765515,46.99086136276045],[4.732234361225071,46.990885021778354],[4.7323433489231785,46.990837411960264],[4.732336688782859,46.99081605164569],[4.732453973154367,46.99079487462465],[4.7325242259810665,46.99079688164858],[4.732511135069593,46.99076131703427],[4.73260999158149,46.99072407141606],[4.732799683412415,46.9907253112923],[4.7328111111489335,46.99075579468705],[4.7330511152800625,46.99074299529778],[4.733035652774016,46.99067987323838],[4.733289866345038,46.99064438196795],[4.733545566071656,46.99060886780317],[4.733579768894862,46.99060426537583],[4.7335712939596615,46.9905727110471],[4.733690339256367,46.99055968337054],[4.733702127973744,46.99060140023765],[4.734002376633888,46.990558065213335],[4.734034049124538,46.99066078427787],[4.7340703971974065,46.99058360943201],[4.734120009244169,46.99059410277007],[4.734130082099894,46.990628685942184],[4.73421890542688,46.99060487296581],[4.734211962702591,46.99057432228606],[4.734323669589936,46.990472510058886],[4.734339627806181,46.99045796930359],[4.734340379329632,46.990574436328636],[4.734373397120634,46.990719038103],[4.7344912293033765,46.99066822236504],[4.7346103421542445,46.99056425425616],[4.734678712413956,46.9905080491017],[4.734709305778938,46.99048408454569],[4.734943918621472,46.990349768728215],[4.7353181031879625,46.99019087535636],[4.7353475573111075,46.990178166738765],[4.73552084022456,46.990133666338366],[4.735765271070727,46.99007277682442],[4.735879579538365,46.99005164104186],[4.735993940422088,46.9900325486265],[4.736054873089905,46.990023454734065],[4.7362979708153405,46.99001366388389],[4.736485799521654,46.990003686715625],[4.736500975684244,46.98973268696785],[4.736519646024984,46.98966292776902],[4.736606035548371,46.98947054669483],[4.7366487780773925,46.98940655795473],[4.736680560960197,46.98937338022234],[4.736709456417023,46.98934331685296],[4.736829702102102,46.98932106408734],[4.736957097906738,46.98928951783928],[4.73697269359089,46.989263734159614],[4.7369950170313215,46.98926136281826],[4.737004588036002,46.98923362556293],[4.737005483498898,46.9892152226425],[4.736955683806101,46.98915261795722],[4.736882917662155,46.98907196955052],[4.736860200723408,46.989062099176266],[4.736694356862788,46.98905948045603]]],[[[4.75062417892991,46.988395294071154],[4.750331345199443,46.98839053319956],[4.750078849439287,46.98838619537032],[4.7500310336014815,46.98838487638022],[4.749974709636389,46.988397987370966],[4.7498472444909074,46.98842751392382],[4.749682407450869,46.988455553804705],[4.749529117523153,46.98847116167952],[4.74945916469804,46.988478355247565],[4.749387791594482,46.9884876145872],[4.749356577462054,46.9884921764282],[4.749179663634489,46.98851631013664],[4.749011906412244,46.98854644660631],[4.748782790051259,46.98857239768503],[4.748794128330045,46.98864579284609],[4.748780156888059,46.98867563314923],[4.748716177001897,46.988728718489185],[4.74863535071253,46.98876877580776],[4.748532056137527,46.9888071202939],[4.748477363509822,46.98882430337939],[4.748333611941718,46.988858154592506],[4.748315741863641,46.988859443018775],[4.748166625466924,46.98886579106664],[4.748013320783244,46.988881397125134],[4.747782352656014,46.988896135214894],[4.747506957348547,46.98892278477523],[4.747418043653578,46.988943547577335],[4.747391235470369,46.98894599787194],[4.747362920810944,46.98894744433403],[4.7472861032964,46.98892715629412],[4.746677163639719,46.98893637661095],[4.746398101300652,46.98894161862047],[4.746391131398763,46.98937292248872],[4.746382707804367,46.989805265934386],[4.746373472724831,46.990166098944556],[4.746330312215396,46.990216823474604],[4.7462936187717935,46.990282768669616],[4.746169877418873,46.99042769576078],[4.74602013140084,46.99059957380416],[4.7457193155217885,46.99094847346347],[4.745522130011167,46.99117727260061],[4.745263929041726,46.991459100791104],[4.745187533911588,46.99154404456849],[4.745156944594249,46.99156801189405],[4.745103138459503,46.991612755093136],[4.744789411458022,46.99174727054876],[4.74489046986051,46.99196338100061],[4.744917825394742,46.992024277530135],[4.744804901620459,46.99208831305142],[4.744845952186485,46.992157170591874],[4.744964338525736,46.99212370753097],[4.744997138621384,46.99216816750759],[4.745182483665135,46.99212755873088],[4.745377196307583,46.992099073597856],[4.745354558890473,46.99199928259524],[4.745430674124671,46.99199813120441],[4.745747054517062,46.99194531784709],[4.745790169712402,46.99193955932036],[4.7460434092024375,46.9919203998657],[4.746027072928486,46.99183072598866],[4.746144202319916,46.99180443117314],[4.74638311076248,46.99221974772481],[4.746527929772269,46.99217259968838],[4.746672860638698,46.99212851168253],[4.746841456374889,46.99207793239282],[4.747191906557656,46.99197044846643],[4.747277938403584,46.99195280049252],[4.7479751616536685,46.99180940719841],[4.748502452897774,46.991675735369185],[4.748568927923008,46.99165326758554],[4.748573612182693,46.99165932942749],[4.748706714426132,46.99161950662533],[4.748841382286128,46.99158170421306],[4.748881325393689,46.99156985976984],[4.748979036130401,46.99154385637834],[4.749098938006788,46.99151138367316],[4.74915201462181,46.99149014529572],[4.749336672769464,46.991428079760475],[4.749398066091528,46.99138729904248],[4.750127292160693,46.99112590184398],[4.750305542855325,46.99100466585217],[4.750430201335481,46.9908883401868],[4.7505755171356485,46.990764541481376],[4.750632367037935,46.9906758019704],[4.750650711110762,46.99064282418833],[4.75067809023931,46.99056577983725],[4.750829972119954,46.9899534605875],[4.750880631097609,46.98967374229154],[4.750875132562662,46.98964215291202],[4.75082837599359,46.989489595524326],[4.750778633639308,46.989337083421816],[4.75074732710336,46.989246619559],[4.75062417892991,46.988395294071154]]],[[[4.745373343619123,46.98892954111699],[4.745229934714502,46.988927621914456],[4.74487270124308,46.98891667981491],[4.744760625983828,46.98891428615712],[4.744629214096169,46.98891422906156],[4.744493461699646,46.98891832599728],[4.744338075598013,46.988915560141365],[4.744123028612536,46.98891473162078],[4.744037959599228,46.98891601756185],[4.7440156697370215,46.98891941640591],[4.743966485902989,46.988922204128265],[4.743832582483656,46.98893751135105],[4.743631130423628,46.98894157361477],[4.743243176631253,46.988950506845704],[4.743176109342669,46.98895458206784],[4.742884707204078,46.988947745365124],[4.742724749901076,46.98894198447971],[4.742468161679013,46.98894994842783],[4.742396786754768,46.988959203441986],[4.742190152862044,46.98898786373391],[4.7418853486258685,46.989028236187806],[4.741796024172884,46.98903673517646],[4.7416751683742975,46.98903957725965],[4.741459482203523,46.98901933731422],[4.741296209504191,46.98900340311817],[4.740896789878985,46.98898081974844],[4.740774171493452,46.988975519394344],[4.740651618966966,46.988972262190615],[4.740547048221043,46.98897076885714],[4.740408309335229,46.98897490603367],[4.7401269841182305,46.989002654009326],[4.739949867362398,46.989020652721706],[4.7397475073107165,46.98904312034945],[4.739570620430672,46.98906826546276],[4.739426764096025,46.98909904515631],[4.7392754818028315,46.98913095424596],[4.739113985100013,46.98917017655762],[4.739009874425584,46.98918298480108],[4.738911656880637,46.98919365985861],[4.738813419713273,46.98920331749409],[4.738785124562326,46.98920578819096],[4.738673443246508,46.98921563930952],[4.738713075759409,46.98933357384914],[4.73856002238544,46.98940331420354],[4.7385441191766695,46.98937289875835],[4.738394125089125,46.9893986634479],[4.738327319869135,46.989410908977995],[4.7382868261318185,46.989312403380254],[4.7380528674515885,46.98932716698214],[4.7377068000978575,46.98933851246086],[4.737691771356067,46.989335676903586],[4.737496494894335,46.98929978562444],[4.737416792951718,46.98928259640758],[4.7374063156164326,46.989281736547646],[4.737316477520386,46.98927388561155],[4.7372837953078095,46.98927949290807],[4.737288477806113,46.98928554621136],[4.737230696356607,46.98929969950178],[4.737181807640053,46.98931168360341],[4.737194592593647,46.98933805763218],[4.737089322901546,46.98936109393384],[4.737061520192198,46.98937888432556],[4.7370370076940835,46.989359837292696],[4.7370095225961695,46.98934084401298],[4.736795557186596,46.98937369349513],[4.736724125656663,46.98942790178736],[4.736664933696739,46.989491120521016],[4.736599793110996,46.98960142898239],[4.736554088199059,46.989712471513464],[4.736544793838041,46.98984135544889],[4.736583207474448,46.98992150347445],[4.736604129670404,46.98992220620195],[4.736574031356509,46.99005447416618],[4.736369982532323,46.990070828389754],[4.736412881519907,46.99015089995788],[4.736553135211748,46.99028672785278],[4.736595463613474,46.99034944514957],[4.736619264689539,46.99039302522498],[4.736613349108394,46.990441141114076],[4.736590838900242,46.990484391590684],[4.736593717312003,46.990527259938474],[4.736651567482564,46.99060813302265],[4.736780721435084,46.99072369401565],[4.736875049299235,46.99082445159927],[4.736967188468278,46.990903790724815],[4.737014616486863,46.99093883794997],[4.737048107695324,46.990958767447914],[4.7370830658751055,46.990977657218416],[4.73709675979072,46.99098562813528],[4.73719810954159,46.991025996277806],[4.737259021495346,46.991062884658476],[4.737290993369819,46.991081810325674],[4.737342117595557,46.99113928874269],[4.737354292086333,46.99114625587025],[4.737415072851728,46.991179057604924],[4.737536089573643,46.991227306392794],[4.737570949371134,46.991243126591804],[4.737712787289185,46.99119603457282],[4.737812692405607,46.99119146799612],[4.737840708958153,46.99108784186295],[4.73788980977947,46.99108199613463],[4.737931668549123,46.99108340991464],[4.737976040167968,46.991070475931764],[4.738034961553479,46.99104506614243],[4.738080175657375,46.99101168572249],[4.738117101824504,46.99099887284604],[4.738129288218719,46.99105283993827],[4.738236158892001,46.99103284052824],[4.738211912882933,46.99083600116512],[4.7382056195452,46.99077989202185],[4.738272985192011,46.99078500995408],[4.7382786409888,46.990821712624786],[4.738290359958826,46.99090736844915],[4.738362099644244,46.99090934952395],[4.738567723803836,46.99084902975548],[4.738538067997953,46.99076262658954],[4.738508510776109,46.99067928383413],[4.73856001796497,46.99070201235146],[4.73857959774307,46.990753823731154],[4.738626217370215,46.990810342838884],[4.738665423639949,46.99091500051194],[4.738608930024476,46.99092300224366],[4.738587276716195,46.99094580650332],[4.738598444725485,46.9909681162006],[4.738589979327833,46.99098357129252],[4.73861982035826,46.99102910423465],[4.738885338675376,46.990974014188026],[4.738960775280972,46.99095141692263],[4.738983460655521,46.990960269737855],[4.739033935770005,46.99095133189569],[4.739055365024091,46.99096736308304],[4.7392151832961025,46.99092203344227],[4.739354821963705,46.99089949477402],[4.739387465300725,46.990985852709606],[4.73945506144405,46.990998116931046],[4.739469860900848,46.99099381427898],[4.7395143175846535,46.99093694007669],[4.739492579259452,46.9908647186667],[4.739449556712442,46.9907805615031],[4.739377436061879,46.99067436499865],[4.739472439655914,46.990656578587235],[4.73953662175247,46.99065561096016],[4.739591220816355,46.99063538070398],[4.739587313821123,46.99060682880447],[4.739515219037209,46.990547623234185],[4.739507530167822,46.99054058870444],[4.739473308473947,46.99040521006385],[4.739603460972505,46.99036645990411],[4.739721675605161,46.99037387221906],[4.739757232917964,46.990365167987626],[4.739858984307418,46.990371801763764],[4.739888859118284,46.99041836052734],[4.7400348957888525,46.9904089987922],[4.74022714511102,46.990396904605966],[4.740252048441327,46.990521184602315],[4.740405681140099,46.99042282249126],[4.740815265360421,46.9903900769873],[4.741076022669796,46.990325858913735],[4.74143325490424,46.99024382998586],[4.741560118413384,46.990241915150435],[4.741601910755728,46.9902412843202],[4.741622800349205,46.990240968998684],[4.741641770683738,46.99027338201681],[4.741866242541631,46.990288382872606],[4.742137227745064,46.99026385779592],[4.742153743745171,46.9902666793298],[4.7422854553169635,46.99027592949874],[4.7423643234970045,46.99026757906131],[4.742551822713517,46.990247384627395],[4.742751727041296,46.990241294422276],[4.743079249266157,46.9903027632871],[4.743086513983133,46.990250547052106],[4.74340801488387,46.99026407901191],[4.743418067558323,46.990205687799744],[4.743583074525864,46.99022873429718],[4.743674612311617,46.99024267852209],[4.743713616381668,46.990248221889026],[4.743829705245357,46.99023624601851],[4.743825957897281,46.990258780673486],[4.744029903657956,46.990285335570604],[4.74399736462125,46.990433987812956],[4.744232315470324,46.990449843326715],[4.7442708592181795,46.990302126872294],[4.744388896395963,46.99030443091146],[4.744506946738472,46.99030673463097],[4.744615992473409,46.990308147745644],[4.744575714938596,46.99040173976626],[4.744681508928074,46.99044101657862],[4.744689409289345,46.990454171395875],[4.744690994899714,46.99045721833507],[4.744706881902093,46.99048660658429],[4.7447321432134775,46.99052914536849],[4.744753606796255,46.99068514931609],[4.744702605068842,46.99081670911654],[4.744675164748516,46.99089171756871],[4.744668299587563,46.990910210845605],[4.744537722631512,46.9910286728641],[4.744450637776525,46.99110661831896],[4.744443476032865,46.991115930336136],[4.74443478120628,46.9911242298856],[4.744402142214892,46.99117683884051],[4.744349655105589,46.9912624382334],[4.74417506738366,46.991544026423405],[4.744252105350967,46.99157147268601],[4.744156799495187,46.991672029179554],[4.744130860282836,46.99170103211406],[4.743958105051252,46.99190084826079],[4.74402119753003,46.99191215126789],[4.7440087885404765,46.99194402057245],[4.744004467432675,46.9919491920676],[4.743982440175363,46.99196076400918],[4.743916934845633,46.991966860267524],[4.743804572697838,46.991909292544314],[4.7436827056974495,46.991927488469976],[4.743693642320378,46.99198863339296],[4.743708573584071,46.99208138167294],[4.743720779253132,46.992135356958286],[4.74376379049468,46.99231147807234],[4.74378772692119,46.99240511688245],[4.743822873115207,46.99243013463109],[4.743827573702184,46.992483196688084],[4.743783617458257,46.99250940090971],[4.743709713220311,46.99253299579052],[4.743697880525373,46.992536245520746],[4.743677702102329,46.99255902845784],[4.743652751209801,46.99261867142386],[4.743611399124773,46.992725562498414],[4.74354703021807,46.992813385263695],[4.743439607621687,46.99295499161041],[4.743440629338367,46.99298664889371],[4.743331080400987,46.993108880168094],[4.743403419939001,46.993083264917395],[4.743453876633206,46.99307330781166],[4.743631321411711,46.99297252842992],[4.743879013749391,46.992688818817356],[4.744210255762785,46.99244880166281],[4.744311568465529,46.99234918100082],[4.744447644145998,46.99226230894803],[4.744582318832337,46.99217852882249],[4.744727748515694,46.99210378964043],[4.744736937968538,46.992110801141806],[4.744902762382384,46.9920204167757],[4.744780749725606,46.99175659626145],[4.744736895782654,46.991739887569864],[4.744884219439712,46.991677376161306],[4.745081575434398,46.99159264748055],[4.745163050716399,46.991526025413854],[4.745238124235154,46.991446207827224],[4.745382298575044,46.991286671846375],[4.745458739345113,46.99120275387289],[4.745526485218375,46.991127135478266],[4.74564746183739,46.990989410455455],[4.745781221721511,46.9908310491161],[4.745899224054709,46.990693368799434],[4.746263440629482,46.99027300403794],[4.746297148002206,46.9902071040479],[4.746340440638142,46.99016046608336],[4.746363768520284,46.98894213829457],[4.746023281214978,46.98894115865623],[4.745758839102661,46.98893699212826],[4.745631813602719,46.98893379888518],[4.745500335939218,46.98893170850502],[4.745373343619123,46.98892954111699]]],[[[4.75507312502936,46.9807388305188],[4.754997158594435,46.98074407482917],[4.754894719892019,46.980761978521514],[4.754747948556882,46.980839831810705],[4.754673932355237,46.980859347244674],[4.754557069828471,46.980846814724416],[4.7544592755824455,46.980823779653804],[4.754375274674562,46.98081177380875],[4.754310308730449,46.98078823935535],[4.754063515147441,46.980728646318866],[4.753920188322983,46.980682798330484],[4.753829268523611,46.980641268637285],[4.75382491595185,46.980645414378834],[4.753649631290424,46.980580644704155],[4.753595804982725,46.98057840102081],[4.75353813643717,46.98059562293301],[4.753499138326434,46.98059008286977],[4.753456856416162,46.98057539792048],[4.7533463386712524,46.98052803288331],[4.753193658812406,46.98047006945118],[4.753043633369773,46.980401844050114],[4.7528563833007995,46.9802902454407],[4.752721816748598,46.98023813902402],[4.752515950314395,46.980151345159705],[4.752419445874885,46.98012216493909],[4.752310022899919,46.980108499515374],[4.75225778255958,46.98010929305071],[4.752175314786769,46.98023621976535],[4.752112759179004,46.98033322434167],[4.751935611187239,46.98053312087102],[4.751856243271023,46.98061811489898],[4.75177525640463,46.98069904487959],[4.751514195286172,46.98093597641463],[4.7514514946553295,46.980981884657076],[4.751425220173749,46.98100067313106],[4.751406879846609,46.98103365113729],[4.751392485007539,46.981096197865625],[4.751391065018504,46.98109826370915],[4.751361940850376,46.98116716690755],[4.751311987110778,46.98128441350763],[4.751261413857623,46.981336270377625],[4.751200596123655,46.98139441559274],[4.751135163858389,46.981494516143705],[4.751043655387065,46.98161954387745],[4.750978782346875,46.98169103386364],[4.750833998385438,46.98178417048651],[4.750773904670702,46.98181879969848],[4.75076734083484,46.981846492649865],[4.750778379573459,46.9818647146737],[4.750843787218396,46.98217843369921],[4.7508852612805645,46.98235253199391],[4.750896584191264,46.98256387599229],[4.75089167168807,46.9825966410822],[4.750844350418348,46.98270260837943],[4.750800395427231,46.98277479838427],[4.750754900993042,46.98284496744794],[4.750706440843151,46.98291620814151],[4.750683594501493,46.98294823673867],[4.7506501285804115,46.983021285137184],[4.750640601548354,46.983096023542224],[4.750563987376853,46.98326578097349],[4.750543189364711,46.98331514135289],[4.750523910844352,46.98336550531503],[4.750514426880971,46.983395277820804],[4.7504824470320965,46.98346831260898],[4.750390310381909,46.983665898734614],[4.750360160338736,46.98374911812325],[4.750358026746536,46.98386767386926],[4.750323391628133,46.98395097029493],[4.750308534027767,46.98404519669276],[4.750306596557849,46.98412390845352],[4.750339826317809,46.984181643832784],[4.750371093602679,46.9842251080057],[4.75045396617231,46.98429435584081],[4.75042403016353,46.98419978243754],[4.7504624018084245,46.98418591689203],[4.750501004993308,46.98417919830657],[4.7505574104399555,46.98416914765749],[4.75058563621026,46.98416463079201],[4.750639101973674,46.984155642348355],[4.750658856625901,46.98421256448158],[4.750745185944286,46.984204103930225],[4.750746850785103,46.984209184869385],[4.750753405064199,46.98422748394906],[4.7507583205192,46.98424069268889],[4.750771375455124,46.9842752293661],[4.750785337283697,46.98433734559263],[4.750787068636676,46.9843444788101],[4.750850342302505,46.98440789094958],[4.7509013089477286,46.984460250785865],[4.750919709816687,46.98452127298066],[4.750924678403865,46.984536525189455],[4.750966304009236,46.984576770076345],[4.7511072521209,46.98450310788669],[4.751248629906659,46.984442713325315],[4.751338736283973,46.984412734530984],[4.751354323989956,46.984386957869305],[4.751339735928561,46.98435141788278],[4.751202247558056,46.984209432549655],[4.751151214631662,46.984155029564356],[4.751097229014554,46.98410168901372],[4.751050999465223,46.98405743449162],[4.7510399269299874,46.98403818636694],[4.751174968259217,46.98396665799646],[4.751271849562529,46.98391511592771],[4.751368684556845,46.98386255683812],[4.751411243000295,46.983839432635655],[4.75152937168926,46.983752832964996],[4.7515519531985735,46.98371264009841],[4.751549045562384,46.98353080604254],[4.751540362523799,46.98349312312935],[4.751531411453113,46.983401302285756],[4.751715377053821,46.983318809004736],[4.751780010076617,46.98328615469055],[4.751859107819577,46.98323897069724],[4.7519396254475375,46.98318972080014],[4.752012486760185,46.98313446327262],[4.752066377683266,46.98309276814658],[4.752293225833902,46.98295138303384],[4.7522915697232735,46.98290031908823],[4.752278103392123,46.98285352309992],[4.752231584783321,46.982754095754046],[4.752208072525014,46.98271970904459],[4.752174817326671,46.98261496500605],[4.752155644868298,46.98257643280741],[4.752132738058984,46.98251445255252],[4.752139665568376,46.98249799305931],[4.752133098168795,46.98247970324936],[4.752162809183047,46.98247516342221],[4.752194752443482,46.98253905070596],[4.752232517474468,46.982552787094],[4.75224419021166,46.98263638944585],[4.752267934243631,46.98267792312159],[4.752301728633024,46.982753030326364],[4.752337009092153,46.982828105942154],[4.752352094276938,46.98287896590357],[4.7523337780657435,46.9829589442024],[4.752300456026384,46.982990105610774],[4.7522758128236315,46.98301295804685],[4.752202720164064,46.98306106877078],[4.7521930716644505,46.98308573772336],[4.752032818396315,46.98320873934967],[4.7520143121923795,46.98323661373533],[4.751965994977361,46.983265958483365],[4.751923105951645,46.983278866505145],[4.751753477313709,46.98338873575536],[4.751658854447156,46.98341775684521],[4.7516029136859546,46.983442110981045],[4.7515985644441345,46.98349223945394],[4.7516235334180275,46.983571560390615],[4.751613779669955,46.98368513470733],[4.751634925715552,46.983784947512646],[4.7516027248695965,46.98380485261747],[4.751554701172529,46.983797404623225],[4.7514082144030745,46.983884434837016],[4.751250820289104,46.98395732945268],[4.751255457768618,46.983962365260744],[4.751171720963501,46.984004513018235],[4.75113676570384,46.98403161028521],[4.751113541611378,46.98405239662703],[4.751195325638606,46.984133917159454],[4.751292621672442,46.98423360070703],[4.751385247277879,46.98432722222796],[4.751428061163694,46.984358245137734],[4.751648727262553,46.984302788187115],[4.751897366745283,46.98423464031829],[4.75200408631982,46.98421054156015],[4.75206441367248,46.98418305870344],[4.7521597617805265,46.98413051252573],[4.752268671863323,46.984081857849056],[4.752345480290454,46.98405616879446],[4.75246978246153,46.98402158110425],[4.752594051479231,46.98398597614182],[4.752712335680167,46.9839504619684],[4.752833254180676,46.983903668585995],[4.753170896070381,46.98372585454312],[4.753342022326619,46.98361596043194],[4.753445762160294,46.98354592269614],[4.753577196639043,46.98345503005366],[4.753750644277035,46.983324675176256],[4.753827080652375,46.98324176878527],[4.753906270492688,46.98315166998064],[4.754033485003406,46.98297705225255],[4.7540670123661215,46.98290603714746],[4.754231277587737,46.982538755991754],[4.754305225262801,46.98237925787499],[4.754349241302617,46.98230910080194],[4.754386383631843,46.98225744681756],[4.754498506724278,46.98212393469736],[4.754625079826572,46.98197589266749],[4.754751897499761,46.98183499726145],[4.754855128011742,46.98170365529588],[4.754926757010361,46.981610608774105],[4.75503334367063,46.98144447169743],[4.7551433734406245,46.98124661818078],[4.755180016615438,46.98117964384362],[4.755219645290493,46.981112624066895],[4.755262279344895,46.98104657618573],[4.755299221088776,46.98098880105568],[4.755417548819433,46.98081636104495],[4.755417249948168,46.98080716179563],[4.755293454455821,46.98076511586326],[4.755162798585956,46.9807415547571],[4.75507312502936,46.9807388305188]]],[[[4.755464535439621,46.98083812419593],[4.755332759069373,46.98100974224754],[4.7553127559510315,46.98103763999641],[4.755287093053242,46.98107480964462],[4.755137866887472,46.98135296887089],[4.755061561164059,46.98148593678131],[4.75493458591322,46.98166771169622],[4.754828867312461,46.981814410227905],[4.754707888448531,46.98195112833875],[4.754395698310143,46.982314527162075],[4.754344622523369,46.98239704832396],[4.754300161181826,46.98249888508716],[4.754361513372085,46.98250305830702],[4.7543429752924675,46.982529906933316],[4.754210553946775,46.98272810001146],[4.754184020437682,46.98278470782596],[4.754139445669232,46.982883475298834],[4.754085926804736,46.982982378743266],[4.754081674005702,46.98298960290853],[4.754071794057402,46.9830071160492],[4.75384777412777,46.98328130424156],[4.753837728379757,46.98329371366921],[4.753755274343836,46.98337569390542],[4.753530391591537,46.9835313530188],[4.753265949212213,46.983710100013866],[4.752790800321834,46.98397583653927],[4.752571623322911,46.98403128210192],[4.752402958500097,46.98407880047626],[4.7523305888484515,46.98410339550214],[4.752153827736614,46.98417761216842],[4.752166949813818,46.98421419196559],[4.752193220911698,46.984287369157066],[4.752288891585481,46.98429102226714],[4.752379858386186,46.98428759625877],[4.752611841050945,46.984258523227844],[4.752756836862369,46.984263479893755],[4.752858280194171,46.98426091197572],[4.752936546473746,46.98428015661483],[4.75306897458535,46.98431187053661],[4.753201137344788,46.984335402198916],[4.753279730231689,46.98431888018093],[4.753496220467243,46.984272677904414],[4.7535008713362314,46.98427771342182],[4.753520239235686,46.98427640139947],[4.753566399275953,46.98427262884599],[4.75361262592128,46.984270908551544],[4.75364261623115,46.98427454125116],[4.753684934101307,46.984290243252694],[4.753913897289851,46.9842601958532],[4.754017630250864,46.98423614062558],[4.754063823536312,46.9842333940117],[4.754135157196047,46.98422311462997],[4.7543093007632855,46.98420615665817],[4.754557564731239,46.98417275254663],[4.75474213170401,46.984154617750754],[4.754804574218221,46.98414651747268],[4.754878893380767,46.98413619221506],[4.754951692881489,46.98412486338088],[4.754968041601897,46.984122570396565],[4.755412800318045,46.9839788816699],[4.7554334885386425,46.98397244302259],[4.755491126742626,46.983954194043164],[4.7556083540907865,46.98393197630701],[4.7557539191519185,46.983908300533656],[4.755963379059121,46.98387547491046],[4.756024201952842,46.983863310044],[4.756105812384143,46.98384776678945],[4.756172506926329,46.983832441532364],[4.756219668157324,46.98381333402971],[4.756414124769985,46.98373271775966],[4.756544852129553,46.98366635487071],[4.756609429370633,46.98363165437964],[4.756698933796895,46.98358329091793],[4.75675030088716,46.983555941999846],[4.756942776191536,46.983414044383736],[4.75702794056648,46.983369826318565],[4.75706919611384,46.98335285268724],[4.757122281508838,46.98333262792611],[4.757176866588782,46.98331238930291],[4.757407812769484,46.98325164936168],[4.757449001351374,46.98323262331792],[4.757501734520121,46.98320117367163],[4.757506073569973,46.98319701899389],[4.757511878668502,46.98319181533495],[4.757529194990241,46.98317316194713],[4.757544978492887,46.98315350526215],[4.75724605347883,46.98277692994703],[4.75622883944296,46.98147737595345],[4.7557637275885245,46.98108595484709],[4.755464535439621,46.98083812419593]]],[[[4.7600273044105,46.984416413493534],[4.759810191081698,46.98426032514751],[4.75962068249745,46.98412629352618],[4.75947160620966,46.98404171650958],[4.759442782390763,46.98402784609113],[4.7593834898526115,46.98408699003799],[4.759153419135003,46.98389942514268],[4.759132266278482,46.98389157954601],[4.759105859999567,46.983906283204966],[4.759032642558823,46.98390433768383],[4.758989089785556,46.983896824596556],[4.758984185503002,46.98388361600546],[4.758954929654469,46.98385646868753],[4.758878590279479,46.98389646505796],[4.758855482298531,46.983920322169126],[4.758849377778386,46.983916326663135],[4.758756789355788,46.983961676896214],[4.758750884378034,46.98396381120565],[4.758612456106127,46.983839211668055],[4.758507809377354,46.983743734707815],[4.758443110062241,46.98382034152747],[4.75834187648762,46.9838750179893],[4.758316670360288,46.983880508382235],[4.758248423285166,46.983893805255576],[4.7581766790336975,46.983891836739524],[4.758138071579419,46.983806592066976],[4.758042662046459,46.98371915107322],[4.757919275661657,46.9835524361285],[4.75761259802991,46.983212768039024],[4.757429576439943,46.98327788454839],[4.757348319477502,46.983304662453065],[4.757215310538151,46.98334653860234],[4.757142910978124,46.983370119515385],[4.75712248928841,46.98338474057105],[4.757067837958807,46.983402944894394],[4.757032387834148,46.98341472389171],[4.756945823476213,46.983462025207],[4.756927186539704,46.98348580482738],[4.756950336835152,46.983508957055655],[4.756888625951902,46.98353952551914],[4.7569058048038135,46.98356276869516],[4.756770639194063,46.983630217231976],[4.756755943227003,46.98363760052694],[4.756690814674668,46.983654937563465],[4.756596592582531,46.983696222349515],[4.75647995843045,46.9837828045799],[4.756223843628783,46.98389604154056],[4.756164354007289,46.9839030709983],[4.7561175247466085,46.983932394853156],[4.756001319331635,46.98394029655869],[4.755990079181351,46.98391594522111],[4.755777765895333,46.983952893882645],[4.755583121433211,46.983982422776066],[4.755534241306254,46.98399440567163],[4.755325543652646,46.984050714680514],[4.7553259750015515,46.98406399147031],[4.75529499611907,46.98407570188746],[4.7552776921824265,46.98409436373572],[4.755259910118181,46.984098713852],[4.755111803020198,46.98413571101461],[4.754752170368851,46.98418818225532],[4.754624929990167,46.98422384375205],[4.7546215791146,46.984212646645915],[4.754458277036961,46.98424169691946],[4.754237840445498,46.98425833240343],[4.754061042602463,46.984285552043765],[4.753939228977774,46.984304766980785],[4.753906564649374,46.98431037879396],[4.753869182785848,46.98430890281823],[4.753665492211603,46.98433549503297],[4.753611794801829,46.98433733791221],[4.753528630288363,46.98435085871547],[4.753441100263259,46.98436854338328],[4.753351897802877,46.98438011154349],[4.753221698171636,46.98437085120084],[4.753092785995197,46.98435543829588],[4.752943843599139,46.984320922411776],[4.752849062521805,46.98429885777177],[4.75276668860527,46.984290914539734],[4.752683312237876,46.98429831410473],[4.752550358980724,46.98429624533336],[4.752531388721598,46.984309816854235],[4.752498690959319,46.98431440212978],[4.752456803768917,46.98431196749156],[4.75239296080561,46.984323158691296],[4.752251613317551,46.98433858898896],[4.752249861936627,46.984330438455764],[4.752202036481497,46.98432912056334],[4.752114912621718,46.984313080881385],[4.752030509253222,46.98428881367968],[4.751995596604295,46.98427095433687],[4.751915305167697,46.98428136841903],[4.751885758628795,46.984291011872436],[4.751819062304973,46.9843063346494],[4.751604156029955,46.98435557162752],[4.751449051235156,46.98440697125817],[4.751429882241363,46.98441442176639],[4.751421322039522,46.984426808414796],[4.751307925251703,46.984475530374176],[4.751275525180011,46.98448930555089],[4.751270821422343,46.98448222646699],[4.7512146675441596,46.98450045077357],[4.751036635763563,46.984581835450825],[4.750910152779011,46.98464096803524],[4.750811915937621,46.9846966189001],[4.750862975043703,46.98484400496321],[4.750853414730923,46.98491771720328],[4.7508535801246135,46.98492282089631],[4.751035817127524,46.984971144117246],[4.751201473649535,46.98501461253241],[4.751291749907301,46.98503572026912],[4.751434642492917,46.985068294859055],[4.751589590881966,46.9851037481572],[4.751669311284054,46.98512195394645],[4.7517746494889845,46.98514692118429],[4.752031507247493,46.985194109771214],[4.752238642093362,46.98522774302541],[4.75254929858735,46.98527615763404],[4.752702318100128,46.98529835541929],[4.752846314262326,46.985318654822144],[4.7532967941242585,46.98539661583263],[4.753664621000597,46.98545845959264],[4.753775753626091,46.98547823074021],[4.754232719467563,46.98552646092868],[4.7543466392315255,46.9855400562997],[4.754499540674444,46.98555816494961],[4.754650995930764,46.98557833967763],[4.754679487540108,46.98558199491213],[4.754704926952393,46.98558365227797],[4.754728833834787,46.98558431530833],[4.754885073100826,46.98561361174407],[4.755158052788842,46.98565135342968],[4.7554671814929375,46.98569875685061],[4.755516693764592,46.98570618059493],[4.755627960079373,46.985730027504346],[4.755767784963061,46.98575958154716],[4.755809872345034,46.98576813580328],[4.755958787502074,46.98580163083556],[4.75625491989567,46.985862522329256],[4.756541763228686,46.985913333076496],[4.756568921574657,46.98592211435778],[4.756590054936758,46.98592894308288],[4.756833311715924,46.985971221963844],[4.756982128247334,46.986001646262714],[4.757128582116384,46.98600554865912],[4.757397582812705,46.986012690421894],[4.757654719767421,46.98602205658848],[4.758089177491956,46.98602055203879],[4.758322061828528,46.98601903822166],[4.758397802744541,46.98600664477807],[4.758440825396598,46.985997820905595],[4.758513447384558,46.985981386350964],[4.758586049080651,46.98596392541329],[4.7587030799745325,46.98593557473012],[4.758756413400899,46.98592250498687],[4.7588893741193505,46.98587858362256],[4.75904894825596,46.98582710582665],[4.759099062647036,46.98580692549691],[4.759227238204714,46.985753881907975],[4.759355346972489,46.985698794903705],[4.7594348740031895,46.98566488252134],[4.759756067228633,46.985532265306],[4.7601464277664824,46.98536895425465],[4.7602142102454765,46.98534135336238],[4.760260117593271,46.98532940484445],[4.760294035644164,46.98531663060658],[4.760386924546914,46.98528046938169],[4.760606677864863,46.98524238110467],[4.760859447992787,46.985209912331655],[4.76092057082522,46.98520693511056],[4.760354895659284,46.984663799321225],[4.760180466307646,46.98453464471934],[4.760139146721252,46.98450360218186],[4.7600273044105,46.984416413493534]]],[[[4.760655589422822,46.98527739619337],[4.760571092345937,46.9852960576319],[4.7604386686690106,46.98531033512229],[4.760323558960439,46.985351941658124],[4.760062460369792,46.98544993548396],[4.7596779041426664,46.98560804248306],[4.759676883653657,46.98562236805718],[4.759669678392702,46.985630646098265],[4.759627035550212,46.98565071272561],[4.75960912052154,46.985650985967354],[4.759589552929291,46.985646178196475],[4.759264185980233,46.98578806236485],[4.759254041354834,46.98579741184669],[4.759193549672608,46.98581979476861],[4.758775591753388,46.985961036047655],[4.758401985356879,46.98604336917129],[4.75825776197646,46.98606191253431],[4.75776044820899,46.98605927819187],[4.7575710046978115,46.98606522629857],[4.757395959036798,46.98605460949881],[4.757363061241479,46.986053066331394],[4.757236008753748,46.98604886872329],[4.757108890124771,46.98604263670332],[4.756803607035019,46.98602173676927],[4.756847091023643,46.986303095879435],[4.756891832647465,46.986301387905264],[4.7569245064209085,46.986341767028904],[4.756960830023995,46.9864025153988],[4.757026757358657,46.986547628223],[4.757111432024287,46.98658005584246],[4.757199715687888,46.98658587074022],[4.757347271898412,46.986577490382956],[4.7575775051256946,46.98658623991351],[4.75780628544531,46.98659603776793],[4.757881039400219,46.9865989873545],[4.757891786841455,46.986562044473025],[4.758834473419631,46.98662328859003],[4.758976124219956,46.986617040461546],[4.759335008217647,46.98667900269229],[4.759457789713977,46.98668939600644],[4.759840029764626,46.9867346552043],[4.759873027737696,46.986739258071225],[4.75984081180426,46.98657524296898],[4.759842198481901,46.98657215989006],[4.759844918139359,46.98656394125908],[4.759850623683909,46.986555677081796],[4.7598578824451065,46.9865494425037],[4.759866640431869,46.986543176050255],[4.759876917916083,46.986537904058004],[4.760095731905605,46.98647122017366],[4.760155467404519,46.986517309416094],[4.760572994859559,46.98631679442504],[4.760557546260118,46.986300684881726],[4.760560498987722,46.98629962218221],[4.7605542609040565,46.98629154022746],[4.760530874977063,46.98626124179479],[4.760693347964021,46.98620665556044],[4.760705910446549,46.98622587106034],[4.7609068649120925,46.98620645875336],[4.761515216340762,46.985996894653816],[4.761394279319452,46.985859783575535],[4.760958727710748,46.98536984169775],[4.760836706150003,46.98524499432107],[4.760740166184797,46.98526077776365],[4.760655589422822,46.98527739619337]]],[[[4.753141368132293,46.9870031904851],[4.75307560492883,46.98700112785384],[4.752862018518854,46.986999266894905],[4.7525353707957185,46.98701035307373],[4.752368344479699,46.98701697869544],[4.752368576298587,46.987024125658124],[4.752168896916632,46.98703636215499],[4.752077912029248,46.9870397791926],[4.751921376144396,46.98704727149716],[4.7517653990595505,46.98702613516292],[4.7517205904224875,46.98702579787333],[4.751449701604684,46.98700640578846],[4.751450165291231,46.98702070871873],[4.751427744196981,46.98702002244506],[4.751440304787328,46.98722317021048],[4.751442844481773,46.987347787779115],[4.751342782178116,46.987347262472994],[4.75110388678416,46.98734782670507],[4.750872793616238,46.98735848443622],[4.750867394504553,46.987329955446235],[4.750724241352115,46.98733621637402],[4.750585573652234,46.98734240906467],[4.750613422023812,46.98751058112274],[4.750641303820163,46.98767977930358],[4.750672138506111,46.987847906021415],[4.750688381819105,46.98793450994066],[4.75070767737485,46.988023111821114],[4.750719194011223,46.988055636543855],[4.750725089582607,46.98809948559956],[4.750745673026055,46.98818193508753],[4.750738184380408,46.98822700487569],[4.75072624042863,46.98822718611695],[4.750727796046295,46.98827518958621],[4.750763971702897,46.98837784526712],[4.750887347989184,46.98836064542377],[4.750935342392566,46.98836706754677],[4.751027683262735,46.988359533300894],[4.751138158873664,46.988358883220606],[4.751239179592141,46.98834303994208],[4.751317792062342,46.98832651908183],[4.751397857929007,46.98830895846713],[4.751442290287626,46.98829806257013],[4.75154305926514,46.98827405472704],[4.751611081506773,46.98825360587571],[4.751689660753326,46.98823606762484],[4.75176829275732,46.988220563793625],[4.751836579874418,46.98820828790823],[4.751974753124116,46.98818678265762],[4.752138333241524,46.98816590003259],[4.752254316500323,46.98815085526783],[4.752295941560256,46.98814511687847],[4.75253165140648,46.98809249196246],[4.752828387685323,46.98803382422017],[4.753003778596795,46.98800868136104],[4.753109316948505,46.987993794427574],[4.753356132509614,46.987961432863614],[4.753424651193186,46.98795631199721],[4.753549757210891,46.98794623347349],[4.753673728267985,46.98794741111297],[4.753817247375476,46.98795238003258],[4.753875653063271,46.98795762503117],[4.753916517139416,46.98783643620158],[4.754123336691012,46.98717014288296],[4.7538665010248,46.987123985119936],[4.75372233399697,46.98709858331648],[4.753582706024269,46.98707516563231],[4.753193880352132,46.987010569650444],[4.753141368132293,46.9870031904851]]],[[[4.762059261530029,46.98752435097287],[4.762065066948545,46.98751915609317],[4.762051070484753,46.98750199791937],[4.761979653251329,46.98714341115221],[4.761931158354458,46.98716765656407],[4.761748429054106,46.98719598709027],[4.761536727695919,46.987206379109125],[4.761337236115888,46.987224752479705],[4.761216252180586,46.98722352849036],[4.760372479015635,46.98722006073715],[4.760362234592479,46.98722634990704],[4.760361313681684,46.98724372688376],[4.760474837532494,46.98729104853911],[4.760627777387613,46.98735614915565],[4.760779251510622,46.987422298589294],[4.76100542649353,46.98753533487371],[4.761058659217765,46.987565168626006],[4.7611746824584715,46.987643097743785],[4.761289219635279,46.98772104943434],[4.761387128251732,46.987793131026685],[4.761477611679501,46.987866334538],[4.761574367237228,46.98794864600762],[4.761694077476395,46.98804797882934],[4.761781289226431,46.98811203727913],[4.762134905515563,46.988332454099435],[4.762178349321804,46.988336905787115],[4.762181510206709,46.98820504154164],[4.762153013681348,46.98792652618929],[4.762147296090821,46.98784282476853],[4.762143444772262,46.98777034292268],[4.762059261530029,46.98752435097287]]],[[[4.755282120325337,46.98758576286621],[4.755144440856915,46.98748465265341],[4.75509264464612,46.987452750087094],[4.755047072439526,46.987428920946],[4.755022932565353,46.98742111102553],[4.754682880299542,46.987295494229805],[4.754553496218484,46.98726578005501],[4.754509515642339,46.98738293699399],[4.754475229311574,46.98747644174003],[4.754172096215545,46.98742996202625],[4.754231286818315,46.98727579488472],[4.754142703949284,46.98726078748454],[4.754112692077397,46.98725613758193],[4.754045199095852,46.987476847551534],[4.753969411065515,46.98771812638727],[4.753892135657892,46.98795941874959],[4.753983738596772,46.9879753980806],[4.754070902233186,46.987992462470174],[4.754269568749881,46.98804053095359],[4.754828186143035,46.988183267685194],[4.755116825438403,46.98824324955702],[4.755154508633103,46.98825391535378],[4.755266012534398,46.9882849185483],[4.755377582662239,46.98831795590619],[4.755484879995347,46.98835720002471],[4.75567266698856,46.988438122177485],[4.755844542150135,46.988488639954994],[4.755914811688903,46.98839970238629],[4.756110323804114,46.98816682137037],[4.755922728633372,46.98804603798745],[4.755765259592634,46.98793297298404],[4.7554766799948425,46.98773709653575],[4.755369476694589,46.987654939054664],[4.755282120325337,46.98758576286621]]],[[[4.761778402292391,46.98816112622932],[4.7615655548047355,46.98799885207101],[4.761519546381017,46.98796174874042],[4.761419405209643,46.98786722319536],[4.761347070599543,46.9878008930727],[4.7611959490363045,46.98769999511877],[4.761090802669979,46.98763518335351],[4.76086274140562,46.98750991930703],[4.760727549822615,46.9874394329167],[4.760563965666508,46.98736836200005],[4.760432359984416,46.987316219128786],[4.760346162349828,46.98728279049726],[4.760191712148765,46.987308651774114],[4.759927440562997,46.987355595350394],[4.759838035177898,46.98736104770315],[4.759456333170696,46.98737810843586],[4.7593265576281025,46.987382131751076],[4.758905971627923,46.98739773931095],[4.7587613125856025,46.987403006533114],[4.758697168102939,46.98740501098975],[4.75791104211639,46.98742924840812],[4.757587379061993,46.987440312391655],[4.757326360919255,46.9874493946482],[4.757204043319327,46.98745330197378],[4.757078773135181,46.98745828078098],[4.756983362040039,46.987462795734],[4.7563120476946725,46.98748221181947],[4.755636360274291,46.9875047614653],[4.755575838948383,46.987572099100625],[4.755627244608683,46.98763773357046],[4.755650727836387,46.98767109339238],[4.756066465756852,46.98796619455895],[4.756266834740012,46.9881123232995],[4.756347789626871,46.988168312873746],[4.756608517944838,46.98833396500464],[4.756852603695451,46.988446727619035],[4.757019994414082,46.988497311948684],[4.757120989010581,46.988526429131696],[4.757257935494006,46.98855908722472],[4.757426049119079,46.988586155203805],[4.757691354636662,46.98861685752007],[4.757782760366368,46.98862670401861],[4.758027666744027,46.98862706109752],[4.758224743719686,46.98862610226235],[4.758319168671255,46.98863691996651],[4.758629438265292,46.98867306773038],[4.758939654609377,46.98870716218751],[4.759008539471333,46.98871327149298],[4.759099912191457,46.988722090812104],[4.759193938563764,46.98872065717991],[4.759370093834269,46.988718997756585],[4.759487862007347,46.98871311327222],[4.7596519066858365,46.988706522889906],[4.759775547123895,46.98869748662522],[4.759893281778175,46.988690575591505],[4.760151053191925,46.98867336000758],[4.760398413443496,46.9886573293447],[4.760684432087662,46.988636619638804],[4.760817176252955,46.98863152289083],[4.7608618067735256,46.988626753175986],[4.76102101241788,46.988608995624794],[4.761178685222192,46.98859024361061],[4.761337777722245,46.98856942541987],[4.7617563395040845,46.98853748574988],[4.762196689209547,46.98853280514084],[4.762201961528131,46.98851126410723],[4.762175708586414,46.988439124429505],[4.76211985498299,46.988374578334756],[4.7620431997433865,46.988313420838374],[4.761860296269454,46.98819972575056],[4.761778402292391,46.98816112622932]],[[4.760333636478373,46.988044221505035],[4.760397718450653,46.98840700052719],[4.7603246805704496,46.98799837522835],[4.760333636478373,46.988044221505035]],[[4.759962143605268,46.98800799465462],[4.760029161867438,46.98800288374034],[4.759776012257851,46.98802411717957],[4.759962143605268,46.98800799465462]]],[[[4.758830691891839,46.99022210679321],[4.7588090276734745,46.990152949411254],[4.758761184216964,46.98996771195119],[4.758736724167486,46.989858756153424],[4.758685665888608,46.989620434289385],[4.758671430952395,46.98950416311314],[4.75865566336588,46.98938689765433],[4.758643048322513,46.98927469934999],[4.758629046225257,46.98916557510088],[4.758625195791238,46.989139067103615],[4.75861679697184,46.98906461027177],[4.758602961413081,46.988960598688685],[4.758574621839691,46.98877812574378],[4.758068794102621,46.98874394022268],[4.757648214572359,46.9887135600489],[4.757558627517455,46.988713907156516],[4.757557340511936,46.98872005961319],[4.757512497051526,46.988718698436756],[4.757512330724415,46.988713585758255],[4.757252128807133,46.98870223049129],[4.757180092146584,46.98869106193668],[4.75704172540399,46.98866046966076],[4.757030014112841,46.988667807505195],[4.757024307621114,46.988676062536285],[4.757042791947925,46.98878511868662],[4.757052646691405,46.98881255292721],[4.75715872410967,46.988997921820285],[4.757205921772187,46.98911777969305],[4.75722957651014,46.98924820852516],[4.757254850734859,46.98938270124938],[4.757256682359567,46.98939288576282],[4.757287700933718,46.98947415763715],[4.757316721648125,46.9895401323117],[4.7573776828834085,46.989669992881886],[4.757429865681149,46.98980510234213],[4.757498212488238,46.99006972799197],[4.757525776020386,46.99018272529966],[4.75752899462576,46.99018982675862],[4.757628548116503,46.9904039055331],[4.75772215040076,46.990619101525446],[4.757807814216309,46.99091105646],[4.758029477413713,46.99088520112935],[4.758924760615513,46.99077244017029],[4.758930237230538,46.99071104619576],[4.758885551844115,46.99062283259989],[4.75886219172513,46.990501594375374],[4.758882576113367,46.9903939992783],[4.758830691891839,46.99022210679321]]],[[[4.75759603337684,46.99041462225458],[4.75752376214064,46.990258367421404],[4.757518977433102,46.990249245535445],[4.757506049395652,46.99021878722663],[4.7574946280693515,46.990189332609695],[4.757486172616217,46.990158806170264],[4.757415184892908,46.98990443315472],[4.757387774898148,46.98979654868789],[4.757332154333138,46.98964719059563],[4.757267928168751,46.989509202597134],[4.757256686289139,46.98948485142605],[4.757238907530534,46.98944322790967],[4.757224081762004,46.9894005417769],[4.757202046043186,46.989274167852095],[4.757165982302386,46.98912962702684],[4.757129096607825,46.98900553253221],[4.757113282603685,46.98897818004931],[4.75700465116538,46.98880613334945],[4.75698049891942,46.98866038441722],[4.75664955023038,46.9884937579838],[4.7564728088606705,46.988385075916376],[4.756360042508663,46.988315269721994],[4.756271857854072,46.98840448028755],[4.756205417587024,46.988473952613205],[4.7559870856957405,46.988372035737],[4.75604757405065,46.9883036717664],[4.756038483548005,46.98829973056628],[4.755956469611983,46.988394979812504],[4.75585441642791,46.98851710063739],[4.755715686097893,46.98847528227407],[4.7556809552873345,46.98846354508619],[4.755638633568667,46.98844784383753],[4.755599264523739,46.98843107100024],[4.755497852653805,46.98838867551354],[4.755488795228384,46.98838575140588],[4.755354239025116,46.988334665329],[4.755173406849628,46.98828428309479],[4.755093547840743,46.988261993199124],[4.754837993459138,46.98820968518431],[4.75464984939651,46.988163492913614],[4.75424627808385,46.9880592836272],[4.75403703450964,46.98800728734267],[4.753858367259683,46.98797730397977],[4.753726771811473,46.98797112722328],[4.75355632575442,46.98796452317106],[4.753328634140042,46.987988417414684],[4.753016451515875,46.98803096689902],[4.752854391559175,46.98805284532358],[4.752668867394186,46.98808733665154],[4.75252936125379,46.98811398720019],[4.752313020342329,46.988165291291864],[4.751947286934645,46.98821478401429],[4.7517408929890035,46.98825061737687],[4.751617682701775,46.98827292181989],[4.751475666139157,46.98831391014907],[4.751296330714694,46.98835545576931],[4.751137486746107,46.988384433417146],[4.751013680161091,46.98838835674021],[4.750730380554645,46.98840083306743],[4.750738119179544,46.98854784976489],[4.750739945381394,46.988695982815045],[4.750754384504143,46.98886538490101],[4.750786544001625,46.98907435901887],[4.7508029966286704,46.98912110977665],[4.7508308868572655,46.98919834215607],[4.7508617170921115,46.98927451227612],[4.75092054708361,46.98938499221745],[4.750954452962776,46.98941717713646],[4.751020275333691,46.98946726718077],[4.751178089656549,46.98949858911532],[4.751262235832759,46.98951468380343],[4.751359846015677,46.98953160069899],[4.751486544292305,46.98938662287144],[4.751496998409031,46.98934048138389],[4.751703959687084,46.989322011799345],[4.751836726503239,46.98931795172057],[4.751857089845231,46.98934728008864],[4.7518827996611215,46.989403084902065],[4.751878185450557,46.98944504919603],[4.752168886764173,46.98947639624419],[4.752340132460452,46.98950751262495],[4.7523761841164776,46.9895141245545],[4.752550005242693,46.989532935828905],[4.752626958463957,46.98955731590877],[4.752830367151336,46.989613492000395],[4.75289359141225,46.989628876711485],[4.752964294435188,46.98964517440495],[4.7530978903435,46.98966664028834],[4.753182468220421,46.989696010349704],[4.7532564689011885,46.98972145251806],[4.753322898573398,46.989743947773526],[4.75338630892529,46.989765462232604],[4.753350361815897,46.98980790275566],[4.753599378817444,46.98988892441576],[4.7535218640237815,46.98998513004339],[4.753638386591596,46.99003240379938],[4.7535985174182445,46.99009227588991],[4.753696187770908,46.99015720799881],[4.753839677550083,46.99025311639093],[4.7540531741490595,46.99043583740292],[4.7541130748874885,46.99048704239568],[4.754168357296817,46.99053422901158],[4.754231177726042,46.99058333626911],[4.754411451912797,46.99070832226147],[4.7547424665898115,46.99092297217632],[4.754967077310691,46.99112595631949],[4.755075600810153,46.99124896169973],[4.7551538783526235,46.991360170400256],[4.755313294676909,46.99162443836009],[4.755384141230472,46.99178276039508],[4.755453243096169,46.991978914608325],[4.755590295688297,46.99192266946017],[4.755713280376114,46.99189321385662],[4.755785890921089,46.991875754713675],[4.7563001308453465,46.99175451126367],[4.756366822230258,46.9917391951343],[4.756506169889594,46.9917074363033],[4.7573642916418235,46.99150738535953],[4.757909739602588,46.991381570719845],[4.757936402378952,46.99137503164561],[4.757855460431043,46.991182121063524],[4.757833830466162,46.99111398965497],[4.757734739699604,46.99077626546019],[4.757689449260869,46.99062368826273],[4.75759603337684,46.99041462225458]]],[[[4.753040573096923,46.9901549144473],[4.7527206021688055,46.99000445531167],[4.752409132287798,46.98988555703527],[4.751663380113579,46.98968230406931],[4.751431743830217,46.989630642993404],[4.7510965289479925,46.989608137790455],[4.7508709455330855,46.99015822132327],[4.75088584303991,46.99015697761649],[4.751068898801564,46.99013784535013],[4.751066777033794,46.99002650486416],[4.751113852800789,46.98991237342772],[4.751257936325862,46.98988872613134],[4.751462443666768,46.989886648499045],[4.751786411372109,46.98993077485959],[4.7519773263069345,46.989969770272765],[4.752430986619369,46.99009877581076],[4.752862657739811,46.990240379339824],[4.753130081656732,46.99038243277082],[4.753538939335176,46.99064903652041],[4.75342944571246,46.990726311894115],[4.753737409677031,46.99096686392907],[4.753816417598053,46.99091661830205],[4.753976612030736,46.99102146737636],[4.754032506672897,46.99099507767798],[4.753886328629203,46.990816439541355],[4.753652267584454,46.990598269391995],[4.753356051562457,46.99035140577195],[4.753229324057743,46.99026546348389],[4.753040573096923,46.9901549144473]]]]}},{"type":"Feature","id":"commune-21037","properties":{"id":"commune-21037","name":"AUXEY-DURESSES","kind":"commune","tier":"commune"},"geometry":{"type":"MultiPolygon","coordinates":[[[[4.7313624,46.9670728],[4.7314568,46.967122],[4.7315306,46.9671696],[4.7338001,46.9686376],[4.7345722,46.9691395],[4.7353263,46.969627],[4.7371943,46.9699821],[4.7375795,46.9700558],[4.7385648,46.970241],[4.7384859,46.9704152],[4.7385023,46.9704209],[4.7385891,46.970452],[4.7386061,46.970458],[4.7389247,46.9705719],[4.739148,46.970649],[4.7391538,46.9707231],[4.7391582,46.9707966],[4.7391649,46.9708485],[4.7392186,46.9709233],[4.7393167,46.9709779],[4.7394377,46.9710288],[4.7395742,46.9710824],[4.7401661,46.971396],[4.7402513,46.9714392],[4.7405709,46.9721539],[4.7406872,46.9724038],[4.7409116,46.9728998],[4.741026,46.9731491],[4.7411764,46.9734838],[4.741253,46.9736486],[4.7413633,46.9738942],[4.7414399,46.9740571],[4.7416672,46.9745596],[4.742015,46.9753231],[4.7420928,46.9754903],[4.7422067,46.9757472],[4.7424057,46.9761773],[4.7425233,46.976434],[4.7426008,46.9766056],[4.7426792,46.9767762],[4.7428318,46.9771164],[4.7430266,46.9775437],[4.7431848,46.977887],[4.7433791,46.978317],[4.7436571,46.9789223],[4.7440476,46.9797833],[4.744166,46.9800407],[4.7442826,46.9802971],[4.7444351,46.9806358],[4.7445473,46.9808815],[4.7448167,46.9814655],[4.7448974,46.9816457],[4.7450731,46.9816451],[4.7452385,46.9816428],[4.7457726,46.9816909],[4.7459284,46.9816458],[4.7461133,46.9815933],[4.7462924,46.981545],[4.7464705,46.9814944],[4.7466128,46.9814459],[4.7467636,46.9813856],[4.7469854,46.9812821],[4.7470608,46.9812122],[4.7472343,46.9810443],[4.7473197,46.9809593],[4.7474805,46.9807921],[4.747642,46.9806274],[4.7478017,46.9804618],[4.7479543,46.9803055],[4.7480236,46.9802369],[4.7482161,46.9801542],[4.748462,46.9800477],[4.7484857,46.9799952],[4.7485255,46.9799187],[4.7485621,46.9798644],[4.7486191,46.9798001],[4.7487774,46.9796982],[4.7488073,46.9796867],[4.7490663,46.9797155],[4.7491252,46.9797178],[4.7491739,46.9797028],[4.7497102,46.9794821],[4.7500367,46.9793521],[4.7502534,46.9794126],[4.7504965,46.9794832],[4.7506821,46.9795364],[4.7510505,46.9796435],[4.7510586,46.9796134],[4.7510738,46.9795585],[4.7512723,46.979619],[4.7513201,46.9795445],[4.7518571,46.979725],[4.7522019,46.9798396],[4.7523875,46.9799027],[4.7524041,46.9799074],[4.7523732,46.9799518],[4.7522867,46.9800482],[4.7524336,46.9800929],[4.7528524,46.9802489],[4.7531578,46.9804207],[4.7535142,46.9805563],[4.7535936,46.9805467],[4.7536674,46.9805527],[4.7543195,46.9807587],[4.7544677,46.9807981],[4.7546294,46.9808151],[4.7548914,46.9807275],[4.7551185,46.9806989],[4.7553547,46.9807311],[4.7554819,46.9807582],[4.7554463,46.9808043],[4.7554643,46.9808276],[4.7557626,46.9810748],[4.7562277,46.9814662],[4.7570113,46.9821782],[4.7576915,46.9828],[4.7577325,46.9828373],[4.7585607,46.9835941],[4.7586223,46.9836459],[4.7588293,46.983723],[4.7589205,46.9837649],[4.7589274,46.9837724],[4.7590779,46.983858],[4.7590989,46.983862],[4.7591316,46.9838809],[4.759153,46.9838887],[4.7593827,46.9840761],[4.7594418,46.9840168],[4.7594703,46.9840305],[4.7596203,46.9841156],[4.7598103,46.9842495],[4.7600266,46.9844056],[4.7601385,46.9844925],[4.7601798,46.9845237],[4.7603547,46.9846527],[4.7609206,46.9851957],[4.760932,46.9852111],[4.7608307,46.9852191],[4.7608358,46.9852338],[4.7609578,46.9853594],[4.7613935,46.9858492],[4.7615141,46.9859865],[4.7615257,46.9859946],[4.7615936,46.9859625],[4.7618428,46.9859086],[4.7620546,46.9858786],[4.762249,46.9858361],[4.7622682,46.9858267],[4.7623861,46.9857504],[4.7626498,46.9856789],[4.7628298,46.985583],[4.7631372,46.9854433],[4.7633006,46.9853368],[4.7633537,46.9853897],[4.7633815,46.9854176],[4.7634659,46.9853694],[4.7635156,46.9854092],[4.7635284,46.9854387],[4.763538,46.9855804],[4.7635153,46.9857472],[4.7634942,46.9858383],[4.7634554,46.9858903],[4.7633218,46.9860291],[4.7632264,46.9861052],[4.7630241,46.9862611],[4.7629618,46.9863033],[4.7628917,46.986333],[4.7626853,46.9864244],[4.7625294,46.9865148],[4.7624743,46.9865492],[4.762383,46.9866228],[4.7623254,46.9866805],[4.7621497,46.986929],[4.7620934,46.9870392],[4.7620678,46.9870899],[4.7620183,46.9871529],[4.7620644,46.9873922],[4.762145,46.9876923],[4.7621703,46.9878306],[4.7621967,46.9880713],[4.7622043,46.9883713],[4.7622068,46.9884399],[4.7622639,46.9886072],[4.7619591,46.9885868],[4.7616909,46.9885904],[4.761292,46.9886134],[4.7610135,46.9886485],[4.7607936,46.9886676],[4.7601455,46.9887123],[4.7598431,46.9887322],[4.7593314,46.988756],[4.7591693,46.9887529],[4.7590501,46.9887475],[4.7589508,46.9887388],[4.7586451,46.9887034],[4.758576,46.988707],[4.758594,46.988732],[4.7586209,46.9889082],[4.7586509,46.9891187],[4.7586252,46.9891284],[4.7586284,46.9891546],[4.758642,46.989264],[4.7586558,46.9893758],[4.7586704,46.9894938],[4.758685,46.9896101],[4.7587357,46.9898476],[4.7587605,46.9899568],[4.7588092,46.990142],[4.7588296,46.9902115],[4.7588826,46.9903836],[4.7588618,46.990491],[4.7588849,46.9906125],[4.75893,46.9906999],[4.7589238,46.9907614],[4.7580295,46.9908746],[4.7578079,46.9909006],[4.757791,46.9909029],[4.7578275,46.9910435],[4.7578591,46.9911353],[4.7579545,46.9913605],[4.7579365,46.9913645],[4.7579092,46.9913707],[4.7573643,46.9914962],[4.756506,46.9916962],[4.7563664,46.9917279],[4.7562994,46.9917435],[4.7557847,46.9918654],[4.7557125,46.9918826],[4.755589,46.9919117],[4.7554525,46.991968],[4.7553259,46.9920204],[4.7548434,46.9922238],[4.7546341,46.9923124],[4.7542533,46.9924714],[4.7541757,46.9925192],[4.7539763,46.9929515],[4.7537554,46.9933341],[4.7534199,46.9938791],[4.7527589,46.9944134],[4.7526788,46.9945012],[4.7526461,46.9945993],[4.7526603,46.9953412],[4.7527429,46.995645],[4.753146,46.9966014],[4.753205,46.9968025],[4.753228,46.9973816],[4.7532219,46.9979424],[4.7531615,46.9981692],[4.7530434,46.9985118],[4.7530258,46.998537],[4.7530092,46.9989193],[4.752993,46.999942],[4.7529794,47.0005451],[4.7529687,47.0011905],[4.7529641,47.00155],[4.7529572,47.0016647],[4.7528779,47.0023982],[4.7528243,47.0028667],[4.7527913,47.0031474],[4.7527591,47.0034376],[4.7527468,47.0035485],[4.7527368,47.0036376],[4.7527274,47.0037217],[4.7527065,47.0038867],[4.7527006,47.0039339],[4.7526825,47.004076],[4.7526683,47.0042143],[4.7526579,47.0043189],[4.7526549,47.0043456],[4.7525818,47.0047761],[4.7525771,47.004803],[4.7519183,47.0058215],[4.7514309,47.006561],[4.7508713,47.0074163],[4.7504266,47.0081029],[4.7500168,47.0087424],[4.7497469,47.0091612],[4.7494972,47.0095418],[4.7495304,47.0096822],[4.7496174,47.0100061],[4.7497442,47.0104617],[4.749831,47.0107842],[4.7494556,47.0106204],[4.7489236,47.0103787],[4.7486462,47.0102977],[4.7481078,47.0101368],[4.7476813,47.0100498],[4.7470865,47.0099902],[4.7468327,47.0099198],[4.7464536,47.0098106],[4.7461893,47.009724],[4.7459443,47.009634],[4.7455101,47.0094561],[4.7451063,47.0092926],[4.7444027,47.0089945],[4.7434743,47.0085925],[4.7434118,47.0085363],[4.7432702,47.0084771],[4.7429868,47.0083553],[4.7427389,47.008245],[4.7423709,47.0080557],[4.7421109,47.0078978],[4.7415581,47.0075562],[4.7412121,47.007328],[4.7393414,47.0060904],[4.7390513,47.0059],[4.7389806,47.005818],[4.7386097,47.0054335],[4.7383716,47.0051794],[4.7382751,47.0050765],[4.737501,47.0042306],[4.7372017,47.0039076],[4.7370389,47.0037233],[4.7370163,47.0036139],[4.7369906,47.0035127],[4.7369823,47.0035],[4.7367879,47.003482],[4.7367858,47.0034662],[4.7367033,47.0031625],[4.7366574,47.0029655],[4.7366464,47.0028364],[4.7366307,47.002653],[4.7365678,47.0024904],[4.736429,47.0021074],[4.7364177,47.0020762],[4.7363987,47.0019496],[4.7363613,47.0017234],[4.7363459,47.0016664],[4.7362898,47.0015221],[4.7362316,47.0013721],[4.7361217,47.0010704],[4.7360371,47.0008281],[4.7359177,47.0005318],[4.7356345,47.0001293],[4.7351723,47.0002187],[4.7350185,47.0002317],[4.734877,47.0001642],[4.7348477,47.0001278],[4.7347985,47.000031],[4.7347696,46.9999247],[4.734792,46.9996969],[4.7349412,46.999479],[4.7349553,46.9994117],[4.7349889,46.9991725],[4.7349815,46.9990068],[4.7349719,46.9989751],[4.7347693,46.9982984],[4.734286,46.9982529],[4.7339921,46.9981107],[4.7338269,46.9980544],[4.7337442,46.9980223],[4.7337006,46.9979976],[4.7334575,46.9977657],[4.7333981,46.9977078],[4.7332492,46.9975904],[4.7332314,46.9975773],[4.7328985,46.9973321],[4.7328123,46.9972566],[4.7324914,46.9969501],[4.732621,46.9968216],[4.7320802,46.9964521],[4.7319847,46.9963886],[4.7314404,46.9960672],[4.7315826,46.995922],[4.7316353,46.9958169],[4.7317012,46.9957343],[4.7317999,46.9956064],[4.7303853,46.994236],[4.7308023,46.994385],[4.7309424,46.994435],[4.7309942,46.9943794],[4.7311861,46.9941737],[4.7312789,46.9940741],[4.7312884,46.994064],[4.7311846,46.9940296],[4.7311673,46.9940483],[4.7309782,46.9942585],[4.7309083,46.9943343],[4.7307803,46.994297],[4.7302469,46.9941433],[4.7301842,46.9940852],[4.7300895,46.9940005],[4.7298606,46.9937942],[4.7296986,46.9936427],[4.7293831,46.9933543],[4.7292311,46.9932167],[4.7289738,46.9929777],[4.7287666,46.9927873],[4.7286505,46.9926934],[4.7285154,46.9925745],[4.7283786,46.9924578],[4.7283614,46.9924462],[4.7282066,46.9923492],[4.7280192,46.9921628],[4.7279434,46.992127],[4.727851,46.9920611],[4.7277022,46.9919333],[4.7275178,46.9917858],[4.7274801,46.9917555],[4.7274255,46.9916821],[4.7273877,46.9916691],[4.727267,46.9914959],[4.727228,46.9914405],[4.7272074,46.9914178],[4.7271742,46.9913871],[4.727009,46.9912522],[4.7268442,46.9911152],[4.7268423,46.991113],[4.7267827,46.9910446],[4.7265755,46.9908044],[4.726331,46.9905252],[4.7261855,46.9903627],[4.726086,46.990255],[4.7260143,46.9901734],[4.7259897,46.9901488],[4.7259611,46.9901183],[4.7259279,46.9900924],[4.7257058,46.9897946],[4.7254272,46.9894184],[4.725362,46.9893321],[4.7252681,46.989205],[4.7252564,46.9891901],[4.7251869,46.9890974],[4.725171,46.9890753],[4.7251573,46.9890571],[4.7251347,46.9890272],[4.7249856,46.9888293],[4.7248949,46.9887076],[4.7249425,46.988609],[4.7249961,46.9884987],[4.7249997,46.9884739],[4.7249163,46.9884477],[4.7248737,46.988399],[4.7247214,46.9882287],[4.7246402,46.9881388],[4.7245482,46.9880379],[4.7244701,46.9879508],[4.7243508,46.9878164],[4.724196,46.9876455],[4.7241187,46.9875613],[4.7240473,46.9874822],[4.7238817,46.9873],[4.7238407,46.9872549],[4.7238182,46.9872023],[4.7230821,46.9871333],[4.7226213,46.9870755],[4.7221369,46.9870267],[4.7217028,46.9869576],[4.7207664,46.986727],[4.7204913,46.9865575],[4.7204508,46.986586],[4.7201458,46.986532],[4.7199036,46.9865164],[4.7196741,46.9865252],[4.719522,46.9865481],[4.7192382,46.9866362],[4.7191577,46.9866386],[4.7190989,46.9867162],[4.719119,46.9868943],[4.7190528,46.9869095],[4.7184675,46.9871713],[4.7180219,46.98733],[4.7176659,46.987438],[4.7169724,46.9875508],[4.7168411,46.9875674],[4.7156245,46.9876201],[4.715346,46.9876926],[4.7153594,46.9877048],[4.7151986,46.9877927],[4.7148651,46.9879003],[4.7147647,46.9878581],[4.7145516,46.9878819],[4.7143236,46.9878648],[4.7142872,46.9878634],[4.7142574,46.9881423],[4.7142234,46.9881461],[4.7133996,46.9882038],[4.7131418,46.9881891],[4.7121921,46.9880537],[4.7121113,46.9879851],[4.7121003,46.9879757],[4.7119843,46.9878771],[4.7118821,46.9877902],[4.7118779,46.9875295],[4.7118442,46.9874846],[4.7117999,46.9874255],[4.7113666,46.9869599],[4.7113169,46.9868948],[4.7112967,46.9868681],[4.7112345,46.9867865],[4.7111648,46.9866951],[4.7110208,46.9865539],[4.7105056,46.9861803],[4.7064929,46.9854266],[4.7052735,46.9856224],[4.7043192,46.9855245],[4.7038577,46.9855152],[4.7035243,46.9855925],[4.7014467,46.9856914],[4.7004622,46.9845108],[4.7001213,46.9841068],[4.6991979,46.9829898],[4.6991735,46.9829569],[4.6989694,46.9830354],[4.6984656,46.9833887],[4.6983823,46.9835198],[4.6983168,46.983617],[4.6980728,46.9840469],[4.6979588,46.9842162],[4.6978435,46.9844056],[4.697759,46.9845054],[4.6975988,46.9847006],[4.6974708,46.9847253],[4.6975122,46.9846792],[4.69747,46.9846726],[4.6974327,46.9846725],[4.6972966,46.9845469],[4.6970623,46.9842967],[4.6967732,46.984047],[4.6967235,46.9839524],[4.696675,46.983825],[4.6966451,46.9835487],[4.696643,46.9834872],[4.6966525,46.9832663],[4.6966239,46.9831858],[4.6965906,46.9831061],[4.6965634,46.9830472],[4.696533,46.9830111],[4.6964155,46.982877],[4.696218,46.9826563],[4.6962841,46.9826268],[4.6965215,46.9824801],[4.6966398,46.9824211],[4.6968576,46.9822791],[4.6966134,46.9821212],[4.6964108,46.9819921],[4.69655,46.9818956],[4.6964375,46.9817949],[4.6964372,46.9817947],[4.6966148,46.9816787],[4.6967988,46.9815572],[4.6967041,46.9814682],[4.696877,46.9813557],[4.6970231,46.9812825],[4.6971816,46.9810986],[4.6984085,46.9796332],[4.6980099,46.9780788],[4.6977505,46.9779476],[4.697977,46.9778522],[4.6978769,46.9777273],[4.6978463,46.9776993],[4.6977186,46.9776068],[4.6976692,46.9775878],[4.6974628,46.9775141],[4.6974432,46.9774639],[4.697652,46.9772781],[4.6975264,46.9771652],[4.6973568,46.9770145],[4.6975373,46.9768542],[4.6977224,46.9766925],[4.6978998,46.9765348],[4.6979919,46.9764552],[4.6980265,46.9764193],[4.6980867,46.9763725],[4.6981622,46.9763092],[4.6983017,46.9761849],[4.6989907,46.9755771],[4.6990801,46.9755],[4.6992636,46.9753387],[4.6993321,46.9752837],[4.699235,46.9751674],[4.6998031,46.9749107],[4.7003987,46.9746783],[4.7005236,46.9743664],[4.7008465,46.9742512],[4.7008771,46.9742408],[4.701515,46.9740088],[4.7015014,46.9739859],[4.7015607,46.9739537],[4.701719,46.9738844],[4.7017549,46.9739191],[4.7022513,46.9737004],[4.7022303,46.973672],[4.7021774,46.9736011],[4.7021241,46.9735291],[4.7028011,46.973199],[4.7029281,46.9731362],[4.7034154,46.9728954],[4.7035717,46.9728181],[4.7039865,46.9726133],[4.7040062,46.9726035],[4.7040522,46.9725807],[4.7037635,46.9723629],[4.7038064,46.9723375],[4.7032589,46.9717469],[4.7035819,46.9715738],[4.7038917,46.9718924],[4.7040472,46.9718016],[4.7043233,46.9716402],[4.7042735,46.9715731],[4.7041668,46.971429],[4.703741,46.9711178],[4.7034601,46.9708383],[4.7034385,46.9708205],[4.7032681,46.9706802],[4.7029895,46.9704504],[4.7026499,46.9700812],[4.704864,46.9704849],[4.7056882,46.9707456],[4.7070728,46.9720851],[4.7074366,46.972435],[4.7078969,46.9731411],[4.7093098,46.9723057],[4.7097166,46.9720692],[4.7139007,46.9709486],[4.7157504,46.9704582],[4.7165206,46.9702476],[4.7166012,46.9702256],[4.7166711,46.9702064],[4.7169544,46.9701328],[4.7170121,46.9701172],[4.7180142,46.9699076],[4.7220945,46.9690452],[4.7241655,46.9686052],[4.7294611,46.9674772],[4.7313624,46.9670728]]]]}}],"overviewFills":[{"type":"Feature","id":"overview-premier_cru","properties":{"id":"overview-premier_cru","kind":"vineyard","tier":"premier_cru"},"geometry":{"type":"MultiPolygon","coordinates":[[[[4.753582706024269,46.98707516563231],[4.753193880352132,46.987010569650444],[4.753141368132293,46.9870031904851],[4.75307560492883,46.98700112785384],[4.752862018518854,46.986999266894905],[4.7525353707957185,46.98701035307373],[4.752368344479699,46.98701697869544],[4.752368576298587,46.987024125658124],[4.752168896916632,46.98703636215499],[4.752077912029248,46.9870397791926],[4.751921376144396,46.98704727149716],[4.7517653990595505,46.98702613516292],[4.7517205904224875,46.98702579787333],[4.751449701604684,46.98700640578846],[4.751450165291231,46.98702070871873],[4.751427744196981,46.98702002244506],[4.751440304787328,46.98722317021048],[4.751442844481773,46.987347787779115],[4.751342782178116,46.987347262472994],[4.75110388678416,46.98734782670507],[4.750872793616238,46.98735848443622],[4.750867394504553,46.987329955446235],[4.750724241352115,46.98733621637402],[4.750585573652234,46.98734240906467],[4.750613422023812,46.98751058112274],[4.750641303820163,46.98767977930358],[4.750672138506111,46.987847906021415],[4.750688381819105,46.98793450994066],[4.75070767737485,46.988023111821114],[4.750719194011223,46.988055636543855],[4.750725089582607,46.98809948559956],[4.750745673026055,46.98818193508753],[4.750738184380408,46.98822700487569],[4.75072624042863,46.98822718611695],[4.750727796046295,46.98827518958621],[4.750763971702897,46.98837784526712],[4.750887347989184,46.98836064542377],[4.750935342392566,46.98836706754677],[4.751027683262735,46.988359533300894],[4.751138158873664,46.988358883220606],[4.751239179592141,46.98834303994208],[4.751317792062342,46.98832651908183],[4.751397857929007,46.98830895846713],[4.751442290287626,46.98829806257013],[4.75154305926514,46.98827405472704],[4.751611081506773,46.98825360587571],[4.751689660753326,46.98823606762484],[4.75176829275732,46.988220563793625],[4.751836579874418,46.98820828790823],[4.751974753124116,46.98818678265762],[4.752138333241524,46.98816590003259],[4.752254316500323,46.98815085526783],[4.752295941560256,46.98814511687847],[4.75253165140648,46.98809249196246],[4.752828387685323,46.98803382422017],[4.753003778596795,46.98800868136104],[4.753109316948505,46.987993794427574],[4.753356132509614,46.987961432863614],[4.753424651193186,46.98795631199721],[4.753549757210891,46.98794623347349],[4.753673728267985,46.98794741111297],[4.753817247375476,46.98795238003258],[4.753875653063271,46.98795762503117],[4.753916517139416,46.98783643620158],[4.754123336691012,46.98717014288296],[4.7538665010248,46.987123985119936],[4.75372233399697,46.98709858331648],[4.753582706024269,46.98707516563231]]],[[[4.75252936125379,46.98811398720019],[4.752313020342329,46.988165291291864],[4.751947286934645,46.98821478401429],[4.7517408929890035,46.98825061737687],[4.751617682701775,46.98827292181989],[4.751475666139157,46.98831391014907],[4.751296330714694,46.98835545576931],[4.751137486746107,46.988384433417146],[4.751013680161091,46.98838835674021],[4.750730380554645,46.98840083306743],[4.750738119179544,46.98854784976489],[4.750739945381394,46.988695982815045],[4.750754384504143,46.98886538490101],[4.750786544001625,46.98907435901887],[4.7508029966286704,46.98912110977665],[4.7508308868572655,46.98919834215607],[4.7508617170921115,46.98927451227612],[4.75092054708361,46.98938499221745],[4.750954452962776,46.98941717713646],[4.751020275333691,46.98946726718077],[4.751178089656549,46.98949858911532],[4.751262235832759,46.98951468380343],[4.751359846015677,46.98953160069899],[4.751486544292305,46.98938662287144],[4.751496998409031,46.98934048138389],[4.751703959687084,46.989322011799345],[4.751836726503239,46.98931795172057],[4.751857089845231,46.98934728008864],[4.7518827996611215,46.989403084902065],[4.751878185450557,46.98944504919603],[4.752168886764173,46.98947639624419],[4.752340132460452,46.98950751262495],[4.7523761841164776,46.9895141245545],[4.752550005242693,46.989532935828905],[4.752626958463957,46.98955731590877],[4.752830367151336,46.989613492000395],[4.75289359141225,46.989628876711485],[4.752964294435188,46.98964517440495],[4.7530978903435,46.98966664028834],[4.753182468220421,46.989696010349704],[4.7532564689011885,46.98972145251806],[4.753322898573398,46.989743947773526],[4.75338630892529,46.989765462232604],[4.753350361815897,46.98980790275566],[4.753599378817444,46.98988892441576],[4.7535218640237815,46.98998513004339],[4.753638386591596,46.99003240379938],[4.7535985174182445,46.99009227588991],[4.753696187770908,46.99015720799881],[4.753839677550083,46.99025311639093],[4.7540531741490595,46.99043583740292],[4.7541130748874885,46.99048704239568],[4.754168357296817,46.99053422901158],[4.754231177726042,46.99058333626911],[4.754411451912797,46.99070832226147],[4.7547424665898115,46.99092297217632],[4.754967077310691,46.99112595631949],[4.755075600810153,46.99124896169973],[4.7551538783526235,46.991360170400256],[4.755313294676909,46.99162443836009],[4.755384141230472,46.99178276039508],[4.755453243096169,46.991978914608325],[4.755590295688297,46.99192266946017],[4.755713280376114,46.99189321385662],[4.755785890921089,46.991875754713675],[4.7563001308453465,46.99175451126367],[4.756366822230258,46.9917391951343],[4.756506169889594,46.9917074363033],[4.7573642916418235,46.99150738535953],[4.757909739602588,46.991381570719845],[4.757936402378952,46.99137503164561],[4.757855460431043,46.991182121063524],[4.757833830466162,46.99111398965497],[4.757734739699604,46.99077626546019],[4.757689449260869,46.99062368826273],[4.75759603337684,46.99041462225458],[4.75752376214064,46.990258367421404],[4.757518977433102,46.990249245535445],[4.757506049395652,46.99021878722663],[4.7574946280693515,46.990189332609695],[4.757486172616217,46.990158806170264],[4.757415184892908,46.98990443315472],[4.757387774898148,46.98979654868789],[4.757332154333138,46.98964719059563],[4.757267928168751,46.989509202597134],[4.757256686289139,46.98948485142605],[4.757238907530534,46.98944322790967],[4.757224081762004,46.9894005417769],[4.757202046043186,46.989274167852095],[4.757165982302386,46.98912962702684],[4.757129096607825,46.98900553253221],[4.757113282603685,46.98897818004931],[4.75700465116538,46.98880613334945],[4.75698049891942,46.98866038441722],[4.75664955023038,46.9884937579838],[4.7564728088606705,46.988385075916376],[4.756360042508663,46.988315269721994],[4.756271857854072,46.98840448028755],[4.756205417587024,46.988473952613205],[4.7559870856957405,46.988372035737],[4.75604757405065,46.9883036717664],[4.756038483548005,46.98829973056628],[4.755956469611983,46.988394979812504],[4.75585441642791,46.98851710063739],[4.755715686097893,46.98847528227407],[4.7556809552873345,46.98846354508619],[4.755638633568667,46.98844784383753],[4.755599264523739,46.98843107100024],[4.755497852653805,46.98838867551354],[4.755488795228384,46.98838575140588],[4.755354239025116,46.988334665329],[4.755173406849628,46.98828428309479],[4.755093547840743,46.988261993199124],[4.754837993459138,46.98820968518431],[4.75464984939651,46.988163492913614],[4.75424627808385,46.9880592836272],[4.75403703450964,46.98800728734267],[4.753858367259683,46.98797730397977],[4.753726771811473,46.98797112722328],[4.75355632575442,46.98796452317106],[4.753328634140042,46.987988417414684],[4.753016451515875,46.98803096689902],[4.752854391559175,46.98805284532358],[4.752668867394186,46.98808733665154],[4.75252936125379,46.98811398720019]]],[[[4.750778633639308,46.989337083421816],[4.75074732710336,46.989246619559],[4.75062417892991,46.988395294071154],[4.750331345199443,46.98839053319956],[4.750078849439287,46.98838619537032],[4.7500310336014815,46.98838487638022],[4.749974709636389,46.988397987370966],[4.7498472444909074,46.98842751392382],[4.749682407450869,46.988455553804705],[4.749529117523153,46.98847116167952],[4.74945916469804,46.988478355247565],[4.749387791594482,46.9884876145872],[4.749356577462054,46.9884921764282],[4.749179663634489,46.98851631013664],[4.749011906412244,46.98854644660631],[4.748782790051259,46.98857239768503],[4.748794128330045,46.98864579284609],[4.748780156888059,46.98867563314923],[4.748716177001897,46.988728718489185],[4.74863535071253,46.98876877580776],[4.748532056137527,46.9888071202939],[4.748477363509822,46.98882430337939],[4.748333611941718,46.988858154592506],[4.748315741863641,46.988859443018775],[4.748166625466924,46.98886579106664],[4.748013320783244,46.988881397125134],[4.747782352656014,46.988896135214894],[4.747506957348547,46.98892278477523],[4.747418043653578,46.988943547577335],[4.747391235470369,46.98894599787194],[4.747362920810944,46.98894744433403],[4.7472861032964,46.98892715629412],[4.746677163639719,46.98893637661095],[4.746769010975424,46.989606301517405],[4.746779922524864,46.989851368498705],[4.746925193734832,46.990326341079495],[4.74668580906063,46.99035857614877],[4.7470142840483,46.99123438894055],[4.747163287401488,46.99163982622846],[4.7472567177075335,46.991896917767434],[4.747277938403584,46.99195280049252],[4.7479751616536685,46.99180940719841],[4.748502452897774,46.991675735369185],[4.748568927923008,46.99165326758554],[4.748573612182693,46.99165932942749],[4.748706714426132,46.99161950662533],[4.748841382286128,46.99158170421306],[4.748881325393689,46.99156985976984],[4.748979036130401,46.99154385637834],[4.749098938006788,46.99151138367316],[4.74915201462181,46.99149014529572],[4.749336672769464,46.991428079760475],[4.749398066091528,46.99138729904248],[4.750127292160693,46.99112590184398],[4.750305542855325,46.99100466585217],[4.750430201335481,46.9908883401868],[4.7505755171356485,46.990764541481376],[4.750632367037935,46.9906758019704],[4.750650711110762,46.99064282418833],[4.75067809023931,46.99056577983725],[4.750829972119954,46.9899534605875],[4.750880631097609,46.98967374229154],[4.750875132562662,46.98964215291202],[4.75082837599359,46.989489595524326],[4.750778633639308,46.989337083421816]]],[[[4.755369476694589,46.987654939054664],[4.755282120325337,46.98758576286621],[4.755144440856915,46.98748465265341],[4.75509264464612,46.987452750087094],[4.755047072439526,46.987428920946],[4.755022932565353,46.98742111102553],[4.754682880299542,46.987295494229805],[4.754553496218484,46.98726578005501],[4.754509515642339,46.98738293699399],[4.754475229311574,46.98747644174003],[4.754172096215545,46.98742996202625],[4.754231286818315,46.98727579488472],[4.754142703949284,46.98726078748454],[4.754112692077397,46.98725613758193],[4.754045199095852,46.987476847551534],[4.753969411065515,46.98771812638727],[4.753892135657892,46.98795941874959],[4.753983738596772,46.9879753980806],[4.754070902233186,46.987992462470174],[4.754269568749881,46.98804053095359],[4.754828186143035,46.988183267685194],[4.755116825438403,46.98824324955702],[4.755154508633103,46.98825391535378],[4.755266012534398,46.9882849185483],[4.755377582662239,46.98831795590619],[4.755484879995347,46.98835720002471],[4.75567266698856,46.988438122177485],[4.755844542150135,46.988488639954994],[4.755914811688903,46.98839970238629],[4.756110323804114,46.98816682137037],[4.755922728633372,46.98804603798745],[4.755765259592634,46.98793297298404],[4.7554766799948425,46.98773709653575],[4.755369476694589,46.987654939054664]]],[[[4.761574367237228,46.98794864600762],[4.761694077476395,46.98804797882934],[4.761781289226431,46.98811203727913],[4.762134905515563,46.988332454099435],[4.762178349321804,46.988336905787115],[4.762181510206709,46.98820504154164],[4.762153013681348,46.98792652618929],[4.762147296090821,46.98784282476853],[4.761477611679501,46.987866334538],[4.761574367237228,46.98794864600762]]],[[[4.7620431997433865,46.988313420838374],[4.761860296269454,46.98819972575056],[4.761778402292391,46.98816112622932],[4.7615655548047355,46.98799885207101],[4.761519546381017,46.98796174874042],[4.761419405209643,46.98786722319536],[4.76055501081708,46.98791822251337],[4.760567551860905,46.98798240363633],[4.7603246805704496,46.98799837522835],[4.760029161867438,46.98800288374034],[4.759776012257851,46.98802411717957],[4.759762615105425,46.98802533916257],[4.7596496201772736,46.988040345933506],[4.759634756878278,46.98804261690827],[4.759521761878483,46.98805762355392],[4.759511350976426,46.98805880897112],[4.7593951703082515,46.988067731218905],[4.759338516536695,46.988070639430106],[4.759271032359209,46.988061447049176],[4.759081515756905,46.98806536336264],[4.758918440321443,46.98805558390791],[4.75886453982618,46.988051299417116],[4.75833792968169,46.988020493916345],[4.757998768300856,46.98801442328224],[4.757637119230094,46.988005632314],[4.757375879033401,46.988007567530744],[4.75723989712273,46.98800452351112],[4.757108122073847,46.98799324713229],[4.757001920596769,46.987987714005],[4.756907497043442,46.98797689522072],[4.756285533450968,46.98781469897379],[4.755627244608683,46.98763773357046],[4.755650727836387,46.98767109339238],[4.756066465756852,46.98796619455895],[4.756266834740012,46.9881123232995],[4.756347789626871,46.988168312873746],[4.756608517944838,46.98833396500464],[4.756852603695451,46.988446727619035],[4.757019994414082,46.988497311948684],[4.757120989010581,46.988526429131696],[4.757257935494006,46.98855908722472],[4.757426049119079,46.988586155203805],[4.757691354636662,46.98861685752007],[4.757782760366368,46.98862670401861],[4.758027666744027,46.98862706109752],[4.758224743719686,46.98862610226235],[4.758319168671255,46.98863691996651],[4.758629438265292,46.98867306773038],[4.758939654609377,46.98870716218751],[4.759008539471333,46.98871327149298],[4.759099912191457,46.988722090812104],[4.759193938563764,46.98872065717991],[4.759370093834269,46.988718997756585],[4.759487862007347,46.98871311327222],[4.7596519066858365,46.988706522889906],[4.759775547123895,46.98869748662522],[4.759893281778175,46.988690575591505],[4.760151053191925,46.98867336000758],[4.760398413443496,46.9886573293447],[4.760684432087662,46.988636619638804],[4.760817176252955,46.98863152289083],[4.7608618067735256,46.988626753175986],[4.76102101241788,46.988608995624794],[4.761178685222192,46.98859024361061],[4.761337777722245,46.98856942541987],[4.7617563395040845,46.98853748574988],[4.762196689209547,46.98853280514084],[4.762201961528131,46.98851126410723],[4.762175708586414,46.988439124429505],[4.76211985498299,46.988374578334756],[4.7620431997433865,46.988313420838374]]],[[[4.7588826418865136,46.990393998275614],[4.758830716735727,46.99022206138622],[4.758808988502815,46.99015295901401],[4.7587612371281125,46.98996772015029],[4.758736763924024,46.98985876455306],[4.758685705644963,46.98962044268903],[4.758671390317047,46.989504127709914],[4.758655730309899,46.98938693265655],[4.758642996877165,46.98927473615676],[4.758629047690347,46.98916562010683],[4.7586251577933485,46.98913911271108],[4.7586168092470995,46.98906458306769],[4.7586030271844875,46.98896059768619],[4.75857458237698,46.98877812634528],[4.758068755225774,46.98874395882638],[4.757648200539577,46.98871353324573],[4.7575585880547795,46.98871390775767],[4.757557340219099,46.988720050611995],[4.757512548497115,46.98871866163046],[4.7575123845126335,46.98871362096151],[4.757252087880532,46.98870218608635],[4.757180130730926,46.988691034332085],[4.7570417379727035,46.98866045145803],[4.757030001836872,46.9886678347091],[4.7570243459127735,46.98867602593054],[4.757042764175678,46.98878507408131],[4.757052607814158,46.98881257153056],[4.757158658045419,46.98899791382078],[4.757205856000563,46.98911778069478],[4.757229575631785,46.989248181521575],[4.757254877043636,46.98938270084868],[4.757256654879621,46.989392850158744],[4.757287726949744,46.98947414823526],[4.75731672281933,46.98954016831648],[4.757377670021762,46.98967000208345],[4.757429839372166,46.98980510274286],[4.757498199333682,46.990069728192346],[4.757525827467358,46.99018268849337],[4.757528955747686,46.99018984536214],[4.75762857501149,46.990403923134714],[4.757722176124388,46.99061908312225],[4.7578077496140745,46.99091109346679],[4.75802946425896,46.99088520132978],[4.758924706824325,46.99077240496769],[4.758930212093431,46.99071108260157],[4.7588854846053446,46.990622788596625],[4.758862190845937,46.99050156737181],[4.7588826418865136,46.990393998275614]]]]}}]}
