{"type":"FeatureCollection","features":[{"type":"Feature","id":"211330000A0301","geometry":{"type":"Polygon","coordinates":[[[4.9452593,47.1743547],[4.9453204,47.1743563],[4.9455063,47.1743614],[4.9459826,47.1744235],[4.9462219,47.1744547],[4.9464115,47.1744758],[4.9465432,47.1744904],[4.9468796,47.174536],[4.9469957,47.1745659],[4.9470494,47.1745741],[4.9471064,47.1745921],[4.9472372,47.1746333],[4.9472983,47.1746712],[4.94737,47.1747036],[4.9477132,47.1747495],[4.9478864,47.1747914],[4.9482296,47.1749188],[4.9490007,47.1749176],[4.9494427,47.1748712],[4.9497217,47.1748747],[4.9503359,47.1747058],[4.9504121,47.1745547],[4.9505512,47.1744906],[4.9506682,47.1744324],[4.950784,47.1746059],[4.9507684,47.1746569],[4.9508278,47.174754],[4.9507474,47.174794],[4.9507638,47.1748138],[4.9508081,47.1748672],[4.9507711,47.1748806],[4.9505147,47.1749728],[4.9504305,47.1749794],[4.9502982,47.1750282],[4.9498757,47.1750959],[4.9497183,47.175129],[4.9496166,47.1751431],[4.9493118,47.1751991],[4.9490654,47.1752488],[4.948763,47.1753111],[4.9484613,47.1753749],[4.948452,47.1753964],[4.9484625,47.1754222],[4.9484169,47.1754322],[4.9484038,47.1754083],[4.9479374,47.1755152],[4.9479723,47.1756597],[4.9485746,47.1755683],[4.9486135,47.1755643],[4.9487155,47.175513],[4.948745,47.175521],[4.948793,47.175534],[4.9489288,47.1755283],[4.9491163,47.1755052],[4.9492611,47.1755312],[4.9492944,47.1755539],[4.9494131,47.1755995],[4.9499321,47.1755276],[4.949997,47.1755652],[4.950047,47.1756372],[4.9502604,47.1755794],[4.9504353,47.1755303],[4.9504969,47.1755246],[4.9507019,47.1754828],[4.9507317,47.1754827],[4.9509248,47.1754266],[4.951068,47.1753897],[4.9511123,47.1754032],[4.9511349,47.1754262],[4.9510342,47.1754783],[4.9512483,47.1757585],[4.9513825,47.1759497],[4.9515128,47.1760945],[4.9515933,47.1761851],[4.9516196,47.1762147],[4.9510993,47.1763409],[4.9514245,47.1766669],[4.9517942,47.1764151],[4.9521446,47.1762777],[4.9523107,47.1764701],[4.952627,47.176827],[4.9529339,47.1771876],[4.9530078,47.1773555],[4.9531098,47.1778403],[4.9531597,47.1781088],[4.9532125,47.1784468],[4.953254,47.1787855],[4.9532845,47.1791247],[4.9532515,47.1792173],[4.9528403,47.1797308],[4.9525031,47.1796941],[4.9520265,47.1796354],[4.9515518,47.1795691],[4.951202,47.1795363],[4.9507938,47.1795397],[4.9506912,47.1797062],[4.9505212,47.179662],[4.9503315,47.1796731],[4.9492245,47.1798438],[4.9487764,47.1798845],[4.9485374,47.1798832],[4.948414,47.1798591],[4.9471813,47.1793451],[4.9468553,47.1792319],[4.9464867,47.1791878],[4.9459851,47.1791865],[4.9455186,47.1792518],[4.9445715,47.1795073],[4.9434739,47.1799677],[4.9429951,47.1802153],[4.9428525,47.1802468],[4.9415332,47.180289],[4.9405957,47.1803382],[4.9402581,47.1804062],[4.9402535,47.1803816],[4.9400541,47.1794561],[4.939689,47.1795662],[4.9395742,47.1793886],[4.9393088,47.1790874],[4.9391618,47.1789571],[4.9388752,47.1787996],[4.9383426,47.1786197],[4.937897,47.1784398],[4.9372737,47.1783843],[4.9370463,47.178433],[4.9370168,47.1785131],[4.937699,47.1786859],[4.938344,47.1789035],[4.9389144,47.1791345],[4.9391131,47.1792958],[4.9392959,47.1795104],[4.9393882,47.1796552],[4.9394611,47.1797694],[4.9395538,47.1801235],[4.9392138,47.1801266],[4.9388804,47.180129],[4.938547,47.1801313],[4.9386511,47.1804815],[4.9385443,47.1804823],[4.938469,47.1802286],[4.9380991,47.1802566],[4.9381236,47.1804852],[4.9381312,47.1805569],[4.9378976,47.1805657],[4.9375907,47.1805176],[4.9374957,47.1802705],[4.9374944,47.1799034],[4.9375897,47.1797117],[4.9373582,47.1794001],[4.9370616,47.1794064],[4.9370569,47.1795386],[4.9363347,47.1792595],[4.9362218,47.1792553],[4.9359585,47.1793487],[4.9358296,47.1792534],[4.9356288,47.1791975],[4.9353702,47.1791705],[4.9346494,47.1794243],[4.934473,47.1792199],[4.9340692,47.1793079],[4.9337827,47.1793144],[4.9337421,47.1790082],[4.9340243,47.1788808],[4.934275,47.1787049],[4.9341686,47.1786217],[4.9345998,47.1778389],[4.9351361,47.1774467],[4.9356803,47.1770598],[4.9359168,47.1768953],[4.9371033,47.1766166],[4.9375701,47.1764725],[4.9379795,47.1763108],[4.9381507,47.1762613],[4.9386243,47.1761493],[4.9400396,47.1758358],[4.9405509,47.1757114],[4.9408445,47.1755819],[4.9411663,47.1754079],[4.9412409,47.1753416],[4.9415262,47.1750235],[4.9416648,47.1751373],[4.9425938,47.1746894],[4.943132,47.1744868],[4.9436959,47.1743918],[4.9442573,47.1742895],[4.9446276,47.1742176],[4.9446642,47.1743069],[4.9452593,47.1743547]],[[4.9507014,47.176378],[4.9502839,47.1759532],[4.9499151,47.1761233],[4.9501317,47.1762614],[4.9502822,47.1764162],[4.9504289,47.1763605],[4.9504677,47.1764026],[4.9507014,47.176378]],[[4.9491913,47.1757093],[4.9490898,47.175582],[4.9486001,47.1756447],[4.9488245,47.175931],[4.9492328,47.1758441],[4.9491913,47.1757093]]]},"properties":{"id":"211330000A0301","reference":"A 0301","commune":"21133","cadastreAreaM2":649578,"geometryAreaM2":647711.8008,"bounds":[4.9337421,47.1742176,4.9532845,47.1805657],"labelPoint":[4.9441088167117915,47.1774011],"overlaps":[{"parentFeatureId":"inao-denom-973","name":"Musigny","areaM2":2.8065,"parcelPercent":0.0004}],"recordedRights":[{"holderId":"212101331","siren":"212101331","name":"COMMUNE DE CHAMBOLLE MUSIGNY","rightCode":"P","rightLabel":"Propriétaire","legalForm":"7210","legalFormLabel":"COM"}],"domaineLinks":[],"recordMatch":"reference-and-area","recordAreasM2":[649578]}},{"type":"Feature","id":"21133000AB0038","geometry":{"type":"Polygon","coordinates":[[[4.9546236,47.1910059],[4.9547562,47.1909639],[4.954781,47.1909984],[4.9548016,47.1910271],[4.954833,47.1910707],[4.9545246,47.1911388],[4.9546029,47.1912801],[4.9546957,47.1914008],[4.9544854,47.1914343],[4.9544531,47.1913421],[4.9543757,47.1913731],[4.9543603,47.191281],[4.9543343,47.1912058],[4.954313,47.1911529],[4.9543046,47.1911321],[4.9546236,47.1910059]]]},"properties":{"id":"21133000AB0038","reference":"AB 0038","commune":"21133","cadastreAreaM2":912,"geometryAreaM2":903.13,"bounds":[4.9543046,47.1909639,4.954833,47.1914343],"labelPoint":[4.954435360191082,47.19117935],"overlaps":[{"parentFeatureId":"inao-denom-361","name":"Bonnes-Mares","areaM2":20.5723,"parcelPercent":2.2779}],"recordedRights":[],"domaineLinks":[],"recordMatch":"unknown","recordAreasM2":[]}},{"type":"Feature","id":"21133000AB0040","geometry":{"type":"Polygon","coordinates":[[[4.9545734,47.190928],[4.9545619,47.1909111],[4.9545166,47.1908804],[4.9544686,47.1908278],[4.954465,47.1908199],[4.9546061,47.190774],[4.9546781,47.190757],[4.9547337,47.1908291],[4.9546921,47.1908453],[4.9547108,47.1908921],[4.9545811,47.19094],[4.9545734,47.190928]]]},"properties":{"id":"21133000AB0040","reference":"AB 0040","commune":"21133","cadastreAreaM2":235,"geometryAreaM2":235.8479,"bounds":[4.954465,47.190757,4.9547337,47.19094],"labelPoint":[4.954599848645439,47.19086285],"overlaps":[{"parentFeatureId":"inao-denom-361","name":"Bonnes-Mares","areaM2":14.077,"parcelPercent":5.9687}],"recordedRights":[{"holderId":"818134116","siren":"818134116","name":"VINES","rightCode":"P","rightLabel":"Propriétaire","legalForm":"5710","legalFormLabel":"SAS"}],"domaineLinks":[],"recordMatch":"reference-and-area","recordAreasM2":[235]}},{"type":"Feature","id":"21133000AB0041","geometry":{"type":"Polygon","coordinates":[[[4.9549024,47.1911333],[4.9549193,47.1911483],[4.9549609,47.1911391],[4.9549766,47.1911639],[4.9550699,47.1913144],[4.9551192,47.1914377],[4.9551339,47.1915012],[4.9550636,47.1915204],[4.9549684,47.1915441],[4.954845,47.1915609],[4.9547707,47.1914794],[4.9546957,47.1914008],[4.9546029,47.1912801],[4.9545246,47.1911388],[4.954833,47.1910707],[4.9549024,47.1911333]]]},"properties":{"id":"21133000AB0041","reference":"AB 0041","commune":"21133","cadastreAreaM2":1490,"geometryAreaM2":1484.7258,"bounds":[4.9545246,47.1910707,4.9551339,47.1915609],"labelPoint":[4.954874829371249,47.1913576],"overlaps":[{"parentFeatureId":"inao-denom-361","name":"Bonnes-Mares","areaM2":27.8307,"parcelPercent":1.8745}],"recordedRights":[{"holderId":"U21459182","siren":null,"name":"GROUPEMENT FONCIER AGRICOLE DU DOMAINE BART CLAIR","rightCode":"P","rightLabel":"Propriétaire","legalForm":"9900","legalFormLabel":"AUPM"}],"domaineLinks":[],"recordMatch":"reference-and-area","recordAreasM2":[1490]}},{"type":"Feature","id":"21133000AB0044","geometry":{"type":"Polygon","coordinates":[[[4.9550636,47.1915204],[4.9551383,47.1916669],[4.9550657,47.1916855],[4.9549525,47.1917045],[4.9548888,47.1917181],[4.9548548,47.1916769],[4.9545054,47.1917817],[4.954426,47.1917803],[4.954366,47.1917937],[4.9543537,47.1917793],[4.9543159,47.1917003],[4.9544416,47.1916746],[4.9545102,47.1916372],[4.9547539,47.19158],[4.954845,47.1915609],[4.9549684,47.1915441],[4.9550636,47.1915204]]]},"properties":{"id":"21133000AB0044","reference":"AB 0044","commune":"21133","cadastreAreaM2":872,"geometryAreaM2":871.2553,"bounds":[4.9543159,47.1915204,4.9551383,47.1917937],"labelPoint":[4.954806844892591,47.19165205],"overlaps":[{"parentFeatureId":"inao-denom-361","name":"Bonnes-Mares","areaM2":6.7553,"parcelPercent":0.7754}],"recordedRights":[{"holderId":"212101331","siren":"212101331","name":"COMMUNE DE CHAMBOLLE MUSIGNY","rightCode":"P","rightLabel":"Propriétaire","legalForm":"7210","legalFormLabel":"COM"}],"domaineLinks":[],"recordMatch":"reference-and-area","recordAreasM2":[872]}},{"type":"Feature","id":"21133000AB0045","geometry":{"type":"Polygon","coordinates":[[[4.9552372,47.1918188],[4.9552822,47.1918787],[4.9551786,47.1919018],[4.9550547,47.1919305],[4.9549315,47.1919609],[4.9549988,47.1920594],[4.9549783,47.1921058],[4.9550044,47.1921267],[4.9549322,47.1921842],[4.9548572,47.192219],[4.9547524,47.1921139],[4.9546364,47.1921404],[4.9546347,47.1921389],[4.9546027,47.1921451],[4.9545447,47.1920737],[4.9543592,47.1919048],[4.9543415,47.1918508],[4.954366,47.1917937],[4.954426,47.1917803],[4.9545054,47.1917817],[4.9548548,47.1916769],[4.9548888,47.1917181],[4.9549525,47.1917045],[4.9550657,47.1916855],[4.9551383,47.1916669],[4.9551702,47.1917294],[4.9552372,47.1918188]]]},"properties":{"id":"21133000AB0045","reference":"AB 0045","commune":"21133","cadastreAreaM2":2370,"geometryAreaM2":2375.2442,"bounds":[4.9543415,47.1916669,4.9552822,47.192219],"labelPoint":[4.9546986098875045,47.1919457],"overlaps":[{"parentFeatureId":"inao-denom-361","name":"Bonnes-Mares","areaM2":14.1357,"parcelPercent":0.5951}],"recordedRights":[{"holderId":"U21119406","siren":null,"name":"PROPRIETAIRES DU BND 133 AB0045","rightCode":"P","rightLabel":"Propriétaire","legalForm":"9900","legalFormLabel":"AUPM"}],"domaineLinks":[],"recordMatch":"reference-and-area","recordAreasM2":[2370]}},{"type":"Feature","id":"21133000AB0046","geometry":{"type":"Polygon","coordinates":[[[4.9553096,47.1919513],[4.9553221,47.1919848],[4.9551686,47.1920199],[4.9549988,47.1920594],[4.9549315,47.1919609],[4.9550547,47.1919305],[4.9551786,47.1919018],[4.9552822,47.1918787],[4.9553096,47.1919513]]]},"properties":{"id":"21133000AB0046","reference":"AB 0046","commune":"21133","cadastreAreaM2":324,"geometryAreaM2":327.6133,"bounds":[4.9549315,47.1918787,4.9553221,47.1920594],"labelPoint":[4.955128652933555,47.19197285],"overlaps":[{"parentFeatureId":"inao-denom-361","name":"Bonnes-Mares","areaM2":3.7737,"parcelPercent":1.1519}],"recordedRights":[{"holderId":"U21197768","siren":null,"name":"GROUPEMENT FONCIER DES VEROILLES","rightCode":"P","rightLabel":"Propriétaire","legalForm":"9900","legalFormLabel":"AUPM"}],"domaineLinks":[],"recordMatch":"reference-and-area","recordAreasM2":[324]}},{"type":"Feature","id":"21133000AB0049","geometry":{"type":"Polygon","coordinates":[[[4.9556743,47.1923801],[4.9557315,47.1924583],[4.9557691,47.1925123],[4.9556649,47.1925545],[4.9553995,47.1926423],[4.9553604,47.1926052],[4.9552654,47.1926457],[4.9551076,47.1924465],[4.9550675,47.1923942],[4.9550409,47.1923596],[4.9551276,47.1923307],[4.9550396,47.1921544],[4.9550044,47.1921267],[4.9549783,47.1921058],[4.9549988,47.1920594],[4.9551686,47.1920199],[4.9553437,47.1922584],[4.9555351,47.1924707],[4.9556743,47.1923801]]]},"properties":{"id":"21133000AB0049","reference":"AB 0049","commune":"21133","cadastreAreaM2":1743,"geometryAreaM2":1738.0037,"bounds":[4.9549783,47.1920199,4.9557691,47.1926457],"labelPoint":[4.95525307992228,47.19234515],"overlaps":[{"parentFeatureId":"inao-denom-361","name":"Bonnes-Mares","areaM2":6.3495,"parcelPercent":0.3653}],"recordedRights":[{"holderId":"U21401984","siren":null,"name":"STE D EXPLOITATION ET PARTICIPATION VITI VINICOLE SEPV","rightCode":"P","rightLabel":"Propriétaire","legalForm":"5599","legalFormLabel":"SA"}],"domaineLinks":[],"recordMatch":"reference-and-area","recordAreasM2":[1743]}},{"type":"Feature","id":"21133000AB0050","geometry":{"type":"Polygon","coordinates":[[[4.9553597,47.192029],[4.9554443,47.1921264],[4.9554836,47.1921678],[4.9556427,47.1923346],[4.9556743,47.1923801],[4.9555351,47.1924707],[4.9553437,47.1922584],[4.9551686,47.1920199],[4.9553221,47.1919848],[4.9553597,47.192029]]]},"properties":{"id":"21133000AB0050","reference":"AB 0050","commune":"21133","cadastreAreaM2":740,"geometryAreaM2":749.5508,"bounds":[4.9551686,47.1919848,4.9556743,47.1924707],"labelPoint":[4.955418625412767,47.192213100000004],"overlaps":[{"parentFeatureId":"inao-denom-361","name":"Bonnes-Mares","areaM2":33.1118,"parcelPercent":4.4176}],"recordedRights":[{"holderId":"U21401984","siren":null,"name":"STE D EXPLOITATION ET PARTICIPATION VITI VINICOLE SEPV","rightCode":"P","rightLabel":"Propriétaire","legalForm":"5599","legalFormLabel":"SA"}],"domaineLinks":[],"recordMatch":"reference-and-area","recordAreasM2":[740]}},{"type":"Feature","id":"21133000AB0051","geometry":{"type":"Polygon","coordinates":[[[4.9557315,47.1924583],[4.9558193,47.19243],[4.9558605,47.1924752],[4.9557691,47.1925123],[4.9557315,47.1924583]]]},"properties":{"id":"21133000AB0051","reference":"AB 0051","commune":"21133","cadastreAreaM2":47,"geometryAreaM2":48.2122,"bounds":[4.9557315,47.19243,4.9558605,47.1925123],"labelPoint":[4.955795090745654,47.192466749999994],"overlaps":[{"parentFeatureId":"inao-denom-361","name":"Bonnes-Mares","areaM2":12.0258,"parcelPercent":24.9435}],"recordedRights":[],"domaineLinks":[],"recordMatch":"unknown","recordAreasM2":[]}},{"type":"Feature","id":"21133000AB0052","geometry":{"type":"Polygon","coordinates":[[[4.9557946,47.1926541],[4.9554569,47.1927188],[4.9555865,47.192978],[4.9556255,47.1931151],[4.9555234,47.1931286],[4.9554873,47.1929131],[4.9554418,47.1928138],[4.95541,47.192744],[4.955434,47.1927133],[4.9553995,47.1926423],[4.9556649,47.1925545],[4.9557691,47.1925123],[4.9558605,47.1924752],[4.9558828,47.1925338],[4.9558913,47.1925559],[4.9557872,47.1925868],[4.955793,47.19264],[4.9557946,47.1926541]]]},"properties":{"id":"21133000AB0052","reference":"AB 0052","commune":"21133","cadastreAreaM2":682,"geometryAreaM2":688.5506,"bounds":[4.9553995,47.1924752,4.9558913,47.1931286],"labelPoint":[4.9554564249999995,47.1927789],"overlaps":[{"parentFeatureId":"inao-denom-361","name":"Bonnes-Mares","areaM2":3.6459,"parcelPercent":0.5295}],"recordedRights":[{"holderId":"515620193","siren":"515620193","name":"LES PETITS FILS DE PIERRE PONNELLE","rightCode":"P","rightLabel":"Propriétaire","legalForm":"5710","legalFormLabel":"SAS"}],"domaineLinks":[],"recordMatch":"reference-and-area","recordAreasM2":[682]}},{"type":"Feature","id":"21133000AB0064","geometry":{"type":"Polygon","coordinates":[[[4.9566714,47.1935436],[4.9568933,47.1936951],[4.9569594,47.1937722],[4.9569747,47.1938579],[4.9570422,47.1938446],[4.9571217,47.1939566],[4.957017,47.1940002],[4.9570732,47.1940644],[4.957027,47.1940793],[4.9569279,47.1940036],[4.9567656,47.1938247],[4.9567586,47.1938099],[4.9567018,47.1936895],[4.9566714,47.1936017],[4.9566237,47.1935615],[4.9566714,47.1935436]]]},"properties":{"id":"21133000AB0064","reference":"AB 0064","commune":"21133","cadastreAreaM2":737,"geometryAreaM2":734.8499,"bounds":[4.9566237,47.1935436,4.9571217,47.1940793],"labelPoint":[4.956864775845974,47.1938173],"overlaps":[{"parentFeatureId":"inao-denom-361","name":"Bonnes-Mares","areaM2":47.4628,"parcelPercent":6.4588}],"recordedRights":[{"holderId":"491471041","siren":"491471041","name":"PONSOT ET CO","rightCode":"P","rightLabel":"Propriétaire","legalForm":"6597","legalFormLabel":"SCEA"}],"domaineLinks":[],"recordMatch":"reference-and-area","recordAreasM2":[737]}},{"type":"Feature","id":"21133000AB0065","geometry":{"type":"Polygon","coordinates":[[[4.9570732,47.1940644],[4.9571169,47.1941152],[4.9572152,47.1942005],[4.9572954,47.1941989],[4.9573667,47.194266],[4.9572571,47.1943316],[4.9571075,47.1941961],[4.9570448,47.194093],[4.957027,47.1940793],[4.9570732,47.1940644]]]},"properties":{"id":"21133000AB0065","reference":"AB 0065","commune":"21133","cadastreAreaM2":222,"geometryAreaM2":230.999,"bounds":[4.957027,47.1940644,4.9573667,47.1943316],"labelPoint":[4.957160394236406,47.1941975],"overlaps":[{"parentFeatureId":"inao-denom-361","name":"Bonnes-Mares","areaM2":29.4939,"parcelPercent":12.768}],"recordedRights":[{"holderId":"778173427","siren":"778173427","name":"DOMAINE G ROUMIER ET SES FILS","rightCode":"P","rightLabel":"Propriétaire","legalForm":"5499","legalFormLabel":"SARL"}],"domaineLinks":[],"recordMatch":"reference-and-area","recordAreasM2":[222]}},{"type":"Feature","id":"21133000AB0066","geometry":{"type":"Polygon","coordinates":[[[4.9570732,47.1940644],[4.9573699,47.1939685],[4.9574915,47.1941437],[4.9576574,47.1943422],[4.9576469,47.1943477],[4.9574021,47.1944767],[4.9573168,47.1943841],[4.9572571,47.1943316],[4.9573667,47.194266],[4.9572954,47.1941989],[4.9572152,47.1942005],[4.9571169,47.1941152],[4.9570732,47.1940644]]]},"properties":{"id":"21133000AB0066","reference":"AB 0066","commune":"21133","cadastreAreaM2":1070,"geometryAreaM2":1092.2854,"bounds":[4.9570732,47.1939685,4.9576574,47.1944767],"labelPoint":[4.957449121561183,47.194233249999996],"overlaps":[{"parentFeatureId":"inao-denom-361","name":"Bonnes-Mares","areaM2":1053.0328,"parcelPercent":96.4064}],"recordedRights":[{"holderId":"U21155571","siren":null,"name":"GFA CLOS DE LA BUSSIERE","rightCode":"P","rightLabel":"Propriétaire","legalForm":"9900","legalFormLabel":"AUPM"}],"domaineLinks":[],"recordMatch":"reference-and-area","recordAreasM2":[1070]}},{"type":"Feature","id":"21133000AB0067","geometry":{"type":"Polygon","coordinates":[[[4.9571222,47.1932567],[4.9571364,47.1933678],[4.9571374,47.1935907],[4.957144,47.1936312],[4.9573699,47.1939685],[4.9570732,47.1940644],[4.957017,47.1940002],[4.9571217,47.1939566],[4.9570422,47.1938446],[4.9569747,47.1938579],[4.9569594,47.1937722],[4.9568933,47.1936951],[4.9566714,47.1935436],[4.9567439,47.193518],[4.9566658,47.1934255],[4.9571222,47.1932567]]]},"properties":{"id":"21133000AB0067","reference":"AB 0067","commune":"21133","cadastreAreaM2":1983,"geometryAreaM2":1998.772,"bounds":[4.9566658,47.1932567,4.9573699,47.1940644],"labelPoint":[4.957005950573777,47.19366315],"overlaps":[{"parentFeatureId":"inao-denom-361","name":"Bonnes-Mares","areaM2":1959.0323,"parcelPercent":98.0118}],"recordedRights":[{"holderId":"491471041","siren":"491471041","name":"PONSOT ET CO","rightCode":"P","rightLabel":"Propriétaire","legalForm":"6597","legalFormLabel":"SCEA"}],"domaineLinks":[],"recordMatch":"reference-and-area","recordAreasM2":[1983]}},{"type":"Feature","id":"21133000AB0068","geometry":{"type":"Polygon","coordinates":[[[4.9565693,47.1933323],[4.9566696,47.193295],[4.9570775,47.1931531],[4.9571222,47.1932567],[4.9566658,47.1934255],[4.956617,47.1933835],[4.9565693,47.1933323]]]},"properties":{"id":"21133000AB0068","reference":"AB 0068","commune":"21133","cadastreAreaM2":525,"geometryAreaM2":508.6566,"bounds":[4.9565693,47.1931531,4.9571222,47.1934255],"labelPoint":[4.956897535104364,47.19327585],"overlaps":[{"parentFeatureId":"inao-denom-361","name":"Bonnes-Mares","areaM2":504.4905,"parcelPercent":99.181}],"recordedRights":[{"holderId":"429825250","siren":"429825250","name":"DOMAINE GEORGES LIGNIER PERE ET FILS","rightCode":"P","rightLabel":"Propriétaire","legalForm":"6534","legalFormLabel":"GFA"}],"domaineLinks":[],"recordMatch":"reference-and-area","recordAreasM2":[525]}},{"type":"Feature","id":"21133000AB0069","geometry":{"type":"Polygon","coordinates":[[[4.9565693,47.1933323],[4.956526,47.1932794],[4.9570677,47.1930743],[4.9570775,47.1931531],[4.9566696,47.193295],[4.9565693,47.1933323]]]},"properties":{"id":"21133000AB0069","reference":"AB 0069","commune":"21133","cadastreAreaM2":325,"geometryAreaM2":329.496,"bounds":[4.956526,47.1930743,4.9570775,47.1933323],"labelPoint":[4.95679438011426,47.193216250000006],"overlaps":[{"parentFeatureId":"inao-denom-361","name":"Bonnes-Mares","areaM2":328.5059,"parcelPercent":99.6995}],"recordedRights":[],"domaineLinks":[],"recordMatch":"unknown","recordAreasM2":[]}},{"type":"Feature","id":"21133000AB0072","geometry":{"type":"Polygon","coordinates":[[[4.9564387,47.1931786],[4.9567432,47.19307],[4.9570078,47.1929775],[4.9570131,47.1929878],[4.9564574,47.1932004],[4.9564387,47.1931786]]]},"properties":{"id":"21133000AB0072","reference":"AB 0072","commune":"21133","cadastreAreaM2":98,"geometryAreaM2":99.1855,"bounds":[4.9564387,47.1929775,4.9570131,47.1932004],"labelPoint":[4.956623631185323,47.1931243],"overlaps":[{"parentFeatureId":"inao-denom-361","name":"Bonnes-Mares","areaM2":98.6529,"parcelPercent":99.463}],"recordedRights":[{"holderId":"322396185","siren":"322396185","name":"GFA DU DOMAINE DUJAC","rightCode":"P","rightLabel":"Propriétaire","legalForm":"6534","legalFormLabel":"GFA"}],"domaineLinks":[],"recordMatch":"reference-and-area","recordAreasM2":[98]}},{"type":"Feature","id":"21133000AB0076","geometry":{"type":"Polygon","coordinates":[[[4.955793,47.19264],[4.9557872,47.1925868],[4.9558913,47.1925559],[4.9558828,47.1925338],[4.9567856,47.192258],[4.9567914,47.1923407],[4.9558198,47.192632],[4.955793,47.19264]]]},"properties":{"id":"21133000AB0076","reference":"AB 0076","commune":"21133","cadastreAreaM2":660,"geometryAreaM2":665.5824,"bounds":[4.9557872,47.192258,4.9567914,47.19264],"labelPoint":[4.956334106633639,47.19243725],"overlaps":[{"parentFeatureId":"inao-denom-361","name":"Bonnes-Mares","areaM2":654.5629,"parcelPercent":98.3444}],"recordedRights":[{"holderId":"U21586080","siren":null,"name":"GROUPEMENT FONCIER AGRICOLE DU DOMAINE ARLAUD PERE ET FILS","rightCode":"P","rightLabel":"Propriétaire","legalForm":"6534","legalFormLabel":"GFA"}],"domaineLinks":[],"recordMatch":"reference-and-area","recordAreasM2":[660]}},{"type":"Feature","id":"21133000AB0077","geometry":{"type":"Polygon","coordinates":[[[4.9567942,47.1921478],[4.9567821,47.1921985],[4.9567856,47.192258],[4.9558828,47.1925338],[4.9558605,47.1924752],[4.9558193,47.19243],[4.9558132,47.1924199],[4.9559435,47.1923867],[4.9559482,47.1923922],[4.9567942,47.1921478]]]},"properties":{"id":"21133000AB0077","reference":"AB 0077","commune":"21133","cadastreAreaM2":908,"geometryAreaM2":911.7095,"bounds":[4.9558132,47.1921478,4.9567942,47.1925338],"labelPoint":[4.956382473019758,47.19232235],"overlaps":[{"parentFeatureId":"inao-denom-361","name":"Bonnes-Mares","areaM2":911.2023,"parcelPercent":99.9444}],"recordedRights":[],"domaineLinks":[],"recordMatch":"unknown","recordAreasM2":[]}},{"type":"Feature","id":"21133000AB0078","geometry":{"type":"Polygon","coordinates":[[[4.9558515,47.1922777],[4.9559435,47.1923867],[4.9558132,47.1924199],[4.9558193,47.19243],[4.9557315,47.1924583],[4.9556743,47.1923801],[4.9556427,47.1923346],[4.9557763,47.1922521],[4.9558156,47.1922354],[4.9558515,47.1922777]]]},"properties":{"id":"21133000AB0078","reference":"AB 0078","commune":"21133","cadastreAreaM2":290,"geometryAreaM2":300.0887,"bounds":[4.9556427,47.1922354,4.9559435,47.1924583],"labelPoint":[4.955788613761468,47.19235735],"overlaps":[{"parentFeatureId":"inao-denom-361","name":"Bonnes-Mares","areaM2":300.0887,"parcelPercent":100.0}],"recordedRights":[{"holderId":"794244434","siren":"794244434","name":"JFCM","rightCode":"N","rightLabel":"Nu-propriétaire","legalForm":"6540","legalFormLabel":"SCI"}],"domaineLinks":[],"recordMatch":"reference-and-area","recordAreasM2":[290]}},{"type":"Feature","id":"21133000AB0079","geometry":{"type":"Polygon","coordinates":[[[4.9567343,47.1920239],[4.9567942,47.1921478],[4.9559482,47.1923922],[4.9559435,47.1923867],[4.9558515,47.1922777],[4.9567343,47.1920239]]]},"properties":{"id":"21133000AB0079","reference":"AB 0079","commune":"21133","cadastreAreaM2":1027,"geometryAreaM2":1030.6326,"bounds":[4.9558515,47.1920239,4.9567942,47.1923922],"labelPoint":[4.95632339528552,47.192212749999996],"overlaps":[{"parentFeatureId":"inao-denom-361","name":"Bonnes-Mares","areaM2":1025.3533,"parcelPercent":99.4878}],"recordedRights":[{"holderId":"326418761","siren":"326418761","name":"GFA BERTHEAU ET FILS","rightCode":"P","rightLabel":"Propriétaire","legalForm":"6534","legalFormLabel":"GFA"}],"domaineLinks":[],"recordMatch":"reference-and-area","recordAreasM2":[1027]}},{"type":"Feature","id":"21133000AB0081","geometry":{"type":"Polygon","coordinates":[[[4.9566517,47.1918838],[4.9566322,47.1918901],[4.9562864,47.1919986],[4.955831,47.1921501],[4.9558577,47.1921876],[4.9558742,47.1922106],[4.9558156,47.1922354],[4.9557763,47.1922521],[4.9556427,47.1923346],[4.9554836,47.1921678],[4.9559523,47.1920029],[4.9563,47.1918794],[4.9564199,47.1918368],[4.9566081,47.1917694],[4.9566517,47.1918838]]]},"properties":{"id":"21133000AB0081","reference":"AB 0081","commune":"21133","cadastreAreaM2":1252,"geometryAreaM2":1249.0275,"bounds":[4.9554836,47.1917694,4.9566517,47.1923346],"labelPoint":[4.955897670918288,47.1920765],"overlaps":[{"parentFeatureId":"inao-denom-361","name":"Bonnes-Mares","areaM2":1244.9574,"parcelPercent":99.6741}],"recordedRights":[{"holderId":"841127582","siren":"841127582","name":"LES BONNES MARES","rightCode":"P","rightLabel":"Propriétaire","legalForm":"6534","legalFormLabel":"GFA"}],"domaineLinks":[],"recordMatch":"reference-and-area","recordAreasM2":[1252]}},{"type":"Feature","id":"21133000AB0082","geometry":{"type":"Polygon","coordinates":[[[4.9553597,47.192029],[4.955378,47.1920233],[4.9559425,47.1918455],[4.956544,47.1916561],[4.9566081,47.1917694],[4.9564199,47.1918368],[4.9563,47.1918794],[4.9559523,47.1920029],[4.9554836,47.1921678],[4.9554443,47.1921264],[4.9553597,47.192029]]]},"properties":{"id":"21133000AB0082","reference":"AB 0082","commune":"21133","cadastreAreaM2":1530,"geometryAreaM2":1536.4391,"bounds":[4.9553597,47.1916561,4.9566081,47.1921678],"labelPoint":[4.9558824846597345,47.19194115],"overlaps":[{"parentFeatureId":"inao-denom-361","name":"Bonnes-Mares","areaM2":1530.6001,"parcelPercent":99.62}],"recordedRights":[{"holderId":"383339470","siren":"383339470","name":"GFA NABUCA","rightCode":"P","rightLabel":"Propriétaire","legalForm":"6534","legalFormLabel":"GFA"}],"domaineLinks":[],"recordMatch":"reference-and-area","recordAreasM2":[1530]}},{"type":"Feature","id":"21133000AB0083","geometry":{"type":"Polygon","coordinates":[[[4.9553096,47.1919513],[4.9564987,47.1915769],[4.956544,47.1916561],[4.9559425,47.1918455],[4.955378,47.1920233],[4.9553597,47.192029],[4.9553221,47.1919848],[4.9553096,47.1919513]]]},"properties":{"id":"21133000AB0083","reference":"AB 0083","commune":"21133","cadastreAreaM2":931,"geometryAreaM2":936.019,"bounds":[4.9553096,47.1915769,4.956544,47.192029],"labelPoint":[4.956094820499464,47.1917508],"overlaps":[{"parentFeatureId":"inao-denom-361","name":"Bonnes-Mares","areaM2":931.4205,"parcelPercent":99.5087}],"recordedRights":[],"domaineLinks":[],"recordMatch":"unknown","recordAreasM2":[]}},{"type":"Feature","id":"21133000AB0084","geometry":{"type":"Polygon","coordinates":[[[4.9552372,47.1918188],[4.9558314,47.1916312],[4.9564315,47.1914416],[4.9564408,47.1914737],[4.9564987,47.1915769],[4.9553096,47.1919513],[4.9552822,47.1918787],[4.9552372,47.1918188]]]},"properties":{"id":"21133000AB0084","reference":"AB 0084","commune":"21133","cadastreAreaM2":1530,"geometryAreaM2":1551.6957,"bounds":[4.9552372,47.1914416,4.9564987,47.1919513],"labelPoint":[4.955781316092401,47.191725000000005],"overlaps":[{"parentFeatureId":"inao-denom-361","name":"Bonnes-Mares","areaM2":1544.6956,"parcelPercent":99.5489}],"recordedRights":[{"holderId":"794244434","siren":"794244434","name":"JFCM","rightCode":"N","rightLabel":"Nu-propriétaire","legalForm":"6540","legalFormLabel":"SCI"}],"domaineLinks":[],"recordMatch":"reference-and-area","recordAreasM2":[1530]}},{"type":"Feature","id":"21133000AB0085","geometry":{"type":"Polygon","coordinates":[[[4.9552372,47.1918188],[4.9551702,47.1917294],[4.9551383,47.1916669],[4.9550636,47.1915204],[4.9551339,47.1915012],[4.9551192,47.1914377],[4.9550699,47.1913144],[4.9549766,47.1911639],[4.9561187,47.1909003],[4.9562058,47.1910608],[4.9564315,47.1914416],[4.9558314,47.1916312],[4.9552372,47.1918188]]]},"properties":{"id":"21133000AB0085","reference":"AB 0085","commune":"21133","cadastreAreaM2":6690,"geometryAreaM2":6655.5924,"bounds":[4.9549766,47.1909003,4.9564315,47.1918188],"labelPoint":[4.955743599271273,47.19137605],"overlaps":[{"parentFeatureId":"inao-denom-361","name":"Bonnes-Mares","areaM2":6619.9734,"parcelPercent":99.4648}],"recordedRights":[{"holderId":"U21459182","siren":null,"name":"GROUPEMENT FONCIER AGRICOLE DU DOMAINE BART CLAIR","rightCode":"P","rightLabel":"Propriétaire","legalForm":"9900","legalFormLabel":"AUPM"}],"domaineLinks":[],"recordMatch":"reference-and-area","recordAreasM2":[6690]}},{"type":"Feature","id":"21133000AB0086","geometry":{"type":"Polygon","coordinates":[[[4.9549024,47.1911333],[4.9560896,47.1908528],[4.9561187,47.1909003],[4.9549766,47.1911639],[4.9549609,47.1911391],[4.9549193,47.1911483],[4.9549024,47.1911333]]]},"properties":{"id":"21133000AB0086","reference":"AB 0086","commune":"21133","cadastreAreaM2":493,"geometryAreaM2":498.2427,"bounds":[4.9549024,47.1908528,4.9561187,47.1911639],"labelPoint":[4.955504709913573,47.1910168],"overlaps":[{"parentFeatureId":"inao-denom-361","name":"Bonnes-Mares","areaM2":495.498,"parcelPercent":99.4491}],"recordedRights":[{"holderId":"841127582","siren":"841127582","name":"LES BONNES MARES","rightCode":"P","rightLabel":"Propriétaire","legalForm":"6534","legalFormLabel":"GFA"}],"domaineLinks":[],"recordMatch":"reference-and-area","recordAreasM2":[493]}},{"type":"Feature","id":"21133000AB0087","geometry":{"type":"Polygon","coordinates":[[[4.9549024,47.1911333],[4.954833,47.1910707],[4.9548016,47.1910271],[4.9555928,47.190857],[4.9560486,47.1907515],[4.9560896,47.1908528],[4.9549024,47.1911333]]]},"properties":{"id":"21133000AB0087","reference":"AB 0087","commune":"21133","cadastreAreaM2":1188,"geometryAreaM2":1207.3176,"bounds":[4.9548016,47.1907515,4.9560896,47.1911333],"labelPoint":[4.955454527272711,47.190942050000004],"overlaps":[{"parentFeatureId":"inao-denom-361","name":"Bonnes-Mares","areaM2":1203.2126,"parcelPercent":99.66}],"recordedRights":[{"holderId":"841127582","siren":"841127582","name":"LES BONNES MARES","rightCode":"P","rightLabel":"Propriétaire","legalForm":"6534","legalFormLabel":"GFA"}],"domaineLinks":[],"recordMatch":"reference-and-area","recordAreasM2":[1188]}},{"type":"Feature","id":"21133000AB0089","geometry":{"type":"Polygon","coordinates":[[[4.9545811,47.19094],[4.9547108,47.1908921],[4.9546921,47.1908453],[4.9547337,47.1908291],[4.9546781,47.190757],[4.9546061,47.190774],[4.9545826,47.190734],[4.9553148,47.1905142],[4.9555919,47.1904345],[4.9556226,47.1904255],[4.955868,47.1903534],[4.9560917,47.1902865],[4.9560653,47.1904059],[4.9560184,47.1906803],[4.9556032,47.1907732],[4.9551744,47.1908676],[4.9547562,47.1909639],[4.9546236,47.1910059],[4.9545811,47.19094]]]},"properties":{"id":"21133000AB0089","reference":"AB 0089","commune":"21133","cadastreAreaM2":3825,"geometryAreaM2":3817.0435,"bounds":[4.9545811,47.1902865,4.9560917,47.1910059],"labelPoint":[4.955535368882028,47.190597249999996],"overlaps":[{"parentFeatureId":"inao-denom-361","name":"Bonnes-Mares","areaM2":3800.3628,"parcelPercent":99.563}],"recordedRights":[{"holderId":"818134116","siren":"818134116","name":"VINES","rightCode":"P","rightLabel":"Propriétaire","legalForm":"5710","legalFormLabel":"SAS"}],"domaineLinks":[],"recordMatch":"reference-and-area","recordAreasM2":[3825]}},{"type":"Feature","id":"21133000AB0090","geometry":{"type":"Polygon","coordinates":[[[4.9545344,47.1906816],[4.9546914,47.1906192],[4.9554753,47.1903128],[4.956161,47.1900381],[4.9560917,47.1902865],[4.955868,47.1903534],[4.9556226,47.1904255],[4.9555919,47.1904345],[4.9553148,47.1905142],[4.9545826,47.190734],[4.9545666,47.1907376],[4.9545344,47.1906816]]]},"properties":{"id":"21133000AB0090","reference":"AB 0090","commune":"21133","cadastreAreaM2":1898,"geometryAreaM2":1908.4092,"bounds":[4.9545344,47.1900381,4.956161,47.1907376],"labelPoint":[4.955512248539501,47.19038945],"overlaps":[{"parentFeatureId":"inao-denom-361","name":"Bonnes-Mares","areaM2":1908.4092,"parcelPercent":100.0}],"recordedRights":[{"holderId":"778252445","siren":"778252445","name":"SCE DU DOMAINE D AUVENAY","rightCode":"P","rightLabel":"Propriétaire","legalForm":"6597","legalFormLabel":"SCEA"}],"domaineLinks":[],"recordMatch":"reference-and-area","recordAreasM2":[1898]}},{"type":"Feature","id":"21133000AB0091","geometry":{"type":"Polygon","coordinates":[[[4.956609,47.1901075],[4.9563043,47.1902148],[4.9561078,47.1902794],[4.9561792,47.1900301],[4.9563513,47.1899644],[4.9563798,47.1899524],[4.9564023,47.1899429],[4.956609,47.1901075]]]},"properties":{"id":"21133000AB0091","reference":"AB 0091","commune":"21133","cadastreAreaM2":700,"geometryAreaM2":708.4799,"bounds":[4.9561078,47.1899429,4.956609,47.1902794],"labelPoint":[4.956299158513838,47.19016115],"overlaps":[{"parentFeatureId":"inao-denom-361","name":"Bonnes-Mares","areaM2":700.2437,"parcelPercent":98.8375}],"recordedRights":[{"holderId":"778252445","siren":"778252445","name":"SCE DU DOMAINE D AUVENAY","rightCode":"P","rightLabel":"Propriétaire","legalForm":"6597","legalFormLabel":"SCEA"}],"domaineLinks":[],"recordMatch":"reference-and-area","recordAreasM2":[700]}},{"type":"Feature","id":"21133000AB0092","geometry":{"type":"Polygon","coordinates":[[[4.9563798,47.1899524],[4.9563513,47.1899644],[4.9561792,47.1900301],[4.9562209,47.1899303],[4.9563196,47.1898921],[4.9563798,47.1899524]]]},"properties":{"id":"21133000AB0092","reference":"AB 0092","commune":"21133","cadastreAreaM2":104,"geometryAreaM2":106.0742,"bounds":[4.9561792,47.1898921,4.9563798,47.1900301],"labelPoint":[4.956287354408817,47.1899584],"overlaps":[{"parentFeatureId":"inao-denom-361","name":"Bonnes-Mares","areaM2":101.379,"parcelPercent":95.5737}],"recordedRights":[{"holderId":"343567632","siren":"343567632","name":"GFA COTE DE NUITS","rightCode":"P","rightLabel":"Propriétaire","legalForm":"6534","legalFormLabel":"GFA"}],"domaineLinks":[],"recordMatch":"reference-and-area","recordAreasM2":[104]}},{"type":"Feature","id":"21133000AB0093","geometry":{"type":"Polygon","coordinates":[[[4.9545038,47.1906119],[4.9561974,47.1899424],[4.956161,47.1900381],[4.9554753,47.1903128],[4.9546914,47.1906192],[4.9545344,47.1906816],[4.9545117,47.1906297],[4.9545038,47.1906119]]]},"properties":{"id":"21133000AB0093","reference":"AB 0093","commune":"21133","cadastreAreaM2":1125,"geometryAreaM2":1158.6666,"bounds":[4.9545038,47.1899424,4.9561974,47.1906816],"labelPoint":[4.955713007651239,47.19017545],"overlaps":[{"parentFeatureId":"inao-denom-361","name":"Bonnes-Mares","areaM2":1158.6666,"parcelPercent":100.0}],"recordedRights":[{"holderId":"343567632","siren":"343567632","name":"GFA COTE DE NUITS","rightCode":"P","rightLabel":"Propriétaire","legalForm":"6534","legalFormLabel":"GFA"}],"domaineLinks":[],"recordMatch":"reference-and-area","recordAreasM2":[1125]}},{"type":"Feature","id":"21133000AB0094","geometry":{"type":"Polygon","coordinates":[[[4.9543914,47.1906415],[4.9543081,47.1906227],[4.9562327,47.1898524],[4.9561974,47.1899424],[4.9545038,47.1906119],[4.9544963,47.1905942],[4.9543914,47.1906415]]]},"properties":{"id":"21133000AB0094","reference":"AB 0094","commune":"21133","cadastreAreaM2":1077,"geometryAreaM2":1098.0642,"bounds":[4.9543081,47.1898524,4.9562327,47.1906415],"labelPoint":[4.955283279150508,47.1902683],"overlaps":[{"parentFeatureId":"inao-denom-361","name":"Bonnes-Mares","areaM2":1098.0642,"parcelPercent":100.0}],"recordedRights":[],"domaineLinks":[],"recordMatch":"unknown","recordAreasM2":[]}},{"type":"Feature","id":"21133000AB0095","geometry":{"type":"Polygon","coordinates":[[[4.9563196,47.1898921],[4.9562209,47.1899303],[4.9562602,47.1898326],[4.9563196,47.1898921]]]},"properties":{"id":"21133000AB0095","reference":"AB 0095","commune":"21133","cadastreAreaM2":36,"geometryAreaM2":34.2386,"bounds":[4.9562209,47.1898326,4.9563196,47.1899303],"labelPoint":[4.956269066504605,47.18986235],"overlaps":[{"parentFeatureId":"inao-denom-361","name":"Bonnes-Mares","areaM2":30.1671,"parcelPercent":88.1083}],"recordedRights":[],"domaineLinks":[],"recordMatch":"unknown","recordAreasM2":[]}},{"type":"Feature","id":"21133000AB0096","geometry":{"type":"Polygon","coordinates":[[[4.9543081,47.1906227],[4.9542943,47.1906196],[4.9542618,47.1905993],[4.9544097,47.1905092],[4.9546033,47.1904092],[4.9561837,47.1897791],[4.9562414,47.1898302],[4.9562327,47.1898524],[4.9543081,47.1906227]]]},"properties":{"id":"21133000AB0096","reference":"AB 0096","commune":"21133","cadastreAreaM2":1465,"geometryAreaM2":1478.5286,"bounds":[4.9542618,47.1897791,4.9562414,47.1906227],"labelPoint":[4.95541934553931,47.1901308],"overlaps":[{"parentFeatureId":"inao-denom-361","name":"Bonnes-Mares","areaM2":1472.5467,"parcelPercent":99.5954}],"recordedRights":[{"holderId":"482772282","siren":"482772282","name":"LES BONS CONSORTS","rightCode":"P","rightLabel":"Propriétaire","legalForm":"6534","legalFormLabel":"GFA"}],"domaineLinks":[],"recordMatch":"reference-and-area","recordAreasM2":[1465]}},{"type":"Feature","id":"21133000AB0097","geometry":{"type":"Polygon","coordinates":[[[4.9541367,47.1905698],[4.9543397,47.1904703],[4.9545667,47.1903318],[4.9547625,47.1902356],[4.9548099,47.1902899],[4.9546033,47.1904092],[4.9544097,47.1905092],[4.9542618,47.1905993],[4.9541367,47.1905698]]]},"properties":{"id":"21133000AB0097","reference":"AB 0097","commune":"21133","cadastreAreaM2":417,"geometryAreaM2":434.0496,"bounds":[4.9541367,47.1902356,4.9548099,47.1905993],"labelPoint":[4.9544669631595735,47.190439749999996],"overlaps":[{"parentFeatureId":"inao-denom-361","name":"Bonnes-Mares","areaM2":434.0496,"parcelPercent":100.0}],"recordedRights":[{"holderId":"383339470","siren":"383339470","name":"GFA NABUCA","rightCode":"P","rightLabel":"Propriétaire","legalForm":"6534","legalFormLabel":"GFA"}],"domaineLinks":[],"recordMatch":"reference-and-area","recordAreasM2":[417]}},{"type":"Feature","id":"21133000AB0098","geometry":{"type":"Polygon","coordinates":[[[4.9541367,47.1905698],[4.9540942,47.1905029],[4.9542801,47.1904191],[4.9543397,47.1904703],[4.9541367,47.1905698]]]},"properties":{"id":"21133000AB0098","reference":"AB 0098","commune":"21133","cadastreAreaM2":130,"geometryAreaM2":135.9232,"bounds":[4.9540942,47.1904191,4.9543397,47.1905698],"labelPoint":[4.954218402135078,47.1904866],"overlaps":[{"parentFeatureId":"inao-denom-361","name":"Bonnes-Mares","areaM2":117.0035,"parcelPercent":86.0806}],"recordedRights":[],"domaineLinks":[],"recordMatch":"unknown","recordAreasM2":[]}},{"type":"Feature","id":"21133000AB0099","geometry":{"type":"Polygon","coordinates":[[[4.9546919,47.190155],[4.9547625,47.1902356],[4.9545667,47.1903318],[4.9543397,47.1904703],[4.9542801,47.1904191],[4.9545712,47.1902301],[4.9546919,47.190155]]]},"properties":{"id":"21133000AB0099","reference":"AB 0099","commune":"21133","cadastreAreaM2":343,"geometryAreaM2":349.6357,"bounds":[4.9542801,47.190155,4.9547625,47.1904703],"labelPoint":[4.954576622328041,47.1902837],"overlaps":[{"parentFeatureId":"inao-denom-361","name":"Bonnes-Mares","areaM2":307.4131,"parcelPercent":87.9238}],"recordedRights":[],"domaineLinks":[],"recordMatch":"unknown","recordAreasM2":[]}},{"type":"Feature","id":"21133000AB0100","geometry":{"type":"Polygon","coordinates":[[[4.9561837,47.1897791],[4.9546033,47.1904092],[4.9548099,47.1902899],[4.9547625,47.1902356],[4.9546919,47.190155],[4.9548411,47.1900762],[4.9550892,47.1899651],[4.9551766,47.1899343],[4.9554831,47.1898635],[4.9557969,47.1897694],[4.9560582,47.1896725],[4.956099,47.1897077],[4.9561837,47.1897791]]]},"properties":{"id":"21133000AB0100","reference":"AB 0100","commune":"21133","cadastreAreaM2":2328,"geometryAreaM2":2361.1114,"bounds":[4.9546033,47.1896725,4.9561837,47.1904092],"labelPoint":[4.955271500368989,47.19002065],"overlaps":[{"parentFeatureId":"inao-denom-361","name":"Bonnes-Mares","areaM2":2209.2923,"parcelPercent":93.57}],"recordedRights":[{"holderId":"778173427","siren":"778173427","name":"DOMAINE G ROUMIER ET SES FILS","rightCode":"P","rightLabel":"Propriétaire","legalForm":"5499","legalFormLabel":"SARL"}],"domaineLinks":[],"recordMatch":"reference-and-area","recordAreasM2":[2328]}},{"type":"Feature","id":"21133000AB0101","geometry":{"type":"Polygon","coordinates":[[[4.9577271,47.1896921],[4.9574624,47.1897916],[4.9575484,47.1899167],[4.9573016,47.1899937],[4.9571388,47.1900371],[4.9568199,47.190113],[4.9567679,47.1900456],[4.956609,47.1901075],[4.9564023,47.1899429],[4.9563798,47.1899524],[4.9563196,47.1898921],[4.9562602,47.1898326],[4.9562257,47.1897994],[4.9561005,47.1896877],[4.9564017,47.189469],[4.9566267,47.1892549],[4.9570087,47.1889546],[4.957109,47.1890535],[4.9573796,47.1893139],[4.9577271,47.1896921]]]},"properties":{"id":"21133000AB0101","reference":"AB 0101","commune":"21133","cadastreAreaM2":8700,"geometryAreaM2":8702.0445,"bounds":[4.9561005,47.1889546,4.9577271,47.190113],"labelPoint":[4.956936841770226,47.189578350000005],"overlaps":[{"parentFeatureId":"inao-denom-361","name":"Bonnes-Mares","areaM2":8539.8684,"parcelPercent":98.1363}],"recordedRights":[],"domaineLinks":[],"recordMatch":"unknown","recordAreasM2":[]}},{"type":"Feature","id":"21133000AB0102","geometry":{"type":"Polygon","coordinates":[[[4.9577271,47.1896921],[4.9580682,47.1900355],[4.9574786,47.1902131],[4.9562193,47.1906148],[4.9563562,47.1907245],[4.956443,47.1906958],[4.9564854,47.1907311],[4.9565194,47.1907594],[4.9561082,47.190853],[4.9560326,47.1906791],[4.9560776,47.1904269],[4.9561078,47.1902794],[4.9563043,47.1902148],[4.956609,47.1901075],[4.9567679,47.1900456],[4.9568199,47.190113],[4.9571388,47.1900371],[4.9573016,47.1899937],[4.9575484,47.1899167],[4.9574624,47.1897916],[4.9577271,47.1896921]]]},"properties":{"id":"21133000AB0102","reference":"AB 0102","commune":"21133","cadastreAreaM2":5945,"geometryAreaM2":5992.2392,"bounds":[4.9560326,47.1896921,4.9580682,47.190853],"labelPoint":[4.956789031248444,47.1902471],"overlaps":[{"parentFeatureId":"inao-denom-361","name":"Bonnes-Mares","areaM2":5953.3225,"parcelPercent":99.3505}],"recordedRights":[],"domaineLinks":[],"recordMatch":"unknown","recordAreasM2":[]}},{"type":"Feature","id":"21133000AB0104","geometry":{"type":"Polygon","coordinates":[[[4.9570505,47.1906746],[4.9566148,47.1907958],[4.9561407,47.1909058],[4.9561082,47.190853],[4.9565194,47.1907594],[4.9564854,47.1907311],[4.9569845,47.1905864],[4.9570505,47.1906746]]]},"properties":{"id":"21133000AB0104","reference":"AB 0104","commune":"21133","cadastreAreaM2":644,"geometryAreaM2":636.7217,"bounds":[4.9561082,47.1905864,4.9570505,47.1909058],"labelPoint":[4.956649460705444,47.19074525],"overlaps":[{"parentFeatureId":"inao-denom-361","name":"Bonnes-Mares","areaM2":636.7217,"parcelPercent":100.0}],"recordedRights":[],"domaineLinks":[],"recordMatch":"unknown","recordAreasM2":[]}},{"type":"Feature","id":"21133000AB0105","geometry":{"type":"Polygon","coordinates":[[[4.9570938,47.1907361],[4.9570805,47.1907401],[4.9567634,47.1908352],[4.9566536,47.1908677],[4.9564322,47.1909331],[4.9561929,47.1910028],[4.9561407,47.1909058],[4.9566148,47.1907958],[4.9570505,47.1906746],[4.9570938,47.1907361]]]},"properties":{"id":"21133000AB0105","reference":"AB 0105","commune":"21133","cadastreAreaM2":665,"geometryAreaM2":669.7333,"bounds":[4.9561407,47.1906746,4.9570938,47.1910028],"labelPoint":[4.9565417242500125,47.19085145],"overlaps":[{"parentFeatureId":"inao-denom-361","name":"Bonnes-Mares","areaM2":669.7333,"parcelPercent":100.0}],"recordedRights":[{"holderId":"818134116","siren":"818134116","name":"VINES","rightCode":"P","rightLabel":"Propriétaire","legalForm":"5710","legalFormLabel":"SAS"}],"domaineLinks":[],"recordMatch":"reference-and-area","recordAreasM2":[665]}},{"type":"Feature","id":"21133000AB0106","geometry":{"type":"Polygon","coordinates":[[[4.9568151,47.1909034],[4.9567981,47.1909083],[4.9564657,47.1910031],[4.956352,47.1910417],[4.9562333,47.1910791],[4.9561929,47.1910028],[4.9564322,47.1909331],[4.9566536,47.1908677],[4.9567634,47.1908352],[4.9570805,47.1907401],[4.9570938,47.1907361],[4.9571383,47.1908146],[4.9568151,47.1909034]]]},"properties":{"id":"21133000AB0106","reference":"AB 0106","commune":"21133","cadastreAreaM2":636,"geometryAreaM2":641.9051,"bounds":[4.9561929,47.1907361,4.9571383,47.1910791],"labelPoint":[4.956665525000002,47.19090585],"overlaps":[{"parentFeatureId":"inao-denom-361","name":"Bonnes-Mares","areaM2":641.9051,"parcelPercent":100.0}],"recordedRights":[{"holderId":"350591319","siren":"350591319","name":"DE","rightCode":"P","rightLabel":"Propriétaire","legalForm":"6597","legalFormLabel":"SCEA"}],"domaineLinks":[],"recordMatch":"reference-and-area","recordAreasM2":[636]}},{"type":"Feature","id":"21133000AB0110","geometry":{"type":"Polygon","coordinates":[[[4.9583622,47.1904549],[4.958534,47.1908954],[4.9581799,47.1909768],[4.9581659,47.1909587],[4.9580705,47.1908351],[4.9580327,47.1907862],[4.9579163,47.1905662],[4.9583622,47.1904549]]]},"properties":{"id":"21133000AB0110","reference":"AB 0110","commune":"21133","cadastreAreaM2":1656,"geometryAreaM2":1650.9271,"bounds":[4.9579163,47.1904549,4.958534,47.1909768],"labelPoint":[4.958211504755959,47.1906762],"overlaps":[{"parentFeatureId":"inao-denom-361","name":"Bonnes-Mares","areaM2":1635.4478,"parcelPercent":99.0624}],"recordedRights":[{"holderId":"480400407","siren":"480400407","name":"DOMAINE DE LA POUSSE D'OR","rightCode":"P","rightLabel":"Propriétaire","legalForm":"5710","legalFormLabel":"SAS"}],"domaineLinks":[],"recordMatch":"reference-and-area","recordAreasM2":[1656]}},{"type":"Feature","id":"21133000AB0111","geometry":{"type":"Polygon","coordinates":[[[4.9581819,47.1910598],[4.9581728,47.1910422],[4.9582928,47.1909757],[4.9585375,47.1909316],[4.9586045,47.1910937],[4.9586463,47.1911692],[4.9586333,47.1911728],[4.9582793,47.191271],[4.9582533,47.1911895],[4.9582153,47.1911243],[4.9581819,47.1910598]]]},"properties":{"id":"21133000AB0111","reference":"AB 0111","commune":"21133","cadastreAreaM2":842,"geometryAreaM2":842.6332,"bounds":[4.9581728,47.1909316,4.9586463,47.191271],"labelPoint":[4.958410173968888,47.191109],"overlaps":[{"parentFeatureId":"inao-denom-361","name":"Bonnes-Mares","areaM2":795.2284,"parcelPercent":94.3742}],"recordedRights":[],"domaineLinks":[],"recordMatch":"unknown","recordAreasM2":[]}},{"type":"Feature","id":"21133000AB0114","geometry":{"type":"Polygon","coordinates":[[[4.9575094,47.1913496],[4.9575455,47.1914048],[4.9575614,47.1914293],[4.9569232,47.1915746],[4.9569177,47.1915681],[4.9565597,47.1916521],[4.9565139,47.1915723],[4.9575094,47.1913496]]]},"properties":{"id":"21133000AB0114","reference":"AB 0114","commune":"21133","cadastreAreaM2":772,"geometryAreaM2":763.8094,"bounds":[4.9565139,47.1913496,4.9575614,47.1916521],"labelPoint":[4.957049738596796,47.1914987],"overlaps":[{"parentFeatureId":"inao-denom-361","name":"Bonnes-Mares","areaM2":763.8094,"parcelPercent":100.0}],"recordedRights":[],"domaineLinks":[],"recordMatch":"unknown","recordAreasM2":[]}},{"type":"Feature","id":"21133000AB0115","geometry":{"type":"Polygon","coordinates":[[[4.9569445,47.1917894],[4.9566641,47.1918792],[4.9566208,47.1917623],[4.9567174,47.1917324],[4.9569645,47.1916498],[4.9569675,47.1916982],[4.9569445,47.1917894]]]},"properties":{"id":"21133000AB0115","reference":"AB 0115","commune":"21133","cadastreAreaM2":348,"geometryAreaM2":349.8443,"bounds":[4.9566208,47.1916498,4.9569675,47.1918792],"labelPoint":[4.956786868081364,47.19177585],"overlaps":[{"parentFeatureId":"inao-denom-361","name":"Bonnes-Mares","areaM2":349.8443,"parcelPercent":100.0}],"recordedRights":[{"holderId":"841127582","siren":"841127582","name":"LES BONNES MARES","rightCode":"P","rightLabel":"Propriétaire","legalForm":"6534","legalFormLabel":"GFA"}],"domaineLinks":[],"recordMatch":"reference-and-area","recordAreasM2":[348]}},{"type":"Feature","id":"21133000AB0116","geometry":{"type":"Polygon","coordinates":[[[4.957655,47.191572],[4.9573318,47.1916655],[4.9569445,47.1917894],[4.9569675,47.1916982],[4.9569645,47.1916498],[4.9567174,47.1917324],[4.9566208,47.1917623],[4.9565597,47.1916521],[4.9569177,47.1915681],[4.9569232,47.1915746],[4.9575614,47.1914293],[4.9575957,47.1914814],[4.9576342,47.1915399],[4.957655,47.191572]]]},"properties":{"id":"21133000AB0116","reference":"AB 0116","commune":"21133","cadastreAreaM2":1378,"geometryAreaM2":1379.8559,"bounds":[4.9565597,47.1914293,4.957655,47.1917894],"labelPoint":[4.957122895641701,47.1916122],"overlaps":[{"parentFeatureId":"inao-denom-361","name":"Bonnes-Mares","areaM2":1379.8559,"parcelPercent":100.0}],"recordedRights":[{"holderId":"383339470","siren":"383339470","name":"GFA NABUCA","rightCode":"P","rightLabel":"Propriétaire","legalForm":"6534","legalFormLabel":"GFA"}],"domaineLinks":[],"recordMatch":"reference-and-area","recordAreasM2":[1378]}},{"type":"Feature","id":"21133000AB0119","geometry":{"type":"Polygon","coordinates":[[[4.9587956,47.1914255],[4.9588715,47.1915392],[4.9588617,47.1915421],[4.9568047,47.1921444],[4.9567438,47.1920213],[4.9587956,47.1914255]]]},"properties":{"id":"21133000AB0119","reference":"AB 0119","commune":"21133","cadastreAreaM2":2417,"geometryAreaM2":2396.3388,"bounds":[4.9567438,47.1914255,4.9588715,47.1921444],"labelPoint":[4.957806168074207,47.1917817],"overlaps":[{"parentFeatureId":"inao-denom-361","name":"Bonnes-Mares","areaM2":2389.4928,"parcelPercent":99.7143}],"recordedRights":[{"holderId":"326418761","siren":"326418761","name":"GFA BERTHEAU ET FILS","rightCode":"P","rightLabel":"Propriétaire","legalForm":"6534","legalFormLabel":"GFA"}],"domaineLinks":[],"recordMatch":"reference-and-area","recordAreasM2":[2417]}},{"type":"Feature","id":"21133000AB0120","geometry":{"type":"Polygon","coordinates":[[[4.9567974,47.1922518],[4.9567933,47.1922027],[4.9568047,47.1921444],[4.9588617,47.1915421],[4.9588715,47.1915392],[4.9589256,47.1916187],[4.957864,47.1919377],[4.9567974,47.1922518]]]},"properties":{"id":"21133000AB0120","reference":"AB 0120","commune":"21133","cadastreAreaM2":1808,"geometryAreaM2":1801.999,"bounds":[4.9567933,47.1915392,4.9589256,47.1922518],"labelPoint":[4.9582250807321815,47.1917782],"overlaps":[{"parentFeatureId":"inao-denom-361","name":"Bonnes-Mares","areaM2":1795.4024,"parcelPercent":99.6339}],"recordedRights":[],"domaineLinks":[],"recordMatch":"unknown","recordAreasM2":[]}},{"type":"Feature","id":"21133000AB0121","geometry":{"type":"Polygon","coordinates":[[[4.9589731,47.1916806],[4.9589464,47.1916887],[4.9568067,47.1923369],[4.9567974,47.1922518],[4.957864,47.1919377],[4.9589256,47.1916187],[4.9589731,47.1916806]]]},"properties":{"id":"21133000AB0121","reference":"AB 0121","commune":"21133","cadastreAreaM2":1421,"geometryAreaM2":1452.9477,"bounds":[4.9567974,47.1916187,4.9589731,47.1923369],"labelPoint":[4.957468367043365,47.192094749999995],"overlaps":[{"parentFeatureId":"inao-denom-361","name":"Bonnes-Mares","areaM2":1448.6676,"parcelPercent":99.7054}],"recordedRights":[{"holderId":"U21586080","siren":null,"name":"GROUPEMENT FONCIER AGRICOLE DU DOMAINE ARLAUD PERE ET FILS","rightCode":"P","rightLabel":"Propriétaire","legalForm":"6534","legalFormLabel":"GFA"}],"domaineLinks":[],"recordMatch":"reference-and-area","recordAreasM2":[1421]}},{"type":"Feature","id":"21133000AB0122","geometry":{"type":"Polygon","coordinates":[[[4.9591045,47.1918549],[4.9568471,47.1925262],[4.9568067,47.1923369],[4.9589464,47.1916887],[4.9589731,47.1916806],[4.9591045,47.1918549]]]},"properties":{"id":"21133000AB0122","reference":"AB 0122","commune":"21133","cadastreAreaM2":3856,"geometryAreaM2":3861.4557,"bounds":[4.9568067,47.1916806,4.9591045,47.1925262],"labelPoint":[4.957948160127133,47.1920959],"overlaps":[{"parentFeatureId":"inao-denom-361","name":"Bonnes-Mares","areaM2":3848.9975,"parcelPercent":99.6774}],"recordedRights":[{"holderId":"401584503","siren":"401584503","name":"DROUHIN-LAROZE","rightCode":"P","rightLabel":"Propriétaire","legalForm":"5710","legalFormLabel":"SAS"}],"domaineLinks":[],"recordMatch":"reference-and-area","recordAreasM2":[3856]}},{"type":"Feature","id":"21133000AB0123","geometry":{"type":"Polygon","coordinates":[[[4.9576791,47.1924833],[4.9576939,47.1925064],[4.9569258,47.1927689],[4.9568471,47.1925262],[4.9591045,47.1918549],[4.9592106,47.1919956],[4.9590847,47.1920261],[4.9589723,47.1920539],[4.9588251,47.1920903],[4.9587408,47.1921116],[4.958566,47.1921558],[4.958197,47.1922782],[4.9579383,47.1923511],[4.9576468,47.1924333],[4.9576791,47.1924833]]]},"properties":{"id":"21133000AB0123","reference":"AB 0123","commune":"21133","cadastreAreaM2":3528,"geometryAreaM2":3536.8786,"bounds":[4.9568471,47.1918549,4.9592106,47.1927689],"labelPoint":[4.957813067663494,47.19231465],"overlaps":[{"parentFeatureId":"inao-denom-361","name":"Bonnes-Mares","areaM2":3526.9506,"parcelPercent":99.7193}],"recordedRights":[{"holderId":"401584503","siren":"401584503","name":"DROUHIN-LAROZE","rightCode":"P","rightLabel":"Propriétaire","legalForm":"5710","legalFormLabel":"SAS"}],"domaineLinks":[],"recordMatch":"reference-and-area","recordAreasM2":[3528]}},{"type":"Feature","id":"21133000AB0124","geometry":{"type":"Polygon","coordinates":[[[4.9592539,47.1920531],[4.9591369,47.1920835],[4.9586553,47.1922087],[4.9582402,47.1923402],[4.9576791,47.1924833],[4.9576468,47.1924333],[4.9579383,47.1923511],[4.958197,47.1922782],[4.958566,47.1921558],[4.9587408,47.1921116],[4.9588251,47.1920903],[4.9589723,47.1920539],[4.9590847,47.1920261],[4.9592106,47.1919956],[4.9592539,47.1920531]]]},"properties":{"id":"21133000AB0124","reference":"AB 0124","commune":"21133","cadastreAreaM2":936,"geometryAreaM2":949.5539,"bounds":[4.9576468,47.1919956,4.9592539,47.1924833],"labelPoint":[4.9584236836515885,47.19224345],"overlaps":[{"parentFeatureId":"inao-denom-361","name":"Bonnes-Mares","areaM2":945.7219,"parcelPercent":99.5964}],"recordedRights":[{"holderId":"401584503","siren":"401584503","name":"DROUHIN-LAROZE","rightCode":"P","rightLabel":"Propriétaire","legalForm":"5710","legalFormLabel":"SAS"}],"domaineLinks":[],"recordMatch":"reference-and-area","recordAreasM2":[936]}},{"type":"Feature","id":"21133000AB0128","geometry":{"type":"Polygon","coordinates":[[[4.9576098,47.1928607],[4.957721,47.1928163],[4.9586985,47.192547],[4.959071,47.1924423],[4.9590898,47.1924916],[4.9587416,47.1925979],[4.9583891,47.1927056],[4.9583651,47.1926812],[4.9579236,47.1927986],[4.9577585,47.1928561],[4.9577556,47.1928528],[4.9576433,47.1928994],[4.9576098,47.1928607]]]},"properties":{"id":"21133000AB0128","reference":"AB 0128","commune":"21133","cadastreAreaM2":637,"geometryAreaM2":648.2754,"bounds":[4.9576098,47.1924423,4.9590898,47.1928994],"labelPoint":[4.958483922069274,47.19263955],"overlaps":[{"parentFeatureId":"inao-denom-361","name":"Bonnes-Mares","areaM2":648.2754,"parcelPercent":100.0}],"recordedRights":[],"domaineLinks":[],"recordMatch":"unknown","recordAreasM2":[]}},{"type":"Feature","id":"21133000AB0129","geometry":{"type":"Polygon","coordinates":[[[4.9577858,47.1928887],[4.9577585,47.1928561],[4.9579236,47.1927986],[4.9583651,47.1926812],[4.9583891,47.1927056],[4.958008,47.1928163],[4.9577858,47.1928887]]]},"properties":{"id":"21133000AB0129","reference":"AB 0129","commune":"21133","cadastreAreaM2":184,"geometryAreaM2":196.2701,"bounds":[4.9577585,47.1926812,4.9583891,47.1928887],"labelPoint":[4.958163743723194,47.1927521],"overlaps":[{"parentFeatureId":"inao-denom-361","name":"Bonnes-Mares","areaM2":196.2701,"parcelPercent":100.0}],"recordedRights":[{"holderId":"U21117863","siren":null,"name":"S C D'EXPLOITATION DU DOMAINE DUJAC","rightCode":"P","rightLabel":"Propriétaire","legalForm":"6599","legalFormLabel":"SC"}],"domaineLinks":[],"recordMatch":"reference-and-area","recordAreasM2":[184]}},{"type":"Feature","id":"21133000AB0130","geometry":{"type":"Polygon","coordinates":[[[4.9591327,47.1926148],[4.9589526,47.1926699],[4.9587244,47.192739],[4.9586472,47.1927623],[4.9583409,47.1928532],[4.9579123,47.1929859],[4.9571355,47.193259],[4.9570865,47.1931471],[4.9577858,47.1928887],[4.958008,47.1928163],[4.9583891,47.1927056],[4.9587416,47.1925979],[4.9590898,47.1924916],[4.9591327,47.1926148]]]},"properties":{"id":"21133000AB0130","reference":"AB 0130","commune":"21133","cadastreAreaM2":2335,"geometryAreaM2":2290.9173,"bounds":[4.9570865,47.1924916,4.9591327,47.193259],"labelPoint":[4.958061923068847,47.19287095],"overlaps":[{"parentFeatureId":"inao-denom-361","name":"Bonnes-Mares","areaM2":2290.9173,"parcelPercent":100.0}],"recordedRights":[{"holderId":"429825250","siren":"429825250","name":"DOMAINE GEORGES LIGNIER PERE ET FILS","rightCode":"P","rightLabel":"Propriétaire","legalForm":"6534","legalFormLabel":"GFA"}],"domaineLinks":[],"recordMatch":"reference-and-area","recordAreasM2":[2335]}},{"type":"Feature","id":"21133000AB0132","geometry":{"type":"Polygon","coordinates":[[[4.9603459,47.1934964],[4.9603563,47.1935099],[4.9599447,47.1936081],[4.9599244,47.1936018],[4.9598828,47.1935814],[4.9598323,47.1935367],[4.9598177,47.1935237],[4.9597536,47.1934865],[4.9595235,47.1935209],[4.959489,47.1935056],[4.9594472,47.1934384],[4.959416,47.1933883],[4.9593848,47.1933381],[4.9573858,47.1939727],[4.9573739,47.1939558],[4.9579988,47.1937586],[4.9593955,47.1933118],[4.9595044,47.1934924],[4.9595347,47.1935019],[4.9596831,47.1934728],[4.9597698,47.1934669],[4.9598299,47.1935043],[4.9599142,47.193579],[4.9599557,47.1935882],[4.9603459,47.1934964]]]},"properties":{"id":"21133000AB0132","reference":"AB 0132","commune":"21133","cadastreAreaM2":515,"geometryAreaM2":534.2396,"bounds":[4.9573739,47.1933118,4.9603563,47.1939727],"labelPoint":[4.958265644549257,47.19368335],"overlaps":[{"parentFeatureId":"inao-denom-361","name":"Bonnes-Mares","areaM2":533.1568,"parcelPercent":99.7973}],"recordedRights":[{"holderId":"U21119549","siren":null,"name":"PROPRIETAIRES DU BND 133 AB0132","rightCode":"P","rightLabel":"Propriétaire","legalForm":"9900","legalFormLabel":"AUPM"}],"domaineLinks":[],"recordMatch":"reference-and-area","recordAreasM2":[515]}},{"type":"Feature","id":"21133000AB0134","geometry":{"type":"Polygon","coordinates":[[[4.9599244,47.1936018],[4.9599447,47.1936081],[4.959917,47.193616],[4.9597425,47.193666],[4.9595753,47.1937023],[4.9594562,47.1937423],[4.9593148,47.1937899],[4.9590225,47.1938798],[4.9588625,47.1939338],[4.9585668,47.1940215],[4.9583316,47.194104],[4.9581637,47.1941629],[4.9580537,47.1942013],[4.9576695,47.1943355],[4.9576578,47.1943218],[4.9589701,47.1938564],[4.9594926,47.1937042],[4.9599244,47.1936018]]]},"properties":{"id":"21133000AB0134","reference":"AB 0134","commune":"21133","cadastreAreaM2":485,"geometryAreaM2":485.5602,"bounds":[4.9576578,47.1936018,4.9599447,47.1943355],"labelPoint":[4.958671429173828,47.19397765],"overlaps":[{"parentFeatureId":"inao-denom-361","name":"Bonnes-Mares","areaM2":485.5602,"parcelPercent":100.0}],"recordedRights":[{"holderId":"U21966026","siren":null,"name":"GFA DES GRANDS VINS FINS","rightCode":"P","rightLabel":"Propriétaire","legalForm":"6534","legalFormLabel":"GFA"}],"domaineLinks":[],"recordMatch":"reference-and-area","recordAreasM2":[485]}},{"type":"Feature","id":"21133000AB0135","geometry":{"type":"Polygon","coordinates":[[[4.9603459,47.1934964],[4.9599557,47.1935882],[4.9599142,47.193579],[4.9598299,47.1935043],[4.9597698,47.1934669],[4.9596831,47.1934728],[4.9595347,47.1935019],[4.9595044,47.1934924],[4.9593955,47.1933118],[4.9592608,47.193146],[4.9592558,47.193124],[4.9592501,47.1930989],[4.95925,47.193057],[4.9592745,47.1930024],[4.9593156,47.1929411],[4.9592534,47.1928129],[4.9591555,47.1926753],[4.9592284,47.1926401],[4.9593023,47.1926062],[4.9593558,47.1925828],[4.9593999,47.1925119],[4.959489,47.1924688],[4.9595341,47.1924296],[4.9601563,47.193252],[4.9603459,47.1934964]]]},"properties":{"id":"21133000AB0135","reference":"AB 0135","commune":"21133","cadastreAreaM2":5715,"geometryAreaM2":5679.1933,"bounds":[4.9591555,47.1924296,4.9603459,47.1935882],"labelPoint":[4.959625182672665,47.1930297],"overlaps":[{"parentFeatureId":"inao-denom-361","name":"Bonnes-Mares","areaM2":5602.0179,"parcelPercent":98.6411}],"recordedRights":[{"holderId":"515620193","siren":"515620193","name":"LES PETITS FILS DE PIERRE PONNELLE","rightCode":"P","rightLabel":"Propriétaire","legalForm":"5710","legalFormLabel":"SAS"}],"domaineLinks":[],"recordMatch":"reference-and-area","recordAreasM2":[5715]}},{"type":"Feature","id":"21133000AB0136","geometry":{"type":"Polygon","coordinates":[[[4.9594063,47.1923569],[4.9594927,47.1923925],[4.9595341,47.1924296],[4.959489,47.1924688],[4.9593999,47.1925119],[4.9593558,47.1925828],[4.9593023,47.1926062],[4.9592284,47.1926401],[4.9591555,47.1926753],[4.9591327,47.1926148],[4.9590898,47.1924916],[4.959071,47.1924423],[4.9594063,47.1923569]]]},"properties":{"id":"21133000AB0136","reference":"AB 0136","commune":"21133","cadastreAreaM2":650,"geometryAreaM2":653.7354,"bounds":[4.959071,47.1923569,4.9595341,47.1926753],"labelPoint":[4.959243531473215,47.19254735],"overlaps":[{"parentFeatureId":"inao-denom-361","name":"Bonnes-Mares","areaM2":642.0344,"parcelPercent":98.2101}],"recordedRights":[{"holderId":"515620193","siren":"515620193","name":"LES PETITS FILS DE PIERRE PONNELLE","rightCode":"P","rightLabel":"Propriétaire","legalForm":"5710","legalFormLabel":"SAS"}],"domaineLinks":[],"recordMatch":"reference-and-area","recordAreasM2":[650]}},{"type":"Feature","id":"21133000AB0266","geometry":{"type":"Polygon","coordinates":[[[4.9592558,47.193124],[4.9572468,47.1937655],[4.9571548,47.1936266],[4.957147,47.1933539],[4.9571355,47.193259],[4.9579123,47.1929859],[4.9583409,47.1928532],[4.9586472,47.1927623],[4.9587244,47.192739],[4.9589526,47.1926699],[4.9591327,47.1926148],[4.9591555,47.1926753],[4.9592534,47.1928129],[4.9593156,47.1929411],[4.9592745,47.1930024],[4.95925,47.193057],[4.9592501,47.1930989],[4.9592558,47.193124]]]},"properties":{"id":"21133000AB0266","reference":"AB 0266","commune":"21133","cadastreAreaM2":9748,"geometryAreaM2":9705.0616,"bounds":[4.9571355,47.1926148,4.9593156,47.1937655],"labelPoint":[4.9581859521677725,47.1931915],"overlaps":[{"parentFeatureId":"inao-denom-361","name":"Bonnes-Mares","areaM2":9703.8554,"parcelPercent":99.9876}],"recordedRights":[{"holderId":"330763426","siren":"330763426","name":"DOMAINE ROBERT GROFFIER PERE ET FILS","rightCode":"P","rightLabel":"Propriétaire","legalForm":"5710","legalFormLabel":"SAS"}],"domaineLinks":[],"recordMatch":"reference-and-area","recordAreasM2":[9748]}},{"type":"Feature","id":"21133000AB0267","geometry":{"type":"Polygon","coordinates":[[[4.9593955,47.1933118],[4.9579988,47.1937586],[4.9573739,47.1939558],[4.9572468,47.1937655],[4.9592558,47.193124],[4.9592608,47.193146],[4.9593955,47.1933118]]]},"properties":{"id":"21133000AB0267","reference":"AB 0267","commune":"21133","cadastreAreaM2":3900,"geometryAreaM2":3932.148,"bounds":[4.9572468,47.193124,4.9593955,47.1939558],"labelPoint":[4.958332592848789,47.1935352],"overlaps":[{"parentFeatureId":"inao-denom-361","name":"Bonnes-Mares","areaM2":3932.148,"parcelPercent":100.0}],"recordedRights":[],"domaineLinks":[],"recordMatch":"unknown","recordAreasM2":[]}},{"type":"Feature","id":"21133000AB0269","geometry":{"type":"Polygon","coordinates":[[[4.954465,47.1908199],[4.9544067,47.1906918],[4.9544029,47.1906792],[4.9545117,47.1906297],[4.9545344,47.1906816],[4.9545666,47.1907376],[4.9545826,47.190734],[4.9546061,47.190774],[4.954465,47.1908199]]]},"properties":{"id":"21133000AB0269","reference":"AB 0269","commune":"21133","cadastreAreaM2":170,"geometryAreaM2":174.0329,"bounds":[4.9544029,47.1906297,4.9546061,47.1908199],"labelPoint":[4.954484350194185,47.1907129],"overlaps":[{"parentFeatureId":"inao-denom-361","name":"Bonnes-Mares","areaM2":8.5726,"parcelPercent":4.9258}],"recordedRights":[{"holderId":"343567632","siren":"343567632","name":"GFA COTE DE NUITS","rightCode":"P","rightLabel":"Propriétaire","legalForm":"6534","legalFormLabel":"GFA"}],"domaineLinks":[],"recordMatch":"reference-and-area","recordAreasM2":[170]}},{"type":"Feature","id":"21133000AB0270","geometry":{"type":"Polygon","coordinates":[[[4.9544029,47.1906792],[4.9543914,47.1906415],[4.9544963,47.1905942],[4.9545038,47.1906119],[4.9545117,47.1906297],[4.9544029,47.1906792]]]},"properties":{"id":"21133000AB0270","reference":"AB 0270","commune":"21133","cadastreAreaM2":40,"geometryAreaM2":38.3397,"bounds":[4.9543914,47.1905942,4.9545117,47.1906792],"labelPoint":[4.954451608348602,47.1906356],"overlaps":[{"parentFeatureId":"inao-denom-361","name":"Bonnes-Mares","areaM2":11.5517,"parcelPercent":30.1299}],"recordedRights":[{"holderId":"343567632","siren":"343567632","name":"GFA COTE DE NUITS","rightCode":"P","rightLabel":"Propriétaire","legalForm":"6534","legalFormLabel":"GFA"}],"domaineLinks":[],"recordMatch":"reference-and-area","recordAreasM2":[40]}},{"type":"Feature","id":"21133000AB0275","geometry":{"type":"Polygon","coordinates":[[[4.956352,47.1910417],[4.9564824,47.1912551],[4.9563608,47.1912872],[4.9562333,47.1910791],[4.956352,47.1910417]]]},"properties":{"id":"21133000AB0275","reference":"AB 0275","commune":"21133","cadastreAreaM2":255,"geometryAreaM2":250.6538,"bounds":[4.9562333,47.1910417,4.9564824,47.1912872],"labelPoint":[4.956357921595239,47.1911671],"overlaps":[{"parentFeatureId":"inao-denom-361","name":"Bonnes-Mares","areaM2":250.6538,"parcelPercent":100.0}],"recordedRights":[],"domaineLinks":[],"recordMatch":"unknown","recordAreasM2":[]}},{"type":"Feature","id":"21133000AB0276","geometry":{"type":"Polygon","coordinates":[[[4.956352,47.1910417],[4.9564657,47.1910031],[4.9566063,47.1912222],[4.9564824,47.1912551],[4.956352,47.1910417]]]},"properties":{"id":"21133000AB0276","reference":"AB 0276","commune":"21133","cadastreAreaM2":257,"geometryAreaM2":256.8104,"bounds":[4.956352,47.1910031,4.9566063,47.1912551],"labelPoint":[4.9564777665998365,47.19113195],"overlaps":[{"parentFeatureId":"inao-denom-361","name":"Bonnes-Mares","areaM2":256.8104,"parcelPercent":100.0}],"recordedRights":[],"domaineLinks":[],"recordMatch":"unknown","recordAreasM2":[]}},{"type":"Feature","id":"21133000AB0277","geometry":{"type":"Polygon","coordinates":[[[4.9565525,47.1913703],[4.956422,47.1914008],[4.9563608,47.1912872],[4.9564824,47.1912551],[4.9565525,47.1913703]]]},"properties":{"id":"21133000AB0277","reference":"AB 0277","commune":"21133","cadastreAreaM2":138,"geometryAreaM2":138.5616,"bounds":[4.9563608,47.1912551,4.9565525,47.1914008],"labelPoint":[4.9564552004337195,47.19132875],"overlaps":[{"parentFeatureId":"inao-denom-361","name":"Bonnes-Mares","areaM2":138.5616,"parcelPercent":100.0}],"recordedRights":[],"domaineLinks":[],"recordMatch":"unknown","recordAreasM2":[]}},{"type":"Feature","id":"21133000AB0278","geometry":{"type":"Polygon","coordinates":[[[4.9566819,47.1913402],[4.9565525,47.1913703],[4.9564824,47.1912551],[4.9566063,47.1912222],[4.9566819,47.1913402]]]},"properties":{"id":"21133000AB0278","reference":"AB 0278","commune":"21133","cadastreAreaM2":143,"geometryAreaM2":143.5003,"bounds":[4.9564824,47.1912222,4.9566819,47.1913703],"labelPoint":[4.956581465561511,47.191297649999996],"overlaps":[{"parentFeatureId":"inao-denom-361","name":"Bonnes-Mares","areaM2":143.5003,"parcelPercent":100.0}],"recordedRights":[],"domaineLinks":[],"recordMatch":"unknown","recordAreasM2":[]}},{"type":"Feature","id":"21133000AB0279","geometry":{"type":"Polygon","coordinates":[[[4.9565987,47.1914455],[4.9564594,47.191475],[4.956422,47.1914008],[4.9565525,47.1913703],[4.9565987,47.1914455]]]},"properties":{"id":"21133000AB0279","reference":"AB 0279","commune":"21133","cadastreAreaM2":89,"geometryAreaM2":95.2987,"bounds":[4.956422,47.1913703,4.9565987,47.191475],"labelPoint":[4.956509117189919,47.19142315],"overlaps":[{"parentFeatureId":"inao-denom-361","name":"Bonnes-Mares","areaM2":95.2987,"parcelPercent":100.0}],"recordedRights":[],"domaineLinks":[],"recordMatch":"unknown","recordAreasM2":[]}},{"type":"Feature","id":"21133000AB0280","geometry":{"type":"Polygon","coordinates":[[[4.9567136,47.1913892],[4.9565987,47.1914455],[4.9565525,47.1913703],[4.9566819,47.1913402],[4.9567136,47.1913892]]]},"properties":{"id":"21133000AB0280","reference":"AB 0280","commune":"21133","cadastreAreaM2":73,"geometryAreaM2":77.9491,"bounds":[4.9565525,47.1913402,4.9567136,47.1914455],"labelPoint":[4.956618777859043,47.19141735],"overlaps":[{"parentFeatureId":"inao-denom-361","name":"Bonnes-Mares","areaM2":77.9491,"parcelPercent":100.0}],"recordedRights":[],"domaineLinks":[],"recordMatch":"unknown","recordAreasM2":[]}},{"type":"Feature","id":"21133000AB0281","geometry":{"type":"Polygon","coordinates":[[[4.9570576,47.1913549],[4.9564677,47.1914898],[4.9564594,47.191475],[4.9565987,47.1914455],[4.9567136,47.1913892],[4.9568168,47.191379],[4.9570576,47.1913549]]]},"properties":{"id":"21133000AB0281","reference":"AB 0281","commune":"21133","cadastreAreaM2":128,"geometryAreaM2":110.0195,"bounds":[4.9564594,47.1913549,4.9570576,47.1914898],"labelPoint":[4.956720332171975,47.19141735],"overlaps":[{"parentFeatureId":"inao-denom-361","name":"Bonnes-Mares","areaM2":110.0195,"parcelPercent":100.0}],"recordedRights":[],"domaineLinks":[],"recordMatch":"unknown","recordAreasM2":[]}},{"type":"Feature","id":"21133000AB0282","geometry":{"type":"Polygon","coordinates":[[[4.9570576,47.1913549],[4.9574786,47.1913129],[4.9575,47.1913384],[4.9575094,47.1913496],[4.9565139,47.1915723],[4.9564677,47.1914898],[4.9570576,47.1913549]]]},"properties":{"id":"21133000AB0282","reference":"AB 0282","commune":"21133","cadastreAreaM2":736,"geometryAreaM2":702.2044,"bounds":[4.9564677,47.1913129,4.9575094,47.1915723],"labelPoint":[4.956973423686591,47.191422349999996],"overlaps":[{"parentFeatureId":"inao-denom-361","name":"Bonnes-Mares","areaM2":702.2044,"parcelPercent":100.0}],"recordedRights":[{"holderId":"794244434","siren":"794244434","name":"JFCM","rightCode":"N","rightLabel":"Nu-propriétaire","legalForm":"6540","legalFormLabel":"SCI"}],"domaineLinks":[],"recordMatch":"reference-and-area","recordAreasM2":[736]}},{"type":"Feature","id":"21133000AB0283","geometry":{"type":"Polygon","coordinates":[[[4.9581819,47.1910598],[4.9574178,47.1912725],[4.9570576,47.1913549],[4.9568168,47.191379],[4.9567136,47.1913892],[4.9566819,47.1913402],[4.9573752,47.1911783],[4.9573876,47.1911941],[4.9581491,47.1909969],[4.9581728,47.1910422],[4.9581819,47.1910598]]]},"properties":{"id":"21133000AB0283","reference":"AB 0283","commune":"21133","cadastreAreaM2":995,"geometryAreaM2":1041.3303,"bounds":[4.9566819,47.1909969,4.9581819,47.1913892],"labelPoint":[4.957572964523392,47.1911862],"overlaps":[{"parentFeatureId":"inao-denom-361","name":"Bonnes-Mares","areaM2":1039.1073,"parcelPercent":99.7865}],"recordedRights":[],"domaineLinks":[],"recordMatch":"unknown","recordAreasM2":[]}},{"type":"Feature","id":"21133000AB0284","geometry":{"type":"Polygon","coordinates":[[[4.9572722,47.1910461],[4.9573752,47.1911783],[4.9566819,47.1913402],[4.9566063,47.1912222],[4.9569443,47.1911328],[4.9570876,47.1911075],[4.9571228,47.1910855],[4.9572722,47.1910461]]]},"properties":{"id":"21133000AB0284","reference":"AB 0284","commune":"21133","cadastreAreaM2":817,"geometryAreaM2":832.6401,"bounds":[4.9566063,47.1910461,4.9573752,47.1913402],"labelPoint":[4.956985245901626,47.191200249999994],"overlaps":[{"parentFeatureId":"inao-denom-361","name":"Bonnes-Mares","areaM2":832.6401,"parcelPercent":100.0}],"recordedRights":[],"domaineLinks":[],"recordMatch":"unknown","recordAreasM2":[]}},{"type":"Feature","id":"21133000AB0285","geometry":{"type":"Polygon","coordinates":[[[4.9571228,47.1910855],[4.9570876,47.1911075],[4.9569443,47.1911328],[4.9571228,47.1910855]]]},"properties":{"id":"21133000AB0285","reference":"AB 0285","commune":"21133","cadastreAreaM2":7,"geometryAreaM2":9.5124,"bounds":[4.9569443,47.1910855,4.9571228,47.1911328],"labelPoint":[4.957003994186028,47.19112015],"overlaps":[{"parentFeatureId":"inao-denom-361","name":"Bonnes-Mares","areaM2":9.5124,"parcelPercent":100.0}],"recordedRights":[],"domaineLinks":[],"recordMatch":"unknown","recordAreasM2":[]}},{"type":"Feature","id":"21133000AB0286","geometry":{"type":"Polygon","coordinates":[[[4.9569443,47.1911328],[4.9566063,47.1912222],[4.9564657,47.1910031],[4.9567981,47.1909083],[4.9568151,47.1909034],[4.9568681,47.1909932],[4.9566577,47.1910627],[4.9567142,47.1911735],[4.9569443,47.1911328]]]},"properties":{"id":"21133000AB0286","reference":"AB 0286","commune":"21133","cadastreAreaM2":510,"geometryAreaM2":495.1063,"bounds":[4.9564657,47.1909034,4.9569443,47.1912222],"labelPoint":[4.956601005699625,47.19109775],"overlaps":[{"parentFeatureId":"inao-denom-361","name":"Bonnes-Mares","areaM2":495.1063,"parcelPercent":100.0}],"recordedRights":[],"domaineLinks":[],"recordMatch":"unknown","recordAreasM2":[]}},{"type":"Feature","id":"21133000AB0287","geometry":{"type":"Polygon","coordinates":[[[4.9572722,47.1910461],[4.9572441,47.1910101],[4.9571228,47.1910855],[4.9569443,47.1911328],[4.9567142,47.1911735],[4.9566577,47.1910627],[4.9568681,47.1909932],[4.9568151,47.1909034],[4.9571383,47.1908146],[4.9570938,47.1907361],[4.9570505,47.1906746],[4.9569845,47.1905864],[4.9564854,47.1907311],[4.956443,47.1906958],[4.9563562,47.1907245],[4.9562193,47.1906148],[4.9574786,47.1902131],[4.9580682,47.1900355],[4.9581812,47.1901599],[4.9582746,47.1902982],[4.9583622,47.1904549],[4.9579163,47.1905662],[4.9580327,47.1907862],[4.9580705,47.1908351],[4.9572722,47.1910461]]]},"properties":{"id":"21133000AB0287","reference":"AB 0287","commune":"21133","cadastreAreaM2":9037,"geometryAreaM2":8974.2905,"bounds":[4.9562193,47.1900355,4.9583622,47.1911735],"labelPoint":[4.957464813288803,47.190600599999996],"overlaps":[{"parentFeatureId":"inao-denom-361","name":"Bonnes-Mares","areaM2":8944.245,"parcelPercent":99.6652}],"recordedRights":[],"domaineLinks":[],"recordMatch":"unknown","recordAreasM2":[]}},{"type":"Feature","id":"21133000AB0288","geometry":{"type":"Polygon","coordinates":[[[4.9572722,47.1910461],[4.9571228,47.1910855],[4.9572441,47.1910101],[4.9572722,47.1910461]]]},"properties":{"id":"21133000AB0288","reference":"AB 0288","commune":"21133","cadastreAreaM2":27,"geometryAreaM2":27.2732,"bounds":[4.9571228,47.1910101,4.9572722,47.1910855],"labelPoint":[4.9571759962201485,47.191065800000004],"overlaps":[{"parentFeatureId":"inao-denom-361","name":"Bonnes-Mares","areaM2":27.2732,"parcelPercent":100.0}],"recordedRights":[],"domaineLinks":[],"recordMatch":"unknown","recordAreasM2":[]}},{"type":"Feature","id":"21133000AB0290","geometry":{"type":"Polygon","coordinates":[[[4.9572722,47.1910461],[4.9580705,47.1908351],[4.9581659,47.1909587],[4.9573752,47.1911783],[4.9572722,47.1910461]]]},"properties":{"id":"21133000AB0290","reference":"AB 0290","commune":"21133","cadastreAreaM2":1054,"geometryAreaM2":1034.2736,"bounds":[4.9572722,47.1908351,4.9581659,47.1911783],"labelPoint":[4.957723043629366,47.1910024],"overlaps":[{"parentFeatureId":"inao-denom-361","name":"Bonnes-Mares","areaM2":1034.2736,"parcelPercent":100.0}],"recordedRights":[],"domaineLinks":[],"recordMatch":"unknown","recordAreasM2":[]}},{"type":"Feature","id":"21133000AB0291","geometry":{"type":"Polygon","coordinates":[[[4.9581799,47.1909768],[4.9581491,47.1909969],[4.9573876,47.1911941],[4.9573752,47.1911783],[4.9581659,47.1909587],[4.9581799,47.1909768]]]},"properties":{"id":"21133000AB0291","reference":"AB 0291","commune":"21133","cadastreAreaM2":173,"geometryAreaM2":175.9101,"bounds":[4.9573752,47.1909587,4.9581799,47.1911941],"labelPoint":[4.957750317081016,47.1910876],"overlaps":[{"parentFeatureId":"inao-denom-361","name":"Bonnes-Mares","areaM2":175.9101,"parcelPercent":100.0}],"recordedRights":[],"domaineLinks":[],"recordMatch":"unknown","recordAreasM2":[]}},{"type":"Feature","id":"21133000AB0292","geometry":{"type":"Polygon","coordinates":[[[4.9581819,47.1910598],[4.9582153,47.1911243],[4.9575,47.1913384],[4.9574786,47.1913129],[4.9570576,47.1913549],[4.9574178,47.1912725],[4.9581819,47.1910598]]]},"properties":{"id":"21133000AB0292","reference":"AB 0292","commune":"21133","cadastreAreaM2":606,"geometryAreaM2":588.7401,"bounds":[4.9570576,47.1910598,4.9582153,47.1913549],"labelPoint":[4.957825865165528,47.1911984],"overlaps":[{"parentFeatureId":"inao-denom-361","name":"Bonnes-Mares","areaM2":588.7401,"parcelPercent":100.0}],"recordedRights":[{"holderId":"794244434","siren":"794244434","name":"JFCM","rightCode":"N","rightLabel":"Nu-propriétaire","legalForm":"6540","legalFormLabel":"SCI"}],"domaineLinks":[],"recordMatch":"reference-and-area","recordAreasM2":[606]}},{"type":"Feature","id":"21133000AB0293","geometry":{"type":"Polygon","coordinates":[[[4.9575,47.1913384],[4.9582153,47.1911243],[4.9582533,47.1911895],[4.9575455,47.1914048],[4.9575094,47.1913496],[4.9575,47.1913384]]]},"properties":{"id":"21133000AB0293","reference":"AB 0293","commune":"21133","cadastreAreaM2":469,"geometryAreaM2":468.6841,"bounds":[4.9575,47.1911243,4.9582533,47.1914048],"labelPoint":[4.957878639913051,47.19126395],"overlaps":[{"parentFeatureId":"inao-denom-361","name":"Bonnes-Mares","areaM2":468.6841,"parcelPercent":100.0}],"recordedRights":[{"holderId":"794244434","siren":"794244434","name":"JFCM","rightCode":"N","rightLabel":"Nu-propriétaire","legalForm":"6540","legalFormLabel":"SCI"}],"domaineLinks":[],"recordMatch":"reference-and-area","recordAreasM2":[469]}},{"type":"Feature","id":"21133000AB0294","geometry":{"type":"Polygon","coordinates":[[[4.9575614,47.1914293],[4.9575455,47.1914048],[4.9582533,47.1911895],[4.9582793,47.191271],[4.9575957,47.1914814],[4.9575614,47.1914293]]]},"properties":{"id":"21133000AB0294","reference":"AB 0294","commune":"21133","cadastreAreaM2":520,"geometryAreaM2":530.7877,"bounds":[4.9575455,47.1911895,4.9582793,47.1914814],"labelPoint":[4.957913686365783,47.1913379],"overlaps":[{"parentFeatureId":"inao-denom-361","name":"Bonnes-Mares","areaM2":530.7877,"parcelPercent":100.0}],"recordedRights":[],"domaineLinks":[],"recordMatch":"unknown","recordAreasM2":[]}},{"type":"Feature","id":"21133000AB0297","geometry":{"type":"Polygon","coordinates":[[[4.954781,47.1909984],[4.9560388,47.1907272],[4.9560486,47.1907515],[4.9555928,47.190857],[4.9548016,47.1910271],[4.954781,47.1909984]]]},"properties":{"id":"21133000AB0297","reference":"AB 0297","commune":"21133","cadastreAreaM2":330,"geometryAreaM2":339.0534,"bounds":[4.954781,47.1907272,4.9560486,47.1910271],"labelPoint":[4.95518642362566,47.1909277],"overlaps":[{"parentFeatureId":"inao-denom-361","name":"Bonnes-Mares","areaM2":338.018,"parcelPercent":99.6946}],"recordedRights":[{"holderId":"841127582","siren":"841127582","name":"LES BONNES MARES","rightCode":"P","rightLabel":"Propriétaire","legalForm":"6534","legalFormLabel":"GFA"}],"domaineLinks":[],"recordMatch":"reference-and-area","recordAreasM2":[330]}},{"type":"Feature","id":"21133000AB0298","geometry":{"type":"Polygon","coordinates":[[[4.9560184,47.1906803],[4.9560388,47.1907272],[4.954781,47.1909984],[4.9547562,47.1909639],[4.9551744,47.1908676],[4.9556032,47.1907732],[4.9560184,47.1906803]]]},"properties":{"id":"21133000AB0298","reference":"AB 0298","commune":"21133","cadastreAreaM2":493,"geometryAreaM2":493.7526,"bounds":[4.9547562,47.1906803,4.9560388,47.1909984],"labelPoint":[4.955497673598815,47.1908204],"overlaps":[{"parentFeatureId":"inao-denom-361","name":"Bonnes-Mares","areaM2":492.1774,"parcelPercent":99.681}],"recordedRights":[{"holderId":"818134116","siren":"818134116","name":"VINES","rightCode":"P","rightLabel":"Propriétaire","legalForm":"5710","legalFormLabel":"SAS"}],"domaineLinks":[],"recordMatch":"reference-and-area","recordAreasM2":[493]}},{"type":"Feature","id":"21133000AB0304","geometry":{"type":"Polygon","coordinates":[[[4.9583101,47.191337],[4.9583257,47.1913703],[4.9576934,47.1915605],[4.957655,47.191572],[4.9576342,47.1915399],[4.9583101,47.191337]]]},"properties":{"id":"21133000AB0304","reference":"AB 0304","commune":"21133","cadastreAreaM2":218,"geometryAreaM2":216.2724,"bounds":[4.9576342,47.191337,4.9583257,47.191572],"labelPoint":[4.957980238415875,47.1914551],"overlaps":[{"parentFeatureId":"inao-denom-361","name":"Bonnes-Mares","areaM2":216.2724,"parcelPercent":100.0}],"recordedRights":[{"holderId":"515420255","siren":"515420255","name":"MAISON BOUCHARD PERE ET FILS","rightCode":"P","rightLabel":"Propriétaire","legalForm":"5710","legalFormLabel":"SAS"}],"domaineLinks":[],"recordMatch":"reference-and-area","recordAreasM2":[218]}},{"type":"Feature","id":"21133000AB0305","geometry":{"type":"Polygon","coordinates":[[[4.9583101,47.191337],[4.9576342,47.1915399],[4.9575957,47.1914814],[4.9582793,47.191271],[4.9583101,47.191337]]]},"properties":{"id":"21133000AB0305","reference":"AB 0305","commune":"21133","cadastreAreaM2":392,"geometryAreaM2":416.1044,"bounds":[4.9575957,47.191271,4.9583101,47.1915399],"labelPoint":[4.957949934449827,47.191409199999995],"overlaps":[{"parentFeatureId":"inao-denom-361","name":"Bonnes-Mares","areaM2":416.1044,"parcelPercent":100.0}],"recordedRights":[],"domaineLinks":[],"recordMatch":"unknown","recordAreasM2":[]}},{"type":"Feature","id":"21133000AB0306","geometry":{"type":"Polygon","coordinates":[[[4.9586792,47.1912262],[4.9583101,47.191337],[4.9582793,47.191271],[4.9586333,47.1911728],[4.9586463,47.1911692],[4.9586792,47.1912262]]]},"properties":{"id":"21133000AB0306","reference":"AB 0306","commune":"21133","cadastreAreaM2":205,"geometryAreaM2":218.8553,"bounds":[4.9582793,47.1911692,4.9586792,47.191337],"labelPoint":[4.958482314998122,47.1912486],"overlaps":[{"parentFeatureId":"inao-denom-361","name":"Bonnes-Mares","areaM2":215.7504,"parcelPercent":98.5813}],"recordedRights":[],"domaineLinks":[],"recordMatch":"unknown","recordAreasM2":[]}},{"type":"Feature","id":"21133000AB0321","geometry":{"type":"Polygon","coordinates":[[[4.9564387,47.1931786],[4.9563754,47.1931973],[4.9563147,47.1931287],[4.956968,47.1929001],[4.9570078,47.1929775],[4.9567432,47.19307],[4.9564387,47.1931786]]]},"properties":{"id":"21133000AB0321","reference":"AB 0321","commune":"21133","cadastreAreaM2":492,"geometryAreaM2":495.8042,"bounds":[4.9563147,47.1929001,4.9570078,47.1931973],"labelPoint":[4.956745064643499,47.193023749999995],"overlaps":[{"parentFeatureId":"inao-denom-361","name":"Bonnes-Mares","areaM2":491.6205,"parcelPercent":99.1562}],"recordedRights":[{"holderId":"U21117863","siren":null,"name":"S C D'EXPLOITATION DU DOMAINE DUJAC","rightCode":"P","rightLabel":"Propriétaire","legalForm":"6599","legalFormLabel":"SC"}],"domaineLinks":[],"recordMatch":"reference-and-area","recordAreasM2":[492]}},{"type":"Feature","id":"21133000AB0322","geometry":{"type":"Polygon","coordinates":[[[4.957783,47.1926601],[4.9577988,47.1926834],[4.9574311,47.1928255],[4.95702,47.1929741],[4.9569806,47.1928993],[4.9576205,47.192705],[4.9577757,47.1926494],[4.957783,47.1926601]]]},"properties":{"id":"21133000AB0322","reference":"AB 0322","commune":"21133","cadastreAreaM2":424,"geometryAreaM2":424.1633,"bounds":[4.9569806,47.1926494,4.9577988,47.1929741],"labelPoint":[4.957504539388924,47.192765249999994],"overlaps":[{"parentFeatureId":"inao-denom-361","name":"Bonnes-Mares","areaM2":424.1633,"parcelPercent":100.0}],"recordedRights":[{"holderId":"U21117863","siren":null,"name":"S C D'EXPLOITATION DU DOMAINE DUJAC","rightCode":"P","rightLabel":"Propriétaire","legalForm":"6599","legalFormLabel":"SC"}],"domaineLinks":[],"recordMatch":"reference-and-area","recordAreasM2":[424]}},{"type":"Feature","id":"21133000AB0323","geometry":{"type":"Polygon","coordinates":[[[4.959366,47.1921992],[4.959358,47.1922015],[4.9586935,47.1923952],[4.9583248,47.1925],[4.957783,47.1926601],[4.9577757,47.1926494],[4.9576205,47.192705],[4.9569806,47.1928993],[4.9569258,47.1927689],[4.9576939,47.1925064],[4.9576791,47.1924833],[4.9582402,47.1923402],[4.9586553,47.1922087],[4.9591369,47.1920835],[4.9592539,47.1920531],[4.959366,47.1921992]]]},"properties":{"id":"21133000AB0323","reference":"AB 0323","commune":"21133","cadastreAreaM2":3606,"geometryAreaM2":3600.7408,"bounds":[4.9569258,47.1920531,4.959366,47.1928993],"labelPoint":[4.958195173970969,47.19243925],"overlaps":[{"parentFeatureId":"inao-denom-361","name":"Bonnes-Mares","areaM2":3589.9592,"parcelPercent":99.7006}],"recordedRights":[{"holderId":"401584503","siren":"401584503","name":"DROUHIN-LAROZE","rightCode":"P","rightLabel":"Propriétaire","legalForm":"5710","legalFormLabel":"SAS"}],"domaineLinks":[],"recordMatch":"reference-and-area","recordAreasM2":[3606]}},{"type":"Feature","id":"21133000AB0328","geometry":{"type":"Polygon","coordinates":[[[4.957077,47.1930704],[4.9576098,47.1928607],[4.9576433,47.1928994],[4.9577556,47.1928528],[4.9577585,47.1928561],[4.9577858,47.1928887],[4.9570865,47.1931471],[4.957077,47.1930704]]]},"properties":{"id":"21133000AB0328","reference":"AB 0328","commune":"21133","cadastreAreaM2":448,"geometryAreaM2":451.9937,"bounds":[4.957077,47.1928528,4.9577858,47.1931471],"labelPoint":[4.957409846470023,47.1929849],"overlaps":[{"parentFeatureId":"inao-denom-361","name":"Bonnes-Mares","areaM2":451.9937,"parcelPercent":100.0}],"recordedRights":[],"domaineLinks":[],"recordMatch":"unknown","recordAreasM2":[]}},{"type":"Feature","id":"21133000AB0338","geometry":{"type":"Polygon","coordinates":[[[4.9562042,47.1930016],[4.9563147,47.1931287],[4.9559818,47.1932461],[4.9558703,47.1931163],[4.9559379,47.1930934],[4.9562042,47.1930016]]]},"properties":{"id":"21133000AB0338","reference":"AB 0338","commune":"21133","cadastreAreaM2":484,"geometryAreaM2":468.0515,"bounds":[4.9558703,47.1930016,4.9563147,47.1932461],"labelPoint":[4.956092467821038,47.1931225],"overlaps":[{"parentFeatureId":"inao-denom-361","name":"Bonnes-Mares","areaM2":11.0805,"parcelPercent":2.3674}],"recordedRights":[{"holderId":"401584503","siren":"401584503","name":"DROUHIN-LAROZE","rightCode":"P","rightLabel":"Propriétaire","legalForm":"5710","legalFormLabel":"SAS"}],"domaineLinks":[],"recordMatch":"reference-and-area","recordAreasM2":[484]}},{"type":"Feature","id":"21133000AB0339","geometry":{"type":"Polygon","coordinates":[[[4.9562042,47.1930016],[4.9563789,47.1929402],[4.9563909,47.1929484],[4.956911,47.1927687],[4.956968,47.1929001],[4.9563147,47.1931287],[4.9562042,47.1930016]]]},"properties":{"id":"21133000AB0339","reference":"AB 0339","commune":"21133","cadastreAreaM2":887,"geometryAreaM2":886.15,"bounds":[4.9562042,47.1927687,4.956968,47.1931287],"labelPoint":[4.956516916438749,47.192975000000004],"overlaps":[{"parentFeatureId":"inao-denom-361","name":"Bonnes-Mares","areaM2":880.7817,"parcelPercent":99.3942}],"recordedRights":[{"holderId":"401584503","siren":"401584503","name":"DROUHIN-LAROZE","rightCode":"P","rightLabel":"Propriétaire","legalForm":"5710","legalFormLabel":"SAS"}],"domaineLinks":[],"recordMatch":"reference-and-area","recordAreasM2":[887]}},{"type":"Feature","id":"21133000AB0340","geometry":{"type":"Polygon","coordinates":[[[4.9559994,47.1928161],[4.9560304,47.1928031],[4.9564068,47.1926803],[4.9568315,47.1925326],[4.956911,47.1927687],[4.9563909,47.1929484],[4.9563789,47.1929402],[4.9562042,47.1930016],[4.9559994,47.1928161]]]},"properties":{"id":"21133000AB0340","reference":"AB 0340","commune":"21133","cadastreAreaM2":1650,"geometryAreaM2":1682.4863,"bounds":[4.9559994,47.1925326,4.956911,47.1930016],"labelPoint":[4.956583718710398,47.1927245],"overlaps":[{"parentFeatureId":"inao-denom-361","name":"Bonnes-Mares","areaM2":1675.1523,"parcelPercent":99.5641}],"recordedRights":[{"holderId":"778173427","siren":"778173427","name":"DOMAINE G ROUMIER ET SES FILS","rightCode":"P","rightLabel":"Propriétaire","legalForm":"5499","legalFormLabel":"SARL"}],"domaineLinks":[],"recordMatch":"reference-and-area","recordAreasM2":[1650]}},{"type":"Feature","id":"21133000AB0356","geometry":{"type":"Polygon","coordinates":[[[4.9533757,47.1907025],[4.9535007,47.1908485],[4.9536457,47.1909782],[4.9538208,47.1909777],[4.953929,47.1910427],[4.9539807,47.1910786],[4.9540675,47.1910985],[4.9541481,47.1910989],[4.9545734,47.190928],[4.9545811,47.19094],[4.9546236,47.1910059],[4.9543046,47.1911321],[4.9542084,47.1911108],[4.9541172,47.1911495],[4.9539884,47.191179],[4.9539096,47.1912071],[4.9538353,47.1911676],[4.9537922,47.1911559],[4.9537556,47.1910839],[4.9537097,47.1910299],[4.9535619,47.1909484],[4.9533572,47.1910806],[4.9533874,47.1911515],[4.9533128,47.1911861],[4.9532253,47.1911467],[4.9530633,47.1912211],[4.9528872,47.191116],[4.9530527,47.1909971],[4.9531136,47.1909682],[4.9531644,47.1909518],[4.9532535,47.1909616],[4.9534283,47.1908404],[4.953405,47.1908254],[4.9533833,47.1908317],[4.9533757,47.1907025]]]},"properties":{"id":"21133000AB0356","reference":"AB 0356","commune":"21133","cadastreAreaM2":1859,"geometryAreaM2":1853.356,"bounds":[4.9528872,47.1907025,4.9546236,47.1912211],"labelPoint":[4.953330086580763,47.1909649],"overlaps":[{"parentFeatureId":"inao-denom-361","name":"Bonnes-Mares","areaM2":3.4723,"parcelPercent":0.1874}],"recordedRights":[],"domaineLinks":[],"recordMatch":"unknown","recordAreasM2":[]}},{"type":"Feature","id":"21133000AB0357","geometry":{"type":"Polygon","coordinates":[[[4.9541367,47.1905698],[4.9542618,47.1905993],[4.9542943,47.1906196],[4.9543081,47.1906227],[4.9543914,47.1906415],[4.9544029,47.1906792],[4.9544067,47.1906918],[4.954465,47.1908199],[4.9544686,47.1908278],[4.9545166,47.1908804],[4.9545619,47.1909111],[4.9545734,47.190928],[4.9541481,47.1910989],[4.9540675,47.1910985],[4.9539807,47.1910786],[4.953929,47.1910427],[4.9538208,47.1909777],[4.9536457,47.1909782],[4.9535007,47.1908485],[4.9533757,47.1907025],[4.9533684,47.1906556],[4.9533662,47.1906407],[4.9534823,47.1906088],[4.9535091,47.1905921],[4.9536662,47.1905718],[4.9537106,47.1905707],[4.9537985,47.1905772],[4.9538672,47.1905699],[4.9539713,47.190541],[4.9540334,47.1905113],[4.9540942,47.1905029],[4.9541367,47.1905698]]]},"properties":{"id":"21133000AB0357","reference":"AB 0357","commune":"21133","cadastreAreaM2":3722,"geometryAreaM2":3719.6936,"bounds":[4.9533662,47.1905029,4.9545734,47.1910989],"labelPoint":[4.953932120852445,47.1907612],"overlaps":[{"parentFeatureId":"inao-denom-361","name":"Bonnes-Mares","areaM2":29.595,"parcelPercent":0.7956}],"recordedRights":[],"domaineLinks":[],"recordMatch":"unknown","recordAreasM2":[]}},{"type":"Feature","id":"21133000AB0358","geometry":{"type":"Polygon","coordinates":[[[4.956526,47.1932794],[4.9564574,47.1932004],[4.9570131,47.1929878],[4.9570677,47.1930743],[4.956526,47.1932794]]]},"properties":{"id":"21133000AB0358","reference":"AB 0358","commune":"21133","cadastreAreaM2":478,"geometryAreaM2":490.0606,"bounds":[4.9564574,47.1929878,4.9570677,47.1932794],"labelPoint":[4.956761688677991,47.19313735],"overlaps":[{"parentFeatureId":"inao-denom-361","name":"Bonnes-Mares","areaM2":484.6548,"parcelPercent":98.8969}],"recordedRights":[{"holderId":"U21117863","siren":null,"name":"S C D'EXPLOITATION DU DOMAINE DUJAC","rightCode":"P","rightLabel":"Propriétaire","legalForm":"6599","legalFormLabel":"SC"}],"domaineLinks":[],"recordMatch":"reference-and-area","recordAreasM2":[478]}},{"type":"Feature","id":"21133000AB0359","geometry":{"type":"Polygon","coordinates":[[[4.9559818,47.1932461],[4.9563147,47.1931287],[4.9563754,47.1931973],[4.9564387,47.1931786],[4.9564574,47.1932004],[4.956526,47.1932794],[4.9565693,47.1933323],[4.9563695,47.1934276],[4.9563085,47.1934491],[4.9562544,47.1933823],[4.9561748,47.1932757],[4.9560543,47.1933307],[4.9559818,47.1932461]]]},"properties":{"id":"21133000AB0359","reference":"AB 0359","commune":"21133","cadastreAreaM2":753,"geometryAreaM2":768.3065,"bounds":[4.9559818,47.1931287,4.9565693,47.1934491],"labelPoint":[4.956371855657332,47.19330505],"overlaps":[{"parentFeatureId":"inao-denom-361","name":"Bonnes-Mares","areaM2":25.0838,"parcelPercent":3.2648}],"recordedRights":[{"holderId":"U21117863","siren":null,"name":"S C D'EXPLOITATION DU DOMAINE DUJAC","rightCode":"P","rightLabel":"Propriétaire","legalForm":"6599","legalFormLabel":"SC"}],"domaineLinks":[],"recordMatch":"reference-and-area","recordAreasM2":[753]}},{"type":"Feature","id":"21133000AB0360","geometry":{"type":"Polygon","coordinates":[[[4.9594063,47.1923569],[4.959071,47.1924423],[4.9586985,47.192547],[4.957721,47.1928163],[4.9576098,47.1928607],[4.957077,47.1930704],[4.95702,47.1929741],[4.9574311,47.1928255],[4.9577988,47.1926834],[4.957783,47.1926601],[4.9583248,47.1925],[4.9586935,47.1923952],[4.959358,47.1922015],[4.959366,47.1921992],[4.9594734,47.1923386],[4.9594063,47.1923569]]]},"properties":{"id":"21133000AB0360","reference":"AB 0360","commune":"21133","cadastreAreaM2":2758,"geometryAreaM2":2767.8286,"bounds":[4.95702,47.1921992,4.9594734,47.1930704],"labelPoint":[4.958233804359402,47.19260355],"overlaps":[{"parentFeatureId":"inao-denom-361","name":"Bonnes-Mares","areaM2":2757.4415,"parcelPercent":99.6247}],"recordedRights":[{"holderId":"U21117863","siren":null,"name":"S C D'EXPLOITATION DU DOMAINE DUJAC","rightCode":"P","rightLabel":"Propriétaire","legalForm":"6599","legalFormLabel":"SC"}],"domaineLinks":[],"recordMatch":"reference-and-area","recordAreasM2":[2758]}},{"type":"Feature","id":"21133000AB0365","geometry":{"type":"Polygon","coordinates":[[[4.9559994,47.1928161],[4.9562042,47.1930016],[4.9559379,47.1930934],[4.9558702,47.1928923],[4.9559279,47.1928495],[4.9559994,47.1928161]]]},"properties":{"id":"21133000AB0365","reference":"AB 0365","commune":"21133","cadastreAreaM2":410,"geometryAreaM2":422.4991,"bounds":[4.9558702,47.1928161,4.9562042,47.1930934],"labelPoint":[4.95601623094001,47.19294695],"overlaps":[{"parentFeatureId":"inao-denom-361","name":"Bonnes-Mares","areaM2":20.4371,"parcelPercent":4.8372}],"recordedRights":[{"holderId":"778173427","siren":"778173427","name":"DOMAINE G ROUMIER ET SES FILS","rightCode":"P","rightLabel":"Propriétaire","legalForm":"5499","legalFormLabel":"SARL"}],"domaineLinks":[],"recordMatch":"reference-and-area","recordAreasM2":[410]}},{"type":"Feature","id":"21133000AB0366","geometry":{"type":"Polygon","coordinates":[[[4.9559994,47.1928161],[4.9559918,47.1928022],[4.9568291,47.1925207],[4.9568315,47.1925326],[4.9564068,47.1926803],[4.9560304,47.1928031],[4.9559994,47.1928161]]]},"properties":{"id":"21133000AB0366","reference":"AB 0366","commune":"21133","cadastreAreaM2":120,"geometryAreaM2":108.3726,"bounds":[4.9559918,47.1925207,4.9568315,47.1928161],"labelPoint":[4.956596596625227,47.19260645],"overlaps":[{"parentFeatureId":"inao-denom-361","name":"Bonnes-Mares","areaM2":108.1605,"parcelPercent":99.8044}],"recordedRights":[{"holderId":"778173427","siren":"778173427","name":"DOMAINE G ROUMIER ET SES FILS","rightCode":"P","rightLabel":"Propriétaire","legalForm":"5499","legalFormLabel":"SARL"}],"domaineLinks":[],"recordMatch":"reference-and-area","recordAreasM2":[120]}},{"type":"Feature","id":"21133000AB0367","geometry":{"type":"Polygon","coordinates":[[[4.9568291,47.1925207],[4.9559918,47.1928022],[4.9559576,47.1927387],[4.9558808,47.1927296],[4.9558315,47.1927182],[4.9557946,47.1926541],[4.955793,47.19264],[4.9558198,47.192632],[4.9567914,47.1923407],[4.9568291,47.1925207]]]},"properties":{"id":"21133000AB0367","reference":"AB 0367","commune":"21133","cadastreAreaM2":1618,"geometryAreaM2":1621.382,"bounds":[4.955793,47.1923407,4.9568291,47.1928022],"labelPoint":[4.956334493999439,47.19257635],"overlaps":[{"parentFeatureId":"inao-denom-361","name":"Bonnes-Mares","areaM2":1617.9412,"parcelPercent":99.7878}],"recordedRights":[{"holderId":"778173427","siren":"778173427","name":"DOMAINE G ROUMIER ET SES FILS","rightCode":"P","rightLabel":"Propriétaire","legalForm":"5499","legalFormLabel":"SARL"}],"domaineLinks":[],"recordMatch":"reference-and-area","recordAreasM2":[1618]}},{"type":"Feature","id":"21133000AB0368","geometry":{"type":"Polygon","coordinates":[[[4.9559918,47.1928022],[4.9558545,47.1928483],[4.9557946,47.1926541],[4.9558315,47.1927182],[4.9558808,47.1927296],[4.9559576,47.1927387],[4.9559918,47.1928022]]]},"properties":{"id":"21133000AB0368","reference":"AB 0368","commune":"21133","cadastreAreaM2":120,"geometryAreaM2":122.4897,"bounds":[4.9557946,47.1926541,4.9559918,47.1928483],"labelPoint":[4.955902593782182,47.19277045],"overlaps":[{"parentFeatureId":"inao-denom-361","name":"Bonnes-Mares","areaM2":19.1119,"parcelPercent":15.6029}],"recordedRights":[{"holderId":"778173427","siren":"778173427","name":"DOMAINE G ROUMIER ET SES FILS","rightCode":"P","rightLabel":"Propriétaire","legalForm":"5499","legalFormLabel":"SARL"}],"domaineLinks":[],"recordMatch":"reference-and-area","recordAreasM2":[120]}},{"type":"Feature","id":"21133000AB0407","geometry":{"type":"Polygon","coordinates":[[[4.9566658,47.1934255],[4.9567439,47.193518],[4.9566714,47.1935436],[4.9566237,47.1935615],[4.9565696,47.1935162],[4.9565417,47.1934717],[4.9566658,47.1934255]]]},"properties":{"id":"21133000AB0407","reference":"AB 0407","commune":"21133","cadastreAreaM2":114,"geometryAreaM2":128.3187,"bounds":[4.9565417,47.1934255,4.9567439,47.1935615],"labelPoint":[4.956639622000004,47.193493950000004],"overlaps":[{"parentFeatureId":"inao-denom-361","name":"Bonnes-Mares","areaM2":8.0165,"parcelPercent":6.2473}],"recordedRights":[{"holderId":"491471041","siren":"491471041","name":"PONSOT ET CO","rightCode":"P","rightLabel":"Propriétaire","legalForm":"6597","legalFormLabel":"SCEA"}],"domaineLinks":[],"recordMatch":"reference-and-area","recordAreasM2":[114]}},{"type":"Feature","id":"21133000AB0408","geometry":{"type":"Polygon","coordinates":[[[4.9563695,47.1934276],[4.9565693,47.1933323],[4.956617,47.1933835],[4.9566658,47.1934255],[4.9565417,47.1934717],[4.9565696,47.1935162],[4.9565191,47.193475],[4.9564588,47.1934985],[4.9563695,47.1934276]]]},"properties":{"id":"21133000AB0408","reference":"AB 0408","commune":"21133","cadastreAreaM2":214,"geometryAreaM2":209.3597,"bounds":[4.9563695,47.1933323,4.9566658,47.1935162],"labelPoint":[4.956529665005247,47.1934045],"overlaps":[{"parentFeatureId":"inao-denom-361","name":"Bonnes-Mares","areaM2":9.2635,"parcelPercent":4.4247}],"recordedRights":[],"domaineLinks":[],"recordMatch":"unknown","recordAreasM2":[]}},{"type":"Feature","id":"21133000AB0437","geometry":{"type":"Polygon","coordinates":[[[4.9566877,47.1919452],[4.9567343,47.1920239],[4.9558515,47.1922777],[4.9558156,47.1922354],[4.9558742,47.1922106],[4.9558577,47.1921876],[4.9566877,47.1919452]]]},"properties":{"id":"21133000AB0437","reference":"AB 0437","commune":"21133","cadastreAreaM2":633,"geometryAreaM2":657.3656,"bounds":[4.9558156,47.1919452,4.9567343,47.1922777],"labelPoint":[4.956293780351442,47.192105749999996],"overlaps":[{"parentFeatureId":"inao-denom-361","name":"Bonnes-Mares","areaM2":653.2871,"parcelPercent":99.3796}],"recordedRights":[{"holderId":"U21373997","siren":null,"name":"GFA BACHUS 21","rightCode":"P","rightLabel":"Propriétaire","legalForm":"9900","legalFormLabel":"AUPM"}],"domaineLinks":[],"recordMatch":"reference-and-area","recordAreasM2":[633]}},{"type":"Feature","id":"21133000AB0438","geometry":{"type":"Polygon","coordinates":[[[4.9566877,47.1919452],[4.9558577,47.1921876],[4.955831,47.1921501],[4.9562864,47.1919986],[4.9566322,47.1918901],[4.9566517,47.1918838],[4.9566877,47.1919452]]]},"properties":{"id":"21133000AB0438","reference":"AB 0438","commune":"21133","cadastreAreaM2":436,"geometryAreaM2":422.9383,"bounds":[4.955831,47.1918838,4.9566877,47.1921876],"labelPoint":[4.956152089232672,47.19207435],"overlaps":[{"parentFeatureId":"inao-denom-361","name":"Bonnes-Mares","areaM2":419.6067,"parcelPercent":99.2123}],"recordedRights":[{"holderId":"515420255","siren":"515420255","name":"MAISON BOUCHARD PERE ET FILS","rightCode":"P","rightLabel":"Propriétaire","legalForm":"5710","legalFormLabel":"SAS"}],"domaineLinks":[],"recordMatch":"reference-and-area","recordAreasM2":[436]}},{"type":"Feature","id":"21133000AB0439","geometry":{"type":"Polygon","coordinates":[[[4.9587508,47.1913487],[4.9587956,47.1914255],[4.9567438,47.1920213],[4.9566999,47.1919429],[4.9587508,47.1913487]]]},"properties":{"id":"21133000AB0439","reference":"AB 0439","commune":"21133","cadastreAreaM2":1507,"geometryAreaM2":1560.74,"bounds":[4.9566999,47.1913487,4.9587956,47.1920213],"labelPoint":[4.957748753548103,47.1916842],"overlaps":[{"parentFeatureId":"inao-denom-361","name":"Bonnes-Mares","areaM2":1556.9615,"parcelPercent":99.7579}],"recordedRights":[{"holderId":"U21373997","siren":null,"name":"GFA BACHUS 21","rightCode":"P","rightLabel":"Propriétaire","legalForm":"9900","legalFormLabel":"AUPM"}],"domaineLinks":[],"recordMatch":"reference-and-area","recordAreasM2":[1507]}},{"type":"Feature","id":"21133000AB0440","geometry":{"type":"Polygon","coordinates":[[[4.9587508,47.1913487],[4.9566999,47.1919429],[4.9566641,47.1918792],[4.9569445,47.1917894],[4.9573318,47.1916655],[4.957655,47.191572],[4.9576934,47.1915605],[4.9583257,47.1913703],[4.9583101,47.191337],[4.9586792,47.1912262],[4.9587508,47.1913487]]]},"properties":{"id":"21133000AB0440","reference":"AB 0440","commune":"21133","cadastreAreaM2":1741,"geometryAreaM2":1736.0434,"bounds":[4.9566641,47.1912262,4.9587508,47.1919429],"labelPoint":[4.957656056963131,47.19161875],"overlaps":[{"parentFeatureId":"inao-denom-361","name":"Bonnes-Mares","areaM2":1729.6119,"parcelPercent":99.6295}],"recordedRights":[{"holderId":"515420255","siren":"515420255","name":"MAISON BOUCHARD PERE ET FILS","rightCode":"P","rightLabel":"Propriétaire","legalForm":"5710","legalFormLabel":"SAS"}],"domaineLinks":[],"recordMatch":"reference-and-area","recordAreasM2":[1741]}},{"type":"Feature","id":"21133000AB0468","geometry":{"type":"Polygon","coordinates":[[[4.9594472,47.1934384],[4.959489,47.1935056],[4.9595235,47.1935209],[4.9593971,47.1935697],[4.9590162,47.1936902],[4.9586537,47.1938046],[4.9586088,47.1938179],[4.9586041,47.193811],[4.9585645,47.1938226],[4.9579549,47.1940145],[4.9576569,47.194109],[4.9575153,47.1941536],[4.9574975,47.1941325],[4.9574464,47.1940595],[4.9575403,47.1940296],[4.9580003,47.1938844],[4.9582387,47.1938092],[4.9583289,47.1937812],[4.9583344,47.1937888],[4.9583627,47.1937807],[4.9590458,47.1935647],[4.9593887,47.1934558],[4.9594472,47.1934384]]]},"properties":{"id":"21133000AB0468","reference":"AB 0468","commune":"21133","cadastreAreaM2":1803,"geometryAreaM2":1924.1089,"bounds":[4.9574464,47.1934384,4.9595235,47.1941536],"labelPoint":[4.958478850318427,47.1937967],"overlaps":[{"parentFeatureId":"inao-denom-361","name":"Bonnes-Mares","areaM2":1924.1089,"parcelPercent":100.0}],"recordedRights":[],"domaineLinks":[],"recordMatch":"unknown","recordAreasM2":[]}},{"type":"Feature","id":"21133000AB0469","geometry":{"type":"Polygon","coordinates":[[[4.9595235,47.1935209],[4.9597536,47.1934865],[4.9598177,47.1935237],[4.9598323,47.1935367],[4.9598026,47.1935454],[4.9596689,47.1935884],[4.9591208,47.1937616],[4.9589889,47.1938038],[4.9589832,47.1937959],[4.9588315,47.1938437],[4.9586396,47.1939044],[4.9577171,47.1941972],[4.9575873,47.1942385],[4.9575153,47.1941536],[4.9576569,47.194109],[4.9579549,47.1940145],[4.9585645,47.1938226],[4.9586041,47.193811],[4.9586088,47.1938179],[4.9586537,47.1938046],[4.9590162,47.1936902],[4.9593971,47.1935697],[4.9595235,47.1935209]]]},"properties":{"id":"21133000AB0469","reference":"AB 0469","commune":"21133","cadastreAreaM2":1803,"geometryAreaM2":1936.9433,"bounds":[4.9575153,47.1934865,4.9598323,47.1942385],"labelPoint":[4.9585683055627765,47.193874050000005],"overlaps":[{"parentFeatureId":"inao-denom-361","name":"Bonnes-Mares","areaM2":1936.9433,"parcelPercent":100.0}],"recordedRights":[],"domaineLinks":[],"recordMatch":"unknown","recordAreasM2":[]}},{"type":"Feature","id":"21133000AB0470","geometry":{"type":"Polygon","coordinates":[[[4.9598323,47.1935367],[4.9598828,47.1935814],[4.9599244,47.1936018],[4.9594926,47.1937042],[4.9589701,47.1938564],[4.9576578,47.1943218],[4.9575873,47.1942385],[4.9577171,47.1941972],[4.9586396,47.1939044],[4.9588315,47.1938437],[4.9589832,47.1937959],[4.9589889,47.1938038],[4.9591208,47.1937616],[4.9596689,47.1935884],[4.9598026,47.1935454],[4.9598323,47.1935367]]]},"properties":{"id":"21133000AB0470","reference":"AB 0470","commune":"21133","cadastreAreaM2":1803,"geometryAreaM2":1405.6998,"bounds":[4.9575873,47.1935367,4.9599244,47.1943218],"labelPoint":[4.958300147733134,47.1940508],"overlaps":[{"parentFeatureId":"inao-denom-361","name":"Bonnes-Mares","areaM2":1405.6998,"parcelPercent":100.0}],"recordedRights":[],"domaineLinks":[],"recordMatch":"unknown","recordAreasM2":[]}},{"type":"Feature","id":"21133000AB0481","geometry":{"type":"Polygon","coordinates":[[[4.9573858,47.1939727],[4.9593848,47.1933381],[4.959416,47.1933883],[4.9574162,47.1940162],[4.9573858,47.1939727]]]},"properties":{"id":"21133000AB0481","reference":"AB 0481","commune":"21133","cadastreAreaM2":902,"geometryAreaM2":951.3004,"bounds":[4.9573858,47.1933381,4.959416,47.1940162],"labelPoint":[4.958395803112086,47.1936805],"overlaps":[{"parentFeatureId":"inao-denom-361","name":"Bonnes-Mares","areaM2":951.3004,"parcelPercent":100.0}],"recordedRights":[],"domaineLinks":[],"recordMatch":"unknown","recordAreasM2":[]}},{"type":"Feature","id":"21133000AB0482","geometry":{"type":"Polygon","coordinates":[[[4.959416,47.1933883],[4.9594472,47.1934384],[4.9593887,47.1934558],[4.9590458,47.1935647],[4.9583627,47.1937807],[4.9583344,47.1937888],[4.9583289,47.1937812],[4.9582387,47.1938092],[4.9580003,47.1938844],[4.9575403,47.1940296],[4.9574464,47.1940595],[4.9574162,47.1940162],[4.959416,47.1933883]]]},"properties":{"id":"21133000AB0482","reference":"AB 0482","commune":"21133","cadastreAreaM2":901,"geometryAreaM2":951.6335,"bounds":[4.9574162,47.1933883,4.9594472,47.1940595],"labelPoint":[4.958607231927856,47.1936727],"overlaps":[{"parentFeatureId":"inao-denom-361","name":"Bonnes-Mares","areaM2":951.6335,"parcelPercent":100.0}],"recordedRights":[],"domaineLinks":[],"recordMatch":"unknown","recordAreasM2":[]}},{"type":"Feature","id":"21133000AL0108","geometry":{"type":"Polygon","coordinates":[[[4.9558727,47.1803001],[4.955852,47.1802163],[4.9558483,47.1801927],[4.9558468,47.1801782],[4.9558438,47.1801528],[4.9558442,47.1801076],[4.9560003,47.1801538],[4.9561217,47.1801771],[4.9562537,47.1801811],[4.956604,47.180156],[4.9566201,47.1801555],[4.9567066,47.1802785],[4.9558727,47.1803001]]]},"properties":{"id":"21133000AL0108","reference":"AL 0108","commune":"21133","cadastreAreaM2":818,"geometryAreaM2":871.6772,"bounds":[4.9558438,47.1801076,4.9567066,47.1803001],"labelPoint":[4.956252354674799,47.1802045],"overlaps":[{"parentFeatureId":"inao-denom-973","name":"Musigny","areaM2":78.7085,"parcelPercent":9.0295}],"recordedRights":[],"domaineLinks":[],"recordMatch":"unknown","recordAreasM2":[]}},{"type":"Feature","id":"21133000AL0281","geometry":{"type":"Polygon","coordinates":[[[4.955852,47.1802163],[4.9556872,47.1802352],[4.9556454,47.1801862],[4.9555546,47.1801747],[4.9558442,47.1801076],[4.9558438,47.1801528],[4.9558468,47.1801782],[4.9558483,47.1801927],[4.955852,47.1802163]]]},"properties":{"id":"21133000AL0281","reference":"AL 0281","commune":"21133","cadastreAreaM2":150,"geometryAreaM2":168.5744,"bounds":[4.9555546,47.1801076,4.955852,47.1802352],"labelPoint":[4.955723476459795,47.180163750000006],"overlaps":[{"parentFeatureId":"inao-denom-973","name":"Musigny","areaM2":27.6574,"parcelPercent":16.4066}],"recordedRights":[{"holderId":"U21200736","siren":null,"name":"NOUVELLE ELVINA ETS LEROY VINS ET ALCOOLS","rightCode":"P","rightLabel":"Propriétaire","legalForm":"5599","legalFormLabel":"SA"}],"domaineLinks":[],"recordMatch":"reference-and-area","recordAreasM2":[150]}},{"type":"Feature","id":"21133000AL0299","geometry":{"type":"Polygon","coordinates":[[[4.9558727,47.1803001],[4.9558833,47.1803521],[4.9551613,47.180366],[4.9551517,47.1803636],[4.9550808,47.1802715],[4.9551155,47.1802674],[4.9551082,47.1802123],[4.9552239,47.1801968],[4.9552723,47.1801858],[4.9552573,47.1801458],[4.9554699,47.1801127],[4.9555507,47.1801718],[4.9555546,47.1801747],[4.9556454,47.1801862],[4.9556872,47.1802352],[4.955852,47.1802163],[4.9558727,47.1803001]]]},"properties":{"id":"21133000AL0299","reference":"AL 0299","commune":"21133","cadastreAreaM2":1143,"geometryAreaM2":1147.1472,"bounds":[4.9550808,47.1801127,4.9558833,47.180366],"labelPoint":[4.955487006276936,47.180251299999995],"overlaps":[{"parentFeatureId":"inao-denom-973","name":"Musigny","areaM2":31.4803,"parcelPercent":2.7442}],"recordedRights":[],"domaineLinks":[],"recordMatch":"unknown","recordAreasM2":[]}},{"type":"Feature","id":"21133000AM0179","geometry":{"type":"Polygon","coordinates":[[[4.9568653,47.1791454],[4.9567825,47.1791149],[4.9567277,47.1791008],[4.9566553,47.179082],[4.9565889,47.1790182],[4.9563553,47.1791282],[4.9562082,47.1792013],[4.9561843,47.1791167],[4.9560989,47.1788871],[4.9559296,47.1786332],[4.9557243,47.178349],[4.9557818,47.1783428],[4.9559079,47.1783328],[4.9560229,47.1783855],[4.95615,47.1783925],[4.9562156,47.1783767],[4.9565381,47.1786121],[4.9568362,47.1788195],[4.95693,47.1788854],[4.9570924,47.1789557],[4.9571726,47.1790225],[4.95728,47.1790639],[4.9573059,47.1790717],[4.9572837,47.179115],[4.9570854,47.1791419],[4.9568993,47.179138],[4.9568653,47.1791454]]]},"properties":{"id":"21133000AM0179","reference":"AM 0179","commune":"21133","cadastreAreaM2":4755,"geometryAreaM2":4770.5413,"bounds":[4.9557243,47.1783328,4.9573059,47.1792013],"labelPoint":[4.956347012973343,47.178726350000005],"overlaps":[{"parentFeatureId":"inao-denom-973","name":"Musigny","areaM2":5.2402,"parcelPercent":0.1098}],"recordedRights":[],"domaineLinks":[],"recordMatch":"unknown","recordAreasM2":[]}},{"type":"Feature","id":"21133000AN0017","geometry":{"type":"Polygon","coordinates":[[[4.954925,47.1769916],[4.9546724,47.1771404],[4.9545668,47.1771869],[4.954131,47.1773294],[4.9538181,47.1773922],[4.9537101,47.1774043],[4.953619,47.177407],[4.9532856,47.1773838],[4.9532232,47.1773725],[4.9531282,47.1773418],[4.953085,47.1773422],[4.953004,47.1772099],[4.9529627,47.1771334],[4.9528915,47.1770504],[4.9527332,47.1769027],[4.9526997,47.1768753],[4.9525717,47.1767299],[4.952521,47.176706],[4.9523022,47.1764204],[4.9522265,47.1762863],[4.9521776,47.1761825],[4.9521427,47.1759165],[4.9520989,47.1756686],[4.9520994,47.1756502],[4.9521599,47.1755444],[4.9522461,47.1754279],[4.9523865,47.1753418],[4.9526473,47.1751979],[4.9530616,47.1749616],[4.9534276,47.1748716],[4.9534719,47.1748676],[4.9535155,47.1748729],[4.9535847,47.1748859],[4.9536309,47.1749307],[4.95388,47.1752019],[4.9540162,47.1753245],[4.9543072,47.1755359],[4.9543994,47.1756109],[4.9544935,47.1757071],[4.9546507,47.1758938],[4.9547152,47.1759725],[4.9547876,47.1760694],[4.9548584,47.1761668],[4.9548805,47.1761981],[4.954931,47.1762779],[4.9548284,47.1765478],[4.9548102,47.1767727],[4.9548421,47.1768855],[4.954925,47.1769916]]]},"properties":{"id":"21133000AN0017","reference":"AN 0017","commune":"21133","cadastreAreaM2":41935,"geometryAreaM2":41822.1063,"bounds":[4.9520989,47.1748676,4.954931,47.177407],"labelPoint":[4.953496075263156,47.1761181],"overlaps":[{"parentFeatureId":"inao-denom-973","name":"Musigny","areaM2":41526.4586,"parcelPercent":99.2931}],"recordedRights":[],"domaineLinks":[],"recordMatch":"unknown","recordAreasM2":[]}},{"type":"Feature","id":"21133000AN0018","geometry":{"type":"Polygon","coordinates":[[[4.9550955,47.1766891],[4.9548752,47.1766993],[4.9548983,47.1765507],[4.9549213,47.1764985],[4.955014,47.1765611],[4.9550233,47.176591],[4.9550796,47.1766471],[4.9550955,47.1766891]]]},"properties":{"id":"21133000AN0018","reference":"AN 0018","commune":"21133","cadastreAreaM2":213,"geometryAreaM2":222.801,"bounds":[4.9548752,47.1764985,4.9550955,47.1766993],"labelPoint":[4.954969562466353,47.17661905],"overlaps":[{"parentFeatureId":"inao-denom-973","name":"Musigny","areaM2":200.4832,"parcelPercent":89.9831}],"recordedRights":[],"domaineLinks":[],"recordMatch":"unknown","recordAreasM2":[]}},{"type":"Feature","id":"21133000AN0019","geometry":{"type":"Polygon","coordinates":[[[4.9552206,47.1772538],[4.9551764,47.1772096],[4.9550664,47.1770656],[4.9550107,47.1770068],[4.9549794,47.1769704],[4.9549176,47.1768714],[4.9548727,47.1767148],[4.9548752,47.1766993],[4.9550955,47.1766891],[4.9551102,47.176732],[4.9551298,47.17676],[4.9551373,47.1767906],[4.95513,47.1768827],[4.9551372,47.1769441],[4.955177,47.1770316],[4.9551873,47.1770965],[4.9552003,47.1771192],[4.9552699,47.1771924],[4.9552774,47.1772387],[4.9552206,47.1772538]]]},"properties":{"id":"21133000AN0019","reference":"AN 0019","commune":"21133","cadastreAreaM2":760,"geometryAreaM2":767.7101,"bounds":[4.9548727,47.1766891,4.9552774,47.1772538],"labelPoint":[4.955076245571429,47.1769886],"overlaps":[{"parentFeatureId":"inao-denom-973","name":"Musigny","areaM2":749.636,"parcelPercent":97.6457}],"recordedRights":[{"holderId":"U18181478","siren":null,"name":"GFA DES FOSSES","rightCode":"P","rightLabel":"Propriétaire","legalForm":"6534","legalFormLabel":"GFA"}],"domaineLinks":[],"recordMatch":"reference-and-area","recordAreasM2":[760]}},{"type":"Feature","id":"21133000AN0020","geometry":{"type":"Polygon","coordinates":[[[4.9552206,47.1772538],[4.9552774,47.1772387],[4.9552813,47.1772623],[4.9553119,47.1773546],[4.9553578,47.1775397],[4.9553551,47.1776309],[4.9553283,47.1775752],[4.9552206,47.1772538]]]},"properties":{"id":"21133000AN0020","reference":"AN 0020","commune":"21133","cadastreAreaM2":156,"geometryAreaM2":146.8584,"bounds":[4.9552206,47.1772387,4.9553578,47.1776309],"labelPoint":[4.955310120449595,47.17744715],"overlaps":[{"parentFeatureId":"inao-denom-973","name":"Musigny","areaM2":140.7691,"parcelPercent":95.8536}],"recordedRights":[{"holderId":"381505338","siren":"381505338","name":"SCI TAWSE","rightCode":"P","rightLabel":"Propriétaire","legalForm":"6540","legalFormLabel":"SCI"},{"holderId":"U23906784","siren":null,"name":"JOHN HARRIS NO 1 ESTATE INVESTMENTS LIMITED","rightCode":"P","rightLabel":"Propriétaire","legalForm":"3290","legalFormLabel":"AUPE"}],"domaineLinks":[],"recordMatch":"reference-and-area","recordAreasM2":[156]}},{"type":"Feature","id":"21133000AN0022","geometry":{"type":"Polygon","coordinates":[[[4.9531395,47.1778099],[4.9531518,47.177807],[4.953327,47.177765],[4.9535857,47.1777124],[4.9536074,47.1777068],[4.953652,47.1777959],[4.9536927,47.1778617],[4.9535848,47.1778891],[4.9531642,47.1779961],[4.9531395,47.1778099]]]},"properties":{"id":"21133000AN0022","reference":"AN 0022","commune":"21133","cadastreAreaM2":778,"geometryAreaM2":772.4682,"bounds":[4.9531395,47.1777068,4.9536927,47.1779961],"labelPoint":[4.9534098077507585,47.1778358],"overlaps":[{"parentFeatureId":"inao-denom-973","name":"Musigny","areaM2":772.4682,"parcelPercent":100.0}],"recordedRights":[],"domaineLinks":[],"recordMatch":"unknown","recordAreasM2":[]}},{"type":"Feature","id":"21133000AN0023","geometry":{"type":"Polygon","coordinates":[[[4.9531782,47.1780543],[4.9535541,47.1779588],[4.953608,47.1779452],[4.9536248,47.1779941],[4.9531903,47.1781044],[4.9531782,47.1780543]]]},"properties":{"id":"21133000AN0023","reference":"AN 0023","commune":"21133","cadastreAreaM2":192,"geometryAreaM2":193.4383,"bounds":[4.9531782,47.1779452,4.9536248,47.1781044],"labelPoint":[4.9534014528796915,47.178024199999996],"overlaps":[{"parentFeatureId":"inao-denom-973","name":"Musigny","areaM2":193.4383,"parcelPercent":100.0}],"recordedRights":[],"domaineLinks":[],"recordMatch":"unknown","recordAreasM2":[]}},{"type":"Feature","id":"21133000AN0024","geometry":{"type":"Polygon","coordinates":[[[4.9553362,47.1777512],[4.9553154,47.1777574],[4.954078,47.1780733],[4.9537864,47.1781455],[4.9535581,47.1782153],[4.95339,47.1782563],[4.9532379,47.1782863],[4.9531903,47.1781044],[4.9536248,47.1779941],[4.953608,47.1779452],[4.9535541,47.1779588],[4.9531782,47.1780543],[4.9531642,47.1779961],[4.9535848,47.1778891],[4.9536927,47.1778617],[4.953652,47.1777959],[4.9537594,47.1777689],[4.9540581,47.177694],[4.9540224,47.1776302],[4.9551196,47.1773559],[4.9551542,47.1773471],[4.9552442,47.1775595],[4.9552792,47.1776358],[4.9553161,47.1777118],[4.9553362,47.1777512]]]},"properties":{"id":"21133000AN0024","reference":"AN 0024","commune":"21133","cadastreAreaM2":6780,"geometryAreaM2":6841.6806,"bounds":[4.9531642,47.1773471,4.9553362,47.1782863],"labelPoint":[4.95435403587369,47.1778288],"overlaps":[{"parentFeatureId":"inao-denom-973","name":"Musigny","areaM2":6823.9226,"parcelPercent":99.7404}],"recordedRights":[{"holderId":"794244434","siren":"794244434","name":"JFCM","rightCode":"N","rightLabel":"Nu-propriétaire","legalForm":"6540","legalFormLabel":"SCI"}],"domaineLinks":[],"recordMatch":"reference-and-area","recordAreasM2":[6780]}},{"type":"Feature","id":"21133000AN0025","geometry":{"type":"Polygon","coordinates":[[[4.9555856,47.1782616],[4.9548003,47.1784297],[4.9546134,47.1784777],[4.9542906,47.1785616],[4.9542455,47.1785733],[4.953878,47.1786706],[4.9533258,47.1787868],[4.9533138,47.1787908],[4.9533088,47.178773],[4.953274,47.1784714],[4.9532565,47.1783582],[4.9532379,47.1782863],[4.95339,47.1782563],[4.9535581,47.1782153],[4.9537864,47.1781455],[4.954078,47.1780733],[4.9553154,47.1777574],[4.9553362,47.1777512],[4.9554183,47.1779139],[4.9554981,47.178077],[4.9555856,47.1782616]]]},"properties":{"id":"21133000AN0025","reference":"AN 0025","commune":"21133","cadastreAreaM2":9953,"geometryAreaM2":9960.0616,"bounds":[4.9532379,47.1777512,4.9555856,47.1787908],"labelPoint":[4.954414209971576,47.178273950000005],"overlaps":[{"parentFeatureId":"inao-denom-973","name":"Musigny","areaM2":9936.0737,"parcelPercent":99.7592}],"recordedRights":[],"domaineLinks":[],"recordMatch":"unknown","recordAreasM2":[]}},{"type":"Feature","id":"21133000AN0026","geometry":{"type":"Polygon","coordinates":[[[4.9557243,47.178349],[4.9556601,47.1782579],[4.9555787,47.1781158],[4.9555215,47.1779955],[4.9556578,47.1781013],[4.9557153,47.1781787],[4.9557818,47.1783428],[4.9557243,47.178349]]]},"properties":{"id":"21133000AN0026","reference":"AN 0026","commune":"21133","cadastreAreaM2":208,"geometryAreaM2":216.8452,"bounds":[4.9555215,47.1779955,4.9557818,47.178349],"labelPoint":[4.95564432583754,47.178147249999995],"overlaps":[{"parentFeatureId":"inao-denom-973","name":"Musigny","areaM2":192.9628,"parcelPercent":88.9864}],"recordedRights":[{"holderId":"037180015","siren":"037180015","name":"DOMAINES BERTAGNA","rightCode":"P","rightLabel":"Propriétaire","legalForm":"5499","legalFormLabel":"SARL"}],"domaineLinks":[],"recordMatch":"reference-and-area","recordAreasM2":[208]}},{"type":"Feature","id":"21133000AN0027","geometry":{"type":"Polygon","coordinates":[[[4.9533291,47.178847],[4.9533138,47.1787908],[4.9533258,47.1787868],[4.953878,47.1786706],[4.9542455,47.1785733],[4.9542906,47.1785616],[4.9546134,47.1784777],[4.9548003,47.1784297],[4.9555856,47.1782616],[4.9556273,47.1783156],[4.9548256,47.1784903],[4.9538959,47.1787239],[4.9533517,47.1788422],[4.9533291,47.178847]]]},"properties":{"id":"21133000AN0027","reference":"AN 0027","commune":"21133","cadastreAreaM2":1193,"geometryAreaM2":1204.6044,"bounds":[4.9533138,47.1782616,4.9556273,47.178847],"labelPoint":[4.9545557392086685,47.17852595],"overlaps":[{"parentFeatureId":"inao-denom-973","name":"Musigny","areaM2":1200.7403,"parcelPercent":99.6792}],"recordedRights":[{"holderId":"401584503","siren":"401584503","name":"DROUHIN-LAROZE","rightCode":"P","rightLabel":"Propriétaire","legalForm":"5710","legalFormLabel":"SAS"}],"domaineLinks":[],"recordMatch":"reference-and-area","recordAreasM2":[1193]}},{"type":"Feature","id":"21133000AN0028","geometry":{"type":"Polygon","coordinates":[[[4.9557478,47.178473],[4.9557283,47.1784787],[4.9548572,47.1786758],[4.9540333,47.1788623],[4.9539994,47.1788686],[4.9540056,47.178882],[4.9539736,47.1788909],[4.9533775,47.1790301],[4.9533291,47.178847],[4.9533517,47.1788422],[4.9538959,47.1787239],[4.9548256,47.1784903],[4.9556273,47.1783156],[4.9556742,47.178376],[4.9556625,47.1783787],[4.954601,47.1786128],[4.9543481,47.1786686],[4.95437,47.1787135],[4.9548633,47.178602],[4.9557022,47.1784123],[4.9557478,47.178473]]]},"properties":{"id":"21133000AN0028","reference":"AN 0028","commune":"21133","cadastreAreaM2":3122,"geometryAreaM2":3150.806,"bounds":[4.9533291,47.1783156,4.9557478,47.1790301],"labelPoint":[4.95471291529598,47.1786722],"overlaps":[{"parentFeatureId":"inao-denom-973","name":"Musigny","areaM2":3141.4297,"parcelPercent":99.7024}],"recordedRights":[],"domaineLinks":[],"recordMatch":"unknown","recordAreasM2":[]}},{"type":"Feature","id":"21133000AN0029","geometry":{"type":"Polygon","coordinates":[[[4.9556742,47.178376],[4.9557022,47.1784123],[4.9548633,47.178602],[4.95437,47.1787135],[4.9543481,47.1786686],[4.954601,47.1786128],[4.9556625,47.1783787],[4.9556742,47.178376]]]},"properties":{"id":"21133000AN0029","reference":"AN 0029","commune":"21133","cadastreAreaM2":495,"geometryAreaM2":515.9061,"bounds":[4.9543481,47.178376,4.9557022,47.1787135],"labelPoint":[4.9551814039940165,47.17850715],"overlaps":[{"parentFeatureId":"inao-denom-973","name":"Musigny","areaM2":512.9218,"parcelPercent":99.4215}],"recordedRights":[{"holderId":"515520385","siren":"515520385","name":"LEROY S A","rightCode":"P","rightLabel":"Propriétaire","legalForm":"5599","legalFormLabel":"SA"}],"domaineLinks":[],"recordMatch":"reference-and-area","recordAreasM2":[495]}},{"type":"Feature","id":"21133000AN0030","geometry":{"type":"Polygon","coordinates":[[[4.9533895,47.179075],[4.9533775,47.1790301],[4.9539736,47.1788909],[4.9540056,47.178882],[4.9539994,47.1788686],[4.9540333,47.1788623],[4.9548572,47.1786758],[4.9557283,47.1784787],[4.9557478,47.178473],[4.9557951,47.178536],[4.9557721,47.1785424],[4.9540685,47.1789274],[4.9533989,47.1790762],[4.9533895,47.179075]]]},"properties":{"id":"21133000AN0030","reference":"AN 0030","commune":"21133","cadastreAreaM2":1405,"geometryAreaM2":1375.3372,"bounds":[4.9533775,47.178473,4.9557951,47.1790762],"labelPoint":[4.954607219233764,47.17876905],"overlaps":[{"parentFeatureId":"inao-denom-973","name":"Musigny","areaM2":1370.5344,"parcelPercent":99.6508}],"recordedRights":[{"holderId":"515520385","siren":"515520385","name":"LEROY S A","rightCode":"P","rightLabel":"Propriétaire","legalForm":"5599","legalFormLabel":"SA"}],"domaineLinks":[],"recordMatch":"reference-and-area","recordAreasM2":[1405]}},{"type":"Feature","id":"21133000AN0031","geometry":{"type":"Polygon","coordinates":[[[4.9544032,47.1793658],[4.9543849,47.1793331],[4.9538859,47.1794162],[4.9537654,47.1794392],[4.9536454,47.1794637],[4.953526,47.1794894],[4.9534775,47.1795004],[4.9531802,47.1793986],[4.9533338,47.179253],[4.9533711,47.1791646],[4.9533895,47.179075],[4.9533989,47.1790762],[4.9540685,47.1789274],[4.9557721,47.1785424],[4.9557951,47.178536],[4.9558759,47.1786438],[4.9559361,47.178744],[4.9549435,47.1789496],[4.9541479,47.1791146],[4.9541655,47.1791525],[4.9548927,47.1790032],[4.9549652,47.1789881],[4.9556192,47.1788524],[4.9559586,47.1787815],[4.9560682,47.1790031],[4.9560973,47.1790705],[4.9560843,47.1790742],[4.9554442,47.1792134],[4.9550677,47.1792902],[4.9546569,47.1793696],[4.9546435,47.1793721],[4.9546325,47.1793515],[4.9546211,47.1793262],[4.9544032,47.1793658]]]},"properties":{"id":"21133000AN0031","reference":"AN 0031","commune":"21133","cadastreAreaM2":11031,"geometryAreaM2":11077.2256,"bounds":[4.9531802,47.178536,4.9560973,47.1795004],"labelPoint":[4.9554057857602665,47.17903685],"overlaps":[{"parentFeatureId":"inao-denom-973","name":"Musigny","areaM2":11026.8771,"parcelPercent":99.5455}],"recordedRights":[],"domaineLinks":[],"recordMatch":"unknown","recordAreasM2":[]}},{"type":"Feature","id":"21133000AN0032","geometry":{"type":"Polygon","coordinates":[[[4.9559361,47.178744],[4.9559586,47.1787815],[4.9556192,47.1788524],[4.9549652,47.1789881],[4.9548927,47.1790032],[4.9541655,47.1791525],[4.9541479,47.1791146],[4.9549435,47.1789496],[4.9559361,47.178744]]]},"properties":{"id":"21133000AN0032","reference":"AN 0032","commune":"21133","cadastreAreaM2":637,"geometryAreaM2":641.2634,"bounds":[4.9541479,47.178744,4.9559586,47.1791525],"labelPoint":[4.955281553301891,47.178900999999996],"overlaps":[{"parentFeatureId":"inao-denom-973","name":"Musigny","areaM2":638.9758,"parcelPercent":99.6433}],"recordedRights":[],"domaineLinks":[],"recordMatch":"unknown","recordAreasM2":[]}},{"type":"Feature","id":"21133000AN0033","geometry":{"type":"Polygon","coordinates":[[[4.9544032,47.1793658],[4.9546211,47.1793262],[4.9546325,47.1793515],[4.9544175,47.1793939],[4.9544032,47.1793658]]]},"properties":{"id":"21133000AN0033","reference":"AN 0033","commune":"21133","cadastreAreaM2":51,"geometryAreaM2":53.0483,"bounds":[4.9544032,47.1793262,4.9546325,47.1793939],"labelPoint":[4.954519393579681,47.17935865],"overlaps":[{"parentFeatureId":"inao-denom-973","name":"Musigny","areaM2":53.0483,"parcelPercent":100.0}],"recordedRights":[],"domaineLinks":[],"recordMatch":"unknown","recordAreasM2":[]}},{"type":"Feature","id":"21133000AN0034","geometry":{"type":"Polygon","coordinates":[[[4.9560973,47.1790705],[4.9561208,47.1791249],[4.9546795,47.1794291],[4.9546526,47.1793888],[4.9546435,47.1793721],[4.9546569,47.1793696],[4.9550677,47.1792902],[4.9554442,47.1792134],[4.9560843,47.1790742],[4.9560973,47.1790705]]]},"properties":{"id":"21133000AN0034","reference":"AN 0034","commune":"21133","cadastreAreaM2":682,"geometryAreaM2":699.2905,"bounds":[4.9546435,47.1790705,4.9561208,47.1794291],"labelPoint":[4.955387748816549,47.1792518],"overlaps":[{"parentFeatureId":"inao-denom-973","name":"Musigny","areaM2":697.0741,"parcelPercent":99.683}],"recordedRights":[],"domaineLinks":[],"recordMatch":"unknown","recordAreasM2":[]}},{"type":"Feature","id":"21133000AN0035","geometry":{"type":"Polygon","coordinates":[[[4.9547037,47.1794652],[4.9546795,47.1794291],[4.9561208,47.1791249],[4.9561335,47.1791543],[4.9561949,47.1794098],[4.9548179,47.1796902],[4.9548123,47.17968],[4.9547998,47.1796503],[4.9547813,47.1796127],[4.9547037,47.1794652]]]},"properties":{"id":"21133000AN0035","reference":"AN 0035","commune":"21133","cadastreAreaM2":3478,"geometryAreaM2":3495.2603,"bounds":[4.9546795,47.1791249,4.9561949,47.1796902],"labelPoint":[4.955770211546683,47.17928205],"overlaps":[{"parentFeatureId":"inao-denom-973","name":"Musigny","areaM2":3488.5305,"parcelPercent":99.8075}],"recordedRights":[{"holderId":"794244434","siren":"794244434","name":"JFCM","rightCode":"N","rightLabel":"Nu-propriétaire","legalForm":"6540","legalFormLabel":"SCI"}],"domaineLinks":[],"recordMatch":"reference-and-area","recordAreasM2":[3478]}},{"type":"Feature","id":"21133000AN0037","geometry":{"type":"Polygon","coordinates":[[[4.9554937,47.1800139],[4.9555121,47.1799769],[4.9556757,47.1799341],[4.9557414,47.1799264],[4.955949,47.1798883],[4.9560218,47.1798983],[4.9560875,47.1799073],[4.955851,47.1799397],[4.9557829,47.1799574],[4.9556574,47.1799838],[4.9555333,47.1800352],[4.9555507,47.1801718],[4.9554699,47.1801127],[4.9554937,47.1800139]]]},"properties":{"id":"21133000AN0037","reference":"AN 0037","commune":"21133","cadastreAreaM2":245,"geometryAreaM2":247.4438,"bounds":[4.9554699,47.1798883,4.9560875,47.1801718],"labelPoint":[4.95552507392051,47.18002455],"overlaps":[{"parentFeatureId":"inao-denom-973","name":"Musigny","areaM2":247.4438,"parcelPercent":100.0}],"recordedRights":[{"holderId":"212101331","siren":"212101331","name":"COMMUNE DE CHAMBOLLE MUSIGNY","rightCode":"P","rightLabel":"Propriétaire","legalForm":"7210","legalFormLabel":"COM"}],"domaineLinks":[],"recordMatch":"reference-and-area","recordAreasM2":[245]}},{"type":"Feature","id":"21133000AN0039","geometry":{"type":"Polygon","coordinates":[[[4.955195,47.1800871],[4.9554937,47.1800139],[4.9554699,47.1801127],[4.9552573,47.1801458],[4.954838,47.1802076],[4.9548257,47.1802046],[4.9548175,47.1801655],[4.9551986,47.1800978],[4.955195,47.1800871]]]},"properties":{"id":"21133000AN0039","reference":"AN 0039","commune":"21133","cadastreAreaM2":338,"geometryAreaM2":355.0306,"bounds":[4.9548175,47.1800139,4.9554937,47.1802076],"labelPoint":[4.95531417837395,47.18010525],"overlaps":[{"parentFeatureId":"inao-denom-973","name":"Musigny","areaM2":355.0306,"parcelPercent":100.0}],"recordedRights":[{"holderId":"775567928","siren":"775567928","name":"CONSORTIUM VITICOLE VINICOLE BOURGOGNE","rightCode":"P","rightLabel":"Propriétaire","legalForm":"5710","legalFormLabel":"SAS"}],"domaineLinks":[],"recordMatch":"reference-and-area","recordAreasM2":[338]}},{"type":"Feature","id":"21133000AN0040","geometry":{"type":"Polygon","coordinates":[[[4.9548062,47.18011],[4.9551469,47.1800478],[4.9551812,47.1800416],[4.955195,47.1800871],[4.9551986,47.1800978],[4.9548175,47.1801655],[4.9548062,47.18011]]]},"properties":{"id":"21133000AN0040","reference":"AN 0040","commune":"21133","cadastreAreaM2":180,"geometryAreaM2":185.8507,"bounds":[4.9548062,47.1800416,4.9551986,47.1801655],"labelPoint":[4.955001937148119,47.1801039],"overlaps":[{"parentFeatureId":"inao-denom-973","name":"Musigny","areaM2":185.8507,"parcelPercent":100.0}],"recordedRights":[{"holderId":"U21401984","siren":null,"name":"STE D EXPLOITATION ET PARTICIPATION VITI VINICOLE SEPV","rightCode":"P","rightLabel":"Propriétaire","legalForm":"5599","legalFormLabel":"SA"}],"domaineLinks":[],"recordMatch":"reference-and-area","recordAreasM2":[180]}},{"type":"Feature","id":"21133000AN0041","geometry":{"type":"Polygon","coordinates":[[[4.9534981,47.1797889],[4.9534964,47.1797696],[4.9537621,47.1797491],[4.9542162,47.1797248],[4.9545492,47.1796981],[4.9547998,47.1796503],[4.9548123,47.17968],[4.9547856,47.1796868],[4.9547354,47.1797008],[4.9546786,47.1797184],[4.9546799,47.1797291],[4.9545207,47.1797505],[4.9541363,47.1797798],[4.9534981,47.1797889]]]},"properties":{"id":"21133000AN0041","reference":"AN 0041","commune":"21133","cadastreAreaM2":452,"geometryAreaM2":468.112,"bounds":[4.9534964,47.1796503,4.9548123,47.1797889],"labelPoint":[4.954467549448715,47.1797216],"overlaps":[{"parentFeatureId":"inao-denom-973","name":"Musigny","areaM2":468.112,"parcelPercent":100.0}],"recordedRights":[],"domaineLinks":[],"recordMatch":"unknown","recordAreasM2":[]}},{"type":"Feature","id":"21133000AN0042","geometry":{"type":"Polygon","coordinates":[[[4.9534964,47.1797696],[4.9534947,47.1797361],[4.9541878,47.179685],[4.9543311,47.1796727],[4.9547813,47.1796127],[4.9547998,47.1796503],[4.9545492,47.1796981],[4.9542162,47.1797248],[4.9537621,47.1797491],[4.9534964,47.1797696]]]},"properties":{"id":"21133000AN0042","reference":"AN 0042","commune":"21133","cadastreAreaM2":417,"geometryAreaM2":443.8925,"bounds":[4.9534947,47.1796127,4.9547998,47.1797696],"labelPoint":[4.954341248977301,47.17969155],"overlaps":[{"parentFeatureId":"inao-denom-973","name":"Musigny","areaM2":443.8925,"parcelPercent":100.0}],"recordedRights":[{"holderId":"794244434","siren":"794244434","name":"JFCM","rightCode":"N","rightLabel":"Nu-propriétaire","legalForm":"6540","legalFormLabel":"SCI"}],"domaineLinks":[],"recordMatch":"reference-and-area","recordAreasM2":[417]}},{"type":"Feature","id":"21133000AN0043","geometry":{"type":"Polygon","coordinates":[[[4.9532584,47.179674],[4.9534953,47.1796398],[4.9547037,47.1794652],[4.9547813,47.1796127],[4.9543311,47.1796727],[4.9541878,47.179685],[4.9534947,47.1797361],[4.9534964,47.1797696],[4.9534981,47.1797889],[4.9533007,47.1797954],[4.953293,47.1797574],[4.9532584,47.179674]]]},"properties":{"id":"21133000AN0043","reference":"AN 0043","commune":"21133","cadastreAreaM2":1665,"geometryAreaM2":1670.0633,"bounds":[4.9532584,47.1794652,4.9547813,47.1797954],"labelPoint":[4.954134354435567,47.17962625],"overlaps":[{"parentFeatureId":"inao-denom-973","name":"Musigny","areaM2":1670.0633,"parcelPercent":100.0}],"recordedRights":[],"domaineLinks":[],"recordMatch":"unknown","recordAreasM2":[]}},{"type":"Feature","id":"21133000AN0044","geometry":{"type":"Polygon","coordinates":[[[4.9532273,47.1795957],[4.9534351,47.1795655],[4.9536809,47.1795283],[4.9539265,47.1794896],[4.9546526,47.1793888],[4.9546795,47.1794291],[4.9547037,47.1794652],[4.9534953,47.1796398],[4.9532584,47.179674],[4.9532273,47.1795957]]]},"properties":{"id":"21133000AN0044","reference":"AN 0044","commune":"21133","cadastreAreaM2":996,"geometryAreaM2":1028.0247,"bounds":[4.9532273,47.1793888,4.9547037,47.179674],"labelPoint":[4.953848128694128,47.179546900000005],"overlaps":[{"parentFeatureId":"inao-denom-973","name":"Musigny","areaM2":1028.0247,"parcelPercent":100.0}],"recordedRights":[{"holderId":"778173427","siren":"778173427","name":"DOMAINE G ROUMIER ET SES FILS","rightCode":"P","rightLabel":"Propriétaire","legalForm":"5499","legalFormLabel":"SARL"}],"domaineLinks":[],"recordMatch":"reference-and-area","recordAreasM2":[996]}},{"type":"Feature","id":"21133000AN0045","geometry":{"type":"Polygon","coordinates":[[[4.9544032,47.1793658],[4.9544175,47.1793939],[4.9546325,47.1793515],[4.9546435,47.1793721],[4.9546526,47.1793888],[4.9539265,47.1794896],[4.9536809,47.1795283],[4.9534351,47.1795655],[4.9532273,47.1795957],[4.9531962,47.1794893],[4.9531802,47.1793986],[4.9534775,47.1795004],[4.953526,47.1794894],[4.9536454,47.1794637],[4.9537654,47.1794392],[4.9538859,47.1794162],[4.9543849,47.1793331],[4.9544032,47.1793658]]]},"properties":{"id":"21133000AN0045","reference":"AN 0045","commune":"21133","cadastreAreaM2":980,"geometryAreaM2":978.7877,"bounds":[4.9531802,47.1793331,4.9546526,47.1795957],"labelPoint":[4.953803398241105,47.1794765],"overlaps":[{"parentFeatureId":"inao-denom-973","name":"Musigny","areaM2":978.3511,"parcelPercent":99.9554}],"recordedRights":[{"holderId":"814197737","siren":"814197737","name":"FAIVELEY MUSIGNY","rightCode":"P","rightLabel":"Propriétaire","legalForm":"5710","legalFormLabel":"SAS"}],"domaineLinks":[],"recordMatch":"reference-and-area","recordAreasM2":[980]}},{"type":"Feature","id":"21133000AN0046","geometry":{"type":"Polygon","coordinates":[[[4.9531802,47.1793986],[4.9531962,47.1794893],[4.9532273,47.1795957],[4.9529853,47.1796291],[4.9529975,47.1796036],[4.9531153,47.1794585],[4.9531802,47.1793986]]]},"properties":{"id":"21133000AN0046","reference":"AN 0046","commune":"21133","cadastreAreaM2":220,"geometryAreaM2":221.543,"bounds":[4.9529853,47.1793986,4.9532273,47.1796291],"labelPoint":[4.953129427136458,47.1795425],"overlaps":[{"parentFeatureId":"inao-denom-973","name":"Musigny","areaM2":3.5411,"parcelPercent":1.5984}],"recordedRights":[{"holderId":"814197737","siren":"814197737","name":"FAIVELEY MUSIGNY","rightCode":"P","rightLabel":"Propriétaire","legalForm":"5710","legalFormLabel":"SAS"}],"domaineLinks":[],"recordMatch":"reference-and-area","recordAreasM2":[220]}},{"type":"Feature","id":"21133000AN0047","geometry":{"type":"Polygon","coordinates":[[[4.9532273,47.1795957],[4.9532584,47.179674],[4.95307,47.1797019],[4.9529452,47.1797135],[4.9529853,47.1796291],[4.9532273,47.1795957]]]},"properties":{"id":"21133000AN0047","reference":"AN 0047","commune":"21133","cadastreAreaM2":194,"geometryAreaM2":194.0445,"bounds":[4.9529452,47.1795957,4.9532584,47.1797135],"labelPoint":[4.953112058333977,47.17965155],"overlaps":[{"parentFeatureId":"inao-denom-973","name":"Musigny","areaM2":2.9151,"parcelPercent":1.5023}],"recordedRights":[{"holderId":"778173427","siren":"778173427","name":"DOMAINE G ROUMIER ET SES FILS","rightCode":"P","rightLabel":"Propriétaire","legalForm":"5499","legalFormLabel":"SARL"}],"domaineLinks":[],"recordMatch":"reference-and-area","recordAreasM2":[194]}},{"type":"Feature","id":"21133000AN0048","geometry":{"type":"Polygon","coordinates":[[[4.9532584,47.179674],[4.953293,47.1797574],[4.9530198,47.1797788],[4.9530031,47.179876],[4.9529983,47.1799039],[4.9529051,47.1798825],[4.9528316,47.1798657],[4.9529452,47.1797135],[4.95307,47.1797019],[4.9532584,47.179674]]]},"properties":{"id":"21133000AN0048","reference":"AN 0048","commune":"21133","cadastreAreaM2":355,"geometryAreaM2":362.0136,"bounds":[4.9528316,47.179674,4.953293,47.1799039],"labelPoint":[4.952938182655652,47.17982225],"overlaps":[{"parentFeatureId":"inao-denom-973","name":"Musigny","areaM2":3.194,"parcelPercent":0.8823}],"recordedRights":[],"domaineLinks":[],"recordMatch":"unknown","recordAreasM2":[]}},{"type":"Feature","id":"21133000AN0049","geometry":{"type":"Polygon","coordinates":[[[4.9534981,47.1797889],[4.9541363,47.1797798],[4.9545207,47.1797505],[4.9546799,47.1797291],[4.9547354,47.1798692],[4.9547138,47.1798699],[4.9541966,47.1798869],[4.9535907,47.179838],[4.9535028,47.1798428],[4.9534981,47.1797889]]]},"properties":{"id":"21133000AN0049","reference":"AN 0049","commune":"21133","cadastreAreaM2":980,"geometryAreaM2":980.2741,"bounds":[4.9534981,47.1797291,4.9547354,47.1798869],"labelPoint":[4.9541067778028935,47.17981345],"overlaps":[{"parentFeatureId":"inao-denom-973","name":"Musigny","areaM2":123.0048,"parcelPercent":12.548}],"recordedRights":[],"domaineLinks":[],"recordMatch":"unknown","recordAreasM2":[]}},{"type":"Feature","id":"21133000AN0053","geometry":{"type":"Polygon","coordinates":[[[4.9540422,47.1799959],[4.9541384,47.1800027],[4.954192,47.180006],[4.9542615,47.1800102],[4.9543848,47.1800162],[4.9545703,47.1800176],[4.9547843,47.1800039],[4.9548062,47.18011],[4.9548175,47.1801655],[4.9548257,47.1802046],[4.954838,47.1802076],[4.9552573,47.1801458],[4.9552723,47.1801858],[4.9552239,47.1801968],[4.9551082,47.1802123],[4.9551155,47.1802674],[4.9550808,47.1802715],[4.9551517,47.1803636],[4.9551956,47.1804982],[4.9545588,47.1805243],[4.9545534,47.1804982],[4.9545267,47.1803695],[4.9543639,47.1803731],[4.9541995,47.1803773],[4.9541219,47.1803816],[4.9540996,47.1802744],[4.9540896,47.1801962],[4.9540422,47.1799959]]]},"properties":{"id":"21133000AN0053","reference":"AN 0053","commune":"21133","cadastreAreaM2":3440,"geometryAreaM2":3479.0296,"bounds":[4.9540422,47.1799959,4.9552723,47.1805243],"labelPoint":[4.9546035159207165,47.18023985],"overlaps":[{"parentFeatureId":"inao-denom-973","name":"Musigny","areaM2":47.3329,"parcelPercent":1.3605}],"recordedRights":[],"domaineLinks":[],"recordMatch":"unknown","recordAreasM2":[]}},{"type":"Feature","id":"21133000AN0055","geometry":{"type":"Polygon","coordinates":[[[4.9551409,47.1773154],[4.9551542,47.1773471],[4.9551196,47.1773559],[4.9540224,47.1776302],[4.9540581,47.177694],[4.9537594,47.1777689],[4.953652,47.1777959],[4.9536074,47.1777068],[4.9551409,47.1773154]]]},"properties":{"id":"21133000AN0055","reference":"AN 0055","commune":"21133","cadastreAreaM2":683,"geometryAreaM2":650.6586,"bounds":[4.9536074,47.1773154,4.9551542,47.1777959],"labelPoint":[4.954507934830092,47.17749305],"overlaps":[{"parentFeatureId":"inao-denom-973","name":"Musigny","areaM2":649.2615,"parcelPercent":99.7853}],"recordedRights":[{"holderId":"794244434","siren":"794244434","name":"JFCM","rightCode":"N","rightLabel":"Nu-propriétaire","legalForm":"6540","legalFormLabel":"SCI"}],"domaineLinks":[],"recordMatch":"reference-and-area","recordAreasM2":[683]}},{"type":"Feature","id":"21133000AN0056","geometry":{"type":"Polygon","coordinates":[[[4.9551409,47.1773154],[4.9536074,47.1777068],[4.9535857,47.1777124],[4.953327,47.177765],[4.9531518,47.177807],[4.9531395,47.1778099],[4.9531212,47.1776688],[4.9531251,47.1776067],[4.9530951,47.1774605],[4.9531507,47.1774198],[4.9532546,47.1774114],[4.9536657,47.1774397],[4.9538571,47.177414],[4.9541392,47.1773484],[4.9545941,47.1772025],[4.9547,47.1771527],[4.9549441,47.177013],[4.9550826,47.1771849],[4.9551409,47.1773154]]]},"properties":{"id":"21133000AN0056","reference":"AN 0056","commune":"21133","cadastreAreaM2":4530,"geometryAreaM2":4547.1792,"bounds":[4.9530951,47.177013,4.9551409,47.1778099],"labelPoint":[4.954311185144521,47.1774127],"overlaps":[{"parentFeatureId":"inao-denom-973","name":"Musigny","areaM2":4342.5561,"parcelPercent":95.5}],"recordedRights":[],"domaineLinks":[],"recordMatch":"unknown","recordAreasM2":[]}},{"type":"Feature","id":"21133000AN0057","geometry":{"type":"Polygon","coordinates":[[[4.9559269,47.1800876],[4.9560121,47.180122],[4.9561224,47.1801462],[4.9562468,47.1801473],[4.956587,47.1801098],[4.9566201,47.1801555],[4.956604,47.180156],[4.9562537,47.1801811],[4.9561217,47.1801771],[4.9560003,47.1801538],[4.9558442,47.1801076],[4.9559269,47.1800876]]]},"properties":{"id":"21133000AN0057","reference":"AN 0057","commune":"21133","cadastreAreaM2":210,"geometryAreaM2":231.409,"bounds":[4.9558442,47.1800876,4.9566201,47.1801811],"labelPoint":[4.956485575309394,47.180134100000004],"overlaps":[{"parentFeatureId":"inao-denom-973","name":"Musigny","areaM2":228.1826,"parcelPercent":98.6058}],"recordedRights":[{"holderId":"U21401984","siren":null,"name":"STE D EXPLOITATION ET PARTICIPATION VITI VINICOLE SEPV","rightCode":"P","rightLabel":"Propriétaire","legalForm":"5599","legalFormLabel":"SA"}],"domaineLinks":[],"recordMatch":"reference-and-area","recordAreasM2":[210]}},{"type":"Feature","id":"21133000AN0058","geometry":{"type":"Polygon","coordinates":[[[4.9557829,47.1799574],[4.9558494,47.1800561],[4.9559269,47.1800876],[4.9558442,47.1801076],[4.9555546,47.1801747],[4.9555507,47.1801718],[4.9555333,47.1800352],[4.9556574,47.1799838],[4.9557829,47.1799574]]]},"properties":{"id":"21133000AN0058","reference":"AN 0058","commune":"21133","cadastreAreaM2":390,"geometryAreaM2":403.0994,"bounds":[4.9555333,47.1799574,4.9559269,47.1801747],"labelPoint":[4.955713059224017,47.180071850000004],"overlaps":[{"parentFeatureId":"inao-denom-973","name":"Musigny","areaM2":403.0994,"parcelPercent":100.0}],"recordedRights":[{"holderId":"U21200736","siren":null,"name":"NOUVELLE ELVINA ETS LEROY VINS ET ALCOOLS","rightCode":"P","rightLabel":"Propriétaire","legalForm":"5599","legalFormLabel":"SA"}],"domaineLinks":[],"recordMatch":"reference-and-area","recordAreasM2":[390]}},{"type":"Feature","id":"21133000AN0059","geometry":{"type":"Polygon","coordinates":[[[4.9560218,47.1798983],[4.9563094,47.1798433],[4.9563368,47.179885],[4.9560304,47.1799435],[4.9560782,47.1800594],[4.9559269,47.1800876],[4.9558494,47.1800561],[4.9557829,47.1799574],[4.955851,47.1799397],[4.9560875,47.1799073],[4.9560218,47.1798983]]]},"properties":{"id":"21133000AN0059","reference":"AN 0059","commune":"21133","cadastreAreaM2":410,"geometryAreaM2":394.4036,"bounds":[4.9557829,47.1798433,4.9563368,47.1800876],"labelPoint":[4.955936317924937,47.180006750000004],"overlaps":[{"parentFeatureId":"inao-denom-973","name":"Musigny","areaM2":391.8934,"parcelPercent":99.3636}],"recordedRights":[{"holderId":"U21200736","siren":null,"name":"NOUVELLE ELVINA ETS LEROY VINS ET ALCOOLS","rightCode":"P","rightLabel":"Propriétaire","legalForm":"5599","legalFormLabel":"SA"}],"domaineLinks":[],"recordMatch":"reference-and-area","recordAreasM2":[410]}},{"type":"Feature","id":"21133000AN0060","geometry":{"type":"Polygon","coordinates":[[[4.9559269,47.1800876],[4.9560782,47.1800594],[4.9560304,47.1799435],[4.9563368,47.179885],[4.9563458,47.1798982],[4.956587,47.1801098],[4.9562468,47.1801473],[4.9561224,47.1801462],[4.9560121,47.180122],[4.9559269,47.1800876]]]},"properties":{"id":"21133000AN0060","reference":"AN 0060","commune":"21133","cadastreAreaM2":850,"geometryAreaM2":849.1401,"bounds":[4.9559269,47.179885,4.956587,47.1801473],"labelPoint":[4.956258896644614,47.18000145],"overlaps":[{"parentFeatureId":"inao-denom-973","name":"Musigny","areaM2":825.9593,"parcelPercent":97.2701}],"recordedRights":[{"holderId":"U21401984","siren":null,"name":"STE D EXPLOITATION ET PARTICIPATION VITI VINICOLE SEPV","rightCode":"P","rightLabel":"Propriétaire","legalForm":"5599","legalFormLabel":"SA"}],"domaineLinks":[],"recordMatch":"reference-and-area","recordAreasM2":[850]}},{"type":"Feature","id":"21133000AN0061","geometry":{"type":"Polygon","coordinates":[[[4.9547843,47.1800039],[4.9547354,47.1798692],[4.9546799,47.1797291],[4.9546786,47.1797184],[4.9547354,47.1797008],[4.9547856,47.1796868],[4.9548123,47.17968],[4.9548179,47.1796902],[4.9561949,47.1794098],[4.9562365,47.1795823],[4.9562233,47.1795865],[4.9562985,47.1798267],[4.9563094,47.1798433],[4.9560218,47.1798983],[4.955949,47.1798883],[4.9557414,47.1799264],[4.9556757,47.1799341],[4.9555121,47.1799769],[4.9554937,47.1800139],[4.955195,47.1800871],[4.9551812,47.1800416],[4.9551469,47.1800478],[4.9548062,47.18011],[4.9547843,47.1800039]]]},"properties":{"id":"21133000AN0061","reference":"AN 0061","commune":"21133","cadastreAreaM2":5480,"geometryAreaM2":5518.3128,"bounds":[4.9546786,47.1794098,4.9563094,47.18011],"labelPoint":[4.955491226985366,47.179777900000005],"overlaps":[{"parentFeatureId":"inao-denom-973","name":"Musigny","areaM2":5509.0126,"parcelPercent":99.8315}],"recordedRights":[{"holderId":"U21401984","siren":null,"name":"STE D EXPLOITATION ET PARTICIPATION VITI VINICOLE SEPV","rightCode":"P","rightLabel":"Propriétaire","legalForm":"5599","legalFormLabel":"SA"}],"domaineLinks":[],"recordMatch":"reference-and-area","recordAreasM2":[5480]}},{"type":"Feature","id":"21133000AN0064","geometry":{"type":"Polygon","coordinates":[[[4.9522336,47.1748656],[4.952305,47.1749505],[4.9517859,47.1751526],[4.9517765,47.1751642],[4.9514735,47.1752833],[4.9514621,47.1752879],[4.9511982,47.1753932],[4.9511349,47.1754262],[4.9511123,47.1754032],[4.951068,47.1753897],[4.9509248,47.1754266],[4.9507317,47.1754827],[4.9507019,47.1754828],[4.9504969,47.1755246],[4.9504353,47.1755303],[4.9502991,47.1753917],[4.9502796,47.1753672],[4.9502623,47.175342],[4.950247,47.1753161],[4.95024,47.1753031],[4.9498568,47.1754218],[4.94983,47.1753189],[4.9506118,47.1751699],[4.9513939,47.1750223],[4.9522336,47.1748656]]]},"properties":{"id":"21133000AN0064","reference":"AN 0064","commune":"21133","cadastreAreaM2":4736,"geometryAreaM2":4695.6932,"bounds":[4.94983,47.1748656,4.952305,47.1755303],"labelPoint":[4.950966022805933,47.1752266],"overlaps":[{"parentFeatureId":"inao-denom-973","name":"Musigny","areaM2":6.5163,"parcelPercent":0.1388}],"recordedRights":[{"holderId":"U21388794","siren":null,"name":"GFA DU DOMAINE HENRI PERROT MINOT","rightCode":"P","rightLabel":"Propriétaire","legalForm":"9900","legalFormLabel":"AUPM"}],"domaineLinks":[],"recordMatch":"reference-and-area","recordAreasM2":[4736]}},{"type":"Feature","id":"21133000AN0065","geometry":{"type":"Polygon","coordinates":[[[4.9522336,47.1748656],[4.9513939,47.1750223],[4.9506118,47.1751699],[4.94983,47.1753189],[4.949818,47.1752795],[4.9497183,47.175129],[4.9498757,47.1750959],[4.9502982,47.1750282],[4.9504305,47.1749794],[4.9505147,47.1749728],[4.9507711,47.1748806],[4.9508081,47.1748672],[4.9508882,47.1748382],[4.9509965,47.1748242],[4.9510755,47.1747958],[4.9512554,47.1747719],[4.9513932,47.1747752],[4.9515158,47.1747672],[4.9516334,47.1747525],[4.9520665,47.1747225],[4.9521124,47.174717],[4.9522336,47.1748656]]]},"properties":{"id":"21133000AN0065","reference":"AN 0065","commune":"21133","cadastreAreaM2":4547,"geometryAreaM2":4606.0383,"bounds":[4.9497183,47.174717,4.9522336,47.1753189],"labelPoint":[4.950940595311818,47.17500085],"overlaps":[{"parentFeatureId":"inao-denom-973","name":"Musigny","areaM2":10.7277,"parcelPercent":0.2329}],"recordedRights":[],"domaineLinks":[],"recordMatch":"unknown","recordAreasM2":[]}},{"type":"Feature","id":"21133000AN0070","geometry":{"type":"Polygon","coordinates":[[[4.9511349,47.1754262],[4.9511982,47.1753932],[4.9514621,47.1752879],[4.9514735,47.1752833],[4.9517765,47.1751642],[4.9517859,47.1751526],[4.952305,47.1749505],[4.9523584,47.1750255],[4.9524218,47.175254],[4.9523161,47.1753261],[4.9515983,47.1756091],[4.9516018,47.1756187],[4.9512483,47.1757585],[4.9510342,47.1754783],[4.9511349,47.1754262]]]},"properties":{"id":"21133000AN0070","reference":"AN 0070","commune":"21133","cadastreAreaM2":3970,"geometryAreaM2":3963.3589,"bounds":[4.9510342,47.1749505,4.9524218,47.1757585],"labelPoint":[4.951756643010505,47.175359650000004],"overlaps":[{"parentFeatureId":"inao-denom-973","name":"Musigny","areaM2":10.6973,"parcelPercent":0.2699}],"recordedRights":[],"domaineLinks":[],"recordMatch":"unknown","recordAreasM2":[]}},{"type":"Feature","id":"21133000AN0074","geometry":{"type":"Polygon","coordinates":[[[4.9534981,47.1797889],[4.9535028,47.1798428],[4.9535907,47.179838],[4.9541966,47.1798869],[4.9547138,47.1798699],[4.9547354,47.1798692],[4.9547843,47.1800039],[4.9545703,47.1800176],[4.9543848,47.1800162],[4.9542615,47.1800102],[4.954192,47.180006],[4.9541384,47.1800027],[4.9540422,47.1799959],[4.9538582,47.1799762],[4.9535935,47.1799452],[4.9535977,47.1799215],[4.9534721,47.1799293],[4.9534658,47.1799306],[4.9530031,47.179876],[4.9530198,47.1797788],[4.953293,47.1797574],[4.9533007,47.1797954],[4.9534981,47.1797889]]]},"properties":{"id":"21133000AN0074","reference":"AN 0074","commune":"21133","cadastreAreaM2":1782,"geometryAreaM2":1821.9488,"bounds":[4.9530031,47.1797574,4.9547843,47.1800176],"labelPoint":[4.953995091468204,47.179904199999996],"overlaps":[{"parentFeatureId":"inao-denom-973","name":"Musigny","areaM2":25.3483,"parcelPercent":1.3913}],"recordedRights":[{"holderId":"491471041","siren":"491471041","name":"PONSOT ET CO","rightCode":"P","rightLabel":"Propriétaire","legalForm":"6597","legalFormLabel":"SCEA"}],"domaineLinks":[],"recordMatch":"reference-and-area","recordAreasM2":[1782]}},{"type":"Feature","id":"21133000AN0075","geometry":{"type":"Polygon","coordinates":[[[4.9509148,47.1744908],[4.951285,47.1744462],[4.951556,47.1744238],[4.9515578,47.1744792],[4.951247,47.1744952],[4.9509413,47.174534],[4.9509836,47.174603],[4.9512766,47.1745544],[4.9515514,47.174545],[4.9515586,47.1744962],[4.9517533,47.1745021],[4.9517576,47.1745769],[4.9509866,47.1746058],[4.9509833,47.1746031],[4.9508816,47.1745177],[4.9509148,47.1744908]]]},"properties":{"id":"21133000AN0075","reference":"AN 0075","commune":"21133","cadastreAreaM2":565,"geometryAreaM2":562.4861,"bounds":[4.9508816,47.1744238,4.9517576,47.1746058],"labelPoint":[4.951011203717943,47.174509900000004],"overlaps":[{"parentFeatureId":"inao-denom-973","name":"Musigny","areaM2":19.6105,"parcelPercent":3.4864}],"recordedRights":[{"holderId":"778233098","siren":"778233098","name":"SCEA DOMAINE JACQUES PRIEUR","rightCode":"P","rightLabel":"Propriétaire","legalForm":"6597","legalFormLabel":"SCEA"}],"domaineLinks":[],"recordMatch":"reference-and-area","recordAreasM2":[565]}},{"type":"Feature","id":"21133000AN0076","geometry":{"type":"Polygon","coordinates":[[[4.9521124,47.174717],[4.9520665,47.1747225],[4.9519921,47.1747007],[4.9514071,47.174725],[4.951296,47.1747214],[4.9511289,47.1747352],[4.9507638,47.1748138],[4.9507474,47.174794],[4.9508278,47.174754],[4.9507684,47.1746569],[4.950784,47.1746059],[4.9506682,47.1744324],[4.9506873,47.1744241],[4.9507442,47.1743979],[4.9507996,47.1743704],[4.9508105,47.1744379],[4.9508816,47.1745177],[4.9509833,47.1746031],[4.9509866,47.1746058],[4.9517576,47.1745769],[4.9517583,47.1745871],[4.9523084,47.1745937],[4.9523125,47.1746974],[4.9521124,47.174717]]]},"properties":{"id":"21133000AN0076","reference":"AN 0076","commune":"21133","cadastreAreaM2":2012,"geometryAreaM2":2006.2786,"bounds":[4.9506682,47.1743704,4.9523125,47.1748138],"labelPoint":[4.951715397145333,47.1745904],"overlaps":[{"parentFeatureId":"inao-denom-973","name":"Musigny","areaM2":55.3913,"parcelPercent":2.7609}],"recordedRights":[{"holderId":"775567928","siren":"775567928","name":"CONSORTIUM VITICOLE VINICOLE BOURGOGNE","rightCode":"P","rightLabel":"Propriétaire","legalForm":"5710","legalFormLabel":"SAS"}],"domaineLinks":[],"recordMatch":"reference-and-area","recordAreasM2":[2012]}},{"type":"Feature","id":"21133000AN0077","geometry":{"type":"Polygon","coordinates":[[[4.9523084,47.1745937],[4.9517583,47.1745871],[4.9517576,47.1745769],[4.9523116,47.1745562],[4.9523084,47.1745937]]]},"properties":{"id":"21133000AN0077","reference":"AN 0077","commune":"21133","cadastreAreaM2":111,"geometryAreaM2":110.6947,"bounds":[4.9517576,47.1745562,4.9523116,47.1745937],"labelPoint":[4.952172658400048,47.174566549999994],"overlaps":[{"parentFeatureId":"inao-denom-973","name":"Musigny","areaM2":110.6947,"parcelPercent":100.0}],"recordedRights":[{"holderId":"775567928","siren":"775567928","name":"CONSORTIUM VITICOLE VINICOLE BOURGOGNE","rightCode":"P","rightLabel":"Propriétaire","legalForm":"5710","legalFormLabel":"SAS"}],"domaineLinks":[],"recordMatch":"reference-and-area","recordAreasM2":[111]}},{"type":"Feature","id":"21133000AN0078","geometry":{"type":"Polygon","coordinates":[[[4.9522336,47.1748656],[4.9521124,47.174717],[4.9523125,47.1746974],[4.9523084,47.1745937],[4.9523116,47.1745562],[4.9517576,47.1745769],[4.9517533,47.1745021],[4.9515586,47.1744962],[4.9515578,47.1744792],[4.951556,47.1744238],[4.9515557,47.1744167],[4.9516016,47.1744156],[4.9516118,47.1743392],[4.9516653,47.1743363],[4.9517887,47.1743689],[4.9518782,47.1743758],[4.952239,47.1744347],[4.9523675,47.1744348],[4.9523874,47.1744294],[4.9525884,47.1743665],[4.9527634,47.1743522],[4.9529775,47.1743201],[4.953035,47.174326],[4.9532614,47.1743487],[4.9534879,47.1743696],[4.9534869,47.1743826],[4.9535546,47.1747499],[4.9535541,47.1747537],[4.9535514,47.1747596],[4.9535469,47.1747648],[4.9535404,47.174769],[4.9530232,47.1749097],[4.9524218,47.175254],[4.9523584,47.1750255],[4.952305,47.1749505],[4.9522336,47.1748656]]]},"properties":{"id":"21133000AN0078","reference":"AN 0078","commune":"21133","cadastreAreaM2":7549,"geometryAreaM2":7552.2685,"bounds":[4.9515557,47.1743201,4.9535546,47.175254],"labelPoint":[4.952778529826637,47.1748173],"overlaps":[{"parentFeatureId":"inao-denom-973","name":"Musigny","areaM2":7332.0814,"parcelPercent":97.0845}],"recordedRights":[{"holderId":"778233098","siren":"778233098","name":"SCEA DOMAINE JACQUES PRIEUR","rightCode":"P","rightLabel":"Propriétaire","legalForm":"6597","legalFormLabel":"SCEA"}],"domaineLinks":[],"recordMatch":"reference-and-area","recordAreasM2":[7549]}},{"type":"Feature","id":"21442000AB0043","geometry":{"type":"Polygon","coordinates":[[[4.9601068,47.2031794],[4.9601166,47.2032073],[4.9601113,47.2032425],[4.9601265,47.2032884],[4.9601217,47.2033109],[4.9600964,47.2033154],[4.9597679,47.2033641],[4.9596483,47.2032419],[4.9601068,47.2031794]]]},"properties":{"id":"21442000AB0043","reference":"AB 0043","commune":"21442","cadastreAreaM2":469,"geometryAreaM2":469.9313,"bounds":[4.9596483,47.2031794,4.9601265,47.2033641],"labelPoint":[4.959895124468087,47.20326545],"overlaps":[{"parentFeatureId":"inao-denom-544","name":"Clos de la Roche","areaM2":2.0292,"parcelPercent":0.4318}],"recordedRights":[{"holderId":"519906606","siren":"519906606","name":"G F A  DU DOMAINE PEIRAZEAU","rightCode":"P","rightLabel":"Propriétaire","legalForm":"6534","legalFormLabel":"GFA"}],"domaineLinks":[],"recordMatch":"reference-and-area","recordAreasM2":[469]}},{"type":"Feature","id":"21442000AB0047","geometry":{"type":"Polygon","coordinates":[[[4.9583699,47.2031971],[4.9583483,47.2031666],[4.9583287,47.2031354],[4.9583177,47.2031159],[4.9585237,47.2031013],[4.9586006,47.2030908],[4.9586266,47.2030856],[4.9586659,47.2030764],[4.9587045,47.2030659],[4.9588548,47.2030474],[4.9590205,47.2029982],[4.9590911,47.2029868],[4.9592432,47.2029668],[4.9593033,47.2029638],[4.9594905,47.2029594],[4.9595244,47.2029573],[4.9595918,47.2029472],[4.9597061,47.2029327],[4.9600267,47.2028605],[4.9601052,47.2030425],[4.9601355,47.2030372],[4.9601614,47.2030983],[4.9601508,47.2031122],[4.9598123,47.203171],[4.9593968,47.203242],[4.9589806,47.2033114],[4.958508,47.2033855],[4.9584662,47.2033274],[4.9588701,47.2032668],[4.9590585,47.2032385],[4.9590365,47.2031927],[4.9590048,47.203108],[4.9583699,47.2031971]]]},"properties":{"id":"21442000AB0047","reference":"AB 0047","commune":"21442","cadastreAreaM2":3228,"geometryAreaM2":3238.7625,"bounds":[4.9583177,47.2028605,4.9601614,47.2033855],"labelPoint":[4.959542388364733,47.203125650000004],"overlaps":[{"parentFeatureId":"inao-denom-544","name":"Clos de la Roche","areaM2":12.9215,"parcelPercent":0.399}],"recordedRights":[{"holderId":"519906606","siren":"519906606","name":"G F A  DU DOMAINE PEIRAZEAU","rightCode":"P","rightLabel":"Propriétaire","legalForm":"6534","legalFormLabel":"GFA"}],"domaineLinks":[],"recordMatch":"reference-and-area","recordAreasM2":[3228]}},{"type":"Feature","id":"21442000AB0050","geometry":{"type":"Polygon","coordinates":[[[4.9601222,47.2036656],[4.9601166,47.2036526],[4.9600688,47.2035451],[4.9601377,47.2035294],[4.9600762,47.203442],[4.9601432,47.2034288],[4.9601369,47.2034106],[4.960111,47.2033499],[4.9600964,47.2033154],[4.9601217,47.2033109],[4.9601265,47.2032884],[4.9601113,47.2032425],[4.9601166,47.2032073],[4.9601068,47.2031794],[4.9601508,47.2031122],[4.9601614,47.2030983],[4.9601355,47.2030372],[4.9601052,47.2030425],[4.9600267,47.2028605],[4.9602232,47.2028133],[4.9605258,47.2027524],[4.9609629,47.2026673],[4.9610556,47.2026509],[4.9610704,47.2027131],[4.9611573,47.2026984],[4.9613474,47.2026792],[4.9613334,47.2027069],[4.9612894,47.2029022],[4.9612475,47.2030979],[4.9612366,47.203149],[4.9612169,47.2032168],[4.961199,47.2032848],[4.9611914,47.2033175],[4.961154,47.203489],[4.9601639,47.203651],[4.9601656,47.203658],[4.9601222,47.2036656]]]},"properties":{"id":"21442000AB0050","reference":"AB 0050","commune":"21442","cadastreAreaM2":8028,"geometryAreaM2":8003.7476,"bounds":[4.9600267,47.2026509,4.9613474,47.2036656],"labelPoint":[4.96067446793089,47.2031642],"overlaps":[{"parentFeatureId":"inao-denom-544","name":"Clos de la Roche","areaM2":7981.7261,"parcelPercent":99.7249}],"recordedRights":[{"holderId":"519906606","siren":"519906606","name":"G F A  DU DOMAINE PEIRAZEAU","rightCode":"P","rightLabel":"Propriétaire","legalForm":"6534","legalFormLabel":"GFA"}],"domaineLinks":[],"recordMatch":"reference-and-area","recordAreasM2":[8028]}},{"type":"Feature","id":"21442000AB0051","geometry":{"type":"Polygon","coordinates":[[[4.9601222,47.2036656],[4.9601656,47.203658],[4.9601639,47.203651],[4.961154,47.203489],[4.9611436,47.2035337],[4.9604732,47.2036409],[4.9601353,47.2036953],[4.9601222,47.2036656]]]},"properties":{"id":"21442000AB0051","reference":"AB 0051","commune":"21442","cadastreAreaM2":354,"geometryAreaM2":350.989,"bounds":[4.9601222,47.203489,4.961154,47.2036953],"labelPoint":[4.960680808549373,47.2035873],"overlaps":[{"parentFeatureId":"inao-denom-544","name":"Clos de la Roche","areaM2":350.989,"parcelPercent":100.0}],"recordedRights":[{"holderId":"427469572","siren":"427469572","name":"SCI DU DOMAINE DES MONTS LUISANTS","rightCode":"P","rightLabel":"Propriétaire","legalForm":"6540","legalFormLabel":"SCI"}],"domaineLinks":[],"recordMatch":"reference-and-area","recordAreasM2":[354]}},{"type":"Feature","id":"21442000AB0060","geometry":{"type":"Polygon","coordinates":[[[4.9605717,47.2043606],[4.9604923,47.2043713],[4.960433,47.2041461],[4.9603749,47.2040178],[4.9604858,47.2039763],[4.9605524,47.2039682],[4.9605692,47.204007],[4.9605863,47.2040468],[4.9606357,47.2040371],[4.9606839,47.204134],[4.960752,47.2042589],[4.9607681,47.2043342],[4.9605717,47.2043606]]]},"properties":{"id":"21442000AB0060","reference":"AB 0060","commune":"21442","cadastreAreaM2":797,"geometryAreaM2":798.4943,"bounds":[4.9603749,47.2039682,4.9607681,47.2043713],"labelPoint":[4.960584550005546,47.2042025],"overlaps":[{"parentFeatureId":"inao-denom-544","name":"Clos de la Roche","areaM2":798.4943,"parcelPercent":100.0}],"recordedRights":[],"domaineLinks":[],"recordMatch":"unknown","recordAreasM2":[]}},{"type":"Feature","id":"21442000AB0061","geometry":{"type":"Polygon","coordinates":[[[4.960616,47.2044939],[4.9605717,47.2043606],[4.9607681,47.2043342],[4.960752,47.2042589],[4.9609893,47.2042313],[4.9609825,47.2042568],[4.9609747,47.2045139],[4.9609748,47.2045512],[4.9608359,47.2045723],[4.9608076,47.2044777],[4.960616,47.2044939]]]},"properties":{"id":"21442000AB0061","reference":"AB 0061","commune":"21442","cadastreAreaM2":732,"geometryAreaM2":738.983,"bounds":[4.9605717,47.2042313,4.9609893,47.2045723],"labelPoint":[4.960784366332226,47.20441915],"overlaps":[{"parentFeatureId":"inao-denom-544","name":"Clos de la Roche","areaM2":738.983,"parcelPercent":100.0}],"recordedRights":[{"holderId":"401807748","siren":"401807748","name":"LIGNIER MICHELOT","rightCode":"P","rightLabel":"Propriétaire","legalForm":"6540","legalFormLabel":"SCI"}],"domaineLinks":[],"recordMatch":"reference-and-area","recordAreasM2":[732]}},{"type":"Feature","id":"21442000AB0069","geometry":{"type":"Polygon","coordinates":[[[4.9607432,47.2052265],[4.9608022,47.2052178],[4.9607978,47.2052094],[4.9608508,47.2052025],[4.960865,47.2052714],[4.9607461,47.2052511],[4.9607432,47.2052265]]]},"properties":{"id":"21442000AB0069","reference":"AB 0069","commune":"21442","cadastreAreaM2":43,"geometryAreaM2":44.6321,"bounds":[4.9607432,47.2052025,4.960865,47.2052714],"labelPoint":[4.960801465638607,47.205238800000004],"overlaps":[{"parentFeatureId":"inao-denom-544","name":"Clos de la Roche","areaM2":37.7457,"parcelPercent":84.5707}],"recordedRights":[{"holderId":"U21367129","siren":null,"name":"GROUPEMENT FONCIER AGRICOLE LES BOUTIERES","rightCode":"P","rightLabel":"Propriétaire","legalForm":"9900","legalFormLabel":"AUPM"}],"domaineLinks":[],"recordMatch":"reference-and-area","recordAreasM2":[43]}},{"type":"Feature","id":"21442000AB0099","geometry":{"type":"Polygon","coordinates":[[[4.9607657,47.2051422],[4.9607978,47.2052094],[4.9608022,47.2052178],[4.9607432,47.2052265],[4.960619,47.2052445],[4.9604431,47.205278],[4.9602785,47.20531],[4.9602594,47.2052575],[4.9606438,47.2051969],[4.9607657,47.2051422]]]},"properties":{"id":"21442000AB0099","reference":"AB 0099","commune":"21442","cadastreAreaM2":227,"geometryAreaM2":231.5225,"bounds":[4.9602594,47.2051422,4.9608022,47.20531],"labelPoint":[4.960628166666684,47.20522215],"overlaps":[{"parentFeatureId":"inao-denom-544","name":"Clos de la Roche","areaM2":3.7847,"parcelPercent":1.6347}],"recordedRights":[{"holderId":"U21367129","siren":null,"name":"GROUPEMENT FONCIER AGRICOLE LES BOUTIERES","rightCode":"P","rightLabel":"Propriétaire","legalForm":"9900","legalFormLabel":"AUPM"}],"domaineLinks":[],"recordMatch":"reference-and-area","recordAreasM2":[227]}},{"type":"Feature","id":"21442000AB0105","geometry":{"type":"Polygon","coordinates":[[[4.9606708,47.2049256],[4.960178,47.2050071],[4.9600303,47.2050301],[4.9597589,47.2050591],[4.9597518,47.2050372],[4.9600881,47.204992],[4.9603679,47.2049462],[4.9606581,47.204897],[4.9606708,47.2049256]]]},"properties":{"id":"21442000AB0105","reference":"AB 0105","commune":"21442","cadastreAreaM2":221,"geometryAreaM2":220.5077,"bounds":[4.9597518,47.204897,4.9606708,47.2050591],"labelPoint":[4.96031788588958,47.2049691],"overlaps":[{"parentFeatureId":"inao-denom-544","name":"Clos de la Roche","areaM2":1.0314,"parcelPercent":0.4677}],"recordedRights":[],"domaineLinks":[],"recordMatch":"unknown","recordAreasM2":[]}},{"type":"Feature","id":"21442000AB0174","geometry":{"type":"Polygon","coordinates":[[[4.9624182,47.2067371],[4.9624362,47.2068115],[4.9620833,47.2068239],[4.9619683,47.2068279],[4.9619346,47.2068336],[4.961858,47.2068466],[4.9617875,47.2068509],[4.9617869,47.2068019],[4.9619877,47.2067606],[4.9624182,47.2067371]]]},"properties":{"id":"21442000AB0174","reference":"AB 0174","commune":"21442","cadastreAreaM2":367,"geometryAreaM2":361.8255,"bounds":[4.9617869,47.2067371,4.9624362,47.2068509],"labelPoint":[4.962158090725799,47.206781250000006],"overlaps":[{"parentFeatureId":"inao-denom-544","name":"Clos de la Roche","areaM2":360.5622,"parcelPercent":99.6509}],"recordedRights":[{"holderId":"212104426","siren":"212104426","name":"COMMUNE DE MOREY SAINT DENIS","rightCode":"P","rightLabel":"Propriétaire","legalForm":"7210","legalFormLabel":"COM"}],"domaineLinks":[],"recordMatch":"reference-and-area","recordAreasM2":[367]}},{"type":"Feature","id":"21442000AB0178","geometry":{"type":"Polygon","coordinates":[[[4.9610234,47.2061597],[4.9610267,47.2060676],[4.9613858,47.2060474],[4.9614071,47.2061536],[4.9610234,47.2061597]]]},"properties":{"id":"21442000AB0178","reference":"AB 0178","commune":"21442","cadastreAreaM2":305,"geometryAreaM2":310.6204,"bounds":[4.9610234,47.2060474,4.9614071,47.2061597],"labelPoint":[4.961211817494801,47.2061106],"overlaps":[{"parentFeatureId":"inao-denom-544","name":"Clos de la Roche","areaM2":309.814,"parcelPercent":99.7404}],"recordedRights":[{"holderId":"427469572","siren":"427469572","name":"SCI DU DOMAINE DES MONTS LUISANTS","rightCode":"P","rightLabel":"Propriétaire","legalForm":"6540","legalFormLabel":"SCI"}],"domaineLinks":[],"recordMatch":"reference-and-area","recordAreasM2":[305]}},{"type":"Feature","id":"21442000AB0180","geometry":{"type":"Polygon","coordinates":[[[4.9613597,47.2059217],[4.9613658,47.2059524],[4.9610144,47.2059821],[4.9610125,47.2059556],[4.9610084,47.2059291],[4.9610036,47.2059081],[4.9613489,47.2058662],[4.9613597,47.2059217]]]},"properties":{"id":"21442000AB0180","reference":"AB 0180","commune":"21442","cadastreAreaM2":238,"geometryAreaM2":237.9674,"bounds":[4.9610036,47.2058662,4.9613658,47.2059821],"labelPoint":[4.961183994732433,47.2059254],"overlaps":[{"parentFeatureId":"inao-denom-544","name":"Clos de la Roche","areaM2":237.9674,"parcelPercent":100.0}],"recordedRights":[{"holderId":"819859885","siren":"819859885","name":"GFA MALAURO LIGNIER","rightCode":"P","rightLabel":"Propriétaire","legalForm":"6534","legalFormLabel":"GFA"}],"domaineLinks":[],"recordMatch":"reference-and-area","recordAreasM2":[238]}},{"type":"Feature","id":"21442000AB0181","geometry":{"type":"Polygon","coordinates":[[[4.9609884,47.205833],[4.9615509,47.2057764],[4.9615574,47.2058066],[4.9615805,47.2059226],[4.96154,47.2059283],[4.9615338,47.2059026],[4.9613597,47.2059217],[4.9613489,47.2058662],[4.9610036,47.2059081],[4.9609884,47.205833]]]},"properties":{"id":"21442000AB0181","reference":"AB 0181","commune":"21442","cadastreAreaM2":450,"geometryAreaM2":449.1742,"bounds":[4.9609884,47.2057764,4.9615805,47.2059283],"labelPoint":[4.961278861358993,47.2058496],"overlaps":[{"parentFeatureId":"inao-denom-544","name":"Clos de la Roche","areaM2":449.1742,"parcelPercent":100.0}],"recordedRights":[{"holderId":"819859885","siren":"819859885","name":"GFA MALAURO LIGNIER","rightCode":"P","rightLabel":"Propriétaire","legalForm":"6534","legalFormLabel":"GFA"}],"domaineLinks":[],"recordMatch":"reference-and-area","recordAreasM2":[450]}},{"type":"Feature","id":"21442000AB0182","geometry":{"type":"Polygon","coordinates":[[[4.9615574,47.2058066],[4.9615893,47.2058202],[4.9621891,47.2057572],[4.9621887,47.2057642],[4.9620628,47.2058101],[4.9620835,47.2058599],[4.9619862,47.2058672],[4.9615805,47.2059226],[4.9615574,47.2058066]]]},"properties":{"id":"21442000AB0182","reference":"AB 0182","commune":"21442","cadastreAreaM2":423,"geometryAreaM2":421.8296,"bounds":[4.9615574,47.2057572,4.9621891,47.2059226],"labelPoint":[4.961819655130089,47.20584005],"overlaps":[{"parentFeatureId":"inao-denom-544","name":"Clos de la Roche","areaM2":421.8296,"parcelPercent":100.0}],"recordedRights":[{"holderId":"819859885","siren":"819859885","name":"GFA MALAURO LIGNIER","rightCode":"P","rightLabel":"Propriétaire","legalForm":"6534","legalFormLabel":"GFA"}],"domaineLinks":[],"recordMatch":"reference-and-area","recordAreasM2":[423]}},{"type":"Feature","id":"21442000AB0184","geometry":{"type":"Polygon","coordinates":[[[4.9619983,47.2061248],[4.9619946,47.2060665],[4.9621712,47.2060459],[4.962497,47.206029],[4.9624948,47.2060486],[4.9621721,47.2060708],[4.9621712,47.206097],[4.9620918,47.2061202],[4.9619983,47.2061248]]]},"properties":{"id":"21442000AB0184","reference":"AB 0184","commune":"21442","cadastreAreaM2":145,"geometryAreaM2":149.0806,"bounds":[4.9619946,47.206029,4.962497,47.2061248],"labelPoint":[4.962083677144083,47.206083899999996],"overlaps":[{"parentFeatureId":"inao-denom-544","name":"Clos de la Roche","areaM2":149.0806,"parcelPercent":100.0}],"recordedRights":[{"holderId":"411381908","siren":"411381908","name":"GFA DOMAINE PONSOT","rightCode":"P","rightLabel":"Propriétaire","legalForm":"6534","legalFormLabel":"GFA"}],"domaineLinks":[],"recordMatch":"reference-and-area","recordAreasM2":[145]}},{"type":"Feature","id":"21442000AB0185","geometry":{"type":"Polygon","coordinates":[[[4.962497,47.206029],[4.9621712,47.2060459],[4.9621085,47.2059544],[4.962407,47.2059344],[4.9624572,47.2059313],[4.9624598,47.2059666],[4.9625034,47.2059689],[4.962497,47.206029]]]},"properties":{"id":"21442000AB0185","reference":"AB 0185","commune":"21442","cadastreAreaM2":281,"geometryAreaM2":283.4424,"bounds":[4.9621085,47.2059313,4.9625034,47.2060459],"labelPoint":[4.9623196138524595,47.20599895],"overlaps":[{"parentFeatureId":"inao-denom-544","name":"Clos de la Roche","areaM2":283.4424,"parcelPercent":100.0}],"recordedRights":[{"holderId":"322396185","siren":"322396185","name":"GFA DU DOMAINE DUJAC","rightCode":"P","rightLabel":"Propriétaire","legalForm":"6534","legalFormLabel":"GFA"}],"domaineLinks":[],"recordMatch":"reference-and-area","recordAreasM2":[281]}},{"type":"Feature","id":"21442000AB0186","geometry":{"type":"Polygon","coordinates":[[[4.9625034,47.2059689],[4.9624598,47.2059666],[4.9624572,47.2059313],[4.962508,47.2059279],[4.9625034,47.2059689]]]},"properties":{"id":"21442000AB0186","reference":"AB 0186","commune":"21442","cadastreAreaM2":16,"geometryAreaM2":15.1359,"bounds":[4.9624572,47.2059279,4.962508,47.2059689],"labelPoint":[4.962482069146342,47.20594895000001],"overlaps":[{"parentFeatureId":"inao-denom-544","name":"Clos de la Roche","areaM2":15.1359,"parcelPercent":100.0}],"recordedRights":[{"holderId":"411381908","siren":"411381908","name":"GFA DOMAINE PONSOT","rightCode":"P","rightLabel":"Propriétaire","legalForm":"6534","legalFormLabel":"GFA"}],"domaineLinks":[],"recordMatch":"reference-and-area","recordAreasM2":[16]}},{"type":"Feature","id":"21442000AB0187","geometry":{"type":"Polygon","coordinates":[[[4.9625409,47.2057835],[4.962508,47.2059279],[4.9624572,47.2059313],[4.962407,47.2059344],[4.96239,47.2058749],[4.9623843,47.2058136],[4.9623935,47.2058358],[4.9624285,47.2058299],[4.962421,47.2058067],[4.9623931,47.2058109],[4.9624515,47.2057939],[4.9625409,47.2057835]]]},"properties":{"id":"21442000AB0187","reference":"AB 0187","commune":"21442","cadastreAreaM2":145,"geometryAreaM2":142.8757,"bounds":[4.9623843,47.2057835,4.9625409,47.2059344],"labelPoint":[4.962456355940399,47.20585535],"overlaps":[{"parentFeatureId":"inao-denom-544","name":"Clos de la Roche","areaM2":142.8757,"parcelPercent":100.0}],"recordedRights":[],"domaineLinks":[],"recordMatch":"unknown","recordAreasM2":[]}},{"type":"Feature","id":"21442000AB0188","geometry":{"type":"Polygon","coordinates":[[[4.962407,47.2059344],[4.9621085,47.2059544],[4.9621017,47.2059203],[4.96239,47.2058749],[4.962407,47.2059344]]]},"properties":{"id":"21442000AB0188","reference":"AB 0188","commune":"21442","cadastreAreaM2":118,"geometryAreaM2":118.7259,"bounds":[4.9621017,47.2058749,4.962407,47.2059544],"labelPoint":[4.9623211678571435,47.2058976],"overlaps":[{"parentFeatureId":"inao-denom-544","name":"Clos de la Roche","areaM2":118.7259,"parcelPercent":100.0}],"recordedRights":[{"holderId":"819859885","siren":"819859885","name":"GFA MALAURO LIGNIER","rightCode":"P","rightLabel":"Propriétaire","legalForm":"6534","legalFormLabel":"GFA"}],"domaineLinks":[],"recordMatch":"reference-and-area","recordAreasM2":[118]}},{"type":"Feature","id":"21442000AB0189","geometry":{"type":"Polygon","coordinates":[[[4.9623843,47.2058136],[4.96239,47.2058749],[4.9621017,47.2059203],[4.9620035,47.2059294],[4.9619862,47.2058672],[4.9620835,47.2058599],[4.9621767,47.2058481],[4.9623843,47.2058136]]]},"properties":{"id":"21442000AB0189","reference":"AB 0189","commune":"21442","cadastreAreaM2":197,"geometryAreaM2":203.6977,"bounds":[4.9619862,47.2058136,4.96239,47.2059294],"labelPoint":[4.96218845641323,47.20587105],"overlaps":[{"parentFeatureId":"inao-denom-544","name":"Clos de la Roche","areaM2":203.6977,"parcelPercent":100.0}],"recordedRights":[{"holderId":"819859885","siren":"819859885","name":"GFA MALAURO LIGNIER","rightCode":"P","rightLabel":"Propriétaire","legalForm":"6534","legalFormLabel":"GFA"}],"domaineLinks":[],"recordMatch":"reference-and-area","recordAreasM2":[197]}},{"type":"Feature","id":"21442000AB0190","geometry":{"type":"Polygon","coordinates":[[[4.9623931,47.2058109],[4.962421,47.2058067],[4.9624285,47.2058299],[4.9623935,47.2058358],[4.9623843,47.2058136],[4.9623931,47.2058109]]]},"properties":{"id":"21442000AB0190","reference":"AB 0190","commune":"21442","cadastreAreaM2":7,"geometryAreaM2":7.4532,"bounds":[4.9623843,47.2058067,4.9624285,47.2058358],"labelPoint":[4.962406771389601,47.20582175],"overlaps":[{"parentFeatureId":"inao-denom-544","name":"Clos de la Roche","areaM2":7.4532,"parcelPercent":100.0}],"recordedRights":[],"domaineLinks":[],"recordMatch":"unknown","recordAreasM2":[]}},{"type":"Feature","id":"21442000AB0192","geometry":{"type":"Polygon","coordinates":[[[4.961539,47.2057181],[4.9615509,47.2057764],[4.9609884,47.205833],[4.9609833,47.2058054],[4.9609884,47.2056809],[4.9615222,47.2056458],[4.961539,47.2057181]]]},"properties":{"id":"21442000AB0192","reference":"AB 0192","commune":"21442","cadastreAreaM2":653,"geometryAreaM2":660.7723,"bounds":[4.9609833,47.2056458,4.9615509,47.205833],"labelPoint":[4.961265316024097,47.20574725],"overlaps":[{"parentFeatureId":"inao-denom-544","name":"Clos de la Roche","areaM2":659.983,"parcelPercent":99.8805}],"recordedRights":[{"holderId":"819859885","siren":"819859885","name":"GFA MALAURO LIGNIER","rightCode":"P","rightLabel":"Propriétaire","legalForm":"6534","legalFormLabel":"GFA"}],"domaineLinks":[],"recordMatch":"reference-and-area","recordAreasM2":[653]}},{"type":"Feature","id":"21442000AB0193","geometry":{"type":"Polygon","coordinates":[[[4.9609771,47.2055026],[4.9610328,47.2054958],[4.9613734,47.2054546],[4.9614766,47.2054445],[4.9615059,47.2055776],[4.9615222,47.2056458],[4.9609884,47.2056809],[4.9609902,47.2055903],[4.9609849,47.2055459],[4.9609771,47.2055026]]]},"properties":{"id":"21442000AB0193","reference":"AB 0193","commune":"21442","cadastreAreaM2":828,"geometryAreaM2":832.8859,"bounds":[4.9609771,47.2054445,4.9615222,47.2056809],"labelPoint":[4.9612446014305025,47.20556175],"overlaps":[{"parentFeatureId":"inao-denom-544","name":"Clos de la Roche","areaM2":832.5272,"parcelPercent":99.9569}],"recordedRights":[{"holderId":"U21934169","siren":null,"name":"GFV FAMILLE LECHENEAUT","rightCode":"P","rightLabel":"Propriétaire","legalForm":"9900","legalFormLabel":"AUPM"}],"domaineLinks":[],"recordMatch":"reference-and-area","recordAreasM2":[828]}},{"type":"Feature","id":"21442000AB0194","geometry":{"type":"Polygon","coordinates":[[[4.9614865,47.205114],[4.96149,47.2051187],[4.9617647,47.2050839],[4.9621353,47.2050204],[4.9626471,47.2049554],[4.962652,47.2050665],[4.9626519,47.2052799],[4.9616812,47.2054183],[4.9614766,47.2054445],[4.9613734,47.2054546],[4.9610328,47.2054958],[4.9609771,47.2055026],[4.9609368,47.2054083],[4.9609162,47.2053111],[4.9608815,47.2051995],[4.9614865,47.205114]]]},"properties":{"id":"21442000AB0194","reference":"AB 0194","commune":"21442","cadastreAreaM2":4703,"geometryAreaM2":4721.8811,"bounds":[4.9608815,47.2049554,4.962652,47.2055026],"labelPoint":[4.961772959150114,47.2052397],"overlaps":[{"parentFeatureId":"inao-denom-544","name":"Clos de la Roche","areaM2":4721.6669,"parcelPercent":99.9955}],"recordedRights":[{"holderId":"322396185","siren":"322396185","name":"GFA DU DOMAINE DUJAC","rightCode":"P","rightLabel":"Propriétaire","legalForm":"6534","legalFormLabel":"GFA"}],"domaineLinks":[],"recordMatch":"reference-and-area","recordAreasM2":[4703]}},{"type":"Feature","id":"21442000AB0195","geometry":{"type":"Polygon","coordinates":[[[4.9626471,47.2049554],[4.9621353,47.2050204],[4.9617647,47.2050839],[4.9617147,47.2049177],[4.96171,47.2049013],[4.9617937,47.2048838],[4.9617896,47.2048733],[4.9617703,47.2048227],[4.9617647,47.2048144],[4.9617504,47.2047904],[4.961738,47.2047659],[4.9617278,47.204741],[4.9618585,47.2047227],[4.9618462,47.2046723],[4.9621382,47.2046298],[4.9624304,47.2045888],[4.9625918,47.2045667],[4.9626357,47.2048082],[4.9626419,47.2048645],[4.9626459,47.2049209],[4.9626471,47.2049554]]]},"properties":{"id":"21442000AB0195","reference":"AB 0195","commune":"21442","cadastreAreaM2":2865,"geometryAreaM2":2858.6422,"bounds":[4.96171,47.2045667,4.9626471,47.2050839],"labelPoint":[4.962208935070276,47.204843600000004],"overlaps":[{"parentFeatureId":"inao-denom-544","name":"Clos de la Roche","areaM2":2854.353,"parcelPercent":99.85}],"recordedRights":[{"holderId":"515520385","siren":"515520385","name":"LEROY S A","rightCode":"P","rightLabel":"Propriétaire","legalForm":"5599","legalFormLabel":"SA"}],"domaineLinks":[],"recordMatch":"reference-and-area","recordAreasM2":[2865]}},{"type":"Feature","id":"21442000AB0196","geometry":{"type":"Polygon","coordinates":[[[4.9614865,47.205114],[4.9614442,47.205057],[4.9616596,47.2050445],[4.9616578,47.2049251],[4.9617147,47.2049177],[4.9617647,47.2050839],[4.96149,47.2051187],[4.9614865,47.205114]]]},"properties":{"id":"21442000AB0196","reference":"AB 0196","commune":"21442","cadastreAreaM2":218,"geometryAreaM2":212.9363,"bounds":[4.9614442,47.2049177,4.9617647,47.2051187],"labelPoint":[4.961696793261131,47.2049848],"overlaps":[{"parentFeatureId":"inao-denom-544","name":"Clos de la Roche","areaM2":212.9363,"parcelPercent":100.0}],"recordedRights":[{"holderId":"212104426","siren":"212104426","name":"COMMUNE DE MOREY SAINT DENIS","rightCode":"P","rightLabel":"Propriétaire","legalForm":"7210","legalFormLabel":"COM"}],"domaineLinks":[],"recordMatch":"reference-and-area","recordAreasM2":[218]}},{"type":"Feature","id":"21442000AB0198","geometry":{"type":"Polygon","coordinates":[[[4.9615263,47.2047398],[4.9609521,47.2048302],[4.9609546,47.2047781],[4.9615,47.2046901],[4.9615263,47.2047398]]]},"properties":{"id":"21442000AB0198","reference":"AB 0198","commune":"21442","cadastreAreaM2":239,"geometryAreaM2":248.5124,"bounds":[4.9609521,47.2046901,4.9615263,47.2048302],"labelPoint":[4.961238975041738,47.20475895],"overlaps":[{"parentFeatureId":"inao-denom-544","name":"Clos de la Roche","areaM2":248.2589,"parcelPercent":99.898}],"recordedRights":[{"holderId":"417882644","siren":"417882644","name":"MAGNIEN MICHEL ET FILS","rightCode":"P","rightLabel":"Propriétaire","legalForm":"6597","legalFormLabel":"SCEA"}],"domaineLinks":[],"recordMatch":"reference-and-area","recordAreasM2":[239]}},{"type":"Feature","id":"21442000AB0199","geometry":{"type":"Polygon","coordinates":[[[4.9615,47.2046901],[4.9609546,47.2047781],[4.9609628,47.204638],[4.960972,47.2046259],[4.9614279,47.2045462],[4.9615,47.2046901]]]},"properties":{"id":"21442000AB0199","reference":"AB 0199","commune":"21442","cadastreAreaM2":656,"geometryAreaM2":647.5257,"bounds":[4.9609546,47.2045462,4.9615,47.2047781],"labelPoint":[4.961224111574541,47.204664050000005],"overlaps":[{"parentFeatureId":"inao-denom-544","name":"Clos de la Roche","areaM2":645.0379,"parcelPercent":99.6158}],"recordedRights":[],"domaineLinks":[],"recordMatch":"unknown","recordAreasM2":[]}},{"type":"Feature","id":"21442000AB0200","geometry":{"type":"Polygon","coordinates":[[[4.9615263,47.2047398],[4.9615,47.2046901],[4.9614279,47.2045462],[4.960972,47.2046259],[4.960992,47.2045945],[4.9609975,47.2045632],[4.9609995,47.2044696],[4.961005,47.2043566],[4.9610084,47.2042362],[4.9610604,47.2040661],[4.9624747,47.2039149],[4.9625459,47.2043261],[4.9625918,47.2045667],[4.9624304,47.2045888],[4.9621382,47.2046298],[4.9618462,47.2046723],[4.9618585,47.2047227],[4.9617278,47.204741],[4.9616911,47.2047414],[4.9616085,47.2047414],[4.9615263,47.2047398]]]},"properties":{"id":"21442000AB0200","reference":"AB 0200","commune":"21442","cadastreAreaM2":8330,"geometryAreaM2":8283.5133,"bounds":[4.960972,47.2039149,4.9625918,47.2047414],"labelPoint":[4.961777119968558,47.20434135],"overlaps":[{"parentFeatureId":"inao-denom-544","name":"Clos de la Roche","areaM2":8264.5203,"parcelPercent":99.7707}],"recordedRights":[{"holderId":"411381908","siren":"411381908","name":"GFA DOMAINE PONSOT","rightCode":"P","rightLabel":"Propriétaire","legalForm":"6534","legalFormLabel":"GFA"}],"domaineLinks":[],"recordMatch":"reference-and-area","recordAreasM2":[8330]}},{"type":"Feature","id":"21442000AB0201","geometry":{"type":"Polygon","coordinates":[[[4.962427,47.2037056],[4.9624555,47.2037982],[4.9624747,47.2039149],[4.9610604,47.2040661],[4.9610943,47.2039542],[4.9611079,47.2038627],[4.9617599,47.2037912],[4.962427,47.2037056]]]},"properties":{"id":"21442000AB0201","reference":"AB 0201","commune":"21442","cadastreAreaM2":2370,"geometryAreaM2":2337.2548,"bounds":[4.9610604,47.2037056,4.9624747,47.2040661],"labelPoint":[4.9617872132841665,47.2038888],"overlaps":[{"parentFeatureId":"inao-denom-544","name":"Clos de la Roche","areaM2":2327.644,"parcelPercent":99.5888}],"recordedRights":[{"holderId":"322396185","siren":"322396185","name":"GFA DU DOMAINE DUJAC","rightCode":"P","rightLabel":"Propriétaire","legalForm":"6534","legalFormLabel":"GFA"}],"domaineLinks":[],"recordMatch":"reference-and-area","recordAreasM2":[2370]}},{"type":"Feature","id":"21442000AB0206","geometry":{"type":"Polygon","coordinates":[[[4.9638741,47.2028407],[4.9638856,47.2028843],[4.9623144,47.2031024],[4.9623083,47.2030588],[4.9630099,47.2029602],[4.9638741,47.2028407]]]},"properties":{"id":"21442000AB0206","reference":"AB 0206","commune":"21442","cadastreAreaM2":601,"geometryAreaM2":596.9522,"bounds":[4.9623083,47.2028407,4.9638856,47.2031024],"labelPoint":[4.962821377418614,47.2030095],"overlaps":[{"parentFeatureId":"inao-denom-544","name":"Clos de la Roche","areaM2":596.9522,"parcelPercent":100.0}],"recordedRights":[{"holderId":"429825250","siren":"429825250","name":"DOMAINE GEORGES LIGNIER PERE ET FILS","rightCode":"P","rightLabel":"Propriétaire","legalForm":"6534","legalFormLabel":"GFA"}],"domaineLinks":[],"recordMatch":"reference-and-area","recordAreasM2":[601]}},{"type":"Feature","id":"21442000AB0207","geometry":{"type":"Polygon","coordinates":[[[4.9623144,47.2031024],[4.9638856,47.2028843],[4.963886,47.2028879],[4.9639015,47.2030148],[4.9623373,47.2032282],[4.9623278,47.2031898],[4.9623205,47.2031512],[4.9623154,47.2031125],[4.9623144,47.2031024]]]},"properties":{"id":"21442000AB0207","reference":"AB 0207","commune":"21442","cadastreAreaM2":1710,"geometryAreaM2":1726.3647,"bounds":[4.9623144,47.2028843,4.9639015,47.2032282],"labelPoint":[4.963105193620869,47.2030586],"overlaps":[{"parentFeatureId":"inao-denom-544","name":"Clos de la Roche","areaM2":1726.3647,"parcelPercent":100.0}],"recordedRights":[{"holderId":"411381908","siren":"411381908","name":"GFA DOMAINE PONSOT","rightCode":"P","rightLabel":"Propriétaire","legalForm":"6534","legalFormLabel":"GFA"}],"domaineLinks":[],"recordMatch":"reference-and-area","recordAreasM2":[1710]}},{"type":"Feature","id":"21442000AB0210","geometry":{"type":"Polygon","coordinates":[[[4.9655213,47.2045714],[4.965525,47.2045975],[4.9653247,47.2046325],[4.9653175,47.2045983],[4.9655015,47.2045751],[4.9655213,47.2045714]]]},"properties":{"id":"21442000AB0210","reference":"AB 0210","commune":"21442","cadastreAreaM2":55,"geometryAreaM2":51.7097,"bounds":[4.9653175,47.2045714,4.965525,47.2046325],"labelPoint":[4.965371830428569,47.2046154],"overlaps":[{"parentFeatureId":"inao-denom-544","name":"Clos de la Roche","areaM2":51.3052,"parcelPercent":99.2176}],"recordedRights":[{"holderId":"429825250","siren":"429825250","name":"DOMAINE GEORGES LIGNIER PERE ET FILS","rightCode":"P","rightLabel":"Propriétaire","legalForm":"6534","legalFormLabel":"GFA"}],"domaineLinks":[],"recordMatch":"reference-and-area","recordAreasM2":[55]}},{"type":"Feature","id":"21442000AB0212","geometry":{"type":"Polygon","coordinates":[[[4.9641418,47.2041174],[4.964703,47.204051],[4.9652927,47.203983],[4.9653417,47.2042066],[4.9642704,47.2043208],[4.9642127,47.2043285],[4.9641514,47.2041462],[4.9641418,47.2041174]]]},"properties":{"id":"21442000AB0212","reference":"AB 0212","commune":"21442","cadastreAreaM2":2168,"geometryAreaM2":2145.2238,"bounds":[4.9641418,47.203983,4.9653417,47.2043285],"labelPoint":[4.964748318475609,47.204176399999994],"overlaps":[{"parentFeatureId":"inao-denom-544","name":"Clos de la Roche","areaM2":2140.7382,"parcelPercent":99.7909}],"recordedRights":[{"holderId":"429825250","siren":"429825250","name":"DOMAINE GEORGES LIGNIER PERE ET FILS","rightCode":"P","rightLabel":"Propriétaire","legalForm":"6534","legalFormLabel":"GFA"}],"domaineLinks":[],"recordMatch":"reference-and-area","recordAreasM2":[2168]}},{"type":"Feature","id":"21442000AB0214","geometry":{"type":"Polygon","coordinates":[[[4.963886,47.2028879],[4.9649776,47.2026513],[4.9650809,47.2030695],[4.9639394,47.2033175],[4.9639108,47.2030891],[4.9639015,47.2030148],[4.963886,47.2028879]]]},"properties":{"id":"21442000AB0214","reference":"AB 0214","commune":"21442","cadastreAreaM2":4138,"geometryAreaM2":4139.9926,"bounds":[4.963886,47.2026513,4.9650809,47.2033175],"labelPoint":[4.964472732825204,47.20295135],"overlaps":[{"parentFeatureId":"inao-denom-544","name":"Clos de la Roche","areaM2":4129.8138,"parcelPercent":99.7541}],"recordedRights":[],"domaineLinks":[],"recordMatch":"unknown","recordAreasM2":[]}},{"type":"Feature","id":"21442000AB0215","geometry":{"type":"Polygon","coordinates":[[[4.9638741,47.2028407],[4.9638668,47.2027636],[4.9638501,47.2026772],[4.9638423,47.2026395],[4.9648722,47.2024148],[4.9649776,47.2026513],[4.963886,47.2028879],[4.9638856,47.2028843],[4.9638741,47.2028407]]]},"properties":{"id":"21442000AB0215","reference":"AB 0215","commune":"21442","cadastreAreaM2":2324,"geometryAreaM2":2306.465,"bounds":[4.9638423,47.2024148,4.9649776,47.2028879],"labelPoint":[4.964382636676191,47.20266425],"overlaps":[{"parentFeatureId":"inao-denom-544","name":"Clos de la Roche","areaM2":2296.6706,"parcelPercent":99.5754}],"recordedRights":[{"holderId":"429825250","siren":"429825250","name":"DOMAINE GEORGES LIGNIER PERE ET FILS","rightCode":"P","rightLabel":"Propriétaire","legalForm":"6534","legalFormLabel":"GFA"}],"domaineLinks":[],"recordMatch":"reference-and-area","recordAreasM2":[2324]}},{"type":"Feature","id":"21442000AB0216","geometry":{"type":"Polygon","coordinates":[[[4.9646644,47.2019278],[4.9647502,47.2021432],[4.9648722,47.2024148],[4.9638423,47.2026395],[4.9637547,47.2024942],[4.9637502,47.202487],[4.9637074,47.2024154],[4.9636617,47.2023286],[4.9636607,47.2023234],[4.963654,47.2022803],[4.963671,47.2022562],[4.9637633,47.202213],[4.963887,47.2021546],[4.9638964,47.2020635],[4.9646644,47.2019278]]]},"properties":{"id":"21442000AB0216","reference":"AB 0216","commune":"21442","cadastreAreaM2":4640,"geometryAreaM2":4622.4479,"bounds":[4.963654,47.2019278,4.9648722,47.2026395],"labelPoint":[4.964239406995581,47.20230185],"overlaps":[{"parentFeatureId":"inao-denom-544","name":"Clos de la Roche","areaM2":4603.4999,"parcelPercent":99.5901}],"recordedRights":[],"domaineLinks":[],"recordMatch":"unknown","recordAreasM2":[]}},{"type":"Feature","id":"21442000AB0218","geometry":{"type":"Polygon","coordinates":[[[4.9637074,47.2024154],[4.9637502,47.202487],[4.9637547,47.2024942],[4.9630232,47.2026217],[4.962323,47.2027436],[4.9622429,47.2027576],[4.962233,47.2026134],[4.9630158,47.2024825],[4.9630332,47.2025355],[4.9630434,47.2025336],[4.9637074,47.2024154]]]},"properties":{"id":"21442000AB0218","reference":"AB 0218","commune":"21442","cadastreAreaM2":1455,"geometryAreaM2":1456.4742,"bounds":[4.962233,47.2024154,4.9637547,47.2027576],"labelPoint":[4.962880105825052,47.20257445],"overlaps":[{"parentFeatureId":"inao-denom-544","name":"Clos de la Roche","areaM2":1456.4742,"parcelPercent":100.0}],"recordedRights":[{"holderId":"322396185","siren":"322396185","name":"GFA DU DOMAINE DUJAC","rightCode":"P","rightLabel":"Propriétaire","legalForm":"6534","legalFormLabel":"GFA"}],"domaineLinks":[],"recordMatch":"reference-and-area","recordAreasM2":[1455]}},{"type":"Feature","id":"21442000AB0219","geometry":{"type":"Polygon","coordinates":[[[4.9636607,47.2023234],[4.9636617,47.2023286],[4.9637074,47.2024154],[4.9630434,47.2025336],[4.9630332,47.2025355],[4.9630158,47.2024825],[4.9630278,47.2024799],[4.963019,47.2024398],[4.9636485,47.2023234],[4.9636607,47.2023234]]]},"properties":{"id":"21442000AB0219","reference":"AB 0219","commune":"21442","cadastreAreaM2":555,"geometryAreaM2":556.3241,"bounds":[4.9630158,47.2023234,4.9637074,47.2025355],"labelPoint":[4.9633619219176826,47.2024276],"overlaps":[{"parentFeatureId":"inao-denom-544","name":"Clos de la Roche","areaM2":556.3241,"parcelPercent":100.0}],"recordedRights":[],"domaineLinks":[],"recordMatch":"unknown","recordAreasM2":[]}},{"type":"Feature","id":"21442000AB0220","geometry":{"type":"Polygon","coordinates":[[[4.9638964,47.2020635],[4.963887,47.2021546],[4.9637633,47.202213],[4.963671,47.2022562],[4.963654,47.2022803],[4.9636607,47.2023234],[4.9636485,47.2023234],[4.963019,47.2024398],[4.9629858,47.2023629],[4.9632341,47.2023183],[4.9632186,47.2022693],[4.9632096,47.2022708],[4.9631879,47.2022014],[4.9634894,47.2021364],[4.963601,47.2021142],[4.9638964,47.2020635]]]},"properties":{"id":"21442000AB0220","reference":"AB 0220","commune":"21442","cadastreAreaM2":1200,"geometryAreaM2":1192.5633,"bounds":[4.9629858,47.2020635,4.9638964,47.2024398],"labelPoint":[4.963457715489917,47.2022346],"overlaps":[{"parentFeatureId":"inao-denom-544","name":"Clos de la Roche","areaM2":1192.5633,"parcelPercent":100.0}],"recordedRights":[],"domaineLinks":[],"recordMatch":"unknown","recordAreasM2":[]}},{"type":"Feature","id":"21442000AB0221","geometry":{"type":"Polygon","coordinates":[[[4.9630158,47.2024825],[4.962233,47.2026134],[4.9622205,47.2024624],[4.9632096,47.2022708],[4.9632186,47.2022693],[4.9632341,47.2023183],[4.9629858,47.2023629],[4.963019,47.2024398],[4.9630278,47.2024799],[4.9630158,47.2024825]]]},"properties":{"id":"21442000AB0221","reference":"AB 0221","commune":"21442","cadastreAreaM2":1172,"geometryAreaM2":1169.1845,"bounds":[4.9622205,47.2022693,4.9632341,47.2026134],"labelPoint":[4.962650156993144,47.202451100000005],"overlaps":[{"parentFeatureId":"inao-denom-544","name":"Clos de la Roche","areaM2":1169.1845,"parcelPercent":100.0}],"recordedRights":[],"domaineLinks":[],"recordMatch":"unknown","recordAreasM2":[]}},{"type":"Feature","id":"21442000AB0222","geometry":{"type":"Polygon","coordinates":[[[4.9631879,47.2022014],[4.9632096,47.2022708],[4.9622205,47.2024624],[4.9622016,47.2023137],[4.9631649,47.2021266],[4.9631879,47.2022014]]]},"properties":{"id":"21442000AB0222","reference":"AB 0222","commune":"21442","cadastreAreaM2":1251,"geometryAreaM2":1252.6729,"bounds":[4.9622016,47.2021266,4.9632096,47.2024624],"labelPoint":[4.962705452706254,47.20229225],"overlaps":[{"parentFeatureId":"inao-denom-544","name":"Clos de la Roche","areaM2":1252.6729,"parcelPercent":100.0}],"recordedRights":[{"holderId":"322396185","siren":"322396185","name":"GFA DU DOMAINE DUJAC","rightCode":"P","rightLabel":"Propriétaire","legalForm":"6534","legalFormLabel":"GFA"}],"domaineLinks":[],"recordMatch":"reference-and-area","recordAreasM2":[1251]}},{"type":"Feature","id":"21442000AB0224","geometry":{"type":"Polygon","coordinates":[[[4.9631649,47.2021266],[4.9622016,47.2023137],[4.9621917,47.202228],[4.96254,47.2021542],[4.962889,47.2020818],[4.96327,47.2020044],[4.9633237,47.2019936],[4.9635468,47.2019539],[4.9638311,47.2019016],[4.9638531,47.2019557],[4.9631562,47.2020964],[4.9631649,47.2021266]]]},"properties":{"id":"21442000AB0224","reference":"AB 0224","commune":"21442","cadastreAreaM2":1136,"geometryAreaM2":1141.8644,"bounds":[4.9621917,47.2019016,4.9638531,47.2023137],"labelPoint":[4.962953191436467,47.2021115],"overlaps":[{"parentFeatureId":"inao-denom-544","name":"Clos de la Roche","areaM2":1141.8644,"parcelPercent":100.0}],"recordedRights":[],"domaineLinks":[],"recordMatch":"unknown","recordAreasM2":[]}},{"type":"Feature","id":"21442000AB0227","geometry":{"type":"Polygon","coordinates":[[[4.9621917,47.202228],[4.9621861,47.202183],[4.9626498,47.2020825],[4.9626928,47.2020723],[4.9633097,47.2019475],[4.963313,47.2019584],[4.9633237,47.2019936],[4.96327,47.2020044],[4.962889,47.2020818],[4.96254,47.2021542],[4.9621917,47.202228]]]},"properties":{"id":"21442000AB0227","reference":"AB 0227","commune":"21442","cadastreAreaM2":446,"geometryAreaM2":459.7972,"bounds":[4.9621861,47.2019475,4.9633237,47.202228],"labelPoint":[4.9625986017211385,47.202118350000006],"overlaps":[{"parentFeatureId":"inao-denom-544","name":"Clos de la Roche","areaM2":459.7972,"parcelPercent":100.0}],"recordedRights":[{"holderId":"U21367129","siren":null,"name":"GROUPEMENT FONCIER AGRICOLE LES BOUTIERES","rightCode":"P","rightLabel":"Propriétaire","legalForm":"9900","legalFormLabel":"AUPM"}],"domaineLinks":[],"recordMatch":"reference-and-area","recordAreasM2":[446]}},{"type":"Feature","id":"21442000AB0228","geometry":{"type":"Polygon","coordinates":[[[4.9622013,47.2019423],[4.962753,47.2018637],[4.9632621,47.2017926],[4.9632945,47.2018986],[4.9633097,47.2019475],[4.9626928,47.2020723],[4.9626498,47.2020825],[4.9621861,47.202183],[4.962179,47.2020862],[4.9622013,47.2019423]]]},"properties":{"id":"21442000AB0228","reference":"AB 0228","commune":"21442","cadastreAreaM2":1863,"geometryAreaM2":1839.8937,"bounds":[4.962179,47.2017926,4.9633097,47.202183],"labelPoint":[4.962596037056984,47.2020099],"overlaps":[{"parentFeatureId":"inao-denom-544","name":"Clos de la Roche","areaM2":1837.028,"parcelPercent":99.8443}],"recordedRights":[{"holderId":"429825250","siren":"429825250","name":"DOMAINE GEORGES LIGNIER PERE ET FILS","rightCode":"P","rightLabel":"Propriétaire","legalForm":"6534","legalFormLabel":"GFA"}],"domaineLinks":[],"recordMatch":"reference-and-area","recordAreasM2":[1863]}},{"type":"Feature","id":"21442000AB0229","geometry":{"type":"Polygon","coordinates":[[[4.9642974,47.2010016],[4.9645376,47.2016078],[4.9632621,47.2017926],[4.962753,47.2018637],[4.9622013,47.2019423],[4.9622116,47.2018784],[4.9622242,47.2018146],[4.9622418,47.2017395],[4.9622855,47.2015881],[4.9623219,47.201485],[4.9623694,47.2014045],[4.962423,47.2013303],[4.9642974,47.2010016]]]},"properties":{"id":"21442000AB0229","reference":"AB 0229","commune":"21442","cadastreAreaM2":10997,"geometryAreaM2":10978.4401,"bounds":[4.9622013,47.2010016,4.9645376,47.2019423],"labelPoint":[4.963409321626527,47.20144475],"overlaps":[{"parentFeatureId":"inao-denom-544","name":"Clos de la Roche","areaM2":10932.3553,"parcelPercent":99.5802}],"recordedRights":[{"holderId":"307017962","siren":"307017962","name":"DOMAINE ARMAND ROUSSEAU","rightCode":"P","rightLabel":"Propriétaire","legalForm":"5710","legalFormLabel":"SAS"}],"domaineLinks":[],"recordMatch":"reference-and-area","recordAreasM2":[10997]}},{"type":"Feature","id":"21442000AB0230","geometry":{"type":"Polygon","coordinates":[[[4.9642974,47.2010016],[4.962423,47.2013303],[4.9624267,47.2012699],[4.963273,47.2011245],[4.9642696,47.2009348],[4.9642974,47.2010016]]]},"properties":{"id":"21442000AB0230","reference":"AB 0230","commune":"21442","cadastreAreaM2":968,"geometryAreaM2":961.939,"bounds":[4.962423,47.2009348,4.9642974,47.2013303],"labelPoint":[4.963015923996069,47.201197199999996],"overlaps":[{"parentFeatureId":"inao-denom-544","name":"Clos de la Roche","areaM2":958.4875,"parcelPercent":99.6412}],"recordedRights":[{"holderId":"U21979030","siren":null,"name":"G F A  DOMAINE FRANCOIS FEUILLET","rightCode":"P","rightLabel":"Propriétaire","legalForm":"9900","legalFormLabel":"AUPM"}],"domaineLinks":[],"recordMatch":"reference-and-area","recordAreasM2":[968]}},{"type":"Feature","id":"21442000AB0235","geometry":{"type":"Polygon","coordinates":[[[4.9635921,47.1997186],[4.9633694,47.1997924],[4.9629941,47.1999149],[4.9629447,47.1998295],[4.9629117,47.1997598],[4.9629293,47.1997535],[4.9629658,47.1997406],[4.9629908,47.1997296],[4.963382,47.1995759],[4.9634745,47.199624],[4.9635921,47.1997186]]]},"properties":{"id":"21442000AB0235","reference":"AB 0235","commune":"21442","cadastreAreaM2":923,"geometryAreaM2":918.0847,"bounds":[4.9629117,47.1995759,4.9635921,47.1999149],"labelPoint":[4.963226899424118,47.19974705],"overlaps":[{"parentFeatureId":"inao-denom-544","name":"Clos de la Roche","areaM2":896.8081,"parcelPercent":97.6825}],"recordedRights":[],"domaineLinks":[],"recordMatch":"unknown","recordAreasM2":[]}},{"type":"Feature","id":"21442000AB0237","geometry":{"type":"Polygon","coordinates":[[[4.9629447,47.1998295],[4.9629941,47.1999149],[4.9629692,47.1999239],[4.9629722,47.1999334],[4.9630531,47.2001874],[4.9630565,47.2001983],[4.9621458,47.2002695],[4.9620893,47.2001504],[4.9620737,47.2001192],[4.9620604,47.2000876],[4.9620493,47.2000555],[4.9620466,47.2000468],[4.9620617,47.1999446],[4.9620868,47.1998536],[4.9621281,47.1998527],[4.9622043,47.1998515],[4.9622142,47.1998507],[4.9624374,47.1998261],[4.962489,47.1998203],[4.9625161,47.1998941],[4.9626125,47.1998847],[4.962833,47.1998528],[4.9629447,47.1998295]]]},"properties":{"id":"21442000AB0237","reference":"AB 0237","commune":"21442","cadastreAreaM2":2995,"geometryAreaM2":2994.3014,"bounds":[4.9620466,47.1998203,4.9630565,47.2002695],"labelPoint":[4.962523096397638,47.1999957],"overlaps":[{"parentFeatureId":"inao-denom-544","name":"Clos de la Roche","areaM2":2903.3604,"parcelPercent":96.9629}],"recordedRights":[],"domaineLinks":[],"recordMatch":"unknown","recordAreasM2":[]}},{"type":"Feature","id":"21442000AB0240","geometry":{"type":"Polygon","coordinates":[[[4.9632144,47.2008355],[4.9632425,47.2009779],[4.963266,47.2010976],[4.963273,47.2011245],[4.9624267,47.2012699],[4.9624345,47.2011919],[4.9624196,47.2011],[4.9623803,47.2008839],[4.9623454,47.2007536],[4.9631878,47.2007084],[4.9631991,47.2007554],[4.9632046,47.2007837],[4.9632144,47.2008355]]]},"properties":{"id":"21442000AB0240","reference":"AB 0240","commune":"21442","cadastreAreaM2":3333,"geometryAreaM2":3316.0557,"bounds":[4.9623454,47.2007084,4.963273,47.2012699],"labelPoint":[4.962831264599723,47.20103775],"overlaps":[{"parentFeatureId":"inao-denom-544","name":"Clos de la Roche","areaM2":3314.6741,"parcelPercent":99.9583}],"recordedRights":[],"domaineLinks":[],"recordMatch":"unknown","recordAreasM2":[]}},{"type":"Feature","id":"21442000AB0242","geometry":{"type":"Polygon","coordinates":[[[4.9621203,47.2003642],[4.9622268,47.2005874],[4.9606271,47.2009006],[4.9605406,47.2009172],[4.960527,47.2008991],[4.9604544,47.2008221],[4.9604113,47.2007628],[4.9604342,47.2007569],[4.9603906,47.2007025],[4.9614201,47.2004977],[4.9621203,47.2003642]]]},"properties":{"id":"21442000AB0242","reference":"AB 0242","commune":"21442","cadastreAreaM2":3515,"geometryAreaM2":3548.3618,"bounds":[4.9603906,47.2003642,4.9622268,47.2009172],"labelPoint":[4.961306376605529,47.20064495],"overlaps":[{"parentFeatureId":"inao-denom-548","name":"Clos Saint-Denis","areaM2":3538.4798,"parcelPercent":99.7215}],"recordedRights":[],"domaineLinks":[],"recordMatch":"unknown","recordAreasM2":[]}},{"type":"Feature","id":"21442000AB0243","geometry":{"type":"Polygon","coordinates":[[[4.9605406,47.2009172],[4.9606271,47.2009006],[4.9622268,47.2005874],[4.9622671,47.200698],[4.9606115,47.201025],[4.9606025,47.2010122],[4.9605706,47.2009649],[4.9605406,47.2009172]]]},"properties":{"id":"21442000AB0243","reference":"AB 0243","commune":"21442","cadastreAreaM2":1696,"geometryAreaM2":1686.304,"bounds":[4.9605406,47.2005874,4.9622671,47.201025],"labelPoint":[4.961449359093147,47.2007993],"overlaps":[{"parentFeatureId":"inao-denom-548","name":"Clos Saint-Denis","areaM2":1682.8348,"parcelPercent":99.7943}],"recordedRights":[],"domaineLinks":[],"recordMatch":"unknown","recordAreasM2":[]}},{"type":"Feature","id":"21442000AB0244","geometry":{"type":"Polygon","coordinates":[[[4.9606115,47.201025],[4.9622671,47.200698],[4.9623022,47.200816],[4.9621079,47.2008536],[4.9614062,47.2009905],[4.9607052,47.201129],[4.9606461,47.201064],[4.9606115,47.201025]]]},"properties":{"id":"21442000AB0244","reference":"AB 0244","commune":"21442","cadastreAreaM2":1696,"geometryAreaM2":1683.1257,"bounds":[4.9606115,47.200698,4.9623022,47.201129],"labelPoint":[4.961444892767582,47.20092205],"overlaps":[{"parentFeatureId":"inao-denom-548","name":"Clos Saint-Denis","areaM2":1679.7486,"parcelPercent":99.7994}],"recordedRights":[],"domaineLinks":[],"recordMatch":"unknown","recordAreasM2":[]}},{"type":"Feature","id":"21442000AB0245","geometry":{"type":"Polygon","coordinates":[[[4.9607052,47.201129],[4.9614062,47.2009905],[4.9621079,47.2008536],[4.9623022,47.200816],[4.9623462,47.2010172],[4.9609178,47.2013251],[4.9608607,47.2013368],[4.9608137,47.2012742],[4.9607993,47.2012241],[4.960766,47.201179],[4.9607242,47.2011503],[4.9607052,47.201129]]]},"properties":{"id":"21442000AB0245","reference":"AB 0245","commune":"21442","cadastreAreaM2":2916,"geometryAreaM2":2910.7069,"bounds":[4.9607052,47.200816,4.9623462,47.2013368],"labelPoint":[4.961537500581674,47.2010731],"overlaps":[{"parentFeatureId":"inao-denom-548","name":"Clos Saint-Denis","areaM2":2906.3459,"parcelPercent":99.8502}],"recordedRights":[{"holderId":"439629254","siren":"439629254","name":"SAINT LOUP","rightCode":"P","rightLabel":"Propriétaire","legalForm":"6534","legalFormLabel":"GFA"}],"domaineLinks":[],"recordMatch":"reference-and-area","recordAreasM2":[2916]}},{"type":"Feature","id":"21442000AB0246","geometry":{"type":"Polygon","coordinates":[[[4.9609178,47.2013251],[4.9623462,47.2010172],[4.9623675,47.2011204],[4.9623716,47.2011833],[4.9623593,47.2012446],[4.9608805,47.2015392],[4.9608453,47.2014363],[4.9609016,47.201419],[4.9609204,47.2014041],[4.9609322,47.201354],[4.9609241,47.2013402],[4.9609178,47.2013251]]]},"properties":{"id":"21442000AB0246","reference":"AB 0246","commune":"21442","cadastreAreaM2":2693,"geometryAreaM2":2702.66,"bounds":[4.9608453,47.2010172,4.9623716,47.2015392],"labelPoint":[4.961630892052089,47.20128485],"overlaps":[{"parentFeatureId":"inao-denom-548","name":"Clos Saint-Denis","areaM2":2701.0421,"parcelPercent":99.9401}],"recordedRights":[{"holderId":"323824649","siren":"323824649","name":"GFA DOMAINE DES CHEZEAUX","rightCode":"P","rightLabel":"Propriétaire","legalForm":"6534","legalFormLabel":"GFA"}],"domaineLinks":[],"recordMatch":"reference-and-area","recordAreasM2":[2693]}},{"type":"Feature","id":"21442000AB0248","geometry":{"type":"Polygon","coordinates":[[[4.9621794,47.2017485],[4.9610537,47.2019754],[4.961041,47.2019658],[4.9610404,47.2019383],[4.9610873,47.2019291],[4.9610711,47.2018943],[4.9610293,47.2018363],[4.9610124,47.2018374],[4.9609751,47.2017162],[4.9622764,47.2014628],[4.9622532,47.2015121],[4.962211,47.2016337],[4.9621794,47.2017485]]]},"properties":{"id":"21442000AB0248","reference":"AB 0248","commune":"21442","cadastreAreaM2":2727,"geometryAreaM2":2721.6735,"bounds":[4.9609751,47.2014628,4.9622764,47.2019754],"labelPoint":[4.96158195786308,47.20173235],"overlaps":[{"parentFeatureId":"inao-denom-548","name":"Clos Saint-Denis","areaM2":2721.6735,"parcelPercent":100.0}],"recordedRights":[{"holderId":"322396185","siren":"322396185","name":"GFA DU DOMAINE DUJAC","rightCode":"P","rightLabel":"Propriétaire","legalForm":"6534","legalFormLabel":"GFA"}],"domaineLinks":[],"recordMatch":"reference-and-area","recordAreasM2":[2727]}},{"type":"Feature","id":"21442000AB0250","geometry":{"type":"Polygon","coordinates":[[[4.9621274,47.2020942],[4.9618868,47.2021268],[4.9616628,47.2021586],[4.9614392,47.2021919],[4.9611435,47.2022444],[4.9611305,47.2021017],[4.9621436,47.2019013],[4.9621274,47.2020942]]]},"properties":{"id":"21442000AB0250","reference":"AB 0250","commune":"21442","cadastreAreaM2":1369,"geometryAreaM2":1370.1005,"bounds":[4.9611305,47.2019013,4.9621436,47.2022444],"labelPoint":[4.961895753854785,47.201997750000004],"overlaps":[{"parentFeatureId":"inao-denom-548","name":"Clos Saint-Denis","areaM2":1370.1005,"parcelPercent":100.0}],"recordedRights":[{"holderId":"429825250","siren":"429825250","name":"DOMAINE GEORGES LIGNIER PERE ET FILS","rightCode":"P","rightLabel":"Propriétaire","legalForm":"6534","legalFormLabel":"GFA"}],"domaineLinks":[],"recordMatch":"reference-and-area","recordAreasM2":[1369]}},{"type":"Feature","id":"21442000AB0253","geometry":{"type":"Polygon","coordinates":[[[4.960588,47.2017931],[4.9609751,47.2017162],[4.9610124,47.2018374],[4.9610293,47.2018363],[4.9610711,47.2018943],[4.9610873,47.2019291],[4.9610404,47.2019383],[4.961041,47.2019658],[4.9610537,47.2019754],[4.9606612,47.2020545],[4.9606951,47.2020346],[4.960694,47.202013],[4.9606907,47.2019892],[4.960659,47.2018664],[4.9606336,47.2018133],[4.960588,47.2017931]]]},"properties":{"id":"21442000AB0253","reference":"AB 0253","commune":"21442","cadastreAreaM2":850,"geometryAreaM2":836.4086,"bounds":[4.960588,47.2017162,4.9610873,47.2020545],"labelPoint":[4.960861823739328,47.201880349999996],"overlaps":[{"parentFeatureId":"inao-denom-548","name":"Clos Saint-Denis","areaM2":836.4086,"parcelPercent":100.0}],"recordedRights":[{"holderId":"322396185","siren":"322396185","name":"GFA DU DOMAINE DUJAC","rightCode":"P","rightLabel":"Propriétaire","legalForm":"6534","legalFormLabel":"GFA"}],"domaineLinks":[],"recordMatch":"reference-and-area","recordAreasM2":[850]}},{"type":"Feature","id":"21442000AB0255","geometry":{"type":"Polygon","coordinates":[[[4.9609178,47.2013251],[4.9609241,47.2013402],[4.9609322,47.201354],[4.9609204,47.2014041],[4.9609016,47.201419],[4.9608453,47.2014363],[4.9608805,47.2015392],[4.9602946,47.2016556],[4.9602546,47.2015685],[4.9602307,47.2015143],[4.9602133,47.2014753],[4.9605331,47.2014077],[4.9608607,47.2013368],[4.9609178,47.2013251]]]},"properties":{"id":"21442000AB0255","reference":"AB 0255","commune":"21442","cadastreAreaM2":1083,"geometryAreaM2":1078.1894,"bounds":[4.9602133,47.2013251,4.9609322,47.2016556],"labelPoint":[4.960543655830904,47.2014948],"overlaps":[{"parentFeatureId":"inao-denom-548","name":"Clos Saint-Denis","areaM2":1078.1894,"parcelPercent":100.0}],"recordedRights":[{"holderId":"323824649","siren":"323824649","name":"GFA DOMAINE DES CHEZEAUX","rightCode":"P","rightLabel":"Propriétaire","legalForm":"6534","legalFormLabel":"GFA"}],"domaineLinks":[],"recordMatch":"reference-and-area","recordAreasM2":[1083]}},{"type":"Feature","id":"21442000AB0256","geometry":{"type":"Polygon","coordinates":[[[4.9608137,47.2012742],[4.9608607,47.2013368],[4.9605331,47.2014077],[4.9602133,47.2014753],[4.9602031,47.2014509],[4.9605162,47.2013603],[4.9608137,47.2012742]]]},"properties":{"id":"21442000AB0256","reference":"AB 0256","commune":"21442","cadastreAreaM2":264,"geometryAreaM2":270.1837,"bounds":[4.9602031,47.2012742,4.9608607,47.2014753],"labelPoint":[4.960538452198556,47.201384],"overlaps":[{"parentFeatureId":"inao-denom-548","name":"Clos Saint-Denis","areaM2":270.1837,"parcelPercent":100.0}],"recordedRights":[{"holderId":"439629254","siren":"439629254","name":"SAINT LOUP","rightCode":"P","rightLabel":"Propriétaire","legalForm":"6534","legalFormLabel":"GFA"}],"domaineLinks":[],"recordMatch":"reference-and-area","recordAreasM2":[264]}},{"type":"Feature","id":"21442000AB0270","geometry":{"type":"Polygon","coordinates":[[[4.9601962,47.2017858],[4.9602525,47.2019239],[4.9601497,47.2019484],[4.9599638,47.201983],[4.9599354,47.2018662],[4.9601337,47.2018418],[4.9601881,47.2017914],[4.9601962,47.2017858]]]},"properties":{"id":"21442000AB0270","reference":"AB 0270","commune":"21442","cadastreAreaM2":286,"geometryAreaM2":283.6423,"bounds":[4.9599354,47.2017858,4.9602525,47.201983],"labelPoint":[4.9600915767281375,47.20189505],"overlaps":[{"parentFeatureId":"inao-denom-548","name":"Clos Saint-Denis","areaM2":5.0766,"parcelPercent":1.7898}],"recordedRights":[],"domaineLinks":[],"recordMatch":"unknown","recordAreasM2":[]}},{"type":"Feature","id":"21442000AB0297","geometry":{"type":"Polygon","coordinates":[[[4.9590116,47.2013029],[4.9590617,47.2014159],[4.9590634,47.2014198],[4.9590838,47.2014676],[4.9591071,47.201534],[4.9590495,47.2015489],[4.9590951,47.2017307],[4.9588941,47.2017408],[4.9586586,47.2017549],[4.9584189,47.2017702],[4.9583662,47.2017736],[4.9583946,47.2016674],[4.9584207,47.2015609],[4.9584399,47.2014764],[4.958443,47.2014115],[4.9584484,47.2013465],[4.9584501,47.2013304],[4.9586753,47.2013205],[4.9589,47.2013092],[4.9590116,47.2013029]]]},"properties":{"id":"21442000AB0297","reference":"AB 0297","commune":"21442","cadastreAreaM2":2366,"geometryAreaM2":2366.2729,"bounds":[4.9583662,47.2013029,4.9591071,47.2017736],"labelPoint":[4.958751709704142,47.20154145],"overlaps":[{"parentFeatureId":"inao-denom-548","name":"Clos Saint-Denis","areaM2":62.5829,"parcelPercent":2.6448}],"recordedRights":[],"domaineLinks":[],"recordMatch":"unknown","recordAreasM2":[]}},{"type":"Feature","id":"21442000AB0299","geometry":{"type":"Polygon","coordinates":[[[4.9591071,47.201534],[4.9590838,47.2014676],[4.9590634,47.2014198],[4.9591211,47.2014156],[4.9592683,47.2014045],[4.9595298,47.2013423],[4.9595478,47.2013836],[4.9595881,47.2013905],[4.9596045,47.2014264],[4.959501,47.2014472],[4.9591071,47.201534]]]},"properties":{"id":"21442000AB0299","reference":"AB 0299","commune":"21442","cadastreAreaM2":400,"geometryAreaM2":405.6595,"bounds":[4.9590634,47.2013423,4.9596045,47.201534],"labelPoint":[4.9593117026150715,47.201436799999996],"overlaps":[{"parentFeatureId":"inao-denom-548","name":"Clos Saint-Denis","areaM2":54.9549,"parcelPercent":13.5471}],"recordedRights":[],"domaineLinks":[],"recordMatch":"unknown","recordAreasM2":[]}},{"type":"Feature","id":"21442000AB0301","geometry":{"type":"Polygon","coordinates":[[[4.9590116,47.2013029],[4.9589,47.2013092],[4.9586753,47.2013205],[4.9584501,47.2013304],[4.9584774,47.2009314],[4.9584953,47.2008824],[4.9585022,47.2008645],[4.9586346,47.2007617],[4.9587862,47.2006409],[4.958963,47.2010235],[4.9590782,47.2012993],[4.9590116,47.2013029]]]},"properties":{"id":"21442000AB0301","reference":"AB 0301","commune":"21442","cadastreAreaM2":2323,"geometryAreaM2":2340.3345,"bounds":[4.9584501,47.2006409,4.9590782,47.2013304],"labelPoint":[4.958707984720265,47.200977449999996],"overlaps":[{"parentFeatureId":"inao-denom-548","name":"Clos Saint-Denis","areaM2":2301.3507,"parcelPercent":98.3343}],"recordedRights":[],"domaineLinks":[],"recordMatch":"unknown","recordAreasM2":[]}},{"type":"Feature","id":"21442000AB0303","geometry":{"type":"Polygon","coordinates":[[[4.9639394,47.2033175],[4.9650809,47.2030695],[4.9651804,47.2034724],[4.9651993,47.2035547],[4.9640287,47.2037022],[4.9640158,47.2036474],[4.9639394,47.2033175]]]},"properties":{"id":"21442000AB0303","reference":"AB 0303","commune":"21442","cadastreAreaM2":4390,"geometryAreaM2":4403.4236,"bounds":[4.9639394,47.2030695,4.9651993,47.2037022],"labelPoint":[4.964559304633548,47.20339495],"overlaps":[{"parentFeatureId":"inao-denom-544","name":"Clos de la Roche","areaM2":4394.6032,"parcelPercent":99.7997}],"recordedRights":[{"holderId":"U21586080","siren":null,"name":"GROUPEMENT FONCIER AGRICOLE DU DOMAINE ARLAUD PERE ET FILS","rightCode":"P","rightLabel":"Propriétaire","legalForm":"6534","legalFormLabel":"GFA"}],"domaineLinks":[],"recordMatch":"reference-and-area","recordAreasM2":[4390]}},{"type":"Feature","id":"21442000AB0304","geometry":{"type":"Polygon","coordinates":[[[4.9622764,47.2014628],[4.9609751,47.2017162],[4.9609686,47.2017005],[4.9609275,47.201633],[4.9615281,47.2015142],[4.9621297,47.2013968],[4.9623281,47.2013583],[4.9622764,47.2014628]]]},"properties":{"id":"21442000AB0304","reference":"AB 0304","commune":"21442","cadastreAreaM2":1072,"geometryAreaM2":1067.1876,"bounds":[4.9609275,47.2013583,4.9623281,47.2017162],"labelPoint":[4.961467601104957,47.2015736],"overlaps":[{"parentFeatureId":"inao-denom-548","name":"Clos Saint-Denis","areaM2":1067.1876,"parcelPercent":100.0}],"recordedRights":[],"domaineLinks":[],"recordMatch":"unknown","recordAreasM2":[]}},{"type":"Feature","id":"21442000AB0305","geometry":{"type":"Polygon","coordinates":[[[4.9623593,47.2012446],[4.9623381,47.2013368],[4.9623281,47.2013583],[4.9621297,47.2013968],[4.9615281,47.2015142],[4.9609275,47.201633],[4.9608956,47.2015793],[4.9608805,47.2015392],[4.9623593,47.2012446]]]},"properties":{"id":"21442000AB0305","reference":"AB 0305","commune":"21442","cadastreAreaM2":1264,"geometryAreaM2":1272.3826,"bounds":[4.9608805,47.2012446,4.9623593,47.201633],"labelPoint":[4.961564773930776,47.201455499999994],"overlaps":[{"parentFeatureId":"inao-denom-548","name":"Clos Saint-Denis","areaM2":1272.3826,"parcelPercent":100.0}],"recordedRights":[{"holderId":"U21586080","siren":null,"name":"GROUPEMENT FONCIER AGRICOLE DU DOMAINE ARLAUD PERE ET FILS","rightCode":"P","rightLabel":"Propriétaire","legalForm":"6534","legalFormLabel":"GFA"}],"domaineLinks":[],"recordMatch":"reference-and-area","recordAreasM2":[1264]}},{"type":"Feature","id":"21442000AB0306","geometry":{"type":"Polygon","coordinates":[[[4.9608805,47.2015392],[4.9608956,47.2015793],[4.9609275,47.201633],[4.9602792,47.2017589],[4.9603258,47.2017275],[4.9602946,47.2016556],[4.9608805,47.2015392]]]},"properties":{"id":"21442000AB0306","reference":"AB 0306","commune":"21442","cadastreAreaM2":504,"geometryAreaM2":507.3077,"bounds":[4.9602792,47.2015392,4.9609275,47.2017589],"labelPoint":[4.9606103956186764,47.2016443],"overlaps":[{"parentFeatureId":"inao-denom-548","name":"Clos Saint-Denis","areaM2":504.0328,"parcelPercent":99.3544}],"recordedRights":[{"holderId":"U21586080","siren":null,"name":"GROUPEMENT FONCIER AGRICOLE DU DOMAINE ARLAUD PERE ET FILS","rightCode":"P","rightLabel":"Propriétaire","legalForm":"6534","legalFormLabel":"GFA"}],"domaineLinks":[],"recordMatch":"reference-and-area","recordAreasM2":[504]}},{"type":"Feature","id":"21442000AB0307","geometry":{"type":"Polygon","coordinates":[[[4.9602792,47.2017589],[4.9609275,47.201633],[4.9609686,47.2017005],[4.9609751,47.2017162],[4.960588,47.2017931],[4.960527,47.2018049],[4.9604582,47.20184],[4.9604081,47.201857],[4.9603651,47.2018732],[4.9603551,47.2018797],[4.9603486,47.2018863],[4.960344,47.2018935],[4.9603416,47.2019012],[4.9602525,47.2019239],[4.9601962,47.2017858],[4.96024,47.2017732],[4.9602463,47.2017683],[4.9602792,47.2017589]]]},"properties":{"id":"21442000AB0307","reference":"AB 0307","commune":"21442","cadastreAreaM2":686,"geometryAreaM2":672.9816,"bounds":[4.9601962,47.201633,4.9609751,47.2019239],"labelPoint":[4.960437279908978,47.2017795],"overlaps":[{"parentFeatureId":"inao-denom-548","name":"Clos Saint-Denis","areaM2":663.4023,"parcelPercent":98.5766}],"recordedRights":[],"domaineLinks":[],"recordMatch":"unknown","recordAreasM2":[]}},{"type":"Feature","id":"21442000AB0309","geometry":{"type":"Polygon","coordinates":[[[4.9613597,47.2059217],[4.9615338,47.2059026],[4.96154,47.2059283],[4.9613658,47.2059524],[4.9613597,47.2059217]]]},"properties":{"id":"21442000AB0309","reference":"AB 0309","commune":"21442","cadastreAreaM2":37,"geometryAreaM2":42.4099,"bounds":[4.9613597,47.2059026,4.96154,47.2059524],"labelPoint":[4.961449779795688,47.20592499999999],"overlaps":[{"parentFeatureId":"inao-denom-544","name":"Clos de la Roche","areaM2":42.4099,"parcelPercent":100.0}],"recordedRights":[{"holderId":"819859885","siren":"819859885","name":"GFA MALAURO LIGNIER","rightCode":"P","rightLabel":"Propriétaire","legalForm":"6534","legalFormLabel":"GFA"}],"domaineLinks":[],"recordMatch":"reference-and-area","recordAreasM2":[37]}},{"type":"Feature","id":"21442000AB0311","geometry":{"type":"Polygon","coordinates":[[[4.9633648,47.2037406],[4.9625261,47.2038939],[4.9625216,47.2038612],[4.9633648,47.2037406]]]},"properties":{"id":"21442000AB0311","reference":"AB 0311","commune":"21442","cadastreAreaM2":110,"geometryAreaM2":118.2044,"bounds":[4.9625216,47.2037406,4.9633648,47.2038939],"labelPoint":[4.962989050195672,47.203800900000005],"overlaps":[{"parentFeatureId":"inao-denom-544","name":"Clos de la Roche","areaM2":118.2044,"parcelPercent":100.0}],"recordedRights":[{"holderId":"351648266","siren":"351648266","name":"DOMAINE PONSOT","rightCode":"P","rightLabel":"Propriétaire","legalForm":"5710","legalFormLabel":"SAS"}],"domaineLinks":[],"recordMatch":"reference-and-area","recordAreasM2":[110]}},{"type":"Feature","id":"21442000AB0315","geometry":{"type":"Polygon","coordinates":[[[4.9626634,47.2047251],[4.9643083,47.2044905],[4.9643166,47.20453],[4.9643677,47.2045286],[4.964403,47.2047134],[4.9643662,47.2047185],[4.9643643,47.204732],[4.9643633,47.2047394],[4.9643591,47.204744],[4.9643523,47.2047518],[4.9643465,47.204755],[4.9643419,47.2047576],[4.9643114,47.204763],[4.9642743,47.2047637],[4.9641731,47.2047544],[4.9641703,47.2047886],[4.9641217,47.2048073],[4.9639974,47.2048118],[4.9639841,47.2047243],[4.9639159,47.2047231],[4.9638992,47.2047178],[4.9638855,47.2047039],[4.9638671,47.2046643],[4.9638491,47.2046318],[4.9638444,47.20463],[4.9638395,47.2046281],[4.9638334,47.2046258],[4.9638101,47.2046239],[4.9637777,47.2046295],[4.9633802,47.2047087],[4.9632875,47.204722],[4.9629551,47.204763],[4.9629311,47.2047659],[4.9629128,47.2047732],[4.9629026,47.2047734],[4.9628925,47.2047721],[4.9628896,47.2047715],[4.9626759,47.2048018],[4.9626634,47.2047251]]]},"properties":{"id":"21442000AB0315","reference":"AB 0315","commune":"21442","cadastreAreaM2":1774,"geometryAreaM2":1840.2069,"bounds":[4.9626634,47.2044905,4.964403,47.2048118],"labelPoint":[4.9641243085092,47.20464805],"overlaps":[{"parentFeatureId":"inao-denom-544","name":"Clos de la Roche","areaM2":1840.2069,"parcelPercent":100.0}],"recordedRights":[{"holderId":"515520385","siren":"515520385","name":"LEROY S A","rightCode":"P","rightLabel":"Propriétaire","legalForm":"5599","legalFormLabel":"SA"}],"domaineLinks":[],"recordMatch":"reference-and-area","recordAreasM2":[1774]}},{"type":"Feature","id":"21442000AB0316","geometry":{"type":"Polygon","coordinates":[[[4.964403,47.2047134],[4.9643677,47.2045286],[4.9643166,47.20453],[4.9643083,47.2044905],[4.9654236,47.2043721],[4.9655184,47.2045597],[4.9655213,47.2045714],[4.9655015,47.2045751],[4.9653175,47.2045983],[4.9649695,47.2046433],[4.9646213,47.2046869],[4.9644147,47.2047119],[4.964403,47.2047134]]]},"properties":{"id":"21442000AB0316","reference":"AB 0316","commune":"21442","cadastreAreaM2":2011,"geometryAreaM2":2069.5609,"bounds":[4.9643083,47.2043721,4.9655213,47.2047134],"labelPoint":[4.9649408499368,47.20454485],"overlaps":[{"parentFeatureId":"inao-denom-544","name":"Clos de la Roche","areaM2":2060.0076,"parcelPercent":99.5384}],"recordedRights":[{"holderId":"515520385","siren":"515520385","name":"LEROY S A","rightCode":"P","rightLabel":"Propriétaire","legalForm":"5599","legalFormLabel":"SA"}],"domaineLinks":[],"recordMatch":"reference-and-area","recordAreasM2":[2011]}},{"type":"Feature","id":"21442000AB0369","geometry":{"type":"Polygon","coordinates":[[[4.9597679,47.2033641],[4.9600964,47.2033154],[4.960111,47.2033499],[4.9597836,47.2034014],[4.9597679,47.2033641]]]},"properties":{"id":"21442000AB0369","reference":"AB 0369","commune":"21442","cadastreAreaM2":99,"geometryAreaM2":105.38,"bounds":[4.9597679,47.2033154,4.960111,47.2034014],"labelPoint":[4.959940827749071,47.203357],"overlaps":[{"parentFeatureId":"inao-denom-544","name":"Clos de la Roche","areaM2":1.0388,"parcelPercent":0.9858}],"recordedRights":[{"holderId":"519906606","siren":"519906606","name":"G F A  DU DOMAINE PEIRAZEAU","rightCode":"P","rightLabel":"Propriétaire","legalForm":"6534","legalFormLabel":"GFA"}],"domaineLinks":[],"recordMatch":"reference-and-area","recordAreasM2":[99]}},{"type":"Feature","id":"21442000AB0371","geometry":{"type":"Polygon","coordinates":[[[4.9607657,47.2051422],[4.9608623,47.2051256],[4.9608493,47.205194],[4.9608508,47.2052025],[4.9607978,47.2052094],[4.9607657,47.2051422]]]},"properties":{"id":"21442000AB0371","reference":"AB 0371","commune":"21442","cadastreAreaM2":50,"geometryAreaM2":45.437,"bounds":[4.9607657,47.2051256,4.9608623,47.2052094],"labelPoint":[4.960816147194809,47.205168099999995],"overlaps":[{"parentFeatureId":"inao-denom-544","name":"Clos de la Roche","areaM2":45.4364,"parcelPercent":99.9987}],"recordedRights":[{"holderId":"U21367129","siren":null,"name":"GROUPEMENT FONCIER AGRICOLE LES BOUTIERES","rightCode":"P","rightLabel":"Propriétaire","legalForm":"9900","legalFormLabel":"AUPM"}],"domaineLinks":[],"recordMatch":"reference-and-area","recordAreasM2":[50]}},{"type":"Feature","id":"21442000AB0381","geometry":{"type":"Polygon","coordinates":[[[4.9615263,47.2047398],[4.9616085,47.2047414],[4.9616911,47.2047414],[4.9617278,47.204741],[4.961738,47.2047659],[4.9617504,47.2047904],[4.9617647,47.2048144],[4.9617703,47.2048227],[4.9617896,47.2048733],[4.960917,47.2050068],[4.9609403,47.2049059],[4.9609521,47.2048302],[4.9615263,47.2047398]]]},"properties":{"id":"21442000AB0381","reference":"AB 0381","commune":"21442","cadastreAreaM2":1173,"geometryAreaM2":1159.8264,"bounds":[4.960917,47.2047398,4.9617896,47.2050068],"labelPoint":[4.961312949323372,47.2048896],"overlaps":[{"parentFeatureId":"inao-denom-544","name":"Clos de la Roche","areaM2":1155.3418,"parcelPercent":99.6133}],"recordedRights":[{"holderId":"401807748","siren":"401807748","name":"LIGNIER MICHELOT","rightCode":"P","rightLabel":"Propriétaire","legalForm":"6540","legalFormLabel":"SCI"}],"domaineLinks":[],"recordMatch":"reference-and-area","recordAreasM2":[1173]}},{"type":"Feature","id":"21442000AB0382","geometry":{"type":"Polygon","coordinates":[[[4.9614865,47.205114],[4.9608815,47.2051995],[4.9608776,47.205185],[4.960917,47.2050068],[4.9617896,47.2048733],[4.9617937,47.2048838],[4.96171,47.2049013],[4.9617147,47.2049177],[4.9616578,47.2049251],[4.9616596,47.2050445],[4.9614442,47.205057],[4.9614865,47.205114]]]},"properties":{"id":"21442000AB0382","reference":"AB 0382","commune":"21442","cadastreAreaM2":1172,"geometryAreaM2":1168.0588,"bounds":[4.9608776,47.2048733,4.9617937,47.2051995],"labelPoint":[4.9612860740481315,47.205025649999996],"overlaps":[{"parentFeatureId":"inao-denom-544","name":"Clos de la Roche","areaM2":1162.7986,"parcelPercent":99.5497}],"recordedRights":[],"domaineLinks":[],"recordMatch":"unknown","recordAreasM2":[]}},{"type":"Feature","id":"21442000AB0393","geometry":{"type":"Polygon","coordinates":[[[4.9614766,47.2054445],[4.9616812,47.2054183],[4.9626519,47.2052799],[4.9626486,47.2053756],[4.9626404,47.2054251],[4.9620885,47.2054985],[4.9615059,47.2055776],[4.9614766,47.2054445]]]},"properties":{"id":"21442000AB0393","reference":"AB 0393","commune":"21442","cadastreAreaM2":1345,"geometryAreaM2":1349.8423,"bounds":[4.9614766,47.2052799,4.9626519,47.2055776],"labelPoint":[4.962059906920667,47.2054348],"overlaps":[{"parentFeatureId":"inao-denom-544","name":"Clos de la Roche","areaM2":1349.8423,"parcelPercent":100.0}],"recordedRights":[],"domaineLinks":[],"recordMatch":"unknown","recordAreasM2":[]}},{"type":"Feature","id":"21442000AB0394","geometry":{"type":"Polygon","coordinates":[[[4.961539,47.2057181],[4.9615222,47.2056458],[4.9615059,47.2055776],[4.9620885,47.2054985],[4.9626404,47.2054251],[4.9626101,47.2055756],[4.961539,47.2057181]]]},"properties":{"id":"21442000AB0394","reference":"AB 0394","commune":"21442","cadastreAreaM2":1370,"geometryAreaM2":1354.5232,"bounds":[4.9615059,47.2054251,4.9626404,47.2057181],"labelPoint":[4.962211213294747,47.205537050000004],"overlaps":[{"parentFeatureId":"inao-denom-544","name":"Clos de la Roche","areaM2":1354.5232,"parcelPercent":100.0}],"recordedRights":[],"domaineLinks":[],"recordMatch":"unknown","recordAreasM2":[]}},{"type":"Feature","id":"21442000AB0395","geometry":{"type":"Polygon","coordinates":[[[4.961539,47.2057181],[4.9626101,47.2055756],[4.96258,47.2056812],[4.9625585,47.2057345],[4.9625409,47.2057835],[4.9624515,47.2057939],[4.9623931,47.2058109],[4.9623843,47.2058136],[4.9621767,47.2058481],[4.9620835,47.2058599],[4.9620628,47.2058101],[4.9621887,47.2057642],[4.9621891,47.2057572],[4.9615893,47.2058202],[4.9615574,47.2058066],[4.9615509,47.2057764],[4.961539,47.2057181]]]},"properties":{"id":"21442000AB0395","reference":"AB 0395","commune":"21442","cadastreAreaM2":1360,"geometryAreaM2":1363.563,"bounds":[4.961539,47.2055756,4.9626101,47.2058599],"labelPoint":[4.962125118477731,47.20569965],"overlaps":[{"parentFeatureId":"inao-denom-544","name":"Clos de la Roche","areaM2":1363.563,"parcelPercent":100.0}],"recordedRights":[{"holderId":"819859885","siren":"819859885","name":"GFA MALAURO LIGNIER","rightCode":"P","rightLabel":"Propriétaire","legalForm":"6534","legalFormLabel":"GFA"}],"domaineLinks":[],"recordMatch":"reference-and-area","recordAreasM2":[1360]}},{"type":"Feature","id":"21442000AB0401","geometry":{"type":"Polygon","coordinates":[[[4.9635921,47.1997186],[4.963677,47.1997855],[4.9629722,47.1999334],[4.9629692,47.1999239],[4.9629941,47.1999149],[4.9633694,47.1997924],[4.9635921,47.1997186]]]},"properties":{"id":"21442000AB0401","reference":"AB 0401","commune":"21442","cadastreAreaM2":295,"geometryAreaM2":278.8448,"bounds":[4.9629692,47.1997186,4.963677,47.1999334],"labelPoint":[4.963266994607835,47.19985365],"overlaps":[{"parentFeatureId":"inao-denom-544","name":"Clos de la Roche","areaM2":270.7177,"parcelPercent":97.0854}],"recordedRights":[],"domaineLinks":[],"recordMatch":"unknown","recordAreasM2":[]}},{"type":"Feature","id":"21442000AB0402","geometry":{"type":"Polygon","coordinates":[[[4.9630565,47.2001983],[4.9630531,47.2001874],[4.9629722,47.1999334],[4.963677,47.1997855],[4.963746,47.199848],[4.963827,47.1999352],[4.9638551,47.1999739],[4.9638789,47.2000174],[4.9639005,47.2000614],[4.9639141,47.200092],[4.9630773,47.2002566],[4.9630565,47.2001983]]]},"properties":{"id":"21442000AB0402","reference":"AB 0402","commune":"21442","cadastreAreaM2":2322,"geometryAreaM2":2321.7395,"bounds":[4.9629722,47.1997855,4.9639141,47.2002566],"labelPoint":[4.963447830708662,47.2000394],"overlaps":[{"parentFeatureId":"inao-denom-544","name":"Clos de la Roche","areaM2":2298.8119,"parcelPercent":99.0125}],"recordedRights":[{"holderId":"429825250","siren":"429825250","name":"DOMAINE GEORGES LIGNIER PERE ET FILS","rightCode":"P","rightLabel":"Propriétaire","legalForm":"6534","legalFormLabel":"GFA"}],"domaineLinks":[],"recordMatch":"reference-and-area","recordAreasM2":[2322]}},{"type":"Feature","id":"21442000AB0403","geometry":{"type":"Polygon","coordinates":[[[4.9606612,47.2020545],[4.9610537,47.2019754],[4.9610675,47.2019859],[4.9611127,47.2019751],[4.9610989,47.2020559],[4.9611266,47.2020936],[4.9606814,47.20218],[4.9606809,47.2021634],[4.9606726,47.2021139],[4.9606719,47.2021048],[4.9606484,47.2021054],[4.9606499,47.2020613],[4.9606612,47.2020545]]]},"properties":{"id":"21442000AB0403","reference":"AB 0403","commune":"21442","cadastreAreaM2":492,"geometryAreaM2":482.0845,"bounds":[4.9606484,47.2019751,4.9611266,47.20218],"labelPoint":[4.960882042249951,47.20207745],"overlaps":[{"parentFeatureId":"inao-denom-548","name":"Clos Saint-Denis","areaM2":482.0845,"parcelPercent":100.0}],"recordedRights":[],"domaineLinks":[],"recordMatch":"unknown","recordAreasM2":[]}},{"type":"Feature","id":"21442000AB0404","geometry":{"type":"Polygon","coordinates":[[[4.9611305,47.2021017],[4.9607179,47.2021847],[4.9606807,47.2021903],[4.9606814,47.20218],[4.9611266,47.2020936],[4.9611305,47.2021017]]]},"properties":{"id":"21442000AB0404","reference":"AB 0404","commune":"21442","cadastreAreaM2":35,"geometryAreaM2":39.063,"bounds":[4.9606807,47.2020936,4.9611305,47.2021903],"labelPoint":[4.960909506649092,47.20214085],"overlaps":[{"parentFeatureId":"inao-denom-548","name":"Clos Saint-Denis","areaM2":39.063,"parcelPercent":100.0}],"recordedRights":[{"holderId":"429825250","siren":"429825250","name":"DOMAINE GEORGES LIGNIER PERE ET FILS","rightCode":"P","rightLabel":"Propriétaire","legalForm":"6534","legalFormLabel":"GFA"}],"domaineLinks":[],"recordMatch":"reference-and-area","recordAreasM2":[35]}},{"type":"Feature","id":"21442000AB0405","geometry":{"type":"Polygon","coordinates":[[[4.9621794,47.2017485],[4.9621461,47.2018905],[4.9611266,47.2020936],[4.9610989,47.2020559],[4.9611127,47.2019751],[4.9610675,47.2019859],[4.9610537,47.2019754],[4.9621794,47.2017485]]]},"properties":{"id":"21442000AB0405","reference":"AB 0405","commune":"21442","cadastreAreaM2":1190,"geometryAreaM2":1194.0108,"bounds":[4.9610537,47.2017485,4.9621794,47.2020936],"labelPoint":[4.961599407365663,47.201932799999994],"overlaps":[{"parentFeatureId":"inao-denom-548","name":"Clos Saint-Denis","areaM2":1194.0108,"parcelPercent":100.0}],"recordedRights":[],"domaineLinks":[],"recordMatch":"unknown","recordAreasM2":[]}},{"type":"Feature","id":"21442000AB0406","geometry":{"type":"Polygon","coordinates":[[[4.9611305,47.2021017],[4.9611266,47.2020936],[4.9621461,47.2018905],[4.9621436,47.2019013],[4.9611305,47.2021017]]]},"properties":{"id":"21442000AB0406","reference":"AB 0406","commune":"21442","cadastreAreaM2":80,"geometryAreaM2":81.9458,"bounds":[4.9611266,47.2018905,4.9621461,47.2021017],"labelPoint":[4.961633383987395,47.20199745],"overlaps":[{"parentFeatureId":"inao-denom-548","name":"Clos Saint-Denis","areaM2":81.9458,"parcelPercent":100.0}],"recordedRights":[{"holderId":"429825250","siren":"429825250","name":"DOMAINE GEORGES LIGNIER PERE ET FILS","rightCode":"P","rightLabel":"Propriétaire","legalForm":"6534","legalFormLabel":"GFA"}],"domaineLinks":[],"recordMatch":"reference-and-area","recordAreasM2":[80]}},{"type":"Feature","id":"21442000AB0407","geometry":{"type":"Polygon","coordinates":[[[4.9631817,47.1994622],[4.9630004,47.1995474],[4.9629262,47.1994954],[4.9629491,47.1994828],[4.9629986,47.1994553],[4.9630863,47.1994068],[4.9631817,47.1994622]]]},"properties":{"id":"21442000AB0407","reference":"AB 0407","commune":"21442","cadastreAreaM2":140,"geometryAreaM2":139.0491,"bounds":[4.9629262,47.1994068,4.9631817,47.1995474],"labelPoint":[4.963063711138497,47.1994725],"overlaps":[{"parentFeatureId":"inao-denom-544","name":"Clos de la Roche","areaM2":113.8391,"parcelPercent":81.8697}],"recordedRights":[],"domaineLinks":[],"recordMatch":"unknown","recordAreasM2":[]}},{"type":"Feature","id":"21442000AB0408","geometry":{"type":"Polygon","coordinates":[[[4.963382,47.1995759],[4.9629908,47.1997296],[4.9629658,47.1997406],[4.9629293,47.1997535],[4.9629117,47.1997598],[4.9628705,47.1996716],[4.9628165,47.1995561],[4.9629215,47.1995285],[4.9629123,47.1995092],[4.9629099,47.1995042],[4.9629262,47.1994954],[4.9630004,47.1995474],[4.9631817,47.1994622],[4.963382,47.1995759]]]},"properties":{"id":"21442000AB0408","reference":"AB 0408","commune":"21442","cadastreAreaM2":697,"geometryAreaM2":703.6784,"bounds":[4.9628165,47.1994622,4.963382,47.1997598],"labelPoint":[4.963054169946089,47.19962375],"overlaps":[{"parentFeatureId":"inao-denom-544","name":"Clos de la Roche","areaM2":671.7268,"parcelPercent":95.4594}],"recordedRights":[],"domaineLinks":[],"recordMatch":"unknown","recordAreasM2":[]}},{"type":"Feature","id":"21442000AB0409","geometry":{"type":"Polygon","coordinates":[[[4.9590116,47.2013029],[4.9590782,47.2012993],[4.958963,47.2010235],[4.9587862,47.2006409],[4.9587893,47.200635],[4.9591688,47.2003214],[4.9595179,47.1999902],[4.9595506,47.1999716],[4.9596672,47.2001085],[4.9596791,47.2001154],[4.9596924,47.2001212],[4.9597478,47.2001377],[4.9597568,47.2001464],[4.9597805,47.2001798],[4.9599308,47.2004117],[4.9599144,47.2004204],[4.9599332,47.2004522],[4.9598989,47.200476],[4.9598902,47.2004854],[4.9598833,47.2004954],[4.9598784,47.2005059],[4.9598761,47.2005194],[4.9598758,47.2005327],[4.9598779,47.200546],[4.9598812,47.2005564],[4.9598933,47.2005864],[4.9599416,47.2006799],[4.9600109,47.2007844],[4.960076,47.2008542],[4.9601231,47.2009038],[4.9600967,47.200907],[4.9602404,47.2011489],[4.9600955,47.2011867],[4.9600953,47.2011897],[4.9591165,47.2014039],[4.9590617,47.2014159],[4.9590116,47.2013029]]]},"properties":{"id":"21442000AB0409","reference":"AB 0409","commune":"21442","cadastreAreaM2":10062,"geometryAreaM2":10031.9208,"bounds":[4.9587862,47.1999716,4.9602404,47.2014159],"labelPoint":[4.9594023083768946,47.20073215],"overlaps":[{"parentFeatureId":"inao-denom-548","name":"Clos Saint-Denis","areaM2":9878.0389,"parcelPercent":98.4661}],"recordedRights":[{"holderId":"322396185","siren":"322396185","name":"GFA DU DOMAINE DUJAC","rightCode":"P","rightLabel":"Propriétaire","legalForm":"6534","legalFormLabel":"GFA"}],"domaineLinks":[],"recordMatch":"reference-and-area","recordAreasM2":[10062]}},{"type":"Feature","id":"21442000AB0410","geometry":{"type":"Polygon","coordinates":[[[4.9590617,47.2014159],[4.9591165,47.2014039],[4.9600953,47.2011897],[4.9601302,47.2012789],[4.9601368,47.2013158],[4.960123,47.2013183],[4.960027,47.2013372],[4.9596045,47.2014264],[4.9595881,47.2013905],[4.9595478,47.2013836],[4.9595298,47.2013423],[4.9592683,47.2014045],[4.9591211,47.2014156],[4.9590634,47.2014198],[4.9590617,47.2014159]]]},"properties":{"id":"21442000AB0410","reference":"AB 0410","commune":"21442","cadastreAreaM2":700,"geometryAreaM2":720.5089,"bounds":[4.9590617,47.2011897,4.9601368,47.2014264],"labelPoint":[4.9598684433706755,47.201297350000004],"overlaps":[{"parentFeatureId":"inao-denom-548","name":"Clos Saint-Denis","areaM2":716.4683,"parcelPercent":99.4392}],"recordedRights":[],"domaineLinks":[],"recordMatch":"unknown","recordAreasM2":[]}},{"type":"Feature","id":"21442000AB0418","geometry":{"type":"Polygon","coordinates":[[[4.9600267,47.2028605],[4.9597061,47.2029327],[4.9595918,47.2029472],[4.9595409,47.2028409],[4.9596619,47.2028065],[4.9601802,47.2027285],[4.9602232,47.2028133],[4.9600267,47.2028605]]]},"properties":{"id":"21442000AB0418","reference":"AB 0418","commune":"21442","cadastreAreaM2":617,"geometryAreaM2":624.1971,"bounds":[4.9595409,47.2027285,4.9602232,47.2029472],"labelPoint":[4.959877594713245,47.2028271],"overlaps":[{"parentFeatureId":"inao-denom-544","name":"Clos de la Roche","areaM2":152.8431,"parcelPercent":24.4864}],"recordedRights":[{"holderId":"383521408","siren":"383521408","name":"GRAINS DE LUNE","rightCode":"N","rightLabel":"Nu-propriétaire","legalForm":"6540","legalFormLabel":"SCI"},{"holderId":"417882644","siren":"417882644","name":"MAGNIEN MICHEL ET FILS","rightCode":"U","rightLabel":"Usufruitier","legalForm":"6597","legalFormLabel":"SCEA"}],"domaineLinks":[],"recordMatch":"reference-and-area","recordAreasM2":[617]}},{"type":"Feature","id":"21442000AB0419","geometry":{"type":"Polygon","coordinates":[[[4.9601802,47.2027285],[4.9601627,47.2026947],[4.9602117,47.2026837],[4.9602547,47.2026385],[4.9603612,47.2026446],[4.9604113,47.2026365],[4.960519,47.2026741],[4.9611428,47.2025687],[4.9611172,47.2026027],[4.9610949,47.2026248],[4.9610556,47.2026509],[4.9609629,47.2026673],[4.9605258,47.2027524],[4.9602232,47.2028133],[4.9601802,47.2027285]]]},"properties":{"id":"21442000AB0419","reference":"AB 0419","commune":"21442","cadastreAreaM2":728,"geometryAreaM2":729.8262,"bounds":[4.9601627,47.2025687,4.9611428,47.2028133],"labelPoint":[4.960518807403055,47.2026892],"overlaps":[{"parentFeatureId":"inao-denom-544","name":"Clos de la Roche","areaM2":631.003,"parcelPercent":86.4594},{"parentFeatureId":"inao-denom-548","name":"Clos Saint-Denis","areaM2":74.3341,"parcelPercent":10.1852}],"recordedRights":[{"holderId":"429825250","siren":"429825250","name":"DOMAINE GEORGES LIGNIER PERE ET FILS","rightCode":"P","rightLabel":"Propriétaire","legalForm":"6534","legalFormLabel":"GFA"}],"domaineLinks":[],"recordMatch":"reference-and-area","recordAreasM2":[728]}},{"type":"Feature","id":"21442000AB0420","geometry":{"type":"Polygon","coordinates":[[[4.9601166,47.2036526],[4.9600474,47.2036649],[4.9598749,47.2036945],[4.959702,47.2037225],[4.9597086,47.2037412],[4.9594259,47.2038164],[4.9593265,47.2038438],[4.9588012,47.2039671],[4.958785,47.203877],[4.9587602,47.2037863],[4.9587074,47.203684],[4.9586744,47.2036378],[4.9590486,47.2035799],[4.9598132,47.2034611],[4.9601369,47.2034106],[4.9601432,47.2034288],[4.9600762,47.203442],[4.9601377,47.2035294],[4.9600688,47.2035451],[4.9601166,47.2036526]]]},"properties":{"id":"21442000AB0420","reference":"AB 0420","commune":"21442","cadastreAreaM2":3296,"geometryAreaM2":3305.9066,"bounds":[4.9586744,47.2034106,4.9601432,47.2039671],"labelPoint":[4.959307802558307,47.20368925],"overlaps":[{"parentFeatureId":"inao-denom-544","name":"Clos de la Roche","areaM2":9.8292,"parcelPercent":0.2973}],"recordedRights":[{"holderId":"427469572","siren":"427469572","name":"SCI DU DOMAINE DES MONTS LUISANTS","rightCode":"P","rightLabel":"Propriétaire","legalForm":"6540","legalFormLabel":"SCI"}],"domaineLinks":[],"recordMatch":"reference-and-area","recordAreasM2":[3296]}},{"type":"Feature","id":"21442000AB0421","geometry":{"type":"Polygon","coordinates":[[[4.9601222,47.2036656],[4.9601353,47.2036953],[4.9601714,47.2037742],[4.9601936,47.2037701],[4.9601939,47.203811],[4.9602552,47.2038003],[4.9603012,47.2039058],[4.960364,47.2039767],[4.9603749,47.2040178],[4.960433,47.2041461],[4.9604923,47.2043713],[4.9605717,47.2043606],[4.960616,47.2044939],[4.9606873,47.2046593],[4.9606589,47.2047152],[4.9606188,47.2047429],[4.9606313,47.2048057],[4.9606581,47.204897],[4.9603679,47.2049462],[4.9600881,47.204992],[4.9597518,47.2050372],[4.9597589,47.2050591],[4.9600303,47.2050301],[4.960178,47.2050071],[4.9606708,47.2049256],[4.9607018,47.2050069],[4.9607657,47.2051422],[4.9602472,47.2052268],[4.9599338,47.2052776],[4.959723,47.2053128],[4.9594014,47.205365],[4.9590794,47.2054158],[4.9590894,47.2052548],[4.959078,47.2050617],[4.9590745,47.2049218],[4.9590668,47.2048441],[4.9590551,47.2047562],[4.9590359,47.2044897],[4.9590127,47.2044172],[4.9589692,47.2043272],[4.9589059,47.204217],[4.9588187,47.2040338],[4.9588012,47.2039671],[4.9593265,47.2038438],[4.9594259,47.2038164],[4.9597086,47.2037412],[4.959702,47.2037225],[4.9598749,47.2036945],[4.9600474,47.2036649],[4.9601166,47.2036526],[4.9601222,47.2036656]]]},"properties":{"id":"21442000AB0421","reference":"AB 0421","commune":"21442","cadastreAreaM2":19436,"geometryAreaM2":19462.6603,"bounds":[4.9588012,47.2036526,4.9607657,47.2054158],"labelPoint":[4.959846905356473,47.2045766],"overlaps":[{"parentFeatureId":"inao-denom-544","name":"Clos de la Roche","areaM2":66.834,"parcelPercent":0.3434}],"recordedRights":[{"holderId":"427469572","siren":"427469572","name":"SCI DU DOMAINE DES MONTS LUISANTS","rightCode":"P","rightLabel":"Propriétaire","legalForm":"6540","legalFormLabel":"SCI"}],"domaineLinks":[],"recordMatch":"reference-and-area","recordAreasM2":[19436]}},{"type":"Feature","id":"21442000AB0433","geometry":{"type":"Polygon","coordinates":[[[4.9604113,47.2026365],[4.9603612,47.2026446],[4.9602547,47.2026385],[4.9602117,47.2026837],[4.9601627,47.2026947],[4.9599833,47.202314],[4.9602882,47.2022555],[4.9602884,47.2022687],[4.9602555,47.202275],[4.9603876,47.2026063],[4.9604113,47.2026365]]]},"properties":{"id":"21442000AB0433","reference":"AB 0433","commune":"21442","cadastreAreaM2":854,"geometryAreaM2":859.6184,"bounds":[4.9599833,47.2022555,4.9604113,47.2026947],"labelPoint":[4.9601907482976,47.20246015],"overlaps":[{"parentFeatureId":"inao-denom-548","name":"Clos Saint-Denis","areaM2":12.9508,"parcelPercent":1.5066}],"recordedRights":[{"holderId":"429825250","siren":"429825250","name":"DOMAINE GEORGES LIGNIER PERE ET FILS","rightCode":"P","rightLabel":"Propriétaire","legalForm":"6534","legalFormLabel":"GFA"}],"domaineLinks":[],"recordMatch":"reference-and-area","recordAreasM2":[854]}},{"type":"Feature","id":"21442000AB0437","geometry":{"type":"Polygon","coordinates":[[[4.9606807,47.2021903],[4.9605457,47.2022067],[4.9606814,47.20218],[4.9606807,47.2021903]]]},"properties":{"id":"21442000AB0437","reference":"AB 0437","commune":"21442","cadastreAreaM2":7,"geometryAreaM2":5.7979,"bounds":[4.9605457,47.20218,4.9606814,47.2022067],"labelPoint":[4.96060028782774,47.202198499999994],"overlaps":[{"parentFeatureId":"inao-denom-548","name":"Clos Saint-Denis","areaM2":5.7979,"parcelPercent":100.0}],"recordedRights":[{"holderId":"429825250","siren":"429825250","name":"DOMAINE GEORGES LIGNIER PERE ET FILS","rightCode":"P","rightLabel":"Propriétaire","legalForm":"6534","legalFormLabel":"GFA"}],"domaineLinks":[],"recordMatch":"reference-and-area","recordAreasM2":[7]}},{"type":"Feature","id":"21442000AB0438","geometry":{"type":"Polygon","coordinates":[[[4.9611428,47.2025687],[4.960519,47.2026741],[4.9604113,47.2026365],[4.9603876,47.2026063],[4.9602555,47.202275],[4.9602884,47.2022687],[4.9602882,47.2022555],[4.9605457,47.2022067],[4.9606807,47.2021903],[4.9607179,47.2021847],[4.9611305,47.2021017],[4.9611435,47.2022444],[4.9614392,47.2021919],[4.9616628,47.2021586],[4.9618868,47.2021268],[4.9621274,47.2020942],[4.9621341,47.202386],[4.9620921,47.2024069],[4.961617,47.2024875],[4.9611917,47.2025604],[4.9611428,47.2025687]]]},"properties":{"id":"21442000AB0438","reference":"AB 0438","commune":"21442","cadastreAreaM2":5796,"geometryAreaM2":5746.0476,"bounds":[4.9602555,47.2020942,4.9621341,47.2026741],"labelPoint":[4.9612052276545375,47.2023305],"overlaps":[{"parentFeatureId":"inao-denom-548","name":"Clos Saint-Denis","areaM2":5742.6506,"parcelPercent":99.9409}],"recordedRights":[{"holderId":"429825250","siren":"429825250","name":"DOMAINE GEORGES LIGNIER PERE ET FILS","rightCode":"P","rightLabel":"Propriétaire","legalForm":"6534","legalFormLabel":"GFA"}],"domaineLinks":[],"recordMatch":"reference-and-area","recordAreasM2":[5796]}},{"type":"Feature","id":"21442000AB0440","geometry":{"type":"Polygon","coordinates":[[[4.9630565,47.2001983],[4.9630773,47.2002566],[4.9631098,47.2003446],[4.9631273,47.2004259],[4.9630286,47.2004321],[4.9622387,47.200475],[4.9621458,47.2002695],[4.9630565,47.2001983]]]},"properties":{"id":"21442000AB0440","reference":"AB 0440","commune":"21442","cadastreAreaM2":1689,"geometryAreaM2":1689.6168,"bounds":[4.9621458,47.2001983,4.9631273,47.200475],"labelPoint":[4.962629353630212,47.20030705],"overlaps":[{"parentFeatureId":"inao-denom-544","name":"Clos de la Roche","areaM2":1689.6168,"parcelPercent":100.0}],"recordedRights":[],"domaineLinks":[],"recordMatch":"unknown","recordAreasM2":[]}},{"type":"Feature","id":"21442000AB0441","geometry":{"type":"Polygon","coordinates":[[[4.9622387,47.200475],[4.9630286,47.2004321],[4.9631273,47.2004259],[4.9631761,47.2006516],[4.962329,47.2006994],[4.9622864,47.2005769],[4.9622387,47.200475]]]},"properties":{"id":"21442000AB0441","reference":"AB 0441","commune":"21442","cadastreAreaM2":1663,"geometryAreaM2":1661.5951,"bounds":[4.9622387,47.2004259,4.9631761,47.2006994],"labelPoint":[4.962705741216216,47.20052595],"overlaps":[{"parentFeatureId":"inao-denom-544","name":"Clos de la Roche","areaM2":1661.5951,"parcelPercent":100.0}],"recordedRights":[{"holderId":"322396185","siren":"322396185","name":"GFA DU DOMAINE DUJAC","rightCode":"P","rightLabel":"Propriétaire","legalForm":"6534","legalFormLabel":"GFA"}],"domaineLinks":[],"recordMatch":"reference-and-area","recordAreasM2":[1663]}},{"type":"Feature","id":"21442000AB0442","geometry":{"type":"Polygon","coordinates":[[[4.9638741,47.2028407],[4.9630099,47.2029602],[4.9623083,47.2030588],[4.9622989,47.2029794],[4.9622788,47.2028945],[4.9638501,47.2026772],[4.9638668,47.2027636],[4.9638741,47.2028407]]]},"properties":{"id":"21442000AB0442","reference":"AB 0442","commune":"21442","cadastreAreaM2":2206,"geometryAreaM2":2204.3463,"bounds":[4.9622788,47.2026772,4.9638741,47.2030588],"labelPoint":[4.963076439480241,47.202867600000005],"overlaps":[{"parentFeatureId":"inao-denom-544","name":"Clos de la Roche","areaM2":2204.3463,"parcelPercent":100.0}],"recordedRights":[{"holderId":"U13482493","siren":null,"name":"HOSPICES CIVILS DE BEAUNE","rightCode":"P","rightLabel":"Propriétaire","legalForm":"7389","legalFormLabel":"EPA"}],"domaineLinks":[],"recordMatch":"reference-and-area","recordAreasM2":[2206]}},{"type":"Feature","id":"21442000AB0443","geometry":{"type":"Polygon","coordinates":[[[4.9637547,47.2024942],[4.9638423,47.2026395],[4.9638501,47.2026772],[4.9622788,47.2028945],[4.9622429,47.2027576],[4.962323,47.2027436],[4.9630232,47.2026217],[4.9637547,47.2024942]]]},"properties":{"id":"21442000AB0443","reference":"AB 0443","commune":"21442","cadastreAreaM2":2207,"geometryAreaM2":2214.9978,"bounds":[4.9622429,47.2024942,4.9638501,47.2028945],"labelPoint":[4.963061866388864,47.2027104],"overlaps":[{"parentFeatureId":"inao-denom-544","name":"Clos de la Roche","areaM2":2214.9978,"parcelPercent":100.0}],"recordedRights":[{"holderId":"U13482493","siren":null,"name":"HOSPICES CIVILS DE BEAUNE","rightCode":"P","rightLabel":"Propriétaire","legalForm":"7389","legalFormLabel":"EPA"}],"domaineLinks":[],"recordMatch":"reference-and-area","recordAreasM2":[2207]}},{"type":"Feature","id":"21442000AB0444","geometry":{"type":"Polygon","coordinates":[[[4.9640669,47.2038645],[4.9640948,47.2039811],[4.9641137,47.2040358],[4.9641418,47.2041174],[4.9641514,47.2041462],[4.962605,47.204375],[4.9625555,47.2040797],[4.9640669,47.2038645]]]},"properties":{"id":"21442000AB0444","reference":"AB 0444","commune":"21442","cadastreAreaM2":3809,"geometryAreaM2":3825.777,"bounds":[4.9625555,47.2038645,4.9641514,47.204375],"labelPoint":[4.963355416661022,47.2041318],"overlaps":[{"parentFeatureId":"inao-denom-544","name":"Clos de la Roche","areaM2":3825.777,"parcelPercent":100.0}],"recordedRights":[{"holderId":"531940583","siren":"531940583","name":"GROUPEMENT FONCIER VITICOLE RAPHET","rightCode":"P","rightLabel":"Propriétaire","legalForm":"6534","legalFormLabel":"GFA"}],"domaineLinks":[],"recordMatch":"reference-and-area","recordAreasM2":[3809]}},{"type":"Feature","id":"21442000AB0445","geometry":{"type":"Polygon","coordinates":[[[4.9640669,47.2038645],[4.9625555,47.2040797],[4.9625373,47.2039747],[4.9640405,47.2037518],[4.9640669,47.2038645]]]},"properties":{"id":"21442000AB0445","reference":"AB 0445","commune":"21442","cadastreAreaM2":1411,"geometryAreaM2":1420.6551,"bounds":[4.9625373,47.2037518,4.9640669,47.2040797],"labelPoint":[4.9632944024504555,47.203919600000006],"overlaps":[{"parentFeatureId":"inao-denom-544","name":"Clos de la Roche","areaM2":1420.6551,"parcelPercent":100.0}],"recordedRights":[{"holderId":"351648266","siren":"351648266","name":"DOMAINE PONSOT","rightCode":"P","rightLabel":"Propriétaire","legalForm":"5710","legalFormLabel":"SAS"}],"domaineLinks":[],"recordMatch":"reference-and-area","recordAreasM2":[1411]}},{"type":"Feature","id":"21442000AB0446","geometry":{"type":"Polygon","coordinates":[[[4.9640158,47.2036474],[4.9640287,47.2037022],[4.9640405,47.2037518],[4.9625373,47.2039747],[4.9625313,47.2039437],[4.9625274,47.2039126],[4.9625261,47.2038939],[4.9633648,47.2037406],[4.9640158,47.2036474]]]},"properties":{"id":"21442000AB0446","reference":"AB 0446","commune":"21442","cadastreAreaM2":1320,"geometryAreaM2":1292.2516,"bounds":[4.9625261,47.2036474,4.9640405,47.2039747],"labelPoint":[4.963238081671126,47.203822849999995],"overlaps":[{"parentFeatureId":"inao-denom-544","name":"Clos de la Roche","areaM2":1292.2516,"parcelPercent":100.0}],"recordedRights":[{"holderId":"351648266","siren":"351648266","name":"DOMAINE PONSOT","rightCode":"P","rightLabel":"Propriétaire","legalForm":"5710","legalFormLabel":"SAS"}],"domaineLinks":[],"recordMatch":"reference-and-area","recordAreasM2":[1320]}},{"type":"Feature","id":"21442000AB0455","geometry":{"type":"Polygon","coordinates":[[[4.9610556,47.2026509],[4.9610949,47.2026248],[4.9611172,47.2026027],[4.9611428,47.2025687],[4.9611917,47.2025604],[4.961617,47.2024875],[4.9615718,47.2025113],[4.961528,47.2025362],[4.9614856,47.2025623],[4.9614447,47.2025895],[4.9614329,47.2025978],[4.9613845,47.2026367],[4.9613689,47.2026523],[4.961355,47.2026686],[4.9613474,47.2026792],[4.9611573,47.2026984],[4.9610704,47.2027131],[4.9610556,47.2026509]]]},"properties":{"id":"21442000AB0455","reference":"AB 0455","commune":"21442","cadastreAreaM2":443,"geometryAreaM2":435.2796,"bounds":[4.9610556,47.2024875,4.961617,47.2027131],"labelPoint":[4.961274448188414,47.20260025],"overlaps":[{"parentFeatureId":"inao-denom-544","name":"Clos de la Roche","areaM2":386.9899,"parcelPercent":88.9061},{"parentFeatureId":"inao-denom-548","name":"Clos Saint-Denis","areaM2":48.2897,"parcelPercent":11.0939}],"recordedRights":[{"holderId":"429825250","siren":"429825250","name":"DOMAINE GEORGES LIGNIER PERE ET FILS","rightCode":"P","rightLabel":"Propriétaire","legalForm":"6534","legalFormLabel":"GFA"}],"domaineLinks":[],"recordMatch":"reference-and-area","recordAreasM2":[443]}},{"type":"Feature","id":"21442000AB0456","geometry":{"type":"Polygon","coordinates":[[[4.9592737,47.2034817],[4.9597836,47.2034014],[4.960111,47.2033499],[4.9601369,47.2034106],[4.9598132,47.2034611],[4.9590486,47.2035799],[4.9590475,47.2035772],[4.9595789,47.2034841],[4.9595711,47.2034603],[4.9592842,47.2035162],[4.9592737,47.2034817]]]},"properties":{"id":"21442000AB0456","reference":"AB 0456","commune":"21442","cadastreAreaM2":412,"geometryAreaM2":409.7209,"bounds":[4.9590475,47.2033499,4.9601369,47.2035799],"labelPoint":[4.959426617474509,47.2034714],"overlaps":[{"parentFeatureId":"inao-denom-544","name":"Clos de la Roche","areaM2":2.6255,"parcelPercent":0.6408}],"recordedRights":[{"holderId":"U14137560","siren":null,"name":"GFA MARCHAND VIRELY","rightCode":"P","rightLabel":"Propriétaire","legalForm":"9900","legalFormLabel":"AUPM"}],"domaineLinks":[],"recordMatch":"reference-and-area","recordAreasM2":[412]}},{"type":"Feature","id":"21442000AB0457","geometry":{"type":"Polygon","coordinates":[[[4.9603012,47.2039058],[4.9602552,47.2038003],[4.9601939,47.203811],[4.9601936,47.2037701],[4.9601714,47.2037742],[4.9601353,47.2036953],[4.9604732,47.2036409],[4.9611436,47.2035337],[4.9610937,47.2037595],[4.9607941,47.203816],[4.9603012,47.2039058]]]},"properties":{"id":"21442000AB0457","reference":"AB 0457","commune":"21442","cadastreAreaM2":1738,"geometryAreaM2":1729.3492,"bounds":[4.9601353,47.2035337,4.9611436,47.2039058],"labelPoint":[4.960625390458176,47.2037274],"overlaps":[{"parentFeatureId":"inao-denom-544","name":"Clos de la Roche","areaM2":1729.3482,"parcelPercent":99.9999}],"recordedRights":[],"domaineLinks":[],"recordMatch":"unknown","recordAreasM2":[]}},{"type":"Feature","id":"21442000AB0459","geometry":{"type":"Polygon","coordinates":[[[4.9607657,47.2051422],[4.9607018,47.2050069],[4.9606708,47.2049256],[4.9606581,47.204897],[4.9606313,47.2048057],[4.9606188,47.2047429],[4.9606589,47.2047152],[4.9606873,47.2046593],[4.960616,47.2044939],[4.9608076,47.2044777],[4.9608359,47.2045723],[4.9609748,47.2045512],[4.9609694,47.2045872],[4.9609561,47.2046103],[4.9609411,47.2046327],[4.960937,47.2046381],[4.9609327,47.2046519],[4.9609227,47.204847],[4.960893,47.2049886],[4.9608623,47.2051256],[4.9607657,47.2051422]]]},"properties":{"id":"21442000AB0459","reference":"AB 0459","commune":"21442","cadastreAreaM2":1254,"geometryAreaM2":1274.373,"bounds":[4.960616,47.2044777,4.9609748,47.2051422],"labelPoint":[4.960780559993443,47.204826350000005],"overlaps":[{"parentFeatureId":"inao-denom-544","name":"Clos de la Roche","areaM2":1267.0521,"parcelPercent":99.4255}],"recordedRights":[{"holderId":"417882644","siren":"417882644","name":"MAGNIEN MICHEL ET FILS","rightCode":"P","rightLabel":"Propriétaire","legalForm":"6597","legalFormLabel":"SCEA"}],"domaineLinks":[],"recordMatch":"reference-and-area","recordAreasM2":[1254]}},{"type":"Feature","id":"21442000AB0460","geometry":{"type":"Polygon","coordinates":[[[4.9596594,47.2054738],[4.959649,47.2054429],[4.9599669,47.205388],[4.9599618,47.2053707],[4.9602785,47.20531],[4.9604431,47.205278],[4.960619,47.2052445],[4.9607432,47.2052265],[4.9607461,47.2052511],[4.960865,47.2052714],[4.9608768,47.2053163],[4.9609293,47.2054762],[4.9607117,47.2054903],[4.9607029,47.2054608],[4.9606869,47.205399],[4.9603482,47.2054295],[4.9601564,47.2054591],[4.9600299,47.2054706],[4.9598932,47.2054848],[4.9598804,47.2054511],[4.9596594,47.2054738]]]},"properties":{"id":"21442000AB0460","reference":"AB 0460","commune":"21442","cadastreAreaM2":1357,"geometryAreaM2":1355.9036,"bounds":[4.959649,47.2052265,4.9609293,47.2054903],"labelPoint":[4.960494722786695,47.2053435],"overlaps":[{"parentFeatureId":"inao-denom-544","name":"Clos de la Roche","areaM2":12.3133,"parcelPercent":0.9081}],"recordedRights":[{"holderId":"439629254","siren":"439629254","name":"SAINT LOUP","rightCode":"P","rightLabel":"Propriétaire","legalForm":"6534","legalFormLabel":"GFA"}],"domaineLinks":[],"recordMatch":"reference-and-area","recordAreasM2":[1357]}},{"type":"Feature","id":"21442000AB0461","geometry":{"type":"Polygon","coordinates":[[[4.9609915,47.2060526],[4.9610014,47.2062212],[4.9610275,47.2062197],[4.9610343,47.2063018],[4.961063,47.2065359],[4.9610898,47.2067699],[4.9610992,47.2068564],[4.9611138,47.2069703],[4.9607232,47.2070455],[4.960242,47.2071403],[4.9590724,47.2073749],[4.9584266,47.2073612],[4.9582175,47.2073651],[4.9582131,47.2073221],[4.9580102,47.2073253],[4.9578359,47.2073616],[4.9578296,47.207251],[4.9578246,47.206812],[4.958179,47.2068082],[4.9581609,47.2064178],[4.958101,47.2064073],[4.9581574,47.2062464],[4.9581938,47.2062409],[4.9583838,47.2062139],[4.9583571,47.2060911],[4.9590394,47.206018],[4.9590373,47.2064504],[4.9590777,47.2064494],[4.9590745,47.2062607],[4.9592976,47.2062429],[4.9595208,47.2062265],[4.9596987,47.2062146],[4.9601702,47.20619],[4.9605002,47.2061812],[4.9604964,47.206115],[4.9606918,47.206088],[4.960811,47.2060739],[4.9609915,47.2060526]],[[4.9605197,47.2063154],[4.9603811,47.2063277],[4.9603793,47.2063616],[4.9608289,47.2063089],[4.9609235,47.2062964],[4.9609139,47.206258],[4.9608222,47.2062618],[4.9605166,47.2062994],[4.9605197,47.2063154]]]},"properties":{"id":"21442000AB0461","reference":"AB 0461","commune":"21442","cadastreAreaM2":27614,"geometryAreaM2":27599.6871,"bounds":[4.9578246,47.206018,4.9611138,47.2073749],"labelPoint":[4.959624099935963,47.206652899999995],"overlaps":[{"parentFeatureId":"inao-denom-544","name":"Clos de la Roche","areaM2":1774.1539,"parcelPercent":6.4282}],"recordedRights":[{"holderId":"411381908","siren":"411381908","name":"GFA DOMAINE PONSOT","rightCode":"P","rightLabel":"Propriétaire","legalForm":"6534","legalFormLabel":"GFA"}],"domaineLinks":[],"recordMatch":"reference-and-area","recordAreasM2":[27614]}},{"type":"Feature","id":"21442000AB0463","geometry":{"type":"Polygon","coordinates":[[[4.9611138,47.2069703],[4.9610992,47.2068564],[4.9610898,47.2067699],[4.961063,47.2065359],[4.9610343,47.2063018],[4.9610275,47.2062197],[4.9610234,47.2061597],[4.9614071,47.2061536],[4.9615811,47.2061479],[4.9619983,47.2061248],[4.9620918,47.2061202],[4.9621712,47.206097],[4.9621721,47.2060708],[4.9624948,47.2060486],[4.9624182,47.2067371],[4.9619877,47.2067606],[4.9617869,47.2068019],[4.9617875,47.2068509],[4.9611138,47.2069703]]]},"properties":{"id":"21442000AB0463","reference":"AB 0463","commune":"21442","cadastreAreaM2":8346,"geometryAreaM2":8347.0026,"bounds":[4.9610234,47.2060486,4.9624948,47.2069703],"labelPoint":[4.961751128667393,47.20641885],"overlaps":[{"parentFeatureId":"inao-denom-544","name":"Clos de la Roche","areaM2":8346.8751,"parcelPercent":99.9985}],"recordedRights":[{"holderId":"411381908","siren":"411381908","name":"GFA DOMAINE PONSOT","rightCode":"P","rightLabel":"Propriétaire","legalForm":"6534","legalFormLabel":"GFA"}],"domaineLinks":[],"recordMatch":"reference-and-area","recordAreasM2":[8346]}},{"type":"Feature","id":"21442000AB0464","geometry":{"type":"Polygon","coordinates":[[[4.9614071,47.2061536],[4.9613858,47.2060474],[4.9610267,47.2060676],[4.9610144,47.2059821],[4.9613658,47.2059524],[4.96154,47.2059283],[4.9615805,47.2059226],[4.9619862,47.2058672],[4.9620035,47.2059294],[4.9621017,47.2059203],[4.9621085,47.2059544],[4.9621712,47.2060459],[4.9619946,47.2060665],[4.9619983,47.2061248],[4.9615811,47.2061479],[4.9614071,47.2061536]]]},"properties":{"id":"21442000AB0464","reference":"AB 0464","commune":"21442","cadastreAreaM2":1626,"geometryAreaM2":1621.8955,"bounds":[4.9610144,47.2058672,4.9621712,47.2061536],"labelPoint":[4.9615841648892705,47.206013999999996],"overlaps":[{"parentFeatureId":"inao-denom-544","name":"Clos de la Roche","areaM2":1621.8955,"parcelPercent":100.0}],"recordedRights":[],"domaineLinks":[],"recordMatch":"unknown","recordAreasM2":[]}},{"type":"Feature","id":"21442000AB0466","geometry":{"type":"Polygon","coordinates":[[[4.9623373,47.2032282],[4.9639015,47.2030148],[4.9639108,47.2030891],[4.9639394,47.2033175],[4.9640158,47.2036474],[4.9633648,47.2037406],[4.9625216,47.2038612],[4.9625139,47.2038044],[4.9624847,47.2037185],[4.9624578,47.2036323],[4.9624394,47.2035687],[4.962388,47.2034314],[4.9623655,47.203347],[4.9623449,47.2032624],[4.9623373,47.2032282]]]},"properties":{"id":"21442000AB0466","reference":"AB 0466","commune":"21442","cadastreAreaM2":8363,"geometryAreaM2":8361.2311,"bounds":[4.9623373,47.2030148,4.9640158,47.2038612],"labelPoint":[4.963197687950895,47.20350005],"overlaps":[{"parentFeatureId":"inao-denom-544","name":"Clos de la Roche","areaM2":8361.2311,"parcelPercent":100.0}],"recordedRights":[{"holderId":"411381908","siren":"411381908","name":"GFA DOMAINE PONSOT","rightCode":"P","rightLabel":"Propriétaire","legalForm":"6534","legalFormLabel":"GFA"}],"domaineLinks":[],"recordMatch":"reference-and-area","recordAreasM2":[8363]}},{"type":"Feature","id":"21442000AB0467","geometry":{"type":"Polygon","coordinates":[[[4.9646644,47.2019278],[4.9638964,47.2020635],[4.963601,47.2021142],[4.9634894,47.2021364],[4.9631879,47.2022014],[4.9631649,47.2021266],[4.9631562,47.2020964],[4.9638531,47.2019557],[4.9638311,47.2019016],[4.963827,47.2018896],[4.9644037,47.2017966],[4.9645997,47.201765],[4.9646644,47.2019278]]]},"properties":{"id":"21442000AB0467","reference":"AB 0467","commune":"21442","cadastreAreaM2":1808,"geometryAreaM2":1814.5172,"bounds":[4.9631562,47.201765,4.9646644,47.2022014],"labelPoint":[4.963893788865934,47.2020096],"overlaps":[{"parentFeatureId":"inao-denom-544","name":"Clos de la Roche","areaM2":1808.7892,"parcelPercent":99.6843}],"recordedRights":[],"domaineLinks":[],"recordMatch":"unknown","recordAreasM2":[]}},{"type":"Feature","id":"21442000AB0468","geometry":{"type":"Polygon","coordinates":[[[4.9632144,47.2008355],[4.9632046,47.2007837],[4.9631991,47.2007554],[4.964122,47.2005705],[4.9641566,47.2006538],[4.9632144,47.2008355]]]},"properties":{"id":"21442000AB0468","reference":"AB 0468","commune":"21442","cadastreAreaM2":675,"geometryAreaM2":679.1019,"bounds":[4.9631991,47.2005705,4.9641566,47.2008355],"labelPoint":[4.963672919253414,47.200704599999995],"overlaps":[{"parentFeatureId":"inao-denom-544","name":"Clos de la Roche","areaM2":675.5897,"parcelPercent":99.4828}],"recordedRights":[{"holderId":"U14137560","siren":null,"name":"GFA MARCHAND VIRELY","rightCode":"P","rightLabel":"Propriétaire","legalForm":"9900","legalFormLabel":"AUPM"}],"domaineLinks":[],"recordMatch":"reference-and-area","recordAreasM2":[675]}},{"type":"Feature","id":"21442000AB0469","geometry":{"type":"Polygon","coordinates":[[[4.9631991,47.2007554],[4.9631878,47.2007084],[4.9623454,47.2007536],[4.962329,47.2006994],[4.9631761,47.2006516],[4.9631273,47.2004259],[4.9631098,47.2003446],[4.9630773,47.2002566],[4.9639141,47.200092],[4.9640526,47.2003954],[4.964122,47.2005705],[4.9631991,47.2007554]]]},"properties":{"id":"21442000AB0469","reference":"AB 0469","commune":"21442","cadastreAreaM2":4281,"geometryAreaM2":4248.9119,"bounds":[4.962329,47.200092,4.964122,47.2007554],"labelPoint":[4.963591330832546,47.200410649999995],"overlaps":[{"parentFeatureId":"inao-denom-544","name":"Clos de la Roche","areaM2":4228.464,"parcelPercent":99.5187}],"recordedRights":[{"holderId":"322396185","siren":"322396185","name":"GFA DU DOMAINE DUJAC","rightCode":"P","rightLabel":"Propriétaire","legalForm":"6534","legalFormLabel":"GFA"}],"domaineLinks":[],"recordMatch":"reference-and-area","recordAreasM2":[4281]}},{"type":"Feature","id":"21442000AB0470","geometry":{"type":"Polygon","coordinates":[[[4.9604113,47.2007628],[4.9604544,47.2008221],[4.960527,47.2008991],[4.9605406,47.2009172],[4.9605706,47.2009649],[4.9606025,47.2010122],[4.9606115,47.201025],[4.9606461,47.201064],[4.9602558,47.2011522],[4.9601156,47.2009158],[4.9601516,47.200913],[4.9600826,47.2008448],[4.9604113,47.2007628]]]},"properties":{"id":"21442000AB0470","reference":"AB 0470","commune":"21442","cadastreAreaM2":1100,"geometryAreaM2":1067.2367,"bounds":[4.9600826,47.2007628,4.9606461,47.2011522],"labelPoint":[4.960343087415396,47.20094105],"overlaps":[{"parentFeatureId":"inao-denom-548","name":"Clos Saint-Denis","areaM2":1064.5295,"parcelPercent":99.7463}],"recordedRights":[{"holderId":"322396185","siren":"322396185","name":"GFA DU DOMAINE DUJAC","rightCode":"P","rightLabel":"Propriétaire","legalForm":"6534","legalFormLabel":"GFA"}],"domaineLinks":[],"recordMatch":"reference-and-area","recordAreasM2":[1100]}},{"type":"Feature","id":"21442000AB0471","geometry":{"type":"Polygon","coordinates":[[[4.9607052,47.201129],[4.9607242,47.2011503],[4.960766,47.201179],[4.9607993,47.2012241],[4.9608137,47.2012742],[4.9605162,47.2013603],[4.9602031,47.2014509],[4.9602133,47.2014753],[4.9602307,47.2015143],[4.9602546,47.2015685],[4.9597172,47.2016975],[4.9596388,47.2015244],[4.9596055,47.2014699],[4.9601538,47.201318],[4.9601408,47.2012674],[4.9601124,47.2011918],[4.9602569,47.2011553],[4.9602558,47.2011522],[4.9606461,47.201064],[4.9607052,47.201129]]]},"properties":{"id":"21442000AB0471","reference":"AB 0471","commune":"21442","cadastreAreaM2":2544,"geometryAreaM2":2534.5668,"bounds":[4.9596055,47.201064,4.9608137,47.2016975],"labelPoint":[4.9600986240125,47.2014056],"overlaps":[{"parentFeatureId":"inao-denom-548","name":"Clos Saint-Denis","areaM2":1346.7152,"parcelPercent":53.1339}],"recordedRights":[],"domaineLinks":[],"recordMatch":"unknown","recordAreasM2":[]}},{"type":"Feature","id":"21442000AB0472","geometry":{"type":"Polygon","coordinates":[[[4.9602546,47.2015685],[4.9602946,47.2016556],[4.9603258,47.2017275],[4.9602792,47.2017589],[4.9602463,47.2017683],[4.96024,47.2017732],[4.9601962,47.2017858],[4.9601881,47.2017914],[4.9601337,47.2018418],[4.9599354,47.2018662],[4.9599638,47.201983],[4.9601497,47.2019484],[4.9602525,47.2019239],[4.9603416,47.2019012],[4.960344,47.2018935],[4.9603486,47.2018863],[4.9603551,47.2018797],[4.9603651,47.2018732],[4.9604081,47.201857],[4.9604582,47.20184],[4.960527,47.2018049],[4.960588,47.2017931],[4.9606336,47.2018133],[4.960659,47.2018664],[4.9606907,47.2019892],[4.960694,47.202013],[4.9606951,47.2020346],[4.9606612,47.2020545],[4.9606499,47.2020613],[4.9606484,47.2021054],[4.9606719,47.2021048],[4.9606726,47.2021139],[4.9593986,47.2023632],[4.9593487,47.2022864],[4.9595267,47.2022449],[4.9595259,47.2022392],[4.9595271,47.2022333],[4.9595305,47.2022279],[4.9595041,47.2021567],[4.9594873,47.202109],[4.9594759,47.2020783],[4.9594449,47.2019892],[4.9593788,47.2018073],[4.959348,47.2017226],[4.9596887,47.2016576],[4.9597172,47.2016975],[4.9602546,47.2015685]]]},"properties":{"id":"21442000AB0472","reference":"AB 0472","commune":"21442","cadastreAreaM2":5144,"geometryAreaM2":5142.8713,"bounds":[4.959348,47.2015685,4.9606951,47.2023632],"labelPoint":[4.960370691815951,47.2019657],"overlaps":[{"parentFeatureId":"inao-denom-548","name":"Clos Saint-Denis","areaM2":1050.3534,"parcelPercent":20.4235}],"recordedRights":[{"holderId":"417882644","siren":"417882644","name":"MAGNIEN MICHEL ET FILS","rightCode":"P","rightLabel":"Propriétaire","legalForm":"6597","legalFormLabel":"SCEA"}],"domaineLinks":[],"recordMatch":"reference-and-area","recordAreasM2":[5144]}},{"type":"Feature","id":"21442000AB0473","geometry":{"type":"Polygon","coordinates":[[[4.9591146,47.2017674],[4.9590951,47.2017307],[4.9590495,47.2015489],[4.9591071,47.201534],[4.959501,47.2014472],[4.9596045,47.2014264],[4.960027,47.2013372],[4.960123,47.2013183],[4.9595873,47.2014629],[4.9596239,47.2015219],[4.9596887,47.2016576],[4.959348,47.2017226],[4.9591146,47.2017674]]]},"properties":{"id":"21442000AB0473","reference":"AB 0473","commune":"21442","cadastreAreaM2":1191,"geometryAreaM2":1205.58,"bounds":[4.9590495,47.2013183,4.960123,47.2017674],"labelPoint":[4.95935576779661,47.20154145],"overlaps":[{"parentFeatureId":"inao-denom-548","name":"Clos Saint-Denis","areaM2":44.3148,"parcelPercent":3.6758}],"recordedRights":[],"domaineLinks":[],"recordMatch":"unknown","recordAreasM2":[]}},{"type":"Feature","id":"21442000AB0474","geometry":{"type":"Polygon","coordinates":[[[4.9594619,47.2026854],[4.9595391,47.2026639],[4.9595112,47.2026182],[4.9595023,47.2025651],[4.9594571,47.2025427],[4.9594245,47.2024813],[4.9594435,47.2024572],[4.9594313,47.202415],[4.9594688,47.2024027],[4.9598017,47.2023415],[4.9599762,47.2022978],[4.9599833,47.202314],[4.9601627,47.2026947],[4.9601802,47.2027285],[4.9596619,47.2028065],[4.9595409,47.2028409],[4.9594619,47.2026854]]]},"properties":{"id":"21442000AB0474","reference":"AB 0474","commune":"21442","cadastreAreaM2":2254,"geometryAreaM2":2243.9815,"bounds":[4.9594245,47.2022978,4.9601802,47.2028409],"labelPoint":[4.959810444503546,47.20259165],"overlaps":[{"parentFeatureId":"inao-denom-544","name":"Clos de la Roche","areaM2":1.0218,"parcelPercent":0.0455}],"recordedRights":[{"holderId":"383521408","siren":"383521408","name":"GRAINS DE LUNE","rightCode":"N","rightLabel":"Nu-propriétaire","legalForm":"6540","legalFormLabel":"SCI"},{"holderId":"417882644","siren":"417882644","name":"MAGNIEN MICHEL ET FILS","rightCode":"U","rightLabel":"Usufruitier","legalForm":"6597","legalFormLabel":"SCEA"}],"domaineLinks":[],"recordMatch":"reference-and-area","recordAreasM2":[2254]}},{"type":"Feature","id":"21442000AB0475","geometry":{"type":"Polygon","coordinates":[[[4.9605457,47.2022067],[4.9604987,47.2022115],[4.9603347,47.2022291],[4.9601713,47.2022484],[4.9599762,47.2022978],[4.9598017,47.2023415],[4.9594688,47.2024027],[4.9594313,47.202415],[4.9593986,47.2023632],[4.9606726,47.2021139],[4.9606809,47.2021634],[4.9606814,47.20218],[4.9605457,47.2022067]]]},"properties":{"id":"21442000AB0475","reference":"AB 0475","commune":"21442","cadastreAreaM2":542,"geometryAreaM2":563.7528,"bounds":[4.9593986,47.2021139,4.9606814,47.202415],"labelPoint":[4.959966394414364,47.2022731],"overlaps":[{"parentFeatureId":"inao-denom-548","name":"Clos Saint-Denis","areaM2":197.026,"parcelPercent":34.949}],"recordedRights":[{"holderId":"383521408","siren":"383521408","name":"GRAINS DE LUNE","rightCode":"N","rightLabel":"Nu-propriétaire","legalForm":"6540","legalFormLabel":"SCI"},{"holderId":"417882644","siren":"417882644","name":"MAGNIEN MICHEL ET FILS","rightCode":"U","rightLabel":"Usufruitier","legalForm":"6597","legalFormLabel":"SCEA"}],"domaineLinks":[],"recordMatch":"reference-and-area","recordAreasM2":[542]}},{"type":"Feature","id":"21442000AB0476","geometry":{"type":"Polygon","coordinates":[[[4.9605457,47.2022067],[4.9602882,47.2022555],[4.9599833,47.202314],[4.9599762,47.2022978],[4.9601713,47.2022484],[4.9603347,47.2022291],[4.9604987,47.2022115],[4.9605457,47.2022067]]]},"properties":{"id":"21442000AB0476","reference":"AB 0476","commune":"21442","cadastreAreaM2":91,"geometryAreaM2":86.1896,"bounds":[4.9599762,47.2022067,4.9605457,47.202314],"labelPoint":[4.960118848289465,47.20227665],"overlaps":[{"parentFeatureId":"inao-denom-548","name":"Clos Saint-Denis","areaM2":22.6922,"parcelPercent":26.3282}],"recordedRights":[{"holderId":"383521408","siren":"383521408","name":"GRAINS DE LUNE","rightCode":"N","rightLabel":"Nu-propriétaire","legalForm":"6540","legalFormLabel":"SCI"},{"holderId":"417882644","siren":"417882644","name":"MAGNIEN MICHEL ET FILS","rightCode":"U","rightLabel":"Usufruitier","legalForm":"6597","legalFormLabel":"SCEA"}],"domaineLinks":[],"recordMatch":"reference-and-area","recordAreasM2":[91]}},{"type":"Feature","id":"21442000AB0493","geometry":{"type":"Polygon","coordinates":[[[4.9613492,47.2003219],[4.9613422,47.2002944],[4.9620231,47.2001612],[4.9620364,47.2001857],[4.9613492,47.2003219]]]},"properties":{"id":"21442000AB0493","reference":"AB 0493","commune":"21442","cadastreAreaM2":159,"geometryAreaM2":161.0549,"bounds":[4.9613422,47.2001612,4.9620364,47.2003219],"labelPoint":[4.961691102804979,47.20024005],"overlaps":[{"parentFeatureId":"inao-denom-548","name":"Clos Saint-Denis","areaM2":159.7575,"parcelPercent":99.1945}],"recordedRights":[{"holderId":"U21585571","siren":null,"name":"GROUPEMENT FONCIER AGRICOLE DOMAINE GEORGES LIGNIER PERE ET","rightCode":"P","rightLabel":"Propriétaire","legalForm":"9900","legalFormLabel":"AUPM"}],"domaineLinks":[],"recordMatch":"reference-and-area","recordAreasM2":[159]}},{"type":"Feature","id":"21442000AB0494","geometry":{"type":"Polygon","coordinates":[[[4.9621203,47.2003642],[4.9614201,47.2004977],[4.9613584,47.2003487],[4.9613492,47.2003219],[4.9620364,47.2001857],[4.9621203,47.2003642]]]},"properties":{"id":"21442000AB0494","reference":"AB 0494","commune":"21442","cadastreAreaM2":1112,"geometryAreaM2":1122.3377,"bounds":[4.9613492,47.2001857,4.9621203,47.2004977],"labelPoint":[4.961730258095237,47.2003353],"overlaps":[{"parentFeatureId":"inao-denom-548","name":"Clos Saint-Denis","areaM2":1113.5613,"parcelPercent":99.218}],"recordedRights":[{"holderId":"U21940937","siren":null,"name":"GFA SAINT ROCH","rightCode":"P","rightLabel":"Propriétaire","legalForm":"6534","legalFormLabel":"GFA"}],"domaineLinks":[],"recordMatch":"reference-and-area","recordAreasM2":[1112]}},{"type":"Feature","id":"21442000AB0503","geometry":{"type":"Polygon","coordinates":[[[4.961178,47.2035115],[4.9614588,47.2034621],[4.9615314,47.2036191],[4.9611551,47.2036261],[4.961178,47.2035115]]]},"properties":{"id":"21442000AB0503","reference":"AB 0503","commune":"21442","cadastreAreaM2":369,"geometryAreaM2":381.0583,"bounds":[4.9611551,47.2034621,4.9615314,47.2036261],"labelPoint":[4.961336885586309,47.203565299999994],"overlaps":[{"parentFeatureId":"inao-denom-544","name":"Clos de la Roche","areaM2":378.4249,"parcelPercent":99.3089}],"recordedRights":[{"holderId":"212104426","siren":"212104426","name":"COMMUNE DE MOREY SAINT DENIS","rightCode":"P","rightLabel":"Propriétaire","legalForm":"7210","legalFormLabel":"COM"}],"domaineLinks":[],"recordMatch":"reference-and-area","recordAreasM2":[369]}},{"type":"Feature","id":"21442000AB0504","geometry":{"type":"Polygon","coordinates":[[[4.9614588,47.2034621],[4.9614567,47.2034576],[4.9614828,47.203453],[4.9615381,47.2036189],[4.9615314,47.2036191],[4.9614588,47.2034621]]]},"properties":{"id":"21442000AB0504","reference":"AB 0504","commune":"21442","cadastreAreaM2":25,"geometryAreaM2":23.8735,"bounds":[4.9614567,47.203453,4.9615381,47.2036191],"labelPoint":[4.961503510212315,47.2035405],"overlaps":[{"parentFeatureId":"inao-denom-544","name":"Clos de la Roche","areaM2":23.8735,"parcelPercent":100.0}],"recordedRights":[{"holderId":"322396185","siren":"322396185","name":"GFA DU DOMAINE DUJAC","rightCode":"P","rightLabel":"Propriétaire","legalForm":"6534","legalFormLabel":"GFA"}],"domaineLinks":[],"recordMatch":"reference-and-area","recordAreasM2":[25]}},{"type":"Feature","id":"21442000AB0505","geometry":{"type":"Polygon","coordinates":[[[4.9623028,47.2033197],[4.9621954,47.2033367],[4.9618389,47.2033942],[4.9614828,47.203453],[4.9614567,47.2034576],[4.9614588,47.2034621],[4.961178,47.2035115],[4.9612344,47.2032501],[4.9612735,47.2031211],[4.9622423,47.2029694],[4.9623028,47.2033197]]]},"properties":{"id":"21442000AB0505","reference":"AB 0505","commune":"21442","cadastreAreaM2":3133,"geometryAreaM2":3217.7111,"bounds":[4.961178,47.2029694,4.9623028,47.2035115],"labelPoint":[4.96176679485441,47.2031856],"overlaps":[{"parentFeatureId":"inao-denom-544","name":"Clos de la Roche","areaM2":3201.759,"parcelPercent":99.5042}],"recordedRights":[{"holderId":"U21979030","siren":null,"name":"G F A  DOMAINE FRANCOIS FEUILLET","rightCode":"P","rightLabel":"Propriétaire","legalForm":"9900","legalFormLabel":"AUPM"}],"domaineLinks":[],"recordMatch":"reference-and-area","recordAreasM2":[3133]}},{"type":"Feature","id":"21442000AB0506","geometry":{"type":"Polygon","coordinates":[[[4.9623028,47.2033197],[4.9623294,47.203427],[4.9623441,47.2034712],[4.9623764,47.2035479],[4.962427,47.2037056],[4.9617599,47.2037912],[4.9611079,47.2038627],[4.9611431,47.2036834],[4.9615314,47.2036191],[4.9615381,47.2036189],[4.9614828,47.203453],[4.9618389,47.2033942],[4.9621954,47.2033367],[4.9623028,47.2033197]]]},"properties":{"id":"21442000AB0506","reference":"AB 0506","commune":"21442","cadastreAreaM2":3443,"geometryAreaM2":3386.5286,"bounds":[4.9611079,47.2033197,4.962427,47.2038627],"labelPoint":[4.96195702864088,47.2035834],"overlaps":[{"parentFeatureId":"inao-denom-544","name":"Clos de la Roche","areaM2":3369.5479,"parcelPercent":99.4986}],"recordedRights":[{"holderId":"322396185","siren":"322396185","name":"GFA DU DOMAINE DUJAC","rightCode":"P","rightLabel":"Propriétaire","legalForm":"6534","legalFormLabel":"GFA"}],"domaineLinks":[],"recordMatch":"reference-and-area","recordAreasM2":[3443]}},{"type":"Feature","id":"21442000AB0507","geometry":{"type":"Polygon","coordinates":[[[4.9615314,47.2036191],[4.9611431,47.2036834],[4.9611551,47.2036261],[4.9615314,47.2036191]]]},"properties":{"id":"21442000AB0507","reference":"AB 0507","commune":"21442","cadastreAreaM2":90,"geometryAreaM2":90.2995,"bounds":[4.9611431,47.2036191,4.9615314,47.2036834],"labelPoint":[4.961232606959571,47.20365475],"overlaps":[{"parentFeatureId":"inao-denom-544","name":"Clos de la Roche","areaM2":88.8131,"parcelPercent":98.3539}],"recordedRights":[{"holderId":"212104426","siren":"212104426","name":"COMMUNE DE MOREY SAINT DENIS","rightCode":"P","rightLabel":"Propriétaire","legalForm":"7210","legalFormLabel":"COM"}],"domaineLinks":[],"recordMatch":"reference-and-area","recordAreasM2":[90]}},{"type":"Feature","id":"21442000AB0510","geometry":{"type":"Polygon","coordinates":[[[4.9633237,47.2019936],[4.963313,47.2019584],[4.9633097,47.2019475],[4.9632945,47.2018986],[4.964579,47.2017121],[4.9645997,47.201765],[4.9644037,47.2017966],[4.963827,47.2018896],[4.9638311,47.2019016],[4.9635468,47.2019539],[4.9633237,47.2019936]]]},"properties":{"id":"21442000AB0510","reference":"AB 0510","commune":"21442","cadastreAreaM2":825,"geometryAreaM2":794.1322,"bounds":[4.9632945,47.2017121,4.9645997,47.2019936],"labelPoint":[4.963896050335094,47.201843100000005],"overlaps":[{"parentFeatureId":"inao-denom-544","name":"Clos de la Roche","areaM2":792.0916,"parcelPercent":99.743}],"recordedRights":[],"domaineLinks":[],"recordMatch":"unknown","recordAreasM2":[]}},{"type":"Feature","id":"21442000AB0511","geometry":{"type":"Polygon","coordinates":[[[4.9632621,47.2017926],[4.9645376,47.2016078],[4.964579,47.2017121],[4.9632945,47.2018986],[4.9632621,47.2017926]]]},"properties":{"id":"21442000AB0511","reference":"AB 0511","commune":"21442","cadastreAreaM2":1174,"geometryAreaM2":1189.3676,"bounds":[4.9632621,47.2016078,4.964579,47.2018986],"labelPoint":[4.963920844968365,47.20175235],"overlaps":[{"parentFeatureId":"inao-denom-544","name":"Clos de la Roche","areaM2":1185.1887,"parcelPercent":99.6486}],"recordedRights":[],"domaineLinks":[],"recordMatch":"unknown","recordAreasM2":[]}},{"type":"Feature","id":"21442000AB0534","geometry":{"type":"Polygon","coordinates":[[[4.9626634,47.2047251],[4.9626416,47.2045944],[4.9642802,47.2043638],[4.9643083,47.2044905],[4.9626634,47.2047251]]]},"properties":{"id":"21442000AB0534","reference":"AB 0534","commune":"21442","cadastreAreaM2":1828,"geometryAreaM2":1825.4384,"bounds":[4.9626416,47.2043638,4.9643083,47.2047251],"labelPoint":[4.963477399493845,47.20454245],"overlaps":[{"parentFeatureId":"inao-denom-544","name":"Clos de la Roche","areaM2":1825.4384,"parcelPercent":100.0}],"recordedRights":[],"domaineLinks":[],"recordMatch":"unknown","recordAreasM2":[]}},{"type":"Feature","id":"21442000AB0535","geometry":{"type":"Polygon","coordinates":[[[4.9641514,47.2041462],[4.9642127,47.2043285],[4.9642704,47.2043208],[4.9642802,47.2043638],[4.9626416,47.2045944],[4.962605,47.204375],[4.9641514,47.2041462]]]},"properties":{"id":"21442000AB0535","reference":"AB 0535","commune":"21442","cadastreAreaM2":3058,"geometryAreaM2":3053.6559,"bounds":[4.962605,47.2041462,4.9642802,47.2045944],"labelPoint":[4.963441628204901,47.204369400000004],"overlaps":[{"parentFeatureId":"inao-denom-544","name":"Clos de la Roche","areaM2":3053.6559,"parcelPercent":100.0}],"recordedRights":[{"holderId":"480400407","siren":"480400407","name":"DOMAINE DE LA POUSSE D'OR","rightCode":"P","rightLabel":"Propriétaire","legalForm":"5710","legalFormLabel":"SAS"}],"domaineLinks":[],"recordMatch":"reference-and-area","recordAreasM2":[3058]}},{"type":"Feature","id":"21442000AB0536","geometry":{"type":"Polygon","coordinates":[[[4.9643083,47.2044905],[4.9642802,47.2043638],[4.9653627,47.2042482],[4.9654131,47.2043483],[4.9654236,47.2043721],[4.9643083,47.2044905]]]},"properties":{"id":"21442000AB0536","reference":"AB 0536","commune":"21442","cadastreAreaM2":1205,"geometryAreaM2":1202.1799,"bounds":[4.9642802,47.2042482,4.9654236,47.2044905],"labelPoint":[4.964851444760088,47.204367950000005],"overlaps":[{"parentFeatureId":"inao-denom-544","name":"Clos de la Roche","areaM2":1195.7154,"parcelPercent":99.4623}],"recordedRights":[],"domaineLinks":[],"recordMatch":"unknown","recordAreasM2":[]}},{"type":"Feature","id":"21442000AB0537","geometry":{"type":"Polygon","coordinates":[[[4.9642802,47.2043638],[4.9642704,47.2043208],[4.9653417,47.2042066],[4.9653627,47.2042482],[4.9642802,47.2043638]]]},"properties":{"id":"21442000AB0537","reference":"AB 0537","commune":"21442","cadastreAreaM2":398,"geometryAreaM2":397.9078,"bounds":[4.9642704,47.2042066,4.9653627,47.2043638],"labelPoint":[4.964816853537551,47.2042845],"overlaps":[{"parentFeatureId":"inao-denom-544","name":"Clos de la Roche","areaM2":395.9206,"parcelPercent":99.5006}],"recordedRights":[{"holderId":"480400407","siren":"480400407","name":"DOMAINE DE LA POUSSE D'OR","rightCode":"P","rightLabel":"Propriétaire","legalForm":"5710","legalFormLabel":"SAS"}],"domaineLinks":[],"recordMatch":"reference-and-area","recordAreasM2":[398]}},{"type":"Feature","id":"21442000AB0550","geometry":{"type":"Polygon","coordinates":[[[4.9622423,47.2029694],[4.9612735,47.2031211],[4.9613272,47.2028613],[4.9621871,47.2027287],[4.9622015,47.202805],[4.9622222,47.2028833],[4.9622423,47.2029694]]]},"properties":{"id":"21442000AB0550","reference":"AB 0550","commune":"21442","cadastreAreaM2":1923,"geometryAreaM2":1922.6765,"bounds":[4.9612735,47.2027287,4.9622423,47.2031211],"labelPoint":[4.961773002165128,47.20292635],"overlaps":[{"parentFeatureId":"inao-denom-544","name":"Clos de la Roche","areaM2":1911.9783,"parcelPercent":99.4436}],"recordedRights":[],"domaineLinks":[],"recordMatch":"unknown","recordAreasM2":[]}},{"type":"Feature","id":"21442000AB0551","geometry":{"type":"Polygon","coordinates":[[[4.9621871,47.2027287],[4.9613272,47.2028613],[4.9613517,47.2027429],[4.9613687,47.2027075],[4.9613992,47.2026677],[4.9614347,47.2026366],[4.9614713,47.202611],[4.9615095,47.2025865],[4.9615452,47.2025654],[4.9615842,47.2025452],[4.9616365,47.2025253],[4.9616824,47.2025135],[4.9621645,47.2024309],[4.9621822,47.2027032],[4.9621871,47.2027287]]]},"properties":{"id":"21442000AB0551","reference":"AB 0551","commune":"21442","cadastreAreaM2":1922,"geometryAreaM2":1905.159,"bounds":[4.9613272,47.2024309,4.9621871,47.2028613],"labelPoint":[4.9617979158281305,47.20265215],"overlaps":[{"parentFeatureId":"inao-denom-544","name":"Clos de la Roche","areaM2":1817.3192,"parcelPercent":95.3894}],"recordedRights":[],"domaineLinks":[],"recordMatch":"unknown","recordAreasM2":[]}},{"type":"Feature","id":"21442000AB0552","geometry":{"type":"Polygon","coordinates":[[[4.9640287,47.2037022],[4.9651993,47.2035547],[4.9652737,47.2038963],[4.9641137,47.2040358],[4.9640948,47.2039811],[4.9640669,47.2038645],[4.9640405,47.2037518],[4.9640287,47.2037022]]]},"properties":{"id":"21442000AB0552","reference":"AB 0552","commune":"21442","cadastreAreaM2":3439,"geometryAreaM2":3411.3124,"bounds":[4.9640287,47.2035547,4.9652737,47.2040358],"labelPoint":[4.964654100526932,47.20380815],"overlaps":[{"parentFeatureId":"inao-denom-544","name":"Clos de la Roche","areaM2":3404.8753,"parcelPercent":99.8113}],"recordedRights":[],"domaineLinks":[],"recordMatch":"unknown","recordAreasM2":[]}},{"type":"Feature","id":"21442000AB0553","geometry":{"type":"Polygon","coordinates":[[[4.9641137,47.2040358],[4.9652737,47.2038963],[4.9652927,47.203983],[4.964703,47.204051],[4.9641418,47.2041174],[4.9641137,47.2040358]]]},"properties":{"id":"21442000AB0553","reference":"AB 0553","commune":"21442","cadastreAreaM2":847,"geometryAreaM2":840.4977,"bounds":[4.9641137,47.2038963,4.9652927,47.2041174],"labelPoint":[4.964698492264356,47.204009400000004],"overlaps":[{"parentFeatureId":"inao-denom-544","name":"Clos de la Roche","areaM2":838.921,"parcelPercent":99.8124}],"recordedRights":[],"domaineLinks":[],"recordMatch":"unknown","recordAreasM2":[]}},{"type":"Feature","id":"21442000AB0563","geometry":{"type":"Polygon","coordinates":[[[4.9607941,47.203816],[4.9610937,47.2037595],[4.9610805,47.2038204],[4.9610698,47.2038817],[4.9610647,47.2039176],[4.9608397,47.2039582],[4.9607941,47.203816]]]},"properties":{"id":"21442000AB0563","reference":"AB 0563","commune":"21442","cadastreAreaM2":336,"geometryAreaM2":332.9028,"bounds":[4.9607941,47.2037595,4.9610937,47.2039582],"labelPoint":[4.960940244831223,47.20385105],"overlaps":[{"parentFeatureId":"inao-denom-544","name":"Clos de la Roche","areaM2":332.9028,"parcelPercent":100.0}],"recordedRights":[],"domaineLinks":[],"recordMatch":"unknown","recordAreasM2":[]}},{"type":"Feature","id":"21442000AB0564","geometry":{"type":"Polygon","coordinates":[[[4.9608397,47.2039582],[4.9610647,47.2039176],[4.9610612,47.203943],[4.9610592,47.2039594],[4.9608491,47.2039875],[4.9608397,47.2039582]]]},"properties":{"id":"21442000AB0564","reference":"AB 0564","commune":"21442","cadastreAreaM2":66,"geometryAreaM2":65.566,"bounds":[4.9608397,47.2039176,4.9610647,47.2039875],"labelPoint":[4.960971045698674,47.2039506],"overlaps":[{"parentFeatureId":"inao-denom-544","name":"Clos de la Roche","areaM2":65.566,"parcelPercent":100.0}],"recordedRights":[],"domaineLinks":[],"recordMatch":"unknown","recordAreasM2":[]}},{"type":"Feature","id":"21442000AB0565","geometry":{"type":"Polygon","coordinates":[[[4.9603749,47.2040178],[4.960364,47.2039767],[4.9603012,47.2039058],[4.9607941,47.203816],[4.9608397,47.2039582],[4.9605692,47.204007],[4.9605524,47.2039682],[4.9604858,47.2039763],[4.9603749,47.2040178]]]},"properties":{"id":"21442000AB0565","reference":"AB 0565","commune":"21442","cadastreAreaM2":524,"geometryAreaM2":528.9015,"bounds":[4.9603012,47.203816,4.9608397,47.2040178],"labelPoint":[4.960577852541168,47.203932],"overlaps":[{"parentFeatureId":"inao-denom-544","name":"Clos de la Roche","areaM2":528.9015,"parcelPercent":100.0}],"recordedRights":[],"domaineLinks":[],"recordMatch":"unknown","recordAreasM2":[]}},{"type":"Feature","id":"21442000AB0566","geometry":{"type":"Polygon","coordinates":[[[4.960752,47.2042589],[4.9606839,47.204134],[4.9606357,47.2040371],[4.9605863,47.2040468],[4.9605692,47.204007],[4.9608397,47.2039582],[4.9608491,47.2039875],[4.9610592,47.2039594],[4.9610368,47.2040424],[4.9610167,47.2041256],[4.9610056,47.2041759],[4.9609893,47.2042313],[4.960752,47.2042589]]]},"properties":{"id":"21442000AB0566","reference":"AB 0566","commune":"21442","cadastreAreaM2":795,"geometryAreaM2":802.4797,"bounds":[4.9605692,47.2039582,4.9610592,47.2042589],"labelPoint":[4.960843170916314,47.2040862],"overlaps":[{"parentFeatureId":"inao-denom-544","name":"Clos de la Roche","areaM2":802.4797,"parcelPercent":100.0}],"recordedRights":[],"domaineLinks":[],"recordMatch":"unknown","recordAreasM2":[]}},{"type":"Feature","id":"21442000AB0567","geometry":{"type":"Polygon","coordinates":[[[4.9632425,47.2009779],[4.9642121,47.200792],[4.9642696,47.2009348],[4.963273,47.2011245],[4.963266,47.2010976],[4.9632425,47.2009779]]]},"properties":{"id":"21442000AB0567","reference":"AB 0567","commune":"21442","cadastreAreaM2":1261,"geometryAreaM2":1266.5639,"bounds":[4.9632425,47.200792,4.9642696,47.2011245],"labelPoint":[4.963755642156765,47.20095635],"overlaps":[{"parentFeatureId":"inao-denom-544","name":"Clos de la Roche","areaM2":1261.3014,"parcelPercent":99.5845}],"recordedRights":[],"domaineLinks":[],"recordMatch":"unknown","recordAreasM2":[]}},{"type":"Feature","id":"21442000AB0568","geometry":{"type":"Polygon","coordinates":[[[4.9632144,47.2008355],[4.9641566,47.2006538],[4.9642121,47.200792],[4.9632425,47.2009779],[4.9632144,47.2008355]]]},"properties":{"id":"21442000AB0568","reference":"AB 0568","commune":"21442","cadastreAreaM2":1187,"geometryAreaM2":1192.3576,"bounds":[4.9632144,47.2006538,4.9642121,47.2009779],"labelPoint":[4.96371292117467,47.200813749999995],"overlaps":[{"parentFeatureId":"inao-denom-544","name":"Clos de la Roche","areaM2":1186.871,"parcelPercent":99.5399}],"recordedRights":[],"domaineLinks":[],"recordMatch":"unknown","recordAreasM2":[]}},{"type":"Feature","id":"21442000AP0019","geometry":{"type":"Polygon","coordinates":[[[4.9595724,47.1999546],[4.9596976,47.1999123],[4.9597589,47.1998969],[4.9599461,47.1998548],[4.9600215,47.1998366],[4.9600959,47.1998171],[4.9601522,47.1998011],[4.9604189,47.1997081],[4.9604897,47.1998059],[4.9605082,47.1998316],[4.9596205,47.2000124],[4.9595724,47.1999546]]]},"properties":{"id":"21442000AP0019","reference":"AP 0019","commune":"21442","cadastreAreaM2":735,"geometryAreaM2":745.5301,"bounds":[4.9595724,47.1997081,4.9605082,47.2000124],"labelPoint":[4.960071719676447,47.19987585],"overlaps":[{"parentFeatureId":"inao-denom-548","name":"Clos Saint-Denis","areaM2":659.1452,"parcelPercent":88.413}],"recordedRights":[{"holderId":"893542001","siren":"893542001","name":"LE CLOS SAINT DENIS","rightCode":"P","rightLabel":"Propriétaire","legalForm":"6534","legalFormLabel":"GFA"}],"domaineLinks":[],"recordMatch":"reference-and-area","recordAreasM2":[735]}},{"type":"Feature","id":"21442000AP0020","geometry":{"type":"Polygon","coordinates":[[[4.9608059,47.1997699],[4.9605082,47.1998316],[4.9604897,47.1998059],[4.9604189,47.1997081],[4.9604904,47.1996809],[4.9606959,47.1996017],[4.9607867,47.1997365],[4.9607979,47.1997536],[4.9608059,47.1997699]]]},"properties":{"id":"21442000AP0020","reference":"AP 0020","commune":"21442","cadastreAreaM2":428,"geometryAreaM2":424.5698,"bounds":[4.9604189,47.1996017,4.9608059,47.1998316],"labelPoint":[4.960603157384721,47.199722300000005],"overlaps":[{"parentFeatureId":"inao-denom-548","name":"Clos Saint-Denis","areaM2":395.5076,"parcelPercent":93.1549}],"recordedRights":[],"domaineLinks":[],"recordMatch":"unknown","recordAreasM2":[]}},{"type":"Feature","id":"21442000AP0021","geometry":{"type":"Polygon","coordinates":[[[4.9612913,47.1996601],[4.9611505,47.1996919],[4.9608059,47.1997699],[4.9607979,47.1997536],[4.9607867,47.1997365],[4.9606959,47.1996017],[4.9609519,47.1994937],[4.9609476,47.1994818],[4.9609669,47.199475],[4.9610011,47.1995422],[4.9610179,47.1995397],[4.961025,47.1995548],[4.9612418,47.1995128],[4.9612913,47.1996601]]]},"properties":{"id":"21442000AP0021","reference":"AP 0021","commune":"21442","cadastreAreaM2":819,"geometryAreaM2":838.9836,"bounds":[4.9606959,47.199475,4.9612913,47.1997699],"labelPoint":[4.960998528107719,47.1996309],"overlaps":[{"parentFeatureId":"inao-denom-548","name":"Clos Saint-Denis","areaM2":810.2129,"parcelPercent":96.5708}],"recordedRights":[{"holderId":"429825250","siren":"429825250","name":"DOMAINE GEORGES LIGNIER PERE ET FILS","rightCode":"P","rightLabel":"Propriétaire","legalForm":"6534","legalFormLabel":"GFA"}],"domaineLinks":[],"recordMatch":"reference-and-area","recordAreasM2":[819]}},{"type":"Feature","id":"21442000AP0022","geometry":{"type":"Polygon","coordinates":[[[4.9609669,47.199475],[4.9610251,47.1994544],[4.961108,47.1994351],[4.9612075,47.1994138],[4.9612243,47.1994615],[4.9612418,47.1995128],[4.961025,47.1995548],[4.9610179,47.1995397],[4.9610011,47.1995422],[4.9609669,47.199475]]]},"properties":{"id":"21442000AP0022","reference":"AP 0022","commune":"21442","cadastreAreaM2":217,"geometryAreaM2":202.4063,"bounds":[4.9609669,47.1994138,4.9612418,47.1995548],"labelPoint":[4.961105935690789,47.1994939],"overlaps":[{"parentFeatureId":"inao-denom-548","name":"Clos Saint-Denis","areaM2":177.7949,"parcelPercent":87.8406}],"recordedRights":[{"holderId":"429825250","siren":"429825250","name":"DOMAINE GEORGES LIGNIER PERE ET FILS","rightCode":"P","rightLabel":"Propriétaire","legalForm":"6534","legalFormLabel":"GFA"}],"domaineLinks":[],"recordMatch":"reference-and-area","recordAreasM2":[217]}},{"type":"Feature","id":"21442000AP0025","geometry":{"type":"Polygon","coordinates":[[[4.9595724,47.1999546],[4.9596205,47.2000124],[4.9605082,47.1998316],[4.9608059,47.1997699],[4.9611505,47.1996919],[4.9612913,47.1996601],[4.9614892,47.1996412],[4.9619921,47.1995354],[4.9620115,47.1995318],[4.9620417,47.1996138],[4.9620364,47.1997511],[4.9620329,47.1997641],[4.9620144,47.1997958],[4.9619919,47.1997998],[4.961463,47.199908],[4.9613905,47.1999239],[4.9598385,47.2002411],[4.9597616,47.2001387],[4.9597522,47.2001287],[4.9597397,47.2001218],[4.9596864,47.2001093],[4.9596612,47.2000892],[4.9596361,47.2000632],[4.9595907,47.2000063],[4.9595589,47.1999607],[4.9595724,47.1999546]]]},"properties":{"id":"21442000AP0025","reference":"AP 0025","commune":"21442","cadastreAreaM2":5310,"geometryAreaM2":5289.1687,"bounds":[4.9595589,47.1995318,4.9620417,47.2002411],"labelPoint":[4.960985186006021,47.1998698],"overlaps":[{"parentFeatureId":"inao-denom-548","name":"Clos Saint-Denis","areaM2":5282.8889,"parcelPercent":99.8813}],"recordedRights":[{"holderId":"037180015","siren":"037180015","name":"DOMAINES BERTAGNA","rightCode":"P","rightLabel":"Propriétaire","legalForm":"5499","legalFormLabel":"SARL"}],"domaineLinks":[],"recordMatch":"reference-and-area","recordAreasM2":[5310]}},{"type":"Feature","id":"21442000AP0027","geometry":{"type":"Polygon","coordinates":[[[4.9612635,47.2002599],[4.9608415,47.2003464],[4.9608083,47.2002667],[4.961975,47.2000129],[4.961976,47.2000342],[4.9619914,47.2000795],[4.9614535,47.2001931],[4.9612521,47.2002369],[4.9612635,47.2002599]]]},"properties":{"id":"21442000AP0027","reference":"AP 0027","commune":"21442","cadastreAreaM2":738,"geometryAreaM2":739.048,"bounds":[4.9608083,47.2000129,4.9619914,47.2003464],"labelPoint":[4.961565094621761,47.2001363],"overlaps":[{"parentFeatureId":"inao-denom-548","name":"Clos Saint-Denis","areaM2":737.8351,"parcelPercent":99.8359}],"recordedRights":[{"holderId":"429825250","siren":"429825250","name":"DOMAINE GEORGES LIGNIER PERE ET FILS","rightCode":"P","rightLabel":"Propriétaire","legalForm":"6534","legalFormLabel":"GFA"}],"domaineLinks":[],"recordMatch":"reference-and-area","recordAreasM2":[738]}},{"type":"Feature","id":"21442000AP0028","geometry":{"type":"Polygon","coordinates":[[[4.9613422,47.2002944],[4.9612857,47.2003031],[4.9612635,47.2002599],[4.9612521,47.2002369],[4.9614535,47.2001931],[4.9619914,47.2000795],[4.9620231,47.2001612],[4.9613422,47.2002944]]]},"properties":{"id":"21442000AP0028","reference":"AP 0028","commune":"21442","cadastreAreaM2":493,"geometryAreaM2":509.9073,"bounds":[4.9612521,47.2000795,4.9620231,47.2003031],"labelPoint":[4.961735294807444,47.20017715],"overlaps":[{"parentFeatureId":"inao-denom-548","name":"Clos Saint-Denis","areaM2":506.8593,"parcelPercent":99.4022}],"recordedRights":[{"holderId":"429825250","siren":"429825250","name":"DOMAINE GEORGES LIGNIER PERE ET FILS","rightCode":"P","rightLabel":"Propriétaire","legalForm":"6534","legalFormLabel":"GFA"}],"domaineLinks":[],"recordMatch":"reference-and-area","recordAreasM2":[493]}},{"type":"Feature","id":"21442000AP0043","geometry":{"type":"Polygon","coordinates":[[[4.9628165,47.1995561],[4.9628705,47.1996716],[4.9629117,47.1997598],[4.9629447,47.1998295],[4.962833,47.1998528],[4.9628066,47.1997941],[4.962763,47.1996949],[4.9627041,47.1995618],[4.96281,47.1995411],[4.9628165,47.1995561]]]},"properties":{"id":"21442000AP0043","reference":"AP 0043","commune":"21442","cadastreAreaM2":280,"geometryAreaM2":288.7948,"bounds":[4.9627041,47.1995411,4.9629447,47.1998528],"labelPoint":[4.962836902124252,47.19972735],"overlaps":[{"parentFeatureId":"inao-denom-544","name":"Clos de la Roche","areaM2":11.4483,"parcelPercent":3.9642}],"recordedRights":[],"domaineLinks":[],"recordMatch":"unknown","recordAreasM2":[]}},{"type":"Feature","id":"21442000AP0074","geometry":{"type":"Polygon","coordinates":[[[4.9602384,47.1992422],[4.9602308,47.1991426],[4.9602653,47.1991388],[4.9602957,47.1991355],[4.9603676,47.1991276],[4.9603709,47.1991384],[4.9604376,47.1991311],[4.9604418,47.1991745],[4.9604419,47.1991769],[4.9604426,47.1991879],[4.9604446,47.199226],[4.9603872,47.1992779],[4.9603703,47.1992817],[4.9603215,47.1992923],[4.9602425,47.1992953],[4.9602384,47.1992422]]]},"properties":{"id":"21442000AP0074","reference":"AP 0074","commune":"21442","cadastreAreaM2":249,"geometryAreaM2":251.107,"bounds":[4.9602308,47.1991276,4.9604446,47.1992953],"labelPoint":[4.960339655120482,47.199206950000004],"overlaps":[{"parentFeatureId":"inao-denom-547","name":"Clos des Lambrays","areaM2":13.9754,"parcelPercent":5.5655}],"recordedRights":[],"domaineLinks":[],"recordMatch":"unknown","recordAreasM2":[]}},{"type":"Feature","id":"21442000AP0081","geometry":{"type":"Polygon","coordinates":[[[4.960579,47.1988593],[4.9605896,47.1988792],[4.960637,47.1989532],[4.9606566,47.1989839],[4.9605734,47.1990032],[4.9606084,47.1990639],[4.9605091,47.1990871],[4.9605201,47.1991229],[4.9604376,47.1991311],[4.9603709,47.1991384],[4.9603676,47.1991276],[4.96035,47.1990464],[4.9603113,47.1989099],[4.9605375,47.1988671],[4.960579,47.1988593]]]},"properties":{"id":"21442000AP0081","reference":"AP 0081","commune":"21442","cadastreAreaM2":520,"geometryAreaM2":522.1654,"bounds":[4.9603113,47.1988593,4.9606566,47.1991384],"labelPoint":[4.960475008076931,47.19899355],"overlaps":[{"parentFeatureId":"inao-denom-547","name":"Clos des Lambrays","areaM2":27.2785,"parcelPercent":5.2241}],"recordedRights":[],"domaineLinks":[],"recordMatch":"unknown","recordAreasM2":[]}},{"type":"Feature","id":"21442000AP0089","geometry":{"type":"Polygon","coordinates":[[[4.9613243,47.1984342],[4.9613137,47.1984369],[4.9608954,47.1985422],[4.960491,47.1986425],[4.9602709,47.1982684],[4.960636,47.198194],[4.9611185,47.198094],[4.9613243,47.1984342]]]},"properties":{"id":"21442000AP0089","reference":"AP 0089","commune":"21442","cadastreAreaM2":2886,"geometryAreaM2":2867.1173,"bounds":[4.9602709,47.198094,4.9613243,47.1986425],"labelPoint":[4.960796912223904,47.1983513],"overlaps":[{"parentFeatureId":"inao-denom-547","name":"Clos des Lambrays","areaM2":57.6657,"parcelPercent":2.0113}],"recordedRights":[],"domaineLinks":[],"recordMatch":"unknown","recordAreasM2":[]}},{"type":"Feature","id":"21442000AP0090","geometry":{"type":"Polygon","coordinates":[[[4.9617754,47.1982977],[4.9616823,47.1983213],[4.9617206,47.1983945],[4.9616339,47.1985047],[4.9616364,47.1985113],[4.9615794,47.1985277],[4.9615283,47.1984454],[4.9615174,47.1984278],[4.9615375,47.1984223],[4.9615239,47.1983995],[4.9615025,47.1984056],[4.961495,47.1983917],[4.9613243,47.1984342],[4.9611185,47.198094],[4.9611356,47.1980907],[4.9612865,47.1980573],[4.9614381,47.1980254],[4.9615633,47.1980002],[4.9615909,47.1979946],[4.9615968,47.1979934],[4.9617152,47.1981943],[4.9617754,47.1982977]]]},"properties":{"id":"21442000AP0090","reference":"AP 0090","commune":"21442","cadastreAreaM2":1690,"geometryAreaM2":1674.4003,"bounds":[4.9611185,47.1979934,4.9617754,47.1985277],"labelPoint":[4.961477875308642,47.198246],"overlaps":[{"parentFeatureId":"inao-denom-547","name":"Clos des Lambrays","areaM2":44.7774,"parcelPercent":2.6742}],"recordedRights":[],"domaineLinks":[],"recordMatch":"unknown","recordAreasM2":[]}},{"type":"Feature","id":"21442000AP0096","geometry":{"type":"Polygon","coordinates":[[[4.9615909,47.1979946],[4.9615742,47.1979652],[4.9615331,47.1978925],[4.9615039,47.1978422],[4.9615969,47.1978126],[4.9616779,47.1977895],[4.9617285,47.197776],[4.9617967,47.1977591],[4.9618661,47.1977437],[4.9619079,47.1977343],[4.9620476,47.1981387],[4.9617152,47.1981943],[4.9615968,47.1979934],[4.9615909,47.1979946]]]},"properties":{"id":"21442000AP0096","reference":"AP 0096","commune":"21442","cadastreAreaM2":1301,"geometryAreaM2":1306.2686,"bounds":[4.9615039,47.1977343,4.9620476,47.1981943],"labelPoint":[4.961764378653559,47.19792885],"overlaps":[{"parentFeatureId":"inao-denom-547","name":"Clos des Lambrays","areaM2":8.8734,"parcelPercent":0.6793}],"recordedRights":[{"holderId":"U21078600","siren":null,"name":"S C D'EXPLOITATION MERME-MORIZOT","rightCode":"P","rightLabel":"Propriétaire","legalForm":"6599","legalFormLabel":"SC"}],"domaineLinks":[],"recordMatch":"reference-and-area","recordAreasM2":[1301]}},{"type":"Feature","id":"21442000AP0097","geometry":{"type":"Polygon","coordinates":[[[4.9619079,47.1977343],[4.9618661,47.1977437],[4.9617967,47.1977591],[4.9617285,47.197776],[4.9616779,47.1977895],[4.9615969,47.1978126],[4.9615628,47.1977397],[4.9615603,47.1977343],[4.9615508,47.1977137],[4.9615002,47.1976028],[4.9614362,47.1974651],[4.9617961,47.1973891],[4.961797,47.1973916],[4.9618178,47.1974415],[4.9618333,47.1974787],[4.9618462,47.1975142],[4.9619706,47.1974838],[4.962003,47.1975452],[4.9621014,47.1975201],[4.962107,47.1975351],[4.9620813,47.1975408],[4.9620892,47.1975586],[4.9621216,47.1975691],[4.9621426,47.1975646],[4.9621615,47.1976085],[4.9621913,47.1976742],[4.9619079,47.1977343]]]},"properties":{"id":"21442000AP0097","reference":"AP 0097","commune":"21442","cadastreAreaM2":1525,"geometryAreaM2":1520.9641,"bounds":[4.9614362,47.1973891,4.9621913,47.1978126],"labelPoint":[4.96182208008393,47.197585950000004],"overlaps":[{"parentFeatureId":"inao-denom-547","name":"Clos des Lambrays","areaM2":36.6812,"parcelPercent":2.4117}],"recordedRights":[],"domaineLinks":[],"recordMatch":"unknown","recordAreasM2":[]}},{"type":"Feature","id":"21442000AP0099","geometry":{"type":"Polygon","coordinates":[[[4.9620354,47.197112],[4.9619594,47.1971114],[4.9619455,47.1971107],[4.9618731,47.197127],[4.9617972,47.1971441],[4.9617631,47.1970333],[4.9619883,47.1969825],[4.9620318,47.1969803],[4.9620323,47.1970084],[4.962034,47.1970834],[4.9620354,47.197112]]]},"properties":{"id":"21442000AP0099","reference":"AP 0099","commune":"21442","cadastreAreaM2":262,"geometryAreaM2":258.7493,"bounds":[4.9617631,47.1969803,4.9620354,47.1971441],"labelPoint":[4.9619021208157035,47.19705835],"overlaps":[{"parentFeatureId":"inao-denom-547","name":"Clos des Lambrays","areaM2":258.5631,"parcelPercent":99.928}],"recordedRights":[],"domaineLinks":[],"recordMatch":"unknown","recordAreasM2":[]}},{"type":"Feature","id":"21442000AP0101","geometry":{"type":"Polygon","coordinates":[[[4.9617972,47.1971441],[4.9618186,47.1972158],[4.9615629,47.1972629],[4.961328,47.1973046],[4.9612316,47.1973238],[4.9612946,47.1974862],[4.9612562,47.1974954],[4.9611673,47.1975153],[4.9610774,47.1975338],[4.9608126,47.1975768],[4.9607902,47.1975232],[4.960801,47.1975129],[4.9607301,47.1973283],[4.9606659,47.1971866],[4.9606258,47.1970685],[4.9610205,47.1969624],[4.9610402,47.1969551],[4.9612531,47.1968619],[4.9613482,47.1968255],[4.9615006,47.196773],[4.9616831,47.1967125],[4.9617513,47.1966938],[4.9618318,47.1966739],[4.9618909,47.1966804],[4.9619415,47.1966922],[4.9620467,47.1967702],[4.9620318,47.1969803],[4.9619883,47.1969825],[4.9617631,47.1970333],[4.9617972,47.1971441]]]},"properties":{"id":"21442000AP0101","reference":"AP 0101","commune":"21442","cadastreAreaM2":5535,"geometryAreaM2":5521.3223,"bounds":[4.9606258,47.1966739,4.9620467,47.1975768],"labelPoint":[4.96121210066142,47.1971063],"overlaps":[{"parentFeatureId":"inao-denom-547","name":"Clos des Lambrays","areaM2":5373.241,"parcelPercent":97.318}],"recordedRights":[{"holderId":"410725691","siren":"410725691","name":"SOCIETE DU DOMAINE DES LAMBRAYS","rightCode":"P","rightLabel":"Propriétaire","legalForm":"5710","legalFormLabel":"SAS"}],"domaineLinks":[],"recordMatch":"reference-and-area","recordAreasM2":[5535]}},{"type":"Feature","id":"21442000AP0102","geometry":{"type":"Polygon","coordinates":[[[4.9614362,47.1974651],[4.9615002,47.1976028],[4.9615508,47.1977137],[4.9615603,47.1977343],[4.9612634,47.1977851],[4.9611767,47.1976221],[4.9608735,47.1976963],[4.9608126,47.1975768],[4.9610774,47.1975338],[4.9611673,47.1975153],[4.9612562,47.1974954],[4.9612946,47.1974862],[4.9614362,47.1974651]]]},"properties":{"id":"21442000AP0102","reference":"AP 0102","commune":"21442","cadastreAreaM2":1057,"geometryAreaM2":1055.4672,"bounds":[4.9608126,47.1974651,4.9615603,47.1977851],"labelPoint":[4.961361183505922,47.1976592],"overlaps":[{"parentFeatureId":"inao-denom-547","name":"Clos des Lambrays","areaM2":1044.9851,"parcelPercent":99.0069}],"recordedRights":[{"holderId":"410725691","siren":"410725691","name":"SOCIETE DU DOMAINE DES LAMBRAYS","rightCode":"P","rightLabel":"Propriétaire","legalForm":"5710","legalFormLabel":"SAS"}],"domaineLinks":[],"recordMatch":"reference-and-area","recordAreasM2":[1057]}},{"type":"Feature","id":"21442000AP0103","geometry":{"type":"Polygon","coordinates":[[[4.9615909,47.1979946],[4.9615633,47.1980002],[4.9615465,47.1979728],[4.9615742,47.1979652],[4.9615909,47.1979946]]]},"properties":{"id":"21442000AP0103","reference":"AP 0103","commune":"21442","cadastreAreaM2":8,"geometryAreaM2":7.5332,"bounds":[4.9615465,47.1979652,4.9615909,47.1980002],"labelPoint":[4.96156894585754,47.1979837],"overlaps":[{"parentFeatureId":"inao-denom-547","name":"Clos des Lambrays","areaM2":2.225,"parcelPercent":29.5358}],"recordedRights":[{"holderId":"U21078600","siren":null,"name":"S C D'EXPLOITATION MERME-MORIZOT","rightCode":"P","rightLabel":"Propriétaire","legalForm":"6599","legalFormLabel":"SC"}],"domaineLinks":[],"recordMatch":"reference-and-area","recordAreasM2":[8]}},{"type":"Feature","id":"21442000AP0104","geometry":{"type":"Polygon","coordinates":[[[4.9611356,47.1980907],[4.9610844,47.1979868],[4.9613101,47.1979395],[4.9615331,47.1978925],[4.9615742,47.1979652],[4.9615465,47.1979728],[4.9615633,47.1980002],[4.9614381,47.1980254],[4.9612865,47.1980573],[4.9611356,47.1980907]]]},"properties":{"id":"21442000AP0104","reference":"AP 0104","commune":"21442","cadastreAreaM2":430,"geometryAreaM2":423.5253,"bounds":[4.9610844,47.1978925,4.9615742,47.1980907],"labelPoint":[4.961323446803496,47.1979935],"overlaps":[{"parentFeatureId":"inao-denom-547","name":"Clos des Lambrays","areaM2":418.7281,"parcelPercent":98.8673}],"recordedRights":[{"holderId":"U21078600","siren":null,"name":"S C D'EXPLOITATION MERME-MORIZOT","rightCode":"P","rightLabel":"Propriétaire","legalForm":"6599","legalFormLabel":"SC"}],"domaineLinks":[],"recordMatch":"reference-and-area","recordAreasM2":[430]}},{"type":"Feature","id":"21442000AP0105","geometry":{"type":"Polygon","coordinates":[[[4.960636,47.198194],[4.9604754,47.1979179],[4.9604618,47.1978285],[4.9604776,47.1977931],[4.9608735,47.1976963],[4.9611767,47.1976221],[4.9612634,47.1977851],[4.9615603,47.1977343],[4.9615628,47.1977397],[4.9615969,47.1978126],[4.9615039,47.1978422],[4.9615331,47.1978925],[4.9613101,47.1979395],[4.9610844,47.1979868],[4.9611356,47.1980907],[4.9611185,47.198094],[4.960636,47.198194]]]},"properties":{"id":"21442000AP0105","reference":"AP 0105","commune":"21442","cadastreAreaM2":2929,"geometryAreaM2":2941.9198,"bounds":[4.9604618,47.1976221,4.9615969,47.198194],"labelPoint":[4.960973155281069,47.1979052],"overlaps":[{"parentFeatureId":"inao-denom-547","name":"Clos des Lambrays","areaM2":2936.1876,"parcelPercent":99.8052}],"recordedRights":[{"holderId":"410725691","siren":"410725691","name":"SOCIETE DU DOMAINE DES LAMBRAYS","rightCode":"P","rightLabel":"Propriétaire","legalForm":"5710","legalFormLabel":"SAS"}],"domaineLinks":[],"recordMatch":"reference-and-area","recordAreasM2":[2929]}},{"type":"Feature","id":"21442000AP0106","geometry":{"type":"Polygon","coordinates":[[[4.9608126,47.1975768],[4.9608735,47.1976963],[4.9604776,47.1977931],[4.9604618,47.1978285],[4.9604569,47.1977925],[4.9607902,47.1975232],[4.9608126,47.1975768]]]},"properties":{"id":"21442000AP0106","reference":"AP 0106","commune":"21442","cadastreAreaM2":342,"geometryAreaM2":346.9869,"bounds":[4.9604569,47.1975232,4.9608735,47.1978285],"labelPoint":[4.960746481006312,47.19763655],"overlaps":[{"parentFeatureId":"inao-denom-547","name":"Clos des Lambrays","areaM2":315.4365,"parcelPercent":90.9073}],"recordedRights":[{"holderId":"410725691","siren":"410725691","name":"SOCIETE DU DOMAINE DES LAMBRAYS","rightCode":"P","rightLabel":"Propriétaire","legalForm":"5710","legalFormLabel":"SAS"}],"domaineLinks":[],"recordMatch":"reference-and-area","recordAreasM2":[342]}},{"type":"Feature","id":"21442000AP0107","geometry":{"type":"Polygon","coordinates":[[[4.960579,47.1988593],[4.9605375,47.1988671],[4.9603113,47.1989099],[4.96035,47.1990464],[4.9603676,47.1991276],[4.9602957,47.1991355],[4.9602653,47.1991388],[4.9602308,47.1991426],[4.9602384,47.1992422],[4.9597293,47.1993643],[4.9597066,47.1992606],[4.9596018,47.199273],[4.9593594,47.1993007],[4.9591164,47.1993268],[4.9588734,47.1993516],[4.9588578,47.1992809],[4.9587957,47.1992833],[4.9587843,47.1992402],[4.9586823,47.1992495],[4.9586719,47.1991945],[4.9576256,47.1992501],[4.9575797,47.1992715],[4.957566,47.199257],[4.9575358,47.1992583],[4.9575111,47.1992099],[4.9573212,47.1992115],[4.9573189,47.1991992],[4.9572857,47.1992023],[4.9572794,47.1991013],[4.9572646,47.1986441],[4.9573245,47.1984743],[4.9573329,47.1984334],[4.957339,47.1983929],[4.9573312,47.1981346],[4.95737,47.1980733],[4.9573656,47.1980315],[4.9573244,47.1979941],[4.9572462,47.1972114],[4.9572687,47.1971699],[4.9573813,47.1970902],[4.9580031,47.1970765],[4.9583497,47.1970827],[4.9585648,47.1971522],[4.9588317,47.1972361],[4.9593246,47.1972578],[4.959417,47.1972677],[4.9594569,47.1972837],[4.9595167,47.1972916],[4.9595879,47.1972841],[4.9597565,47.1972626],[4.9599233,47.1972431],[4.960022,47.197222],[4.96012,47.1971993],[4.9602403,47.1971694],[4.9606152,47.1970711],[4.960656,47.1971918],[4.9607104,47.1973135],[4.9607863,47.1975131],[4.9604429,47.1977931],[4.960463,47.1979238],[4.9606185,47.1981879],[4.9602496,47.1982643],[4.9605743,47.198813],[4.960579,47.1988593]]]},"properties":{"id":"21442000AP0107","reference":"AP 0107","commune":"21442","cadastreAreaM2":56845,"geometryAreaM2":56393.6774,"bounds":[4.9572462,47.1970711,4.9607863,47.1993643],"labelPoint":[4.958884006533101,47.1982261],"overlaps":[{"parentFeatureId":"inao-denom-547","name":"Clos des Lambrays","areaM2":55968.2898,"parcelPercent":99.2457}],"recordedRights":[{"holderId":"410725691","siren":"410725691","name":"SOCIETE DU DOMAINE DES LAMBRAYS","rightCode":"P","rightLabel":"Propriétaire","legalForm":"5710","legalFormLabel":"SAS"}],"domaineLinks":[],"recordMatch":"reference-and-area","recordAreasM2":[56845]}},{"type":"Feature","id":"21442000AP0108","geometry":{"type":"Polygon","coordinates":[[[4.9572857,47.1992023],[4.9573189,47.1991992],[4.9573212,47.1992115],[4.9575111,47.1992099],[4.9575358,47.1992583],[4.957566,47.199257],[4.9575797,47.1992715],[4.9576256,47.1992501],[4.9586719,47.1991945],[4.9586823,47.1992495],[4.9587843,47.1992402],[4.9587957,47.1992833],[4.9588578,47.1992809],[4.9588734,47.1993516],[4.9591164,47.1993268],[4.9593594,47.1993007],[4.9596018,47.199273],[4.9597066,47.1992606],[4.9597293,47.1993643],[4.9602384,47.1992422],[4.9602425,47.1992953],[4.960255,47.1993239],[4.9603522,47.1995026],[4.9603854,47.1995482],[4.9603797,47.19955],[4.9604335,47.1996133],[4.960272,47.1996707],[4.960139,47.1997162],[4.9600732,47.1997376],[4.9595105,47.1999026],[4.9594742,47.1999137],[4.9593263,47.200011],[4.9592424,47.2000245],[4.9589968,47.200065],[4.9587516,47.200107],[4.958192,47.2001981],[4.958008,47.2002237],[4.957908,47.2002247],[4.9577556,47.2002054],[4.9574106,47.2001371],[4.9573865,47.2001308],[4.9571633,47.2000651],[4.9571424,47.2000503],[4.957133,47.2000387],[4.957134,47.200021],[4.9571435,47.1999963],[4.9571833,47.1999202],[4.9572185,47.1998579],[4.9572561,47.199796],[4.9572683,47.1997621],[4.9572829,47.1997158],[4.9572954,47.1996692],[4.9572966,47.1996609],[4.9572889,47.1995031],[4.9572914,47.1992592],[4.9573696,47.1992669],[4.9573767,47.1992289],[4.9572893,47.1992215],[4.9572857,47.1992023]]]},"properties":{"id":"21442000AP0108","reference":"AP 0108","commune":"21442","cadastreAreaM2":19910,"geometryAreaM2":19873.3457,"bounds":[4.957133,47.1991945,4.9604335,47.2002247],"labelPoint":[4.958747516717567,47.199693249999996],"overlaps":[{"parentFeatureId":"inao-denom-547","name":"Clos des Lambrays","areaM2":19827.9446,"parcelPercent":99.7715}],"recordedRights":[{"holderId":"410725691","siren":"410725691","name":"SOCIETE DU DOMAINE DES LAMBRAYS","rightCode":"P","rightLabel":"Propriétaire","legalForm":"5710","legalFormLabel":"SAS"}],"domaineLinks":[],"recordMatch":"reference-and-area","recordAreasM2":[19910]}},{"type":"Feature","id":"21442000AP0109","geometry":{"type":"Polygon","coordinates":[[[4.9572893,47.1992215],[4.9573767,47.1992289],[4.9573696,47.1992669],[4.9572914,47.1992592],[4.9572848,47.1992583],[4.9572893,47.1992215]]]},"properties":{"id":"21442000AP0109","reference":"AP 0109","commune":"21442","cadastreAreaM2":28,"geometryAreaM2":27.5513,"bounds":[4.9572848,47.1992215,4.9573767,47.1992669],"labelPoint":[4.957330275487699,47.1992436],"overlaps":[{"parentFeatureId":"inao-denom-547","name":"Clos des Lambrays","areaM2":8.4321,"parcelPercent":30.6049}],"recordedRights":[{"holderId":"410725691","siren":"410725691","name":"SOCIETE DU DOMAINE DES LAMBRAYS","rightCode":"P","rightLabel":"Propriétaire","legalForm":"5710","legalFormLabel":"SAS"}],"domaineLinks":[],"recordMatch":"reference-and-area","recordAreasM2":[28]}},{"type":"Feature","id":"21442000AP0178","geometry":{"type":"Polygon","coordinates":[[[4.9620354,47.197112],[4.9620369,47.1971379],[4.9620423,47.1972324],[4.9619752,47.1972464],[4.9619614,47.1971362],[4.9619594,47.1971114],[4.9620354,47.197112]]]},"properties":{"id":"21442000AP0178","reference":"AP 0178","commune":"21442","cadastreAreaM2":78,"geometryAreaM2":77.9972,"bounds":[4.9619594,47.1971114,4.9620423,47.1972464],"labelPoint":[4.962003564927405,47.197185149999996],"overlaps":[{"parentFeatureId":"inao-denom-547","name":"Clos des Lambrays","areaM2":7.945,"parcelPercent":10.1863}],"recordedRights":[{"holderId":"U21465754","siren":null,"name":"SCI 21 23","rightCode":"P","rightLabel":"Propriétaire","legalForm":"6540","legalFormLabel":"SCI"}],"domaineLinks":[],"recordMatch":"reference-and-area","recordAreasM2":[78]}},{"type":"Feature","id":"21442000AP0179","geometry":{"type":"Polygon","coordinates":[[[4.9620423,47.1972324],[4.9620436,47.1972502],[4.9620255,47.197254],[4.9620297,47.1972748],[4.9620009,47.1972817],[4.9620409,47.1973769],[4.9619304,47.1974056],[4.9619272,47.1974064],[4.9619077,47.1973674],[4.9618887,47.1973228],[4.9619154,47.197316],[4.9618991,47.1972785],[4.961977,47.1972609],[4.9619756,47.1972497],[4.9619752,47.1972464],[4.9620423,47.1972324]]]},"properties":{"id":"21442000AP0179","reference":"AP 0179","commune":"21442","cadastreAreaM2":139,"geometryAreaM2":137.1986,"bounds":[4.9618887,47.1972324,4.9620436,47.1974064],"labelPoint":[4.9619593951680745,47.1973194],"overlaps":[{"parentFeatureId":"inao-denom-547","name":"Clos des Lambrays","areaM2":9.7992,"parcelPercent":7.1423}],"recordedRights":[],"domaineLinks":[],"recordMatch":"unknown","recordAreasM2":[]}},{"type":"Feature","id":"21442000AP0180","geometry":{"type":"Polygon","coordinates":[[[4.9617961,47.1973891],[4.9618062,47.197387],[4.9619077,47.1973674],[4.9619272,47.1974064],[4.9619304,47.1974056],[4.9620409,47.1973769],[4.9621014,47.1975201],[4.962003,47.1975452],[4.9619706,47.1974838],[4.9618462,47.1975142],[4.9618333,47.1974787],[4.9618178,47.1974415],[4.961797,47.1973916],[4.9617961,47.1973891]]]},"properties":{"id":"21442000AP0180","reference":"AP 0180","commune":"21442","cadastreAreaM2":283,"geometryAreaM2":271.5699,"bounds":[4.9617961,47.1973674,4.9621014,47.1975452],"labelPoint":[4.961950800418995,47.1974601],"overlaps":[{"parentFeatureId":"inao-denom-547","name":"Clos des Lambrays","areaM2":10.8547,"parcelPercent":3.997}],"recordedRights":[{"holderId":"U21465754","siren":null,"name":"SCI 21 23","rightCode":"P","rightLabel":"Propriétaire","legalForm":"6540","legalFormLabel":"SCI"}],"domaineLinks":[],"recordMatch":"reference-and-area","recordAreasM2":[283]}},{"type":"Feature","id":"21442000AP0181","geometry":{"type":"Polygon","coordinates":[[[4.9619752,47.1972464],[4.9619756,47.1972497],[4.961977,47.1972609],[4.9618991,47.1972785],[4.9619154,47.197316],[4.9618887,47.1973228],[4.9619077,47.1973674],[4.9618062,47.197387],[4.9617656,47.1972894],[4.9619752,47.1972464]]]},"properties":{"id":"21442000AP0181","reference":"AP 0181","commune":"21442","cadastreAreaM2":119,"geometryAreaM2":113.8966,"bounds":[4.9617656,47.1972464,4.961977,47.197387],"labelPoint":[4.961840064754105,47.1973194],"overlaps":[{"parentFeatureId":"inao-denom-547","name":"Clos des Lambrays","areaM2":111.4455,"parcelPercent":97.848}],"recordedRights":[],"domaineLinks":[],"recordMatch":"unknown","recordAreasM2":[]}},{"type":"Feature","id":"21442000AP0182","geometry":{"type":"Polygon","coordinates":[[[4.9614362,47.1974651],[4.9612946,47.1974862],[4.9612316,47.1973238],[4.961328,47.1973046],[4.9615629,47.1972629],[4.9618186,47.1972158],[4.9617972,47.1971441],[4.9618731,47.197127],[4.9619455,47.1971107],[4.9619594,47.1971114],[4.9619614,47.1971362],[4.9619752,47.1972464],[4.9617656,47.1972894],[4.9618062,47.197387],[4.9617961,47.1973891],[4.9614362,47.1974651]]]},"properties":{"id":"21442000AP0182","reference":"AP 0182","commune":"21442","cadastreAreaM2":965,"geometryAreaM2":969.6498,"bounds":[4.9612316,47.1971107,4.9619752,47.1974862],"labelPoint":[4.961569786493088,47.197297000000006],"overlaps":[{"parentFeatureId":"inao-denom-547","name":"Clos des Lambrays","areaM2":968.8574,"parcelPercent":99.9183}],"recordedRights":[{"holderId":"U21465754","siren":null,"name":"SCI 21 23","rightCode":"P","rightLabel":"Propriétaire","legalForm":"6540","legalFormLabel":"SCI"}],"domaineLinks":[],"recordMatch":"reference-and-area","recordAreasM2":[965]}},{"type":"Feature","id":"21442000AP0199","geometry":{"type":"Polygon","coordinates":[[[4.9573813,47.1970902],[4.9572687,47.1971699],[4.9572462,47.1972114],[4.9573244,47.1979941],[4.9573656,47.1980315],[4.95737,47.1980733],[4.9573312,47.1981346],[4.957339,47.1983929],[4.9573329,47.1984334],[4.9572994,47.1984271],[4.9573129,47.1983518],[4.9573134,47.1983327],[4.9573115,47.1983135],[4.9573051,47.1982833],[4.9572996,47.1982677],[4.9572917,47.1982526],[4.9572889,47.1982481],[4.9572518,47.1982069],[4.9572432,47.1981563],[4.9572447,47.1980602],[4.9572872,47.1979995],[4.9572777,47.1978995],[4.9572535,47.1976952],[4.957188,47.1970937],[4.9573813,47.1970902]]]},"properties":{"id":"21442000AP0199","reference":"AP 0199","commune":"21442","cadastreAreaM2":602,"geometryAreaM2":617.8078,"bounds":[4.957188,47.1970902,4.9573813,47.1984334],"labelPoint":[4.9572851712980714,47.19779735],"overlaps":[{"parentFeatureId":"inao-denom-547","name":"Clos des Lambrays","areaM2":10.1077,"parcelPercent":1.6361}],"recordedRights":[{"holderId":"410725691","siren":"410725691","name":"SOCIETE DU DOMAINE DES LAMBRAYS","rightCode":"P","rightLabel":"Propriétaire","legalForm":"5710","legalFormLabel":"SAS"}],"domaineLinks":[],"recordMatch":"reference-and-area","recordAreasM2":[602]}},{"type":"Feature","id":"21442000AP0230","geometry":{"type":"Polygon","coordinates":[[[4.9599149,47.200608],[4.9601794,47.200553],[4.9613584,47.2003487],[4.9614201,47.2004977],[4.9603906,47.2007025],[4.9604342,47.2007569],[4.9604113,47.2007628],[4.9600826,47.2008448],[4.9600016,47.2007578],[4.9599291,47.2006378],[4.9599149,47.200608]]]},"properties":{"id":"21442000AP0230","reference":"AP 0230","commune":"21442","cadastreAreaM2":2324,"geometryAreaM2":2360.6844,"bounds":[4.9599149,47.2003487,4.9614201,47.2008448],"labelPoint":[4.9605255131835895,47.2005805],"overlaps":[{"parentFeatureId":"inao-denom-548","name":"Clos Saint-Denis","areaM2":2360.6844,"parcelPercent":100.0}],"recordedRights":[{"holderId":"U21940937","siren":null,"name":"GFA SAINT ROCH","rightCode":"P","rightLabel":"Propriétaire","legalForm":"6534","legalFormLabel":"GFA"}],"domaineLinks":[],"recordMatch":"reference-and-area","recordAreasM2":[2324]}},{"type":"Feature","id":"21442000AP0231","geometry":{"type":"Polygon","coordinates":[[[4.9599149,47.200608],[4.9599108,47.2005996],[4.9601794,47.200553],[4.9599149,47.200608]]]},"properties":{"id":"21442000AP0231","reference":"AP 0231","commune":"21442","cadastreAreaM2":11,"geometryAreaM2":10.2897,"bounds":[4.9599108,47.200553,4.9601794,47.200608],"labelPoint":[4.960056224090934,47.200576299999994],"overlaps":[{"parentFeatureId":"inao-denom-548","name":"Clos Saint-Denis","areaM2":10.2897,"parcelPercent":100.0}],"recordedRights":[{"holderId":"U21585571","siren":null,"name":"GROUPEMENT FONCIER AGRICOLE DOMAINE GEORGES LIGNIER PERE ET","rightCode":"P","rightLabel":"Propriétaire","legalForm":"9900","legalFormLabel":"AUPM"}],"domaineLinks":[],"recordMatch":"reference-and-area","recordAreasM2":[11]}},{"type":"Feature","id":"21442000AP0232","geometry":{"type":"Polygon","coordinates":[[[4.9613584,47.2003487],[4.9601794,47.200553],[4.9613492,47.2003219],[4.9613584,47.2003487]]]},"properties":{"id":"21442000AP0232","reference":"AP 0232","commune":"21442","cadastreAreaM2":155,"geometryAreaM2":140.7537,"bounds":[4.9601794,47.2003219,4.9613584,47.200553],"labelPoint":[4.960732685417588,47.200450849999996],"overlaps":[{"parentFeatureId":"inao-denom-548","name":"Clos Saint-Denis","areaM2":140.7537,"parcelPercent":100.0}],"recordedRights":[{"holderId":"U21940937","siren":null,"name":"GFA SAINT ROCH","rightCode":"P","rightLabel":"Propriétaire","legalForm":"6534","legalFormLabel":"GFA"}],"domaineLinks":[],"recordMatch":"reference-and-area","recordAreasM2":[155]}},{"type":"Feature","id":"21442000AP0233","geometry":{"type":"Polygon","coordinates":[[[4.9598385,47.2002411],[4.9613905,47.1999239],[4.961463,47.199908],[4.9619919,47.1997998],[4.9620144,47.1997958],[4.9620057,47.1998123],[4.9619992,47.1998292],[4.9619946,47.1998484],[4.9619736,47.1999417],[4.961975,47.2000129],[4.9608083,47.2002667],[4.9608415,47.2003464],[4.9612635,47.2002599],[4.9612857,47.2003031],[4.9613422,47.2002944],[4.9613492,47.2003219],[4.9601794,47.200553],[4.9599108,47.2005996],[4.9598791,47.2005274],[4.9598773,47.2005153],[4.9598796,47.2005058],[4.9598842,47.2004953],[4.9598909,47.2004853],[4.9599039,47.2004733],[4.959919,47.2004623],[4.9599355,47.2004523],[4.9599253,47.2004168],[4.9599383,47.2004128],[4.9599265,47.2003808],[4.9599188,47.2003642],[4.9598385,47.2002411]]]},"properties":{"id":"21442000AP0233","reference":"AP 0233","commune":"21442","cadastreAreaM2":5431,"geometryAreaM2":5402.1534,"bounds":[4.9598385,47.1997958,4.9620144,47.2005996],"labelPoint":[4.960923630261634,47.200126999999995],"overlaps":[{"parentFeatureId":"inao-denom-548","name":"Clos Saint-Denis","areaM2":5400.5152,"parcelPercent":99.9697}],"recordedRights":[{"holderId":"429825250","siren":"429825250","name":"DOMAINE GEORGES LIGNIER PERE ET FILS","rightCode":"P","rightLabel":"Propriétaire","legalForm":"6534","legalFormLabel":"GFA"}],"domaineLinks":[],"recordMatch":"reference-and-area","recordAreasM2":[5431]}},{"type":"Feature","id":"21442000AP0252","geometry":{"type":"Polygon","coordinates":[[[4.9619921,47.1995354],[4.9614892,47.1996412],[4.9612913,47.1996601],[4.9612418,47.1995128],[4.9612243,47.1994615],[4.9612075,47.1994138],[4.9613972,47.1993711],[4.9616397,47.1993253],[4.9616386,47.1993192],[4.9616728,47.1993091],[4.961835,47.1992612],[4.9618507,47.1992715],[4.9618721,47.1992855],[4.961893,47.1993291],[4.9619368,47.199419],[4.961974,47.1994968],[4.9619921,47.1995354]]]},"properties":{"id":"21442000AP0252","reference":"AP 0252","commune":"21442","cadastreAreaM2":1627,"geometryAreaM2":1637.0743,"bounds":[4.9612075,47.1992612,4.9619921,47.1996601],"labelPoint":[4.961581888195823,47.199440249999995],"overlaps":[{"parentFeatureId":"inao-denom-548","name":"Clos Saint-Denis","areaM2":1558.1728,"parcelPercent":95.1803}],"recordedRights":[],"domaineLinks":[],"recordMatch":"unknown","recordAreasM2":[]}},{"type":"Feature","id":"21442000AR0027","geometry":{"type":"Polygon","coordinates":[[[4.9587058,47.1968138],[4.9587367,47.1969127],[4.9581239,47.1968811],[4.9581229,47.1968358],[4.9587058,47.1968138]]]},"properties":{"id":"21442000AR0027","reference":"AR 0027","commune":"21442","cadastreAreaM2":357,"geometryAreaM2":361.8516,"bounds":[4.9581229,47.1968138,4.9587367,47.1969127],"labelPoint":[4.958421575151668,47.19685845],"overlaps":[{"parentFeatureId":"inao-denom-545","name":"Clos de Tart","areaM2":2.6677,"parcelPercent":0.7372}],"recordedRights":[],"domaineLinks":[],"recordMatch":"unknown","recordAreasM2":[]}},{"type":"Feature","id":"21442000AR0028","geometry":{"type":"Polygon","coordinates":[[[4.9586808,47.196733],[4.9587058,47.1968138],[4.9581229,47.1968358],[4.9580994,47.1967847],[4.9586808,47.196733]]]},"properties":{"id":"21442000AR0028","reference":"AR 0028","commune":"21442","cadastreAreaM2":325,"geometryAreaM2":330.3829,"bounds":[4.9580994,47.196733,4.9587058,47.1968358],"labelPoint":[4.9585394490717825,47.19675885],"overlaps":[{"parentFeatureId":"inao-denom-545","name":"Clos de Tart","areaM2":2.2227,"parcelPercent":0.6728}],"recordedRights":[],"domaineLinks":[],"recordMatch":"unknown","recordAreasM2":[]}},{"type":"Feature","id":"21442000AR0029","geometry":{"type":"Polygon","coordinates":[[[4.9586677,47.1966903],[4.9586808,47.196733],[4.9580994,47.1967847],[4.9580821,47.1967444],[4.9586677,47.1966903]]]},"properties":{"id":"21442000AR0029","reference":"AR 0029","commune":"21442","cadastreAreaM2":204,"geometryAreaM2":210.4027,"bounds":[4.9580821,47.1966903,4.9586808,47.1967847],"labelPoint":[4.958380249441221,47.1967387],"overlaps":[{"parentFeatureId":"inao-denom-545","name":"Clos de Tart","areaM2":1.3196,"parcelPercent":0.6272}],"recordedRights":[],"domaineLinks":[],"recordMatch":"unknown","recordAreasM2":[]}},{"type":"Feature","id":"21442000AR0030","geometry":{"type":"Polygon","coordinates":[[[4.958642,47.1966068],[4.9586677,47.1966903],[4.9580821,47.1967444],[4.9580529,47.1966768],[4.9583324,47.1966427],[4.958642,47.1966068]]]},"properties":{"id":"21442000AR0030","reference":"AR 0030","commune":"21442","cadastreAreaM2":387,"geometryAreaM2":389.696,"bounds":[4.9580529,47.1966068,4.9586677,47.1967444],"labelPoint":[4.958425473592829,47.196659749999995],"overlaps":[{"parentFeatureId":"inao-denom-545","name":"Clos de Tart","areaM2":2.6156,"parcelPercent":0.6712}],"recordedRights":[],"domaineLinks":[],"recordMatch":"unknown","recordAreasM2":[]}},{"type":"Feature","id":"21442000AR0060","geometry":{"type":"Polygon","coordinates":[[[4.9586188,47.1971454],[4.9587367,47.1969127],[4.9587058,47.1968138],[4.9586808,47.196733],[4.9586677,47.1966903],[4.958642,47.1966068],[4.9586098,47.1965027],[4.9586046,47.196486],[4.958564,47.1964304],[4.9584762,47.196309],[4.9583119,47.1960818],[4.9582596,47.1959945],[4.9582327,47.1959496],[4.9582032,47.1958654],[4.9580735,47.1956128],[4.9580775,47.1956121],[4.958038,47.1955264],[4.9580299,47.1955278],[4.9579997,47.1954612],[4.9579048,47.1953915],[4.9577911,47.1953099],[4.9576756,47.1952294],[4.9576609,47.1952157],[4.9574812,47.1949244],[4.9581166,47.1947985],[4.958131,47.1948171],[4.9587911,47.1946233],[4.9592022,47.194494],[4.9596894,47.1943618],[4.9606896,47.1941166],[4.9608965,47.1944568],[4.9613864,47.1950809],[4.9612869,47.1951172],[4.9611871,47.1951536],[4.9610851,47.1951932],[4.961105,47.1952315],[4.961262,47.1955245],[4.9612698,47.1955228],[4.9612904,47.1955661],[4.9611922,47.1955924],[4.9612114,47.1956331],[4.9610495,47.1956691],[4.9610317,47.195673],[4.9611323,47.1958569],[4.9611476,47.195895],[4.961213,47.1958953],[4.9613035,47.1958704],[4.9613305,47.195863],[4.9614182,47.1958388],[4.9614424,47.1958387],[4.9614423,47.1958216],[4.9615116,47.1958126],[4.9615828,47.1958016],[4.9616979,47.1958083],[4.9617197,47.1958658],[4.9617796,47.1958569],[4.9620245,47.1965521],[4.9619049,47.1965772],[4.9619062,47.1965964],[4.961841,47.1966171],[4.9617979,47.1966309],[4.9617981,47.1966363],[4.9617086,47.196667],[4.9616844,47.1966753],[4.9612608,47.1968202],[4.9610614,47.1969085],[4.9608646,47.1969731],[4.9600718,47.1971752],[4.9599021,47.1972082],[4.959748,47.1972199],[4.9596588,47.1972403],[4.9594588,47.1972339],[4.9593209,47.1972277],[4.9588404,47.1972113],[4.9586188,47.1971454]]]},"properties":{"id":"21442000AR0060","reference":"AR 0060","commune":"21442","cadastreAreaM2":72548,"geometryAreaM2":72297.0159,"bounds":[4.9574812,47.1941166,4.9620245,47.1972403],"labelPoint":[4.959602150107305,47.195737300000005],"overlaps":[{"parentFeatureId":"inao-denom-545","name":"Clos de Tart","areaM2":72095.2301,"parcelPercent":99.7209}],"recordedRights":[{"holderId":"U18178981","siren":null,"name":"MAISON MOMMESSIN","rightCode":"P","rightLabel":"Propriétaire","legalForm":"5599","legalFormLabel":"SA"}],"domaineLinks":[],"recordMatch":"reference-and-area","recordAreasM2":[72548]}},{"type":"Feature","id":"21442000AR0061","geometry":{"type":"Polygon","coordinates":[[[4.9617981,47.1966363],[4.9617979,47.1966309],[4.961841,47.1966171],[4.9619062,47.1965964],[4.9619049,47.1965772],[4.9620245,47.1965521],[4.9620475,47.1966454],[4.961926,47.1966552],[4.9618556,47.1966449],[4.9617981,47.1966363]]]},"properties":{"id":"21442000AR0061","reference":"AR 0061","commune":"21442","cadastreAreaM2":122,"geometryAreaM2":123.9675,"bounds":[4.9617979,47.1965521,4.9620475,47.1966552],"labelPoint":[4.961955786066446,47.19660675],"overlaps":[{"parentFeatureId":"inao-denom-545","name":"Clos de Tart","areaM2":22.8121,"parcelPercent":18.4017}],"recordedRights":[],"domaineLinks":[],"recordMatch":"unknown","recordAreasM2":[]}},{"type":"Feature","id":"21442000AR0064","geometry":{"type":"Polygon","coordinates":[[[4.9606896,47.1941166],[4.9596894,47.1943618],[4.9592022,47.194494],[4.9587911,47.1946233],[4.958131,47.1948171],[4.9581166,47.1947985],[4.9574812,47.1949244],[4.9574545,47.194884],[4.9575456,47.1948592],[4.9579943,47.1947346],[4.9589334,47.194474],[4.9590761,47.1944332],[4.9606244,47.1940038],[4.9606896,47.1941166]]]},"properties":{"id":"21442000AR0064","reference":"AR 0064","commune":"21442","cadastreAreaM2":2780,"geometryAreaM2":2728.9927,"bounds":[4.9574545,47.1940038,4.9606896,47.1949244],"labelPoint":[4.959177918570337,47.1944536],"overlaps":[{"parentFeatureId":"inao-denom-361","name":"Bonnes-Mares","areaM2":319.7561,"parcelPercent":11.717},{"parentFeatureId":"inao-denom-545","name":"Clos de Tart","areaM2":2394.7829,"parcelPercent":87.7534}],"recordedRights":[{"holderId":"U18178981","siren":null,"name":"MAISON MOMMESSIN","rightCode":"P","rightLabel":"Propriétaire","legalForm":"5599","legalFormLabel":"SA"}],"domaineLinks":[],"recordMatch":"reference-and-area","recordAreasM2":[2780]}},{"type":"Feature","id":"21442000AR0066","geometry":{"type":"Polygon","coordinates":[[[4.9605419,47.1938638],[4.9578959,47.1946257],[4.9576454,47.1943463],[4.9576709,47.1943373],[4.9580533,47.1942007],[4.9581639,47.194163],[4.9583327,47.1941056],[4.9585703,47.1940264],[4.9588623,47.1939337],[4.9590243,47.1938825],[4.9593149,47.1937903],[4.9594581,47.1937449],[4.9595753,47.193704],[4.9597464,47.1936664],[4.9599189,47.193619],[4.9599522,47.193611],[4.960337,47.1935194],[4.9605419,47.1938638]]]},"properties":{"id":"21442000AR0066","reference":"AR 0066","commune":"21442","cadastreAreaM2":9235,"geometryAreaM2":9183.5082,"bounds":[4.9576454,47.1935194,4.9605419,47.1946257],"labelPoint":[4.959145590143069,47.194066],"overlaps":[{"parentFeatureId":"inao-denom-361","name":"Bonnes-Mares","areaM2":9108.2628,"parcelPercent":99.1806}],"recordedRights":[{"holderId":"U21966026","siren":null,"name":"GFA DES GRANDS VINS FINS","rightCode":"P","rightLabel":"Propriétaire","legalForm":"6534","legalFormLabel":"GFA"}],"domaineLinks":[],"recordMatch":"reference-and-area","recordAreasM2":[9235]}},{"type":"Feature","id":"21442000AR0067","geometry":{"type":"Polygon","coordinates":[[[4.9576454,47.1943463],[4.9578959,47.1946257],[4.9579132,47.1946448],[4.9579416,47.1946762],[4.9579694,47.1947069],[4.9579943,47.1947346],[4.9575456,47.1948592],[4.9575361,47.1948366],[4.957522,47.1948085],[4.9575059,47.194781],[4.9576281,47.1947389],[4.9573862,47.1944791],[4.9576454,47.1943463]]]},"properties":{"id":"21442000AR0067","reference":"AR 0067","commune":"21442","cadastreAreaM2":1246,"geometryAreaM2":1251.6852,"bounds":[4.9573862,47.1943463,4.9579943,47.1948592],"labelPoint":[4.957642315773025,47.194552400000006],"overlaps":[{"parentFeatureId":"inao-denom-361","name":"Bonnes-Mares","areaM2":1251.1671,"parcelPercent":99.9586}],"recordedRights":[{"holderId":"U21966026","siren":null,"name":"GFA DES GRANDS VINS FINS","rightCode":"P","rightLabel":"Propriétaire","legalForm":"6534","legalFormLabel":"GFA"}],"domaineLinks":[],"recordMatch":"reference-and-area","recordAreasM2":[1246]}},{"type":"Feature","id":"21442000AR0068","geometry":{"type":"Polygon","coordinates":[[[4.9568848,47.1942337],[4.9568699,47.1942198],[4.9569063,47.1942019],[4.9570083,47.1941499],[4.9571928,47.1943255],[4.9572505,47.1943355],[4.9573023,47.1943905],[4.9573862,47.1944791],[4.9576281,47.1947389],[4.9575059,47.194781],[4.9574537,47.194715],[4.9573281,47.1946112],[4.9572736,47.1945326],[4.957243,47.1945404],[4.9571928,47.1944841],[4.9572036,47.1944778],[4.9571575,47.1944233],[4.9571181,47.194406],[4.9570875,47.1944201],[4.9570685,47.1944026],[4.9568848,47.1942337]]]},"properties":{"id":"21442000AR0068","reference":"AR 0068","commune":"21442","cadastreAreaM2":955,"geometryAreaM2":938.095,"bounds":[4.9568699,47.1941499,4.9576281,47.194781],"labelPoint":[4.957269857251692,47.19445055],"overlaps":[{"parentFeatureId":"inao-denom-361","name":"Bonnes-Mares","areaM2":885.982,"parcelPercent":94.4448}],"recordedRights":[{"holderId":"U21966026","siren":null,"name":"GFA DES GRANDS VINS FINS","rightCode":"P","rightLabel":"Propriétaire","legalForm":"6534","legalFormLabel":"GFA"}],"domaineLinks":[],"recordMatch":"reference-and-area","recordAreasM2":[955]}},{"type":"Feature","id":"21442000AR0069","geometry":{"type":"Polygon","coordinates":[[[4.9574537,47.194715],[4.9572864,47.1947537],[4.9571576,47.1948128],[4.9570482,47.1946893],[4.957226,47.1946212],[4.9572418,47.1946379],[4.9573281,47.1946112],[4.9574537,47.194715]]]},"properties":{"id":"21442000AR0069","reference":"AR 0069","commune":"21442","cadastreAreaM2":356,"geometryAreaM2":355.4861,"bounds":[4.9570482,47.1946112,4.9574537,47.1948128],"labelPoint":[4.957248867083691,47.19470215],"overlaps":[{"parentFeatureId":"inao-denom-361","name":"Bonnes-Mares","areaM2":327.3892,"parcelPercent":92.0962}],"recordedRights":[],"domaineLinks":[],"recordMatch":"unknown","recordAreasM2":[]}},{"type":"Feature","id":"21442000AR0070","geometry":{"type":"Polygon","coordinates":[[[4.9611871,47.1951536],[4.9612869,47.1951172],[4.9613864,47.1950809],[4.9614412,47.1951502],[4.9613429,47.1951832],[4.961371,47.1952251],[4.9612513,47.1952539],[4.9612167,47.1951995],[4.9611871,47.1951536]]]},"properties":{"id":"21442000AR0070","reference":"AR 0070","commune":"21442","cadastreAreaM2":190,"geometryAreaM2":190.7968,"bounds":[4.9611871,47.1950809,4.9614412,47.1952539],"labelPoint":[4.961291815143596,47.1951684],"overlaps":[{"parentFeatureId":"inao-denom-545","name":"Clos de Tart","areaM2":20.0561,"parcelPercent":10.5118}],"recordedRights":[{"holderId":"330763426","siren":"330763426","name":"DOMAINE ROBERT GROFFIER PERE ET FILS","rightCode":"P","rightLabel":"Propriétaire","legalForm":"5710","legalFormLabel":"SAS"}],"domaineLinks":[],"recordMatch":"reference-and-area","recordAreasM2":[190]}},{"type":"Feature","id":"21442000AR0072","geometry":{"type":"Polygon","coordinates":[[[4.9612904,47.1955661],[4.9612698,47.1955228],[4.961262,47.1955245],[4.961105,47.1952315],[4.9610851,47.1951932],[4.9611871,47.1951536],[4.9612167,47.1951995],[4.9612513,47.1952539],[4.961371,47.1952251],[4.9614009,47.1952613],[4.9615004,47.1952249],[4.9615619,47.1953118],[4.9615764,47.1953071],[4.9616094,47.195353],[4.9616246,47.1953487],[4.9616374,47.1953704],[4.9616198,47.1953767],[4.9616256,47.1953886],[4.9616581,47.1954855],[4.9615416,47.1955118],[4.9615397,47.1955076],[4.9612904,47.1955661]]]},"properties":{"id":"21442000AR0072","reference":"AR 0072","commune":"21442","cadastreAreaM2":1078,"geometryAreaM2":1086.7053,"bounds":[4.9610851,47.1951536,4.9616581,47.1955661],"labelPoint":[4.961403517036536,47.1953617],"overlaps":[{"parentFeatureId":"inao-denom-545","name":"Clos de Tart","areaM2":10.5397,"parcelPercent":0.9699}],"recordedRights":[{"holderId":"330763426","siren":"330763426","name":"DOMAINE ROBERT GROFFIER PERE ET FILS","rightCode":"P","rightLabel":"Propriétaire","legalForm":"5710","legalFormLabel":"SAS"}],"domaineLinks":[],"recordMatch":"reference-and-area","recordAreasM2":[1078]}},{"type":"Feature","id":"21442000AR0101","geometry":{"type":"Polygon","coordinates":[[[4.9586098,47.1965027],[4.958642,47.1966068],[4.9583324,47.1966427],[4.9580529,47.1966768],[4.9580141,47.1966816],[4.9579793,47.1965736],[4.9580196,47.1965694],[4.958026,47.1965808],[4.9580926,47.1965612],[4.9583259,47.1965348],[4.9586098,47.1965027]]]},"properties":{"id":"21442000AR0101","reference":"AR 0101","commune":"21442","cadastreAreaM2":578,"geometryAreaM2":574.3022,"bounds":[4.9579793,47.1965027,4.958642,47.1966816],"labelPoint":[4.958311893877682,47.1965938],"overlaps":[{"parentFeatureId":"inao-denom-545","name":"Clos de Tart","areaM2":3.3267,"parcelPercent":0.5793}],"recordedRights":[],"domaineLinks":[],"recordMatch":"unknown","recordAreasM2":[]}},{"type":"Feature","id":"21442000AR0108","geometry":{"type":"Polygon","coordinates":[[[4.958564,47.1964304],[4.9586046,47.196486],[4.9586098,47.1965027],[4.9583259,47.1965348],[4.9580926,47.1965612],[4.958564,47.1964304]]]},"properties":{"id":"21442000AR0108","reference":"AR 0108","commune":"21442","cadastreAreaM2":191,"geometryAreaM2":170.1085,"bounds":[4.9580926,47.1964304,4.9586098,47.1965612],"labelPoint":[4.958470362882254,47.19649435],"overlaps":[{"parentFeatureId":"inao-denom-545","name":"Clos de Tart","areaM2":4.9063,"parcelPercent":2.8842}],"recordedRights":[],"domaineLinks":[],"recordMatch":"unknown","recordAreasM2":[]}},{"type":"Feature","id":"21442000AR0139","geometry":{"type":"Polygon","coordinates":[[[4.9574812,47.1949244],[4.9576609,47.1952157],[4.9576756,47.1952294],[4.9577911,47.1953099],[4.9579048,47.1953915],[4.9579997,47.1954612],[4.9580299,47.1955278],[4.9580017,47.1955353],[4.9580178,47.1955691],[4.9580342,47.19561],[4.9580405,47.1956191],[4.9580735,47.1956128],[4.9582032,47.1958654],[4.9576966,47.1960004],[4.9575677,47.1957331],[4.9575121,47.1956223],[4.9573838,47.1956464],[4.9573227,47.1955331],[4.9571812,47.1952668],[4.9570416,47.1950002],[4.9570637,47.1949939],[4.9571717,47.1949632],[4.9572368,47.1949446],[4.9574545,47.194884],[4.9574812,47.1949244]]]},"properties":{"id":"21442000AR0139","reference":"AR 0139","commune":"21442","cadastreAreaM2":4867,"geometryAreaM2":4838.6458,"bounds":[4.9570416,47.194884,4.9582032,47.1960004],"labelPoint":[4.9576091138941045,47.19542635],"overlaps":[{"parentFeatureId":"inao-denom-545","name":"Clos de Tart","areaM2":66.641,"parcelPercent":1.3773}],"recordedRights":[{"holderId":"420933681","siren":"420933681","name":"GROUPEMENT FONCIER AGRICOLE MABI","rightCode":"P","rightLabel":"Propriétaire","legalForm":"6534","legalFormLabel":"GFA"}],"domaineLinks":[],"recordMatch":"reference-and-area","recordAreasM2":[4867]}},{"type":"Feature","id":"21442000AR0142","geometry":{"type":"Polygon","coordinates":[[[4.9582032,47.1958654],[4.9582327,47.1959496],[4.9582596,47.1959945],[4.9577677,47.1961249],[4.9577355,47.1960683],[4.9576966,47.1960004],[4.9582032,47.1958654]]]},"properties":{"id":"21442000AR0142","reference":"AR 0142","commune":"21442","cadastreAreaM2":605,"geometryAreaM2":599.5006,"bounds":[4.9576966,47.1958654,4.9582596,47.1961249],"labelPoint":[4.957978071021159,47.19599745],"overlaps":[{"parentFeatureId":"inao-denom-545","name":"Clos de Tart","areaM2":5.6864,"parcelPercent":0.9485}],"recordedRights":[],"domaineLinks":[],"recordMatch":"unknown","recordAreasM2":[]}},{"type":"Feature","id":"21442000AR0146","geometry":{"type":"Polygon","coordinates":[[[4.9582596,47.1959945],[4.9583119,47.1960818],[4.9584762,47.196309],[4.9579541,47.1964542],[4.9578556,47.1962798],[4.9577986,47.196179],[4.9577677,47.1961249],[4.9582596,47.1959945]]]},"properties":{"id":"21442000AR0146","reference":"AR 0146","commune":"21442","cadastreAreaM2":1537,"geometryAreaM2":1595.2169,"bounds":[4.9577677,47.1959945,4.9584762,47.1964542],"labelPoint":[4.958122868573944,47.1962294],"overlaps":[{"parentFeatureId":"inao-denom-545","name":"Clos de Tart","areaM2":20.6304,"parcelPercent":1.2933}],"recordedRights":[{"holderId":"U21388794","siren":null,"name":"GFA DU DOMAINE HENRI PERROT MINOT","rightCode":"P","rightLabel":"Propriétaire","legalForm":"9900","legalFormLabel":"AUPM"}],"domaineLinks":[],"recordMatch":"reference-and-area","recordAreasM2":[1537]}},{"type":"Feature","id":"21442000AR0147","geometry":{"type":"Polygon","coordinates":[[[4.9584762,47.196309],[4.958564,47.1964304],[4.9580926,47.1965612],[4.958026,47.1965808],[4.9580196,47.1965694],[4.9579541,47.1964542],[4.9584762,47.196309]]]},"properties":{"id":"21442000AR0147","reference":"AR 0147","commune":"21442","cadastreAreaM2":657,"geometryAreaM2":649.7231,"bounds":[4.9579541,47.196309,4.958564,47.1965808],"labelPoint":[4.958259000939217,47.1964423],"overlaps":[{"parentFeatureId":"inao-denom-545","name":"Clos de Tart","areaM2":8.8088,"parcelPercent":1.3558}],"recordedRights":[{"holderId":"432273274","siren":"432273274","name":"DU DOMAINE PERROT MINOT","rightCode":"P","rightLabel":"Propriétaire","legalForm":"6597","legalFormLabel":"SCEA"}],"domaineLinks":[],"recordMatch":"reference-and-area","recordAreasM2":[657]}},{"type":"Feature","id":"21442000AR0148","geometry":{"type":"Polygon","coordinates":[[[4.9617796,47.1958569],[4.9617197,47.1958658],[4.9616979,47.1958083],[4.9615828,47.1958016],[4.9615116,47.1958126],[4.9614423,47.1958216],[4.9614424,47.1958387],[4.9614182,47.1958388],[4.9613305,47.195863],[4.9613035,47.1958704],[4.961213,47.1958953],[4.9611476,47.195895],[4.9611323,47.1958569],[4.9610317,47.195673],[4.9610495,47.1956691],[4.9612114,47.1956331],[4.9611922,47.1955924],[4.9612904,47.1955661],[4.9615397,47.1955076],[4.9615416,47.1955118],[4.9616581,47.1954855],[4.9617412,47.1957394],[4.9617796,47.1958569]]]},"properties":{"id":"21442000AR0148","reference":"AR 0148","commune":"21442","cadastreAreaM2":1596,"geometryAreaM2":1570.1236,"bounds":[4.9610317,47.1954855,4.9617796,47.1958953],"labelPoint":[4.961390097720896,47.195706200000004],"overlaps":[{"parentFeatureId":"inao-denom-545","name":"Clos de Tart","areaM2":27.5052,"parcelPercent":1.7518}],"recordedRights":[{"holderId":"U18178981","siren":null,"name":"MAISON MOMMESSIN","rightCode":"P","rightLabel":"Propriétaire","legalForm":"5599","legalFormLabel":"SA"}],"domaineLinks":[],"recordMatch":"reference-and-area","recordAreasM2":[1596]}},{"type":"Feature","id":"21442000AR0149","geometry":{"type":"Polygon","coordinates":[[[4.9580299,47.1955278],[4.958038,47.1955264],[4.9580775,47.1956121],[4.9580735,47.1956128],[4.9580405,47.1956191],[4.9580342,47.19561],[4.9580178,47.1955691],[4.9580017,47.1955353],[4.9580299,47.1955278]]]},"properties":{"id":"21442000AR0149","reference":"AR 0149","commune":"21442","cadastreAreaM2":29,"geometryAreaM2":29.1169,"bounds":[4.9580017,47.1955264,4.9580775,47.1956191],"labelPoint":[4.958046553238041,47.19558955],"overlaps":[{"parentFeatureId":"inao-denom-545","name":"Clos de Tart","areaM2":4.1242,"parcelPercent":14.1643}],"recordedRights":[{"holderId":"U18178981","siren":null,"name":"MAISON MOMMESSIN","rightCode":"P","rightLabel":"Propriétaire","legalForm":"5599","legalFormLabel":"SA"}],"domaineLinks":[],"recordMatch":"reference-and-area","recordAreasM2":[29]}},{"type":"Feature","id":"21442000AR0150","geometry":{"type":"Polygon","coordinates":[[[4.9579943,47.1947346],[4.9579694,47.1947069],[4.9592716,47.1943438],[4.9592707,47.1943422],[4.960605,47.1939705],[4.9606244,47.1940038],[4.9590761,47.1944332],[4.9589334,47.194474],[4.9579943,47.1947346]]]},"properties":{"id":"21442000AR0150","reference":"AR 0150","commune":"21442","cadastreAreaM2":819,"geometryAreaM2":809.9347,"bounds":[4.9579694,47.1939705,4.9606244,47.1947346],"labelPoint":[4.959174283345764,47.1943885],"overlaps":[{"parentFeatureId":"inao-denom-361","name":"Bonnes-Mares","areaM2":808.0683,"parcelPercent":99.7696}],"recordedRights":[],"domaineLinks":[],"recordMatch":"unknown","recordAreasM2":[]}},{"type":"Feature","id":"21442000AR0151","geometry":{"type":"Polygon","coordinates":[[[4.9579416,47.1946762],[4.9592507,47.1943096],[4.9592517,47.1943113],[4.9605853,47.1939373],[4.960605,47.1939705],[4.9592707,47.1943422],[4.9592716,47.1943438],[4.9579694,47.1947069],[4.9579416,47.1946762]]]},"properties":{"id":"21442000AR0151","reference":"AR 0151","commune":"21442","cadastreAreaM2":860,"geometryAreaM2":851.2644,"bounds":[4.9579416,47.1939373,4.960605,47.1947069],"labelPoint":[4.959257809953325,47.19432675],"overlaps":[{"parentFeatureId":"inao-denom-361","name":"Bonnes-Mares","areaM2":849.3356,"parcelPercent":99.7734}],"recordedRights":[],"domaineLinks":[],"recordMatch":"unknown","recordAreasM2":[]}},{"type":"Feature","id":"21442000AR0152","geometry":{"type":"Polygon","coordinates":[[[4.9579416,47.1946762],[4.9579132,47.1946448],[4.959231,47.1942773],[4.9592325,47.1942797],[4.9605657,47.1939041],[4.9605853,47.1939373],[4.9592517,47.1943113],[4.9592507,47.1943096],[4.9579416,47.1946762]]]},"properties":{"id":"21442000AR0152","reference":"AR 0152","commune":"21442","cadastreAreaM2":863,"geometryAreaM2":850.5372,"bounds":[4.9579132,47.1939041,4.9605853,47.1946762],"labelPoint":[4.959239927828511,47.19429465],"overlaps":[{"parentFeatureId":"inao-denom-361","name":"Bonnes-Mares","areaM2":848.5826,"parcelPercent":99.7702}],"recordedRights":[],"domaineLinks":[],"recordMatch":"unknown","recordAreasM2":[]}},{"type":"Feature","id":"21442000AR0153","geometry":{"type":"Polygon","coordinates":[[[4.9605419,47.1938638],[4.9605657,47.1939041],[4.9592325,47.1942797],[4.959231,47.1942773],[4.9579132,47.1946448],[4.9578959,47.1946257],[4.9605419,47.1938638]]]},"properties":{"id":"21442000AR0153","reference":"AR 0153","commune":"21442","cadastreAreaM2":821,"geometryAreaM2":812.7435,"bounds":[4.9578959,47.1938638,4.9605657,47.1946448],"labelPoint":[4.9598286295812,47.194090700000004],"overlaps":[{"parentFeatureId":"inao-denom-361","name":"Bonnes-Mares","areaM2":810.3188,"parcelPercent":99.7017}],"recordedRights":[],"domaineLinks":[],"recordMatch":"unknown","recordAreasM2":[]}},{"type":"Feature","id":"21442000AR0154","geometry":{"type":"Polygon","coordinates":[[[4.9567097,47.194321],[4.9567975,47.1942842],[4.9568848,47.1942337],[4.9570685,47.1944026],[4.9568006,47.1944771],[4.956766,47.1944195],[4.9567097,47.194321]]]},"properties":{"id":"21442000AR0154","reference":"AR 0154","commune":"21442","cadastreAreaM2":387,"geometryAreaM2":391.6801,"bounds":[4.9567097,47.1942337,4.9570685,47.1944771],"labelPoint":[4.956878572534913,47.194361799999996],"overlaps":[{"parentFeatureId":"inao-denom-361","name":"Bonnes-Mares","areaM2":17.4623,"parcelPercent":4.4583}],"recordedRights":[],"domaineLinks":[],"recordMatch":"unknown","recordAreasM2":[]}},{"type":"Feature","id":"21442000AR0155","geometry":{"type":"Polygon","coordinates":[[[4.9570875,47.1944201],[4.9569222,47.1944935],[4.9568338,47.1945325],[4.9568006,47.1944771],[4.9570685,47.1944026],[4.9570875,47.1944201]]]},"properties":{"id":"21442000AR0155","reference":"AR 0155","commune":"21442","cadastreAreaM2":100,"geometryAreaM2":100.6346,"bounds":[4.9568006,47.1944026,4.9570875,47.1945325],"labelPoint":[4.956963200996192,47.1944486],"overlaps":[{"parentFeatureId":"inao-denom-361","name":"Bonnes-Mares","areaM2":1.974,"parcelPercent":1.9616}],"recordedRights":[],"domaineLinks":[],"recordMatch":"unknown","recordAreasM2":[]}},{"type":"Feature","id":"21442000AR0156","geometry":{"type":"Polygon","coordinates":[[[4.9575456,47.1948592],[4.9574545,47.194884],[4.9572368,47.1949446],[4.9572219,47.1949304],[4.9571717,47.1949632],[4.9570637,47.1949939],[4.9570475,47.1949695],[4.9570056,47.1949778],[4.956967,47.1950214],[4.9562863,47.1952136],[4.9562453,47.1951789],[4.9561271,47.1950731],[4.9558323,47.1947465],[4.9568006,47.1944771],[4.9568338,47.1945325],[4.9569222,47.1944935],[4.9570875,47.1944201],[4.9571181,47.194406],[4.9571575,47.1944233],[4.9572036,47.1944778],[4.9571928,47.1944841],[4.957243,47.1945404],[4.9572736,47.1945326],[4.9573281,47.1946112],[4.9572418,47.1946379],[4.957226,47.1946212],[4.9570482,47.1946893],[4.9571576,47.1948128],[4.9572864,47.1947537],[4.9574537,47.194715],[4.9575059,47.194781],[4.957522,47.1948085],[4.9575361,47.1948366],[4.9575456,47.1948592]]]},"properties":{"id":"21442000AR0156","reference":"AR 0156","commune":"21442","cadastreAreaM2":5969,"geometryAreaM2":5945.9343,"bounds":[4.9558323,47.194406,4.9575456,47.1952136],"labelPoint":[4.956522949692378,47.19481065],"overlaps":[{"parentFeatureId":"inao-denom-361","name":"Bonnes-Mares","areaM2":73.5642,"parcelPercent":1.2372}],"recordedRights":[],"domaineLinks":[],"recordMatch":"unknown","recordAreasM2":[]}}]}
