{"type":"FeatureCollection","features":[{"type":"Feature","id":"inao-denom-1712","properties":{"id":"inao-denom-1712","name":"Mâcon Azé","tier":"regional","kind":"appellation","appellationId":583,"denominationId":1712,"sourceName":"Mâcon Azé","communes":["71016"],"areaHa":495.56},"geometry":{"type":"MultiPolygon","coordinates":[[[[4.745542,46.415047],[4.745225,46.415086],[4.74491,46.41513],[4.744829,46.415142],[4.744786,46.415073],[4.744444,46.41512],[4.743837,46.415201],[4.743665,46.415228],[4.743686,46.415247],[4.743722,46.41528],[4.743849,46.415362],[4.74399,46.415457],[4.744006,46.415468],[4.744085,46.415538],[4.744125,46.415581],[4.744165,46.415623],[4.744186,46.415651],[4.744225,46.4157],[4.744309,46.415859],[4.744327,46.415906],[4.744332,46.415918],[4.74435,46.415919],[4.74438,46.415921],[4.744384,46.415933],[4.744559,46.415963],[4.744684,46.415986],[4.74482,46.416],[4.744957,46.416015],[4.745189,46.416038],[4.745285,46.416042],[4.745396,46.416045],[4.745477,46.41605],[4.745563,46.416059],[4.745638,46.416067],[4.745836,46.416074],[4.745887,46.416078],[4.745998,46.416098],[4.746136,46.416109],[4.746203,46.416116],[4.746256,46.41612],[4.746421,46.41612],[4.74649,46.416126],[4.746569,46.416135],[4.746626,46.416137],[4.746845,46.416151],[4.746873,46.416137],[4.746904,46.416126],[4.746917,46.416121],[4.746927,46.416133],[4.746934,46.416139],[4.746947,46.416142],[4.746968,46.416143],[4.746994,46.416143],[4.747148,46.416112],[4.747215,46.416098],[4.748013,46.41588],[4.748145,46.415845],[4.748189,46.415835],[4.748216,46.415825],[4.748249,46.415811],[4.748274,46.415851],[4.748288,46.415864],[4.748393,46.41594],[4.748431,46.415972],[4.7485,46.416013],[4.74854,46.416042],[4.748554,46.416045],[4.748577,46.416046],[4.748585,46.416045],[4.748607,46.416036],[4.749036,46.415872],[4.749538,46.415679],[4.749532,46.415667],[4.749483,46.415607],[4.749393,46.415491],[4.749355,46.415443],[4.749319,46.415405],[4.749234,46.415321],[4.749204,46.415288],[4.749088,46.415171],[4.748987,46.415069],[4.748906,46.414987],[4.748775,46.414832],[4.748738,46.414785],[4.748761,46.414775],[4.748842,46.414879],[4.748925,46.414964],[4.749025,46.415064],[4.749134,46.415168],[4.74915,46.415182],[4.749186,46.415225],[4.750146,46.414826],[4.750068,46.414753],[4.749962,46.414654],[4.749886,46.414554],[4.749769,46.4144],[4.749667,46.414264],[4.749615,46.414202],[4.749483,46.414048],[4.749382,46.413915],[4.749271,46.413771],[4.749149,46.413615],[4.749094,46.41354],[4.749031,46.413469],[4.748969,46.413401],[4.748909,46.413335],[4.748693,46.413098],[4.748062,46.413311],[4.747629,46.413453],[4.747338,46.41355],[4.747211,46.413591],[4.747163,46.413606],[4.747157,46.413608],[4.747272,46.413726],[4.747343,46.413794],[4.747404,46.413853],[4.747414,46.413862],[4.747455,46.413897],[4.747514,46.413947],[4.747606,46.414022],[4.747647,46.414057],[4.747682,46.414086],[4.747702,46.414103],[4.747728,46.414125],[4.747759,46.414151],[4.747788,46.414178],[4.7478,46.414189],[4.747806,46.414194],[4.747821,46.414209],[4.747827,46.414214],[4.747757,46.414241],[4.747609,46.414298],[4.747575,46.414311],[4.747273,46.414423],[4.746862,46.414575],[4.746843,46.414582],[4.746508,46.414709],[4.746476,46.414722],[4.746468,46.414725],[4.746456,46.414729],[4.7465,46.414792],[4.746559,46.414876],[4.746572,46.414925],[4.746204,46.414966],[4.745542,46.415047]]],[[[4.748169,46.415873],[4.748142,46.415876],[4.748121,46.415879],[4.748051,46.415898],[4.747751,46.415978],[4.747441,46.41606],[4.747291,46.416099],[4.74708,46.416153],[4.747017,46.416168],[4.746976,46.416174],[4.746967,46.416176],[4.746953,46.416181],[4.746952,46.416187],[4.746953,46.416193],[4.74701,46.416293],[4.747046,46.416363],[4.747088,46.416476],[4.74717,46.416703],[4.74718,46.416724],[4.747208,46.416775],[4.747269,46.416871],[4.747336,46.417013],[4.747377,46.417103],[4.747445,46.417275],[4.7475,46.417426],[4.747511,46.417479],[4.747529,46.417532],[4.747563,46.417632],[4.747621,46.417826],[4.747646,46.417954],[4.747672,46.418058],[4.747694,46.418157],[4.747717,46.418236],[4.747748,46.418331],[4.747785,46.418455],[4.74782,46.418574],[4.747845,46.418631],[4.747866,46.418676],[4.747891,46.418728],[4.747913,46.418776],[4.747941,46.418831],[4.747975,46.418893],[4.74804,46.419014],[4.748078,46.419081],[4.748095,46.419116],[4.748121,46.419183],[4.748138,46.419217],[4.748176,46.419278],[4.748218,46.41935],[4.748263,46.419441],[4.748299,46.419503],[4.748398,46.419665],[4.748415,46.419702],[4.748419,46.419708],[4.74844,46.419718],[4.748504,46.419825],[4.748526,46.419866],[4.748541,46.419886],[4.74859,46.419945],[4.74861,46.419975],[4.748643,46.420037],[4.748967,46.419991],[4.749235,46.41995],[4.749193,46.41986],[4.749696,46.419775],[4.74974,46.419765],[4.749926,46.419717],[4.749954,46.419709],[4.749981,46.419702],[4.750266,46.419627],[4.750341,46.419611],[4.750377,46.419602],[4.750577,46.419553],[4.750808,46.419486],[4.750851,46.419474],[4.75123,46.419362],[4.751255,46.419354],[4.751316,46.419338],[4.751421,46.419305],[4.751772,46.419192],[4.751742,46.419188],[4.751718,46.419169],[4.751669,46.419124],[4.751541,46.418986],[4.751386,46.418824],[4.751346,46.418785],[4.751316,46.418767],[4.751266,46.418747],[4.751163,46.418714],[4.751118,46.418695],[4.751093,46.418677],[4.751035,46.418599],[4.750965,46.418514],[4.750925,46.418443],[4.750765,46.41812],[4.750656,46.417936],[4.750586,46.417818],[4.750537,46.417746],[4.750525,46.417722],[4.750506,46.417662],[4.750426,46.417471],[4.750374,46.417353],[4.750204,46.417005],[4.750148,46.416895],[4.750015,46.416625],[4.749899,46.416391],[4.749815,46.416235],[4.749703,46.416012],[4.749615,46.415833],[4.749571,46.415747],[4.749559,46.415744],[4.749537,46.415741],[4.74951,46.415742],[4.749484,46.415746],[4.749424,46.41577],[4.749153,46.415874],[4.748681,46.416048],[4.748553,46.416096],[4.74853,46.416075],[4.7485,46.416047],[4.748472,46.416029],[4.748417,46.415993],[4.748358,46.41595],[4.748298,46.415904],[4.748292,46.415901],[4.748278,46.415894],[4.748262,46.415886],[4.748236,46.415879],[4.748214,46.415875],[4.74821,46.415874],[4.748197,46.415872],[4.748172,46.415873],[4.748169,46.415873]]],[[[4.738844,46.419055],[4.738843,46.419047],[4.738842,46.419034],[4.738841,46.41902],[4.738833,46.418917],[4.738829,46.418862],[4.738813,46.418864],[4.738802,46.418866],[4.738475,46.418917],[4.738008,46.418985],[4.737077,46.419122],[4.736875,46.419153],[4.736753,46.419192],[4.736931,46.419223],[4.737171,46.41936],[4.73724,46.419393],[4.737387,46.419456],[4.737433,46.419469],[4.737647,46.419511],[4.73771,46.419521],[4.738374,46.419585],[4.738496,46.419587],[4.73878,46.419585],[4.73882,46.419583],[4.738853,46.419578],[4.73889,46.41955],[4.738941,46.419518],[4.738946,46.419504],[4.738943,46.419472],[4.738903,46.419327],[4.738857,46.419136],[4.738844,46.419055]]],[[[4.733292,46.420413],[4.733488,46.420695],[4.733531,46.420782],[4.733908,46.42106],[4.734164,46.421461],[4.734213,46.421523],[4.734342,46.421673],[4.734379,46.421721],[4.734416,46.421805],[4.734447,46.421921],[4.734471,46.422024],[4.734481,46.422108],[4.734476,46.422172],[4.73446,46.422398],[4.73444,46.42267],[4.734509,46.422661],[4.734604,46.422645],[4.734711,46.422655],[4.734726,46.422723],[4.73473,46.422779],[4.734727,46.42285],[4.734712,46.422916],[4.734715,46.422969],[4.734733,46.423025],[4.734786,46.423132],[4.734871,46.423236],[4.734954,46.423314],[4.734985,46.423517],[4.735004,46.423663],[4.735003,46.423821],[4.735014,46.423889],[4.735061,46.424127],[4.735073,46.424144],[4.735088,46.424154],[4.735119,46.424159],[4.735153,46.424154],[4.735213,46.424135],[4.735328,46.424109],[4.735441,46.424092],[4.735679,46.424042],[4.735701,46.42404],[4.735762,46.424043],[4.735787,46.424089],[4.735865,46.424073],[4.735902,46.424058],[4.735906,46.424015],[4.735924,46.424009],[4.735955,46.424008],[4.73604,46.424013],[4.736134,46.424016],[4.73623,46.424009],[4.736325,46.423995],[4.736349,46.423981],[4.736406,46.423928],[4.736454,46.423891],[4.736472,46.423858],[4.736492,46.423839],[4.736509,46.423829],[4.736541,46.423823],[4.736669,46.42381],[4.736691,46.423818],[4.736814,46.423787],[4.737162,46.423686],[4.737208,46.423677],[4.73751,46.423659],[4.737564,46.423366],[4.737587,46.423215],[4.737604,46.423097],[4.73761,46.423077],[4.737617,46.423053],[4.737651,46.422973],[4.7377,46.422831],[4.737733,46.422728],[4.737762,46.42264],[4.737812,46.422406],[4.737815,46.422392],[4.737825,46.422352],[4.737835,46.422316],[4.737846,46.422199],[4.737859,46.42207],[4.737854,46.422026],[4.737849,46.421971],[4.737841,46.421959],[4.737833,46.421948],[4.737799,46.421935],[4.73759,46.421924],[4.73753,46.421921],[4.737442,46.421921],[4.737374,46.421921],[4.737325,46.421922],[4.737072,46.421925],[4.736854,46.421917],[4.736796,46.421916],[4.736602,46.421911],[4.736599,46.421903],[4.736596,46.421881],[4.736578,46.421736],[4.736561,46.421609],[4.736537,46.421442],[4.736515,46.421286],[4.736495,46.42114],[4.73649,46.421137],[4.736465,46.421118],[4.736434,46.421104],[4.736388,46.421103],[4.736263,46.421123],[4.736196,46.420854],[4.736152,46.420678],[4.736131,46.420607],[4.736158,46.420605],[4.736277,46.421059],[4.736284,46.421075],[4.736306,46.421086],[4.736413,46.42108],[4.736442,46.421083],[4.73646,46.42109],[4.736487,46.421107],[4.736517,46.421143],[4.736528,46.421213],[4.736624,46.42188],[4.736632,46.421884],[4.737047,46.421905],[4.737848,46.421906],[4.737875,46.421903],[4.737896,46.421622],[4.737902,46.42154],[4.737905,46.421478],[4.737906,46.421471],[4.737906,46.421469],[4.737943,46.420939],[4.738035,46.420581],[4.73806,46.420469],[4.738148,46.420209],[4.73834,46.419613],[4.738246,46.419594],[4.737993,46.419569],[4.737737,46.419547],[4.737615,46.419532],[4.737529,46.419517],[4.737398,46.419484],[4.737144,46.419406],[4.737072,46.419353],[4.737002,46.419308],[4.736936,46.419274],[4.736862,46.419247],[4.736824,46.419235],[4.736567,46.419198],[4.736394,46.41917],[4.736205,46.419118],[4.736067,46.419089],[4.735726,46.41902],[4.735212,46.418918],[4.735109,46.418902],[4.734732,46.41886],[4.734614,46.418842],[4.734257,46.418781],[4.734061,46.418737],[4.733964,46.41872],[4.733932,46.418728],[4.733839,46.418679],[4.733651,46.418587],[4.733408,46.418483],[4.733163,46.41838],[4.732771,46.418272],[4.732504,46.4182],[4.732372,46.418157],[4.732077,46.418056],[4.732031,46.418045],[4.731975,46.418049],[4.731899,46.418061],[4.731643,46.418123],[4.731173,46.418171],[4.731538,46.418402],[4.731545,46.418406],[4.731912,46.418635],[4.731737,46.418816],[4.731622,46.418938],[4.731659,46.418961],[4.731755,46.419014],[4.73223,46.419278],[4.732417,46.419381],[4.732642,46.419506],[4.732602,46.41952],[4.732542,46.419552],[4.732491,46.419576],[4.732654,46.41973],[4.732796,46.419885],[4.73309,46.420131],[4.733194,46.420273],[4.733292,46.420413]]],[[[4.738881,46.419084],[4.738909,46.419245],[4.738988,46.419485],[4.738992,46.419522],[4.738978,46.419548],[4.738935,46.419579],[4.738962,46.419596],[4.739181,46.419676],[4.739248,46.4197],[4.739458,46.419775],[4.739623,46.419852],[4.739747,46.419914],[4.739749,46.419915],[4.739787,46.41993],[4.739903,46.419978],[4.739926,46.419987],[4.740124,46.420063],[4.740292,46.420121],[4.740342,46.420137],[4.741058,46.420373],[4.741071,46.420377],[4.741067,46.420392],[4.741063,46.420403],[4.741017,46.420384],[4.740768,46.420304],[4.740186,46.42011],[4.739947,46.420022],[4.739729,46.419947],[4.739625,46.419912],[4.739581,46.419895],[4.739526,46.419835],[4.739191,46.419703],[4.739167,46.419694],[4.738886,46.419615],[4.738858,46.419617],[4.738785,46.419622],[4.738708,46.419622],[4.738458,46.419616],[4.738399,46.419631],[4.738339,46.419791],[4.738256,46.420062],[4.738194,46.420251],[4.73817,46.420338],[4.738065,46.420674],[4.738032,46.420775],[4.737988,46.421034],[4.73798,46.42107],[4.737955,46.421503],[4.737926,46.421877],[4.737918,46.422027],[4.737916,46.422079],[4.737884,46.422373],[4.737873,46.422437],[4.737766,46.422801],[4.737727,46.422954],[4.737688,46.423068],[4.737681,46.423076],[4.737652,46.423214],[4.737564,46.423648],[4.737615,46.423741],[4.737657,46.423817],[4.7377,46.423921],[4.737798,46.424167],[4.737813,46.424197],[4.737878,46.424327],[4.738022,46.424821],[4.738041,46.424914],[4.738117,46.425184],[4.738156,46.425324],[4.738234,46.425611],[4.738244,46.425878],[4.738255,46.425993],[4.738262,46.426027],[4.738271,46.426115],[4.738294,46.426198],[4.738314,46.426258],[4.738318,46.426305],[4.738305,46.426361],[4.73829,46.426388],[4.738226,46.426494],[4.73817,46.426558],[4.738097,46.42663],[4.738035,46.426684],[4.737758,46.426875],[4.737664,46.426905],[4.737671,46.426935],[4.737936,46.426923],[4.73832,46.426897],[4.73851,46.426883],[4.738689,46.426875],[4.738808,46.426871],[4.73889,46.426854],[4.73922,46.426781],[4.73934,46.426761],[4.739383,46.426724],[4.739423,46.426685],[4.739458,46.426666],[4.739497,46.426633],[4.739542,46.426581],[4.739592,46.426497],[4.739629,46.426412],[4.739639,46.426384],[4.739642,46.426351],[4.739566,46.425967],[4.739475,46.42597],[4.739453,46.425865],[4.739543,46.425836],[4.739616,46.425815],[4.739623,46.425813],[4.73988,46.425744],[4.74003,46.425704],[4.74011,46.425681],[4.74013,46.425675],[4.740158,46.425665],[4.740395,46.425594],[4.740661,46.426001],[4.74088,46.425974],[4.741309,46.425919],[4.741309,46.425905],[4.741331,46.4259],[4.741531,46.425858],[4.741592,46.42584],[4.741649,46.42582],[4.741853,46.425721],[4.742061,46.425641],[4.742192,46.425588],[4.742319,46.425558],[4.742438,46.425531],[4.74267,46.425476],[4.742758,46.425447],[4.742843,46.425408],[4.742909,46.425372],[4.743021,46.425297],[4.743075,46.425245],[4.743129,46.425181],[4.743251,46.424995],[4.743358,46.424866],[4.743353,46.424867],[4.742973,46.424902],[4.742921,46.424907],[4.742884,46.42484],[4.742862,46.424799],[4.742839,46.424763],[4.742808,46.424704],[4.742759,46.424618],[4.742661,46.424466],[4.742624,46.42441],[4.742615,46.424408],[4.742582,46.424398],[4.742574,46.424351],[4.742495,46.424346],[4.742465,46.424341],[4.742402,46.424332],[4.742393,46.424338],[4.742383,46.424346],[4.742305,46.424325],[4.742149,46.424251],[4.742125,46.424198],[4.742082,46.424106],[4.742012,46.423898],[4.741931,46.423703],[4.741841,46.423709],[4.741805,46.423705],[4.74175,46.423699],[4.741654,46.423706],[4.741655,46.42369],[4.741659,46.42367],[4.741664,46.423648],[4.741704,46.423561],[4.741692,46.42356],[4.741518,46.423537],[4.74152,46.42359],[4.741523,46.423693],[4.741481,46.423699],[4.74143,46.423713],[4.7414,46.423721],[4.7413,46.423724],[4.741291,46.423724],[4.741285,46.423724],[4.741223,46.42372],[4.741151,46.4237],[4.741089,46.423676],[4.741171,46.423679],[4.741189,46.423679],[4.741313,46.423615],[4.741314,46.423615],[4.741413,46.42358],[4.741424,46.423571],[4.741447,46.423553],[4.74151,46.42349],[4.741528,46.423473],[4.741535,46.423459],[4.741566,46.423397],[4.741571,46.423375],[4.741568,46.423342],[4.741565,46.423313],[4.741591,46.42325],[4.741602,46.423223],[4.741521,46.423218],[4.741469,46.423192],[4.741441,46.423191],[4.74133,46.423196],[4.741318,46.423221],[4.741263,46.423233],[4.741248,46.423271],[4.741239,46.423293],[4.741203,46.423345],[4.741203,46.423346],[4.7412,46.423348],[4.741184,46.423365],[4.741251,46.423141],[4.741269,46.423141],[4.74129,46.423122],[4.741301,46.42311],[4.741299,46.423088],[4.741375,46.423029],[4.741306,46.422942],[4.741307,46.422928],[4.741315,46.422873],[4.741331,46.422827],[4.741348,46.422782],[4.741362,46.422736],[4.741384,46.422664],[4.741401,46.422595],[4.741538,46.4226],[4.741576,46.422602],[4.741586,46.422491],[4.741596,46.422384],[4.741612,46.422355],[4.74161,46.422349],[4.741605,46.422338],[4.741597,46.422299],[4.741589,46.422258],[4.741581,46.422233],[4.741579,46.422227],[4.741566,46.422212],[4.741541,46.422204],[4.741532,46.422203],[4.741492,46.422199],[4.741498,46.422118],[4.741501,46.422081],[4.741505,46.422006],[4.741509,46.421941],[4.741515,46.421906],[4.741527,46.421833],[4.741543,46.42167],[4.741549,46.421611],[4.74156,46.421226],[4.741512,46.421219],[4.741404,46.421203],[4.741215,46.421165],[4.741187,46.421159],[4.741265,46.42096],[4.741346,46.420783],[4.741403,46.420659],[4.743233,46.421311],[4.744817,46.421881],[4.745362,46.422117],[4.745485,46.422151],[4.745497,46.422154],[4.745579,46.422179],[4.745518,46.422271],[4.745473,46.422297],[4.745436,46.422377],[4.745376,46.422506],[4.745332,46.422601],[4.745317,46.422636],[4.745283,46.42263],[4.74528,46.42264],[4.745279,46.422644],[4.7452,46.422803],[4.745199,46.422804],[4.745192,46.422833],[4.745165,46.422897],[4.74516,46.422913],[4.745151,46.422939],[4.745127,46.422973],[4.745119,46.423003],[4.745112,46.42302],[4.745106,46.423032],[4.74509,46.423058],[4.745073,46.423091],[4.745058,46.42312],[4.745045,46.423145],[4.745014,46.423136],[4.744965,46.42312],[4.744942,46.423146],[4.744929,46.423166],[4.744923,46.423175],[4.744921,46.42323],[4.744894,46.423259],[4.744878,46.423276],[4.744815,46.423309],[4.744769,46.423333],[4.744722,46.423353],[4.744574,46.423428],[4.744546,46.42345],[4.744524,46.423454],[4.744502,46.423468],[4.744385,46.423541],[4.744358,46.423559],[4.744333,46.423576],[4.74422,46.423625],[4.744175,46.423642],[4.744137,46.423656],[4.744088,46.42368],[4.744086,46.423681],[4.744145,46.42377],[4.744168,46.423784],[4.744252,46.423832],[4.744295,46.423853],[4.744332,46.423868],[4.744477,46.4239],[4.744696,46.423952],[4.744834,46.423988],[4.745013,46.424038],[4.74512,46.424062],[4.745287,46.424112],[4.745435,46.424158],[4.74558,46.424234],[4.745682,46.424284],[4.745795,46.424343],[4.74583,46.424365],[4.745861,46.424386],[4.745927,46.424441],[4.746006,46.424504],[4.74604,46.424527],[4.746118,46.424563],[4.74626,46.424588],[4.746342,46.424601],[4.746433,46.424613],[4.746463,46.424614],[4.74649,46.42461],[4.746544,46.424599],[4.746605,46.424585],[4.746653,46.424569],[4.74676,46.424527],[4.746853,46.424483],[4.746902,46.424457],[4.746948,46.42443],[4.747097,46.424352],[4.747274,46.424256],[4.747365,46.424207],[4.747446,46.424165],[4.747723,46.424028],[4.747674,46.423963],[4.747628,46.423909],[4.747607,46.423875],[4.747586,46.423828],[4.747567,46.423777],[4.747562,46.423719],[4.747549,46.423667],[4.747523,46.42361],[4.747506,46.423577],[4.747364,46.423584],[4.74719,46.423605],[4.747189,46.423583],[4.747328,46.423561],[4.747389,46.423549],[4.747568,46.423555],[4.747583,46.423615],[4.747597,46.423677],[4.747594,46.423732],[4.747598,46.423773],[4.747634,46.423854],[4.747651,46.423886],[4.747746,46.424],[4.747912,46.423936],[4.748081,46.423875],[4.748275,46.423812],[4.748417,46.423761],[4.74867,46.423677],[4.748698,46.423667],[4.748903,46.423567],[4.748907,46.423551],[4.748906,46.423538],[4.748896,46.42352],[4.748863,46.42349],[4.748802,46.423432],[4.748768,46.423398],[4.748707,46.423317],[4.748686,46.423298],[4.748645,46.423255],[4.748592,46.423204],[4.748559,46.423178],[4.74853,46.423157],[4.748294,46.423022],[4.748195,46.42296],[4.748082,46.422883],[4.748027,46.422843],[4.747941,46.422773],[4.747803,46.422639],[4.747677,46.422523],[4.747614,46.422467],[4.747577,46.422435],[4.747486,46.422414],[4.747464,46.422406],[4.747404,46.422389],[4.747351,46.422359],[4.747309,46.422338],[4.747215,46.42231],[4.747179,46.422288],[4.747069,46.422236],[4.747011,46.422211],[4.74703,46.422181],[4.746945,46.422149],[4.746845,46.422115],[4.746789,46.422099],[4.746761,46.422085],[4.7467,46.422066],[4.746656,46.422059],[4.746534,46.422039],[4.746336,46.422003],[4.746243,46.421974],[4.746261,46.421895],[4.746277,46.421831],[4.746275,46.421803],[4.746263,46.421758],[4.746208,46.421637],[4.74614,46.421516],[4.746043,46.42137],[4.746006,46.421311],[4.745907,46.421121],[4.745799,46.420926],[4.745749,46.420851],[4.745711,46.420801],[4.745628,46.420715],[4.745682,46.420707],[4.745728,46.420697],[4.745737,46.420733],[4.745745,46.420756],[4.745766,46.420792],[4.74578,46.420816],[4.745802,46.420815],[4.745833,46.420861],[4.745859,46.420941],[4.745867,46.420941],[4.745897,46.420995],[4.745931,46.421017],[4.745941,46.421025],[4.746005,46.421174],[4.746025,46.421231],[4.746042,46.421268],[4.746055,46.421285],[4.746142,46.421438],[4.746157,46.421469],[4.746179,46.421479],[4.746218,46.421543],[4.746241,46.421584],[4.746249,46.421601],[4.746298,46.421751],[4.746308,46.42179],[4.746314,46.421829],[4.746317,46.421879],[4.746305,46.421968],[4.74639,46.42199],[4.74645,46.422007],[4.746479,46.422009],[4.746561,46.422004],[4.746587,46.421999],[4.746609,46.421984],[4.74662,46.421966],[4.746681,46.421978],[4.746716,46.421986],[4.746733,46.42199],[4.746809,46.422014],[4.74687,46.422033],[4.746879,46.422037],[4.746913,46.422048],[4.746965,46.422069],[4.747134,46.422148],[4.747144,46.422152],[4.747286,46.422215],[4.747299,46.42222],[4.747367,46.422252],[4.747455,46.422288],[4.747502,46.422314],[4.747601,46.42237],[4.747599,46.422396],[4.747667,46.422455],[4.7477,46.422483],[4.747825,46.422581],[4.747842,46.422594],[4.747879,46.422619],[4.74791,46.42264],[4.747939,46.42268],[4.747968,46.422721],[4.748007,46.42275],[4.748051,46.422795],[4.748064,46.422809],[4.748083,46.422825],[4.748097,46.422836],[4.748172,46.422893],[4.748215,46.422923],[4.74827,46.422957],[4.74831,46.422983],[4.748438,46.423055],[4.748486,46.423083],[4.748488,46.423085],[4.748515,46.423098],[4.74853,46.423102],[4.748587,46.423099],[4.748584,46.42313],[4.748584,46.423131],[4.748586,46.423135],[4.748593,46.423145],[4.748623,46.423174],[4.748632,46.423181],[4.748655,46.423199],[4.748685,46.423215],[4.74871,46.423228],[4.748736,46.423255],[4.748758,46.423268],[4.748768,46.423273],[4.748787,46.423288],[4.748807,46.423323],[4.748832,46.423363],[4.748845,46.423379],[4.748872,46.4234],[4.748885,46.423414],[4.748894,46.423435],[4.748904,46.423456],[4.748917,46.423477],[4.748953,46.423521],[4.748969,46.42351],[4.749173,46.423336],[4.749275,46.423251],[4.749325,46.423211],[4.749485,46.423119],[4.749486,46.423033],[4.749483,46.422974],[4.749486,46.422922],[4.749504,46.422862],[4.749544,46.422756],[4.749584,46.422645],[4.749624,46.422517],[4.749639,46.422458],[4.749648,46.422416],[4.749701,46.42223],[4.749727,46.422127],[4.749729,46.422098],[4.749722,46.422036],[4.749707,46.421881],[4.749694,46.421861],[4.749544,46.421669],[4.749443,46.421535],[4.749385,46.421447],[4.749246,46.421204],[4.749103,46.420981],[4.749051,46.420902],[4.749026,46.420867],[4.748903,46.420705],[4.748848,46.42063],[4.748824,46.420595],[4.748773,46.420529],[4.748756,46.420508],[4.748742,46.420494],[4.748699,46.420468],[4.748664,46.420448],[4.748604,46.420418],[4.748418,46.420337],[4.748208,46.420244],[4.74814,46.420219],[4.748121,46.420216],[4.748112,46.420216],[4.748043,46.420228],[4.748006,46.42019],[4.747989,46.420179],[4.747877,46.420128],[4.747852,46.420115],[4.747821,46.420093],[4.747728,46.420017],[4.7477,46.419975],[4.747635,46.419904],[4.747653,46.419888],[4.747655,46.419877],[4.747647,46.419865],[4.747575,46.419776],[4.74751,46.419689],[4.747447,46.419584],[4.747344,46.419413],[4.747326,46.419375],[4.74732,46.419368],[4.747301,46.419356],[4.747281,46.419347],[4.747191,46.419317],[4.747088,46.419286],[4.747056,46.419275],[4.746952,46.419236],[4.746907,46.419221],[4.746848,46.419195],[4.74673,46.419144],[4.746655,46.419106],[4.74654,46.419042],[4.746497,46.419022],[4.74638,46.418963],[4.745965,46.41875],[4.745861,46.418698],[4.745636,46.418579],[4.745516,46.418519],[4.745464,46.418494],[4.74521,46.418376],[4.745106,46.418329],[4.745033,46.418297],[4.744946,46.418253],[4.744885,46.418221],[4.744693,46.418136],[4.744654,46.418122],[4.744601,46.418108],[4.744529,46.418094],[4.744519,46.418074],[4.744508,46.418049],[4.744555,46.418049],[4.744601,46.41805],[4.744616,46.418053],[4.744636,46.418058],[4.744672,46.418075],[4.74482,46.418145],[4.744986,46.418227],[4.745155,46.418309],[4.745455,46.41846],[4.745613,46.418537],[4.745797,46.418632],[4.746027,46.418747],[4.746232,46.418855],[4.746289,46.418888],[4.746356,46.418921],[4.746468,46.418973],[4.746708,46.419097],[4.746828,46.419156],[4.746876,46.419176],[4.747083,46.419258],[4.747114,46.419267],[4.747256,46.419307],[4.747307,46.419326],[4.747331,46.419339],[4.747353,46.419353],[4.747364,46.419364],[4.74737,46.419371],[4.74738,46.419401],[4.747394,46.419431],[4.747413,46.419462],[4.747485,46.419582],[4.747574,46.419722],[4.747617,46.419785],[4.747701,46.4199],[4.74774,46.419951],[4.747771,46.419984],[4.747805,46.420014],[4.747873,46.420065],[4.747887,46.420074],[4.748045,46.420141],[4.748138,46.420186],[4.7486,46.420386],[4.748672,46.420424],[4.748736,46.420462],[4.748741,46.420461],[4.748742,46.420453],[4.748737,46.420423],[4.748713,46.420342],[4.748674,46.420194],[4.748609,46.420042],[4.74858,46.419991],[4.748541,46.41994],[4.748471,46.419851],[4.748441,46.419808],[4.748408,46.419755],[4.748397,46.419736],[4.748387,46.419719],[4.748368,46.419682],[4.748349,46.419651],[4.748279,46.419533],[4.748244,46.419465],[4.748211,46.419405],[4.74819,46.419367],[4.74812,46.419239],[4.748064,46.419106],[4.747959,46.418913],[4.747892,46.418788],[4.747869,46.41874],[4.747838,46.418677],[4.747837,46.418673],[4.747784,46.418564],[4.747772,46.418517],[4.747762,46.418469],[4.747711,46.418298],[4.747665,46.418149],[4.747644,46.418058],[4.74762,46.417953],[4.747597,46.417848],[4.747571,46.417755],[4.747535,46.417635],[4.747487,46.417495],[4.747483,46.417483],[4.747425,46.417315],[4.747419,46.417297],[4.74734,46.417098],[4.747336,46.417089],[4.747308,46.417016],[4.747244,46.416891],[4.747239,46.416882],[4.747176,46.416766],[4.747175,46.416765],[4.747173,46.416763],[4.747171,46.416762],[4.747167,46.416761],[4.747147,46.41676],[4.747125,46.416687],[4.747064,46.416508],[4.747016,46.416385],[4.746953,46.41625],[4.746935,46.416215],[4.746915,46.416174],[4.746838,46.416177],[4.746809,46.416176],[4.746747,46.416173],[4.746579,46.416165],[4.746529,46.41616],[4.746488,46.416156],[4.746408,46.41615],[4.746251,46.41614],[4.746108,46.416127],[4.745958,46.416109],[4.745843,46.416098],[4.745762,46.416092],[4.745702,46.41609],[4.745505,46.416082],[4.745432,46.416079],[4.745357,46.41607],[4.745195,46.416058],[4.745039,46.416045],[4.744879,46.416034],[4.744824,46.416029],[4.744694,46.416011],[4.744584,46.415993],[4.744437,46.415963],[4.744426,46.415962],[4.744412,46.415963],[4.744275,46.415985],[4.744091,46.416012],[4.743804,46.416052],[4.743561,46.416088],[4.74336,46.416119],[4.743081,46.416164],[4.742955,46.416224],[4.742913,46.416248],[4.742898,46.416205],[4.742896,46.416206],[4.742873,46.416223],[4.742872,46.416223],[4.742609,46.416419],[4.742606,46.416422],[4.742605,46.416422],[4.742363,46.416591],[4.741984,46.416857],[4.741602,46.417127],[4.741046,46.417519],[4.741009,46.417545],[4.740669,46.417781],[4.740657,46.417789],[4.740585,46.417839],[4.740034,46.418222],[4.739644,46.418496],[4.739571,46.418547],[4.738966,46.418967],[4.738873,46.419034],[4.738881,46.419084]]],[[[4.749413,46.423822],[4.749486,46.423826],[4.749549,46.423824],[4.749538,46.423738],[4.749532,46.423655],[4.749513,46.423507],[4.749491,46.423356],[4.749472,46.42324],[4.749461,46.423228],[4.749444,46.423218],[4.749426,46.423216],[4.749417,46.423216],[4.7494,46.423221],[4.749302,46.423297],[4.749112,46.423455],[4.749067,46.423493],[4.748992,46.423555],[4.749063,46.423625],[4.74909,46.42365],[4.749128,46.423684],[4.749181,46.423728],[4.749188,46.423733],[4.749272,46.423795],[4.749309,46.423802],[4.749368,46.423808],[4.749371,46.423809],[4.749413,46.423822]]],[[[4.741944,46.425724],[4.741917,46.425736],[4.74189,46.425747],[4.741761,46.425798],[4.741642,46.425855],[4.741584,46.425883],[4.741556,46.42589],[4.741406,46.425914],[4.741295,46.425944],[4.741229,46.425956],[4.740767,46.426021],[4.740889,46.426245],[4.741047,46.426541],[4.741081,46.42661],[4.741257,46.426982],[4.741248,46.426984],[4.741318,46.427106],[4.741342,46.427131],[4.741397,46.427181],[4.741509,46.427269],[4.741771,46.427481],[4.741932,46.427628],[4.742187,46.427854],[4.742345,46.42803],[4.742513,46.428368],[4.74254,46.428421],[4.742701,46.428605],[4.742783,46.428699],[4.743047,46.429005],[4.743144,46.429045],[4.743228,46.429076],[4.743303,46.429102],[4.743378,46.429116],[4.74352,46.429119],[4.743727,46.42912],[4.744108,46.42912],[4.744066,46.428927],[4.744155,46.428908],[4.744192,46.428895],[4.744233,46.428874],[4.744319,46.42882],[4.744392,46.428791],[4.744482,46.428765],[4.744599,46.428735],[4.744741,46.428709],[4.745011,46.428677],[4.745028,46.42869],[4.745108,46.428686],[4.745154,46.428689],[4.745396,46.428745],[4.745427,46.428727],[4.745514,46.428666],[4.745557,46.428637],[4.745588,46.428618],[4.74584,46.428496],[4.746209,46.428312],[4.746374,46.428211],[4.746489,46.428145],[4.7466,46.428087],[4.746785,46.427991],[4.74691,46.427943],[4.746923,46.42792],[4.747159,46.427838],[4.747329,46.427767],[4.747365,46.427749],[4.747483,46.427677],[4.747521,46.427752],[4.747734,46.427648],[4.747677,46.427549],[4.747924,46.427449],[4.748291,46.427259],[4.74858,46.427016],[4.748655,46.426817],[4.748657,46.426753],[4.748633,46.426562],[4.748643,46.426517],[4.748643,46.426439],[4.748676,46.426302],[4.747994,46.426382],[4.747697,46.426418],[4.747596,46.426426],[4.747494,46.426429],[4.747362,46.426429],[4.747124,46.426434],[4.747018,46.426436],[4.746692,46.42643],[4.746378,46.426449],[4.746188,46.426437],[4.746038,46.426327],[4.74595,46.426334],[4.745925,46.426344],[4.745907,46.426368],[4.745877,46.426422],[4.745823,46.426556],[4.745821,46.426587],[4.745887,46.426708],[4.745844,46.426773],[4.745833,46.426786],[4.745626,46.427141],[4.7456,46.427137],[4.745619,46.427095],[4.745669,46.426998],[4.745749,46.426863],[4.745809,46.426749],[4.74581,46.426713],[4.745787,46.426545],[4.745837,46.42638],[4.745815,46.426359],[4.745797,46.426353],[4.745762,46.426357],[4.745687,46.426369],[4.74561,46.426393],[4.745511,46.426431],[4.745448,46.426445],[4.745401,46.426474],[4.745362,46.426469],[4.745266,46.4265],[4.745254,46.426484],[4.745242,46.426471],[4.745329,46.426445],[4.745337,46.426442],[4.745347,46.426438],[4.745402,46.426408],[4.745518,46.426378],[4.745672,46.426343],[4.74577,46.426329],[4.745896,46.426307],[4.74596,46.426296],[4.746069,46.426304],[4.746103,46.426322],[4.746192,46.426382],[4.746228,46.426399],[4.746253,46.426407],[4.746317,46.426413],[4.746366,46.426416],[4.746685,46.426401],[4.74717,46.426384],[4.747781,46.426383],[4.747868,46.426381],[4.747957,46.42637],[4.748107,46.426355],[4.748172,46.426347],[4.74831,46.426329],[4.748439,46.426308],[4.748581,46.42628],[4.748619,46.42627],[4.748672,46.426248],[4.748691,46.426238],[4.748709,46.426222],[4.748788,46.426138],[4.748808,46.426113],[4.748961,46.425891],[4.748982,46.425839],[4.748983,46.425829],[4.748979,46.425828],[4.748987,46.4258],[4.749018,46.425802],[4.749178,46.425723],[4.749171,46.425713],[4.749282,46.425659],[4.7494,46.425605],[4.749426,46.425589],[4.749539,46.425506],[4.749724,46.425375],[4.749758,46.425347],[4.749904,46.425225],[4.749937,46.425136],[4.749919,46.42502],[4.749917,46.424997],[4.749879,46.424918],[4.749844,46.424832],[4.749818,46.424772],[4.749789,46.424773],[4.749738,46.42478],[4.749707,46.424786],[4.749608,46.424812],[4.749495,46.424838],[4.749424,46.424855],[4.749309,46.424888],[4.749216,46.424915],[4.749205,46.42489],[4.749259,46.42487],[4.749452,46.424822],[4.749529,46.424804],[4.749603,46.424787],[4.749692,46.424763],[4.749733,46.424744],[4.74976,46.424727],[4.74978,46.424701],[4.749788,46.424675],[4.749786,46.424652],[4.749771,46.424615],[4.749742,46.424557],[4.749705,46.424493],[4.749692,46.424466],[4.749682,46.424445],[4.749674,46.424398],[4.749696,46.424205],[4.749711,46.424091],[4.749713,46.424049],[4.749715,46.423913],[4.749605,46.423871],[4.749583,46.423866],[4.749513,46.423865],[4.749442,46.423865],[4.74941,46.423863],[4.749323,46.423846],[4.749269,46.423829],[4.749224,46.423819],[4.749151,46.423768],[4.749032,46.423679],[4.749011,46.423669],[4.748989,46.42366],[4.748975,46.423656],[4.748958,46.423652],[4.748842,46.42368],[4.748759,46.423697],[4.748741,46.423701],[4.74868,46.423716],[4.748677,46.423717],[4.748576,46.423752],[4.748575,46.423752],[4.748563,46.423757],[4.748386,46.423823],[4.748247,46.423862],[4.748209,46.423876],[4.748172,46.423893],[4.748127,46.423915],[4.748029,46.423943],[4.747935,46.423978],[4.747901,46.42399],[4.747813,46.42403],[4.747764,46.424052],[4.747666,46.424095],[4.747643,46.424113],[4.747636,46.424118],[4.747473,46.424189],[4.747284,46.424287],[4.747282,46.424288],[4.747136,46.424368],[4.747117,46.424383],[4.747095,46.424402],[4.746819,46.424536],[4.746703,46.424589],[4.746667,46.424605],[4.746651,46.424611],[4.746594,46.424631],[4.74651,46.424644],[4.746509,46.424644],[4.746404,46.424642],[4.746306,46.424633],[4.746338,46.424681],[4.746459,46.424794],[4.746726,46.42504],[4.746808,46.425117],[4.746891,46.425193],[4.746748,46.425302],[4.746713,46.425331],[4.746615,46.425371],[4.746567,46.425371],[4.746448,46.425373],[4.746406,46.425364],[4.746323,46.425357],[4.746202,46.425344],[4.746185,46.425345],[4.746136,46.425354],[4.746043,46.425376],[4.745983,46.425388],[4.745574,46.425463],[4.745569,46.425443],[4.745565,46.425394],[4.745559,46.425325],[4.745538,46.425278],[4.745539,46.425249],[4.745538,46.425243],[4.745513,46.425157],[4.74551,46.425147],[4.745489,46.425093],[4.745461,46.425039],[4.745438,46.424995],[4.745426,46.424973],[4.745401,46.424881],[4.745397,46.424877],[4.745395,46.424874],[4.745351,46.424798],[4.745279,46.424661],[4.74526,46.424618],[4.745071,46.424714],[4.745037,46.424724],[4.74493,46.424753],[4.744843,46.424747],[4.744834,46.424762],[4.744812,46.424818],[4.744805,46.424841],[4.744806,46.42486],[4.744813,46.424903],[4.744821,46.424938],[4.744806,46.424998],[4.744773,46.424999],[4.744778,46.424942],[4.744765,46.424883],[4.744766,46.424851],[4.744771,46.424811],[4.744802,46.424722],[4.744749,46.424711],[4.744687,46.424702],[4.744631,46.424693],[4.744589,46.424688],[4.744591,46.424685],[4.744529,46.424681],[4.744455,46.424676],[4.744446,46.424685],[4.74432,46.424665],[4.744255,46.424655],[4.744107,46.424655],[4.744041,46.424657],[4.743931,46.42467],[4.743904,46.424671],[4.743879,46.424672],[4.743742,46.424673],[4.743685,46.424681],[4.743601,46.424709],[4.743532,46.424732],[4.743492,46.424768],[4.743481,46.42478],[4.743451,46.424811],[4.743449,46.424826],[4.743501,46.424897],[4.743398,46.424964],[4.74335,46.425004],[4.743301,46.425054],[4.743215,46.425153],[4.743131,46.425258],[4.743056,46.425321],[4.742914,46.425416],[4.742869,46.425438],[4.742734,46.425482],[4.742735,46.425488],[4.742613,46.425528],[4.74252,46.425548],[4.742402,46.425576],[4.742217,46.425615],[4.742146,46.425637],[4.742121,46.425645],[4.742044,46.425679],[4.741944,46.425724]]],[[[4.74105,46.427166],[4.741096,46.427173],[4.741348,46.427212],[4.741312,46.427171],[4.741282,46.427133],[4.7412,46.426979],[4.74113,46.42684],[4.741054,46.426686],[4.740925,46.426437],[4.740826,46.426246],[4.740667,46.426073],[4.740557,46.426105],[4.740476,46.426146],[4.740401,46.426179],[4.740222,46.426223],[4.739933,46.42629],[4.739854,46.426307],[4.739818,46.426324],[4.739696,46.426408],[4.739563,46.426631],[4.739444,46.426738],[4.739433,46.426763],[4.739431,46.426788],[4.739773,46.426842],[4.740055,46.426931],[4.740179,46.426968],[4.740384,46.427001],[4.740579,46.427037],[4.740643,46.427054],[4.740834,46.42711],[4.741031,46.427162],[4.74105,46.427166]]],[[[4.736973,46.427159],[4.737056,46.427268],[4.737367,46.427687],[4.737515,46.427884],[4.738303,46.427804],[4.738759,46.427759],[4.738784,46.427718],[4.739323,46.426817],[4.739307,46.426816],[4.738871,46.426889],[4.738676,46.426904],[4.737901,46.426958],[4.737235,46.427005],[4.737186,46.427022],[4.737062,46.42707],[4.737012,46.42709],[4.73699,46.427114],[4.736973,46.427159]]],[[[4.737074,46.427944],[4.73745,46.427894],[4.737453,46.427893],[4.737128,46.427471],[4.737125,46.427466],[4.736967,46.427531],[4.73697,46.427535],[4.736767,46.427619],[4.736734,46.427631],[4.736722,46.427621],[4.73664,46.427577],[4.736594,46.427594],[4.736677,46.427642],[4.736601,46.427658],[4.736244,46.427741],[4.736017,46.427555],[4.735986,46.42753],[4.735962,46.42751],[4.735895,46.427456],[4.735748,46.427501],[4.735249,46.427637],[4.735226,46.427644],[4.735222,46.427663],[4.735224,46.42769],[4.735236,46.427706],[4.735275,46.427714],[4.735739,46.427787],[4.735963,46.427835],[4.736124,46.427856],[4.736331,46.427878],[4.736396,46.427883],[4.7365,46.427892],[4.736715,46.427916],[4.736857,46.427929],[4.736937,46.427937],[4.736984,46.427939],[4.737074,46.427944]]],[[[4.738824,46.427745],[4.738922,46.427735],[4.738974,46.427728],[4.73897,46.427704],[4.739001,46.427701],[4.739003,46.427724],[4.739583,46.427637],[4.739752,46.427616],[4.739825,46.427613],[4.739897,46.427611],[4.740067,46.42763],[4.740261,46.427662],[4.740567,46.427777],[4.740656,46.427818],[4.740934,46.427952],[4.741706,46.428333],[4.742346,46.428656],[4.742705,46.428846],[4.742816,46.428914],[4.742845,46.428928],[4.742873,46.428929],[4.742882,46.428921],[4.742881,46.428901],[4.7428,46.428799],[4.742515,46.428455],[4.742411,46.428274],[4.742332,46.428107],[4.742296,46.428053],[4.742181,46.427912],[4.741896,46.427648],[4.74179,46.427562],[4.741671,46.427463],[4.74147,46.427299],[4.741414,46.42727],[4.741356,46.427246],[4.741182,46.427213],[4.741056,46.427195],[4.741045,46.42722],[4.741003,46.427207],[4.740979,46.42719],[4.740848,46.42714],[4.740689,46.427092],[4.740442,46.427053],[4.740165,46.42701],[4.740104,46.426993],[4.739999,46.426954],[4.739722,46.426876],[4.739618,46.426851],[4.739411,46.426804],[4.739149,46.427205],[4.738824,46.427745]]],[[[4.73773,46.427922],[4.737724,46.427923],[4.737479,46.427951],[4.737148,46.427991],[4.737109,46.427996],[4.737077,46.428003],[4.736904,46.427988],[4.736113,46.427907],[4.735837,46.427861],[4.735261,46.427758],[4.735126,46.427736],[4.734804,46.42768],[4.734552,46.427639],[4.734517,46.427692],[4.734499,46.427718],[4.734476,46.427752],[4.734518,46.427766],[4.734485,46.427812],[4.734483,46.427816],[4.734444,46.427803],[4.734426,46.427833],[4.734391,46.427889],[4.734298,46.42804],[4.73419,46.428213],[4.7346,46.428471],[4.734662,46.428506],[4.735147,46.428731],[4.735398,46.428841],[4.735618,46.428938],[4.7357,46.42891],[4.735921,46.428831],[4.736024,46.428793],[4.737153,46.428605],[4.737137,46.42848],[4.737261,46.42847],[4.737452,46.428452],[4.737688,46.428439],[4.737715,46.428432],[4.737729,46.428427],[4.737745,46.428429],[4.737761,46.428435],[4.737761,46.428452],[4.737809,46.42848],[4.737821,46.428487],[4.737906,46.428421],[4.738649,46.427848],[4.738632,46.427824],[4.73773,46.427922]]],[[[4.74705,46.444375],[4.747046,46.444415],[4.747033,46.444446],[4.747007,46.444488],[4.746986,46.444522],[4.746975,46.444594],[4.746965,46.444655],[4.746948,46.444718],[4.746944,46.44472],[4.746904,46.444735],[4.746849,46.444763],[4.7468,46.4448],[4.746798,46.44481],[4.746798,46.444822],[4.746796,46.444838],[4.746781,46.444872],[4.746759,46.444948],[4.746714,46.445039],[4.746736,46.445162],[4.746733,46.445416],[4.747156,46.44539],[4.747741,46.445353],[4.747752,46.445449],[4.747764,46.44553],[4.747773,46.445599],[4.747769,46.44572],[4.747755,46.446014],[4.747716,46.446307],[4.747695,46.446431],[4.747692,46.446452],[4.747691,46.446454],[4.747541,46.446804],[4.747457,46.446953],[4.747439,46.44699],[4.747436,46.446996],[4.747405,46.447067],[4.74735,46.447207],[4.747333,46.447269],[4.747333,46.447276],[4.747333,46.447494],[4.747433,46.447776],[4.747457,46.447859],[4.747466,46.447954],[4.747467,46.447967],[4.747467,46.447976],[4.747703,46.447939],[4.747809,46.447927],[4.747949,46.447915],[4.748026,46.447916],[4.748217,46.447919],[4.748967,46.447943],[4.749122,46.447944],[4.749391,46.447935],[4.749602,46.447919],[4.749654,46.447915],[4.749757,46.447784],[4.749807,46.447698],[4.749865,46.447598],[4.749991,46.447268],[4.749994,46.447259],[4.749991,46.44716],[4.749988,46.447125],[4.749984,46.447082],[4.749945,46.446821],[4.749932,46.446695],[4.749927,46.44665],[4.749924,46.446502],[4.749927,46.446421],[4.749928,46.446359],[4.749937,46.446276],[4.749937,46.446257],[4.749937,46.446185],[4.749902,46.446022],[4.749876,46.445871],[4.749855,46.445775],[4.749849,46.445742],[4.749841,46.445705],[4.749793,46.445576],[4.749759,46.445488],[4.749668,46.445254],[4.749627,46.445146],[4.749571,46.445021],[4.749568,46.444956],[4.749561,46.444778],[4.749572,46.44473],[4.749583,46.444698],[4.749611,46.444622],[4.749628,46.444562],[4.749639,46.444521],[4.749649,46.444431],[4.749651,46.444416],[4.749641,46.444235],[4.749636,46.444032],[4.749635,46.443967],[4.749633,46.44391],[4.749631,46.443858],[4.74963,46.443772],[4.749625,46.443704],[4.749617,46.443602],[4.749601,46.443347],[4.749599,46.443325],[4.749598,46.443323],[4.749581,46.443285],[4.749541,46.443229],[4.749512,46.443187],[4.74925,46.443003],[4.749234,46.442991],[4.748867,46.442758],[4.748786,46.442862],[4.748741,46.442899],[4.748706,46.442927],[4.748594,46.443019],[4.748529,46.443067],[4.74845,46.443128],[4.748307,46.443247],[4.748215,46.443326],[4.748175,46.443361],[4.748155,46.443372],[4.747901,46.443505],[4.747671,46.443622],[4.747539,46.443691],[4.747293,46.443819],[4.747242,46.443848],[4.747218,46.443861],[4.747155,46.443926],[4.747144,46.443937],[4.747142,46.443968],[4.747107,46.444189],[4.747095,46.444264],[4.747074,46.444303],[4.747059,46.444331],[4.747051,46.444368],[4.74705,46.444369],[4.74705,46.444375]]],[[[4.749897,46.44569],[4.749936,46.445854],[4.74995,46.44594],[4.749976,46.446071],[4.749994,46.446164],[4.749992,46.446278],[4.749988,46.446363],[4.749978,46.446506],[4.749975,46.446645],[4.749989,46.446792],[4.750039,46.447087],[4.750062,46.447203],[4.750012,46.447349],[4.749882,46.447684],[4.749841,46.447763],[4.749814,46.447806],[4.749877,46.447826],[4.749962,46.447852],[4.750002,46.447861],[4.750044,46.447862],[4.750085,46.447863],[4.750201,46.447861],[4.750298,46.447874],[4.750302,46.447875],[4.750378,46.447899],[4.750411,46.447905],[4.750464,46.447914],[4.75056,46.447909],[4.750617,46.447902],[4.750617,46.447835],[4.750616,46.447664],[4.750616,46.447506],[4.750616,46.447446],[4.750877,46.44744],[4.750887,46.447643],[4.750948,46.447644],[4.751064,46.447644],[4.751157,46.447641],[4.751241,46.447627],[4.751385,46.447602],[4.751468,46.447595],[4.75147,46.447583],[4.751638,46.447574],[4.751695,46.44757],[4.751705,46.447573],[4.751745,46.447582],[4.751735,46.447542],[4.751712,46.447449],[4.751707,46.447433],[4.75171,46.44742],[4.751725,46.447383],[4.751727,46.447378],[4.751748,46.447335],[4.751749,46.447333],[4.751799,46.447196],[4.751802,46.447178],[4.751815,46.447113],[4.751772,46.446968],[4.751725,46.446786],[4.751683,46.446689],[4.751684,46.446666],[4.751702,46.446627],[4.751709,46.44662],[4.751714,46.446615],[4.751788,46.446612],[4.751853,46.446611],[4.752063,46.446614],[4.752282,46.446618],[4.752259,46.446465],[4.752253,46.445964],[4.752503,46.445854],[4.752457,46.445777],[4.752359,46.445682],[4.752331,46.445656],[4.752318,46.445644],[4.75228,46.445611],[4.752078,46.445416],[4.751844,46.445191],[4.751812,46.445169],[4.751794,46.445156],[4.751766,46.445133],[4.751688,46.445045],[4.751588,46.444952],[4.751377,46.444747],[4.751346,46.444707],[4.75132,46.444664],[4.751314,46.444656],[4.751297,46.444633],[4.751284,46.444622],[4.751217,46.444563],[4.751144,46.444509],[4.751129,46.444494],[4.750984,46.444357],[4.750891,46.444275],[4.750867,46.444254],[4.750826,46.444218],[4.750595,46.443919],[4.750505,46.443936],[4.749823,46.444066],[4.749811,46.444068],[4.749774,46.444078],[4.749707,46.444025],[4.749729,46.444448],[4.749701,46.444611],[4.749643,46.444908],[4.749631,46.444983],[4.749646,46.445043],[4.749714,46.44521],[4.749827,46.44549],[4.749864,46.445579],[4.749897,46.44569]]],[[[4.749874,46.414304],[4.749917,46.414355],[4.750004,46.414473],[4.750057,46.414529],[4.750103,46.414583],[4.750267,46.41479],[4.75031,46.414843],[4.750389,46.414942],[4.750548,46.415113],[4.751548,46.414726],[4.751564,46.414746],[4.751017,46.414959],[4.750567,46.415131],[4.750612,46.415179],[4.750659,46.415225],[4.750851,46.415383],[4.75111,46.415611],[4.751198,46.415681],[4.751327,46.415791],[4.751449,46.415896],[4.751573,46.416028],[4.751713,46.416189],[4.751902,46.416395],[4.751965,46.416465],[4.752015,46.416513],[4.752209,46.416726],[4.752324,46.416853],[4.752602,46.417158],[4.75297,46.41761],[4.753056,46.417729],[4.753954,46.417301],[4.754027,46.417266],[4.754311,46.417128],[4.754752,46.416914],[4.755206,46.417421],[4.755248,46.417468],[4.755581,46.417839],[4.756161,46.418476],[4.756278,46.418442],[4.756428,46.418404],[4.75661,46.418362],[4.756766,46.418326],[4.756891,46.418268],[4.75698,46.418228],[4.757191,46.418126],[4.757287,46.41808],[4.757457,46.41801],[4.757513,46.417997],[4.757605,46.417978],[4.757641,46.417971],[4.75776,46.417946],[4.758055,46.417873],[4.758303,46.417827],[4.758447,46.417796],[4.758701,46.417734],[4.758708,46.417715],[4.758704,46.417692],[4.758684,46.41767],[4.758666,46.41765],[4.75862,46.417588],[4.758578,46.417539],[4.758464,46.417407],[4.758432,46.417366],[4.758421,46.417351],[4.758364,46.417285],[4.758334,46.417257],[4.758316,46.41724],[4.758298,46.417229],[4.758285,46.417226],[4.758242,46.417215],[4.758295,46.417188],[4.758379,46.417275],[4.758766,46.417709],[4.758823,46.417703],[4.758861,46.417697],[4.759171,46.4176],[4.759262,46.417572],[4.759364,46.417534],[4.759504,46.417484],[4.759739,46.417402],[4.759919,46.417345],[4.760196,46.417222],[4.760325,46.417168],[4.760371,46.417151],[4.76062,46.416997],[4.76069,46.416955],[4.760777,46.416905],[4.761057,46.416728],[4.761129,46.41668],[4.761186,46.416642],[4.761222,46.416609],[4.761235,46.416594],[4.76124,46.416576],[4.761231,46.416558],[4.761069,46.416416],[4.760919,46.416281],[4.76077,46.416148],[4.760696,46.416087],[4.760561,46.415964],[4.760532,46.415945],[4.760496,46.415927],[4.760463,46.415914],[4.760433,46.415913],[4.760428,46.415912],[4.760391,46.415908],[4.76031,46.415903],[4.760285,46.415902],[4.760202,46.415874],[4.760196,46.415872],[4.760162,46.415859],[4.760051,46.415819],[4.760021,46.415811],[4.759974,46.415791],[4.759956,46.415785],[4.759918,46.415771],[4.759897,46.415763],[4.759879,46.41576],[4.759858,46.415756],[4.759682,46.415733],[4.759666,46.41573],[4.759573,46.415714],[4.759405,46.415668],[4.759336,46.415648],[4.759318,46.415645],[4.75929,46.41564],[4.759178,46.415615],[4.75911,46.415599],[4.759106,46.415598],[4.759023,46.415578],[4.759014,46.415575],[4.758866,46.415527],[4.75883,46.415514],[4.758813,46.415508],[4.758776,46.415491],[4.758693,46.415453],[4.758586,46.415392],[4.758583,46.41539],[4.758521,46.415356],[4.758518,46.415355],[4.758438,46.415306],[4.758428,46.415301],[4.758356,46.415264],[4.758333,46.415254],[4.758326,46.415251],[4.758321,46.415249],[4.758197,46.415202],[4.758112,46.415161],[4.758081,46.415146],[4.757963,46.415091],[4.757806,46.415014],[4.757793,46.415008],[4.757501,46.414875],[4.757481,46.414865],[4.757271,46.414768],[4.757269,46.41476],[4.757268,46.414755],[4.75726,46.41474],[4.757247,46.414732],[4.757229,46.414726],[4.757183,46.414716],[4.757168,46.414713],[4.75712,46.414702],[4.757087,46.414692],[4.756994,46.414663],[4.756925,46.41464],[4.756895,46.414629],[4.756863,46.414617],[4.756861,46.414616],[4.756858,46.414615],[4.756824,46.414601],[4.756805,46.414592],[4.756773,46.414578],[4.756737,46.414563],[4.756736,46.414562],[4.756708,46.414552],[4.756698,46.414551],[4.756687,46.414549],[4.756632,46.414544],[4.756505,46.414462],[4.756404,46.414396],[4.756396,46.41439],[4.756373,46.414373],[4.756329,46.414335],[4.756138,46.41417],[4.755964,46.413963],[4.755961,46.413958],[4.755874,46.413848],[4.755829,46.413791],[4.755796,46.413745],[4.755751,46.413682],[4.7557,46.413611],[4.75565,46.413531],[4.755637,46.413509],[4.755556,46.413363],[4.755546,46.413342],[4.755539,46.413324],[4.755538,46.413321],[4.755529,46.413281],[4.755528,46.413256],[4.755532,46.413225],[4.75554,46.413186],[4.755552,46.413144],[4.75556,46.413112],[4.755573,46.413048],[4.755577,46.413029],[4.755579,46.413022],[4.755601,46.412974],[4.75563,46.4129],[4.75565,46.412849],[4.755659,46.412817],[4.755667,46.412792],[4.755672,46.412763],[4.755678,46.412685],[4.755707,46.41261],[4.755712,46.412598],[4.755714,46.412588],[4.75575,46.412418],[4.75576,46.412374],[4.755961,46.41261],[4.756395,46.413162],[4.75672,46.413592],[4.756923,46.413835],[4.75695,46.413853],[4.757252,46.414034],[4.75782,46.414375],[4.758292,46.414636],[4.758638,46.41466],[4.759145,46.414695],[4.759939,46.414734],[4.76023,46.414748],[4.761084,46.414791],[4.761503,46.414818],[4.761625,46.414815],[4.761706,46.414776],[4.761774,46.414689],[4.761807,46.414633],[4.76187,46.41457],[4.761891,46.414544],[4.762063,46.4144],[4.762113,46.414299],[4.762148,46.414231],[4.762167,46.41416],[4.762196,46.414062],[4.762214,46.414022],[4.762259,46.413932],[4.762262,46.413903],[4.762265,46.413824],[4.762274,46.413768],[4.76229,46.413687],[4.76229,46.41367],[4.762281,46.413629],[4.762211,46.413367],[4.762197,46.413332],[4.762159,46.413262],[4.762102,46.413163],[4.762088,46.413144],[4.761921,46.412971],[4.761873,46.412908],[4.761792,46.412797],[4.761671,46.412626],[4.761722,46.412691],[4.761826,46.412831],[4.76193,46.412938],[4.762033,46.413048],[4.762124,46.413152],[4.762179,46.413244],[4.762227,46.413329],[4.762296,46.413462],[4.762369,46.413605],[4.763702,46.413167],[4.763602,46.413029],[4.76352,46.412916],[4.763462,46.412836],[4.763231,46.412516],[4.763151,46.412402],[4.763042,46.412254],[4.762995,46.412191],[4.762954,46.412132],[4.762761,46.411864],[4.762622,46.4118],[4.762368,46.411684],[4.762121,46.411571],[4.761962,46.411498],[4.761652,46.411357],[4.761586,46.411327],[4.76129,46.411192],[4.761121,46.411115],[4.761096,46.411073],[4.761026,46.41097],[4.760979,46.410897],[4.760682,46.410998],[4.760502,46.411059],[4.759986,46.411232],[4.759955,46.411243],[4.759937,46.411249],[4.759919,46.411255],[4.759605,46.411362],[4.759606,46.41139],[4.759634,46.411482],[4.759584,46.411491],[4.759577,46.411492],[4.759264,46.411529],[4.759137,46.411536],[4.759024,46.411538],[4.758876,46.411541],[4.758695,46.41156],[4.758588,46.411567],[4.75852,46.411587],[4.758366,46.411632],[4.758247,46.411663],[4.758089,46.411691],[4.757883,46.411712],[4.757757,46.411726],[4.757608,46.411757],[4.757607,46.411757],[4.757606,46.411757],[4.757595,46.41176],[4.757603,46.411778],[4.757605,46.411782],[4.757606,46.411786],[4.757607,46.411787],[4.757366,46.411839],[4.757302,46.411853],[4.757296,46.411856],[4.757282,46.411867],[4.757178,46.411903],[4.756967,46.411913],[4.756864,46.411916],[4.756774,46.411918],[4.756735,46.411919],[4.756731,46.41191],[4.756725,46.411899],[4.756614,46.411905],[4.756554,46.411912],[4.756376,46.411947],[4.756314,46.41196],[4.756035,46.412017],[4.756085,46.412167],[4.756086,46.412172],[4.756089,46.412181],[4.756027,46.412206],[4.755959,46.412233],[4.755808,46.412271],[4.755758,46.412275],[4.755692,46.412281],[4.755658,46.412284],[4.755637,46.412262],[4.755596,46.41222],[4.755568,46.412185],[4.755525,46.412101],[4.755398,46.412134],[4.755041,46.412226],[4.754574,46.412349],[4.753807,46.412554],[4.753794,46.412557],[4.753787,46.412559],[4.753783,46.41257],[4.75378,46.412577],[4.753778,46.412583],[4.753721,46.412602],[4.753198,46.412757],[4.75316,46.412768],[4.753156,46.41277],[4.752995,46.412818],[4.752991,46.412819],[4.752296,46.413026],[4.751934,46.413135],[4.751931,46.413136],[4.751059,46.413391],[4.750761,46.41348],[4.750753,46.413482],[4.750635,46.413517],[4.750626,46.41352],[4.749717,46.413786],[4.74971,46.413788],[4.749565,46.413831],[4.749553,46.413835],[4.749586,46.413903],[4.74962,46.413958],[4.749695,46.414078],[4.749756,46.41417],[4.749837,46.414264],[4.749874,46.414304]],[[4.752148,46.415175],[4.752231,46.415221],[4.752396,46.415294],[4.752662,46.415406],[4.752949,46.415532],[4.753075,46.415583],[4.753297,46.415675],[4.753912,46.415934],[4.754018,46.415979],[4.754125,46.416025],[4.754331,46.416114],[4.754468,46.416173],[4.754882,46.416348],[4.755192,46.416484],[4.755453,46.416577],[4.755658,46.416707],[4.755807,46.41681],[4.755985,46.41692],[4.75625,46.417075],[4.756685,46.41735],[4.756675,46.417354],[4.756364,46.417194],[4.75619,46.41708],[4.755854,46.416874],[4.755809,46.416847],[4.755615,46.416717],[4.755496,46.416647],[4.755405,46.416597],[4.755179,46.416506],[4.755026,46.416441],[4.754074,46.416046],[4.753861,46.415958],[4.753611,46.415849],[4.753026,46.415602],[4.75273,46.41547],[4.752566,46.4154],[4.752227,46.415251],[4.752187,46.415231],[4.752113,46.415188],[4.752072,46.415158],[4.751963,46.415069],[4.751908,46.415015],[4.751792,46.414893],[4.751594,46.414706],[4.751433,46.414532],[4.751311,46.414396],[4.751345,46.414384],[4.751388,46.414429],[4.751468,46.414518],[4.75163,46.414695],[4.751692,46.414754],[4.751812,46.414866],[4.752009,46.415067],[4.752148,46.415175]]],[[[4.75309,46.424498],[4.753099,46.424507],[4.753215,46.424651],[4.753399,46.424842],[4.753456,46.424876],[4.753524,46.424921],[4.753637,46.424925],[4.753852,46.424878],[4.753905,46.424867],[4.754238,46.424783],[4.754315,46.424763],[4.754404,46.42476],[4.754571,46.424748],[4.754785,46.424733],[4.754946,46.424716],[4.755059,46.424702],[4.755559,46.424624],[4.755424,46.424309],[4.75542,46.424299],[4.755397,46.424247],[4.755354,46.424146],[4.756322,46.42395],[4.756501,46.423915],[4.756677,46.423886],[4.756903,46.423837],[4.757122,46.423789],[4.757246,46.423762],[4.756853,46.42294],[4.755734,46.423038],[4.755748,46.42309],[4.75558,46.423123],[4.755429,46.423153],[4.75532,46.423174],[4.755042,46.423229],[4.754809,46.423276],[4.754655,46.423306],[4.754563,46.423325],[4.754535,46.423331],[4.754289,46.42338],[4.753995,46.423465],[4.753942,46.423481],[4.753838,46.423515],[4.753244,46.423703],[4.753178,46.423725],[4.752916,46.423812],[4.752874,46.423826],[4.752811,46.423847],[4.752675,46.423899],[4.752689,46.423915],[4.752744,46.424029],[4.752774,46.424072],[4.752824,46.42415],[4.752914,46.424273],[4.752974,46.424362],[4.753014,46.424416],[4.753042,46.424448],[4.75309,46.424498]]],[[[4.751437,46.424571],[4.751453,46.424592],[4.751483,46.424625],[4.751514,46.424654],[4.751543,46.424675],[4.751648,46.424768],[4.751802,46.424899],[4.751888,46.424971],[4.751901,46.424978],[4.751938,46.424962],[4.752002,46.425056],[4.752079,46.425154],[4.752231,46.42534],[4.752447,46.425609],[4.753449,46.425182],[4.753537,46.425139],[4.753548,46.425132],[4.753554,46.425126],[4.75355,46.425117],[4.753528,46.425091],[4.753368,46.424916],[4.753276,46.424818],[4.753154,46.424683],[4.753083,46.424604],[4.753048,46.424557],[4.753015,46.424517],[4.752957,46.424462],[4.752933,46.424438],[4.752916,46.424409],[4.75283,46.424289],[4.752726,46.424334],[4.752611,46.424383],[4.752393,46.424084],[4.752332,46.424105],[4.752324,46.424108],[4.752246,46.424134],[4.752316,46.424238],[4.752192,46.424271],[4.75213,46.424172],[4.752121,46.42416],[4.751913,46.424224],[4.751855,46.424122],[4.751825,46.42407],[4.751768,46.42397],[4.751443,46.424071],[4.751378,46.423969],[4.751301,46.423843],[4.751292,46.423828],[4.751266,46.423789],[4.751295,46.423778],[4.751273,46.423752],[4.751248,46.423711],[4.751236,46.423694],[4.751162,46.423721],[4.751123,46.423739],[4.751057,46.423774],[4.751043,46.423786],[4.751025,46.423826],[4.751026,46.423836],[4.751031,46.423849],[4.751061,46.423901],[4.751118,46.423999],[4.751202,46.424147],[4.751186,46.424152],[4.751295,46.42432],[4.751352,46.424405],[4.751365,46.424428],[4.751374,46.424446],[4.751425,46.42455],[4.751437,46.424571]]],[[[4.749795,46.424559],[4.749836,46.42464],[4.749843,46.424679],[4.74985,46.424703],[4.74987,46.42474],[4.749939,46.424878],[4.749941,46.424882],[4.749993,46.424989],[4.749998,46.42501],[4.749997,46.425042],[4.750026,46.425162],[4.749972,46.425233],[4.74994,46.425256],[4.749799,46.425393],[4.749782,46.42541],[4.749741,46.425429],[4.749713,46.425443],[4.749617,46.425522],[4.749536,46.425585],[4.749485,46.425614],[4.749373,46.42567],[4.749314,46.425693],[4.749286,46.425708],[4.749227,46.425744],[4.749156,46.425788],[4.749073,46.425843],[4.74905,46.425865],[4.74901,46.425907],[4.748989,46.425932],[4.748931,46.42603],[4.748866,46.426131],[4.748764,46.426287],[4.748729,46.426337],[4.748708,46.426511],[4.748711,46.426593],[4.748729,46.426725],[4.748744,46.426809],[4.74876,46.426818],[4.748792,46.426816],[4.748825,46.426814],[4.748842,46.426806],[4.74885,46.426801],[4.748897,46.42692],[4.748959,46.427048],[4.749044,46.427249],[4.749077,46.427339],[4.749111,46.427404],[4.749147,46.427489],[4.749192,46.427593],[4.749254,46.427752],[4.749284,46.427812],[4.749314,46.427892],[4.749331,46.42793],[4.749596,46.427878],[4.749811,46.427836],[4.749833,46.427828],[4.749878,46.427808],[4.749929,46.427881],[4.749935,46.42789],[4.74996,46.42788],[4.750131,46.427816],[4.750127,46.427795],[4.750107,46.427742],[4.75009,46.427703],[4.750065,46.427644],[4.750238,46.42758],[4.75028,46.427568],[4.750291,46.427566],[4.75051,46.427516],[4.750513,46.427515],[4.750568,46.42751],[4.750823,46.427475],[4.750965,46.427458],[4.751069,46.427442],[4.751104,46.427435],[4.751112,46.427432],[4.751295,46.427381],[4.751321,46.427377],[4.751341,46.427376],[4.751409,46.427373],[4.751412,46.427372],[4.751585,46.427359],[4.751602,46.427357],[4.751554,46.42731],[4.751498,46.427255],[4.751473,46.427224],[4.751409,46.427133],[4.751401,46.427124],[4.751387,46.427109],[4.75134,46.427086],[4.751291,46.427063],[4.751266,46.427047],[4.75125,46.427037],[4.751208,46.427009],[4.751195,46.426997],[4.751164,46.426938],[4.751128,46.426873],[4.751075,46.426779],[4.751062,46.426761],[4.751038,46.426736],[4.751001,46.426694],[4.751,46.426692],[4.750973,46.426649],[4.750954,46.426629],[4.750948,46.426622],[4.750845,46.426519],[4.7508,46.426472],[4.750777,46.426441],[4.750752,46.426408],[4.750737,46.42639],[4.750724,46.426382],[4.750623,46.426333],[4.750572,46.42628],[4.750543,46.426278],[4.750629,46.426253],[4.750653,46.426245],[4.750712,46.426217],[4.750756,46.426197],[4.750852,46.426174],[4.750877,46.42625],[4.750915,46.426269],[4.750992,46.426231],[4.750999,46.426228],[4.751073,46.426378],[4.751159,46.426329],[4.751162,46.426327],[4.751164,46.426326],[4.751241,46.426295],[4.751231,46.426282],[4.751203,46.426247],[4.751171,46.426219],[4.751122,46.426184],[4.751107,46.426173],[4.751091,46.426161],[4.751064,46.426137],[4.751043,46.426113],[4.751133,46.42608],[4.751149,46.426074],[4.751178,46.426063],[4.75126,46.42604],[4.751338,46.425991],[4.751358,46.426],[4.751381,46.426057],[4.75143,46.426114],[4.751511,46.42607],[4.751577,46.426048],[4.751609,46.426032],[4.751629,46.42602],[4.751651,46.426],[4.751679,46.425971],[4.75175,46.425924],[4.751766,46.425911],[4.751743,46.425873],[4.751793,46.425849],[4.751799,46.425847],[4.75193,46.425788],[4.752009,46.425757],[4.752147,46.425707],[4.752188,46.425692],[4.75226,46.425663],[4.752291,46.425646],[4.752295,46.425641],[4.752303,46.425634],[4.752308,46.425628],[4.752341,46.425586],[4.752315,46.425524],[4.752232,46.425411],[4.752076,46.425213],[4.752033,46.425163],[4.751971,46.42509],[4.751963,46.425083],[4.751912,46.425043],[4.751897,46.425031],[4.751852,46.424994],[4.751814,46.424953],[4.751753,46.42489],[4.7517,46.424843],[4.751647,46.4248],[4.751552,46.424728],[4.751488,46.424679],[4.751401,46.424603],[4.751391,46.424593],[4.751378,46.42456],[4.75135,46.424499],[4.751344,46.424474],[4.751335,46.424455],[4.751312,46.424418],[4.751259,46.424341],[4.751198,46.424249],[4.751085,46.424062],[4.75105,46.424034],[4.751041,46.423999],[4.751028,46.424001],[4.750917,46.424026],[4.750844,46.423882],[4.750849,46.423881],[4.750824,46.4238],[4.750741,46.423822],[4.750725,46.423825],[4.750713,46.423803],[4.750699,46.423776],[4.750512,46.423823],[4.750473,46.423735],[4.75042,46.423746],[4.750358,46.423758],[4.750256,46.423603],[4.750092,46.423675],[4.750051,46.423695],[4.749908,46.423798],[4.749848,46.423844],[4.749829,46.423873],[4.749809,46.423901],[4.749794,46.423927],[4.749766,46.423975],[4.749757,46.424071],[4.749757,46.424081],[4.74976,46.42414],[4.74975,46.424179],[4.749741,46.424201],[4.749736,46.424225],[4.749734,46.424253],[4.749732,46.424294],[4.74973,46.424368],[4.749734,46.424389],[4.749747,46.424438],[4.749769,46.424499],[4.749795,46.424559]]],[[[4.75444,46.426278],[4.754606,46.426542],[4.754713,46.426703],[4.754793,46.426822],[4.754812,46.42685],[4.754872,46.426972],[4.754946,46.42713],[4.755022,46.427281],[4.755103,46.427443],[4.755145,46.42753],[4.755276,46.427767],[4.755303,46.427814],[4.7554,46.427983],[4.755488,46.428134],[4.755591,46.428319],[4.755647,46.428416],[4.755735,46.428572],[4.755876,46.428839],[4.755977,46.429037],[4.756066,46.429198],[4.756146,46.429341],[4.756205,46.429444],[4.756244,46.429513],[4.756347,46.429689],[4.756364,46.429719],[4.756398,46.429773],[4.756501,46.429951],[4.756532,46.430005],[4.756622,46.430159],[4.756669,46.430242],[4.756742,46.430368],[4.756769,46.43045],[4.756819,46.430551],[4.756883,46.430693],[4.756979,46.430913],[4.757066,46.431121],[4.757141,46.431301],[4.757235,46.431522],[4.757243,46.431535],[4.757261,46.431547],[4.757276,46.431548],[4.757515,46.43155],[4.757769,46.431544],[4.758203,46.431532],[4.758201,46.431527],[4.758145,46.431418],[4.75814,46.431419],[4.758111,46.431366],[4.758185,46.431346],[4.758181,46.431337],[4.758597,46.431269],[4.758697,46.431518],[4.758995,46.4315],[4.758877,46.431279],[4.758697,46.43095],[4.758799,46.43094],[4.758738,46.430808],[4.759493,46.43069],[4.759408,46.430523],[4.758979,46.429688],[4.758916,46.429571],[4.758788,46.429336],[4.758651,46.42908],[4.758998,46.429011],[4.759156,46.42898],[4.759111,46.428892],[4.75904,46.428754],[4.758969,46.428611],[4.758828,46.428335],[4.758867,46.428327],[4.758792,46.428177],[4.758789,46.428169],[4.758682,46.427958],[4.758587,46.427854],[4.758418,46.427665],[4.758337,46.427575],[4.75833,46.427561],[4.758305,46.427512],[4.758298,46.427493],[4.758261,46.427417],[4.758231,46.427352],[4.758199,46.42728],[4.758177,46.427231],[4.758155,46.427184],[4.7581,46.427194],[4.757955,46.427222],[4.757778,46.427255],[4.757674,46.427275],[4.757575,46.427294],[4.75755,46.427232],[4.757423,46.427259],[4.757047,46.42649],[4.756979,46.426352],[4.75676,46.425904],[4.756612,46.42594],[4.756574,46.42595],[4.756523,46.425962],[4.755853,46.42461],[4.755741,46.424626],[4.755586,46.42465],[4.755446,46.424669],[4.755287,46.424696],[4.755079,46.424733],[4.755047,46.424737],[4.754867,46.424753],[4.754646,46.424765],[4.754325,46.424788],[4.75423,46.424806],[4.754169,46.424818],[4.753853,46.424891],[4.753803,46.424906],[4.753773,46.424917],[4.753708,46.424954],[4.753643,46.425001],[4.753626,46.425015],[4.75362,46.425026],[4.753621,46.425043],[4.753625,46.425056],[4.753749,46.425213],[4.753953,46.425459],[4.754004,46.425535],[4.754046,46.425599],[4.754129,46.425735],[4.754163,46.42579],[4.754349,46.426128],[4.754382,46.426182],[4.75444,46.426278]]],[[[4.752748,46.42733],[4.752774,46.427314],[4.752822,46.427279],[4.75287,46.427251],[4.752872,46.42725],[4.752941,46.427218],[4.752974,46.427237],[4.752994,46.427248],[4.753031,46.427235],[4.753062,46.427301],[4.753094,46.427373],[4.753132,46.427448],[4.753175,46.427513],[4.753203,46.427568],[4.753233,46.427629],[4.753281,46.427744],[4.753091,46.427796],[4.753139,46.42788],[4.753179,46.427949],[4.753273,46.428107],[4.753295,46.428144],[4.75331,46.42817],[4.753329,46.428203],[4.753346,46.428236],[4.753412,46.428366],[4.753432,46.428398],[4.753486,46.428487],[4.753495,46.428499],[4.753584,46.428621],[4.753585,46.428622],[4.753602,46.428645],[4.753689,46.428757],[4.753699,46.42877],[4.753743,46.428831],[4.753782,46.428893],[4.753805,46.428923],[4.753837,46.428946],[4.753855,46.428959],[4.753902,46.428988],[4.753968,46.429024],[4.754183,46.429138],[4.754259,46.42918],[4.75435,46.429243],[4.754478,46.429336],[4.754604,46.429435],[4.754714,46.429524],[4.754825,46.42962],[4.754991,46.429766],[4.75513,46.429886],[4.755226,46.429974],[4.755541,46.430305],[4.755688,46.430512],[4.755817,46.430695],[4.755869,46.430769],[4.755966,46.430884],[4.756055,46.430978],[4.756162,46.431063],[4.756273,46.431135],[4.756647,46.431358],[4.756922,46.431523],[4.756969,46.431546],[4.757,46.431552],[4.757096,46.43155],[4.75716,46.431547],[4.757086,46.431342],[4.757049,46.431249],[4.756989,46.431111],[4.756919,46.430956],[4.75684,46.430799],[4.756763,46.430632],[4.756723,46.430554],[4.756633,46.430367],[4.756528,46.430163],[4.756554,46.430156],[4.756461,46.430016],[4.756327,46.429789],[4.756242,46.42964],[4.756067,46.429334],[4.755987,46.429192],[4.755929,46.429086],[4.755872,46.428974],[4.755765,46.428779],[4.755659,46.428566],[4.755526,46.428341],[4.7554,46.42813],[4.755231,46.427839],[4.755139,46.427684],[4.755028,46.427465],[4.755,46.427413],[4.754959,46.427343],[4.754922,46.427274],[4.754856,46.427137],[4.754828,46.427072],[4.754793,46.427],[4.754729,46.42687],[4.754686,46.426804],[4.754638,46.426736],[4.754568,46.42663],[4.754499,46.426522],[4.754387,46.426352],[4.754323,46.426256],[4.754278,46.42618],[4.754189,46.426024],[4.754085,46.425831],[4.753999,46.425689],[4.753917,46.425566],[4.753818,46.425435],[4.753697,46.425281],[4.7536,46.425163],[4.753535,46.425187],[4.753466,46.425212],[4.753449,46.42522],[4.753367,46.425255],[4.752959,46.425428],[4.752624,46.425571],[4.752517,46.425616],[4.752396,46.425667],[4.752363,46.425688],[4.752312,46.425706],[4.752228,46.425965],[4.752246,46.426096],[4.752345,46.426366],[4.752446,46.42663],[4.752481,46.426726],[4.752523,46.426959],[4.752536,46.427114],[4.752541,46.427113],[4.752581,46.427155],[4.752632,46.427209],[4.752748,46.42733]]],[[[4.749327,46.428958],[4.74934,46.42898],[4.749355,46.429006],[4.749422,46.429004],[4.749554,46.429006],[4.749658,46.429008],[4.750005,46.429019],[4.7501,46.429022],[4.75041,46.42904],[4.75076,46.429061],[4.750842,46.429065],[4.750901,46.429066],[4.750931,46.429064],[4.750963,46.429066],[4.751036,46.429076],[4.751163,46.429086],[4.75119,46.429087],[4.751207,46.429082],[4.751214,46.429081],[4.751415,46.4291],[4.751453,46.429103],[4.751577,46.429116],[4.751623,46.429122],[4.751718,46.429136],[4.751828,46.429137],[4.751951,46.42914],[4.751952,46.429201],[4.752347,46.429295],[4.752423,46.429294],[4.752497,46.429294],[4.752561,46.42929],[4.752644,46.429284],[4.752881,46.429255],[4.752976,46.429244],[4.753189,46.429232],[4.753178,46.429205],[4.753153,46.429152],[4.753081,46.429017],[4.75305,46.428957],[4.752963,46.428733],[4.753012,46.428732],[4.753046,46.4287],[4.752922,46.42847],[4.752809,46.428265],[4.75264,46.428208],[4.75224,46.428333],[4.752139,46.428362],[4.752054,46.428382],[4.75197,46.428406],[4.751909,46.428423],[4.751797,46.428445],[4.751745,46.428402],[4.751685,46.428356],[4.751672,46.428343],[4.751623,46.428275],[4.751542,46.428058],[4.751321,46.428081],[4.75126,46.428089],[4.751184,46.428105],[4.751141,46.428116],[4.751119,46.428119],[4.751033,46.428119],[4.751001,46.428123],[4.750939,46.428137],[4.750663,46.428191],[4.750263,46.428284],[4.750238,46.428288],[4.750167,46.428312],[4.750138,46.428317],[4.750057,46.428325],[4.74996,46.428336],[4.749921,46.428357],[4.749903,46.42836],[4.749879,46.428362],[4.749826,46.428372],[4.749676,46.428402],[4.749595,46.42841],[4.749436,46.428434],[4.749401,46.428437],[4.749372,46.428455],[4.749282,46.428517],[4.749268,46.428532],[4.749246,46.428552],[4.749266,46.428654],[4.749327,46.428958]]],[[[4.754252,46.42975],[4.754266,46.429796],[4.754302,46.429827],[4.754339,46.429856],[4.754343,46.429865],[4.754346,46.42987],[4.754376,46.429946],[4.754456,46.430092],[4.754266,46.430137],[4.754327,46.43022],[4.754368,46.430277],[4.754412,46.430353],[4.754463,46.430442],[4.754391,46.430458],[4.754475,46.430528],[4.754588,46.430624],[4.754606,46.43064],[4.754688,46.430754],[4.754769,46.430864],[4.754839,46.430955],[4.754929,46.431063],[4.755022,46.431166],[4.755141,46.431298],[4.755201,46.431348],[4.755252,46.431386],[4.755304,46.431413],[4.755444,46.431456],[4.755713,46.431529],[4.755958,46.431577],[4.756044,46.431579],[4.756242,46.431578],[4.756485,46.431569],[4.756837,46.431558],[4.756839,46.431555],[4.756762,46.431505],[4.7564,46.431286],[4.756224,46.431182],[4.756155,46.431136],[4.75611,46.431107],[4.756044,46.431058],[4.755974,46.431001],[4.755923,46.430948],[4.755816,46.430815],[4.755708,46.430664],[4.755606,46.430527],[4.755451,46.430314],[4.755312,46.430168],[4.755139,46.42999],[4.755095,46.429948],[4.754915,46.429791],[4.754741,46.429638],[4.754634,46.429545],[4.754521,46.429456],[4.75434,46.429311],[4.754216,46.429216],[4.754188,46.429197],[4.75416,46.429182],[4.754103,46.429154],[4.753914,46.429066],[4.753851,46.429039],[4.753787,46.42907],[4.753785,46.429071],[4.753808,46.429094],[4.753842,46.429129],[4.753876,46.429158],[4.753927,46.429237],[4.753943,46.429262],[4.753956,46.429281],[4.753961,46.429287],[4.753962,46.429288],[4.75398,46.429316],[4.75399,46.42932],[4.754009,46.429331],[4.754044,46.429416],[4.754068,46.429469],[4.75405,46.429526],[4.754086,46.42957],[4.754107,46.429593],[4.754158,46.429649],[4.75423,46.429646],[4.754247,46.429682],[4.754274,46.429728],[4.754252,46.42975]]],[[[4.750654,46.430208],[4.750697,46.430267],[4.750724,46.430327],[4.750752,46.430393],[4.750772,46.430451],[4.750799,46.430526],[4.750845,46.430635],[4.750941,46.430858],[4.750948,46.4309],[4.750952,46.430922],[4.750973,46.431044],[4.750988,46.431044],[4.751023,46.431177],[4.751061,46.431325],[4.751141,46.431641],[4.751719,46.43156],[4.75207,46.431519],[4.752247,46.431487],[4.752324,46.431468],[4.752672,46.431426],[4.752732,46.431418],[4.752798,46.431404],[4.752866,46.431368],[4.752877,46.431365],[4.752892,46.431365],[4.752909,46.431371],[4.752993,46.431413],[4.753134,46.43151],[4.75318,46.431559],[4.753339,46.431683],[4.75362,46.431946],[4.753623,46.431948],[4.75369,46.432001],[4.753705,46.432015],[4.753748,46.432056],[4.753763,46.432071],[4.754081,46.432395],[4.754086,46.4324],[4.754138,46.432446],[4.754156,46.432461],[4.754192,46.432491],[4.754366,46.43261],[4.754391,46.432609],[4.754479,46.432671],[4.754632,46.432842],[4.754742,46.432965],[4.75487,46.433095],[4.754942,46.433175],[4.754993,46.433219],[4.755015,46.433252],[4.755095,46.433402],[4.755167,46.43348],[4.755415,46.433726],[4.755623,46.43391],[4.755786,46.43406],[4.755855,46.434104],[4.756071,46.434239],[4.756262,46.43431],[4.756328,46.434336],[4.756354,46.434347],[4.756472,46.434281],[4.756819,46.434093],[4.756903,46.434039],[4.756964,46.434088],[4.757048,46.43403],[4.757279,46.433852],[4.757463,46.433654],[4.757555,46.433554],[4.757666,46.433453],[4.757587,46.433375],[4.757524,46.433302],[4.757114,46.433481],[4.757016,46.433003],[4.75738,46.432964],[4.757315,46.432688],[4.757302,46.432617],[4.757293,46.432556],[4.757283,46.432478],[4.757252,46.432177],[4.75723,46.432],[4.757192,46.431689],[4.75718,46.431612],[4.757017,46.431616],[4.756987,46.431614],[4.756961,46.431608],[4.756924,46.431595],[4.75615,46.431628],[4.756136,46.431628],[4.755888,46.431601],[4.755762,46.43158],[4.755709,46.431568],[4.755603,46.431533],[4.75554,46.431513],[4.755404,46.431487],[4.755277,46.431461],[4.755229,46.431516],[4.755207,46.431536],[4.75521,46.431523],[4.755218,46.431487],[4.75523,46.431428],[4.755189,46.431396],[4.755169,46.431381],[4.755098,46.43132],[4.75505,46.431271],[4.755016,46.431236],[4.754959,46.431179],[4.754854,46.431065],[4.754804,46.431],[4.754799,46.430993],[4.754646,46.43079],[4.754629,46.430768],[4.754565,46.430692],[4.754557,46.430682],[4.754534,46.430658],[4.754396,46.430552],[4.754383,46.430541],[4.754189,46.430381],[4.754099,46.43031],[4.75399,46.430233],[4.753771,46.430089],[4.753551,46.429948],[4.753467,46.429896],[4.753215,46.429767],[4.752914,46.429614],[4.752718,46.429514],[4.752561,46.429437],[4.752453,46.429401],[4.752247,46.429338],[4.751969,46.429265],[4.75175,46.429211],[4.751604,46.429178],[4.751482,46.429156],[4.751279,46.429135],[4.75108,46.429117],[4.75073,46.429089],[4.75052,46.429083],[4.750407,46.42908],[4.750191,46.429072],[4.750132,46.429082],[4.75015,46.42918],[4.750188,46.429307],[4.750225,46.429387],[4.750262,46.429472],[4.750343,46.429621],[4.750431,46.429778],[4.75049,46.429875],[4.75053,46.429953],[4.750575,46.430028],[4.750596,46.430079],[4.750607,46.43012],[4.75062,46.43015],[4.750623,46.43016],[4.750654,46.430208]]],[[[4.747525,46.431321],[4.747578,46.431404],[4.747731,46.431642],[4.747719,46.431653],[4.747777,46.431752],[4.747835,46.431891],[4.747955,46.432158],[4.748015,46.432291],[4.748057,46.432432],[4.748543,46.432316],[4.748675,46.432284],[4.748694,46.432323],[4.748707,46.432352],[4.748712,46.432388],[4.74872,46.432485],[4.74873,46.432534],[4.74874,46.432588],[4.748755,46.432638],[4.748805,46.432732],[4.748814,46.432779],[4.748833,46.432886],[4.748852,46.432979],[4.748849,46.433006],[4.748855,46.433031],[4.748855,46.433058],[4.748852,46.433098],[4.748854,46.433135],[4.748849,46.43316],[4.748822,46.433242],[4.748756,46.433543],[4.748761,46.433669],[4.748757,46.43378],[4.74875,46.4339],[4.748751,46.433988],[4.748763,46.434157],[4.748774,46.434248],[4.748776,46.434292],[4.748782,46.434335],[4.748799,46.434402],[4.748868,46.434608],[4.748937,46.434614],[4.749011,46.434625],[4.749176,46.43467],[4.749226,46.434687],[4.749339,46.434747],[4.749373,46.434763],[4.749392,46.434767],[4.749447,46.434773],[4.749507,46.434784],[4.749631,46.434813],[4.749725,46.43483],[4.749761,46.434842],[4.749942,46.434875],[4.750027,46.434889],[4.75013,46.434901],[4.750175,46.434904],[4.75018,46.434913],[4.750405,46.434918],[4.750657,46.434932],[4.750861,46.434946],[4.750923,46.434944],[4.750917,46.434809],[4.75092,46.43474],[4.750929,46.434656],[4.75092,46.434521],[4.750915,46.434481],[4.750898,46.434431],[4.750872,46.434379],[4.750806,46.434271],[4.750749,46.434219],[4.750723,46.434194],[4.750717,46.434176],[4.750681,46.434073],[4.750653,46.433965],[4.75067,46.433964],[4.750709,46.434077],[4.750749,46.434183],[4.750851,46.434257],[4.750864,46.434269],[4.750889,46.434355],[4.750903,46.434391],[4.751009,46.434567],[4.751039,46.434561],[4.751064,46.434673],[4.750944,46.434675],[4.750941,46.434889],[4.750943,46.434926],[4.750946,46.434957],[4.75096,46.434958],[4.75127,46.43497],[4.751334,46.434974],[4.751346,46.435156],[4.751366,46.435157],[4.751537,46.43517],[4.751639,46.435156],[4.751679,46.435152],[4.751694,46.43515],[4.751726,46.43515],[4.751781,46.435149],[4.751814,46.435148],[4.751944,46.435125],[4.752208,46.435228],[4.752308,46.435269],[4.752437,46.4353],[4.752476,46.435311],[4.752551,46.435331],[4.752635,46.435353],[4.752665,46.435361],[4.75274,46.435381],[4.752788,46.435393],[4.75279,46.435393],[4.752882,46.435408],[4.752887,46.435408],[4.75301,46.435422],[4.753323,46.435462],[4.753345,46.435454],[4.753425,46.435517],[4.753536,46.435592],[4.753698,46.435697],[4.753735,46.435717],[4.753762,46.435728],[4.753821,46.435736],[4.753887,46.435735],[4.753952,46.435728],[4.754028,46.435714],[4.754117,46.435682],[4.754188,46.435651],[4.75425,46.435619],[4.754392,46.43555],[4.754628,46.435437],[4.754688,46.435405],[4.754714,46.435385],[4.754765,46.435342],[4.754781,46.435306],[4.754803,46.435296],[4.754823,46.435296],[4.754841,46.435295],[4.754854,46.435291],[4.754881,46.435277],[4.754952,46.435219],[4.754996,46.435182],[4.75509,46.435087],[4.755143,46.435041],[4.755229,46.43497],[4.755324,46.434861],[4.755366,46.43482],[4.755468,46.434744],[4.755538,46.434682],[4.755558,46.434655],[4.755614,46.434559],[4.75565,46.434487],[4.755652,46.434468],[4.755643,46.434422],[4.75537,46.434492],[4.755201,46.434538],[4.755147,46.434552],[4.755133,46.434528],[4.755102,46.434502],[4.755096,46.434496],[4.755069,46.434467],[4.755055,46.434447],[4.75504,46.43443],[4.755018,46.434409],[4.755001,46.434397],[4.754997,46.434394],[4.754932,46.43435],[4.7549,46.434329],[4.75484,46.434293],[4.7547,46.43424],[4.754662,46.434227],[4.754693,46.434214],[4.75485,46.434272],[4.754888,46.434293],[4.755059,46.434404],[4.75511,46.434472],[4.755129,46.434491],[4.755188,46.434522],[4.755589,46.434407],[4.755775,46.434291],[4.755898,46.434238],[4.755912,46.434231],[4.755893,46.434208],[4.75571,46.434048],[4.755521,46.433879],[4.755276,46.433655],[4.755263,46.433643],[4.755178,46.433563],[4.755147,46.43353],[4.755125,46.433506],[4.755088,46.433467],[4.755061,46.43344],[4.755011,46.433368],[4.754979,46.433323],[4.754935,46.433255],[4.754913,46.433229],[4.754904,46.43322],[4.754815,46.433123],[4.754751,46.433054],[4.754722,46.43302],[4.754672,46.432962],[4.754566,46.432842],[4.754558,46.432831],[4.754548,46.432819],[4.754476,46.432751],[4.754428,46.432706],[4.754354,46.432639],[4.754325,46.432617],[4.754323,46.432616],[4.7543,46.432602],[4.754243,46.432567],[4.754234,46.432561],[4.754184,46.432525],[4.754154,46.432498],[4.754128,46.432473],[4.754057,46.432401],[4.754002,46.432345],[4.75379,46.432133],[4.753772,46.432113],[4.7537,46.432037],[4.753596,46.431957],[4.753533,46.431898],[4.753423,46.431793],[4.753307,46.431689],[4.753262,46.43165],[4.753212,46.431608],[4.753139,46.431555],[4.752811,46.4318],[4.752722,46.431879],[4.752634,46.431953],[4.752606,46.431991],[4.752531,46.432066],[4.752447,46.43216],[4.752422,46.432184],[4.752326,46.432255],[4.752227,46.432233],[4.752197,46.432226],[4.752159,46.432215],[4.752132,46.432207],[4.752072,46.432184],[4.752023,46.432154],[4.751814,46.432184],[4.751719,46.432206],[4.751494,46.432259],[4.751497,46.432267],[4.751458,46.432277],[4.751193,46.43233],[4.750875,46.432393],[4.750429,46.432494],[4.750127,46.432565],[4.750156,46.432651],[4.750139,46.432654],[4.750128,46.432658],[4.750081,46.43255],[4.75045,46.432476],[4.750582,46.432448],[4.75119,46.432305],[4.751455,46.432242],[4.751495,46.432228],[4.75199,46.432124],[4.752011,46.432121],[4.752138,46.432173],[4.752199,46.432197],[4.752246,46.432206],[4.75228,46.432209],[4.7523,46.432209],[4.752366,46.432194],[4.752451,46.432107],[4.752551,46.431998],[4.752711,46.431846],[4.752868,46.431724],[4.75299,46.431636],[4.753042,46.431589],[4.753121,46.431531],[4.752993,46.431445],[4.752939,46.431408],[4.752903,46.43139],[4.752885,46.43139],[4.752855,46.4314],[4.75282,46.431412],[4.752789,46.431425],[4.752746,46.431434],[4.75253,46.431463],[4.752473,46.431469],[4.752425,46.431474],[4.752286,46.431493],[4.752232,46.431504],[4.752221,46.431506],[4.752127,46.431529],[4.752058,46.431542],[4.752056,46.431542],[4.751787,46.431571],[4.751485,46.431609],[4.751383,46.431624],[4.751142,46.431651],[4.751143,46.43166],[4.751118,46.431664],[4.751104,46.431614],[4.751048,46.431408],[4.750992,46.431212],[4.750945,46.43106],[4.750932,46.431016],[4.750923,46.430959],[4.75091,46.430853],[4.75086,46.430746],[4.750827,46.430675],[4.750794,46.430605],[4.750724,46.430416],[4.750704,46.430372],[4.750637,46.430253],[4.750532,46.430056],[4.750487,46.429963],[4.750396,46.429785],[4.750309,46.429639],[4.750288,46.429606],[4.750256,46.429547],[4.750221,46.429468],[4.750198,46.429415],[4.750145,46.429303],[4.750126,46.429256],[4.750111,46.429204],[4.750069,46.429096],[4.75006,46.429074],[4.750048,46.429068],[4.749336,46.429051],[4.749055,46.429049],[4.748795,46.429046],[4.748795,46.429042],[4.748772,46.42904],[4.748647,46.429028],[4.748518,46.42902],[4.748408,46.429012],[4.748356,46.429008],[4.748226,46.429004],[4.747862,46.428999],[4.747775,46.428996],[4.747531,46.429009],[4.746723,46.429055],[4.746731,46.429148],[4.746746,46.429303],[4.746747,46.429361],[4.746733,46.429472],[4.746732,46.429495],[4.746744,46.429587],[4.746752,46.429688],[4.74676,46.429721],[4.746765,46.429727],[4.746797,46.429728],[4.7468,46.429762],[4.746811,46.429797],[4.746814,46.42993],[4.746819,46.430197],[4.746887,46.430441],[4.746908,46.4305],[4.747025,46.430647],[4.747089,46.430723],[4.747314,46.430977],[4.747459,46.431143],[4.747458,46.43117],[4.74751,46.431299],[4.747525,46.431321]]],[[[4.758259,46.432794],[4.758458,46.432758],[4.758542,46.432742],[4.758583,46.432733],[4.758592,46.432732],[4.758609,46.432729],[4.758625,46.432726],[4.758645,46.432722],[4.758718,46.432707],[4.758688,46.432648],[4.758901,46.432607],[4.758889,46.432565],[4.758846,46.432401],[4.758743,46.432418],[4.758723,46.432347],[4.758715,46.432316],[4.758699,46.432254],[4.758691,46.432231],[4.758671,46.432157],[4.758645,46.432064],[4.758637,46.432038],[4.758618,46.431965],[4.758594,46.431968],[4.758577,46.431914],[4.758615,46.431902],[4.758579,46.431816],[4.75852,46.431593],[4.758031,46.4316],[4.75731,46.431615],[4.757284,46.431625],[4.757268,46.431637],[4.757265,46.431647],[4.757284,46.431755],[4.75729,46.431811],[4.757297,46.431926],[4.757316,46.432083],[4.757328,46.432197],[4.757338,46.432321],[4.757353,46.43241],[4.757383,46.432583],[4.757396,46.432658],[4.757427,46.432783],[4.757441,46.432874],[4.757442,46.432932],[4.757444,46.432947],[4.757749,46.432889],[4.757966,46.432849],[4.758049,46.432834],[4.758233,46.432799],[4.758259,46.432794]]],[[[4.755955,46.435916],[4.755926,46.435945],[4.755884,46.436006],[4.755857,46.436042],[4.755846,46.436063],[4.755844,46.436082],[4.755852,46.436101],[4.755866,46.436114],[4.756268,46.436363],[4.756384,46.436433],[4.756448,46.436473],[4.756765,46.436655],[4.756865,46.436715],[4.757007,46.436811],[4.757294,46.437],[4.757399,46.437072],[4.757442,46.437007],[4.757519,46.436796],[4.75753,46.436731],[4.757561,46.436535],[4.757569,46.436474],[4.757571,46.436358],[4.757577,46.43627],[4.757571,46.43609],[4.757571,46.435792],[4.757571,46.435774],[4.757574,46.435707],[4.757581,46.435606],[4.757593,46.435481],[4.757617,46.435413],[4.757644,46.435311],[4.757677,46.435237],[4.757737,46.435077],[4.7578,46.434851],[4.757832,46.434724],[4.757837,46.4347],[4.757843,46.434619],[4.757844,46.43457],[4.757851,46.434396],[4.757847,46.434311],[4.75781,46.434109],[4.757802,46.434038],[4.75674,46.43432],[4.756704,46.434345],[4.756678,46.434364],[4.756635,46.434406],[4.75662,46.434422],[4.756609,46.434435],[4.756601,46.434452],[4.756597,46.434468],[4.756595,46.434598],[4.756594,46.434697],[4.756594,46.434746],[4.756597,46.434786],[4.756589,46.434813],[4.756569,46.434873],[4.756525,46.435032],[4.756502,46.435135],[4.756496,46.435213],[4.756491,46.435246],[4.75648,46.435318],[4.756476,46.435335],[4.756433,46.435411],[4.75636,46.435507],[4.756227,46.435649],[4.756084,46.435799],[4.755955,46.435916]]],[[[4.751771,46.436182],[4.75175,46.436209],[4.75174,46.436219],[4.751736,46.436223],[4.751728,46.43624],[4.751722,46.43627],[4.751718,46.436356],[4.751715,46.436413],[4.751783,46.436425],[4.751844,46.436436],[4.751833,46.436474],[4.751962,46.4365],[4.752082,46.436523],[4.752291,46.436566],[4.752406,46.436554],[4.752481,46.436565],[4.752605,46.436582],[4.752659,46.436592],[4.752758,46.436607],[4.753032,46.436647],[4.753065,46.436605],[4.753089,46.436574],[4.7531,46.436557],[4.753102,46.436527],[4.753133,46.436531],[4.753133,46.436555],[4.753128,46.436582],[4.753101,46.436657],[4.753108,46.436817],[4.75311,46.43684],[4.753109,46.436876],[4.753115,46.436967],[4.753119,46.437028],[4.753133,46.437134],[4.753305,46.437139],[4.753528,46.43715],[4.753689,46.437152],[4.753793,46.437141],[4.753848,46.437132],[4.754066,46.437064],[4.754267,46.436997],[4.754434,46.436937],[4.754564,46.436882],[4.754725,46.436807],[4.754993,46.436651],[4.755089,46.436608],[4.755142,46.436584],[4.755217,46.436539],[4.755314,46.436479],[4.755333,46.436467],[4.755415,46.436408],[4.755479,46.436359],[4.755562,46.436284],[4.755753,46.436124],[4.755705,46.436112],[4.755639,46.436121],[4.755323,46.436165],[4.755044,46.436201],[4.754986,46.436206],[4.754834,46.436238],[4.754755,46.436264],[4.75446,46.436368],[4.754344,46.436411],[4.754292,46.436435],[4.754219,46.436451],[4.754187,46.436438],[4.754291,46.436402],[4.754525,46.436319],[4.754753,46.436234],[4.754822,46.436205],[4.75498,46.436177],[4.755087,46.436172],[4.755271,46.436145],[4.755646,46.43609],[4.755764,46.436072],[4.755821,46.435997],[4.75586,46.435958],[4.755919,46.435909],[4.755949,46.435883],[4.756034,46.435813],[4.756043,46.435805],[4.756054,46.435794],[4.756066,46.435782],[4.756104,46.435734],[4.756129,46.435703],[4.756151,46.435675],[4.756205,46.435617],[4.756233,46.435592],[4.756265,46.435558],[4.756357,46.435449],[4.756371,46.435429],[4.756394,46.435396],[4.756415,46.435361],[4.756415,46.43536],[4.756419,46.435349],[4.756433,46.435312],[4.756452,46.435242],[4.756455,46.43519],[4.756458,46.435152],[4.756459,46.435129],[4.756476,46.435046],[4.756485,46.435004],[4.756499,46.434946],[4.756536,46.434846],[4.756539,46.434838],[4.75648,46.434841],[4.756491,46.434649],[4.756492,46.434629],[4.756337,46.43448],[4.756328,46.434476],[4.756311,46.434468],[4.756185,46.43441],[4.756122,46.434381],[4.756012,46.434332],[4.755897,46.43432],[4.755846,46.434317],[4.755749,46.434371],[4.755732,46.434412],[4.755723,46.434433],[4.755685,46.434519],[4.755673,46.434548],[4.755661,46.434577],[4.755627,46.434641],[4.755617,46.434661],[4.755601,46.434688],[4.755571,46.43474],[4.755462,46.434841],[4.755435,46.434866],[4.755363,46.434933],[4.755302,46.434939],[4.755182,46.435057],[4.755173,46.435064],[4.755147,46.435087],[4.755046,46.43517],[4.754958,46.435253],[4.754906,46.435297],[4.754852,46.435333],[4.754803,46.435364],[4.754763,46.435388],[4.754682,46.435432],[4.754529,46.435505],[4.754468,46.435535],[4.754424,46.435556],[4.754355,46.435596],[4.754285,46.435635],[4.754257,46.435651],[4.754247,46.435655],[4.754194,46.435678],[4.754177,46.435684],[4.754114,46.435709],[4.754059,46.435728],[4.754014,46.43574],[4.753938,46.435751],[4.753851,46.43576],[4.753761,46.435765],[4.753733,46.435758],[4.753664,46.435722],[4.753646,46.435712],[4.753605,46.435689],[4.753453,46.435583],[4.75338,46.435542],[4.753332,46.435518],[4.753289,46.435504],[4.75321,46.43549],[4.753112,46.43548],[4.753005,46.435478],[4.753001,46.435502],[4.75298,46.435625],[4.752957,46.435717],[4.752949,46.435747],[4.752871,46.435757],[4.752837,46.435757],[4.752791,46.435749],[4.752723,46.435738],[4.75271,46.435795],[4.752709,46.435818],[4.752704,46.435836],[4.752697,46.435857],[4.752657,46.435858],[4.752654,46.435843],[4.752519,46.435847],[4.75247,46.435848],[4.752402,46.43584],[4.752366,46.435837],[4.752275,46.435826],[4.751845,46.435781],[4.751793,46.435775],[4.751752,46.43577],[4.751431,46.435739],[4.751411,46.435739],[4.751395,46.435742],[4.751392,46.435746],[4.75139,46.435748],[4.751388,46.43576],[4.751392,46.435783],[4.751395,46.4358],[4.751416,46.43587],[4.751418,46.435894],[4.751427,46.43591],[4.751444,46.43594],[4.751467,46.435973],[4.751477,46.436],[4.751487,46.436023],[4.75149,46.436028],[4.751491,46.43603],[4.751498,46.43604],[4.751515,46.43605],[4.751537,46.436061],[4.751558,46.436071],[4.751621,46.436094],[4.751811,46.436143],[4.751792,46.436164],[4.751772,46.436181],[4.751771,46.436182]]],[[[4.755835,46.444348],[4.755845,46.444352],[4.755857,46.444353],[4.755924,46.44435],[4.755949,46.444351],[4.755996,46.444355],[4.756013,46.44436],[4.75602,46.444366],[4.756027,46.444381],[4.756006,46.444381],[4.755795,46.444374],[4.755772,46.444318],[4.755786,46.444219],[4.755788,46.444198],[4.755778,46.444174],[4.755763,46.444152],[4.755786,46.444065],[4.755775,46.444004],[4.755766,46.443963],[4.755765,46.443916],[4.755762,46.443899],[4.755747,46.443855],[4.755727,46.443801],[4.755725,46.443683],[4.755731,46.443614],[4.755737,46.443549],[4.755734,46.443452],[4.755726,46.443413],[4.755701,46.443292],[4.755694,46.443033],[4.755706,46.442881],[4.75573,46.44278],[4.755753,46.442709],[4.755759,46.442625],[4.755757,46.44258],[4.755745,46.44245],[4.755732,46.442343],[4.755738,46.442298],[4.755758,46.442115],[4.755772,46.442064],[4.755781,46.441974],[4.755847,46.44184],[4.755923,46.441712],[4.756065,46.441482],[4.756116,46.441407],[4.756253,46.441226],[4.756412,46.441023],[4.756503,46.440917],[4.756572,46.440663],[4.756649,46.44037],[4.756387,46.44037],[4.756069,46.44069],[4.755862,46.440874],[4.755731,46.440996],[4.755419,46.441286],[4.755359,46.441344],[4.75517,46.441537],[4.755041,46.441681],[4.754867,46.44188],[4.75475,46.442017],[4.754619,46.44218],[4.754524,46.442297],[4.754402,46.442435],[4.754345,46.44252],[4.754317,46.442563],[4.754263,46.442672],[4.754142,46.442987],[4.754073,46.443167],[4.754052,46.443239],[4.753988,46.443467],[4.753981,46.443488],[4.753881,46.443699],[4.753847,46.443771],[4.753754,46.444012],[4.753692,46.444233],[4.753673,46.444284],[4.753642,46.444367],[4.753637,46.4444],[4.753622,46.444516],[4.753619,46.444648],[4.753634,46.444784],[4.75365,46.444916],[4.753698,46.445098],[4.753785,46.445384],[4.753809,46.445455],[4.753928,46.44585],[4.753945,46.445973],[4.753943,46.446024],[4.753956,46.446158],[4.753958,46.446209],[4.753952,46.446508],[4.75395,46.446868],[4.754445,46.446887],[4.754444,46.446873],[4.754442,46.44681],[4.754401,46.446735],[4.754396,46.446713],[4.754393,46.446699],[4.754491,46.446707],[4.754567,46.446714],[4.754889,46.446739],[4.754899,46.44679],[4.754914,46.446799],[4.754934,46.446801],[4.755067,46.446812],[4.755136,46.446858],[4.755156,46.446872],[4.755495,46.446893],[4.755523,46.446895],[4.755816,46.446918],[4.756335,46.446961],[4.756366,46.446964],[4.75649,46.446973],[4.756509,46.446856],[4.756663,46.446844],[4.756716,46.446832],[4.75701,46.446776],[4.757035,46.446767],[4.757092,46.446743],[4.75708,46.446695],[4.75699,46.446265],[4.756978,46.446208],[4.756966,46.446188],[4.756934,46.446136],[4.756911,46.446096],[4.75689,46.446061],[4.756877,46.445921],[4.756877,46.44592],[4.75687,46.445826],[4.75689,46.445794],[4.756921,46.445742],[4.756955,46.445687],[4.756963,46.445675],[4.756968,46.445665],[4.757031,46.445515],[4.757035,46.445508],[4.75712,46.445374],[4.757126,46.445364],[4.75721,46.445243],[4.757224,46.445207],[4.757371,46.44523],[4.757448,46.445242],[4.75753,46.445248],[4.757607,46.44525],[4.757652,46.445251],[4.75771,46.445256],[4.757744,46.445261],[4.757759,46.445263],[4.757818,46.44528],[4.757852,46.445294],[4.75792,46.445345],[4.757958,46.445377],[4.758015,46.445438],[4.758055,46.445481],[4.758137,46.445555],[4.758165,46.44558],[4.758201,46.445611],[4.75822,46.445623],[4.758263,46.445649],[4.758311,46.445682],[4.758366,46.445719],[4.758463,46.445675],[4.758581,46.445622],[4.758985,46.445443],[4.759119,46.445383],[4.759186,46.445353],[4.759717,46.445118],[4.759834,46.445069],[4.759869,46.445055],[4.760274,46.444874],[4.76031,46.444858],[4.760449,46.444796],[4.760554,46.444751],[4.760614,46.444725],[4.760546,46.444623],[4.760521,46.444586],[4.760472,46.444522],[4.760425,46.444461],[4.76042,46.444451],[4.760427,46.444418],[4.760446,46.444311],[4.760451,46.444276],[4.76045,46.444247],[4.760449,46.444222],[4.760451,46.44419],[4.760445,46.444141],[4.760443,46.444115],[4.760423,46.444006],[4.760416,46.443963],[4.760399,46.4439],[4.760377,46.443809],[4.760377,46.443805],[4.760377,46.443783],[4.760377,46.443782],[4.760381,46.443769],[4.760392,46.443749],[4.760394,46.443747],[4.760404,46.44372],[4.760445,46.443632],[4.760464,46.443593],[4.760457,46.443561],[4.760453,46.443529],[4.760456,46.443507],[4.760481,46.443424],[4.760525,46.443279],[4.760477,46.443284],[4.760485,46.443254],[4.760505,46.443181],[4.760519,46.443137],[4.760531,46.443095],[4.760578,46.443019],[4.760592,46.443008],[4.760603,46.442999],[4.760627,46.442992],[4.760649,46.442986],[4.760691,46.44297],[4.760733,46.442948],[4.760776,46.442918],[4.760795,46.442905],[4.760774,46.442864],[4.760768,46.442829],[4.760769,46.442787],[4.760769,46.442767],[4.760768,46.442729],[4.760768,46.442542],[4.760769,46.442525],[4.760771,46.442476],[4.760775,46.442431],[4.760778,46.442408],[4.760796,46.442276],[4.760803,46.442222],[4.760766,46.442227],[4.760522,46.442244],[4.760442,46.442252],[4.7604,46.442259],[4.760343,46.442267],[4.760161,46.442288],[4.75999,46.442315],[4.759849,46.442356],[4.759817,46.442362],[4.759412,46.44241],[4.759311,46.442421],[4.759228,46.442426],[4.759124,46.442436],[4.759021,46.442449],[4.759019,46.442422],[4.759258,46.4424],[4.759403,46.442392],[4.759428,46.442379],[4.759597,46.442355],[4.759891,46.442315],[4.759884,46.442289],[4.759951,46.44228],[4.760112,46.442271],[4.760191,46.442261],[4.76031,46.442236],[4.760425,46.442218],[4.760613,46.442208],[4.760685,46.442202],[4.760806,46.442191],[4.760903,46.442183],[4.760969,46.442177],[4.760946,46.442106],[4.760932,46.442063],[4.760899,46.441973],[4.760891,46.441951],[4.760879,46.441923],[4.760861,46.441882],[4.760833,46.441816],[4.760808,46.441758],[4.760752,46.441627],[4.760729,46.441572],[4.760718,46.441525],[4.760707,46.441462],[4.760693,46.441379],[4.760673,46.441277],[4.760675,46.441215],[4.76068,46.441143],[4.760619,46.440951],[4.760549,46.440947],[4.760525,46.440947],[4.760428,46.440959],[4.760365,46.440965],[4.760191,46.440989],[4.760066,46.441008],[4.759959,46.441018],[4.759918,46.441023],[4.759805,46.441037],[4.759714,46.44104],[4.759577,46.441049],[4.75947,46.441058],[4.759363,46.441067],[4.75923,46.44107],[4.759117,46.441078],[4.759019,46.441109],[4.758982,46.441117],[4.758845,46.441138],[4.758625,46.441162],[4.758568,46.441165],[4.758384,46.44117],[4.757932,46.441184],[4.757856,46.441195],[4.757848,46.441207],[4.757838,46.44124],[4.757823,46.441291],[4.757798,46.441444],[4.75779,46.44149],[4.7577,46.441831],[4.757696,46.441845],[4.757661,46.441972],[4.757658,46.441985],[4.757656,46.442],[4.757644,46.442094],[4.757626,46.442217],[4.757618,46.442268],[4.757582,46.442526],[4.757574,46.442614],[4.757571,46.442652],[4.757559,46.442814],[4.757547,46.442979],[4.757545,46.442998],[4.757521,46.443199],[4.757504,46.443249],[4.757441,46.443444],[4.757423,46.443505],[4.75742,46.443523],[4.757406,46.443597],[4.75738,46.443632],[4.757352,46.443672],[4.757321,46.44372],[4.757302,46.44375],[4.757292,46.44376],[4.757263,46.44379],[4.757222,46.443838],[4.75721,46.443851],[4.757193,46.443906],[4.757185,46.443928],[4.757174,46.44396],[4.757155,46.444016],[4.757154,46.444018],[4.757121,46.444117],[4.756968,46.444097],[4.75641,46.44402],[4.755816,46.443939],[4.755799,46.443937],[4.755819,46.444061],[4.755819,46.444288],[4.75582,46.444322],[4.755823,46.444335],[4.755828,46.444342],[4.755835,46.444348]]],[[[4.752899,46.445417],[4.75294,46.445515],[4.752966,46.44557],[4.753026,46.445672],[4.753046,46.445772],[4.75307,46.445838],[4.753008,46.446024],[4.753032,46.44611],[4.753072,46.446227],[4.753076,46.44628],[4.75309,46.446372],[4.753462,46.446331],[4.753474,46.446486],[4.753491,46.446788],[4.753506,46.447],[4.753508,46.44717],[4.753518,46.447242],[4.753738,46.447226],[4.753787,46.447167],[4.753828,46.447098],[4.753853,46.447042],[4.753856,46.446577],[4.75386,46.4463],[4.753863,46.446233],[4.753862,46.446176],[4.753844,46.445919],[4.753786,46.44576],[4.753741,46.445614],[4.753721,46.44554],[4.753685,46.445414],[4.753565,46.445006],[4.753536,46.444913],[4.753526,46.444768],[4.753513,46.444535],[4.753509,46.444477],[4.753558,46.444254],[4.753583,46.444143],[4.753612,46.444064],[4.753709,46.443809],[4.753736,46.443737],[4.753793,46.443595],[4.754015,46.443023],[4.754132,46.442753],[4.75423,46.442532],[4.75432,46.442413],[4.754428,46.442261],[4.754627,46.442026],[4.754737,46.441905],[4.754925,46.441691],[4.755041,46.441545],[4.755175,46.441416],[4.755271,46.441335],[4.7556,46.441029],[4.75604,46.440614],[4.756186,46.440473],[4.755966,46.440576],[4.755781,46.440662],[4.755429,46.440825],[4.755415,46.440836],[4.755331,46.440905],[4.755238,46.440978],[4.754814,46.441446],[4.754777,46.441481],[4.754748,46.441509],[4.754516,46.441681],[4.754501,46.441688],[4.754417,46.441728],[4.754287,46.441814],[4.754278,46.441821],[4.75415,46.441896],[4.754017,46.442045],[4.753992,46.442073],[4.753759,46.442365],[4.753585,46.442614],[4.753522,46.442759],[4.753279,46.443316],[4.753207,46.443465],[4.753135,46.443604],[4.753115,46.443655],[4.753097,46.443711],[4.753094,46.44372],[4.753016,46.443982],[4.752952,46.444172],[4.752933,46.444224],[4.752852,46.444382],[4.752795,46.444482],[4.752721,46.444621],[4.752704,46.444831],[4.752692,46.44498],[4.752781,46.44517],[4.752854,46.445297],[4.752899,46.445417]]],[[[4.753523,46.447318],[4.753499,46.447325],[4.753542,46.4475],[4.753571,46.447637],[4.753585,46.447733],[4.753588,46.447827],[4.753587,46.447926],[4.753585,46.448188],[4.753942,46.448194],[4.753946,46.448043],[4.753953,46.447917],[4.753941,46.447837],[4.753912,46.447612],[4.753863,46.447218],[4.75381,46.447212],[4.753768,46.44725],[4.753523,46.447318]]],[[[4.762058,46.414446],[4.762053,46.414451],[4.762024,46.414473],[4.761947,46.414531],[4.761931,46.414545],[4.761915,46.414559],[4.761887,46.414599],[4.761863,46.41462],[4.761839,46.414642],[4.761809,46.414689],[4.761779,46.414734],[4.76163,46.414919],[4.761629,46.414921],[4.761505,46.415059],[4.761395,46.41516],[4.761264,46.415304],[4.761155,46.415421],[4.761084,46.415499],[4.761038,46.415569],[4.760926,46.415675],[4.760914,46.415687],[4.760875,46.415721],[4.760868,46.415727],[4.760712,46.415838],[4.760676,46.415864],[4.760663,46.415874],[4.760609,46.415929],[4.760604,46.415954],[4.760604,46.415962],[4.760662,46.416029],[4.76112,46.416429],[4.761203,46.416502],[4.761259,46.416545],[4.76129,46.416558],[4.761314,46.416561],[4.761343,46.416559],[4.761378,46.416548],[4.761543,46.416473],[4.76163,46.416439],[4.761924,46.416332],[4.762061,46.41627],[4.762287,46.416171],[4.762447,46.416094],[4.762561,46.416048],[4.762838,46.415898],[4.763022,46.415799],[4.763117,46.415745],[4.763149,46.41573],[4.763271,46.415687],[4.763398,46.415637],[4.763584,46.41558],[4.763658,46.415555],[4.763611,46.415513],[4.763524,46.415435],[4.763493,46.415406],[4.763481,46.415394],[4.763514,46.415381],[4.763476,46.415348],[4.763394,46.415276],[4.763353,46.415239],[4.763333,46.415221],[4.763171,46.415075],[4.763157,46.415062],[4.763059,46.414974],[4.763014,46.414932],[4.762759,46.414703],[4.762746,46.41469],[4.762737,46.414682],[4.762676,46.414628],[4.76266,46.414614],[4.762556,46.414517],[4.762463,46.414433],[4.762459,46.414429],[4.762454,46.414424],[4.762366,46.414341],[4.762308,46.414287],[4.7623,46.41428],[4.762235,46.414222],[4.762221,46.41421],[4.762197,46.414189],[4.762189,46.414232],[4.762156,46.414296],[4.762142,46.414324],[4.762088,46.414421],[4.762058,46.414446]]],[[[4.765869,46.417751],[4.765948,46.417725],[4.766044,46.417693],[4.766219,46.417632],[4.766265,46.417616],[4.766485,46.417543],[4.766513,46.417533],[4.766583,46.417509],[4.766509,46.417404],[4.766717,46.417331],[4.766944,46.417254],[4.766988,46.417239],[4.767257,46.417147],[4.767295,46.417046],[4.767305,46.417018],[4.767282,46.416946],[4.76724,46.416811],[4.767329,46.416782],[4.767286,46.416721],[4.767225,46.416628],[4.767173,46.416552],[4.767142,46.416507],[4.76714,46.416503],[4.767013,46.41631],[4.76708,46.416285],[4.76707,46.416267],[4.767047,46.416215],[4.767008,46.416171],[4.766965,46.416122],[4.766871,46.415968],[4.766865,46.415957],[4.766832,46.41591],[4.766781,46.415798],[4.766773,46.415777],[4.766732,46.415628],[4.766526,46.4157],[4.766096,46.41585],[4.765596,46.416023],[4.76559,46.416025],[4.765173,46.41617],[4.764821,46.416293],[4.764632,46.416358],[4.764718,46.416432],[4.764771,46.416459],[4.764803,46.416503],[4.764857,46.416576],[4.764888,46.41662],[4.764995,46.416769],[4.765092,46.416906],[4.765244,46.417121],[4.765326,46.417237],[4.765441,46.417399],[4.76553,46.417526],[4.765652,46.417698],[4.765724,46.4178],[4.765788,46.417779],[4.765869,46.417751]]],[[[4.759877,46.419427],[4.759921,46.419463],[4.759928,46.419468],[4.76007,46.419581],[4.760198,46.419684],[4.760212,46.419695],[4.760461,46.419897],[4.76047,46.419904],[4.760543,46.419947],[4.760597,46.41998],[4.760653,46.420015],[4.760689,46.42003],[4.760739,46.42005],[4.76088,46.420103],[4.760888,46.420107],[4.761082,46.420196],[4.761083,46.420196],[4.761213,46.420244],[4.761255,46.420262],[4.761359,46.420306],[4.76151,46.420364],[4.761553,46.420384],[4.761561,46.420388],[4.761611,46.420415],[4.761764,46.420499],[4.761953,46.420605],[4.762063,46.420679],[4.762155,46.420777],[4.762194,46.420821],[4.7622,46.420827],[4.762223,46.420836],[4.762261,46.420835],[4.762301,46.420834],[4.762368,46.42083],[4.762482,46.420816],[4.762594,46.420797],[4.762876,46.420742],[4.76315,46.420688],[4.763588,46.420595],[4.763782,46.420556],[4.763919,46.420529],[4.763889,46.420486],[4.763801,46.420358],[4.763796,46.42035],[4.763738,46.420259],[4.76454,46.419994],[4.765199,46.419777],[4.765228,46.419767],[4.76518,46.419706],[4.765149,46.419667],[4.765106,46.419609],[4.7651,46.419602],[4.764992,46.419417],[4.764988,46.41941],[4.764907,46.419257],[4.764843,46.419242],[4.764795,46.41919],[4.764759,46.419137],[4.764772,46.419133],[4.764693,46.419025],[4.764654,46.418973],[4.764538,46.418832],[4.76476,46.418756],[4.764517,46.418577],[4.764395,46.418482],[4.764337,46.418437],[4.76423,46.418367],[4.764185,46.418338],[4.764091,46.418266],[4.764039,46.418228],[4.763972,46.418187],[4.7638,46.41809],[4.763739,46.418058],[4.763691,46.418029],[4.763437,46.417888],[4.763299,46.417813],[4.763204,46.417761],[4.763163,46.417738],[4.763087,46.417684],[4.763052,46.417662],[4.763021,46.417646],[4.762946,46.417607],[4.762881,46.41757],[4.762783,46.41751],[4.762717,46.417463],[4.76263,46.417381],[4.762591,46.417341],[4.762506,46.417241],[4.762437,46.417163],[4.762355,46.417087],[4.762207,46.416956],[4.762054,46.416828],[4.761988,46.416774],[4.761799,46.416628],[4.761617,46.416527],[4.761512,46.41653],[4.761308,46.416642],[4.761265,46.416672],[4.76125,46.416688],[4.761205,46.416713],[4.760864,46.416909],[4.76069,46.417013],[4.76059,46.417074],[4.760449,46.417162],[4.760426,46.417174],[4.760376,46.417198],[4.760294,46.417232],[4.76,46.417358],[4.7599,46.417397],[4.759747,46.417451],[4.759126,46.417673],[4.758987,46.417711],[4.75826,46.417887],[4.758014,46.417945],[4.757848,46.417969],[4.757948,46.418025],[4.75796,46.418032],[4.758205,46.418166],[4.758315,46.418227],[4.758552,46.418358],[4.758618,46.418394],[4.758684,46.418438],[4.75869,46.418442],[4.758852,46.418545],[4.758992,46.418643],[4.759102,46.418726],[4.759178,46.418784],[4.759204,46.418805],[4.759212,46.418814],[4.759359,46.418985],[4.759371,46.419],[4.759447,46.419087],[4.75945,46.419089],[4.759592,46.419195],[4.75967,46.419255],[4.759711,46.419287],[4.759743,46.419315],[4.759801,46.419366],[4.759877,46.419427]]],[[[4.768124,46.423388],[4.768525,46.42329],[4.768518,46.423311],[4.768679,46.423253],[4.768755,46.423352],[4.768828,46.423448],[4.769051,46.423392],[4.769205,46.423352],[4.769223,46.423345],[4.769327,46.423315],[4.76951,46.423265],[4.769579,46.423246],[4.769655,46.423231],[4.769765,46.423208],[4.769941,46.423184],[4.769973,46.423179],[4.770091,46.423154],[4.77013,46.423144],[4.770203,46.42312],[4.770352,46.423072],[4.770542,46.423009],[4.770643,46.422971],[4.770874,46.422895],[4.771014,46.422854],[4.771129,46.422818],[4.771237,46.422786],[4.771323,46.422761],[4.771394,46.422737],[4.771574,46.422678],[4.771727,46.422625],[4.77187,46.422575],[4.772147,46.422479],[4.772213,46.422458],[4.772227,46.422458],[4.772243,46.42246],[4.772262,46.422465],[4.772278,46.422472],[4.772297,46.422486],[4.772349,46.422538],[4.77237,46.422547],[4.772393,46.422554],[4.772417,46.422556],[4.772438,46.422554],[4.772462,46.42255],[4.772491,46.42254],[4.772542,46.422517],[4.772642,46.422466],[4.77276,46.422405],[4.772831,46.422354],[4.772887,46.422306],[4.773006,46.422242],[4.773135,46.422193],[4.773245,46.422175],[4.773367,46.422159],[4.773398,46.422156],[4.773496,46.422155],[4.77353,46.422155],[4.773602,46.422146],[4.773676,46.422143],[4.773744,46.422134],[4.773804,46.42212],[4.773897,46.422092],[4.77395,46.422069],[4.774102,46.421964],[4.774239,46.42189],[4.774421,46.421808],[4.774523,46.421769],[4.774609,46.421741],[4.774717,46.421698],[4.774789,46.421674],[4.774861,46.421647],[4.774864,46.421644],[4.774865,46.421634],[4.774862,46.421568],[4.774717,46.421499],[4.774614,46.421444],[4.774413,46.421323],[4.774326,46.421273],[4.774259,46.421235],[4.774105,46.421145],[4.774021,46.421106],[4.773667,46.420963],[4.77351,46.420906],[4.773402,46.420864],[4.773289,46.420817],[4.773155,46.420749],[4.773071,46.420712],[4.773049,46.420699],[4.773008,46.420666],[4.772917,46.420601],[4.772867,46.420567],[4.772828,46.420542],[4.772799,46.420529],[4.772699,46.420485],[4.772666,46.420469],[4.772632,46.420448],[4.77257,46.420416],[4.772352,46.420326],[4.772165,46.420281],[4.772076,46.420106],[4.771925,46.420152],[4.771782,46.420195],[4.77171,46.420215],[4.771583,46.42025],[4.771495,46.420275],[4.771415,46.420302],[4.771167,46.420408],[4.771149,46.420419],[4.770944,46.420532],[4.77083,46.420596],[4.770647,46.42071],[4.770556,46.420767],[4.770477,46.420813],[4.770293,46.420913],[4.770146,46.420994],[4.770038,46.42105],[4.769921,46.421099],[4.769781,46.421155],[4.76959,46.421245],[4.769292,46.421383],[4.769181,46.421434],[4.769068,46.421488],[4.768972,46.421532],[4.768775,46.421624],[4.768542,46.421735],[4.768419,46.42179],[4.768253,46.421867],[4.768165,46.421909],[4.768076,46.421955],[4.768078,46.421981],[4.768268,46.422428],[4.768271,46.422447],[4.768283,46.422565],[4.768285,46.42276],[4.768282,46.422781],[4.768258,46.422873],[4.768233,46.422931],[4.768219,46.422954],[4.768005,46.423252],[4.768124,46.423388]]],[[[4.77492,46.421645],[4.774753,46.421716],[4.774667,46.42175],[4.774586,46.421781],[4.774472,46.421822],[4.774449,46.421829],[4.774361,46.42186],[4.774314,46.421883],[4.774207,46.421936],[4.774112,46.421993],[4.774097,46.422002],[4.774078,46.422013],[4.773998,46.422061],[4.773975,46.422076],[4.773946,46.422096],[4.773824,46.422138],[4.773737,46.422156],[4.773604,46.422171],[4.773505,46.422181],[4.773371,46.422184],[4.773319,46.422188],[4.773305,46.422189],[4.773238,46.422201],[4.773205,46.422206],[4.773186,46.422211],[4.773141,46.422223],[4.773105,46.422236],[4.773052,46.422255],[4.77302,46.42227],[4.772953,46.422301],[4.772879,46.422344],[4.772842,46.422365],[4.772771,46.422428],[4.77276,46.422434],[4.772733,46.422452],[4.772719,46.422459],[4.772641,46.422503],[4.772559,46.422539],[4.772513,46.422559],[4.772465,46.42258],[4.77238,46.422599],[4.772599,46.423003],[4.77282,46.423425],[4.77313,46.424026],[4.773244,46.424244],[4.773254,46.424274],[4.773265,46.424314],[4.77327,46.424339],[4.773262,46.424469],[4.773255,46.424551],[4.773259,46.424802],[4.773313,46.424798],[4.773449,46.424784],[4.773623,46.42477],[4.773732,46.424759],[4.77379,46.424754],[4.774011,46.42475],[4.774151,46.424734],[4.774243,46.424725],[4.77432,46.424716],[4.774443,46.424704],[4.774472,46.4247],[4.774514,46.424692],[4.774594,46.424678],[4.774684,46.424668],[4.77476,46.424661],[4.774861,46.424659],[4.774876,46.424657],[4.774938,46.424659],[4.775098,46.424664],[4.775287,46.424665],[4.775403,46.424657],[4.775452,46.424661],[4.7756,46.424675],[4.775779,46.424688],[4.775965,46.424691],[4.77614,46.424696],[4.776251,46.424697],[4.776316,46.424693],[4.776353,46.424687],[4.77646,46.424662],[4.776537,46.42465],[4.776603,46.424634],[4.776732,46.424597],[4.776785,46.42458],[4.776843,46.424557],[4.776943,46.424521],[4.77701,46.424481],[4.777078,46.424444],[4.777162,46.424403],[4.777394,46.4243],[4.777555,46.424227],[4.77767,46.424172],[4.777747,46.424133],[4.777837,46.424086],[4.778036,46.423971],[4.778324,46.423807],[4.778579,46.423673],[4.778701,46.423608],[4.778716,46.423599],[4.778715,46.42359],[4.778708,46.423587],[4.77865,46.423566],[4.778568,46.423528],[4.778421,46.423456],[4.778366,46.423433],[4.778253,46.423382],[4.778193,46.42335],[4.77812,46.423307],[4.777983,46.423212],[4.777804,46.423086],[4.777747,46.42303],[4.777678,46.422957],[4.777629,46.422908],[4.777607,46.422888],[4.777504,46.422814],[4.777442,46.422761],[4.777411,46.42273],[4.777346,46.42266],[4.777305,46.422618],[4.777251,46.422572],[4.77715,46.42246],[4.777131,46.422443],[4.777017,46.422332],[4.776976,46.422293],[4.776888,46.422228],[4.776836,46.422181],[4.776804,46.422155],[4.776784,46.422143],[4.776508,46.422003],[4.776479,46.421991],[4.776379,46.421959],[4.776264,46.421922],[4.776099,46.421865],[4.775907,46.421815],[4.775796,46.421788],[4.775696,46.421772],[4.775361,46.4217],[4.775221,46.421662],[4.77509,46.421626],[4.774994,46.421612],[4.77494,46.421636],[4.77492,46.421645]]],[[[4.769127,46.42496],[4.768907,46.424959],[4.768917,46.424847],[4.76863,46.424809],[4.767979,46.42473],[4.767302,46.424663],[4.767238,46.424815],[4.767104,46.425106],[4.767071,46.425173],[4.766985,46.425334],[4.766941,46.425422],[4.766766,46.425723],[4.766712,46.425808],[4.76666,46.425885],[4.766587,46.425993],[4.766568,46.426018],[4.766571,46.426023],[4.766736,46.426042],[4.766952,46.426069],[4.767077,46.426081],[4.767123,46.426087],[4.767278,46.426114],[4.767529,46.426151],[4.767839,46.426204],[4.767907,46.426211],[4.768046,46.426231],[4.768128,46.42624],[4.768299,46.426252],[4.768387,46.426255],[4.768529,46.426257],[4.768663,46.426249],[4.76877,46.42624],[4.76881,46.426235],[4.768862,46.426223],[4.768914,46.42621],[4.768958,46.426195],[4.769183,46.426096],[4.769379,46.426],[4.769563,46.425919],[4.769723,46.425853],[4.769821,46.425817],[4.769955,46.425762],[4.770047,46.425721],[4.77025,46.42564],[4.770407,46.42557],[4.770484,46.425537],[4.770658,46.425464],[4.770719,46.425439],[4.770919,46.42537],[4.771131,46.425293],[4.771302,46.425238],[4.771593,46.425146],[4.77179,46.42509],[4.771825,46.425078],[4.771885,46.425054],[4.772032,46.425015],[4.772256,46.424966],[4.772301,46.424954],[4.772432,46.424923],[4.772498,46.424911],[4.772614,46.424894],[4.772787,46.424859],[4.772895,46.424843],[4.773008,46.424828],[4.773229,46.424806],[4.773227,46.424754],[4.773226,46.42471],[4.773232,46.42455],[4.773232,46.424528],[4.773243,46.424421],[4.773246,46.424402],[4.773249,46.424382],[4.773246,46.424347],[4.77324,46.424313],[4.773216,46.424248],[4.773185,46.424182],[4.77311,46.42404],[4.773107,46.424033],[4.773017,46.423857],[4.772835,46.423497],[4.772632,46.423103],[4.772617,46.423075],[4.772612,46.423065],[4.772535,46.42292],[4.772468,46.4228],[4.772411,46.422695],[4.772361,46.422604],[4.772349,46.422586],[4.772346,46.422583],[4.772263,46.422516],[4.772262,46.422515],[4.77223,46.422494],[4.772224,46.422492],[4.772214,46.422492],[4.772187,46.422496],[4.772134,46.422511],[4.772073,46.422532],[4.772028,46.422548],[4.77191,46.422588],[4.771908,46.422588],[4.77162,46.42269],[4.771594,46.422699],[4.771384,46.422766],[4.771348,46.422778],[4.771156,46.42284],[4.771079,46.422865],[4.771015,46.422886],[4.770945,46.42291],[4.770816,46.422951],[4.770788,46.42296],[4.770502,46.423056],[4.770485,46.423061],[4.77023,46.423146],[4.770217,46.423151],[4.770123,46.423174],[4.770062,46.423189],[4.769917,46.423215],[4.769771,46.423239],[4.769674,46.423258],[4.769551,46.423279],[4.769503,46.42329],[4.769464,46.423302],[4.769357,46.423334],[4.769224,46.423373],[4.769069,46.423415],[4.76905,46.42342],[4.768933,46.423452],[4.768847,46.423477],[4.768731,46.423508],[4.768772,46.423639],[4.768681,46.42365],[4.768682,46.42367],[4.768661,46.423673],[4.768661,46.423722],[4.768656,46.423962],[4.768508,46.42396],[4.76839,46.423959],[4.768345,46.423967],[4.768337,46.423983],[4.768277,46.423996],[4.768278,46.42401],[4.768283,46.42409],[4.768289,46.424103],[4.768286,46.424133],[4.768252,46.424133],[4.768236,46.424123],[4.768228,46.424135],[4.768214,46.424135],[4.768181,46.424201],[4.768143,46.424197],[4.768105,46.424193],[4.768006,46.424181],[4.767984,46.424179],[4.767985,46.42416],[4.767921,46.424155],[4.767822,46.424146],[4.767741,46.42414],[4.767748,46.424085],[4.767661,46.42408],[4.767567,46.424074],[4.767507,46.424208],[4.767431,46.424379],[4.767314,46.424638],[4.767947,46.424708],[4.768914,46.424821],[4.768929,46.424739],[4.768957,46.424598],[4.768984,46.424592],[4.768956,46.42476],[4.768943,46.424846],[4.768961,46.424924],[4.76897,46.424931],[4.768993,46.424942],[4.769007,46.424946],[4.769065,46.424953],[4.769127,46.42496]]],[[[4.763752,46.429541],[4.763697,46.430017],[4.763682,46.430173],[4.763679,46.43021],[4.764114,46.430196],[4.764336,46.43019],[4.764549,46.430165],[4.764545,46.430053],[4.764797,46.429963],[4.7648,46.429606],[4.764798,46.429396],[4.764815,46.429255],[4.764927,46.429262],[4.764983,46.429264],[4.765042,46.429267],[4.765084,46.429271],[4.765084,46.429179],[4.765083,46.429146],[4.765083,46.429128],[4.765082,46.429114],[4.765074,46.429062],[4.765051,46.429044],[4.76505,46.428999],[4.764999,46.428991],[4.764991,46.428951],[4.76502,46.428933],[4.765413,46.428927],[4.765412,46.428918],[4.765538,46.428909],[4.765565,46.428881],[4.765708,46.42872],[4.765715,46.428642],[4.765637,46.428647],[4.765623,46.428486],[4.765391,46.428493],[4.76537,46.428406],[4.765364,46.428372],[4.765342,46.428312],[4.76533,46.428314],[4.765328,46.428273],[4.765295,46.428008],[4.765349,46.428005],[4.765428,46.427999],[4.765433,46.427998],[4.765497,46.427994],[4.765669,46.427984],[4.765669,46.42796],[4.765663,46.427646],[4.765659,46.427446],[4.765548,46.427453],[4.76556,46.427546],[4.7654,46.427559],[4.765384,46.427477],[4.765308,46.427487],[4.765182,46.427484],[4.765166,46.427406],[4.765162,46.427384],[4.76518,46.427362],[4.765182,46.427311],[4.765182,46.427293],[4.765174,46.427286],[4.765082,46.42729],[4.765071,46.427282],[4.765071,46.427262],[4.765066,46.427234],[4.765066,46.427219],[4.765062,46.427197],[4.765063,46.427187],[4.765182,46.427183],[4.765179,46.427171],[4.765177,46.427164],[4.765047,46.42717],[4.765045,46.427145],[4.765031,46.427095],[4.765012,46.426981],[4.765008,46.426937],[4.765,46.426907],[4.765006,46.426872],[4.765013,46.426825],[4.764986,46.426573],[4.765165,46.426587],[4.765166,46.426643],[4.765176,46.426838],[4.765174,46.426878],[4.765174,46.426908],[4.765173,46.426934],[4.765265,46.426945],[4.765441,46.426961],[4.765514,46.426965],[4.765805,46.427003],[4.765829,46.426979],[4.765862,46.426945],[4.7657,46.426929],[4.765714,46.426683],[4.765526,46.42667],[4.76554,46.426594],[4.765541,46.426592],[4.765555,46.42651],[4.765733,46.426525],[4.765748,46.426454],[4.765799,46.426458],[4.766035,46.426479],[4.76614,46.426488],[4.766149,46.426462],[4.766199,46.426349],[4.766232,46.426289],[4.766291,46.426208],[4.76633,46.426162],[4.766379,46.426102],[4.766437,46.426036],[4.766494,46.425967],[4.76658,46.42586],[4.766663,46.425738],[4.76674,46.425606],[4.766746,46.425592],[4.7668,46.42548],[4.766843,46.4254],[4.766958,46.425189],[4.76699,46.425136],[4.76706,46.424982],[4.766829,46.424948],[4.766745,46.424936],[4.766827,46.424634],[4.767195,46.424694],[4.76725,46.424565],[4.767356,46.424319],[4.767391,46.424238],[4.767463,46.424071],[4.76747,46.424063],[4.76737,46.424045],[4.767316,46.424034],[4.76704,46.423984],[4.767064,46.42385],[4.767086,46.423845],[4.767137,46.423852],[4.767378,46.423898],[4.767389,46.423899],[4.767445,46.42391],[4.767541,46.423927],[4.767572,46.423857],[4.767597,46.423804],[4.767581,46.423799],[4.7676,46.423759],[4.767621,46.423763],[4.767679,46.423676],[4.767686,46.423666],[4.767708,46.423632],[4.767715,46.423619],[4.767407,46.423513],[4.767372,46.423499],[4.767367,46.423497],[4.76727,46.423449],[4.767426,46.423366],[4.767505,46.423326],[4.767303,46.42312],[4.767272,46.423084],[4.767343,46.423054],[4.767387,46.423036],[4.767425,46.423071],[4.767483,46.423035],[4.767553,46.422986],[4.767564,46.422978],[4.767634,46.422931],[4.767648,46.422925],[4.767828,46.423117],[4.767893,46.423109],[4.767954,46.423158],[4.768064,46.422995],[4.768131,46.422891],[4.768144,46.422859],[4.768153,46.42283],[4.768158,46.422803],[4.768164,46.422761],[4.768168,46.422699],[4.768166,46.422569],[4.768153,46.422456],[4.768136,46.422395],[4.768124,46.422369],[4.76797,46.422039],[4.76789,46.422016],[4.767236,46.422256],[4.767066,46.422318],[4.766971,46.422353],[4.766173,46.422646],[4.766062,46.422687],[4.766002,46.422655],[4.765657,46.422783],[4.765512,46.422825],[4.765424,46.422848],[4.765312,46.422877],[4.764991,46.422941],[4.76499,46.422943],[4.764973,46.423057],[4.764922,46.423299],[4.764863,46.423644],[4.76482,46.423825],[4.764799,46.423881],[4.764719,46.424045],[4.76462,46.42419],[4.764444,46.424432],[4.764438,46.42444],[4.764334,46.424582],[4.764335,46.424589],[4.764048,46.424844],[4.763988,46.424964],[4.763931,46.425078],[4.763894,46.425146],[4.763805,46.425296],[4.763801,46.425302],[4.763798,46.425309],[4.763766,46.425358],[4.763756,46.425374],[4.763693,46.425461],[4.763679,46.42548],[4.763672,46.425492],[4.763615,46.425588],[4.763478,46.425827],[4.763478,46.425828],[4.763393,46.425988],[4.763377,46.426024],[4.76336,46.426063],[4.763343,46.426117],[4.763335,46.426174],[4.763329,46.426212],[4.763346,46.426325],[4.763327,46.426346],[4.763338,46.426379],[4.763344,46.426413],[4.763348,46.426465],[4.763346,46.426539],[4.763347,46.426546],[4.763412,46.426906],[4.763409,46.427109],[4.763409,46.427113],[4.763414,46.427188],[4.763425,46.427343],[4.763439,46.427393],[4.763452,46.427439],[4.76344,46.427467],[4.763431,46.427471],[4.763388,46.42748],[4.763383,46.427518],[4.76336,46.427658],[4.763357,46.427687],[4.763337,46.427891],[4.763338,46.427921],[4.76334,46.428083],[4.763322,46.428108],[4.763345,46.428155],[4.763405,46.428286],[4.763468,46.428418],[4.763535,46.428602],[4.763622,46.428717],[4.763687,46.428923],[4.763786,46.429155],[4.763788,46.429179],[4.76379,46.429189],[4.763755,46.429513],[4.763752,46.429541]]],[[[4.76428,46.430588],[4.764416,46.431572],[4.764459,46.431573],[4.764609,46.431578],[4.765168,46.4316],[4.765611,46.431617],[4.765611,46.431854],[4.765613,46.431923],[4.765617,46.432024],[4.76478,46.431978],[4.764599,46.431969],[4.764472,46.431962],[4.764478,46.432022],[4.764479,46.432036],[4.764485,46.4321],[4.764519,46.432102],[4.764561,46.432228],[4.764591,46.432337],[4.764607,46.432437],[4.764631,46.432584],[4.764647,46.432701],[4.764668,46.432816],[4.764675,46.432854],[4.764587,46.432857],[4.7646,46.432944],[4.764606,46.432974],[4.764626,46.433135],[4.764635,46.43319],[4.764667,46.433439],[4.764699,46.433677],[4.764821,46.43367],[4.765862,46.433606],[4.765922,46.433597],[4.765926,46.433619],[4.764824,46.433687],[4.764688,46.433694],[4.764744,46.433922],[4.764852,46.434263],[4.764934,46.4345],[4.76498,46.434645],[4.765214,46.435303],[4.765328,46.43565],[4.765393,46.435854],[4.76543,46.435966],[4.765451,46.436021],[4.765474,46.436066],[4.765501,46.436093],[4.76553,46.436133],[4.765584,46.436216],[4.765663,46.436259],[4.765778,46.436222],[4.765874,46.43619],[4.766013,46.436146],[4.766182,46.436102],[4.766449,46.436038],[4.766549,46.43602],[4.766627,46.436013],[4.766763,46.436006],[4.766979,46.435998],[4.767183,46.435963],[4.767535,46.435895],[4.76786,46.435822],[4.768245,46.435739],[4.768564,46.435663],[4.768589,46.435656],[4.768555,46.43553],[4.768545,46.435501],[4.768545,46.435456],[4.768535,46.435404],[4.768528,46.435395],[4.768495,46.435342],[4.768435,46.435249],[4.768412,46.435189],[4.768411,46.435188],[4.768403,46.435161],[4.76838,46.435087],[4.76838,46.435085],[4.768367,46.435034],[4.768334,46.434888],[4.768328,46.434858],[4.768383,46.43485],[4.768345,46.434774],[4.768324,46.434776],[4.768273,46.434651],[4.768268,46.434577],[4.768263,46.434572],[4.768218,46.434538],[4.768092,46.434552],[4.768056,46.434472],[4.768051,46.434461],[4.768027,46.434405],[4.767853,46.434426],[4.767849,46.434368],[4.767848,46.43427],[4.767847,46.434246],[4.767854,46.434094],[4.767854,46.434083],[4.767854,46.433775],[4.767854,46.433759],[4.767851,46.433697],[4.767843,46.433537],[4.767911,46.433534],[4.767901,46.433343],[4.767902,46.433301],[4.767903,46.433262],[4.767883,46.433259],[4.767866,46.433258],[4.767867,46.433225],[4.76787,46.433211],[4.767874,46.433196],[4.767884,46.433104],[4.767893,46.433067],[4.767898,46.433046],[4.767881,46.433044],[4.767884,46.433028],[4.76789,46.432979],[4.767911,46.43292],[4.767921,46.432897],[4.767932,46.432873],[4.767939,46.432847],[4.767955,46.432819],[4.767972,46.432792],[4.76808,46.43262],[4.768093,46.432597],[4.76811,46.432568],[4.768153,46.432489],[4.768166,46.432465],[4.768283,46.432273],[4.768284,46.432269],[4.768288,46.432248],[4.768288,46.432242],[4.76829,46.432093],[4.768204,46.432084],[4.768211,46.432055],[4.768219,46.43202],[4.768239,46.432019],[4.768243,46.43202],[4.768246,46.43202],[4.768248,46.431921],[4.768254,46.431895],[4.768264,46.431853],[4.768269,46.431816],[4.768281,46.431738],[4.768293,46.431702],[4.768305,46.431649],[4.768332,46.431534],[4.768345,46.431472],[4.768355,46.431428],[4.768366,46.431427],[4.768385,46.431385],[4.768417,46.431314],[4.768268,46.431304],[4.768203,46.4313],[4.768207,46.431265],[4.768259,46.431025],[4.768261,46.431002],[4.768279,46.430836],[4.768289,46.430788],[4.768295,46.430697],[4.768296,46.430682],[4.768302,46.430573],[4.768309,46.430545],[4.768483,46.430547],[4.768563,46.430549],[4.76859,46.430472],[4.768613,46.430405],[4.768619,46.430384],[4.768621,46.430375],[4.768629,46.430357],[4.768667,46.430273],[4.768689,46.430206],[4.768696,46.430146],[4.768698,46.430119],[4.768702,46.430119],[4.768989,46.430152],[4.769007,46.430077],[4.769458,46.430124],[4.772349,46.430434],[4.772633,46.430464],[4.773904,46.430597],[4.775502,46.430763],[4.775745,46.430161],[4.775908,46.429751],[4.776078,46.429303],[4.776199,46.428973],[4.776258,46.428812],[4.776275,46.428756],[4.776304,46.42866],[4.776395,46.428391],[4.776474,46.428155],[4.775966,46.4275],[4.775052,46.426278],[4.774832,46.425968],[4.774451,46.425439],[4.773961,46.424777],[4.77353,46.424802],[4.773131,46.424855],[4.772852,46.424889],[4.772585,46.424937],[4.772293,46.424993],[4.772132,46.425023],[4.771962,46.425067],[4.771831,46.425111],[4.771614,46.42519],[4.771567,46.425209],[4.771187,46.42535],[4.770786,46.425502],[4.770294,46.42569],[4.770243,46.42571],[4.769156,46.426171],[4.768917,46.426253],[4.76869,46.426296],[4.768573,46.426294],[4.768302,46.426288],[4.768009,46.426261],[4.767896,46.426253],[4.767336,46.426176],[4.767073,46.426138],[4.766556,46.426069],[4.766538,46.426069],[4.766517,46.426071],[4.76641,46.426209],[4.766313,46.426337],[4.766248,46.426476],[4.766202,46.426582],[4.766101,46.426836],[4.766176,46.426851],[4.766179,46.426845],[4.766246,46.426853],[4.766217,46.426922],[4.766213,46.426935],[4.766268,46.426939],[4.766353,46.426941],[4.766412,46.426941],[4.76645,46.426938],[4.766574,46.426937],[4.766703,46.426934],[4.766877,46.426932],[4.766996,46.426932],[4.767161,46.42693],[4.767404,46.426921],[4.767559,46.426923],[4.767754,46.426921],[4.768232,46.426904],[4.768318,46.4269],[4.768344,46.426897],[4.76836,46.426891],[4.768467,46.426771],[4.768638,46.426767],[4.768796,46.42677],[4.768947,46.42678],[4.769033,46.426783],[4.769252,46.42678],[4.769296,46.426752],[4.76934,46.426709],[4.76933,46.426741],[4.769308,46.42678],[4.769294,46.426799],[4.769034,46.4268],[4.768819,46.426794],[4.768486,46.426789],[4.768411,46.426887],[4.768397,46.426903],[4.76838,46.42691],[4.768349,46.426916],[4.768268,46.426917],[4.768254,46.426922],[4.768249,46.426928],[4.76825,46.426942],[4.768262,46.427021],[4.76828,46.427154],[4.768276,46.427212],[4.768492,46.42721],[4.769217,46.4272],[4.769446,46.427202],[4.770317,46.427215],[4.770315,46.427219],[4.770313,46.427225],[4.770199,46.427224],[4.769626,46.427222],[4.769243,46.427219],[4.768275,46.427231],[4.768271,46.427359],[4.768263,46.427552],[4.768249,46.42774],[4.768236,46.427903],[4.768224,46.428111],[4.767783,46.428091],[4.767786,46.428074],[4.768174,46.428094],[4.768192,46.42809],[4.7682,46.428086],[4.768202,46.428076],[4.768205,46.428023],[4.768216,46.427932],[4.768223,46.427816],[4.76823,46.427682],[4.768238,46.427556],[4.768248,46.427356],[4.768254,46.427216],[4.768249,46.427121],[4.768242,46.427029],[4.768222,46.426944],[4.76822,46.426934],[4.767569,46.426952],[4.766951,46.426961],[4.766366,46.426965],[4.766365,46.426973],[4.766324,46.427159],[4.766323,46.427165],[4.766228,46.4276],[4.766039,46.427603],[4.765773,46.427608],[4.765777,46.427866],[4.765779,46.427979],[4.765782,46.428054],[4.765792,46.42807],[4.765793,46.428089],[4.765813,46.428089],[4.765814,46.42812],[4.765788,46.428121],[4.76579,46.428134],[4.765795,46.428189],[4.765798,46.428233],[4.765897,46.428234],[4.765901,46.428265],[4.766057,46.428273],[4.766059,46.428346],[4.766063,46.428448],[4.765813,46.428454],[4.765815,46.428493],[4.765815,46.428522],[4.765819,46.428624],[4.765819,46.428674],[4.76582,46.428723],[4.765814,46.428786],[4.765797,46.428855],[4.765775,46.428942],[4.765942,46.428949],[4.765934,46.429146],[4.765951,46.429165],[4.765972,46.429191],[4.765975,46.429237],[4.765988,46.429237],[4.765986,46.42943],[4.76569,46.42943],[4.765691,46.429369],[4.765651,46.429369],[4.765641,46.429369],[4.765482,46.429902],[4.765672,46.429862],[4.7659,46.429806],[4.766133,46.429748],[4.766243,46.429727],[4.766555,46.429673],[4.766712,46.429644],[4.766743,46.429637],[4.766893,46.429591],[4.766989,46.429563],[4.767046,46.429554],[4.767205,46.42954],[4.767285,46.429528],[4.767409,46.429503],[4.767935,46.429435],[4.768091,46.429408],[4.768181,46.429404],[4.768295,46.429401],[4.76835,46.429403],[4.768629,46.42944],[4.768675,46.42945],[4.768704,46.429459],[4.76878,46.429501],[4.768776,46.429519],[4.768768,46.429553],[4.768699,46.429487],[4.768687,46.429477],[4.768608,46.429445],[4.76855,46.429437],[4.768431,46.429422],[4.768376,46.42942],[4.768238,46.429409],[4.768139,46.429417],[4.767963,46.429441],[4.767818,46.429463],[4.767629,46.429489],[4.767534,46.429498],[4.767437,46.429511],[4.767234,46.429549],[4.767008,46.429576],[4.766956,46.429586],[4.766924,46.429597],[4.766834,46.429628],[4.766724,46.42966],[4.766576,46.429688],[4.766485,46.429703],[4.766343,46.429721],[4.766163,46.429756],[4.76588,46.429831],[4.765699,46.429883],[4.765754,46.430024],[4.765788,46.430262],[4.76581,46.430408],[4.765825,46.430494],[4.765843,46.430573],[4.765851,46.430635],[4.765866,46.430696],[4.765879,46.430732],[4.7659,46.430789],[4.765912,46.430855],[4.765917,46.430968],[4.765929,46.431025],[4.765941,46.431107],[4.765956,46.431174],[4.765965,46.431228],[4.765961,46.431417],[4.765956,46.431473],[4.765948,46.431583],[4.765926,46.431674],[4.765919,46.431763],[4.765919,46.431817],[4.765921,46.431833],[4.765935,46.431845],[4.76595,46.43185],[4.766496,46.431858],[4.766496,46.431878],[4.765872,46.431867],[4.765883,46.431692],[4.765885,46.431665],[4.765889,46.431627],[4.765902,46.431519],[4.765903,46.431362],[4.765903,46.431333],[4.765908,46.431332],[4.765918,46.431307],[4.765928,46.431286],[4.76593,46.431207],[4.765921,46.431151],[4.7659,46.431056],[4.765876,46.430952],[4.765866,46.430823],[4.765847,46.430738],[4.765811,46.430644],[4.765805,46.430574],[4.765783,46.430445],[4.765743,46.43021],[4.765721,46.430039],[4.765694,46.429951],[4.765683,46.429927],[4.765668,46.429915],[4.765653,46.429914],[4.765584,46.429909],[4.765538,46.429919],[4.765478,46.429929],[4.765466,46.429936],[4.765417,46.429975],[4.765409,46.429991],[4.765389,46.430008],[4.765357,46.430016],[4.76532,46.430028],[4.765285,46.430046],[4.765183,46.430087],[4.765034,46.430141],[4.764863,46.430196],[4.764623,46.430245],[4.764361,46.430283],[4.764238,46.43029],[4.76428,46.430588]]],[[[4.757667,46.435726],[4.757672,46.435781],[4.757672,46.43581],[4.757666,46.436005],[4.757671,46.436108],[4.75766,46.436511],[4.757658,46.436591],[4.758172,46.436453],[4.758221,46.43656],[4.757978,46.436638],[4.757646,46.436746],[4.75762,46.436875],[4.757553,46.437034],[4.75753,46.437068],[4.757479,46.437147],[4.757439,46.437282],[4.757479,46.437394],[4.75749,46.437423],[4.757606,46.437644],[4.757835,46.437599],[4.757919,46.437572],[4.758228,46.437475],[4.758455,46.437396],[4.758516,46.437371],[4.758691,46.437292],[4.758839,46.437228],[4.758934,46.437182],[4.759028,46.43714],[4.75917,46.437074],[4.759618,46.43698],[4.759755,46.436951],[4.759791,46.436938],[4.759827,46.436914],[4.759841,46.436896],[4.759848,46.436874],[4.759868,46.436771],[4.759888,46.436656],[4.759892,46.436598],[4.759889,46.436561],[4.759881,46.436543],[4.75984,46.436501],[4.759777,46.436361],[4.759731,46.436209],[4.759714,46.436155],[4.75969,46.436094],[4.75894,46.436317],[4.758901,46.436257],[4.758861,46.436193],[4.75876,46.436033],[4.759612,46.435842],[4.759595,46.435772],[4.759579,46.435693],[4.759565,46.435625],[4.759559,46.435563],[4.759525,46.435569],[4.758578,46.435735],[4.758583,46.435677],[4.758607,46.435415],[4.759469,46.435305],[4.759505,46.435299],[4.759467,46.435133],[4.759391,46.4348],[4.759366,46.434687],[4.759344,46.434381],[4.759335,46.434128],[4.759348,46.433955],[4.759151,46.433993],[4.759035,46.434015],[4.758675,46.434085],[4.758663,46.433953],[4.758652,46.433831],[4.758645,46.433753],[4.758626,46.433551],[4.758619,46.433459],[4.758614,46.433397],[4.758606,46.433327],[4.758482,46.433347],[4.758472,46.433348],[4.758476,46.433361],[4.75845,46.433365],[4.758445,46.433351],[4.758251,46.433385],[4.758205,46.433395],[4.758178,46.433404],[4.75808,46.43343],[4.757898,46.433506],[4.75789,46.433552],[4.757874,46.433677],[4.757871,46.433698],[4.757878,46.434],[4.757896,46.434125],[4.757913,46.434233],[4.75794,46.434448],[4.757945,46.434513],[4.75794,46.434659],[4.757873,46.434948],[4.757836,46.435045],[4.757808,46.43511],[4.757755,46.435249],[4.757726,46.435348],[4.75768,46.435537],[4.757673,46.435587],[4.757667,46.435653],[4.757667,46.435726]]],[[[4.764793,46.436718],[4.76486,46.436712],[4.765156,46.436694],[4.765166,46.436681],[4.765209,46.436626],[4.765214,46.436616],[4.765267,46.436508],[4.765387,46.436258],[4.765394,46.43624],[4.765399,46.436218],[4.765403,46.43619],[4.765387,46.436123],[4.765353,46.435978],[4.765348,46.435956],[4.765272,46.435734],[4.765181,46.435465],[4.765112,46.43525],[4.765006,46.434931],[4.764967,46.434817],[4.76494,46.434733],[4.764813,46.434349],[4.764787,46.434273],[4.764776,46.434239],[4.76432,46.434278],[4.763905,46.434314],[4.763846,46.434318],[4.763914,46.434727],[4.763952,46.435037],[4.764048,46.435404],[4.76411,46.43578],[4.764098,46.435841],[4.7641,46.435841],[4.76421,46.435832],[4.764278,46.436074],[4.764319,46.43622],[4.764339,46.436297],[4.764248,46.436327],[4.764231,46.436329],[4.764384,46.436703],[4.76441,46.436764],[4.764793,46.436718]]],[[[4.765692,46.436905],[4.765689,46.436891],[4.765996,46.436861],[4.765969,46.436787],[4.765918,46.436657],[4.765699,46.43666],[4.765227,46.436664],[4.765209,46.436691],[4.765189,46.436714],[4.765165,46.436733],[4.765114,46.436767],[4.765076,46.436788],[4.764997,46.436828],[4.764872,46.436884],[4.764825,46.436908],[4.7648,46.436925],[4.764778,46.436941],[4.764752,46.436966],[4.76472,46.437014],[4.764683,46.437072],[4.764644,46.437138],[4.764635,46.437162],[4.764616,46.43724],[4.764992,46.437221],[4.765251,46.437209],[4.76544,46.437199],[4.765684,46.437188],[4.765657,46.437024],[4.765712,46.437022],[4.765704,46.436967],[4.765692,46.436905]]],[[[4.766993,46.43806],[4.767069,46.438141],[4.767119,46.438197],[4.767148,46.438228],[4.767209,46.438288],[4.767272,46.438336],[4.767463,46.438572],[4.76743,46.438588],[4.767447,46.438611],[4.767489,46.438677],[4.76756,46.43879],[4.767642,46.438895],[4.767697,46.438966],[4.767758,46.439045],[4.767797,46.439096],[4.767942,46.439265],[4.768006,46.439341],[4.768068,46.439413],[4.768102,46.439443],[4.768178,46.439506],[4.768278,46.43959],[4.768645,46.439904],[4.768773,46.440024],[4.768851,46.440097],[4.76891,46.440154],[4.768941,46.4402],[4.768951,46.44024],[4.769128,46.440392],[4.769255,46.440501],[4.769364,46.440592],[4.769439,46.440656],[4.769591,46.440786],[4.769638,46.440826],[4.769755,46.440925],[4.769976,46.441116],[4.770133,46.441248],[4.770416,46.44149],[4.770526,46.441587],[4.770603,46.441656],[4.770614,46.441664],[4.770707,46.441711],[4.77089,46.441792],[4.770924,46.441808],[4.771035,46.441868],[4.771313,46.442005],[4.771389,46.442051],[4.771453,46.442074],[4.771542,46.442096],[4.771583,46.442104],[4.771903,46.442137],[4.772381,46.442183],[4.772452,46.44221],[4.772592,46.442247],[4.772788,46.442299],[4.772951,46.442356],[4.773122,46.442391],[4.773261,46.442418],[4.773329,46.442442],[4.773442,46.442468],[4.773563,46.442496],[4.77381,46.442536],[4.773844,46.442541],[4.773917,46.442548],[4.774055,46.442553],[4.774109,46.442555],[4.774197,46.442552],[4.774346,46.442545],[4.774604,46.442545],[4.774785,46.442523],[4.774851,46.442518],[4.774891,46.44251],[4.77494,46.442502],[4.774999,46.442489],[4.775117,46.44246],[4.775329,46.442394],[4.775305,46.442376],[4.775268,46.442349],[4.775257,46.442307],[4.775244,46.442288],[4.775223,46.442265],[4.775192,46.442248],[4.775179,46.442241],[4.775149,46.442225],[4.775102,46.4422],[4.775084,46.442191],[4.775042,46.442166],[4.774993,46.442137],[4.774885,46.442057],[4.774775,46.44198],[4.774616,46.441872],[4.774554,46.441827],[4.774448,46.441749],[4.77441,46.441725],[4.77439,46.441712],[4.774377,46.441703],[4.774333,46.441665],[4.774288,46.441622],[4.77425,46.441584],[4.774224,46.441557],[4.774242,46.441547],[4.774224,46.441519],[4.774184,46.441481],[4.774124,46.441405],[4.774115,46.441394],[4.774042,46.441317],[4.773971,46.441335],[4.773925,46.441347],[4.773818,46.441374],[4.773808,46.441358],[4.773803,46.441327],[4.773806,46.441293],[4.773809,46.441263],[4.773833,46.441185],[4.773846,46.44107],[4.773847,46.441066],[4.773862,46.441007],[4.773857,46.440977],[4.773834,46.440735],[4.773901,46.440728],[4.773921,46.440724],[4.773912,46.440711],[4.773893,46.440683],[4.773871,46.440633],[4.773846,46.440556],[4.773836,46.440545],[4.773797,46.440518],[4.773783,46.440508],[4.77378,46.440506],[4.773752,46.440483],[4.773722,46.440447],[4.773694,46.440417],[4.773687,46.44041],[4.773642,46.440367],[4.773637,46.440361],[4.773636,46.440361],[4.773562,46.440282],[4.773516,46.440236],[4.773502,46.440222],[4.77345,46.440182],[4.77344,46.440164],[4.773438,46.440141],[4.773479,46.440135],[4.773553,46.440128],[4.773632,46.440131],[4.773677,46.440138],[4.773707,46.440143],[4.773769,46.440155],[4.773806,46.440164],[4.773814,46.440162],[4.773816,46.440162],[4.773842,46.440149],[4.773907,46.440008],[4.773897,46.440002],[4.773656,46.439839],[4.773614,46.43981],[4.773598,46.439799],[4.77353,46.43975],[4.773448,46.439691],[4.773398,46.439712],[4.773353,46.439731],[4.773291,46.439758],[4.773261,46.439788],[4.773222,46.439823],[4.773162,46.439878],[4.773086,46.439931],[4.773025,46.439955],[4.773018,46.439957],[4.772983,46.439973],[4.772965,46.439981],[4.772846,46.440073],[4.772759,46.44011],[4.772736,46.44012],[4.772677,46.440019],[4.772676,46.440018],[4.772795,46.439974],[4.77279,46.439969],[4.772774,46.439954],[4.772685,46.439864],[4.772631,46.439809],[4.772563,46.439739],[4.772542,46.439717],[4.772581,46.439686],[4.772608,46.439664],[4.772607,46.439663],[4.77257,46.439641],[4.772493,46.43959],[4.772455,46.439565],[4.772426,46.439541],[4.77236,46.439494],[4.772342,46.439481],[4.772301,46.439451],[4.772236,46.439403],[4.772216,46.439392],[4.772092,46.439326],[4.772057,46.439294],[4.772019,46.439255],[4.772016,46.439251],[4.771887,46.439084],[4.77187,46.439067],[4.771859,46.439056],[4.771753,46.438979],[4.771727,46.43896],[4.771697,46.43894],[4.77168,46.438928],[4.771676,46.438925],[4.771654,46.438907],[4.771547,46.438813],[4.771359,46.438627],[4.7713,46.438578],[4.771271,46.438553],[4.77125,46.438535],[4.771212,46.438499],[4.771141,46.438431],[4.771117,46.438408],[4.771043,46.438341],[4.770912,46.43823],[4.770809,46.438137],[4.770785,46.438114],[4.770583,46.437916],[4.770447,46.437781],[4.770442,46.437775],[4.770375,46.437696],[4.770373,46.437694],[4.770364,46.437684],[4.770316,46.437636],[4.770249,46.437568],[4.770206,46.437525],[4.770167,46.437482],[4.770143,46.437456],[4.770117,46.437429],[4.770029,46.437338],[4.769986,46.437297],[4.769984,46.437296],[4.769896,46.437215],[4.769864,46.437186],[4.76982,46.437145],[4.769783,46.437115],[4.769728,46.437068],[4.769703,46.437042],[4.769658,46.436997],[4.769622,46.43696],[4.769589,46.436925],[4.769538,46.436873],[4.769512,46.436846],[4.769427,46.436734],[4.76941,46.436714],[4.7694,46.436701],[4.769368,46.436668],[4.769286,46.436572],[4.769279,46.436564],[4.769273,46.436556],[4.769252,46.436532],[4.769247,46.436526],[4.769223,46.436499],[4.769208,46.436485],[4.769186,46.436464],[4.769083,46.436374],[4.769052,46.436346],[4.769004,46.436302],[4.768997,46.436293],[4.768844,46.436096],[4.768844,46.436095],[4.768817,46.436049],[4.768796,46.436003],[4.768769,46.435953],[4.76872,46.435872],[4.768709,46.435852],[4.768695,46.435825],[4.768687,46.435819],[4.768643,46.435771],[4.768622,46.435741],[4.768616,46.435731],[4.768574,46.435681],[4.768306,46.435749],[4.768188,46.435776],[4.768057,46.435804],[4.767886,46.435838],[4.767787,46.435859],[4.76761,46.435899],[4.767321,46.435955],[4.767179,46.43598],[4.767027,46.43601],[4.766835,46.436026],[4.766697,46.436024],[4.766632,46.436025],[4.766432,46.436059],[4.76622,46.436116],[4.766093,46.436147],[4.765927,46.436193],[4.765985,46.436324],[4.766025,46.436414],[4.76605,46.43647],[4.766073,46.436527],[4.766132,46.436656],[4.766153,46.436703],[4.766165,46.43673],[4.766175,46.436753],[4.766201,46.43681],[4.766247,46.436905],[4.766299,46.437022],[4.766375,46.437192],[4.766474,46.437391],[4.76648,46.437399],[4.76653,46.437465],[4.766699,46.437703],[4.766736,46.437755],[4.76686,46.437911],[4.766993,46.43806]]],[[[4.762151,46.440539],[4.762162,46.44059],[4.762165,46.44063],[4.762155,46.440773],[4.762155,46.44078],[4.762153,46.440808],[4.762135,46.441079],[4.76216,46.441169],[4.762192,46.441185],[4.762368,46.441266],[4.762629,46.44139],[4.762759,46.441451],[4.763031,46.441577],[4.76335,46.441728],[4.763498,46.441798],[4.76381,46.441942],[4.764183,46.441839],[4.765141,46.44158],[4.765116,46.441492],[4.765115,46.44149],[4.765105,46.441471],[4.765096,46.441455],[4.765069,46.441401],[4.765059,46.441356],[4.765057,46.441344],[4.765044,46.441319],[4.765004,46.441241],[4.764984,46.44119],[4.764956,46.44115],[4.764902,46.441095],[4.764825,46.440984],[4.764812,46.440966],[4.764776,46.44092],[4.764786,46.44091],[4.764786,46.440893],[4.764845,46.440872],[4.764938,46.440839],[4.765066,46.440793],[4.765326,46.440699],[4.76521,46.440525],[4.76518,46.440478],[4.765139,46.440415],[4.765071,46.440304],[4.764988,46.44018],[4.764951,46.440119],[4.764889,46.440018],[4.764821,46.439897],[4.764801,46.439858],[4.764764,46.439798],[4.764751,46.439773],[4.764717,46.439716],[4.764685,46.439669],[4.764031,46.439872],[4.763859,46.439453],[4.76353,46.439538],[4.76347,46.439437],[4.763365,46.439257],[4.763335,46.439212],[4.76333,46.439203],[4.763245,46.439063],[4.763133,46.438876],[4.762734,46.439099],[4.762417,46.439259],[4.762401,46.439272],[4.76235,46.439375],[4.762341,46.439411],[4.762341,46.439521],[4.762339,46.439552],[4.762333,46.439688],[4.762332,46.439738],[4.762331,46.439794],[4.762385,46.439936],[4.762325,46.439976],[4.762293,46.439997],[4.762237,46.440171],[4.762209,46.440255],[4.762177,46.440325],[4.762167,46.440347],[4.762115,46.440367],[4.762142,46.440499],[4.762151,46.440539]]],[[[4.772673,46.442883],[4.772772,46.442925],[4.772961,46.443003],[4.773165,46.443072],[4.773294,46.44311],[4.773508,46.443164],[4.77365,46.4432],[4.773663,46.443205],[4.7737,46.443183],[4.773853,46.443097],[4.774827,46.442547],[4.774642,46.442567],[4.774574,46.442568],[4.774517,46.442569],[4.774298,46.442572],[4.774245,46.442573],[4.77411,46.442576],[4.773969,46.442575],[4.773946,46.442574],[4.77392,46.442572],[4.773772,46.442554],[4.773569,46.442521],[4.773516,46.442509],[4.773478,46.4425],[4.773337,46.442467],[4.773153,46.442427],[4.773082,46.442413],[4.772937,46.442383],[4.772879,46.442366],[4.772811,46.442345],[4.772642,46.442293],[4.772536,46.44226],[4.772475,46.442247],[4.772386,46.442227],[4.772244,46.442203],[4.772195,46.442194],[4.772168,46.442191],[4.772108,46.442183],[4.772047,46.442179],[4.771928,46.442171],[4.771788,46.442159],[4.771757,46.442156],[4.771609,46.442141],[4.771579,46.442136],[4.771472,46.442116],[4.771434,46.442108],[4.771414,46.442102],[4.771369,46.442086],[4.771218,46.442009],[4.771123,46.441958],[4.771104,46.441948],[4.770999,46.441895],[4.77094,46.441866],[4.770898,46.441845],[4.770775,46.441793],[4.770925,46.441919],[4.771001,46.441982],[4.771098,46.442059],[4.771328,46.442207],[4.77162,46.442354],[4.771816,46.442454],[4.772041,46.442566],[4.772135,46.442614],[4.772287,46.442691],[4.77241,46.442752],[4.772508,46.442801],[4.772673,46.442883]]],[[[4.770156,46.443309],[4.770196,46.443412],[4.770221,46.443469],[4.770247,46.443541],[4.770268,46.443597],[4.770297,46.443673],[4.770342,46.443786],[4.770361,46.443836],[4.770435,46.444027],[4.770552,46.444323],[4.770586,46.444411],[4.770552,46.444422],[4.770785,46.44502],[4.77079,46.445033],[4.77109,46.444972],[4.77113,46.444959],[4.7713,46.444901],[4.771481,46.444839],[4.772375,46.444539],[4.772435,46.444519],[4.772644,46.44445],[4.773054,46.444312],[4.773099,46.444296],[4.773286,46.444538],[4.773308,46.444565],[4.773311,46.44457],[4.773325,46.444587],[4.773571,46.444492],[4.773611,46.444477],[4.773599,46.444461],[4.773584,46.444442],[4.773606,46.444432],[4.773671,46.444404],[4.773703,46.444391],[4.773726,46.444381],[4.773808,46.444345],[4.773952,46.444281],[4.774001,46.44426],[4.774007,46.444266],[4.774058,46.444314],[4.774675,46.444013],[4.774687,46.444024],[4.774794,46.444127],[4.774808,46.44414],[4.77481,46.444142],[4.775247,46.443926],[4.775293,46.443903],[4.775314,46.443893],[4.774972,46.443761],[4.77485,46.443713],[4.774583,46.443594],[4.774516,46.443565],[4.774369,46.443502],[4.774085,46.443413],[4.77384,46.443342],[4.773756,46.44332],[4.773346,46.443218],[4.773314,46.44321],[4.773266,46.443196],[4.773114,46.443156],[4.772861,46.443065],[4.772778,46.443033],[4.77262,46.442968],[4.772524,46.442923],[4.772368,46.442845],[4.772263,46.442792],[4.772148,46.442733],[4.771988,46.442653],[4.771899,46.442607],[4.77178,46.442548],[4.771672,46.442492],[4.771477,46.442394],[4.771193,46.442243],[4.771093,46.442182],[4.77099,46.442111],[4.770873,46.44202],[4.770801,46.441958],[4.770656,46.441832],[4.770416,46.441621],[4.770406,46.441612],[4.770271,46.441498],[4.77024,46.441473],[4.770225,46.44146],[4.770134,46.441382],[4.770044,46.441305],[4.770033,46.441296],[4.770023,46.441288],[4.769918,46.441201],[4.769891,46.441177],[4.76988,46.441167],[4.769793,46.441094],[4.769661,46.440979],[4.769581,46.44091],[4.769477,46.44083],[4.769196,46.440592],[4.76912,46.440656],[4.769285,46.441087],[4.769342,46.441234],[4.769393,46.441362],[4.769441,46.441484],[4.769483,46.441589],[4.769518,46.441683],[4.769532,46.441719],[4.76959,46.441859],[4.769693,46.442117],[4.769758,46.442281],[4.76978,46.442342],[4.76985,46.442522],[4.769884,46.442607],[4.769957,46.4428],[4.770005,46.44292],[4.770048,46.443029],[4.770086,46.443125],[4.770114,46.443199],[4.770156,46.443309]]],[[[4.762461,46.442218],[4.762461,46.442221],[4.76246,46.442275],[4.762382,46.442289],[4.762409,46.442388],[4.762431,46.44248],[4.762454,46.442579],[4.76248,46.442696],[4.762491,46.442705],[4.762522,46.442732],[4.762534,46.442793],[4.76253,46.442849],[4.762587,46.44297],[4.762588,46.44297],[4.76272,46.443066],[4.762467,46.443112],[4.762462,46.44314],[4.762457,46.443167],[4.762455,46.443198],[4.762464,46.443212],[4.762482,46.443251],[4.762493,46.443321],[4.762502,46.443376],[4.762503,46.443396],[4.762507,46.443428],[4.762507,46.443467],[4.76252,46.443503],[4.762526,46.443517],[4.76258,46.443631],[4.762596,46.443662],[4.762618,46.443706],[4.762653,46.443777],[4.762684,46.443845],[4.762721,46.443936],[4.762722,46.443939],[4.762732,46.443968],[4.762738,46.443991],[4.762751,46.444047],[4.762768,46.444142],[4.762797,46.444229],[4.762826,46.444304],[4.762839,46.444345],[4.762871,46.444445],[4.762886,46.444524],[4.762907,46.444656],[4.762908,46.444742],[4.76291,46.444898],[4.762912,46.444924],[4.762918,46.444965],[4.762961,46.445103],[4.762991,46.445172],[4.763035,46.445275],[4.763069,46.445348],[4.763103,46.445399],[4.763115,46.445399],[4.763148,46.445505],[4.763165,46.445572],[4.763218,46.445681],[4.763274,46.445794],[4.763333,46.445885],[4.763466,46.446065],[4.763527,46.446143],[4.763534,46.446152],[4.764187,46.445985],[4.76419,46.445984],[4.764476,46.445911],[4.764691,46.445858],[4.76495,46.445794],[4.765828,46.445579],[4.766642,46.445353],[4.76696,46.445265],[4.767519,46.445106],[4.768035,46.444959],[4.768053,46.444954],[4.768065,46.444952],[4.768025,46.444877],[4.768015,46.44488],[4.768003,46.444857],[4.767997,46.444846],[4.767958,46.444771],[4.767908,46.444669],[4.767871,46.44459],[4.767837,46.444518],[4.7678,46.444436],[4.767746,46.444325],[4.76773,46.44429],[4.767681,46.444197],[4.767656,46.444139],[4.767586,46.443995],[4.767488,46.443791],[4.767375,46.443562],[4.767396,46.443555],[4.767367,46.443492],[4.767327,46.443404],[4.767303,46.443411],[4.767278,46.443354],[4.767217,46.443188],[4.767155,46.443027],[4.767106,46.442893],[4.767001,46.442649],[4.766964,46.442565],[4.766894,46.442415],[4.766796,46.442237],[4.76676,46.442183],[4.766664,46.442035],[4.76663,46.441984],[4.766659,46.441976],[4.766513,46.441744],[4.766491,46.441711],[4.766393,46.441559],[4.766333,46.441467],[4.76625,46.441337],[4.766231,46.441344],[4.766183,46.441277],[4.766087,46.441127],[4.765992,46.440981],[4.765917,46.44087],[4.765773,46.440646],[4.765754,46.440601],[4.764938,46.440897],[4.764909,46.440917],[4.7649,46.440926],[4.764892,46.440942],[4.764889,46.440953],[4.76489,46.440975],[4.764986,46.441128],[4.76502,46.441185],[4.765055,46.441247],[4.765075,46.44129],[4.76511,46.441373],[4.765143,46.441441],[4.765167,46.441531],[4.765185,46.441596],[4.765207,46.441658],[4.765224,46.441789],[4.765244,46.4419],[4.765269,46.441981],[4.765304,46.442069],[4.765318,46.442104],[4.765335,46.442152],[4.76535,46.442211],[4.765367,46.44232],[4.765382,46.442362],[4.765405,46.442411],[4.765471,46.442569],[4.765496,46.442628],[4.765574,46.442768],[4.765599,46.442815],[4.765654,46.442894],[4.765682,46.442937],[4.765714,46.442972],[4.765751,46.443008],[4.765839,46.443122],[4.765881,46.443193],[4.765942,46.443326],[4.766006,46.443491],[4.76606,46.443672],[4.766073,46.443731],[4.766095,46.4438],[4.766098,46.44382],[4.766107,46.443889],[4.766112,46.443939],[4.766132,46.444052],[4.766153,46.444128],[4.766197,46.444287],[4.766212,46.444343],[4.76627,46.444479],[4.76629,46.444541],[4.766328,46.444655],[4.76634,46.444694],[4.766368,46.444806],[4.766342,46.444811],[4.766336,46.444775],[4.766289,46.444621],[4.766245,46.444505],[4.766186,46.44435],[4.766158,46.444239],[4.766126,46.444137],[4.766086,46.444001],[4.766073,46.443944],[4.766079,46.443886],[4.766079,46.44387],[4.766079,46.443856],[4.766073,46.443829],[4.766052,46.443786],[4.766022,46.443709],[4.765988,46.443619],[4.765981,46.443568],[4.765974,46.44352],[4.765961,46.443491],[4.765934,46.44342],[4.765911,46.443354],[4.765895,46.443315],[4.765885,46.443291],[4.76585,46.443211],[4.765826,46.443168],[4.76578,46.443098],[4.76578,46.443097],[4.76575,46.443067],[4.765708,46.443025],[4.765695,46.443008],[4.765645,46.44295],[4.765586,46.442859],[4.765566,46.442829],[4.765533,46.442771],[4.765498,46.442707],[4.765491,46.442693],[4.765467,46.442646],[4.765437,46.442582],[4.765432,46.442571],[4.765427,46.442559],[4.765398,46.442495],[4.765368,46.442431],[4.765347,46.442381],[4.765328,46.44233],[4.76531,46.442255],[4.765296,46.442162],[4.765285,46.44213],[4.765259,46.44207],[4.765224,46.441978],[4.765217,46.441952],[4.765199,46.441885],[4.765191,46.441834],[4.765184,46.441761],[4.765171,46.4417],[4.765164,46.44167],[4.765157,46.441637],[4.764346,46.441854],[4.764355,46.441865],[4.763821,46.44201],[4.763724,46.441965],[4.763663,46.441936],[4.763385,46.441807],[4.763212,46.441726],[4.76295,46.441601],[4.762683,46.441477],[4.762554,46.441414],[4.762289,46.441288],[4.762152,46.441226],[4.762149,46.441235],[4.762147,46.441243],[4.76215,46.441264],[4.762156,46.441277],[4.762158,46.441281],[4.762186,46.441321],[4.762108,46.441336],[4.762123,46.441405],[4.76214,46.441445],[4.762154,46.441465],[4.762164,46.441479],[4.762201,46.441516],[4.762358,46.441458],[4.762361,46.441466],[4.762365,46.441477],[4.76237,46.441487],[4.762409,46.441569],[4.7624,46.441573],[4.762489,46.44175],[4.762539,46.441929],[4.762477,46.441947],[4.762475,46.44199],[4.762472,46.442047],[4.762461,46.442218]]],[[[4.775619,46.443921],[4.77579,46.444032],[4.776003,46.444145],[4.776268,46.444286],[4.776381,46.444346],[4.776389,46.44435],[4.776649,46.444225],[4.777668,46.443739],[4.777718,46.443716],[4.778385,46.443399],[4.778426,46.44338],[4.778401,46.443372],[4.77823,46.443316],[4.778202,46.443305],[4.77804,46.443211],[4.77792,46.443149],[4.777858,46.443118],[4.777637,46.443052],[4.777315,46.442961],[4.777225,46.442931],[4.777112,46.442901],[4.776937,46.442847],[4.776786,46.442808],[4.776614,46.442781],[4.776359,46.442731],[4.776202,46.442702],[4.776084,46.44268],[4.775821,46.442623],[4.775564,46.442559],[4.775422,46.442533],[4.775325,46.44252],[4.775264,46.442515],[4.775187,46.442509],[4.775136,46.442507],[4.775019,46.442517],[4.775003,46.442523],[4.773748,46.443226],[4.774143,46.443337],[4.774242,46.443365],[4.774339,46.443394],[4.774444,46.443431],[4.774475,46.443442],[4.774681,46.443532],[4.7747,46.443539],[4.774795,46.443582],[4.774815,46.443591],[4.774907,46.443635],[4.775081,46.443709],[4.775097,46.443716],[4.775277,46.443791],[4.775397,46.443838],[4.775453,46.443858],[4.775619,46.443921]]]]}},{"type":"Feature","id":"inao-denom-1712-red-only","properties":{"id":"inao-denom-1712-red-only","name":"Mâcon Azé — red-only sector","tier":"regional","kind":"appellation","appellationId":583,"denominationId":1712,"sourceName":"Mâcon Azé - rouge exclusif","communes":["71016"],"areaHa":36.85},"geometry":{"type":"MultiPolygon","coordinates":[[[[4.762156,46.414296],[4.762142,46.414324],[4.762088,46.414421],[4.762058,46.414446],[4.762053,46.414451],[4.762024,46.414473],[4.761947,46.414531],[4.761931,46.414545],[4.761915,46.414559],[4.761887,46.414599],[4.761863,46.41462],[4.761839,46.414642],[4.761809,46.414689],[4.761779,46.414734],[4.76163,46.414919],[4.761629,46.414921],[4.761505,46.415059],[4.761395,46.41516],[4.761264,46.415304],[4.761155,46.415421],[4.761084,46.415499],[4.761038,46.415569],[4.760926,46.415675],[4.760914,46.415687],[4.760875,46.415721],[4.760868,46.415727],[4.760712,46.415838],[4.760676,46.415864],[4.760663,46.415874],[4.760609,46.415929],[4.760604,46.415954],[4.760604,46.415962],[4.760662,46.416029],[4.76112,46.416429],[4.761203,46.416502],[4.761259,46.416545],[4.76129,46.416558],[4.761314,46.416561],[4.761343,46.416559],[4.761378,46.416548],[4.761543,46.416473],[4.76163,46.416439],[4.761924,46.416332],[4.762061,46.41627],[4.762287,46.416171],[4.762447,46.416094],[4.762561,46.416048],[4.762838,46.415898],[4.763022,46.415799],[4.763117,46.415745],[4.763149,46.41573],[4.763271,46.415687],[4.763398,46.415637],[4.763584,46.41558],[4.763658,46.415555],[4.763611,46.415513],[4.763524,46.415435],[4.763493,46.415406],[4.763481,46.415394],[4.763514,46.415381],[4.763476,46.415348],[4.763394,46.415276],[4.763353,46.415239],[4.763333,46.415221],[4.763171,46.415075],[4.763157,46.415062],[4.763059,46.414974],[4.763014,46.414932],[4.762759,46.414703],[4.762746,46.41469],[4.762737,46.414682],[4.762676,46.414628],[4.76266,46.414614],[4.762556,46.414517],[4.762463,46.414433],[4.762459,46.414429],[4.762454,46.414424],[4.762366,46.414341],[4.762308,46.414287],[4.7623,46.41428],[4.762235,46.414222],[4.762221,46.41421],[4.762197,46.414189],[4.762189,46.414232],[4.762156,46.414296]]],[[[4.737062,46.42707],[4.737012,46.42709],[4.73699,46.427114],[4.736973,46.427159],[4.737056,46.427268],[4.737367,46.427687],[4.737515,46.427884],[4.738303,46.427804],[4.738759,46.427759],[4.738784,46.427718],[4.739323,46.426817],[4.739307,46.426816],[4.738871,46.426889],[4.738676,46.426904],[4.737901,46.426958],[4.737235,46.427005],[4.737186,46.427022],[4.737062,46.42707]]],[[[4.739618,46.426851],[4.739411,46.426804],[4.739149,46.427205],[4.738824,46.427745],[4.738922,46.427735],[4.738974,46.427728],[4.73897,46.427704],[4.739001,46.427701],[4.739003,46.427724],[4.739583,46.427637],[4.739752,46.427616],[4.739825,46.427613],[4.739897,46.427611],[4.740067,46.42763],[4.740261,46.427662],[4.740567,46.427777],[4.740656,46.427818],[4.740934,46.427952],[4.741706,46.428333],[4.742346,46.428656],[4.742705,46.428846],[4.742733,46.428813],[4.74274,46.428805],[4.742687,46.428771],[4.742631,46.428734],[4.742596,46.428718],[4.742578,46.428709],[4.742431,46.428616],[4.742306,46.428537],[4.742217,46.428479],[4.741964,46.428313],[4.741918,46.42827],[4.741888,46.428242],[4.741726,46.428065],[4.741432,46.427766],[4.741424,46.427755],[4.741401,46.427721],[4.741386,46.427704],[4.741306,46.427612],[4.741165,46.427444],[4.741096,46.427354],[4.741033,46.427275],[4.74103,46.427272],[4.741008,46.427234],[4.740979,46.42719],[4.740848,46.42714],[4.740689,46.427092],[4.740442,46.427053],[4.740165,46.42701],[4.740104,46.426993],[4.739999,46.426954],[4.739722,46.426876],[4.739618,46.426851]]],[[[4.73773,46.427922],[4.737906,46.428421],[4.738649,46.427848],[4.738632,46.427824],[4.73773,46.427922]]],[[[4.75582,46.444322],[4.755823,46.444335],[4.755828,46.444342],[4.755835,46.444348],[4.755845,46.444352],[4.755857,46.444353],[4.755924,46.44435],[4.755949,46.444351],[4.755996,46.444355],[4.756013,46.44436],[4.75602,46.444366],[4.756027,46.444381],[4.756006,46.444381],[4.755795,46.444374],[4.755772,46.444318],[4.755786,46.444219],[4.755788,46.444198],[4.755778,46.444174],[4.755763,46.444152],[4.755786,46.444065],[4.755775,46.444004],[4.755766,46.443963],[4.755765,46.443916],[4.755762,46.443899],[4.755747,46.443855],[4.755727,46.443801],[4.755725,46.443683],[4.755731,46.443614],[4.755737,46.443549],[4.755734,46.443452],[4.755726,46.443413],[4.755701,46.443292],[4.755694,46.443033],[4.755706,46.442881],[4.75573,46.44278],[4.755753,46.442709],[4.755759,46.442625],[4.755757,46.44258],[4.755745,46.44245],[4.755732,46.442343],[4.755738,46.442298],[4.755758,46.442115],[4.755772,46.442064],[4.755781,46.441974],[4.755847,46.44184],[4.755923,46.441712],[4.756065,46.441482],[4.756116,46.441407],[4.756253,46.441226],[4.756412,46.441023],[4.756503,46.440917],[4.756572,46.440663],[4.756649,46.44037],[4.756387,46.44037],[4.756069,46.44069],[4.755862,46.440874],[4.755731,46.440996],[4.755419,46.441286],[4.755359,46.441344],[4.75517,46.441537],[4.755041,46.441681],[4.754867,46.44188],[4.75475,46.442017],[4.754619,46.44218],[4.754524,46.442297],[4.754402,46.442435],[4.754345,46.44252],[4.754317,46.442563],[4.754263,46.442672],[4.754142,46.442987],[4.754073,46.443167],[4.754052,46.443239],[4.753988,46.443467],[4.753981,46.443488],[4.753881,46.443699],[4.753847,46.443771],[4.753754,46.444012],[4.753692,46.444233],[4.753673,46.444284],[4.753642,46.444367],[4.753637,46.4444],[4.753622,46.444516],[4.753619,46.444648],[4.753634,46.444784],[4.75365,46.444916],[4.753698,46.445098],[4.753785,46.445384],[4.753809,46.445455],[4.753928,46.44585],[4.753945,46.445973],[4.753943,46.446024],[4.753956,46.446158],[4.753958,46.446209],[4.753952,46.446508],[4.75395,46.446868],[4.754445,46.446887],[4.754444,46.446873],[4.754442,46.44681],[4.754401,46.446735],[4.754396,46.446713],[4.754393,46.446699],[4.754491,46.446707],[4.754567,46.446714],[4.754889,46.446739],[4.754899,46.44679],[4.754914,46.446799],[4.754934,46.446801],[4.755067,46.446812],[4.755136,46.446858],[4.755156,46.446872],[4.755495,46.446893],[4.755523,46.446895],[4.755816,46.446918],[4.756335,46.446961],[4.756366,46.446964],[4.75649,46.446973],[4.756509,46.446856],[4.756663,46.446844],[4.756716,46.446832],[4.75701,46.446776],[4.757035,46.446767],[4.757092,46.446743],[4.75708,46.446695],[4.75699,46.446265],[4.756978,46.446208],[4.756966,46.446188],[4.756934,46.446136],[4.756911,46.446096],[4.75689,46.446061],[4.756877,46.445921],[4.756877,46.44592],[4.75687,46.445826],[4.75689,46.445794],[4.756921,46.445742],[4.756955,46.445687],[4.756963,46.445675],[4.756968,46.445665],[4.757031,46.445515],[4.757035,46.445508],[4.75712,46.445374],[4.757126,46.445364],[4.75721,46.445243],[4.757224,46.445207],[4.756997,46.445173],[4.756997,46.445127],[4.756997,46.445095],[4.756999,46.44494],[4.757,46.444854],[4.757,46.444453],[4.757117,46.44413],[4.757121,46.444117],[4.756968,46.444097],[4.75641,46.44402],[4.755816,46.443939],[4.755799,46.443937],[4.755819,46.444061],[4.755819,46.444288],[4.75582,46.444322]]],[[[4.752692,46.44498],[4.752781,46.44517],[4.752854,46.445297],[4.752899,46.445417],[4.75294,46.445515],[4.752966,46.44557],[4.753026,46.445672],[4.753046,46.445772],[4.75307,46.445838],[4.753008,46.446024],[4.753032,46.44611],[4.753072,46.446227],[4.753076,46.44628],[4.75309,46.446372],[4.753462,46.446331],[4.753474,46.446486],[4.753491,46.446788],[4.753506,46.447],[4.753508,46.44717],[4.753518,46.447242],[4.753738,46.447226],[4.753787,46.447167],[4.753828,46.447098],[4.753853,46.447042],[4.753856,46.446577],[4.75386,46.4463],[4.753863,46.446233],[4.753862,46.446176],[4.753844,46.445919],[4.753786,46.44576],[4.753741,46.445614],[4.753721,46.44554],[4.753685,46.445414],[4.753565,46.445006],[4.753536,46.444913],[4.753526,46.444768],[4.753513,46.444535],[4.753509,46.444477],[4.753558,46.444254],[4.753583,46.444143],[4.753612,46.444064],[4.753709,46.443809],[4.753736,46.443737],[4.753793,46.443595],[4.754015,46.443023],[4.754132,46.442753],[4.75423,46.442532],[4.75432,46.442413],[4.754428,46.442261],[4.754627,46.442026],[4.754737,46.441905],[4.754925,46.441691],[4.755041,46.441545],[4.755175,46.441416],[4.755271,46.441335],[4.7556,46.441029],[4.75604,46.440614],[4.756186,46.440473],[4.755966,46.440576],[4.755781,46.440662],[4.755429,46.440825],[4.755415,46.440836],[4.755331,46.440905],[4.755238,46.440978],[4.754814,46.441446],[4.754777,46.441481],[4.754748,46.441509],[4.754516,46.441681],[4.754501,46.441688],[4.754417,46.441728],[4.754287,46.441814],[4.754278,46.441821],[4.75415,46.441896],[4.754017,46.442045],[4.753992,46.442073],[4.753759,46.442365],[4.753585,46.442614],[4.753522,46.442759],[4.753279,46.443316],[4.753207,46.443465],[4.753135,46.443604],[4.753115,46.443655],[4.753097,46.443711],[4.753094,46.44372],[4.753016,46.443982],[4.752952,46.444172],[4.752933,46.444224],[4.752852,46.444382],[4.752795,46.444482],[4.752721,46.444621],[4.752704,46.444831],[4.752692,46.44498]]],[[[4.747059,46.444331],[4.747051,46.444368],[4.74705,46.444369],[4.74705,46.444375],[4.747046,46.444415],[4.747033,46.444446],[4.747007,46.444488],[4.746986,46.444522],[4.746975,46.444594],[4.746965,46.444655],[4.746948,46.444718],[4.746944,46.44472],[4.746904,46.444735],[4.746849,46.444763],[4.7468,46.4448],[4.746798,46.44481],[4.746798,46.444822],[4.746796,46.444838],[4.746781,46.444872],[4.746759,46.444948],[4.746714,46.445039],[4.746736,46.445162],[4.746733,46.445416],[4.747156,46.44539],[4.747741,46.445353],[4.747752,46.445449],[4.747764,46.44553],[4.747773,46.445599],[4.747769,46.44572],[4.747755,46.446014],[4.747716,46.446307],[4.747695,46.446431],[4.747692,46.446452],[4.747691,46.446454],[4.747541,46.446804],[4.747457,46.446953],[4.747439,46.44699],[4.747436,46.446996],[4.747405,46.447067],[4.74735,46.447207],[4.747333,46.447269],[4.747333,46.447276],[4.747333,46.447494],[4.747433,46.447776],[4.747457,46.447859],[4.747466,46.447954],[4.747467,46.447967],[4.747467,46.447976],[4.747703,46.447939],[4.747809,46.447927],[4.747949,46.447915],[4.748026,46.447916],[4.748217,46.447919],[4.748967,46.447943],[4.749122,46.447944],[4.749391,46.447935],[4.749602,46.447919],[4.749654,46.447915],[4.749757,46.447784],[4.749807,46.447698],[4.749865,46.447598],[4.749991,46.447268],[4.749994,46.447259],[4.749991,46.44716],[4.749988,46.447125],[4.749984,46.447082],[4.749945,46.446821],[4.749932,46.446695],[4.749927,46.44665],[4.749924,46.446502],[4.749927,46.446421],[4.749928,46.446359],[4.749937,46.446276],[4.749937,46.446257],[4.749937,46.446185],[4.749902,46.446022],[4.749876,46.445871],[4.749855,46.445775],[4.749849,46.445742],[4.749841,46.445705],[4.749793,46.445576],[4.749759,46.445488],[4.749668,46.445254],[4.749627,46.445146],[4.749571,46.445021],[4.749568,46.444956],[4.749561,46.444778],[4.749572,46.44473],[4.749583,46.444698],[4.749611,46.444622],[4.749628,46.444562],[4.749639,46.444521],[4.749649,46.444431],[4.749651,46.444416],[4.749641,46.444235],[4.749636,46.444032],[4.749635,46.443967],[4.749633,46.44391],[4.749631,46.443858],[4.74963,46.443772],[4.749625,46.443704],[4.749617,46.443602],[4.749601,46.443347],[4.749599,46.443325],[4.749598,46.443323],[4.749581,46.443285],[4.749541,46.443229],[4.749512,46.443187],[4.74925,46.443003],[4.749234,46.442991],[4.748867,46.442758],[4.748786,46.442862],[4.748741,46.442899],[4.748706,46.442927],[4.748594,46.443019],[4.748529,46.443067],[4.74845,46.443128],[4.748307,46.443247],[4.748215,46.443326],[4.748175,46.443361],[4.748155,46.443372],[4.747901,46.443505],[4.747671,46.443622],[4.747539,46.443691],[4.747293,46.443819],[4.747242,46.443848],[4.747218,46.443861],[4.747155,46.443926],[4.747144,46.443937],[4.747142,46.443968],[4.747107,46.444189],[4.747095,46.444264],[4.747074,46.444303],[4.747059,46.444331]]],[[[4.749827,46.44549],[4.749864,46.445579],[4.749897,46.44569],[4.749936,46.445854],[4.74995,46.44594],[4.749976,46.446071],[4.749994,46.446164],[4.749992,46.446278],[4.749988,46.446363],[4.749978,46.446506],[4.749975,46.446645],[4.749989,46.446792],[4.750039,46.447087],[4.750062,46.447203],[4.750012,46.447349],[4.749882,46.447684],[4.749841,46.447763],[4.749814,46.447806],[4.749877,46.447826],[4.749962,46.447852],[4.750002,46.447861],[4.750044,46.447862],[4.750085,46.447863],[4.750201,46.447861],[4.750298,46.447874],[4.750302,46.447875],[4.750378,46.447899],[4.750411,46.447905],[4.750464,46.447914],[4.75056,46.447909],[4.750617,46.447902],[4.750617,46.447835],[4.750616,46.447664],[4.750616,46.447506],[4.750616,46.447446],[4.750877,46.44744],[4.750887,46.447643],[4.750948,46.447644],[4.751064,46.447644],[4.751157,46.447641],[4.751241,46.447627],[4.751385,46.447602],[4.751468,46.447595],[4.75147,46.447583],[4.751638,46.447574],[4.751695,46.44757],[4.751705,46.447573],[4.751745,46.447582],[4.751735,46.447542],[4.751712,46.447449],[4.751707,46.447433],[4.75171,46.44742],[4.751725,46.447383],[4.751727,46.447378],[4.751748,46.447335],[4.751749,46.447333],[4.751799,46.447196],[4.751802,46.447178],[4.751815,46.447113],[4.751772,46.446968],[4.751725,46.446786],[4.751683,46.446689],[4.751684,46.446666],[4.751702,46.446627],[4.751709,46.44662],[4.751714,46.446615],[4.751788,46.446612],[4.751853,46.446611],[4.752063,46.446614],[4.752282,46.446618],[4.752259,46.446465],[4.752253,46.445964],[4.752503,46.445854],[4.752457,46.445777],[4.752359,46.445682],[4.752331,46.445656],[4.752318,46.445644],[4.75228,46.445611],[4.752078,46.445416],[4.751844,46.445191],[4.751812,46.445169],[4.751794,46.445156],[4.751766,46.445133],[4.751688,46.445045],[4.751588,46.444952],[4.751377,46.444747],[4.751346,46.444707],[4.75132,46.444664],[4.751314,46.444656],[4.751297,46.444633],[4.751284,46.444622],[4.751217,46.444563],[4.751144,46.444509],[4.751129,46.444494],[4.750984,46.444357],[4.750891,46.444275],[4.750867,46.444254],[4.750826,46.444218],[4.750595,46.443919],[4.750505,46.443936],[4.749823,46.444066],[4.749811,46.444068],[4.749774,46.444078],[4.749707,46.444025],[4.749729,46.444448],[4.749701,46.444611],[4.749643,46.444908],[4.749631,46.444983],[4.749646,46.445043],[4.749714,46.44521],[4.749827,46.44549]]],[[[4.75381,46.447212],[4.753768,46.44725],[4.753523,46.447318],[4.753499,46.447325],[4.753542,46.4475],[4.753571,46.447637],[4.753585,46.447733],[4.753588,46.447827],[4.753587,46.447926],[4.753585,46.448188],[4.753942,46.448194],[4.753946,46.448043],[4.753953,46.447917],[4.753941,46.447837],[4.753912,46.447612],[4.753863,46.447218],[4.75381,46.447212]]]]}},{"type":"Feature","id":"commune-71016","properties":{"id":"commune-71016","name":"Azé","kind":"commune","tier":"commune"},"geometry":{"type":"MultiPolygon","coordinates":[[[[4.774013,46.424762],[4.774217,46.424742],[4.774466,46.424713],[4.774595,46.424696],[4.774699,46.424678],[4.774737,46.424675],[4.774781,46.424674],[4.774918,46.424676],[4.77525,46.42469],[4.775326,46.424689],[4.775508,46.424686],[4.775782,46.424699],[4.77596,46.424708],[4.776238,46.424724],[4.776281,46.424717],[4.776373,46.424695],[4.776525,46.424665],[4.776633,46.424641],[4.776714,46.424622],[4.776784,46.424599],[4.776861,46.424568],[4.776972,46.424518],[4.777101,46.424454],[4.777323,46.42435],[4.777439,46.424296],[4.777712,46.424165],[4.777759,46.42414],[4.777927,46.424048],[4.778126,46.423935],[4.778268,46.423849],[4.778473,46.423739],[4.778732,46.423607],[4.778738,46.423601],[4.778741,46.423597],[4.778738,46.423593],[4.778724,46.423583],[4.77864,46.423549],[4.778537,46.4235],[4.778434,46.423453],[4.778305,46.423394],[4.778194,46.423335],[4.778102,46.423276],[4.777993,46.423205],[4.777873,46.423119],[4.777788,46.423054],[4.77773,46.422993],[4.777698,46.422959],[4.777649,46.422909],[4.777619,46.422884],[4.777532,46.422814],[4.777474,46.42277],[4.777363,46.422659],[4.777255,46.422551],[4.777156,46.422443],[4.777073,46.422364],[4.776977,46.422277],[4.776879,46.422199],[4.776825,46.422159],[4.776785,46.42213],[4.776589,46.422028],[4.776496,46.421985],[4.776195,46.421884],[4.7761,46.421855],[4.775865,46.421791],[4.775681,46.421757],[4.775543,46.421728],[4.775313,46.421676],[4.775075,46.421617],[4.775002,46.421601],[4.774888,46.421562],[4.77482,46.421535],[4.774768,46.421511],[4.774639,46.421442],[4.774376,46.421289],[4.774256,46.421222],[4.774115,46.421141],[4.774058,46.421112],[4.773946,46.421065],[4.773824,46.421015],[4.773619,46.420935],[4.77345,46.420871],[4.773341,46.420827],[4.773274,46.420796],[4.773116,46.42072],[4.77306,46.420691],[4.772927,46.420594],[4.772893,46.420569],[4.772816,46.420525],[4.772715,46.420477],[4.772584,46.420409],[4.772443,46.420347],[4.772286,46.420295],[4.772212,46.42027],[4.772191,46.420259],[4.772158,46.420219],[4.772138,46.420183],[4.772095,46.420101],[4.772071,46.420056],[4.772414,46.41994],[4.772392,46.419913],[4.772251,46.419713],[4.772114,46.419511],[4.771941,46.419257],[4.771783,46.419026],[4.771736,46.418962],[4.771616,46.419017],[4.771378,46.419129],[4.771233,46.419189],[4.771189,46.419208],[4.770987,46.419294],[4.770931,46.419209],[4.770797,46.419016],[4.770663,46.418819],[4.770541,46.418643],[4.77053,46.418627],[4.770406,46.41844],[4.770288,46.418262],[4.770263,46.418226],[4.770218,46.418162],[4.770135,46.418036],[4.770083,46.417953],[4.769982,46.417802],[4.769913,46.417695],[4.769961,46.417657],[4.76981,46.417478],[4.769716,46.417364],[4.769642,46.417288],[4.769399,46.417052],[4.769289,46.416942],[4.76927,46.416924],[4.769129,46.416996],[4.769088,46.416935],[4.768946,46.41672],[4.768811,46.416518],[4.76874,46.416406],[4.76905,46.416332],[4.769042,46.4163],[4.768999,46.416306],[4.768967,46.416182],[4.768946,46.416092],[4.7687,46.416138],[4.768712,46.41597],[4.768724,46.415836],[4.768732,46.41567],[4.768738,46.41554],[4.768727,46.415447],[4.768729,46.41531],[4.768706,46.415174],[4.768687,46.415063],[4.768657,46.41497],[4.768637,46.414867],[4.768696,46.414787],[4.768702,46.414684],[4.768684,46.414684],[4.76866,46.414353],[4.768661,46.414312],[4.768691,46.414223],[4.768726,46.414158],[4.768771,46.414113],[4.768828,46.414059],[4.7688,46.414031],[4.768825,46.41397],[4.768813,46.413887],[4.768788,46.413843],[4.768757,46.413743],[4.768726,46.413653],[4.768682,46.413618],[4.768614,46.413555],[4.768561,46.413452],[4.768494,46.413299],[4.768462,46.41331],[4.768426,46.41322],[4.768419,46.413122],[4.768393,46.413067],[4.768389,46.413013],[4.768349,46.412914],[4.768279,46.412755],[4.768196,46.412626],[4.76813,46.412481],[4.768,46.412271],[4.767955,46.412197],[4.767896,46.411994],[4.767868,46.411896],[4.767853,46.411835],[4.767841,46.411766],[4.767833,46.411726],[4.767826,46.411463],[4.767821,46.411309],[4.767819,46.411156],[4.767812,46.410919],[4.76781,46.410721],[4.767806,46.41059],[4.767809,46.410529],[4.767815,46.410418],[4.767767,46.410284],[4.767717,46.410154],[4.767691,46.410099],[4.767623,46.409981],[4.767524,46.409801],[4.767452,46.409675],[4.767499,46.40953],[4.767515,46.40947],[4.767505,46.409265],[4.767507,46.409253],[4.767329,46.409263],[4.767025,46.409286],[4.766652,46.409354],[4.766199,46.4094],[4.766056,46.409418],[4.765813,46.409466],[4.765675,46.409502],[4.765517,46.40954],[4.765422,46.409557],[4.765318,46.409563],[4.765235,46.409554],[4.765168,46.409525],[4.76516,46.409534],[4.765151,46.409631],[4.765135,46.409788],[4.764873,46.409848],[4.764347,46.409979],[4.764199,46.410016],[4.764169,46.409983],[4.764148,46.409944],[4.764112,46.409837],[4.763754,46.409956],[4.76332,46.410105],[4.763059,46.410192],[4.762618,46.410342],[4.762177,46.41049],[4.761654,46.410668],[4.761199,46.410822],[4.760979,46.410897],[4.760502,46.411059],[4.759986,46.411232],[4.759605,46.411362],[4.759606,46.41139],[4.759634,46.411482],[4.759577,46.411492],[4.759264,46.411529],[4.759137,46.411536],[4.758876,46.411541],[4.758695,46.41156],[4.758588,46.411567],[4.758366,46.411632],[4.758247,46.411663],[4.758089,46.411691],[4.757883,46.411712],[4.757757,46.411726],[4.757595,46.41176],[4.757607,46.411787],[4.757302,46.411853],[4.757282,46.411867],[4.757178,46.411904],[4.756967,46.411913],[4.756864,46.411916],[4.756735,46.411919],[4.756725,46.411899],[4.756614,46.411905],[4.756554,46.411912],[4.756376,46.411947],[4.756314,46.41196],[4.756035,46.412017],[4.756089,46.412181],[4.75596,46.412233],[4.755808,46.412271],[4.755692,46.412281],[4.755658,46.412284],[4.755596,46.41222],[4.755568,46.412185],[4.755525,46.412101],[4.755042,46.412227],[4.754574,46.41235],[4.753787,46.412559],[4.753778,46.412583],[4.753721,46.412602],[4.75316,46.412768],[4.752296,46.413026],[4.751934,46.413135],[4.751059,46.413391],[4.750753,46.413482],[4.750626,46.41352],[4.749717,46.413786],[4.749542,46.413837],[4.749491,46.413857],[4.749354,46.413716],[4.749278,46.413622],[4.749075,46.413404],[4.748748,46.413062],[4.748114,46.413274],[4.747529,46.413468],[4.747145,46.413597],[4.747157,46.413608],[4.747273,46.413726],[4.747414,46.413862],[4.747514,46.413947],[4.747606,46.414022],[4.747682,46.414086],[4.747759,46.414151],[4.747827,46.414214],[4.747609,46.414298],[4.747273,46.414423],[4.746843,46.414582],[4.746456,46.414729],[4.746559,46.414876],[4.746573,46.414925],[4.746205,46.414966],[4.745542,46.415047],[4.745225,46.415086],[4.74491,46.41513],[4.744829,46.415142],[4.744786,46.415073],[4.744444,46.41512],[4.743837,46.415201],[4.743665,46.415228],[4.743722,46.41528],[4.74385,46.415362],[4.744006,46.415468],[4.744085,46.415538],[4.744165,46.415623],[4.744225,46.4157],[4.744309,46.415859],[4.744332,46.415918],[4.74434,46.41594],[4.74409,46.415967],[4.7439,46.415989],[4.743698,46.416022],[4.743282,46.4161],[4.743067,46.416145],[4.742983,46.416168],[4.742896,46.416206],[4.742606,46.416422],[4.742363,46.416591],[4.741984,46.416857],[4.741602,46.417127],[4.741046,46.417519],[4.740585,46.417839],[4.740034,46.418223],[4.739644,46.418496],[4.739413,46.418656],[4.738966,46.418967],[4.738873,46.419034],[4.738844,46.419055],[4.738829,46.418862],[4.738475,46.418917],[4.738008,46.418985],[4.737077,46.419122],[4.736875,46.419153],[4.736753,46.419192],[4.736733,46.419203],[4.736429,46.419154],[4.735724,46.419],[4.735146,46.418889],[4.734708,46.418843],[4.734287,46.418774],[4.734001,46.418704],[4.733874,46.418669],[4.733676,46.418573],[4.733128,46.418346],[4.732744,46.41825],[4.732245,46.418094],[4.732059,46.418028],[4.731911,46.418044],[4.731628,46.418109],[4.731151,46.418158],[4.731,46.418183],[4.730888,46.418221],[4.730648,46.418427],[4.730503,46.41849],[4.73039,46.418596],[4.730296,46.41872],[4.730218,46.418929],[4.730059,46.419304],[4.729867,46.41955],[4.729704,46.419727],[4.729517,46.420069],[4.729501,46.420251],[4.7294,46.4205],[4.729283,46.420762],[4.729118,46.420959],[4.728773,46.4212],[4.728165,46.421472],[4.727698,46.42163],[4.727535,46.421637],[4.727191,46.421687],[4.726996,46.421702],[4.726741,46.421736],[4.726523,46.421796],[4.726334,46.421888],[4.726119,46.421955],[4.725654,46.422213],[4.725489,46.422375],[4.725282,46.422623],[4.725014,46.422851],[4.724679,46.423153],[4.724451,46.423302],[4.724206,46.423521],[4.724201,46.42352],[4.724046,46.423677],[4.723821,46.42398],[4.7236,46.42436],[4.723332,46.424737],[4.723181,46.424896],[4.72302,46.425044],[4.722527,46.425347],[4.722197,46.425512],[4.722057,46.425551],[4.721568,46.425716],[4.721162,46.425778],[4.720725,46.425884],[4.720687,46.425875],[4.720555,46.425893],[4.720189,46.426018],[4.720028,46.426054],[4.719856,46.426072],[4.719673,46.426128],[4.719464,46.42617],[4.719309,46.426231],[4.71912,46.426313],[4.719083,46.426333],[4.718934,46.426349],[4.718773,46.426385],[4.718572,46.42644],[4.718402,46.426527],[4.718397,46.42652],[4.718263,46.426598],[4.718102,46.426728],[4.717968,46.426833],[4.717876,46.426886],[4.717824,46.426926],[4.717727,46.427044],[4.717644,46.427248],[4.717619,46.427288],[4.717552,46.42735],[4.717319,46.427474],[4.717034,46.427612],[4.716932,46.427687],[4.716863,46.427761],[4.716836,46.427811],[4.716838,46.427947],[4.71683,46.428085],[4.716739,46.428246],[4.7166,46.428408],[4.716436,46.428582],[4.716419,46.428599],[4.716208,46.428613],[4.715944,46.428624],[4.715633,46.428621],[4.715453,46.428613],[4.715477,46.428629],[4.715848,46.428943],[4.715889,46.428993],[4.715934,46.429098],[4.715935,46.429194],[4.715924,46.429256],[4.715954,46.429407],[4.715975,46.429481],[4.716025,46.429547],[4.716096,46.429593],[4.716211,46.429663],[4.716336,46.429735],[4.716388,46.429784],[4.71644,46.429844],[4.716463,46.429922],[4.716464,46.430017],[4.716433,46.430319],[4.716444,46.43042],[4.71648,46.430561],[4.716536,46.43076],[4.716577,46.430961],[4.716594,46.431295],[4.716611,46.431435],[4.716684,46.431489],[4.716801,46.431619],[4.716863,46.431694],[4.716911,46.431787],[4.716956,46.431908],[4.717024,46.432104],[4.716891,46.432271],[4.716789,46.432389],[4.716689,46.432489],[4.716512,46.432655],[4.716465,46.432727],[4.716431,46.432799],[4.716393,46.432886],[4.716349,46.433017],[4.71618,46.433249],[4.715948,46.433575],[4.715698,46.43387],[4.715495,46.434076],[4.715122,46.434381],[4.715081,46.434454],[4.714972,46.434654],[4.714863,46.434833],[4.7149,46.434862],[4.714949,46.434867],[4.715219,46.43514],[4.715387,46.435283],[4.715541,46.43544],[4.715745,46.435607],[4.715827,46.435681],[4.71589,46.435782],[4.715927,46.435833],[4.715971,46.435878],[4.716003,46.435978],[4.716064,46.436156],[4.716091,46.436193],[4.716144,46.436263],[4.716184,46.436339],[4.716251,46.436483],[4.716269,46.436542],[4.71624,46.436756],[4.716248,46.436829],[4.716271,46.436889],[4.716339,46.436962],[4.716459,46.437101],[4.716537,46.437238],[4.716608,46.437362],[4.71667,46.43745],[4.716728,46.437492],[4.716757,46.43753],[4.716804,46.437616],[4.716966,46.437681],[4.717067,46.43773],[4.71732,46.437867],[4.717584,46.437987],[4.717818,46.438105],[4.71792,46.438171],[4.717992,46.438231],[4.718191,46.438343],[4.718457,46.438497],[4.718466,46.438557],[4.718489,46.438586],[4.718659,46.438721],[4.718799,46.438826],[4.719025,46.438956],[4.719118,46.438991],[4.719158,46.439015],[4.719409,46.439179],[4.719687,46.439384],[4.720052,46.439631],[4.720092,46.439604],[4.720154,46.439633],[4.720238,46.439699],[4.720295,46.439765],[4.720345,46.439861],[4.720374,46.43994],[4.720395,46.440047],[4.720358,46.440068],[4.720402,46.440211],[4.720443,46.440272],[4.720559,46.440418],[4.720581,46.440483],[4.720618,46.440605],[4.720666,46.440807],[4.720715,46.44094],[4.720752,46.441069],[4.720882,46.441484],[4.721367,46.441413],[4.721466,46.441403],[4.721627,46.44141],[4.721828,46.441445],[4.722021,46.441467],[4.722271,46.441496],[4.722401,46.441497],[4.722551,46.441471],[4.722831,46.441428],[4.723245,46.441362],[4.723678,46.441296],[4.723865,46.441269],[4.724242,46.44123],[4.724421,46.441201],[4.724553,46.441177],[4.724748,46.441137],[4.725103,46.44102],[4.725326,46.440956],[4.725341,46.440566],[4.725353,46.440245],[4.725378,46.439828],[4.725372,46.439726],[4.725346,46.439599],[4.725262,46.439383],[4.725127,46.439093],[4.725335,46.439025],[4.725533,46.438965],[4.725801,46.438878],[4.725897,46.438848],[4.72594,46.438843],[4.725989,46.438851],[4.726027,46.43886],[4.72631,46.43887],[4.726462,46.438879],[4.726518,46.43874],[4.726531,46.438542],[4.726557,46.438359],[4.726577,46.438254],[4.726577,46.438232],[4.726521,46.43823],[4.72652,46.438167],[4.726551,46.438034],[4.726551,46.437834],[4.726542,46.437707],[4.726549,46.437391],[4.726528,46.437288],[4.726515,46.437125],[4.726483,46.437067],[4.726436,46.436889],[4.726378,46.436803],[4.726243,46.436596],[4.726244,46.436551],[4.72623,46.436431],[4.726216,46.436271],[4.726158,46.43613],[4.726142,46.436076],[4.726144,46.43592],[4.726162,46.435825],[4.726146,46.435761],[4.726082,46.435692],[4.72608,46.435651],[4.726068,46.435618],[4.726074,46.435536],[4.726023,46.43544],[4.726018,46.435398],[4.726043,46.435296],[4.726062,46.435196],[4.72607,46.435127],[4.726068,46.435046],[4.726036,46.434963],[4.726013,46.4349],[4.726007,46.43486],[4.725988,46.434788],[4.725979,46.434728],[4.725957,46.434692],[4.72586,46.434662],[4.72576,46.434612],[4.725753,46.434584],[4.725748,46.434517],[4.725866,46.434551],[4.725956,46.434555],[4.726045,46.434549],[4.726199,46.43452],[4.726321,46.434523],[4.726479,46.434525],[4.726721,46.434541],[4.726793,46.434536],[4.727018,46.434495],[4.727259,46.434453],[4.727616,46.434397],[4.727677,46.434384],[4.72779,46.434355],[4.727887,46.434343],[4.728001,46.43431],[4.72814,46.434291],[4.728327,46.434245],[4.728422,46.434227],[4.728508,46.434224],[4.7287,46.434196],[4.728988,46.434165],[4.729162,46.434152],[4.729335,46.434108],[4.72941,46.434105],[4.729653,46.434093],[4.729785,46.434099],[4.730042,46.434077],[4.730123,46.434058],[4.730196,46.434056],[4.730316,46.434028],[4.730438,46.434022],[4.73057,46.434],[4.730807,46.433981],[4.731014,46.433964],[4.731209,46.433947],[4.731272,46.433953],[4.731506,46.434015],[4.731571,46.434024],[4.731801,46.43402],[4.731855,46.434028],[4.731896,46.434082],[4.731932,46.434077],[4.732049,46.4341],[4.732028,46.434155],[4.731968,46.434263],[4.731962,46.434301],[4.731963,46.434369],[4.731982,46.434423],[4.732037,46.434506],[4.732049,46.434557],[4.732055,46.434672],[4.732071,46.434705],[4.732118,46.434776],[4.732131,46.434843],[4.732154,46.434865],[4.732193,46.434925],[4.73222,46.435013],[4.73223,46.435073],[4.732233,46.435144],[4.732251,46.435242],[4.732288,46.435349],[4.732289,46.435411],[4.732236,46.435417],[4.732244,46.435537],[4.732269,46.435612],[4.732295,46.435678],[4.732322,46.435767],[4.732311,46.435771],[4.732282,46.435777],[4.732238,46.435968],[4.732221,46.436111],[4.732205,46.436262],[4.732176,46.436414],[4.732172,46.436505],[4.732187,46.436642],[4.732198,46.436754],[4.732258,46.436907],[4.732349,46.437159],[4.732408,46.437293],[4.732453,46.437383],[4.732496,46.437492],[4.73256,46.437615],[4.732635,46.437705],[4.732769,46.437884],[4.732835,46.437963],[4.732859,46.438035],[4.732876,46.438105],[4.732919,46.438304],[4.732953,46.438458],[4.732966,46.438541],[4.732964,46.438605],[4.732931,46.438679],[4.732897,46.438742],[4.732833,46.438826],[4.732683,46.438973],[4.732635,46.439015],[4.732568,46.439089],[4.732406,46.439228],[4.73235,46.439277],[4.732308,46.439292],[4.732194,46.439326],[4.731906,46.439405],[4.731724,46.439455],[4.73163,46.439489],[4.73143,46.43959],[4.73122,46.439696],[4.730751,46.439762],[4.730781,46.439874],[4.730845,46.440027],[4.730954,46.440273],[4.730975,46.440342],[4.730991,46.44053],[4.730525,46.440587],[4.730291,46.440616],[4.730103,46.440657],[4.729756,46.440698],[4.729527,46.440727],[4.72898,46.440806],[4.728726,46.440842],[4.728702,46.440842],[4.728589,46.44081],[4.728376,46.440744],[4.728299,46.440712],[4.728225,46.440672],[4.72812,46.440581],[4.728068,46.440552],[4.728014,46.44053],[4.727648,46.440425],[4.727516,46.440302],[4.727458,46.440337],[4.72744,46.440337],[4.727385,46.440548],[4.727266,46.440782],[4.727161,46.440999],[4.727084,46.441039],[4.726918,46.441104],[4.726821,46.441171],[4.726736,46.441247],[4.726677,46.441339],[4.726658,46.441443],[4.726666,46.441736],[4.726657,46.441871],[4.726628,46.442006],[4.726651,46.442029],[4.726721,46.44211],[4.726792,46.442233],[4.726865,46.442321],[4.726904,46.44236],[4.726952,46.442396],[4.727018,46.442503],[4.727054,46.442553],[4.727096,46.44265],[4.727154,46.442732],[4.72719,46.442772],[4.727202,46.442819],[4.727225,46.442847],[4.727243,46.442938],[4.727262,46.442994],[4.727339,46.443086],[4.727375,46.443148],[4.727404,46.443223],[4.727443,46.443265],[4.727468,46.443319],[4.727485,46.443373],[4.727497,46.443465],[4.727502,46.443693],[4.727495,46.443861],[4.72749,46.443912],[4.727737,46.443904],[4.72785,46.443884],[4.727977,46.443839],[4.728227,46.443696],[4.728695,46.443399],[4.728736,46.443426],[4.729012,46.443586],[4.729094,46.443662],[4.729473,46.443874],[4.729514,46.443899],[4.729424,46.444056],[4.729634,46.44417],[4.730345,46.444607],[4.730493,46.444712],[4.730653,46.444785],[4.730704,46.444822],[4.730839,46.444938],[4.73104,46.445003],[4.731126,46.445035],[4.731346,46.445115],[4.731585,46.44522],[4.731545,46.445366],[4.731541,46.445512],[4.731614,46.445633],[4.731642,46.445721],[4.731672,46.445838],[4.731773,46.445973],[4.73179,46.446055],[4.731911,46.446244],[4.732001,46.44624],[4.732205,46.446204],[4.732353,46.44619],[4.73256,46.446193],[4.732832,46.446203],[4.733034,46.446232],[4.733403,46.4463],[4.73347,46.446315],[4.73374,46.446385],[4.734076,46.446478],[4.734352,46.44656],[4.734426,46.446574],[4.734463,46.446576],[4.734583,46.446618],[4.734598,46.44662],[4.734545,46.446733],[4.734589,46.446748],[4.734768,46.446823],[4.734898,46.446888],[4.735096,46.446926],[4.735435,46.447049],[4.73576,46.447272],[4.735914,46.447405],[4.735856,46.447578],[4.735877,46.447615],[4.735906,46.447642],[4.735707,46.447772],[4.735502,46.44793],[4.73518,46.448236],[4.734997,46.448401],[4.734863,46.44855],[4.734599,46.448773],[4.734479,46.44888],[4.73424,46.449165],[4.734158,46.449236],[4.733842,46.44945],[4.733769,46.449385],[4.733619,46.449474],[4.733361,46.449656],[4.733145,46.449823],[4.732947,46.449941],[4.732643,46.450171],[4.732134,46.450588],[4.731973,46.450718],[4.73191,46.450847],[4.731789,46.451074],[4.731756,46.451127],[4.731675,46.451242],[4.731396,46.451281],[4.731352,46.451303],[4.731563,46.451513],[4.731766,46.451688],[4.731319,46.451975],[4.730935,46.452118],[4.730948,46.452136],[4.731089,46.452294],[4.731124,46.452346],[4.731179,46.452457],[4.731217,46.452528],[4.731278,46.452646],[4.731383,46.45266],[4.731568,46.452716],[4.731672,46.452735],[4.731757,46.45273],[4.731799,46.452738],[4.731934,46.452723],[4.73204,46.452767],[4.732185,46.452799],[4.732242,46.452832],[4.73276,46.452904],[4.733032,46.452941],[4.73324,46.453],[4.733379,46.453053],[4.733834,46.453376],[4.733871,46.453442],[4.73401,46.453578],[4.734095,46.453648],[4.734364,46.453831],[4.734476,46.453904],[4.735009,46.45417],[4.735324,46.454349],[4.735395,46.454394],[4.735762,46.454544],[4.736006,46.454677],[4.736202,46.454763],[4.736294,46.454837],[4.736368,46.454891],[4.736476,46.454949],[4.736733,46.45507],[4.736791,46.455177],[4.736877,46.455243],[4.737109,46.455362],[4.737288,46.455432],[4.737521,46.455522],[4.737665,46.455603],[4.737902,46.455738],[4.738137,46.455843],[4.738386,46.455961],[4.7386,46.455798],[4.738696,46.455744],[4.738772,46.455717],[4.739032,46.455668],[4.739382,46.455485],[4.73964,46.455354],[4.74011,46.455104],[4.740695,46.454793],[4.740764,46.454794],[4.741059,46.454653],[4.741369,46.454469],[4.741412,46.454433],[4.741524,46.454351],[4.741796,46.454175],[4.74215,46.454314],[4.742532,46.454483],[4.742804,46.454591],[4.742971,46.454698],[4.743041,46.454753],[4.7431,46.454833],[4.743149,46.454932],[4.743176,46.455004],[4.743295,46.455069],[4.743336,46.455085],[4.743427,46.455084],[4.743472,46.455095],[4.743543,46.455129],[4.743612,46.455185],[4.743638,46.455203],[4.743702,46.455221],[4.743744,46.455235],[4.743762,46.45525],[4.743791,46.455267],[4.744001,46.455342],[4.744049,46.455363],[4.744107,46.455405],[4.744144,46.455425],[4.744198,46.455376],[4.744228,46.455365],[4.744268,46.455362],[4.744354,46.455368],[4.744399,46.455345],[4.744434,46.455337],[4.744481,46.455342],[4.744523,46.455342],[4.744559,46.45533],[4.744591,46.45529],[4.744623,46.455283],[4.744663,46.455269],[4.744695,46.455235],[4.744774,46.455218],[4.744812,46.455201],[4.744851,46.455155],[4.744904,46.455135],[4.744927,46.455113],[4.744992,46.455079],[4.74509,46.455029],[4.74514,46.45502],[4.745185,46.455012],[4.745248,46.454999],[4.74526,46.454983],[4.745278,46.454957],[4.745298,46.454949],[4.745337,46.454947],[4.74539,46.454962],[4.745438,46.454972],[4.745481,46.454968],[4.745605,46.454924],[4.745774,46.454857],[4.745813,46.454852],[4.745919,46.45486],[4.745999,46.454863],[4.746117,46.454847],[4.746212,46.454821],[4.746256,46.454812],[4.746327,46.454783],[4.746471,46.454756],[4.746523,46.454743],[4.746668,46.454679],[4.746731,46.454683],[4.746783,46.454689],[4.746868,46.454667],[4.746945,46.454649],[4.74703,46.454639],[4.747092,46.454579],[4.747161,46.454526],[4.747181,46.45451],[4.747217,46.454459],[4.74726,46.454436],[4.74731,46.454403],[4.747335,46.454375],[4.747331,46.454311],[4.747384,46.454297],[4.747431,46.454135],[4.747497,46.454065],[4.747535,46.454018],[4.747564,46.453987],[4.747609,46.453957],[4.747667,46.453933],[4.747755,46.453925],[4.747808,46.453808],[4.747883,46.453663],[4.747941,46.453537],[4.748015,46.453353],[4.748113,46.453129],[4.748125,46.453093],[4.748115,46.453046],[4.748074,46.452818],[4.747988,46.452393],[4.747943,46.452193],[4.747867,46.451978],[4.747833,46.451923],[4.747693,46.451657],[4.747566,46.451453],[4.747421,46.451236],[4.747281,46.450988],[4.747203,46.4508],[4.747069,46.450523],[4.747023,46.450424],[4.746955,46.450259],[4.746824,46.449977],[4.746687,46.449707],[4.746617,46.449585],[4.746779,46.449444],[4.746834,46.449394],[4.74698,46.449236],[4.747038,46.449165],[4.74707,46.449121],[4.747166,46.448956],[4.747198,46.448889],[4.747296,46.448652],[4.747336,46.448548],[4.747416,46.448371],[4.747448,46.448292],[4.747466,46.448107],[4.747467,46.447976],[4.747703,46.447939],[4.747809,46.447927],[4.747949,46.447915],[4.748217,46.447919],[4.748259,46.447938],[4.748915,46.447955],[4.749219,46.447955],[4.749626,46.447933],[4.749624,46.447943],[4.749616,46.44803],[4.749542,46.448203],[4.749505,46.448295],[4.749455,46.44847],[4.749435,46.448558],[4.749421,46.448689],[4.749425,46.448778],[4.749429,46.448817],[4.749474,46.448944],[4.74949,46.448977],[4.749685,46.449285],[4.749885,46.449609],[4.750022,46.449821],[4.750191,46.450099],[4.750382,46.450394],[4.750555,46.450671],[4.750758,46.450995],[4.750916,46.45125],[4.751036,46.451441],[4.751072,46.451494],[4.751172,46.451431],[4.751382,46.451305],[4.751532,46.451206],[4.751751,46.451074],[4.751892,46.450984],[4.751965,46.450941],[4.752123,46.450857],[4.75222,46.450798],[4.752342,46.450729],[4.752448,46.45067],[4.752521,46.450631],[4.752603,46.45058],[4.752853,46.450447],[4.752947,46.450393],[4.753008,46.450383],[4.753025,46.450379],[4.753044,46.450237],[4.75307,46.449956],[4.753082,46.449775],[4.753101,46.449669],[4.753143,46.449485],[4.753174,46.449336],[4.753192,46.449242],[4.753223,46.449156],[4.753398,46.449109],[4.753567,46.449066],[4.753888,46.449022],[4.753965,46.448687],[4.753939,46.449013],[4.753919,46.449126],[4.753933,46.449126],[4.755208,46.449123],[4.755962,46.449121],[4.756015,46.448931],[4.756038,46.44883],[4.756045,46.448741],[4.75604,46.448681],[4.756035,46.448635],[4.756023,46.448592],[4.755998,46.448505],[4.755967,46.448438],[4.755933,46.448368],[4.755921,46.448254],[4.755931,46.448051],[4.755946,46.447925],[4.755967,46.447844],[4.755979,46.447812],[4.756007,46.447769],[4.756043,46.447733],[4.756069,46.447716],[4.756084,46.447707],[4.756102,46.447701],[4.75612,46.447696],[4.756269,46.447676],[4.756393,46.447656],[4.756544,46.447621],[4.756594,46.447607],[4.756717,46.447565],[4.756963,46.447477],[4.757233,46.44738],[4.757488,46.447271],[4.757683,46.447188],[4.7578,46.44714],[4.757957,46.447076],[4.758052,46.447041],[4.758209,46.446985],[4.758366,46.446932],[4.75849,46.446892],[4.75879,46.446805],[4.758989,46.446731],[4.759143,46.446677],[4.759247,46.446658],[4.759377,46.446628],[4.759656,46.446615],[4.760237,46.446577],[4.760441,46.446565],[4.761104,46.446521],[4.761469,46.4465],[4.761971,46.446466],[4.762206,46.446442],[4.762366,46.44642],[4.762901,46.446329],[4.763118,46.446292],[4.763275,46.446255],[4.763512,46.446199],[4.763529,46.446194],[4.763513,46.446158],[4.763534,46.446152],[4.764477,46.445911],[4.76495,46.445794],[4.765828,46.44558],[4.76696,46.445265],[4.768053,46.444955],[4.768065,46.444952],[4.768119,46.444938],[4.768612,46.445764],[4.768729,46.445726],[4.769533,46.445491],[4.769882,46.445391],[4.769896,46.445296],[4.770213,46.4452],[4.770681,46.445053],[4.770714,46.445046],[4.77077,46.445027],[4.770778,46.445036],[4.77079,46.445033],[4.77109,46.444972],[4.77113,46.444959],[4.771481,46.444839],[4.772375,46.444539],[4.772644,46.44445],[4.773099,46.444297],[4.773286,46.444539],[4.773325,46.444587],[4.773611,46.444477],[4.773584,46.444442],[4.773726,46.444381],[4.774001,46.44426],[4.774058,46.444314],[4.774675,46.444013],[4.77481,46.444142],[4.775314,46.443893],[4.775353,46.443871],[4.775576,46.443955],[4.775843,46.444117],[4.776106,46.444242],[4.77634,46.444379],[4.776389,46.44435],[4.776649,46.444225],[4.777718,46.443716],[4.778426,46.44338],[4.778479,46.443355],[4.77859,46.443407],[4.778579,46.443327],[4.778455,46.442707],[4.778356,46.442255],[4.778336,46.442054],[4.778301,46.441854],[4.778291,46.441824],[4.778255,46.441749],[4.778145,46.441341],[4.778097,46.441125],[4.778042,46.440981],[4.777825,46.440287],[4.777662,46.439852],[4.77764,46.439763],[4.777583,46.439473],[4.777494,46.439038],[4.777449,46.438848],[4.777412,46.43867],[4.777362,46.438509],[4.777328,46.438378],[4.7773,46.4382],[4.777235,46.437895],[4.777189,46.437732],[4.7771,46.437448],[4.777066,46.437204],[4.777044,46.437035],[4.777018,46.436902],[4.776962,46.43672],[4.776854,46.436415],[4.77676,46.436199],[4.776644,46.436032],[4.776528,46.435854],[4.776437,46.435684],[4.776315,46.43549],[4.776247,46.435353],[4.776117,46.435159],[4.775893,46.434812],[4.775795,46.434664],[4.775651,46.434431],[4.775475,46.434125],[4.775443,46.434048],[4.77537,46.433887],[4.775324,46.433768],[4.775294,46.433686],[4.775247,46.433557],[4.775202,46.433379],[4.77524,46.433048],[4.775278,46.43268],[4.775284,46.43219],[4.77529,46.431995],[4.775355,46.431657],[4.775391,46.431444],[4.775418,46.431247],[4.775446,46.430989],[4.775502,46.430763],[4.775745,46.430161],[4.775908,46.429751],[4.776078,46.429303],[4.776258,46.428812],[4.776304,46.42866],[4.776474,46.428155],[4.775966,46.4275],[4.775589,46.426995],[4.775052,46.426278],[4.774832,46.425968],[4.774451,46.425439],[4.773961,46.424777],[4.773948,46.424764],[4.774013,46.424762]]]]}}]}
