{"type":"FeatureCollection","features":[{"type":"Feature","id":"inao-denom-2070","properties":{"id":"inao-denom-2070","name":"Mâcon Loché","tier":"regional","kind":"appellation","appellationId":583,"denominationId":2070,"sourceName":"Mâcon Loché","communes":["71270"],"areaHa":86.69},"geometry":{"type":"MultiPolygon","coordinates":[[[[4.766189,46.275318],[4.765993,46.275322],[4.765708,46.27533],[4.765542,46.275333],[4.765463,46.275335],[4.765359,46.275334],[4.765148,46.275327],[4.764883,46.275319],[4.764604,46.27531],[4.764201,46.275297],[4.764015,46.27529],[4.763911,46.275287],[4.763835,46.275283],[4.763703,46.275294],[4.763449,46.275313],[4.76311,46.275338],[4.762868,46.275355],[4.762815,46.27536],[4.762676,46.275385],[4.762607,46.275399],[4.762361,46.2755],[4.762308,46.275513],[4.762295,46.275518],[4.762282,46.275523],[4.762259,46.275527],[4.762237,46.275531],[4.762178,46.275542],[4.762095,46.275555],[4.761963,46.275576],[4.761803,46.275599],[4.761707,46.275612],[4.761679,46.275616],[4.761669,46.275618],[4.761596,46.275639],[4.761438,46.275684],[4.761252,46.275736],[4.761132,46.275768],[4.761072,46.275786],[4.761012,46.275807],[4.760968,46.275822],[4.760936,46.275834],[4.760837,46.27587],[4.760748,46.275902],[4.760664,46.275933],[4.760615,46.275953],[4.760559,46.275987],[4.760484,46.276035],[4.760363,46.276113],[4.760284,46.276166],[4.760202,46.276218],[4.760138,46.276258],[4.760105,46.276286],[4.760083,46.276295],[4.760045,46.276314],[4.759995,46.276339],[4.759935,46.276362],[4.759868,46.27639],[4.759826,46.276406],[4.759761,46.276422],[4.759709,46.276435],[4.759687,46.276438],[4.759577,46.276451],[4.759387,46.276472],[4.759233,46.276489],[4.759035,46.276511],[4.758909,46.276524],[4.758969,46.277018],[4.758969,46.277019],[4.75871,46.277039],[4.758705,46.277124],[4.7587,46.277227],[4.758699,46.277304],[4.758699,46.277342],[4.758705,46.277384],[4.758707,46.277417],[4.758721,46.277439],[4.758737,46.277466],[4.758755,46.277485],[4.758775,46.277505],[4.758787,46.277517],[4.758798,46.277524],[4.75882,46.277538],[4.758856,46.277553],[4.758872,46.277558],[4.758899,46.277567],[4.758929,46.277577],[4.75895,46.27758],[4.759039,46.277593],[4.759212,46.277619],[4.759364,46.277641],[4.759415,46.277649],[4.759517,46.277657],[4.759644,46.277669],[4.759839,46.277651],[4.759804,46.277228],[4.759794,46.277117],[4.759884,46.277116],[4.759887,46.277117],[4.760079,46.27712],[4.76015,46.277121],[4.760256,46.277124],[4.760365,46.277127],[4.760505,46.277143],[4.760752,46.277173],[4.760915,46.277193],[4.761058,46.277196],[4.761308,46.277203],[4.761605,46.277208],[4.761701,46.277211],[4.761883,46.277216],[4.762187,46.277225],[4.76256,46.277238],[4.762463,46.276747],[4.762446,46.27666],[4.762495,46.276638],[4.762504,46.276685],[4.762719,46.27668],[4.762904,46.276676],[4.763077,46.276672],[4.763191,46.276696],[4.763224,46.276703],[4.763205,46.27676],[4.763184,46.27684],[4.763161,46.276944],[4.76314,46.277021],[4.763134,46.277041],[4.763133,46.277054],[4.763134,46.277067],[4.763134,46.277078],[4.763139,46.277091],[4.763166,46.277149],[4.76321,46.277255],[4.763309,46.277257],[4.763452,46.277264],[4.763624,46.277272],[4.763788,46.277279],[4.763841,46.277282],[4.763971,46.277296],[4.764166,46.277321],[4.764213,46.277327],[4.764307,46.277341],[4.764442,46.277361],[4.76451,46.277373],[4.764513,46.277373],[4.764601,46.277398],[4.764691,46.277423],[4.764785,46.277453],[4.764814,46.277352],[4.764859,46.277196],[4.765305,46.277316],[4.765318,46.277296],[4.76542,46.277112],[4.76585,46.277125],[4.765856,46.277059],[4.765868,46.276912],[4.765871,46.276907],[4.765883,46.27689],[4.765954,46.276779],[4.76601,46.276691],[4.766138,46.276535],[4.766142,46.276523],[4.766155,46.276474],[4.766166,46.27644],[4.766181,46.276375],[4.766199,46.276318],[4.766223,46.276242],[4.766235,46.276196],[4.766269,46.276113],[4.766285,46.276078],[4.766299,46.276048],[4.766304,46.276037],[4.766332,46.275977],[4.766354,46.275931],[4.766421,46.27582],[4.766441,46.275786],[4.766448,46.275776],[4.766497,46.275697],[4.766536,46.275627],[4.766544,46.275612],[4.766599,46.275519],[4.766613,46.275496],[4.766684,46.275376],[4.766652,46.275343],[4.766515,46.275332],[4.766323,46.27532],[4.766287,46.275319],[4.766189,46.275318]]],[[[4.760451,46.277328],[4.760512,46.277296],[4.760567,46.277266],[4.760619,46.277238],[4.760683,46.277205],[4.760513,46.277186],[4.760387,46.277174],[4.760258,46.277162],[4.760267,46.277428],[4.760378,46.277368],[4.760451,46.277328]]],[[[4.760858,46.277259],[4.760781,46.277284],[4.760692,46.277313],[4.760656,46.277326],[4.760654,46.277326],[4.760619,46.277344],[4.76059,46.277359],[4.760559,46.277376],[4.760528,46.277393],[4.760464,46.27743],[4.760382,46.277471],[4.760234,46.277565],[4.760165,46.277602],[4.760137,46.27762],[4.761451,46.277597],[4.761463,46.277575],[4.761484,46.277518],[4.7615,46.277467],[4.761562,46.277323],[4.761528,46.277291],[4.761468,46.277275],[4.761283,46.277269],[4.760963,46.277263],[4.760959,46.277263],[4.760858,46.277259]]],[[[4.759867,46.277703],[4.759815,46.277713],[4.759703,46.277723],[4.759649,46.277728],[4.759637,46.277728],[4.759574,46.277728],[4.759516,46.277728],[4.759487,46.277727],[4.759343,46.277708],[4.759214,46.277691],[4.759078,46.277672],[4.759014,46.277662],[4.758974,46.277654],[4.758964,46.277652],[4.75883,46.277618],[4.758788,46.277604],[4.758757,46.277589],[4.758725,46.27757],[4.758701,46.277555],[4.758684,46.277536],[4.758662,46.277513],[4.758635,46.277546],[4.758593,46.277618],[4.758568,46.277656],[4.758564,46.27767],[4.758548,46.277738],[4.75852,46.27786],[4.758497,46.27795],[4.758468,46.27804],[4.758438,46.278123],[4.759006,46.278143],[4.760093,46.278178],[4.760053,46.277653],[4.760014,46.277667],[4.759996,46.277673],[4.759973,46.277683],[4.759933,46.277691],[4.759867,46.277703]]],[[[4.764417,46.277426],[4.764268,46.277401],[4.764253,46.277397],[4.76422,46.277395],[4.763979,46.277373],[4.763799,46.277355],[4.7637,46.277347],[4.763413,46.277319],[4.763404,46.277318],[4.763354,46.277318],[4.763291,46.277318],[4.763241,46.277321],[4.763185,46.277323],[4.763005,46.277324],[4.762908,46.277325],[4.762905,46.277529],[4.762767,46.277537],[4.762768,46.277703],[4.762478,46.277706],[4.762492,46.277318],[4.76249,46.277304],[4.762258,46.2773],[4.762053,46.277298],[4.761916,46.277294],[4.761704,46.277293],[4.761641,46.277323],[4.761606,46.277423],[4.761549,46.277568],[4.761531,46.277607],[4.761523,46.277622],[4.761467,46.277708],[4.761339,46.277898],[4.761247,46.278023],[4.761234,46.278067],[4.761183,46.278197],[4.761701,46.278155],[4.762202,46.278111],[4.762464,46.27809],[4.762465,46.278079],[4.762563,46.278077],[4.762583,46.278588],[4.76259,46.27858],[4.762593,46.278543],[4.762596,46.278531],[4.762608,46.27851],[4.762623,46.2785],[4.762639,46.278492],[4.762665,46.278481],[4.762679,46.278477],[4.762713,46.278466],[4.762738,46.278456],[4.76276,46.278455],[4.7628,46.278453],[4.762813,46.27845],[4.762821,46.278448],[4.762837,46.27844],[4.762855,46.278428],[4.762877,46.278434],[4.763129,46.278469],[4.763141,46.27847],[4.763154,46.278471],[4.763201,46.278465],[4.763221,46.278463],[4.763372,46.278466],[4.763463,46.278468],[4.763461,46.278445],[4.763511,46.278441],[4.763609,46.278431],[4.763662,46.278427],[4.763717,46.278424],[4.763769,46.278427],[4.763847,46.278427],[4.763922,46.278432],[4.764006,46.278445],[4.764036,46.27845],[4.764183,46.278469],[4.764329,46.278499],[4.764463,46.278525],[4.764481,46.278527],[4.764509,46.27853],[4.764538,46.278531],[4.764565,46.278533],[4.764631,46.278517],[4.764766,46.278376],[4.764965,46.278128],[4.765073,46.278015],[4.76533,46.277865],[4.765504,46.277753],[4.76531,46.277694],[4.765102,46.277627],[4.764853,46.277549],[4.764643,46.277483],[4.764524,46.277446],[4.764417,46.277426]]],[[[4.76522,46.278875],[4.76521,46.278873],[4.76519,46.278869],[4.76516,46.27886],[4.765137,46.278853],[4.76512,46.278848],[4.765107,46.278846],[4.765077,46.278833],[4.765029,46.278818],[4.76498,46.278799],[4.764925,46.278781],[4.764897,46.278769],[4.764865,46.278759],[4.764845,46.278751],[4.764793,46.27872],[4.76472,46.278678],[4.764679,46.278657],[4.76466,46.278645],[4.764637,46.278631],[4.764612,46.278617],[4.764597,46.278607],[4.764586,46.2786],[4.764531,46.278594],[4.764522,46.278593],[4.764474,46.278584],[4.764426,46.278575],[4.764376,46.278565],[4.764325,46.278551],[4.76426,46.278536],[4.764202,46.278523],[4.764163,46.278515],[4.764152,46.278513],[4.764121,46.278514],[4.76411,46.278514],[4.764096,46.278514],[4.764084,46.278513],[4.764054,46.27851],[4.764033,46.278506],[4.764005,46.278499],[4.763937,46.278489],[4.763919,46.278486],[4.763869,46.27848],[4.763822,46.278473],[4.763774,46.278465],[4.763702,46.278472],[4.763687,46.278473],[4.763661,46.278475],[4.76366,46.278485],[4.763686,46.27871],[4.763708,46.278875],[4.763714,46.278982],[4.763728,46.279183],[4.763736,46.279333],[4.763746,46.279523],[4.76379,46.279548],[4.76395,46.279545],[4.764355,46.279532],[4.764857,46.279514],[4.765353,46.279495],[4.765354,46.279482],[4.765318,46.279482],[4.765312,46.279431],[4.76531,46.279393],[4.765312,46.279384],[4.765342,46.279329],[4.765384,46.279242],[4.765381,46.279208],[4.765381,46.27912],[4.76538,46.279097],[4.76538,46.279055],[4.765382,46.278959],[4.765328,46.278932],[4.765281,46.278904],[4.765266,46.278895],[4.765251,46.278887],[4.765231,46.27888],[4.76522,46.278875]]],[[[4.760871,46.280113],[4.760867,46.279968],[4.760857,46.279774],[4.760828,46.279261],[4.760815,46.27898],[4.760812,46.278948],[4.76089,46.278749],[4.760901,46.27872],[4.760923,46.278664],[4.760954,46.278579],[4.760989,46.278491],[4.76101,46.278434],[4.760505,46.278418],[4.76007,46.278402],[4.760058,46.278551],[4.759698,46.27854],[4.759888,46.279072],[4.759317,46.27905],[4.758582,46.279022],[4.758589,46.279068],[4.758596,46.279091],[4.758593,46.27913],[4.758593,46.279178],[4.758588,46.27924],[4.758587,46.279262],[4.758581,46.279273],[4.758554,46.279338],[4.758517,46.279424],[4.758497,46.279464],[4.758442,46.279567],[4.758428,46.279594],[4.758374,46.279705],[4.758352,46.27975],[4.758285,46.279916],[4.758201,46.280108],[4.7582,46.280113],[4.758194,46.280122],[4.758173,46.280159],[4.758144,46.280205],[4.75806,46.280348],[4.758264,46.280382],[4.758583,46.280431],[4.758759,46.280459],[4.758848,46.280474],[4.758934,46.280483],[4.759163,46.280508],[4.759363,46.280532],[4.759437,46.28054],[4.759753,46.280571],[4.759922,46.280587],[4.759998,46.280586],[4.760125,46.280581],[4.760244,46.280577],[4.760484,46.28057],[4.760696,46.280561],[4.760718,46.280561],[4.760801,46.280558],[4.760857,46.280554],[4.761223,46.280529],[4.761498,46.280509],[4.761589,46.280513],[4.761646,46.280517],[4.761427,46.280414],[4.761424,46.280412],[4.761206,46.280316],[4.761087,46.280246],[4.760913,46.28014],[4.760871,46.280113]]],[[[4.763694,46.279776],[4.76369,46.279653],[4.763688,46.279573],[4.763683,46.279526],[4.763675,46.279417],[4.76366,46.279184],[4.763645,46.278936],[4.76364,46.278878],[4.763616,46.278688],[4.763594,46.278492],[4.76359,46.27848],[4.763557,46.278483],[4.763545,46.278482],[4.763523,46.278484],[4.763493,46.278484],[4.763483,46.278483],[4.763452,46.278484],[4.763365,46.278482],[4.76325,46.278479],[4.763199,46.278487],[4.763177,46.27849],[4.76316,46.278491],[4.763116,46.278487],[4.763008,46.278473],[4.7629,46.278462],[4.762872,46.278465],[4.762846,46.278469],[4.762818,46.278472],[4.762793,46.278473],[4.762769,46.278474],[4.762749,46.278474],[4.762738,46.278477],[4.762728,46.27848],[4.762712,46.278487],[4.762693,46.278494],[4.762677,46.2785],[4.762663,46.278505],[4.762654,46.27851],[4.762645,46.278518],[4.762637,46.278532],[4.76263,46.278542],[4.762623,46.278555],[4.76262,46.278566],[4.762621,46.278576],[4.76262,46.278582],[4.762618,46.278589],[4.76261,46.278595],[4.762588,46.278604],[4.762578,46.27861],[4.762567,46.278614],[4.762519,46.278621],[4.76245,46.27863],[4.762403,46.278639],[4.762324,46.278659],[4.762313,46.278662],[4.762296,46.278662],[4.762271,46.27866],[4.762211,46.278673],[4.762047,46.278709],[4.762053,46.278756],[4.762062,46.278811],[4.762104,46.279143],[4.762137,46.279402],[4.762155,46.279528],[4.762174,46.279668],[4.762196,46.27979],[4.762201,46.279826],[4.762228,46.279971],[4.762265,46.28016],[4.7623,46.280322],[4.762338,46.280498],[4.762618,46.280471],[4.762621,46.280471],[4.762739,46.28046],[4.762927,46.280443],[4.76302,46.280414],[4.763391,46.28039],[4.763828,46.280364],[4.763753,46.280139],[4.763725,46.28005],[4.763701,46.279982],[4.763696,46.279878],[4.763694,46.279776]]],[[[4.762027,46.279055],[4.761998,46.278838],[4.761981,46.278722],[4.761964,46.278554],[4.761041,46.278582],[4.760982,46.278719],[4.760946,46.27883],[4.760897,46.278954],[4.760903,46.279088],[4.760906,46.27916],[4.760929,46.279534],[4.760942,46.279827],[4.760948,46.279938],[4.760953,46.280094],[4.761257,46.280271],[4.76154,46.280401],[4.761793,46.280522],[4.762027,46.280512],[4.76227,46.280502],[4.762205,46.280188],[4.762156,46.279945],[4.762135,46.279833],[4.762101,46.279597],[4.762064,46.27932],[4.762027,46.279055]]],[[[4.765259,46.279546],[4.765005,46.279555],[4.764731,46.279563],[4.764376,46.279576],[4.763973,46.279588],[4.763777,46.279595],[4.763744,46.279624],[4.763744,46.279687],[4.763748,46.279845],[4.763755,46.279982],[4.763763,46.28],[4.763786,46.280072],[4.763825,46.280191],[4.763882,46.280361],[4.764053,46.280354],[4.764359,46.280334],[4.764493,46.280325],[4.764528,46.280322],[4.764827,46.280303],[4.765071,46.280206],[4.76519,46.280154],[4.765327,46.280126],[4.76552,46.280082],[4.76564,46.280077],[4.765811,46.280072],[4.765841,46.279892],[4.765842,46.279875],[4.765844,46.279861],[4.765852,46.279767],[4.765801,46.279767],[4.765354,46.279775],[4.765395,46.27964],[4.765868,46.279641],[4.765889,46.279571],[4.765886,46.279563],[4.765711,46.279555],[4.765523,46.279546],[4.765437,46.279542],[4.765421,46.27954],[4.765259,46.279546]]],[[[4.759957,46.281085],[4.759951,46.28111],[4.759952,46.281142],[4.759945,46.281276],[4.759941,46.281468],[4.759941,46.281496],[4.759926,46.281508],[4.759918,46.281517],[4.759911,46.281528],[4.759924,46.281575],[4.759934,46.281636],[4.759949,46.281696],[4.759957,46.281728],[4.759968,46.281754],[4.759986,46.2818],[4.760004,46.281843],[4.760015,46.281864],[4.760078,46.281989],[4.760142,46.282114],[4.760156,46.282142],[4.760161,46.282157],[4.760173,46.282265],[4.760205,46.282527],[4.760287,46.282531],[4.760425,46.282396],[4.760445,46.282379],[4.760542,46.282299],[4.760648,46.282213],[4.760717,46.282158],[4.760748,46.282123],[4.760787,46.282082],[4.760798,46.282068],[4.760809,46.28205],[4.760819,46.282029],[4.760836,46.281977],[4.760864,46.281865],[4.760872,46.281838],[4.760918,46.281687],[4.760941,46.281616],[4.760946,46.281591],[4.760954,46.281561],[4.76096,46.281526],[4.760964,46.281496],[4.760979,46.281373],[4.760987,46.281339],[4.760996,46.281295],[4.761021,46.281216],[4.761075,46.281056],[4.761098,46.28099],[4.761105,46.280975],[4.761109,46.280968],[4.761184,46.280906],[4.761364,46.280759],[4.761501,46.280644],[4.761591,46.280568],[4.760806,46.280624],[4.760469,46.280642],[4.760038,46.28067],[4.760007,46.28081],[4.75998,46.280975],[4.759957,46.281085]]],[[[4.764651,46.282161],[4.764763,46.2823],[4.764819,46.282316],[4.764849,46.282313],[4.76522,46.282289],[4.7657,46.282256],[4.766231,46.28222],[4.766771,46.282181],[4.76686,46.282101],[4.766853,46.282033],[4.766757,46.281892],[4.766695,46.281802],[4.766623,46.28169],[4.766602,46.281637],[4.766564,46.28153],[4.766537,46.281449],[4.766533,46.281438],[4.766499,46.281283],[4.766484,46.281221],[4.765703,46.281319],[4.765785,46.281308],[4.765714,46.280996],[4.765482,46.281025],[4.765363,46.281039],[4.764792,46.281109],[4.764311,46.281173],[4.764241,46.281185],[4.764289,46.281445],[4.764262,46.281448],[4.764233,46.281452],[4.764175,46.281111],[4.764135,46.280892],[4.764119,46.280799],[4.76407,46.280522],[4.764032,46.280524],[4.763857,46.280531],[4.763554,46.280543],[4.763249,46.280554],[4.763116,46.28056],[4.762905,46.280571],[4.762759,46.28058],[4.762506,46.280599],[4.762535,46.280716],[4.762573,46.280861],[4.762601,46.280978],[4.762754,46.281578],[4.762716,46.281574],[4.762626,46.281314],[4.762593,46.281178],[4.762548,46.280993],[4.762499,46.280798],[4.762447,46.280593],[4.762401,46.28059],[4.76225,46.28061],[4.761968,46.280647],[4.761673,46.280687],[4.761531,46.280707],[4.761486,46.280745],[4.761292,46.280902],[4.761168,46.281006],[4.76115,46.281058],[4.761087,46.281234],[4.761045,46.281357],[4.761042,46.281375],[4.761023,46.281492],[4.761009,46.281566],[4.760997,46.281617],[4.76098,46.281686],[4.760953,46.281771],[4.760924,46.281855],[4.760918,46.281878],[4.760889,46.281968],[4.760863,46.282045],[4.760858,46.282062],[4.760844,46.282092],[4.760842,46.282104],[4.760838,46.282112],[4.760822,46.282126],[4.760792,46.282152],[4.76069,46.282237],[4.760564,46.282348],[4.760501,46.282403],[4.760421,46.282484],[4.760411,46.282536],[4.760398,46.282598],[4.760379,46.28267],[4.76035,46.282795],[4.760306,46.282989],[4.760512,46.282979],[4.761006,46.282956],[4.76172,46.282997],[4.761688,46.282515],[4.761683,46.2824],[4.7619,46.282423],[4.762816,46.282519],[4.762789,46.282567],[4.762781,46.282583],[4.762777,46.28262],[4.762767,46.282722],[4.762681,46.282962],[4.762898,46.283023],[4.762891,46.283066],[4.762879,46.283128],[4.762801,46.283446],[4.763064,46.283456],[4.763595,46.283476],[4.764144,46.283498],[4.764637,46.283517],[4.764751,46.283521],[4.76508,46.283532],[4.76548,46.283547],[4.765599,46.283551],[4.765663,46.283517],[4.765777,46.283342],[4.765876,46.283216],[4.765986,46.283077],[4.765999,46.28306],[4.766063,46.282972],[4.766147,46.282883],[4.766198,46.28283],[4.766238,46.28279],[4.766286,46.282604],[4.766334,46.282422],[4.766694,46.282248],[4.766728,46.282223],[4.765716,46.282291],[4.765185,46.282328],[4.765156,46.282329],[4.764957,46.282344],[4.764753,46.282356],[4.764635,46.282228],[4.764469,46.282036],[4.764439,46.281999],[4.764429,46.281992],[4.764406,46.281958],[4.76429,46.281787],[4.76418,46.281624],[4.7642,46.281621],[4.764259,46.281613],[4.764352,46.281754],[4.764431,46.281868],[4.764485,46.281948],[4.764502,46.281967],[4.764651,46.282161]],[[4.762897,46.282626],[4.763333,46.282659],[4.763253,46.282655],[4.762777,46.28262],[4.762897,46.282626]],[[4.764174,46.281586],[4.764097,46.281471],[4.7642,46.281621],[4.764174,46.281586]]],[[[4.762788,46.283491],[4.762783,46.283532],[4.762774,46.283624],[4.762782,46.283691],[4.762799,46.283885],[4.762818,46.284015],[4.762832,46.284093],[4.762833,46.284105],[4.762829,46.284133],[4.762813,46.284443],[4.762763,46.284446],[4.762418,46.284464],[4.762236,46.284471],[4.762161,46.284474],[4.762047,46.284476],[4.762022,46.284754],[4.761999,46.285025],[4.761993,46.285116],[4.761957,46.28524],[4.761942,46.285284],[4.761941,46.285287],[4.76192,46.285348],[4.761919,46.285354],[4.761914,46.285377],[4.761874,46.285637],[4.761837,46.286001],[4.761813,46.286238],[4.761796,46.286429],[4.761815,46.286516],[4.76183,46.286535],[4.761864,46.286571],[4.761914,46.286619],[4.761916,46.286622],[4.761998,46.2867],[4.762037,46.286739],[4.762051,46.286753],[4.762088,46.286788],[4.762106,46.286806],[4.762225,46.286901],[4.762301,46.286961],[4.762366,46.287014],[4.762451,46.287074],[4.762472,46.287091],[4.762546,46.287143],[4.762609,46.287189],[4.762621,46.287196],[4.762665,46.287223],[4.762671,46.287225],[4.762674,46.287227],[4.762681,46.28723],[4.762719,46.287246],[4.762861,46.287309],[4.762917,46.287334],[4.762936,46.287344],[4.762956,46.287353],[4.762967,46.287358],[4.762999,46.287386],[4.763056,46.28743],[4.763074,46.287445],[4.763141,46.287497],[4.763162,46.287517],[4.763192,46.287543],[4.76322,46.287569],[4.763313,46.287665],[4.763407,46.287757],[4.763459,46.28781],[4.763672,46.28778],[4.764052,46.287725],[4.764529,46.287653],[4.764973,46.287588],[4.765006,46.287583],[4.764994,46.287555],[4.765037,46.28752],[4.765023,46.287392],[4.765055,46.287214],[4.765072,46.287119],[4.765128,46.286765],[4.76517,46.28651],[4.763514,46.286533],[4.763738,46.286523],[4.763953,46.285023],[4.763435,46.285053],[4.762761,46.285081],[4.762756,46.285032],[4.763095,46.285018],[4.763236,46.285013],[4.763853,46.284987],[4.763906,46.284985],[4.764838,46.284945],[4.765191,46.28493],[4.765219,46.284929],[4.765378,46.284924],[4.76542,46.284894],[4.765442,46.284759],[4.765482,46.284502],[4.765529,46.284195],[4.765566,46.283943],[4.76561,46.283651],[4.765613,46.283621],[4.76557,46.283595],[4.765304,46.283585],[4.764655,46.283561],[4.763845,46.28353],[4.7632,46.283506],[4.762788,46.283491]]],[[[4.763916,46.287793],[4.763483,46.287856],[4.763492,46.287869],[4.763503,46.287881],[4.763583,46.287983],[4.763675,46.288103],[4.763786,46.288243],[4.763839,46.288311],[4.763935,46.288434],[4.763992,46.288507],[4.764024,46.288543],[4.764427,46.288482],[4.765294,46.28835],[4.765196,46.288014],[4.765094,46.287644],[4.765053,46.287624],[4.764752,46.287668],[4.764313,46.287732],[4.763916,46.287793]]],[[[4.769417,46.275466],[4.769107,46.275431],[4.768792,46.275395],[4.768483,46.27536],[4.768331,46.275345],[4.768291,46.27534],[4.768101,46.275341],[4.767878,46.275341],[4.767495,46.275343],[4.767237,46.275345],[4.767001,46.275346],[4.766901,46.275347],[4.766805,46.27537],[4.766715,46.275438],[4.766654,46.275542],[4.766615,46.27561],[4.766525,46.275759],[4.766491,46.27582],[4.766428,46.275926],[4.766411,46.275954],[4.76637,46.276048],[4.766327,46.276134],[4.766313,46.276168],[4.766309,46.27618],[4.766298,46.276196],[4.766271,46.27631],[4.766221,46.276539],[4.766221,46.27654],[4.765993,46.276796],[4.765969,46.276834],[4.765957,46.276869],[4.765938,46.276927],[4.765929,46.276962],[4.765927,46.276977],[4.765927,46.276992],[4.765926,46.277035],[4.765925,46.277058],[4.76593,46.277077],[4.765949,46.277136],[4.765967,46.277189],[4.765979,46.277221],[4.765984,46.277235],[4.765991,46.277245],[4.766004,46.277265],[4.766016,46.277288],[4.766027,46.277303],[4.766033,46.277313],[4.766038,46.277319],[4.766332,46.277293],[4.766375,46.277389],[4.766568,46.2774],[4.766593,46.277402],[4.766596,46.277402],[4.766629,46.277403],[4.766633,46.277404],[4.766688,46.277412],[4.76679,46.277425],[4.766834,46.27743],[4.766925,46.277441],[4.766927,46.27742],[4.766932,46.277352],[4.766934,46.277337],[4.766943,46.277243],[4.767081,46.27726],[4.767179,46.277272],[4.767185,46.277235],[4.767196,46.277178],[4.767239,46.277179],[4.76724,46.277171],[4.767258,46.277172],[4.767332,46.277176],[4.767345,46.277178],[4.767435,46.277183],[4.767433,46.277199],[4.767444,46.277199],[4.767441,46.277259],[4.767432,46.277325],[4.767599,46.277326],[4.767789,46.277326],[4.767835,46.277325],[4.767867,46.277465],[4.767935,46.277521],[4.76794,46.277566],[4.76799,46.277569],[4.767972,46.277714],[4.768079,46.277719],[4.768187,46.277724],[4.768476,46.277738],[4.768478,46.277705],[4.768485,46.277611],[4.768621,46.277616],[4.768736,46.277621],[4.76875,46.27752],[4.768757,46.277511],[4.768772,46.277475],[4.768785,46.277441],[4.768792,46.277426],[4.768823,46.277356],[4.768831,46.277338],[4.769053,46.277363],[4.768997,46.277504],[4.769445,46.277676],[4.769471,46.27765],[4.769501,46.277617],[4.769528,46.277584],[4.769549,46.277554],[4.769573,46.277513],[4.769596,46.277469],[4.769609,46.277445],[4.769628,46.277409],[4.769642,46.277374],[4.769654,46.277337],[4.769664,46.277299],[4.769523,46.27729],[4.769462,46.277287],[4.769006,46.277259],[4.769033,46.27724],[4.769058,46.277083],[4.769069,46.27702],[4.769078,46.276954],[4.769101,46.2768],[4.769155,46.276803],[4.769168,46.276728],[4.76919,46.276619],[4.769198,46.27658],[4.76928,46.276268],[4.76929,46.276217],[4.769302,46.276181],[4.77,46.276228],[4.770046,46.276161],[4.770098,46.276086],[4.770145,46.27602],[4.770184,46.275968],[4.77022,46.275929],[4.770264,46.27588],[4.770313,46.275834],[4.770344,46.275806],[4.76982,46.275771],[4.769761,46.275766],[4.769452,46.275747],[4.769386,46.275743],[4.769417,46.275466]]],[[[4.77301,46.276206],[4.772731,46.276089],[4.772417,46.275959],[4.772126,46.275839],[4.771972,46.275777],[4.771899,46.275748],[4.771878,46.27574],[4.771844,46.275731],[4.771708,46.275697],[4.771649,46.27569],[4.771442,46.275669],[4.77103,46.275627],[4.770701,46.275594],[4.770695,46.275593],[4.770633,46.275618],[4.770616,46.275635],[4.770564,46.275686],[4.770484,46.275759],[4.770441,46.275799],[4.770398,46.275839],[4.770333,46.275906],[4.770295,46.275942],[4.770261,46.275974],[4.770238,46.276],[4.770209,46.276034],[4.770182,46.276068],[4.770162,46.276093],[4.770145,46.276117],[4.770113,46.276164],[4.770048,46.276261],[4.770009,46.27632],[4.769988,46.276354],[4.769976,46.276376],[4.76995,46.276425],[4.769911,46.2765],[4.769909,46.276512],[4.769885,46.276595],[4.769863,46.276684],[4.76985,46.276736],[4.769843,46.276762],[4.769837,46.276799],[4.769827,46.276849],[4.769812,46.276941],[4.769898,46.276945],[4.769894,46.277012],[4.770305,46.277025],[4.770322,46.277024],[4.770332,46.27702],[4.770338,46.277014],[4.770348,46.277004],[4.770358,46.276995],[4.770368,46.276987],[4.770385,46.276979],[4.770395,46.276974],[4.770411,46.27697],[4.770423,46.276969],[4.770435,46.276968],[4.770445,46.276968],[4.77046,46.27697],[4.770481,46.276972],[4.770497,46.276974],[4.770509,46.276976],[4.770518,46.276978],[4.770525,46.276981],[4.770531,46.276986],[4.770537,46.27699],[4.770542,46.276994],[4.770548,46.276999],[4.770554,46.277005],[4.770562,46.277015],[4.770568,46.277023],[4.770576,46.277035],[4.770932,46.277037],[4.770934,46.277033],[4.770942,46.277023],[4.770945,46.27702],[4.770952,46.277015],[4.770961,46.27701],[4.770967,46.277009],[4.770978,46.277007],[4.770992,46.277006],[4.771001,46.277007],[4.771008,46.277011],[4.771014,46.277016],[4.771019,46.27702],[4.771023,46.277023],[4.771028,46.277031],[4.771034,46.277036],[4.771795,46.277059],[4.771866,46.277061],[4.772005,46.277065],[4.772015,46.277065],[4.772006,46.277381],[4.772028,46.277384],[4.772103,46.277388],[4.772219,46.277394],[4.77238,46.277402],[4.772592,46.277412],[4.772662,46.277416],[4.772877,46.277427],[4.772917,46.277429],[4.772924,46.277429],[4.77293,46.277427],[4.772936,46.277426],[4.772942,46.277422],[4.772949,46.277413],[4.773006,46.277349],[4.773036,46.277316],[4.773041,46.277312],[4.773047,46.277308],[4.773059,46.277304],[4.773097,46.277293],[4.773139,46.277191],[4.773169,46.277118],[4.77318,46.277092],[4.773187,46.277075],[4.773192,46.277059],[4.773204,46.277007],[4.773233,46.2769],[4.773246,46.276844],[4.773248,46.276836],[4.773249,46.276815],[4.773254,46.276786],[4.773255,46.276772],[4.773266,46.276688],[4.773268,46.276667],[4.773276,46.276585],[4.773277,46.276578],[4.773277,46.276569],[4.773275,46.276556],[4.773248,46.276442],[4.773212,46.276292],[4.773043,46.27622],[4.77301,46.276206]]],[[[4.775804,46.276297],[4.775486,46.276337],[4.775393,46.276349],[4.775299,46.276361],[4.775273,46.276273],[4.77474,46.276329],[4.774751,46.2764],[4.774307,46.276437],[4.773333,46.27652],[4.773335,46.276694],[4.773305,46.276853],[4.773502,46.276841],[4.773501,46.276997],[4.773501,46.277003],[4.77354,46.277],[4.773591,46.276996],[4.773591,46.277004],[4.773775,46.276979],[4.773793,46.277126],[4.774045,46.277115],[4.77407,46.277278],[4.774367,46.277253],[4.774411,46.277249],[4.774847,46.277213],[4.774957,46.277202],[4.775246,46.277174],[4.775393,46.27716],[4.775524,46.277148],[4.775515,46.277119],[4.775512,46.27709],[4.775553,46.277085],[4.775829,46.277052],[4.77584,46.277119],[4.776166,46.277088],[4.776298,46.277075],[4.776341,46.277071],[4.776621,46.277044],[4.776933,46.277015],[4.777011,46.277007],[4.777315,46.276252],[4.777335,46.276199],[4.777263,46.276057],[4.776483,46.276172],[4.776387,46.276185],[4.776101,46.276228],[4.776111,46.276259],[4.775804,46.276297]]],[[[4.772998,46.278052],[4.772987,46.277952],[4.772978,46.277848],[4.772976,46.277832],[4.772973,46.277809],[4.772961,46.277659],[4.772955,46.277598],[4.77295,46.277577],[4.772945,46.277568],[4.77294,46.277556],[4.772937,46.277548],[4.772931,46.277541],[4.772929,46.277537],[4.772925,46.277531],[4.772916,46.277523],[4.772908,46.277516],[4.7729,46.277511],[4.772891,46.277505],[4.772882,46.277499],[4.772873,46.277495],[4.772866,46.277491],[4.772854,46.277488],[4.772841,46.277484],[4.772815,46.277482],[4.772795,46.27748],[4.772755,46.277475],[4.772693,46.277471],[4.772479,46.277462],[4.77226,46.277453],[4.772079,46.277444],[4.772039,46.277442],[4.771894,46.277436],[4.771786,46.277429],[4.771705,46.277423],[4.771679,46.277422],[4.771605,46.277413],[4.77142,46.277393],[4.771405,46.277391],[4.771393,46.277395],[4.771388,46.277399],[4.771385,46.277405],[4.771382,46.277409],[4.771384,46.277431],[4.771412,46.277704],[4.771431,46.277914],[4.771469,46.277908],[4.771486,46.278064],[4.77189,46.278044],[4.772005,46.278038],[4.772108,46.278032],[4.772155,46.278295],[4.772553,46.278307],[4.772816,46.278315],[4.773006,46.27832],[4.773065,46.278321],[4.773033,46.278207],[4.773024,46.278173],[4.773013,46.278129],[4.773012,46.278121],[4.773002,46.278086],[4.772998,46.278052]]],[[[4.773971,46.277804],[4.773868,46.277816],[4.77383,46.277818],[4.773818,46.277819],[4.773684,46.277826],[4.77363,46.27783],[4.773573,46.277833],[4.773431,46.277839],[4.773303,46.277846],[4.773321,46.278079],[4.773369,46.278091],[4.773638,46.278163],[4.773633,46.278141],[4.773631,46.278133],[4.773629,46.278122],[4.773628,46.278087],[4.773626,46.278063],[4.774181,46.278005],[4.774184,46.278016],[4.774458,46.277971],[4.774521,46.277962],[4.774738,46.277925],[4.774866,46.277904],[4.774916,46.277897],[4.774918,46.277864],[4.774922,46.277725],[4.774922,46.27772],[4.774921,46.277689],[4.774491,46.277742],[4.774124,46.277786],[4.774081,46.277791],[4.773971,46.277804]]],[[[4.768055,46.277852],[4.76806,46.277833],[4.768082,46.277756],[4.768012,46.277751],[4.76786,46.27774],[4.767827,46.277737],[4.76753,46.277716],[4.767426,46.277708],[4.76738,46.277714],[4.767333,46.277847],[4.767316,46.277843],[4.767296,46.277899],[4.767254,46.2781],[4.767284,46.278104],[4.767412,46.278121],[4.767382,46.278192],[4.767615,46.278244],[4.767636,46.27825],[4.767661,46.278257],[4.767673,46.278262],[4.767694,46.278268],[4.767725,46.278275],[4.767746,46.278281],[4.767801,46.278291],[4.767894,46.278311],[4.767903,46.278313],[4.768061,46.278343],[4.768154,46.278357],[4.768179,46.278363],[4.768206,46.278372],[4.768234,46.278383],[4.768261,46.278392],[4.768344,46.27839],[4.76846,46.278387],[4.768517,46.278176],[4.76839,46.278182],[4.768421,46.278053],[4.768001,46.278002],[4.768017,46.278003],[4.768028,46.277959],[4.768055,46.277852]]],[[[4.771066,46.278154],[4.771042,46.278052],[4.770678,46.278062],[4.77064,46.278062],[4.770504,46.27807],[4.770475,46.278072],[4.770457,46.278074],[4.770445,46.278076],[4.770374,46.278084],[4.770328,46.278089],[4.770281,46.277627],[4.770247,46.277314],[4.770042,46.277349],[4.770011,46.277354],[4.769875,46.277377],[4.769879,46.277407],[4.769881,46.277427],[4.769883,46.277462],[4.769885,46.277482],[4.76989,46.277533],[4.769896,46.277578],[4.769903,46.277651],[4.769923,46.277729],[4.769804,46.277744],[4.769708,46.277752],[4.769694,46.277658],[4.769561,46.277666],[4.769566,46.277689],[4.769621,46.277962],[4.769663,46.278175],[4.76967,46.278211],[4.769856,46.27818],[4.769975,46.27816],[4.770059,46.278145],[4.770177,46.278125],[4.770219,46.278366],[4.770274,46.27869],[4.770277,46.278712],[4.770347,46.278723],[4.770446,46.278739],[4.77048,46.278743],[4.770542,46.27875],[4.770659,46.278759],[4.770727,46.278764],[4.770742,46.278766],[4.770842,46.278771],[4.770943,46.278776],[4.771126,46.278787],[4.771102,46.278517],[4.771088,46.278355],[4.771084,46.278306],[4.771077,46.278219],[4.771075,46.278205],[4.771066,46.278154]]],[[[4.765953,46.278379],[4.765837,46.278358],[4.765899,46.278184],[4.765909,46.278161],[4.765915,46.278163],[4.765935,46.278108],[4.765943,46.278088],[4.765896,46.278078],[4.765904,46.277952],[4.765875,46.277949],[4.76585,46.277943],[4.765443,46.277842],[4.765436,46.277846],[4.765372,46.277878],[4.765326,46.277905],[4.765277,46.277933],[4.765225,46.277966],[4.765196,46.27798],[4.765177,46.277997],[4.765086,46.278066],[4.765029,46.278113],[4.764999,46.278153],[4.764995,46.278157],[4.764951,46.27821],[4.764913,46.278262],[4.764897,46.278283],[4.764842,46.278361],[4.764825,46.278383],[4.764808,46.278399],[4.764805,46.2784],[4.764797,46.278408],[4.764778,46.278424],[4.764748,46.278454],[4.764715,46.278486],[4.764661,46.27854],[4.764625,46.278575],[4.764615,46.278588],[4.764735,46.278657],[4.764872,46.278734],[4.76499,46.278777],[4.765116,46.278821],[4.765234,46.278862],[4.765276,46.278884],[4.76536,46.278932],[4.76537,46.278912],[4.7658,46.279035],[4.765821,46.278958],[4.765848,46.278964],[4.765857,46.27893],[4.765891,46.278811],[4.765923,46.278815],[4.765926,46.278798],[4.76594,46.278748],[4.765962,46.278663],[4.765963,46.278655],[4.765983,46.278583],[4.765959,46.278579],[4.765905,46.278562],[4.765915,46.278524],[4.765936,46.278442],[4.765953,46.278379]]],[[[4.773118,46.278686],[4.773077,46.278673],[4.773034,46.27867],[4.772993,46.278675],[4.772606,46.278736],[4.772211,46.278789],[4.771953,46.278831],[4.771771,46.278859],[4.771725,46.278866],[4.77165,46.278873],[4.771621,46.278875],[4.771574,46.278875],[4.770722,46.27884],[4.770737,46.279081],[4.770651,46.279084],[4.770637,46.278985],[4.770578,46.278986],[4.770581,46.278999],[4.770552,46.278999],[4.77055,46.278986],[4.77049,46.278984],[4.770385,46.278985],[4.770377,46.279152],[4.770408,46.279295],[4.770494,46.279542],[4.770629,46.279686],[4.772235,46.279912],[4.772786,46.280401],[4.772828,46.280499],[4.772853,46.280495],[4.772883,46.280536],[4.77312,46.280506],[4.773275,46.280483],[4.773413,46.280462],[4.773474,46.28044],[4.773508,46.280419],[4.773539,46.280386],[4.773555,46.280354],[4.773557,46.280317],[4.77353,46.280147],[4.773451,46.279808],[4.773198,46.27878],[4.773173,46.278736],[4.773159,46.278722],[4.773118,46.278686]]],[[[4.764946,46.280719],[4.764934,46.280622],[4.764962,46.280619],[4.765131,46.280602],[4.76519,46.280596],[4.765149,46.280463],[4.765275,46.280445],[4.765194,46.280218],[4.76504,46.280344],[4.764875,46.280425],[4.764603,46.280457],[4.764323,46.280491],[4.764128,46.280515],[4.764155,46.280677],[4.764175,46.280791],[4.764151,46.280795],[4.764157,46.280826],[4.764209,46.281104],[4.764231,46.281105],[4.764237,46.281165],[4.764319,46.281153],[4.764773,46.281095],[4.764977,46.28107],[4.765259,46.281034],[4.765513,46.281002],[4.765684,46.28098],[4.765638,46.280791],[4.765623,46.280727],[4.765184,46.280786],[4.76517,46.280722],[4.765161,46.280699],[4.764946,46.280719]]],[[[4.772163,46.282447],[4.771881,46.282138],[4.77148,46.281709],[4.772097,46.281391],[4.772102,46.281342],[4.771946,46.281275],[4.771776,46.281208],[4.771677,46.281164],[4.771428,46.280984],[4.77124,46.280751],[4.771224,46.280723],[4.771084,46.280444],[4.769542,46.280399],[4.767771,46.280233],[4.767099,46.28021],[4.767034,46.280506],[4.767001,46.280637],[4.767,46.280647],[4.766906,46.281053],[4.766903,46.281066],[4.766586,46.281091],[4.766563,46.281071],[4.76657,46.281127],[4.766572,46.281137],[4.766574,46.281151],[4.766591,46.281272],[4.766603,46.281314],[4.766702,46.281631],[4.766737,46.281713],[4.766819,46.281826],[4.766926,46.281921],[4.767002,46.281975],[4.76702,46.281985],[4.767087,46.282023],[4.767289,46.2821],[4.767705,46.282203],[4.768133,46.28231],[4.769024,46.28253],[4.769084,46.282549],[4.769145,46.282568],[4.769203,46.282585],[4.76928,46.282615],[4.769358,46.282645],[4.769413,46.28267],[4.769613,46.282784],[4.769668,46.282825],[4.769958,46.283059],[4.770081,46.283154],[4.77025,46.283285],[4.770265,46.283301],[4.770308,46.283334],[4.770341,46.28336],[4.770366,46.283375],[4.770443,46.283415],[4.770515,46.283449],[4.770588,46.283483],[4.770652,46.283506],[4.77077,46.283543],[4.770881,46.283571],[4.770998,46.283593],[4.771078,46.283603],[4.771194,46.283615],[4.771313,46.283621],[4.771486,46.283625],[4.771707,46.283632],[4.772671,46.28366],[4.772711,46.283639],[4.772728,46.283235],[4.772727,46.283226],[4.772726,46.283218],[4.77248,46.282857],[4.772421,46.282782],[4.77231,46.282633],[4.772163,46.282447]]],[[[4.775116,46.282847],[4.775066,46.282803],[4.775001,46.282738],[4.774814,46.282568],[4.774795,46.282547],[4.774791,46.282544],[4.774627,46.282389],[4.774234,46.282191],[4.773902,46.282047],[4.77381,46.281975],[4.773338,46.281778],[4.77271,46.281556],[4.772267,46.281378],[4.771612,46.281733],[4.771603,46.28177],[4.771711,46.28188],[4.772081,46.282283],[4.772209,46.282427],[4.77252,46.282838],[4.77261,46.282966],[4.772732,46.283144],[4.772779,46.283214],[4.772768,46.283439],[4.772757,46.283641],[4.772808,46.283661],[4.773391,46.283683],[4.77368,46.283687],[4.774892,46.283696],[4.775312,46.283698],[4.775813,46.2836],[4.775679,46.283384],[4.775676,46.283379],[4.775544,46.283219],[4.775541,46.283216],[4.775163,46.282915],[4.775116,46.282847]]],[[[4.770676,46.2836],[4.770534,46.28355],[4.77048,46.283525],[4.770434,46.283502],[4.77038,46.283475],[4.770333,46.283449],[4.770264,46.283407],[4.770198,46.283363],[4.76979,46.283045],[4.769594,46.282882],[4.769525,46.282831],[4.769484,46.282803],[4.769414,46.282767],[4.769343,46.282729],[4.769085,46.282631],[4.768984,46.282597],[4.768777,46.282545],[4.76871,46.282531],[4.768171,46.282402],[4.767537,46.282249],[4.767443,46.282231],[4.76724,46.282181],[4.767143,46.282146],[4.767025,46.282104],[4.767024,46.282105],[4.766763,46.282297],[4.76642,46.282456],[4.766322,46.282827],[4.765856,46.283432],[4.767266,46.283596],[4.768206,46.28367],[4.768667,46.283707],[4.768737,46.283712],[4.768749,46.283316],[4.768755,46.283317],[4.768743,46.283713],[4.769311,46.283745],[4.769302,46.283965],[4.770158,46.284371],[4.77017,46.284016],[4.770936,46.28454],[4.770953,46.284509],[4.770987,46.284388],[4.771054,46.284029],[4.771101,46.283728],[4.771053,46.283686],[4.770958,46.28367],[4.770897,46.283657],[4.770835,46.283643],[4.770741,46.283622],[4.770676,46.2836]],[[4.767429,46.283052],[4.768063,46.283178],[4.767423,46.283051],[4.767429,46.283052]]],[[[4.771081,46.284402],[4.771062,46.28447],[4.771055,46.284506],[4.771007,46.28459],[4.772292,46.284626],[4.772366,46.283723],[4.771926,46.283707],[4.771497,46.283693],[4.77134,46.283702],[4.771257,46.283707],[4.77119,46.283743],[4.771081,46.284402]]]]}},{"type":"Feature","id":"commune-71270","properties":{"id":"commune-71270","name":"Mâcon","kind":"commune","tier":"commune"},"geometry":{"type":"MultiPolygon","coordinates":[[[[4.787217,46.273436],[4.787191,46.273442],[4.787163,46.273448],[4.787137,46.273456],[4.787108,46.273462],[4.787074,46.273468],[4.787058,46.273475],[4.787034,46.273479],[4.787009,46.273482],[4.786985,46.273486],[4.786951,46.27349],[4.786905,46.273497],[4.78681,46.273504],[4.78665,46.273513],[4.786572,46.273519],[4.786514,46.273525],[4.786482,46.273527],[4.786459,46.27353],[4.786413,46.27354],[4.786391,46.273544],[4.786381,46.273546],[4.786359,46.273551],[4.786312,46.273561],[4.786256,46.273575],[4.786181,46.273594],[4.786142,46.273608],[4.786097,46.273632],[4.786073,46.273653],[4.786126,46.273914],[4.786134,46.273952],[4.78612,46.273969],[4.786111,46.273979],[4.786108,46.27398],[4.785942,46.274019],[4.785694,46.27408],[4.785423,46.274143],[4.785262,46.274182],[4.784607,46.274342],[4.78385,46.274522],[4.783434,46.274624],[4.782484,46.274847],[4.782172,46.274923],[4.781707,46.275038],[4.7814,46.275115],[4.781126,46.275183],[4.780536,46.275325],[4.779478,46.275568],[4.778615,46.275753],[4.778285,46.275862],[4.778111,46.275911],[4.778007,46.27594],[4.777833,46.275977],[4.777622,46.276017],[4.777535,46.276032],[4.777513,46.276036],[4.777409,46.276085],[4.777262,46.276057],[4.776879,46.275916],[4.776395,46.275983],[4.776036,46.276032],[4.775227,46.276118],[4.774715,46.276176],[4.774277,46.276226],[4.774002,46.276257],[4.773582,46.276305],[4.773324,46.276334],[4.773288,46.276322],[4.773212,46.276293],[4.773042,46.27622],[4.773011,46.276207],[4.772731,46.276089],[4.772418,46.275959],[4.772126,46.275838],[4.771972,46.275777],[4.771899,46.275748],[4.771878,46.275739],[4.771844,46.275731],[4.771708,46.275697],[4.771649,46.27569],[4.771442,46.275669],[4.77103,46.275627],[4.770701,46.275594],[4.770695,46.275593],[4.770621,46.275584],[4.770606,46.275576],[4.770566,46.275571],[4.769872,46.275496],[4.769372,46.275439],[4.769146,46.275413],[4.768793,46.275373],[4.768519,46.275343],[4.768314,46.275319],[4.768169,46.27532],[4.767892,46.27532],[4.767317,46.27532],[4.766998,46.275321],[4.766764,46.27532],[4.766624,46.275313],[4.766515,46.275307],[4.76636,46.275295],[4.766201,46.275292],[4.765566,46.275309],[4.765364,46.275306],[4.764679,46.275289],[4.764116,46.275273],[4.76391,46.27526],[4.763785,46.275262],[4.763443,46.275286],[4.762841,46.275339],[4.762713,46.275352],[4.762595,46.275371],[4.762608,46.275399],[4.762361,46.2755],[4.762345,46.275478],[4.762301,46.275495],[4.762229,46.275515],[4.762093,46.275536],[4.761848,46.27557],[4.761683,46.2756],[4.761495,46.275654],[4.761283,46.275709],[4.761071,46.27577],[4.760895,46.275834],[4.760684,46.275905],[4.760569,46.275946],[4.760524,46.275966],[4.760444,46.276017],[4.760294,46.276113],[4.760069,46.276259],[4.760065,46.276262],[4.760023,46.276282],[4.759997,46.276295],[4.759944,46.27632],[4.75979,46.27637],[4.7597,46.276396],[4.759567,46.276415],[4.75918,46.276458],[4.758665,46.276509],[4.758079,46.27657],[4.757946,46.276583],[4.758145,46.276693],[4.758359,46.276806],[4.758472,46.276866],[4.758533,46.2769],[4.758577,46.276931],[4.758602,46.276963],[4.758624,46.27701],[4.758628,46.277071],[4.758641,46.277164],[4.758648,46.277358],[4.758653,46.277411],[4.758653,46.27745],[4.758639,46.277495],[4.758615,46.277529],[4.758557,46.277602],[4.758541,46.277653],[4.758499,46.277824],[4.758488,46.27786],[4.758456,46.277972],[4.758418,46.278094],[4.75839,46.278183],[4.758365,46.278273],[4.758355,46.278299],[4.758327,46.278385],[4.758294,46.278475],[4.758302,46.278514],[4.758294,46.278575],[4.758293,46.278584],[4.758293,46.27867],[4.758301,46.2787],[4.758303,46.278708],[4.758316,46.278728],[4.758323,46.27874],[4.758365,46.278799],[4.758371,46.278808],[4.758395,46.278834],[4.758434,46.278876],[4.75851,46.278938],[4.758561,46.278985],[4.758572,46.279002],[4.758582,46.279022],[4.758589,46.279068],[4.758596,46.279091],[4.758592,46.27913],[4.758593,46.279178],[4.758588,46.27924],[4.758587,46.279261],[4.758581,46.279273],[4.758554,46.279338],[4.758517,46.279424],[4.758497,46.279464],[4.758442,46.279566],[4.758428,46.279594],[4.758374,46.279705],[4.758352,46.27975],[4.758285,46.279915],[4.758202,46.280108],[4.7582,46.280113],[4.758194,46.280122],[4.758173,46.280159],[4.758144,46.280205],[4.75806,46.280348],[4.75805,46.280366],[4.758672,46.280464],[4.759127,46.280529],[4.759288,46.280549],[4.759533,46.280578],[4.759848,46.280617],[4.759979,46.280627],[4.759955,46.280781],[4.759934,46.280939],[4.759909,46.281092],[4.759902,46.281139],[4.7599,46.281218],[4.759903,46.281312],[4.759901,46.281391],[4.759905,46.281455],[4.759941,46.281496],[4.759927,46.281508],[4.759919,46.281518],[4.759911,46.281527],[4.759924,46.281575],[4.759933,46.281635],[4.759948,46.281696],[4.759957,46.281728],[4.759968,46.281754],[4.759986,46.2818],[4.760004,46.281843],[4.760014,46.281864],[4.760077,46.281989],[4.760142,46.282113],[4.760156,46.282142],[4.760161,46.282158],[4.760174,46.282266],[4.760205,46.282526],[4.760286,46.282531],[4.760301,46.282531],[4.760295,46.282554],[4.760289,46.282596],[4.76028,46.28264],[4.760254,46.282751],[4.760118,46.282837],[4.760056,46.283124],[4.759997,46.283373],[4.759951,46.283586],[4.760148,46.283564],[4.760197,46.283557],[4.760238,46.283734],[4.760257,46.283822],[4.760303,46.283997],[4.760311,46.284039],[4.760316,46.284082],[4.760313,46.284235],[4.760317,46.284299],[4.760322,46.28437],[4.760339,46.284433],[4.76035,46.284491],[4.760274,46.284491],[4.760272,46.284491],[4.760265,46.284592],[4.76025,46.284773],[4.760238,46.284891],[4.760217,46.285055],[4.760203,46.285155],[4.760188,46.28528],[4.760154,46.285457],[4.760129,46.28561],[4.760111,46.285676],[4.760099,46.285762],[4.760094,46.285812],[4.760091,46.285854],[4.760097,46.285877],[4.760096,46.286117],[4.760091,46.286367],[4.760087,46.28642],[4.760075,46.286541],[4.760058,46.286674],[4.760037,46.286892],[4.760017,46.287125],[4.760005,46.287245],[4.759991,46.287488],[4.759981,46.287622],[4.759975,46.28768],[4.759969,46.287731],[4.759963,46.287772],[4.759952,46.28784],[4.759945,46.287865],[4.759928,46.287927],[4.759923,46.287944],[4.759909,46.287984],[4.759896,46.288038],[4.75988,46.288086],[4.759876,46.288116],[4.759854,46.288231],[4.759849,46.288273],[4.759839,46.288392],[4.759837,46.288429],[4.759834,46.288508],[4.759831,46.288534],[4.759829,46.288591],[4.759832,46.288622],[4.759833,46.288641],[4.759836,46.288673],[4.759838,46.288694],[4.759843,46.288717],[4.759859,46.288768],[4.759872,46.288813],[4.759884,46.288836],[4.759901,46.288881],[4.759914,46.288897],[4.759934,46.288917],[4.759953,46.288938],[4.759975,46.288961],[4.75999,46.288977],[4.760016,46.288998],[4.76007,46.289044],[4.760095,46.289068],[4.760098,46.289076],[4.760102,46.289089],[4.760111,46.289109],[4.760306,46.289078],[4.760856,46.288994],[4.761123,46.288954],[4.761417,46.288918],[4.761868,46.288863],[4.762357,46.288802],[4.762611,46.288771],[4.762707,46.288759],[4.7628,46.288745],[4.763387,46.288647],[4.764024,46.288543],[4.764427,46.288483],[4.765294,46.28835],[4.765362,46.28838],[4.765432,46.288403],[4.765976,46.288294],[4.767238,46.288036],[4.767933,46.287897],[4.768145,46.287872],[4.771142,46.287558],[4.771831,46.287484],[4.772018,46.287466],[4.773687,46.287276],[4.774279,46.287211],[4.77499,46.287133],[4.775123,46.28713],[4.775234,46.287123],[4.775292,46.287121],[4.77546,46.287116],[4.775523,46.287113],[4.775592,46.28711],[4.776073,46.287094],[4.776202,46.287087],[4.776557,46.287075],[4.776785,46.287065],[4.776854,46.287066],[4.776903,46.287065],[4.777003,46.287069],[4.777092,46.287071],[4.777115,46.287072],[4.777137,46.287071],[4.77715,46.287071],[4.777169,46.287069],[4.77742,46.287041],[4.777524,46.287029],[4.777544,46.287027],[4.777568,46.287028],[4.777588,46.287029],[4.777412,46.287447],[4.777274,46.287798],[4.777298,46.287798],[4.777391,46.2878],[4.777469,46.2878],[4.777504,46.2878],[4.77754,46.287802],[4.777707,46.287815],[4.778182,46.28785],[4.778165,46.287947],[4.77816,46.287972],[4.77829,46.28796],[4.778421,46.287936],[4.77854,46.287896],[4.778648,46.287841],[4.778692,46.287812],[4.778669,46.28777],[4.778644,46.287724],[4.778642,46.287687],[4.778584,46.287621],[4.778565,46.287593],[4.778579,46.287513],[4.778613,46.287482],[4.778726,46.287427],[4.778777,46.287392],[4.778847,46.287341],[4.778917,46.287227],[4.77895,46.287138],[4.778967,46.287083],[4.77897,46.287042],[4.778966,46.286988],[4.778954,46.28694],[4.778928,46.286895],[4.77889,46.286866],[4.778841,46.286836],[4.778803,46.286817],[4.778761,46.286792],[4.778745,46.286769],[4.778734,46.286727],[4.778734,46.286696],[4.778728,46.286683],[4.778729,46.286673],[4.778769,46.286641],[4.778799,46.286623],[4.778819,46.286613],[4.778844,46.286612],[4.778858,46.286623],[4.778895,46.286647],[4.778923,46.286673],[4.778945,46.286692],[4.778979,46.286704],[4.77903,46.286707],[4.779068,46.28671],[4.779108,46.286703],[4.77914,46.2867],[4.779165,46.286685],[4.779174,46.286677],[4.779203,46.286582],[4.779203,46.286492],[4.779205,46.286424],[4.779209,46.286347],[4.779245,46.285857],[4.779246,46.285784],[4.779241,46.285755],[4.779212,46.285717],[4.779167,46.285661],[4.779138,46.285587],[4.779123,46.285558],[4.779115,46.285505],[4.779141,46.285396],[4.779169,46.285324],[4.779187,46.285284],[4.779218,46.285134],[4.77923,46.285054],[4.779242,46.285017],[4.779261,46.284986],[4.779284,46.284963],[4.779307,46.284948],[4.779325,46.284936],[4.779378,46.284929],[4.779423,46.284924],[4.77952,46.284919],[4.779622,46.28491],[4.779699,46.284897],[4.779745,46.284884],[4.779801,46.284857],[4.779842,46.28483],[4.779876,46.284805],[4.779909,46.284777],[4.779934,46.284749],[4.77998,46.284673],[4.780013,46.284541],[4.780038,46.284314],[4.780045,46.284285],[4.780046,46.284282],[4.780178,46.28437],[4.780462,46.284532],[4.780541,46.284598],[4.780624,46.284638],[4.780704,46.284671],[4.780816,46.284701],[4.780921,46.284725],[4.781029,46.284749],[4.781196,46.284792],[4.781324,46.284837],[4.781389,46.284866],[4.781526,46.284936],[4.781596,46.284976],[4.781653,46.285013],[4.781738,46.285073],[4.781799,46.285113],[4.781938,46.285196],[4.782146,46.285305],[4.7823,46.285378],[4.782404,46.285421],[4.782624,46.28552],[4.78298,46.285682],[4.783071,46.285719],[4.783405,46.285637],[4.783632,46.285595],[4.7838,46.285568],[4.783951,46.286166],[4.784013,46.286394],[4.784294,46.286403],[4.784389,46.286401],[4.784495,46.2864],[4.784588,46.286398],[4.784677,46.286391],[4.784778,46.286376],[4.784844,46.286361],[4.784924,46.286338],[4.784984,46.28631],[4.785051,46.286278],[4.785084,46.28626],[4.78512,46.286237],[4.78515,46.286222],[4.785178,46.286208],[4.785198,46.2862],[4.785241,46.286181],[4.78528,46.286162],[4.785309,46.286152],[4.785359,46.286138],[4.785393,46.286133],[4.785424,46.28613],[4.785502,46.286135],[4.785534,46.286138],[4.78556,46.286141],[4.785683,46.286164],[4.785748,46.28618],[4.785814,46.286197],[4.785901,46.28622],[4.785989,46.286246],[4.786104,46.286286],[4.786175,46.28631],[4.786252,46.286335],[4.786351,46.28637],[4.786501,46.28642],[4.786619,46.286459],[4.786683,46.286481],[4.78674,46.286499],[4.786798,46.286513],[4.786895,46.286535],[4.787029,46.286553],[4.787104,46.286565],[4.787214,46.286586],[4.787273,46.286599],[4.787353,46.286621],[4.78744,46.286648],[4.787615,46.2867],[4.787804,46.286763],[4.787858,46.286779],[4.788018,46.28681],[4.788131,46.286824],[4.788218,46.286832],[4.788262,46.286834],[4.7884,46.286833],[4.78842,46.286831],[4.78848,46.286826],[4.788529,46.286821],[4.788643,46.286805],[4.788829,46.28678],[4.788883,46.286773],[4.788915,46.286772],[4.788928,46.286773],[4.789288,46.286874],[4.789356,46.286892],[4.789767,46.286846],[4.790492,46.287001],[4.790353,46.287062],[4.790398,46.28723],[4.790436,46.28734],[4.790475,46.287437],[4.79051,46.287488],[4.790572,46.287562],[4.790672,46.287654],[4.790787,46.287754],[4.790832,46.287795],[4.790886,46.287867],[4.790923,46.287918],[4.791019,46.288006],[4.791121,46.288085],[4.791162,46.288115],[4.791203,46.288142],[4.791232,46.288157],[4.791249,46.288163],[4.791272,46.288168],[4.791444,46.288168],[4.791542,46.288171],[4.791588,46.288173],[4.791607,46.288174],[4.791669,46.288183],[4.791748,46.288206],[4.79189,46.288258],[4.791955,46.288283],[4.792085,46.288335],[4.792162,46.288365],[4.792234,46.288398],[4.792349,46.28845],[4.792447,46.288497],[4.792546,46.288546],[4.792614,46.288586],[4.792647,46.288609],[4.792681,46.288636],[4.792702,46.288653],[4.792717,46.288671],[4.792752,46.288713],[4.792761,46.288721],[4.793046,46.288704],[4.793061,46.28873],[4.793507,46.289523],[4.793537,46.289583],[4.793613,46.289571],[4.794406,46.291],[4.794416,46.291018],[4.794895,46.290943],[4.79515,46.290898],[4.795261,46.290879],[4.795543,46.29083],[4.795646,46.290812],[4.795927,46.290762],[4.796072,46.290737],[4.796307,46.290694],[4.796377,46.29068],[4.796447,46.290666],[4.79671,46.290614],[4.796825,46.290591],[4.796906,46.290575],[4.797159,46.290525],[4.797183,46.29052],[4.797409,46.290476],[4.797434,46.290478],[4.797808,46.290719],[4.798302,46.291038],[4.798398,46.2911],[4.798497,46.291163],[4.798729,46.291292],[4.798829,46.291339],[4.799183,46.291259],[4.799334,46.29122],[4.799386,46.291203],[4.799402,46.291204],[4.799429,46.291204],[4.799452,46.291203],[4.799866,46.291189],[4.800072,46.291181],[4.800563,46.291167],[4.800839,46.291158],[4.800852,46.291159],[4.800857,46.29116],[4.800861,46.291163],[4.800865,46.291168],[4.800888,46.2912],[4.800911,46.291236],[4.800931,46.291266],[4.800947,46.291288],[4.800957,46.2913],[4.800971,46.291316],[4.800977,46.291325],[4.800984,46.29133],[4.801006,46.291346],[4.801068,46.291389],[4.801077,46.291394],[4.801137,46.291429],[4.801232,46.291483],[4.801261,46.291499],[4.801281,46.291512],[4.801299,46.291524],[4.801358,46.291566],[4.801435,46.29162],[4.801465,46.291644],[4.801512,46.291678],[4.801538,46.291697],[4.801546,46.291704],[4.801553,46.291712],[4.801562,46.291719],[4.801577,46.291734],[4.801592,46.291748],[4.801605,46.291763],[4.80162,46.291783],[4.801635,46.291807],[4.801648,46.291833],[4.801685,46.291902],[4.801777,46.292072],[4.801782,46.292084],[4.80179,46.292106],[4.8018,46.292132],[4.801814,46.292169],[4.801828,46.292208],[4.801843,46.292241],[4.801875,46.292307],[4.801932,46.292429],[4.802007,46.292587],[4.802038,46.292651],[4.802042,46.292662],[4.802061,46.292696],[4.802112,46.2928],[4.802175,46.292931],[4.802229,46.293035],[4.802288,46.293146],[4.802348,46.293259],[4.802433,46.29342],[4.80249,46.293526],[4.802536,46.293617],[4.802578,46.293696],[4.802631,46.293799],[4.802754,46.294038],[4.80279,46.294108],[4.802808,46.29415],[4.802826,46.294188],[4.802857,46.294255],[4.802881,46.294306],[4.802899,46.294344],[4.802908,46.294362],[4.80291,46.294367],[4.802928,46.294393],[4.80298,46.294464],[4.803031,46.294538],[4.803061,46.294585],[4.803066,46.294595],[4.803084,46.294635],[4.803132,46.294737],[4.803163,46.294803],[4.803213,46.294907],[4.803287,46.295063],[4.80335,46.295193],[4.803369,46.295235],[4.803377,46.295249],[4.80328,46.295283],[4.803269,46.295287],[4.803183,46.295311],[4.803125,46.295326],[4.803069,46.295337],[4.80303,46.295346],[4.80302,46.295349],[4.802994,46.295358],[4.802952,46.295377],[4.802985,46.295487],[4.803008,46.295563],[4.80303,46.295642],[4.80307,46.295779],[4.803107,46.295907],[4.80312,46.295952],[4.803126,46.295975],[4.80313,46.295987],[4.80316,46.296115],[4.803193,46.296261],[4.8032,46.296292],[4.803204,46.296304],[4.803206,46.296308],[4.803266,46.296403],[4.803345,46.296534],[4.803405,46.296633],[4.803424,46.296667],[4.803446,46.296704],[4.803467,46.296739],[4.803493,46.296782],[4.803534,46.296853],[4.803511,46.296857],[4.803584,46.296953],[4.803623,46.297002],[4.803638,46.297022],[4.803642,46.297027],[4.803673,46.297064],[4.803839,46.297078],[4.803843,46.297099],[4.803857,46.297115],[4.803903,46.297165],[4.803959,46.297229],[4.803966,46.297251],[4.804022,46.297325],[4.804045,46.297353],[4.804196,46.297552],[4.804231,46.297596],[4.804258,46.297632],[4.804292,46.297676],[4.804331,46.297722],[4.804371,46.297805],[4.804446,46.297934],[4.804732,46.298123],[4.804765,46.298145],[4.804792,46.298169],[4.804811,46.298235],[4.804822,46.298276],[4.804905,46.298518],[4.80493,46.298591],[4.804954,46.29864],[4.804996,46.298723],[4.805114,46.298987],[4.805157,46.299085],[4.805176,46.299117],[4.805332,46.299392],[4.805438,46.29957],[4.80565,46.299904],[4.806002,46.300449],[4.806654,46.300174],[4.806873,46.30041],[4.806932,46.300473],[4.806983,46.300525],[4.80705,46.30059],[4.807103,46.30064],[4.807157,46.300685],[4.807234,46.300745],[4.807276,46.300776],[4.807301,46.300798],[4.807364,46.300846],[4.807467,46.300926],[4.807559,46.300995],[4.807708,46.301097],[4.807874,46.301209],[4.807826,46.301229],[4.808237,46.301643],[4.808606,46.302013],[4.808754,46.302159],[4.808804,46.302209],[4.808822,46.302226],[4.808841,46.302245],[4.80887,46.302271],[4.808935,46.302324],[4.809,46.302388],[4.809103,46.302373],[4.80912,46.302371],[4.809247,46.302355],[4.80926,46.302353],[4.809282,46.302368],[4.809293,46.302382],[4.809323,46.30242],[4.809379,46.302456],[4.809758,46.302787],[4.809895,46.302909],[4.810077,46.303071],[4.810023,46.303144],[4.809977,46.303167],[4.809919,46.303196],[4.81001,46.303403],[4.8101,46.303596],[4.810144,46.303687],[4.810173,46.303746],[4.810195,46.303791],[4.810203,46.303802],[4.810214,46.303814],[4.810223,46.303822],[4.81024,46.303838],[4.810257,46.303857],[4.81027,46.303877],[4.810281,46.303894],[4.810289,46.30391],[4.810293,46.303924],[4.810296,46.303943],[4.810297,46.303944],[4.810301,46.303965],[4.810307,46.303995],[4.81032,46.304021],[4.810327,46.304034],[4.810396,46.304153],[4.81045,46.304246],[4.810479,46.304296],[4.81051,46.304349],[4.810554,46.304449],[4.810675,46.304717],[4.810794,46.304981],[4.810837,46.30497],[4.811141,46.304895],[4.8113,46.304856],[4.811555,46.304793],[4.811686,46.30476],[4.811886,46.30471],[4.811936,46.304698],[4.811978,46.304688],[4.812307,46.304607],[4.812438,46.304574],[4.812579,46.304539],[4.812936,46.304449],[4.813032,46.304425],[4.813514,46.304315],[4.813556,46.304276],[4.81369,46.30425],[4.813794,46.304241],[4.813858,46.304249],[4.813954,46.304293],[4.814233,46.304408],[4.814634,46.304599],[4.814763,46.304651],[4.814838,46.304682],[4.81503,46.304734],[4.81519,46.304764],[4.815749,46.304787],[4.816351,46.304805],[4.816421,46.304775],[4.816488,46.304778],[4.816845,46.304794],[4.817361,46.304857],[4.817381,46.3049],[4.817391,46.304922],[4.817437,46.305015],[4.817439,46.305022],[4.817459,46.305117],[4.817469,46.30512],[4.817554,46.305447],[4.81758,46.305551],[4.817601,46.305631],[4.817647,46.305807],[4.81761,46.305807],[4.817633,46.305918],[4.817694,46.306264],[4.817762,46.306609],[4.817852,46.307023],[4.817891,46.307118],[4.817915,46.307235],[4.817915,46.307315],[4.817971,46.307514],[4.817835,46.30766],[4.817812,46.307751],[4.817739,46.307877],[4.817716,46.307896],[4.817655,46.307965],[4.817477,46.308183],[4.81739,46.30828],[4.817222,46.308442],[4.81706,46.30857],[4.816856,46.308754],[4.816817,46.308803],[4.816673,46.30895],[4.81647,46.309158],[4.81635,46.309319],[4.816326,46.309395],[4.81634,46.309482],[4.816728,46.309376],[4.816965,46.309351],[4.817738,46.309237],[4.818395,46.30914],[4.818879,46.309093],[4.818917,46.309148],[4.818951,46.309198],[4.819055,46.309351],[4.819093,46.309364],[4.819113,46.309371],[4.81917,46.309398],[4.819214,46.309419],[4.819263,46.309454],[4.819314,46.309479],[4.819348,46.309496],[4.819434,46.309538],[4.81955,46.309596],[4.819621,46.309631],[4.819668,46.309655],[4.819687,46.309665],[4.819705,46.30968],[4.819713,46.309687],[4.819732,46.309717],[4.819747,46.309745],[4.819759,46.309765],[4.819795,46.309806],[4.819838,46.309855],[4.819907,46.309919],[4.820036,46.310041],[4.820092,46.310092],[4.820212,46.31017],[4.820308,46.310176],[4.820317,46.310176],[4.820425,46.310171],[4.820433,46.310264],[4.820442,46.310435],[4.82045,46.31061],[4.820463,46.310847],[4.820468,46.311032],[4.820475,46.311217],[4.820493,46.311463],[4.8202,46.311473],[4.819238,46.311508],[4.819086,46.311544],[4.818389,46.311715],[4.817206,46.312002],[4.816298,46.312219],[4.815096,46.312518],[4.814782,46.312598],[4.814439,46.312685],[4.81398,46.312804],[4.813145,46.313034],[4.812857,46.313113],[4.812755,46.313141],[4.812618,46.313177],[4.812604,46.313181],[4.812276,46.313269],[4.811312,46.313528],[4.811122,46.313763],[4.811192,46.313944],[4.811931,46.315196],[4.812271,46.315945],[4.812229,46.315965],[4.812078,46.316037],[4.812028,46.316061],[4.811893,46.316125],[4.811839,46.316151],[4.811558,46.316283],[4.81124,46.316432],[4.810983,46.316554],[4.810654,46.316708],[4.81038,46.316837],[4.81008,46.316979],[4.809871,46.317077],[4.809671,46.317171],[4.809567,46.31722],[4.809288,46.31735],[4.808957,46.317505],[4.808692,46.317629],[4.808527,46.317706],[4.808149,46.317883],[4.807888,46.318006],[4.807791,46.318052],[4.807487,46.318194],[4.807455,46.318248],[4.807381,46.318356],[4.807312,46.318457],[4.807276,46.318509],[4.807227,46.31858],[4.807126,46.318729],[4.807023,46.318878],[4.806949,46.318988],[4.806855,46.319129],[4.806745,46.319286],[4.806627,46.31946],[4.806506,46.319638],[4.806357,46.319857],[4.80622,46.320056],[4.806082,46.320258],[4.805963,46.320434],[4.805793,46.32068],[4.805605,46.32096],[4.805395,46.321271],[4.805257,46.321472],[4.80516,46.321612],[4.805156,46.32162],[4.805147,46.321638],[4.805137,46.321669],[4.80511,46.32175],[4.805091,46.321813],[4.805064,46.321907],[4.805042,46.321987],[4.805023,46.322061],[4.805009,46.322119],[4.80498,46.32225],[4.804941,46.322433],[4.804914,46.322558],[4.804907,46.322586],[4.804881,46.322695],[4.80487,46.322742],[4.804823,46.32293],[4.804822,46.322962],[4.804089,46.322914],[4.802546,46.322854],[4.802075,46.322839],[4.801514,46.322819],[4.801532,46.322959],[4.801562,46.323185],[4.801604,46.323425],[4.801652,46.323582],[4.801709,46.323733],[4.801808,46.3239],[4.801842,46.323973],[4.801894,46.324124],[4.801929,46.324341],[4.801974,46.324648],[4.80199,46.324731],[4.802063,46.324937],[4.802132,46.325119],[4.802422,46.325086],[4.803145,46.325006],[4.803906,46.324918],[4.804253,46.324878],[4.804253,46.32488],[4.804246,46.324892],[4.804233,46.325158],[4.804501,46.325166],[4.804614,46.325185],[4.804768,46.325217],[4.804921,46.325247],[4.805135,46.325291],[4.805482,46.325356],[4.805848,46.325431],[4.806163,46.32549],[4.806259,46.325515],[4.80631,46.325497],[4.806911,46.325928],[4.806931,46.325943],[4.807177,46.326116],[4.807447,46.326248],[4.808009,46.326527],[4.808083,46.326565],[4.808163,46.326607],[4.808208,46.326627],[4.808479,46.326764],[4.808589,46.326826],[4.8086,46.326831],[4.808465,46.326967],[4.808188,46.327234],[4.808068,46.327349],[4.808082,46.327352],[4.808347,46.327392],[4.808828,46.327466],[4.809091,46.327507],[4.80921,46.327525],[4.80941,46.327554],[4.809528,46.327587],[4.809322,46.327899],[4.809281,46.327961],[4.809063,46.32828],[4.808891,46.328507],[4.808928,46.32859],[4.808933,46.328707],[4.808935,46.328748],[4.808934,46.328836],[4.808934,46.328934],[4.808935,46.329045],[4.808935,46.329129],[4.808934,46.329167],[4.808936,46.329385],[4.808938,46.329546],[4.808938,46.329597],[4.808938,46.329768],[4.808937,46.329901],[4.808964,46.329901],[4.808962,46.330032],[4.808974,46.330462],[4.808967,46.330922],[4.808976,46.331554],[4.808978,46.332002],[4.808991,46.332418],[4.808939,46.332405],[4.808947,46.333162],[4.808945,46.333853],[4.808943,46.334592],[4.808944,46.334903],[4.808945,46.334961],[4.808973,46.33496],[4.808976,46.335177],[4.808987,46.335813],[4.808983,46.336853],[4.808978,46.337291],[4.808988,46.337951],[4.809074,46.337959],[4.809223,46.338019],[4.809393,46.338088],[4.809861,46.338197],[4.810497,46.338346],[4.810675,46.338389],[4.810832,46.338425],[4.81093,46.338447],[4.811169,46.338272],[4.811193,46.338244],[4.811253,46.338176],[4.81131,46.338117],[4.811558,46.337921],[4.811956,46.337643],[4.812825,46.337019],[4.813453,46.336573],[4.813727,46.336361],[4.814355,46.335895],[4.815107,46.335341],[4.815506,46.335034],[4.815766,46.334841],[4.815808,46.334859],[4.815944,46.33476],[4.816237,46.334543],[4.816452,46.334386],[4.816821,46.334114],[4.817133,46.333895],[4.817382,46.333723],[4.8176,46.333575],[4.81776,46.333464],[4.81776,46.333533],[4.817877,46.333467],[4.818289,46.333289],[4.818354,46.33326],[4.818536,46.333212],[4.818812,46.333128],[4.819733,46.332927],[4.819916,46.332292],[4.819976,46.331871],[4.819977,46.331743],[4.820179,46.331707],[4.820182,46.331706],[4.820316,46.331682],[4.820344,46.331677],[4.820639,46.331627],[4.820667,46.331733],[4.820697,46.331842],[4.820698,46.331845],[4.820992,46.331793],[4.821494,46.331702],[4.821662,46.331671],[4.821842,46.331638],[4.822527,46.331515],[4.823352,46.331366],[4.823394,46.331359],[4.823482,46.331344],[4.823585,46.331326],[4.823661,46.331311],[4.82368,46.331308],[4.82372,46.331302],[4.823771,46.331297],[4.824053,46.331234],[4.824222,46.331196],[4.824616,46.331108],[4.82503,46.331015],[4.825419,46.33093],[4.825743,46.330857],[4.825984,46.330803],[4.826226,46.33075],[4.8265,46.33069],[4.826814,46.33062],[4.826906,46.3306],[4.827034,46.330571],[4.827188,46.330544],[4.827209,46.33054],[4.827498,46.330492],[4.827735,46.330451],[4.828012,46.33041],[4.828258,46.330373],[4.82854,46.33033],[4.828727,46.330301],[4.828979,46.330265],[4.829182,46.330235],[4.82923,46.330229],[4.829262,46.330225],[4.829491,46.330169],[4.830134,46.3301],[4.830654,46.330046],[4.830878,46.330023],[4.830874,46.330164],[4.830867,46.330429],[4.830868,46.330497],[4.831161,46.330488],[4.831153,46.330146],[4.831147,46.329906],[4.831148,46.32983],[4.831354,46.329824],[4.831699,46.329815],[4.831952,46.329807],[4.831983,46.329806],[4.832062,46.329804],[4.832088,46.329888],[4.832283,46.329868],[4.832387,46.329857],[4.832424,46.329854],[4.832443,46.329853],[4.83246,46.329839],[4.833036,46.329779],[4.833737,46.329705],[4.834428,46.329634],[4.835017,46.329574],[4.835468,46.329528],[4.83606,46.329468],[4.836394,46.329431],[4.836436,46.329425],[4.836457,46.329423],[4.836843,46.32937],[4.837446,46.329286],[4.837897,46.329222],[4.838214,46.329177],[4.838279,46.329169],[4.838314,46.32922],[4.838485,46.329182],[4.838518,46.329136],[4.838625,46.329121],[4.838932,46.329077],[4.83908,46.329056],[4.839246,46.329031],[4.839293,46.329026],[4.839427,46.329008],[4.839568,46.328984],[4.840474,46.328851],[4.841582,46.328694],[4.841735,46.32867],[4.841959,46.328611],[4.842114,46.328573],[4.842975,46.328357],[4.84312,46.328324],[4.843189,46.328304],[4.843343,46.328266],[4.843582,46.328207],[4.843628,46.328196],[4.844327,46.328024],[4.844632,46.32795],[4.844788,46.327912],[4.845136,46.327829],[4.84575,46.327679],[4.846587,46.327473],[4.846763,46.327428],[4.846696,46.327289],[4.846712,46.327286],[4.846726,46.327283],[4.847061,46.327216],[4.847831,46.327058],[4.847871,46.327194],[4.847913,46.327321],[4.847917,46.327332],[4.848376,46.327257],[4.848521,46.327232],[4.848737,46.327197],[4.848733,46.327187],[4.848652,46.326972],[4.849018,46.32688],[4.84915,46.326849],[4.849624,46.326727],[4.849758,46.326706],[4.849779,46.326701],[4.849842,46.326687],[4.851745,46.32622],[4.851635,46.326058],[4.85145,46.325792],[4.851289,46.325558],[4.851264,46.32552],[4.850956,46.325078],[4.850722,46.324743],[4.850541,46.324489],[4.850139,46.323979],[4.849776,46.323519],[4.849402,46.323046],[4.84903,46.322579],[4.848638,46.322086],[4.848293,46.321651],[4.848018,46.321276],[4.847761,46.320923],[4.847496,46.320557],[4.847199,46.320152],[4.846905,46.319746],[4.846678,46.319437],[4.846435,46.319146],[4.84621,46.318883],[4.845965,46.318604],[4.845693,46.318297],[4.845431,46.318019],[4.845099,46.317667],[4.844803,46.317352],[4.844509,46.317054],[4.844241,46.316754],[4.844019,46.316436],[4.843735,46.316066],[4.843446,46.315656],[4.843185,46.315219],[4.842285,46.313927],[4.841594,46.312924],[4.841009,46.31205],[4.840294,46.311025],[4.839332,46.309226],[4.838926,46.308461],[4.838468,46.307577],[4.837867,46.306438],[4.837082,46.30498],[4.837036,46.304896],[4.837009,46.304846],[4.83691,46.304724],[4.836573,46.304316],[4.836084,46.303746],[4.835831,46.303444],[4.835459,46.303005],[4.835019,46.302471],[4.834638,46.302031],[4.833941,46.301151],[4.833572,46.300656],[4.833428,46.300436],[4.833193,46.300069],[4.832906,46.299604],[4.832598,46.299068],[4.831901,46.297398],[4.831868,46.297268],[4.831808,46.297032],[4.831752,46.296841],[4.831698,46.296575],[4.831655,46.296371],[4.83163,46.29619],[4.831593,46.295949],[4.83155,46.295748],[4.831503,46.295553],[4.831472,46.295331],[4.831437,46.295084],[4.831407,46.294814],[4.831352,46.294509],[4.831291,46.294081],[4.831246,46.293758],[4.831197,46.293367],[4.83111,46.292715],[4.831019,46.292126],[4.830691,46.290494],[4.830591,46.290189],[4.830518,46.289891],[4.830425,46.289614],[4.830327,46.289304],[4.830249,46.289007],[4.830176,46.288768],[4.830077,46.288455],[4.829929,46.287885],[4.829692,46.287114],[4.829424,46.286249],[4.829407,46.286208],[4.829323,46.285974],[4.829281,46.285852],[4.829115,46.285393],[4.828905,46.284829],[4.828714,46.284332],[4.82848,46.283757],[4.828311,46.283338],[4.828197,46.283059],[4.828072,46.282699],[4.827979,46.282433],[4.827896,46.28216],[4.827579,46.280877],[4.827563,46.280703],[4.827491,46.280374],[4.827395,46.279984],[4.827289,46.279404],[4.827184,46.278863],[4.827044,46.278199],[4.826877,46.277309],[4.826655,46.276268],[4.826173,46.276327],[4.825262,46.27643],[4.825116,46.276465],[4.824753,46.276525],[4.824597,46.276547],[4.824412,46.276578],[4.824268,46.276602],[4.824166,46.27662],[4.824092,46.276636],[4.82401,46.276656],[4.823889,46.276692],[4.823775,46.276722],[4.823736,46.276735],[4.823688,46.276744],[4.823556,46.276765],[4.823476,46.276781],[4.823427,46.276793],[4.823375,46.276807],[4.823345,46.276819],[4.823285,46.27684],[4.82324,46.276858],[4.823205,46.27687],[4.823173,46.276879],[4.823139,46.276883],[4.823077,46.276882],[4.823031,46.276885],[4.822988,46.276889],[4.82295,46.276905],[4.822919,46.276917],[4.82288,46.276944],[4.822871,46.27696],[4.822863,46.276981],[4.822866,46.277001],[4.822868,46.27702],[4.822871,46.27704],[4.822886,46.277076],[4.822903,46.277103],[4.822933,46.277128],[4.822962,46.277147],[4.822995,46.277167],[4.823036,46.277186],[4.823131,46.277229],[4.823168,46.27725],[4.823189,46.277272],[4.8232,46.277291],[4.823202,46.27731],[4.823193,46.277328],[4.823181,46.27735],[4.82317,46.277364],[4.82315,46.277385],[4.823116,46.277405],[4.823078,46.277429],[4.823004,46.277462],[4.82297,46.277477],[4.822947,46.27749],[4.822912,46.277503],[4.822905,46.277506],[4.8229,46.277507],[4.822866,46.277517],[4.822817,46.277531],[4.822775,46.277541],[4.822732,46.277548],[4.822611,46.277563],[4.822533,46.277565],[4.82241,46.277581],[4.822237,46.277617],[4.822144,46.277633],[4.822041,46.277648],[4.821981,46.277658],[4.821921,46.277654],[4.821847,46.27765],[4.821786,46.277644],[4.821736,46.27764],[4.821695,46.27764],[4.821665,46.277645],[4.821641,46.277652],[4.821622,46.277667],[4.82161,46.277684],[4.821599,46.277703],[4.821593,46.27773],[4.821599,46.277762],[4.821608,46.277786],[4.821631,46.27784],[4.821667,46.277901],[4.821692,46.277955],[4.82173,46.278038],[4.821751,46.278081],[4.821771,46.278166],[4.821792,46.278261],[4.821814,46.278359],[4.821837,46.278416],[4.821858,46.278451],[4.821869,46.278467],[4.821893,46.278485],[4.821916,46.278502],[4.821946,46.278517],[4.821994,46.278539],[4.822077,46.278577],[4.822162,46.278615],[4.822213,46.278632],[4.822241,46.278646],[4.822254,46.27866],[4.822253,46.278677],[4.822248,46.278686],[4.82224,46.278698],[4.822226,46.278717],[4.822205,46.278729],[4.822173,46.278751],[4.82212,46.278759],[4.822057,46.278771],[4.822007,46.278785],[4.821967,46.278795],[4.821908,46.278813],[4.821848,46.278829],[4.8218,46.278845],[4.821749,46.278856],[4.821702,46.278864],[4.821674,46.278871],[4.821642,46.278874],[4.821608,46.278877],[4.821567,46.278875],[4.82153,46.278872],[4.821457,46.278864],[4.821297,46.278849],[4.821262,46.278842],[4.821224,46.278837],[4.821184,46.278841],[4.821137,46.278846],[4.821122,46.278851],[4.821082,46.278863],[4.820949,46.278913],[4.820834,46.278956],[4.820789,46.278976],[4.820733,46.27899],[4.820694,46.278996],[4.820668,46.278997],[4.82064,46.27899],[4.820617,46.278974],[4.820597,46.278961],[4.820583,46.278944],[4.82057,46.278921],[4.820562,46.278893],[4.820566,46.278878],[4.820576,46.278867],[4.820589,46.278855],[4.820617,46.278839],[4.820695,46.278793],[4.820793,46.27874],[4.820833,46.278709],[4.820863,46.278685],[4.820868,46.278664],[4.820868,46.278654],[4.82086,46.278633],[4.82085,46.278609],[4.820837,46.278582],[4.820783,46.278507],[4.820751,46.278466],[4.820707,46.278423],[4.820656,46.27838],[4.820637,46.278369],[4.820609,46.278355],[4.820587,46.278348],[4.820556,46.278343],[4.820529,46.278347],[4.820485,46.27836],[4.820446,46.278374],[4.820389,46.278397],[4.820238,46.278465],[4.820178,46.278497],[4.820146,46.278517],[4.820132,46.278534],[4.820131,46.278551],[4.820133,46.278564],[4.82014,46.278588],[4.820148,46.278614],[4.820158,46.278639],[4.820172,46.278659],[4.820192,46.278688],[4.820215,46.278726],[4.820239,46.278758],[4.820255,46.27878],[4.820272,46.278805],[4.820277,46.278824],[4.820286,46.278852],[4.820284,46.278867],[4.820276,46.278886],[4.820264,46.278921],[4.820245,46.278954],[4.820212,46.279009],[4.820167,46.279086],[4.820138,46.279124],[4.820133,46.279147],[4.82014,46.279174],[4.820159,46.279192],[4.820201,46.27923],[4.820276,46.279303],[4.820305,46.279336],[4.820332,46.279363],[4.820368,46.279399],[4.820384,46.279428],[4.820389,46.279447],[4.820386,46.279471],[4.820379,46.279494],[4.820366,46.279513],[4.820341,46.279538],[4.820314,46.279568],[4.820279,46.27959],[4.82024,46.279623],[4.820182,46.279648],[4.820097,46.279685],[4.820059,46.279706],[4.820007,46.279722],[4.819955,46.279734],[4.819915,46.279743],[4.819875,46.279748],[4.819835,46.27975],[4.819789,46.279747],[4.819738,46.279737],[4.819695,46.279726],[4.819659,46.279713],[4.819627,46.279697],[4.819587,46.279678],[4.819573,46.279666],[4.819545,46.279645],[4.819531,46.279633],[4.819506,46.279616],[4.819478,46.279597],[4.819444,46.279585],[4.8194,46.279572],[4.819351,46.279564],[4.819269,46.27955],[4.819216,46.279542],[4.819171,46.27953],[4.819131,46.279512],[4.819114,46.279496],[4.819082,46.279466],[4.819052,46.279421],[4.819026,46.279375],[4.819009,46.279337],[4.818992,46.279305],[4.818976,46.279284],[4.818961,46.279257],[4.818939,46.279233],[4.818916,46.279214],[4.81889,46.279196],[4.818862,46.27918],[4.818839,46.279168],[4.818792,46.279151],[4.818644,46.279111],[4.818587,46.279097],[4.818556,46.279089],[4.81852,46.279071],[4.818484,46.279056],[4.818451,46.27904],[4.818432,46.279028],[4.818411,46.279004],[4.818366,46.278952],[4.818347,46.278924],[4.818324,46.278906],[4.818305,46.278896],[4.818286,46.278886],[4.818262,46.278884],[4.818242,46.278881],[4.818218,46.278884],[4.818194,46.278893],[4.818178,46.278904],[4.818164,46.278914],[4.818149,46.278928],[4.818143,46.278952],[4.818145,46.278965],[4.818148,46.278991],[4.818155,46.279015],[4.818164,46.279032],[4.818183,46.279056],[4.818238,46.27912],[4.818247,46.279134],[4.818254,46.279156],[4.818251,46.279167],[4.818239,46.279184],[4.818228,46.279193],[4.818195,46.27921],[4.818153,46.279231],[4.818092,46.279252],[4.818041,46.279274],[4.817992,46.279291],[4.817948,46.279312],[4.817906,46.279339],[4.817888,46.279367],[4.817878,46.279394],[4.817875,46.279419],[4.817869,46.2795],[4.817868,46.279536],[4.817863,46.279564],[4.817855,46.279589],[4.817841,46.27961],[4.817815,46.279628],[4.817788,46.279648],[4.817766,46.279657],[4.817741,46.279666],[4.817712,46.27967],[4.817687,46.27967],[4.81767,46.279665],[4.817653,46.279657],[4.817638,46.279644],[4.817628,46.279629],[4.817612,46.279603],[4.817576,46.279547],[4.817562,46.27953],[4.81755,46.279516],[4.817536,46.279501],[4.817516,46.279485],[4.817504,46.279478],[4.817486,46.27947],[4.817469,46.279463],[4.817441,46.279457],[4.817409,46.279454],[4.817374,46.27945],[4.817346,46.27945],[4.81731,46.279452],[4.817278,46.279456],[4.817243,46.279461],[4.817213,46.279467],[4.817175,46.279479],[4.817142,46.279492],[4.817101,46.279505],[4.817066,46.279526],[4.817053,46.279534],[4.817035,46.279553],[4.817007,46.279577],[4.816956,46.279625],[4.816927,46.279656],[4.816901,46.279682],[4.816863,46.279703],[4.816836,46.279714],[4.816793,46.279726],[4.816753,46.279737],[4.816726,46.27974],[4.816695,46.279742],[4.816669,46.279739],[4.816635,46.279734],[4.816606,46.279724],[4.816574,46.279712],[4.816549,46.279697],[4.816533,46.279689],[4.816511,46.279668],[4.816494,46.279654],[4.816483,46.279636],[4.816471,46.279617],[4.816469,46.279595],[4.816466,46.279566],[4.816466,46.279544],[4.816474,46.279524],[4.816507,46.279454],[4.816525,46.279404],[4.816533,46.279378],[4.816542,46.279346],[4.816535,46.279313],[4.816525,46.279288],[4.816516,46.279275],[4.816489,46.27926],[4.816469,46.279253],[4.816446,46.279245],[4.816421,46.279244],[4.81639,46.279238],[4.816364,46.279237],[4.816331,46.279238],[4.816296,46.279244],[4.816266,46.279248],[4.816227,46.279257],[4.816183,46.279271],[4.816139,46.279282],[4.816087,46.279304],[4.816042,46.279326],[4.816005,46.279346],[4.815978,46.279367],[4.815951,46.27939],[4.815941,46.279407],[4.815938,46.279422],[4.815939,46.279448],[4.815942,46.279463],[4.815959,46.279484],[4.815977,46.279503],[4.816001,46.279522],[4.81603,46.279538],[4.816061,46.279554],[4.816083,46.27957],[4.816112,46.279593],[4.816137,46.279613],[4.81616,46.279636],[4.816163,46.279652],[4.816161,46.279668],[4.816155,46.27968],[4.816143,46.279691],[4.816126,46.279704],[4.8161,46.279718],[4.816016,46.279757],[4.815948,46.279785],[4.81589,46.279806],[4.815811,46.27983],[4.815747,46.279845],[4.81572,46.279847],[4.815679,46.279849],[4.815627,46.279846],[4.815571,46.279849],[4.815536,46.279855],[4.815512,46.279863],[4.815486,46.279875],[4.815477,46.27989],[4.815462,46.279905],[4.815457,46.27992],[4.815462,46.279938],[4.815477,46.279957],[4.815488,46.279966],[4.815518,46.279972],[4.815547,46.279978],[4.815572,46.279982],[4.815612,46.279985],[4.81565,46.279987],[4.815714,46.279985],[4.815771,46.279983],[4.815833,46.279977],[4.815877,46.279968],[4.815937,46.279957],[4.815997,46.279943],[4.816075,46.279922],[4.816124,46.279908],[4.816173,46.279905],[4.81623,46.279904],[4.816253,46.279909],[4.816304,46.279926],[4.816348,46.27994],[4.8164,46.279968],[4.81644,46.279988],[4.816486,46.28002],[4.816512,46.280041],[4.81654,46.280072],[4.816555,46.280094],[4.816564,46.280114],[4.816563,46.280132],[4.816558,46.280145],[4.816543,46.280168],[4.816518,46.280194],[4.816485,46.280219],[4.816458,46.280237],[4.816384,46.280282],[4.816245,46.280366],[4.816186,46.280401],[4.816105,46.280439],[4.816074,46.28045],[4.816058,46.280453],[4.816031,46.280456],[4.816013,46.280457],[4.81598,46.280456],[4.815955,46.280452],[4.815913,46.280443],[4.815872,46.280434],[4.815827,46.28043],[4.815792,46.280429],[4.815759,46.28044],[4.815721,46.280454],[4.81571,46.28047],[4.815696,46.280495],[4.815696,46.280515],[4.8157,46.28053],[4.815711,46.280562],[4.815741,46.280639],[4.81577,46.280711],[4.815787,46.280757],[4.815799,46.280794],[4.815813,46.280852],[4.815826,46.280883],[4.815842,46.280912],[4.815856,46.280936],[4.815881,46.28096],[4.815908,46.280987],[4.815947,46.281012],[4.81601,46.281053],[4.816039,46.281077],[4.816099,46.281126],[4.816131,46.281154],[4.816166,46.281194],[4.816185,46.281243],[4.816199,46.281283],[4.816198,46.281305],[4.816195,46.281342],[4.81619,46.281374],[4.816182,46.281399],[4.816166,46.28143],[4.816148,46.281461],[4.816112,46.281496],[4.816089,46.281519],[4.816023,46.281514],[4.815982,46.281513],[4.815932,46.281488],[4.815879,46.281483],[4.815766,46.281452],[4.815668,46.281427],[4.815595,46.281402],[4.81547,46.281373],[4.815388,46.281375],[4.815292,46.281398],[4.815211,46.281442],[4.815096,46.281574],[4.815051,46.281633],[4.814974,46.281687],[4.814855,46.281705],[4.81476,46.281678],[4.81462,46.281623],[4.814529,46.281597],[4.814423,46.281565],[4.814274,46.281517],[4.81414,46.281452],[4.814086,46.281411],[4.813964,46.281307],[4.813923,46.281263],[4.813883,46.281192],[4.813865,46.281127],[4.81386,46.281091],[4.813866,46.281047],[4.813898,46.280977],[4.813903,46.280965],[4.813922,46.280926],[4.813944,46.280885],[4.813966,46.280851],[4.814021,46.280802],[4.814069,46.28077],[4.814165,46.28074],[4.814284,46.280714],[4.814371,46.280694],[4.814399,46.280686],[4.814401,46.280667],[4.814398,46.280637],[4.814378,46.280592],[4.814269,46.280458],[4.814231,46.280426],[4.814201,46.280404],[4.814176,46.280388],[4.814152,46.280375],[4.814127,46.280363],[4.814104,46.280354],[4.814065,46.280349],[4.81402,46.280342],[4.813961,46.280341],[4.813899,46.280336],[4.813854,46.280333],[4.813809,46.280327],[4.813767,46.280322],[4.813731,46.280313],[4.813702,46.280304],[4.813677,46.280291],[4.813658,46.280274],[4.813638,46.280255],[4.813617,46.280233],[4.813595,46.2802],[4.813579,46.28018],[4.813569,46.28016],[4.813566,46.280139],[4.813566,46.280123],[4.813569,46.280111],[4.813574,46.2801],[4.813588,46.280088],[4.813601,46.280075],[4.813614,46.280063],[4.813636,46.280052],[4.81368,46.280032],[4.813758,46.279997],[4.813849,46.279955],[4.813868,46.279941],[4.813893,46.279922],[4.813912,46.279907],[4.813936,46.279887],[4.81395,46.279875],[4.813958,46.27986],[4.813962,46.279846],[4.813962,46.279835],[4.813958,46.279821],[4.813954,46.279808],[4.813948,46.279799],[4.81394,46.279789],[4.813927,46.27978],[4.8139,46.279766],[4.813849,46.279744],[4.813755,46.279724],[4.813602,46.279689],[4.813561,46.279682],[4.813532,46.279672],[4.813516,46.279665],[4.813502,46.279658],[4.813482,46.279641],[4.813472,46.279632],[4.813455,46.279608],[4.813446,46.279584],[4.813442,46.279554],[4.813447,46.279512],[4.813443,46.279441],[4.813443,46.279381],[4.813442,46.279362],[4.81344,46.279355],[4.813434,46.279347],[4.813422,46.279341],[4.813409,46.279333],[4.813343,46.279316],[4.813241,46.279284],[4.813197,46.279266],[4.813171,46.279256],[4.813152,46.279244],[4.813136,46.279236],[4.813108,46.279211],[4.813087,46.279193],[4.813077,46.27918],[4.813073,46.279165],[4.813073,46.279156],[4.813074,46.279148],[4.813082,46.27914],[4.813093,46.279134],[4.813106,46.27913],[4.813124,46.279126],[4.813142,46.279124],[4.813175,46.279129],[4.813229,46.279144],[4.813296,46.279162],[4.813328,46.279172],[4.813345,46.279172],[4.813373,46.279173],[4.813395,46.279171],[4.813425,46.27917],[4.813451,46.279164],[4.813491,46.279155],[4.813531,46.279143],[4.813557,46.279133],[4.813571,46.279127],[4.81359,46.279116],[4.813599,46.279107],[4.813611,46.279093],[4.813614,46.279083],[4.813615,46.279072],[4.813612,46.279052],[4.813609,46.279041],[4.813598,46.279022],[4.81359,46.279006],[4.813566,46.278979],[4.813537,46.278945],[4.813507,46.278917],[4.813483,46.278895],[4.813253,46.278706],[4.813239,46.278696],[4.813222,46.278689],[4.813204,46.278679],[4.813187,46.278672],[4.813166,46.278665],[4.813141,46.278658],[4.813116,46.278653],[4.81308,46.278648],[4.813058,46.278644],[4.813029,46.278642],[4.813001,46.278641],[4.812974,46.278588],[4.812914,46.278437],[4.812911,46.27843],[4.812902,46.278408],[4.812884,46.278365],[4.812879,46.278354],[4.812867,46.278326],[4.812844,46.278279],[4.812833,46.27826],[4.812816,46.278231],[4.812795,46.278188],[4.81279,46.278177],[4.812766,46.278133],[4.812758,46.27812],[4.812748,46.278107],[4.812734,46.27809],[4.812697,46.278054],[4.812661,46.278022],[4.812625,46.277984],[4.812599,46.277959],[4.812558,46.27792],[4.812495,46.277856],[4.81244,46.277869],[4.812377,46.277883],[4.812307,46.277901],[4.812292,46.277889],[4.812283,46.277883],[4.81228,46.277879],[4.812275,46.277875],[4.812267,46.27785],[4.812257,46.277824],[4.812253,46.277814],[4.812248,46.277793],[4.812224,46.277718],[4.812188,46.277699],[4.812165,46.277687],[4.812148,46.277679],[4.812084,46.277646],[4.812032,46.277618],[4.811946,46.277582],[4.811782,46.277512],[4.811754,46.2775],[4.81158,46.277427],[4.811535,46.277407],[4.811528,46.277404],[4.811388,46.277343],[4.811297,46.277304],[4.811222,46.277272],[4.811207,46.277269],[4.811196,46.277268],[4.811183,46.277267],[4.81117,46.277267],[4.811156,46.277265],[4.811142,46.277263],[4.811133,46.277261],[4.811122,46.277258],[4.811112,46.277254],[4.811072,46.277234],[4.811007,46.277198],[4.810988,46.277187],[4.810963,46.27718],[4.810947,46.277182],[4.810935,46.277189],[4.810908,46.277213],[4.810853,46.277263],[4.810808,46.277306],[4.81075,46.277354],[4.810708,46.277386],[4.810662,46.277418],[4.810646,46.277429],[4.810617,46.277445],[4.81056,46.277477],[4.810522,46.277497],[4.810507,46.277501],[4.810497,46.277504],[4.810471,46.277509],[4.810458,46.27751],[4.810418,46.277506],[4.81041,46.277503],[4.810401,46.277497],[4.810394,46.277491],[4.810389,46.277484],[4.810383,46.277475],[4.810375,46.277462],[4.81036,46.277414],[4.810344,46.277368],[4.810335,46.277348],[4.810326,46.277332],[4.810314,46.277321],[4.810308,46.277316],[4.810302,46.277314],[4.810297,46.277312],[4.810289,46.277311],[4.810283,46.27731],[4.810273,46.277311],[4.81026,46.27731],[4.810242,46.27731],[4.810215,46.277311],[4.810199,46.277309],[4.810178,46.27731],[4.810162,46.277307],[4.810158,46.277306],[4.810145,46.277301],[4.810134,46.277296],[4.810124,46.27729],[4.810119,46.277286],[4.810112,46.277281],[4.810109,46.277278],[4.810067,46.277237],[4.810038,46.277209],[4.809999,46.277171],[4.80999,46.277164],[4.809983,46.277159],[4.809977,46.277156],[4.809972,46.277155],[4.809963,46.277154],[4.809959,46.277154],[4.809953,46.277154],[4.809945,46.277155],[4.809939,46.277156],[4.809935,46.277156],[4.809929,46.277157],[4.809913,46.277159],[4.809903,46.277162],[4.80989,46.277166],[4.809869,46.277173],[4.809814,46.277194],[4.809789,46.277204],[4.809781,46.277207],[4.809747,46.277218],[4.809732,46.277222],[4.809685,46.277212],[4.809675,46.277201],[4.809665,46.27718],[4.809664,46.277173],[4.809667,46.277146],[4.809666,46.277117],[4.809666,46.277103],[4.809663,46.277096],[4.80966,46.277093],[4.809653,46.277089],[4.809645,46.277087],[4.809643,46.277087],[4.809628,46.277088],[4.809616,46.27709],[4.809605,46.277091],[4.80955,46.277097],[4.80953,46.2771],[4.809471,46.277108],[4.809424,46.277115],[4.809351,46.277126],[4.809279,46.277139],[4.809253,46.277144],[4.809237,46.277148],[4.809226,46.277152],[4.809216,46.277155],[4.809206,46.277161],[4.809201,46.277164],[4.809196,46.277168],[4.809193,46.277171],[4.809181,46.27718],[4.809175,46.277185],[4.809162,46.277196],[4.809149,46.277207],[4.809125,46.277224],[4.809115,46.277231],[4.809105,46.277237],[4.809091,46.277243],[4.809048,46.277248],[4.809043,46.277248],[4.809024,46.27725],[4.809018,46.277249],[4.809012,46.277248],[4.809004,46.277246],[4.808996,46.277243],[4.808979,46.277238],[4.808943,46.277225],[4.808925,46.277218],[4.808918,46.277217],[4.808908,46.277215],[4.808884,46.277218],[4.808848,46.277224],[4.808696,46.277248],[4.808426,46.277291],[4.808372,46.277299],[4.808328,46.277306],[4.808231,46.277321],[4.808214,46.277323],[4.80816,46.27733],[4.808153,46.277305],[4.808115,46.277308],[4.808044,46.277321],[4.807857,46.27735],[4.80772,46.277372],[4.807515,46.277408],[4.807382,46.277431],[4.807376,46.277433],[4.807248,46.277455],[4.807181,46.277467],[4.807131,46.277472],[4.807127,46.277472],[4.807045,46.277573],[4.806962,46.277669],[4.806975,46.277729],[4.806978,46.277743],[4.806985,46.277772],[4.807011,46.27788],[4.807047,46.277997],[4.806808,46.278074],[4.806421,46.278202],[4.806377,46.278217],[4.806074,46.278317],[4.805901,46.278374],[4.805867,46.278385],[4.805857,46.278369],[4.80585,46.278359],[4.805841,46.278346],[4.805822,46.278351],[4.805736,46.278377],[4.805594,46.278419],[4.805549,46.278433],[4.805526,46.27844],[4.805428,46.278469],[4.805237,46.278526],[4.805146,46.278554],[4.805054,46.278591],[4.805026,46.278602],[4.80498,46.27862],[4.804971,46.278624],[4.804859,46.278667],[4.804714,46.278727],[4.804703,46.27871],[4.804651,46.278631],[4.804631,46.278557],[4.804423,46.27862],[4.804391,46.278631],[4.804137,46.278707],[4.804072,46.278727],[4.804034,46.278739],[4.804005,46.278747],[4.803922,46.278773],[4.803846,46.278797],[4.803666,46.278852],[4.803648,46.278858],[4.803439,46.278922],[4.803407,46.278931],[4.803342,46.278951],[4.803083,46.279029],[4.803051,46.279038],[4.802966,46.279065],[4.802924,46.279078],[4.802849,46.279098],[4.802677,46.279152],[4.80256,46.279189],[4.802508,46.279201],[4.802411,46.27911],[4.802307,46.279011],[4.802256,46.278964],[4.802207,46.278927],[4.802126,46.278867],[4.802037,46.278802],[4.801975,46.278755],[4.80192,46.278719],[4.801859,46.27867],[4.801827,46.278642],[4.801803,46.278619],[4.801787,46.278594],[4.801775,46.278566],[4.801764,46.278541],[4.801753,46.27852],[4.801773,46.278412],[4.801787,46.278373],[4.801791,46.278329],[4.801772,46.278165],[4.801758,46.278108],[4.801742,46.278084],[4.801711,46.278054],[4.801697,46.278048],[4.801644,46.278066],[4.801614,46.27809],[4.801576,46.278117],[4.801548,46.278136],[4.801521,46.278147],[4.8015,46.278153],[4.801475,46.278152],[4.801445,46.278145],[4.801412,46.278133],[4.801357,46.278108],[4.801322,46.278082],[4.801296,46.278061],[4.801259,46.278006],[4.801214,46.27795],[4.801208,46.27794],[4.801255,46.277932],[4.801244,46.277915],[4.80123,46.277895],[4.801221,46.277881],[4.801204,46.277862],[4.801183,46.277837],[4.801161,46.27781],[4.801144,46.277792],[4.80114,46.277787],[4.80113,46.27778],[4.801112,46.277765],[4.801095,46.277751],[4.801084,46.277744],[4.801065,46.277733],[4.801047,46.277723],[4.801031,46.277714],[4.801007,46.277702],[4.800978,46.277686],[4.800957,46.277676],[4.800938,46.277664],[4.800923,46.277656],[4.800914,46.277651],[4.800855,46.277661],[4.80078,46.277618],[4.800689,46.277566],[4.800591,46.277509],[4.80054,46.277485],[4.800473,46.277465],[4.800414,46.27745],[4.800224,46.277419],[4.800181,46.277429],[4.800134,46.277442],[4.800083,46.277459],[4.800053,46.277469],[4.800007,46.277486],[4.799973,46.277498],[4.799632,46.277683],[4.79956,46.277703],[4.799515,46.277718],[4.799482,46.277726],[4.799458,46.277731],[4.799424,46.277733],[4.799364,46.277728],[4.799268,46.277717],[4.799148,46.277707],[4.799037,46.277697],[4.798964,46.277675],[4.79895,46.277652],[4.798928,46.277555],[4.798934,46.277547],[4.798952,46.27754],[4.799036,46.277528],[4.799083,46.277521],[4.799123,46.277518],[4.799196,46.277502],[4.799243,46.277488],[4.799278,46.277473],[4.799295,46.277461],[4.799328,46.277427],[4.799335,46.277406],[4.799336,46.277386],[4.799336,46.277357],[4.799326,46.277347],[4.799317,46.277336],[4.799297,46.277319],[4.799282,46.277311],[4.799237,46.2773],[4.799212,46.277298],[4.799184,46.277296],[4.799154,46.277303],[4.798941,46.277364],[4.798908,46.277371],[4.798885,46.277373],[4.798849,46.277376],[4.79883,46.277371],[4.798811,46.277362],[4.798795,46.277352],[4.798784,46.277342],[4.798781,46.277326],[4.798768,46.277237],[4.798738,46.277125],[4.798698,46.277082],[4.798617,46.277066],[4.798531,46.277059],[4.798471,46.277069],[4.798414,46.277082],[4.798384,46.277103],[4.798381,46.27713],[4.798373,46.277162],[4.798371,46.277188],[4.798356,46.27724],[4.798336,46.277254],[4.798315,46.277268],[4.798287,46.277281],[4.798258,46.277289],[4.79822,46.277298],[4.798112,46.277305],[4.798093,46.277297],[4.798019,46.277243],[4.797966,46.2772],[4.797926,46.277164],[4.797792,46.27701],[4.797746,46.276939],[4.797723,46.276908],[4.797684,46.27687],[4.797656,46.276848],[4.797544,46.276792],[4.797526,46.276787],[4.797502,46.276784],[4.79744,46.276806],[4.797427,46.276834],[4.797426,46.276864],[4.797426,46.276885],[4.797433,46.276937],[4.797437,46.276983],[4.79744,46.277011],[4.797437,46.277032],[4.797426,46.277062],[4.797304,46.277139],[4.79729,46.277135],[4.797258,46.277128],[4.797184,46.277106],[4.797122,46.277093],[4.797089,46.277087],[4.79706,46.277087],[4.797027,46.277087],[4.796991,46.27709],[4.796885,46.277133],[4.796867,46.277149],[4.796843,46.277167],[4.796766,46.277235],[4.796719,46.277278],[4.796683,46.277308],[4.796656,46.277327],[4.796638,46.277335],[4.796585,46.277351],[4.796555,46.277352],[4.796538,46.277348],[4.796516,46.277337],[4.796473,46.277323],[4.796447,46.277311],[4.796407,46.2773],[4.79632,46.27729],[4.796242,46.277297],[4.796162,46.277313],[4.796128,46.277323],[4.796093,46.277337],[4.796035,46.277362],[4.795979,46.277382],[4.795917,46.277401],[4.79581,46.277438],[4.795712,46.277469],[4.795645,46.277495],[4.795572,46.27753],[4.795469,46.277576],[4.795441,46.27759],[4.795403,46.277608],[4.795393,46.277614],[4.795351,46.277633],[4.795306,46.277657],[4.795225,46.27769],[4.795159,46.277714],[4.795088,46.277738],[4.795046,46.277751],[4.794942,46.277775],[4.794862,46.27779],[4.794834,46.277794],[4.794799,46.277799],[4.794762,46.277801],[4.794723,46.277801],[4.794648,46.277795],[4.794606,46.277788],[4.794599,46.277784],[4.794597,46.277784],[4.794435,46.277768],[4.794403,46.277771],[4.794357,46.277777],[4.793924,46.277876],[4.793881,46.277885],[4.793819,46.277901],[4.793747,46.277919],[4.793636,46.27795],[4.793599,46.277958],[4.793557,46.277964],[4.793437,46.277979],[4.793359,46.277987],[4.793312,46.277995],[4.79328,46.278002],[4.793253,46.27801],[4.793124,46.27806],[4.793079,46.278079],[4.793056,46.278085],[4.793026,46.27809],[4.792999,46.27809],[4.79295,46.278086],[4.792477,46.278023],[4.79233,46.277998],[4.792322,46.277997],[4.792307,46.277998],[4.792283,46.278002],[4.792247,46.278009],[4.792182,46.278025],[4.792147,46.278033],[4.79213,46.278035],[4.792101,46.278032],[4.792073,46.278028],[4.792057,46.278027],[4.792055,46.278027],[4.792043,46.278023],[4.792027,46.278013],[4.792001,46.277999],[4.791962,46.277975],[4.791918,46.277948],[4.791874,46.277921],[4.791828,46.277894],[4.79175,46.277852],[4.791721,46.277839],[4.791683,46.277823],[4.79165,46.27781],[4.791603,46.277795],[4.791565,46.277783],[4.791528,46.277773],[4.791483,46.277761],[4.791423,46.277747],[4.791337,46.277726],[4.791059,46.277623],[4.791033,46.277616],[4.791021,46.277616],[4.790998,46.277615],[4.790981,46.277618],[4.790962,46.277622],[4.79093,46.277632],[4.790897,46.27764],[4.790847,46.277657],[4.790803,46.277676],[4.790756,46.277694],[4.790715,46.277713],[4.790678,46.277734],[4.790633,46.277757],[4.790587,46.277782],[4.79056,46.277799],[4.790527,46.277817],[4.790491,46.277841],[4.79047,46.277857],[4.790446,46.277877],[4.790419,46.277899],[4.790397,46.27792],[4.790357,46.27796],[4.790278,46.278039],[4.790203,46.27812],[4.789747,46.278458],[4.789738,46.278463],[4.789557,46.278386],[4.789439,46.278334],[4.789338,46.278279],[4.789245,46.27821],[4.789182,46.278142],[4.789101,46.27804],[4.788915,46.277825],[4.788702,46.27758],[4.788462,46.277324],[4.788446,46.277308],[4.788325,46.277209],[4.788324,46.277208],[4.788032,46.27699],[4.788317,46.276904],[4.788319,46.276903],[4.788375,46.276885],[4.788598,46.276822],[4.788698,46.276793],[4.788788,46.276774],[4.788858,46.276758],[4.788911,46.27675],[4.788967,46.276743],[4.788956,46.276715],[4.788924,46.276636],[4.788783,46.276428],[4.78873,46.276303],[4.7885,46.275831],[4.788415,46.275832],[4.7884,46.275837],[4.788289,46.275716],[4.788229,46.27572],[4.788138,46.275585],[4.787961,46.275481],[4.787863,46.275407],[4.787747,46.27528],[4.787664,46.275174],[4.78761,46.275044],[4.787568,46.274882],[4.787511,46.274604],[4.787506,46.274581],[4.787463,46.274412],[4.787444,46.274333],[4.78743,46.274278],[4.787413,46.274201],[4.787343,46.27421],[4.787345,46.274145],[4.787352,46.273954],[4.787345,46.273917],[4.787323,46.273815],[4.787306,46.273731],[4.787247,46.273448],[4.787244,46.273434],[4.787243,46.273431],[4.787217,46.273436]]],[[[4.811165,46.348252],[4.811125,46.348278],[4.811066,46.34831],[4.811024,46.348333],[4.810967,46.348363],[4.810869,46.348412],[4.810718,46.348493],[4.810584,46.348563],[4.810451,46.348627],[4.810241,46.348722],[4.810223,46.348722],[4.810131,46.348877],[4.810069,46.349],[4.810014,46.349113],[4.809957,46.349235],[4.809925,46.349307],[4.809859,46.34939],[4.809796,46.34947],[4.809715,46.349553],[4.809664,46.34961],[4.809606,46.349629],[4.809554,46.349639],[4.809497,46.349651],[4.809436,46.349668],[4.809368,46.349712],[4.809312,46.349756],[4.809252,46.349816],[4.809184,46.349873],[4.809086,46.349982],[4.808998,46.350046],[4.808965,46.350079],[4.80891,46.350137],[4.808822,46.350246],[4.808658,46.350421],[4.808504,46.350581],[4.808346,46.350746],[4.808216,46.350883],[4.808189,46.350913],[4.808159,46.350936],[4.80811,46.350966],[4.808032,46.351012],[4.807981,46.351055],[4.807943,46.351094],[4.807867,46.351189],[4.807732,46.351341],[4.807571,46.351522],[4.807483,46.351597],[4.807408,46.351666],[4.807342,46.351714],[4.8073,46.351756],[4.807271,46.351804],[4.807221,46.35195],[4.807175,46.352071],[4.807174,46.352084],[4.807408,46.352143],[4.807689,46.352214],[4.807793,46.352243],[4.807772,46.352257],[4.807683,46.35232],[4.807516,46.352433],[4.807065,46.35274],[4.80662,46.353047],[4.806097,46.353406],[4.805718,46.353657],[4.805404,46.353875],[4.805114,46.354071],[4.804918,46.354201],[4.80448,46.354499],[4.804307,46.354614],[4.804319,46.354618],[4.804652,46.35462],[4.805004,46.354626],[4.805003,46.354814],[4.805,46.35506],[4.805005,46.355208],[4.805009,46.355255],[4.805015,46.355343],[4.805036,46.355452],[4.805043,46.355533],[4.805061,46.35561],[4.805092,46.355718],[4.805116,46.355799],[4.80515,46.355894],[4.805205,46.356044],[4.80526,46.356181],[4.80529,46.356245],[4.805347,46.35638],[4.805386,46.356464],[4.805413,46.356523],[4.80544,46.356577],[4.80545,46.356604],[4.805458,46.356625],[4.805463,46.356651],[4.805464,46.356676],[4.805468,46.356721],[4.805467,46.356779],[4.805463,46.356844],[4.805469,46.35695],[4.805467,46.356971],[4.805474,46.357003],[4.805478,46.357038],[4.805503,46.357128],[4.805536,46.357209],[4.805574,46.357292],[4.805595,46.357334],[4.80562,46.357377],[4.805639,46.357397],[4.805657,46.35742],[4.80572,46.357489],[4.80577,46.357537],[4.805803,46.357566],[4.805967,46.357699],[4.806327,46.357986],[4.806785,46.358341],[4.807155,46.358634],[4.807515,46.358923],[4.80782,46.359166],[4.808223,46.359482],[4.808519,46.359356],[4.80883,46.359221],[4.809097,46.359481],[4.809277,46.359655],[4.80929,46.359675],[4.809317,46.35968],[4.809358,46.35969],[4.809396,46.359708],[4.809424,46.359721],[4.809456,46.359747],[4.809473,46.359771],[4.809494,46.359801],[4.809518,46.359837],[4.809552,46.359874],[4.809578,46.359902],[4.809609,46.359929],[4.809655,46.359964],[4.809692,46.359985],[4.809728,46.360003],[4.809803,46.360043],[4.809866,46.360058],[4.809901,46.360065],[4.809956,46.360072],[4.810051,46.360081],[4.810222,46.360083],[4.810316,46.360086],[4.810418,46.360093],[4.810484,46.360099],[4.810543,46.36011],[4.810609,46.360125],[4.810688,46.360157],[4.810732,46.360178],[4.810773,46.360199],[4.810822,46.360236],[4.810874,46.360278],[4.810968,46.360396],[4.811061,46.360508],[4.811151,46.360638],[4.811217,46.360732],[4.811273,46.360815],[4.811298,46.360843],[4.811347,46.360867],[4.811398,46.360883],[4.811535,46.36093],[4.811648,46.360962],[4.811755,46.360988],[4.811855,46.361012],[4.811928,46.361026],[4.811944,46.361029],[4.812027,46.361044],[4.812122,46.361075],[4.812207,46.361109],[4.812323,46.361157],[4.812381,46.361178],[4.812489,46.361214],[4.812551,46.361235],[4.812606,46.361261],[4.812667,46.361295],[4.812761,46.361348],[4.812867,46.361412],[4.812935,46.361449],[4.813042,46.361503],[4.81316,46.361554],[4.813266,46.361594],[4.81332,46.361608],[4.813419,46.361633],[4.813513,46.361655],[4.81361,46.361676],[4.813731,46.361694],[4.813874,46.361718],[4.813948,46.361721],[4.814064,46.361727],[4.814157,46.361727],[4.81421,46.361719],[4.814353,46.361707],[4.81446,46.361695],[4.814536,46.361696],[4.814602,46.361704],[4.814671,46.361714],[4.814721,46.361736],[4.814753,46.361752],[4.81478,46.361783],[4.814923,46.36195],[4.814991,46.362026],[4.815032,46.362086],[4.815062,46.362128],[4.815147,46.362212],[4.815217,46.362257],[4.8153,46.362302],[4.815354,46.362336],[4.815423,46.36238],[4.815494,46.362438],[4.815664,46.362572],[4.815724,46.362615],[4.81576,46.362637],[4.815832,46.362665],[4.815876,46.36269],[4.815972,46.362778],[4.816067,46.362871],[4.81616,46.36298],[4.816225,46.363068],[4.81628,46.363134],[4.816368,46.363228],[4.816434,46.363296],[4.816535,46.363386],[4.816582,46.36343],[4.816661,46.363532],[4.816747,46.363651],[4.81684,46.363774],[4.81689,46.363845],[4.816923,46.363899],[4.816932,46.363937],[4.816939,46.363983],[4.816953,46.364024],[4.81697,46.364072],[4.816986,46.364091],[4.817059,46.364137],[4.817069,46.364149],[4.817118,46.364183],[4.817133,46.36419],[4.817148,46.364196],[4.81719,46.364212],[4.817243,46.364237],[4.81729,46.364253],[4.817346,46.364273],[4.817382,46.364287],[4.817413,46.364298],[4.817457,46.364318],[4.817487,46.364331],[4.81752,46.364347],[4.817558,46.364368],[4.817594,46.364392],[4.817623,46.364409],[4.817651,46.364428],[4.817688,46.364453],[4.817729,46.364486],[4.817752,46.364513],[4.81778,46.364538],[4.81781,46.36457],[4.817817,46.364581],[4.817838,46.364605],[4.817865,46.364634],[4.817872,46.364642],[4.817893,46.364675],[4.817901,46.364686],[4.817922,46.36472],[4.817942,46.364752],[4.817949,46.364765],[4.817972,46.364806],[4.817996,46.364847],[4.818018,46.364887],[4.81802,46.364891],[4.818037,46.364928],[4.818049,46.364956],[4.818053,46.364966],[4.818054,46.364968],[4.818065,46.364988],[4.818071,46.364998],[4.818093,46.365],[4.818108,46.365037],[4.818129,46.365105],[4.818175,46.365271],[4.818191,46.365349],[4.818215,46.365489],[4.81823,46.365546],[4.818232,46.365601],[4.818233,46.365688],[4.818251,46.365752],[4.818277,46.365818],[4.818335,46.365957],[4.818391,46.36611],[4.818447,46.366224],[4.818475,46.366265],[4.818509,46.366317],[4.81854,46.366369],[4.818553,46.366407],[4.818559,46.366437],[4.818551,46.366513],[4.818556,46.366646],[4.818551,46.36675],[4.818539,46.366805],[4.818527,46.366856],[4.818508,46.366894],[4.818494,46.366947],[4.818485,46.366985],[4.818495,46.367029],[4.818498,46.367069],[4.818497,46.367114],[4.818498,46.367158],[4.818476,46.36722],[4.818455,46.367254],[4.818428,46.367301],[4.818411,46.367337],[4.818392,46.367386],[4.818385,46.367437],[4.818384,46.367528],[4.818387,46.367597],[4.818401,46.367656],[4.818427,46.367727],[4.818459,46.367838],[4.818528,46.367989],[4.818579,46.368122],[4.818613,46.368205],[4.818629,46.368237],[4.818646,46.36826],[4.818679,46.368295],[4.818723,46.368366],[4.818739,46.368409],[4.818755,46.368464],[4.818793,46.368655],[4.818822,46.368733],[4.818846,46.36877],[4.818865,46.368801],[4.818889,46.368863],[4.818939,46.368961],[4.818967,46.369041],[4.81899,46.36909],[4.819038,46.369209],[4.819077,46.369289],[4.819126,46.369378],[4.819157,46.36946],[4.819198,46.369575],[4.81923,46.369665],[4.819254,46.369725],[4.819267,46.369784],[4.819286,46.369851],[4.819295,46.369913],[4.819304,46.37001],[4.819313,46.370124],[4.819322,46.370222],[4.819336,46.370389],[4.819349,46.37053],[4.819357,46.37066],[4.819371,46.370758],[4.819374,46.370787],[4.81935,46.370787],[4.819373,46.370846],[4.819388,46.370904],[4.819406,46.370992],[4.819434,46.371084],[4.819453,46.371148],[4.819468,46.371207],[4.819488,46.371272],[4.819492,46.371281],[4.819506,46.371342],[4.81951,46.371343],[4.819529,46.371405],[4.819544,46.371451],[4.819596,46.371609],[4.819658,46.371798],[4.819707,46.371957],[4.819755,46.372098],[4.819792,46.372201],[4.820368,46.372345],[4.820663,46.372421],[4.820674,46.372607],[4.820676,46.372801],[4.820676,46.372984],[4.820683,46.373169],[4.820687,46.373268],[4.820688,46.373337],[4.820685,46.373429],[4.820687,46.37352],[4.820687,46.373548],[4.820689,46.373569],[4.820692,46.373602],[4.820705,46.373659],[4.820721,46.373728],[4.820733,46.373799],[4.820739,46.373856],[4.820746,46.373908],[4.82075,46.373938],[4.820748,46.373979],[4.820746,46.374016],[4.820749,46.374081],[4.820753,46.374171],[4.820762,46.374258],[4.820777,46.374356],[4.820789,46.374414],[4.820802,46.374462],[4.820812,46.374495],[4.820821,46.374526],[4.820839,46.374563],[4.820851,46.374592],[4.820867,46.37463],[4.820868,46.374631],[4.820893,46.374702],[4.820899,46.374713],[4.820914,46.37475],[4.820944,46.37481],[4.820965,46.374844],[4.820987,46.374841],[4.821024,46.374905],[4.821059,46.374959],[4.821109,46.375032],[4.821111,46.375032],[4.821168,46.375125],[4.821185,46.375158],[4.821211,46.375224],[4.821251,46.375353],[4.821288,46.375477],[4.821342,46.375629],[4.821388,46.375743],[4.821421,46.375823],[4.821477,46.375959],[4.821529,46.376092],[4.821564,46.376172],[4.821574,46.376272],[4.821601,46.376275],[4.821967,46.37631],[4.822498,46.376361],[4.822691,46.37638],[4.823246,46.376433],[4.824359,46.376539],[4.826216,46.376713],[4.827405,46.376826],[4.828996,46.376981],[4.829764,46.377056],[4.830178,46.377098],[4.830671,46.377146],[4.831374,46.377218],[4.831625,46.377242],[4.831841,46.377262],[4.83184,46.377263],[4.83169,46.377426],[4.831654,46.377464],[4.831517,46.377605],[4.831395,46.377731],[4.83118,46.377951],[4.831057,46.378078],[4.83077,46.378373],[4.830572,46.378577],[4.830369,46.378784],[4.830053,46.379109],[4.830052,46.379111],[4.82991,46.379255],[4.82984,46.379328],[4.829791,46.379378],[4.829778,46.379391],[4.82972,46.379451],[4.82963,46.379546],[4.829778,46.379546],[4.829934,46.379547],[4.82994,46.379547],[4.830221,46.379549],[4.830361,46.37955],[4.830467,46.379551],[4.830674,46.379551],[4.830855,46.379553],[4.831024,46.379555],[4.831137,46.379556],[4.831298,46.379556],[4.83162,46.37956],[4.831698,46.379562],[4.83191,46.379565],[4.832097,46.379564],[4.832151,46.379564],[4.832197,46.379565],[4.832464,46.379566],[4.832702,46.379565],[4.833077,46.379566],[4.833103,46.379566],[4.833473,46.379564],[4.833636,46.379565],[4.833769,46.379565],[4.833878,46.379565],[4.833928,46.379564],[4.83398,46.379564],[4.833983,46.37956],[4.834173,46.379529],[4.834214,46.379529],[4.834619,46.379531],[4.834905,46.379531],[4.835337,46.379531],[4.835686,46.379531],[4.8358,46.379531],[4.835854,46.379345],[4.83587,46.379291],[4.835923,46.379118],[4.835934,46.379082],[4.835965,46.37897],[4.835966,46.378966],[4.836002,46.378855],[4.836229,46.378828],[4.836259,46.378824],[4.83674,46.378772],[4.837144,46.378732],[4.837149,46.378731],[4.837632,46.378676],[4.837674,46.378671],[4.838045,46.378627],[4.838321,46.378596],[4.838352,46.37859],[4.838722,46.378552],[4.839089,46.378512],[4.83922,46.378498],[4.83934,46.378486],[4.839388,46.378481],[4.839446,46.378475],[4.839471,46.37847],[4.839504,46.378465],[4.839507,46.378465],[4.83954,46.378458],[4.839565,46.378452],[4.839571,46.378451],[4.839586,46.378445],[4.839636,46.378434],[4.839659,46.378429],[4.839785,46.378226],[4.839832,46.378151],[4.839979,46.377916],[4.840216,46.377541],[4.840418,46.377222],[4.8405,46.377093],[4.840509,46.377089],[4.84054,46.377078],[4.840741,46.377028],[4.841127,46.376918],[4.841246,46.376884],[4.841225,46.376819],[4.841193,46.376718],[4.841173,46.376656],[4.841164,46.376635],[4.841158,46.376621],[4.841144,46.3766],[4.841133,46.376579],[4.841089,46.376516],[4.841061,46.37648],[4.841049,46.37646],[4.841043,46.376449],[4.841035,46.376429],[4.841026,46.376404],[4.841017,46.376378],[4.841008,46.376348],[4.841,46.376331],[4.840994,46.376321],[4.840975,46.3763],[4.840957,46.37628],[4.840925,46.37625],[4.840891,46.376218],[4.840879,46.376205],[4.840864,46.376188],[4.84085,46.376169],[4.840839,46.376151],[4.840827,46.376136],[4.840803,46.376095],[4.840744,46.376],[4.840703,46.375929],[4.840671,46.375881],[4.84064,46.375832],[4.840628,46.375813],[4.840597,46.375765],[4.840568,46.375726],[4.840522,46.375669],[4.840488,46.375628],[4.840469,46.375602],[4.840453,46.37558],[4.840424,46.375535],[4.84038,46.37547],[4.840365,46.375449],[4.840356,46.37544],[4.840341,46.375429],[4.840313,46.375407],[4.840282,46.375385],[4.840245,46.37536],[4.840238,46.375356],[4.840233,46.37535],[4.840226,46.375344],[4.840225,46.375338],[4.840217,46.375308],[4.840201,46.375252],[4.840181,46.375183],[4.840171,46.375144],[4.840162,46.375117],[4.840146,46.375077],[4.840137,46.375054],[4.840121,46.375008],[4.840103,46.374939],[4.840093,46.374907],[4.840088,46.374894],[4.840083,46.374886],[4.840064,46.374863],[4.840049,46.374844],[4.840043,46.374837],[4.840032,46.374811],[4.840016,46.374771],[4.839994,46.374722],[4.839982,46.374694],[4.839981,46.374688],[4.839981,46.374685],[4.839982,46.37468],[4.839986,46.374675],[4.839992,46.37467],[4.840002,46.374661],[4.840012,46.374654],[4.840034,46.374639],[4.840092,46.374602],[4.840197,46.374534],[4.840334,46.374445],[4.840396,46.374407],[4.840429,46.374385],[4.840465,46.37436],[4.840561,46.374292],[4.840638,46.374236],[4.840739,46.374163],[4.840876,46.374067],[4.840894,46.374054],[4.841034,46.373956],[4.841089,46.373917],[4.841162,46.373875],[4.841177,46.373866],[4.841284,46.373793],[4.841351,46.373749],[4.841458,46.373678],[4.841515,46.373639],[4.841574,46.373599],[4.841489,46.373482],[4.841425,46.373394],[4.84135,46.373296],[4.841262,46.373181],[4.841191,46.373081],[4.841129,46.372996],[4.841085,46.372937],[4.841057,46.372893],[4.841009,46.372811],[4.840932,46.372676],[4.840892,46.372598],[4.84087,46.372551],[4.840833,46.372434],[4.840792,46.372325],[4.840755,46.372218],[4.840801,46.372184],[4.840411,46.371144],[4.841252,46.370871],[4.841633,46.370745],[4.842279,46.370536],[4.842902,46.370336],[4.843481,46.370151],[4.843958,46.369908],[4.844073,46.369849],[4.844844,46.369452],[4.844874,46.369434],[4.845054,46.369784],[4.845202,46.370069],[4.845227,46.370158],[4.845295,46.370402],[4.845324,46.370502],[4.845363,46.370498],[4.846143,46.370434],[4.846807,46.370379],[4.846843,46.370376],[4.847268,46.370331],[4.848197,46.370126],[4.848705,46.370075],[4.849211,46.370061],[4.849596,46.370005],[4.849632,46.370001],[4.849781,46.370305],[4.849907,46.37056],[4.850025,46.370807],[4.850077,46.370907],[4.850332,46.371189],[4.850383,46.371269],[4.850405,46.371299],[4.850479,46.371301],[4.8512,46.371072],[4.851834,46.370873],[4.851998,46.370826],[4.852203,46.37075],[4.852286,46.370687],[4.85249,46.370666],[4.852531,46.370659],[4.853041,46.37057],[4.853263,46.370533],[4.853565,46.370482],[4.853722,46.370452],[4.853784,46.370436],[4.853844,46.37031],[4.853851,46.370262],[4.853856,46.370231],[4.853881,46.370204],[4.853906,46.370192],[4.85407,46.370161],[4.854448,46.370079],[4.854809,46.370006],[4.855189,46.369925],[4.855464,46.369872],[4.855796,46.369802],[4.855997,46.369761],[4.856386,46.369567],[4.855898,46.368958],[4.856449,46.368766],[4.856784,46.368647],[4.857129,46.368549],[4.857739,46.368363],[4.858642,46.368083],[4.858238,46.367469],[4.857733,46.366698],[4.85724,46.365935],[4.856254,46.364407],[4.856191,46.364305],[4.85591,46.363847],[4.85563,46.363373],[4.855444,46.363037],[4.855255,46.362685],[4.855076,46.362355],[4.854886,46.361997],[4.854693,46.361637],[4.854508,46.361293],[4.854402,46.361095],[4.854336,46.360934],[4.854307,46.360821],[4.854265,46.360668],[4.854227,46.360548],[4.854179,46.360404],[4.854142,46.360298],[4.854107,46.360198],[4.854055,46.360056],[4.854014,46.359948],[4.853956,46.35981],[4.853947,46.359789],[4.853914,46.359717],[4.853865,46.359613],[4.853806,46.359517],[4.853758,46.35945],[4.853694,46.359356],[4.853646,46.359286],[4.853579,46.359196],[4.85354,46.359147],[4.853477,46.359069],[4.853398,46.358974],[4.853298,46.358858],[4.853213,46.358757],[4.853133,46.358665],[4.853,46.358509],[4.852872,46.358354],[4.852764,46.358224],[4.852665,46.35811],[4.852527,46.357945],[4.852422,46.357827],[4.852339,46.357732],[4.852265,46.357643],[4.852212,46.357569],[4.852109,46.357426],[4.85205,46.357344],[4.851977,46.357246],[4.851873,46.357119],[4.851803,46.357036],[4.851716,46.35694],[4.851638,46.35685],[4.851534,46.356718],[4.85147,46.356624],[4.851416,46.35653],[4.851384,46.356456],[4.851362,46.356367],[4.851346,46.356294],[4.851327,46.356221],[4.851287,46.356043],[4.851228,46.355767],[4.851195,46.355609],[4.85116,46.35544],[4.851122,46.355254],[4.8511,46.355149],[4.851075,46.355026],[4.851054,46.354913],[4.851034,46.354818],[4.851011,46.354704],[4.851007,46.354628],[4.850996,46.354516],[4.850981,46.3544],[4.850973,46.35427],[4.850975,46.354149],[4.850974,46.353997],[4.850973,46.353874],[4.850973,46.353744],[4.850972,46.353617],[4.850972,46.353488],[4.850971,46.353364],[4.850969,46.353235],[4.850971,46.353075],[4.85097,46.352946],[4.85097,46.352786],[4.85097,46.352706],[4.85097,46.352674],[4.85098,46.352504],[4.850989,46.352317],[4.850503,46.352311],[4.850149,46.352309],[4.849942,46.352309],[4.849753,46.352343],[4.849613,46.352369],[4.84952,46.352402],[4.849424,46.352437],[4.849304,46.352481],[4.849182,46.352526],[4.849065,46.352565],[4.849016,46.352581],[4.848843,46.352634],[4.848786,46.352653],[4.848673,46.352691],[4.848662,46.352695],[4.84865,46.3527],[4.848636,46.352704],[4.848608,46.352719],[4.848548,46.35275],[4.848419,46.352745],[4.848411,46.352745],[4.848368,46.352756],[4.848294,46.352773],[4.848218,46.35279],[4.848059,46.35279],[4.847707,46.352977],[4.847601,46.353034],[4.847474,46.3531],[4.84736,46.35311],[4.847186,46.353126],[4.847084,46.353134],[4.847048,46.353135],[4.846981,46.353132],[4.84685,46.35313],[4.846777,46.353134],[4.846676,46.353145],[4.84654,46.353162],[4.846477,46.35317],[4.84642,46.353175],[4.846375,46.353176],[4.846297,46.353176],[4.846254,46.353176],[4.846215,46.353174],[4.846103,46.353166],[4.846067,46.353163],[4.846013,46.353155],[4.845925,46.353139],[4.845824,46.353113],[4.845719,46.353084],[4.845533,46.353032],[4.845364,46.352981],[4.845199,46.352934],[4.845048,46.352889],[4.844935,46.352859],[4.844818,46.352825],[4.844751,46.35281],[4.844673,46.352799],[4.844564,46.352782],[4.844415,46.352821],[4.844311,46.352845],[4.84427,46.352854],[4.84419,46.352871],[4.844159,46.352878],[4.844058,46.3529],[4.844002,46.35291],[4.843986,46.352911],[4.843975,46.35291],[4.843964,46.352907],[4.843954,46.352905],[4.843947,46.352902],[4.843939,46.352898],[4.843932,46.352894],[4.843891,46.352847],[4.843857,46.35281],[4.843843,46.352796],[4.843832,46.352782],[4.84382,46.352769],[4.84381,46.352758],[4.843801,46.352752],[4.843793,46.352744],[4.843777,46.352733],[4.843764,46.352722],[4.8437,46.352744],[4.843592,46.352782],[4.843511,46.352811],[4.84347,46.352825],[4.843455,46.352829],[4.84341,46.352839],[4.843346,46.352853],[4.84323,46.352876],[4.843108,46.352898],[4.843007,46.352917],[4.842938,46.352929],[4.842896,46.352938],[4.842767,46.352967],[4.842676,46.352985],[4.842571,46.353008],[4.842463,46.353032],[4.842374,46.353051],[4.842341,46.353059],[4.842272,46.353077],[4.842104,46.35312],[4.841985,46.353149],[4.841913,46.353169],[4.841893,46.353176],[4.841809,46.353208],[4.84176,46.353227],[4.841754,46.353229],[4.841674,46.35327],[4.841575,46.353318],[4.841521,46.353345],[4.841486,46.353362],[4.841458,46.353373],[4.841394,46.353401],[4.841227,46.353429],[4.841102,46.353452],[4.841044,46.353462],[4.841005,46.353475],[4.840936,46.353498],[4.840879,46.353518],[4.840844,46.353531],[4.840813,46.353543],[4.840742,46.353536],[4.84056,46.35352],[4.840493,46.353524],[4.840435,46.353528],[4.840289,46.353538],[4.840072,46.353553],[4.840012,46.353554],[4.839979,46.353549],[4.839931,46.353541],[4.839918,46.353539],[4.839903,46.353534],[4.839886,46.353529],[4.839841,46.353513],[4.839821,46.353505],[4.839812,46.3535],[4.839772,46.353484],[4.839668,46.353439],[4.839586,46.353404],[4.839545,46.353386],[4.839533,46.353381],[4.839522,46.353376],[4.839479,46.353354],[4.839417,46.353324],[4.839365,46.353256],[4.83926,46.353173],[4.839193,46.353149],[4.839041,46.353096],[4.838878,46.353038],[4.838779,46.353004],[4.838731,46.352992],[4.838692,46.352982],[4.838514,46.352937],[4.83836,46.352898],[4.838238,46.352866],[4.838125,46.352837],[4.838082,46.352796],[4.838063,46.35278],[4.837875,46.352607],[4.837706,46.352451],[4.83751,46.352271],[4.837355,46.352127],[4.837264,46.352045],[4.837184,46.352064],[4.837104,46.352083],[4.836901,46.352132],[4.836876,46.35213],[4.836899,46.352079],[4.836943,46.351975],[4.83695,46.351938],[4.836949,46.351907],[4.836946,46.351854],[4.836941,46.3518],[4.836933,46.351766],[4.836919,46.351723],[4.836906,46.351684],[4.836877,46.351618],[4.836827,46.351516],[4.836728,46.351321],[4.83664,46.351143],[4.836556,46.350977],[4.83646,46.350789],[4.836309,46.350498],[4.836295,46.350471],[4.836236,46.350365],[4.836192,46.350279],[4.836146,46.350185],[4.836081,46.350021],[4.836076,46.350008],[4.83607,46.349967],[4.836052,46.34986],[4.836019,46.349704],[4.835986,46.349544],[4.835949,46.349373],[4.835916,46.349203],[4.835879,46.349024],[4.835834,46.348836],[4.835784,46.348638],[4.835689,46.348264],[4.835641,46.348087],[4.83559,46.347914],[4.835553,46.347791],[4.835498,46.347603],[4.835478,46.34754],[4.8354,46.347263],[4.835359,46.347104],[4.835327,46.346973],[4.835306,46.346892],[4.835271,46.346725],[4.835249,46.346726],[4.834594,46.346815],[4.833829,46.346919],[4.833778,46.346926],[4.833723,46.347339],[4.833715,46.347395],[4.833667,46.347403],[4.832991,46.347507],[4.832189,46.34763],[4.831457,46.347744],[4.830771,46.347846],[4.830163,46.34793],[4.829648,46.348],[4.829155,46.348065],[4.82921,46.348359],[4.829078,46.348376],[4.828883,46.348408],[4.828874,46.34841],[4.828822,46.348418],[4.82881,46.34842],[4.828788,46.348423],[4.828399,46.348477],[4.82789,46.348546],[4.827325,46.348623],[4.825778,46.348739],[4.825206,46.348782],[4.825058,46.348793],[4.824814,46.348811],[4.824382,46.348893],[4.823818,46.348994],[4.823684,46.349016],[4.823504,46.348993],[4.823059,46.348931],[4.82259,46.348868],[4.822541,46.34885],[4.822469,46.34889],[4.822433,46.348849],[4.822364,46.348769],[4.822272,46.348668],[4.822211,46.34859],[4.822117,46.348465],[4.822041,46.348366],[4.821999,46.348295],[4.821963,46.348223],[4.821911,46.348113],[4.821848,46.348],[4.821691,46.347756],[4.821609,46.347624],[4.821544,46.347533],[4.821464,46.347435],[4.82145,46.347393],[4.821435,46.347312],[4.821398,46.347189],[4.821349,46.347046],[4.821312,46.346915],[4.821304,46.346844],[4.821305,46.346752],[4.821285,46.346612],[4.821266,46.346525],[4.82125,46.34645],[4.821219,46.346369],[4.821186,46.346279],[4.821173,46.346229],[4.821157,46.346148],[4.821157,46.346043],[4.821173,46.345981],[4.821189,46.345927],[4.821206,46.345861],[4.821242,46.345771],[4.821287,46.345664],[4.821357,46.34554],[4.821405,46.34545],[4.821466,46.34535],[4.821514,46.345262],[4.82154,46.345191],[4.821561,46.345098],[4.821583,46.345002],[4.821582,46.344928],[4.821584,46.344844],[4.82158,46.34477],[4.821563,46.344681],[4.82154,46.344616],[4.821484,46.34448],[4.821467,46.344409],[4.821452,46.344366],[4.821447,46.344308],[4.821448,46.344179],[4.821449,46.344],[4.821438,46.343857],[4.821386,46.343862],[4.821392,46.343872],[4.820877,46.343996],[4.820483,46.34409],[4.82034,46.344127],[4.820292,46.344143],[4.820264,46.344155],[4.820243,46.34417],[4.820239,46.34418],[4.820236,46.344193],[4.820249,46.344225],[4.820277,46.34431],[4.820292,46.344341],[4.820299,46.344368],[4.820292,46.344387],[4.820289,46.344395],[4.820287,46.34441],[4.8202,46.344445],[4.820108,46.344485],[4.819778,46.34462],[4.819421,46.344766],[4.819042,46.344924],[4.818774,46.345029],[4.818565,46.345116],[4.81854,46.345129],[4.818514,46.345144],[4.81848,46.345168],[4.818436,46.345198],[4.818327,46.34526],[4.81829,46.345277],[4.818238,46.345299],[4.817932,46.34542],[4.817628,46.345541],[4.817444,46.345617],[4.817296,46.345673],[4.817134,46.345726],[4.816821,46.345828],[4.81663,46.345892],[4.816567,46.34591],[4.816406,46.345963],[4.816177,46.346035],[4.816123,46.346058],[4.816092,46.346062],[4.816006,46.34608],[4.815948,46.346095],[4.815885,46.346114],[4.815818,46.346134],[4.815553,46.346231],[4.815254,46.346339],[4.814974,46.346441],[4.814775,46.346511],[4.814533,46.346599],[4.814285,46.346692],[4.813901,46.346832],[4.81368,46.346911],[4.813546,46.346961],[4.81348,46.346984],[4.813453,46.346991],[4.813404,46.346999],[4.81334,46.347015],[4.813313,46.347022],[4.813287,46.347031],[4.813257,46.347049],[4.813128,46.347139],[4.813011,46.347213],[4.812936,46.347266],[4.81291,46.347282],[4.812863,46.347304],[4.812718,46.347368],[4.812566,46.347433],[4.812539,46.34744],[4.812489,46.347463],[4.812451,46.34748],[4.812426,46.347499],[4.812363,46.347547],[4.81228,46.347614],[4.812237,46.347634],[4.812177,46.347668],[4.81208,46.347717],[4.812012,46.347748],[4.811971,46.347764],[4.811896,46.347797],[4.811784,46.347846],[4.811676,46.347898],[4.811651,46.347909],[4.811622,46.34793],[4.811572,46.34796],[4.811524,46.347996],[4.811491,46.348018],[4.811426,46.348063],[4.811371,46.348102],[4.811347,46.348119],[4.811307,46.34815],[4.811251,46.348191],[4.811165,46.348252]]]]}}]}
