{"type":"FeatureCollection","features":[{"type":"Feature","id":"inao-denom-1723","properties":{"id":"inao-denom-1723","name":"Mâcon Davayé","tier":"regional","kind":"appellation","appellationId":583,"denominationId":1723,"sourceName":"Mâcon Davayé","communes":["71169"],"areaHa":240.84},"geometry":{"type":"MultiPolygon","coordinates":[[[[4.739338,46.301875],[4.739362,46.301879],[4.739544,46.301913],[4.739664,46.301931],[4.739731,46.30194],[4.739646,46.301358],[4.739905,46.30129],[4.739874,46.301266],[4.739853,46.30126],[4.739832,46.30126],[4.739786,46.301225],[4.739762,46.301199],[4.739772,46.301158],[4.739679,46.301013],[4.739645,46.300886],[4.739639,46.300863],[4.739617,46.300712],[4.739595,46.300558],[4.739551,46.300457],[4.739517,46.300387],[4.739478,46.300312],[4.739344,46.300321],[4.739245,46.300341],[4.738976,46.300395],[4.73877,46.300427],[4.737957,46.300567],[4.737567,46.300605],[4.737425,46.300585],[4.73742,46.300584],[4.737406,46.300582],[4.737352,46.300579],[4.737204,46.300569],[4.736992,46.300563],[4.736935,46.300565],[4.736935,46.300564],[4.736813,46.300568],[4.736812,46.300568],[4.736846,46.300616],[4.736951,46.300712],[4.737041,46.30078],[4.737123,46.300885],[4.737179,46.300971],[4.737194,46.300995],[4.737226,46.301045],[4.73728,46.301131],[4.737387,46.301263],[4.737411,46.301291],[4.737591,46.301478],[4.737619,46.301507],[4.737751,46.301591],[4.737869,46.301662],[4.738105,46.30174],[4.738274,46.301778],[4.738408,46.301794],[4.738574,46.301801],[4.738584,46.301801],[4.738814,46.301806],[4.73895,46.301819],[4.739026,46.301829],[4.739114,46.301839],[4.73916,46.301844],[4.739174,46.301846],[4.739202,46.301849],[4.739338,46.301875]]],[[[4.736724,46.303873],[4.736841,46.303851],[4.737188,46.303814],[4.737275,46.303805],[4.737505,46.303799],[4.737715,46.303783],[4.737787,46.303775],[4.737875,46.303757],[4.737907,46.303743],[4.738111,46.303634],[4.738397,46.303485],[4.738645,46.303354],[4.738897,46.303221],[4.739101,46.303103],[4.739243,46.30303],[4.739449,46.302959],[4.73931,46.302646],[4.739311,46.302646],[4.739674,46.302576],[4.739778,46.302839],[4.739893,46.302796],[4.740121,46.302716],[4.740363,46.302644],[4.740522,46.302599],[4.740402,46.30228],[4.740383,46.302228],[4.740336,46.30223],[4.740214,46.302241],[4.740117,46.302245],[4.740046,46.302253],[4.739919,46.302269],[4.73985,46.302012],[4.739572,46.301966],[4.739425,46.301944],[4.738924,46.301868],[4.738825,46.301854],[4.738576,46.301844],[4.738396,46.301829],[4.738242,46.301811],[4.738169,46.301799],[4.738029,46.30176],[4.737737,46.301655],[4.737697,46.301627],[4.737611,46.301552],[4.737469,46.301418],[4.737386,46.30133],[4.737259,46.301177],[4.73719,46.30107],[4.737137,46.301007],[4.737132,46.30098],[4.737112,46.300941],[4.737007,46.300801],[4.736921,46.300725],[4.736807,46.300636],[4.736744,46.3006],[4.736643,46.300575],[4.736522,46.300597],[4.736441,46.300621],[4.736311,46.300762],[4.736287,46.300772],[4.736282,46.300815],[4.735766,46.30089],[4.735701,46.300904],[4.735558,46.300912],[4.735269,46.300946],[4.734831,46.300983],[4.734624,46.301001],[4.734617,46.301036],[4.734639,46.301136],[4.734658,46.301268],[4.73466,46.301303],[4.734777,46.301576],[4.734486,46.301656],[4.734387,46.301702],[4.734342,46.301729],[4.734049,46.301937],[4.734234,46.302095],[4.734534,46.302344],[4.734605,46.302432],[4.734632,46.302463],[4.734756,46.302573],[4.734821,46.302653],[4.734933,46.302665],[4.735016,46.302748],[4.735112,46.302826],[4.735219,46.302939],[4.735344,46.303064],[4.735423,46.303152],[4.73544,46.303195],[4.735476,46.303227],[4.735484,46.303266],[4.735493,46.303353],[4.735483,46.303437],[4.735443,46.303482],[4.735454,46.30355],[4.735473,46.303576],[4.735562,46.303645],[4.735651,46.303668],[4.735851,46.303716],[4.7358,46.30393],[4.735807,46.303931],[4.735909,46.303908],[4.735953,46.303897],[4.735982,46.303889],[4.736422,46.303899],[4.736428,46.303958],[4.736582,46.303908],[4.736724,46.303873]]],[[[4.732431,46.302438],[4.732278,46.302552],[4.732192,46.30261],[4.731981,46.302738],[4.731651,46.302879],[4.731522,46.30293],[4.731501,46.302944],[4.731394,46.30313],[4.731375,46.30314],[4.731351,46.303163],[4.7313,46.303299],[4.731259,46.303369],[4.731175,46.303483],[4.731101,46.30356],[4.731076,46.303583],[4.730912,46.303722],[4.730731,46.303873],[4.730508,46.304002],[4.73032,46.30409],[4.73008,46.304216],[4.729812,46.304364],[4.729513,46.304547],[4.729512,46.304666],[4.729655,46.304683],[4.729864,46.3047],[4.73009,46.304731],[4.730339,46.30476],[4.73053,46.30477],[4.730696,46.304786],[4.730913,46.304798],[4.730975,46.304795],[4.731161,46.304779],[4.731241,46.304768],[4.731427,46.304733],[4.731537,46.304714],[4.731806,46.304687],[4.731974,46.304682],[4.732157,46.304678],[4.732403,46.304677],[4.732448,46.304675],[4.732515,46.304673],[4.732637,46.304671],[4.732851,46.304682],[4.733014,46.304701],[4.733106,46.304702],[4.73344,46.304693],[4.73349,46.30467],[4.733544,46.304648],[4.733584,46.304646],[4.733637,46.304654],[4.733694,46.304676],[4.733977,46.304687],[4.734347,46.304685],[4.734393,46.30468],[4.734514,46.304665],[4.734654,46.304566],[4.734738,46.304354],[4.734937,46.304122],[4.735088,46.303947],[4.735105,46.303912],[4.735099,46.303857],[4.734689,46.303375],[4.734505,46.303163],[4.733744,46.302545],[4.733755,46.302537],[4.733807,46.302495],[4.733812,46.302479],[4.733818,46.302463],[4.733824,46.302442],[4.733777,46.302406],[4.733137,46.301919],[4.733053,46.301979],[4.732976,46.302022],[4.732765,46.302128],[4.732657,46.302174],[4.732651,46.302175],[4.732696,46.30228],[4.732689,46.302292],[4.732512,46.302393],[4.732431,46.302438]]],[[[4.739908,46.304951],[4.739921,46.304964],[4.739968,46.305014],[4.740047,46.305095],[4.740172,46.305034],[4.740336,46.304955],[4.740354,46.304947],[4.740535,46.304859],[4.740527,46.304761],[4.740619,46.304723],[4.740654,46.304717],[4.740794,46.304695],[4.740816,46.304693],[4.740926,46.304673],[4.740991,46.304662],[4.741007,46.304708],[4.741057,46.304702],[4.741131,46.304693],[4.741141,46.304649],[4.74124,46.304652],[4.74124,46.304644],[4.74125,46.304644],[4.741258,46.304644],[4.741273,46.304588],[4.741327,46.304375],[4.741358,46.30428],[4.741402,46.304224],[4.741288,46.304171],[4.740985,46.304175],[4.740961,46.304176],[4.740958,46.304151],[4.740891,46.304152],[4.740602,46.304157],[4.740595,46.303918],[4.74108,46.303909],[4.741075,46.303773],[4.741068,46.303653],[4.741095,46.303654],[4.741101,46.303317],[4.741087,46.303319],[4.740855,46.303351],[4.740139,46.303454],[4.740083,46.303463],[4.740063,46.303467],[4.739985,46.303489],[4.73991,46.30351],[4.739634,46.303583],[4.739551,46.303605],[4.739449,46.303648],[4.739242,46.303746],[4.739203,46.303763],[4.739106,46.303805],[4.738875,46.303891],[4.738853,46.303899],[4.738883,46.30401],[4.738902,46.304065],[4.738914,46.304099],[4.73892,46.304112],[4.738967,46.304208],[4.738999,46.304248],[4.73901,46.304262],[4.739019,46.304267],[4.739037,46.304278],[4.739185,46.304327],[4.739263,46.30436],[4.739405,46.304479],[4.739419,46.304491],[4.739422,46.304494],[4.739471,46.304548],[4.739564,46.304652],[4.739631,46.304716],[4.739667,46.30475],[4.739681,46.304764],[4.739735,46.304812],[4.739908,46.304951]]],[[[4.739676,46.304797],[4.739673,46.304794],[4.739672,46.304792],[4.739664,46.304785],[4.739556,46.304678],[4.73953,46.304654],[4.73953,46.304653],[4.739499,46.304624],[4.739463,46.30459],[4.739384,46.304523],[4.739308,46.304454],[4.739279,46.304428],[4.739214,46.30437],[4.739189,46.304354],[4.739186,46.304352],[4.739098,46.304321],[4.739084,46.304316],[4.739031,46.304295],[4.738993,46.304281],[4.738959,46.304264],[4.738898,46.30416],[4.738798,46.304211],[4.738705,46.304259],[4.738583,46.304321],[4.738583,46.304322],[4.738584,46.304322],[4.738745,46.30446],[4.738529,46.304531],[4.73835,46.304591],[4.73795,46.304707],[4.737661,46.304791],[4.737361,46.304879],[4.736714,46.305065],[4.736827,46.30524],[4.736671,46.305278],[4.736699,46.305329],[4.736789,46.305469],[4.737038,46.30541],[4.737063,46.305404],[4.737184,46.305381],[4.737258,46.305372],[4.737301,46.305367],[4.737497,46.305367],[4.737618,46.305376],[4.737611,46.305363],[4.737553,46.305264],[4.737432,46.305059],[4.737459,46.305051],[4.737608,46.305033],[4.738033,46.304928],[4.738153,46.305123],[4.738185,46.305174],[4.73839,46.305125],[4.738565,46.30506],[4.738829,46.3055],[4.738843,46.305525],[4.739042,46.305457],[4.739532,46.305261],[4.739559,46.305252],[4.739797,46.305165],[4.739986,46.305096],[4.73997,46.30508],[4.739796,46.304905],[4.739747,46.304862],[4.739729,46.304846],[4.739687,46.304808],[4.739676,46.304797]]],[[[4.7313,46.305582],[4.731361,46.305612],[4.731392,46.305627],[4.73145,46.305649],[4.731456,46.305651],[4.731514,46.305672],[4.731551,46.305688],[4.731581,46.3057],[4.731694,46.305757],[4.731739,46.305797],[4.731785,46.305828],[4.731805,46.305838],[4.731824,46.305846],[4.731831,46.30585],[4.731905,46.305863],[4.731992,46.305881],[4.732049,46.305893],[4.732085,46.305906],[4.7321,46.305911],[4.732138,46.305938],[4.732164,46.305955],[4.732165,46.305955],[4.732198,46.305997],[4.732251,46.30606],[4.732304,46.306167],[4.732304,46.306168],[4.732306,46.306178],[4.73232,46.306243],[4.732323,46.306338],[4.732337,46.306396],[4.732338,46.306401],[4.732378,46.306388],[4.732382,46.306386],[4.732436,46.306368],[4.732576,46.306312],[4.732594,46.306304],[4.732616,46.306294],[4.732799,46.306206],[4.732813,46.306201],[4.732814,46.306201],[4.732871,46.306287],[4.732891,46.306317],[4.732953,46.306411],[4.732954,46.306411],[4.733247,46.306333],[4.733295,46.306311],[4.733311,46.306304],[4.733741,46.306094],[4.733763,46.306083],[4.733793,46.306067],[4.733911,46.306001],[4.733918,46.305997],[4.733927,46.305991],[4.734122,46.305861],[4.734123,46.305861],[4.734163,46.305832],[4.734261,46.305759],[4.734293,46.305728],[4.734316,46.305709],[4.734376,46.305661],[4.734513,46.305569],[4.734548,46.305545],[4.734555,46.305541],[4.734642,46.305499],[4.734629,46.305489],[4.734603,46.305471],[4.734603,46.30547],[4.734605,46.305469],[4.734643,46.305444],[4.734669,46.305426],[4.734696,46.305408],[4.734709,46.305407],[4.734864,46.30534],[4.734911,46.305294],[4.734921,46.305285],[4.734945,46.305255],[4.734982,46.305206],[4.734997,46.305184],[4.735013,46.30516],[4.735032,46.30512],[4.735037,46.305108],[4.735044,46.305094],[4.735082,46.305013],[4.735091,46.304994],[4.735127,46.304949],[4.735191,46.30487],[4.735198,46.304861],[4.73526,46.304807],[4.735288,46.304784],[4.735365,46.304717],[4.735349,46.304701],[4.735336,46.304687],[4.735336,46.304686],[4.735129,46.304483],[4.735066,46.304512],[4.734934,46.304574],[4.734824,46.304616],[4.734802,46.304625],[4.734743,46.304647],[4.734707,46.304656],[4.734655,46.304669],[4.734641,46.304673],[4.734591,46.304684],[4.734585,46.304686],[4.734547,46.304695],[4.734527,46.304699],[4.734401,46.304727],[4.734339,46.304728],[4.734322,46.304729],[4.73422,46.304732],[4.734041,46.304725],[4.733932,46.304721],[4.733596,46.304722],[4.733507,46.304728],[4.733486,46.30473],[4.733436,46.304733],[4.733256,46.304738],[4.73319,46.304739],[4.73313,46.304741],[4.733024,46.304732],[4.732912,46.304724],[4.732608,46.304699],[4.73248,46.304706],[4.732405,46.304711],[4.732366,46.30471],[4.732321,46.304709],[4.732188,46.304709],[4.731986,46.304706],[4.731927,46.304718],[4.731887,46.304727],[4.731856,46.304721],[4.731836,46.304718],[4.731804,46.30472],[4.731726,46.304728],[4.731589,46.304745],[4.731526,46.304753],[4.731333,46.304788],[4.731191,46.304813],[4.731089,46.304821],[4.73098,46.304829],[4.730966,46.304829],[4.730898,46.304833],[4.730823,46.304828],[4.730803,46.304826],[4.730719,46.30482],[4.730445,46.304803],[4.730444,46.304803],[4.730395,46.304798],[4.730354,46.304794],[4.73015,46.304774],[4.730033,46.304757],[4.729962,46.304746],[4.729961,46.304784],[4.72996,46.304802],[4.729962,46.304804],[4.729983,46.304839],[4.730009,46.304861],[4.730034,46.304882],[4.730095,46.304945],[4.730129,46.304979],[4.73015,46.304995],[4.730175,46.305014],[4.730186,46.305022],[4.730197,46.305028],[4.730264,46.305063],[4.73036,46.305108],[4.730413,46.305133],[4.730504,46.305178],[4.730529,46.30519],[4.730814,46.305332],[4.730979,46.305418],[4.731048,46.305454],[4.731049,46.305454],[4.731058,46.305459],[4.731105,46.305481],[4.73117,46.305502],[4.731171,46.305502],[4.731175,46.305506],[4.731194,46.305522],[4.7313,46.305582]]],[[[4.728543,46.305221],[4.728522,46.305237],[4.728496,46.305259],[4.728459,46.305291],[4.728455,46.305295],[4.728409,46.305343],[4.728368,46.305365],[4.728197,46.305456],[4.728054,46.305516],[4.728043,46.305521],[4.728037,46.305524],[4.727921,46.30558],[4.727784,46.305647],[4.727665,46.305697],[4.72764,46.305708],[4.727589,46.30573],[4.727589,46.305731],[4.72759,46.305797],[4.727591,46.305917],[4.727731,46.306159],[4.727846,46.306357],[4.727911,46.306346],[4.727986,46.306333],[4.728061,46.30632],[4.728059,46.306306],[4.728058,46.306294],[4.728056,46.306277],[4.728079,46.306219],[4.72822,46.306184],[4.7282,46.306142],[4.728166,46.306071],[4.728315,46.306033],[4.728327,46.30603],[4.728328,46.30603],[4.728447,46.306002],[4.7285,46.30599],[4.728479,46.305952],[4.728471,46.305937],[4.728465,46.305926],[4.728465,46.305925],[4.72849,46.305917],[4.728588,46.305884],[4.728691,46.30585],[4.728706,46.305873],[4.728715,46.305887],[4.72875,46.305875],[4.728817,46.305852],[4.728903,46.30601],[4.729221,46.30607],[4.729318,46.306088],[4.729319,46.306092],[4.729319,46.306095],[4.729319,46.306096],[4.72932,46.306101],[4.72932,46.306102],[4.729479,46.306102],[4.729488,46.306102],[4.729427,46.306291],[4.729374,46.306454],[4.729328,46.306595],[4.729269,46.306773],[4.729542,46.306783],[4.729575,46.306783],[4.729589,46.306783],[4.729624,46.306784],[4.729625,46.306784],[4.729668,46.306783],[4.729694,46.306782],[4.729788,46.306779],[4.729832,46.306772],[4.729872,46.306766],[4.729879,46.306764],[4.729973,46.306748],[4.729976,46.306748],[4.729977,46.306761],[4.729977,46.306764],[4.73001,46.306768],[4.730063,46.306775],[4.730233,46.306764],[4.730254,46.306764],[4.730303,46.306762],[4.730403,46.306739],[4.730422,46.306734],[4.730429,46.306733],[4.730472,46.306731],[4.73051,46.306729],[4.730552,46.306722],[4.730567,46.306719],[4.730606,46.306712],[4.730699,46.306718],[4.7307,46.306718],[4.730813,46.306696],[4.730824,46.306694],[4.730847,46.306693],[4.730918,46.306692],[4.731084,46.30669],[4.731137,46.306689],[4.731138,46.306689],[4.731138,46.306681],[4.731137,46.306668],[4.731138,46.306668],[4.731251,46.306661],[4.731449,46.30665],[4.731504,46.306644],[4.73158,46.306636],[4.73178,46.306616],[4.731835,46.306603],[4.731849,46.3066],[4.731879,46.306593],[4.731954,46.306572],[4.732007,46.306556],[4.732083,46.306535],[4.73214,46.306519],[4.73225,46.306488],[4.732269,46.306412],[4.732276,46.306387],[4.732277,46.306352],[4.732279,46.306307],[4.732268,46.306228],[4.732266,46.306223],[4.732248,46.306161],[4.732202,46.306071],[4.732193,46.306058],[4.73217,46.306027],[4.732127,46.305983],[4.732115,46.305975],[4.732107,46.30597],[4.732088,46.305957],[4.732036,46.305933],[4.731985,46.305915],[4.731897,46.305894],[4.731799,46.305871],[4.731778,46.305859],[4.731767,46.305853],[4.731762,46.30585],[4.731728,46.305822],[4.731695,46.305795],[4.731672,46.305777],[4.731668,46.305774],[4.73166,46.30577],[4.731651,46.305766],[4.731596,46.305741],[4.731547,46.305723],[4.731464,46.305691],[4.731463,46.305691],[4.731422,46.305674],[4.731382,46.305658],[4.731301,46.305623],[4.7313,46.305623],[4.731216,46.305579],[4.731125,46.305532],[4.730828,46.305389],[4.730704,46.305337],[4.730631,46.305306],[4.730538,46.30526],[4.730495,46.305239],[4.730416,46.305193],[4.730372,46.305167],[4.730371,46.305167],[4.730332,46.305145],[4.730299,46.305126],[4.730263,46.305107],[4.730154,46.305056],[4.730127,46.305031],[4.730089,46.304996],[4.730046,46.304949],[4.729981,46.304877],[4.729963,46.304857],[4.729951,46.304844],[4.72991,46.304799],[4.729902,46.304788],[4.729883,46.304763],[4.729857,46.304746],[4.729849,46.304742],[4.729843,46.304741],[4.729731,46.304736],[4.729683,46.304732],[4.729666,46.304731],[4.729616,46.30472],[4.729586,46.304713],[4.729525,46.3047],[4.729525,46.304699],[4.729438,46.304679],[4.729339,46.304661],[4.7293,46.304664],[4.729297,46.304664],[4.729276,46.304671],[4.729112,46.30477],[4.728974,46.304845],[4.728912,46.304878],[4.728809,46.30495],[4.728751,46.304987],[4.728751,46.304988],[4.72874,46.304997],[4.728729,46.305008],[4.728664,46.30509],[4.728657,46.3051],[4.728615,46.305154],[4.728586,46.305181],[4.728543,46.305221]]],[[[4.739698,46.305256],[4.739654,46.305272],[4.739595,46.305293],[4.739006,46.305517],[4.738849,46.305571],[4.738826,46.305579],[4.739081,46.306034],[4.739195,46.306227],[4.739348,46.306192],[4.739579,46.307015],[4.739587,46.30704],[4.740009,46.307012],[4.740183,46.30699],[4.740674,46.306926],[4.740675,46.306926],[4.740574,46.306439],[4.740284,46.306458],[4.740221,46.306228],[4.740199,46.306149],[4.740165,46.306027],[4.740262,46.306003],[4.740358,46.305978],[4.740347,46.30596],[4.74023,46.305768],[4.740216,46.305744],[4.740197,46.305702],[4.74012,46.305536],[4.74018,46.305474],[4.740223,46.305433],[4.740251,46.305402],[4.740226,46.305359],[4.740122,46.305205],[4.740121,46.305204],[4.739998,46.305175],[4.739978,46.305175],[4.73994,46.305174],[4.739927,46.305177],[4.739918,46.305179],[4.739698,46.305256]]],[[[4.738408,46.305685],[4.738569,46.305646],[4.738555,46.305637],[4.738458,46.305574],[4.73834,46.305537],[4.738297,46.305523],[4.738232,46.305503],[4.738192,46.305493],[4.73808,46.305467],[4.738007,46.305455],[4.737969,46.305449],[4.737754,46.305426],[4.737636,46.305413],[4.737533,46.305404],[4.737492,46.305401],[4.737465,46.305401],[4.737333,46.305401],[4.737278,46.305407],[4.737173,46.305424],[4.737121,46.305435],[4.737014,46.305456],[4.737013,46.305456],[4.736728,46.30552],[4.736626,46.305543],[4.736715,46.305622],[4.736893,46.305742],[4.737088,46.305863],[4.737264,46.305955],[4.737412,46.306042],[4.73737,46.306061],[4.737235,46.305976],[4.737026,46.305855],[4.736872,46.305763],[4.736682,46.305644],[4.73664,46.305612],[4.736632,46.305602],[4.736626,46.305594],[4.736621,46.305589],[4.736537,46.30566],[4.73651,46.305683],[4.736475,46.305713],[4.736462,46.305723],[4.736437,46.305745],[4.736459,46.305762],[4.736477,46.305776],[4.736482,46.30578],[4.73639,46.305836],[4.736325,46.305879],[4.73632,46.305876],[4.736316,46.305874],[4.736311,46.30587],[4.735995,46.305659],[4.735987,46.305666],[4.735959,46.305643],[4.735837,46.305592],[4.735782,46.305568],[4.735684,46.305664],[4.735678,46.305669],[4.735665,46.305683],[4.735399,46.305962],[4.735211,46.306157],[4.735026,46.306351],[4.734972,46.306399],[4.734917,46.306447],[4.734746,46.306584],[4.73472,46.306605],[4.734667,46.306643],[4.734557,46.30672],[4.734262,46.306937],[4.734222,46.306972],[4.734207,46.306986],[4.734209,46.30699],[4.73422,46.307007],[4.734546,46.307116],[4.734733,46.307178],[4.734769,46.307189],[4.734803,46.3072],[4.734872,46.307222],[4.734921,46.307227],[4.734958,46.307231],[4.735268,46.307258],[4.735275,46.307259],[4.735295,46.307261],[4.735511,46.307275],[4.735644,46.30728],[4.735925,46.307281],[4.735953,46.307281],[4.736058,46.307282],[4.736057,46.30727],[4.736048,46.307093],[4.736033,46.306826],[4.736038,46.306825],[4.737559,46.306676],[4.73779,46.306393],[4.7378,46.306382],[4.737859,46.306373],[4.738504,46.305957],[4.738507,46.305955],[4.738365,46.3057],[4.738408,46.305685]]],[[[4.729847,46.307893],[4.729894,46.307892],[4.729899,46.307886],[4.729918,46.30788],[4.729947,46.30787],[4.730303,46.307887],[4.730369,46.307894],[4.730411,46.307899],[4.730437,46.307902],[4.730471,46.307809],[4.730932,46.307832],[4.731127,46.307844],[4.73113,46.307844],[4.731198,46.307852],[4.731197,46.307864],[4.731196,46.30787],[4.731336,46.307881],[4.731371,46.307876],[4.731374,46.307876],[4.731378,46.307875],[4.731379,46.307875],[4.731396,46.307874],[4.731552,46.30786],[4.731553,46.30786],[4.731645,46.307851],[4.731766,46.307838],[4.731963,46.307812],[4.732108,46.307793],[4.732108,46.307792],[4.732126,46.307791],[4.732132,46.30779],[4.732151,46.307788],[4.73225,46.307774],[4.732387,46.307765],[4.73248,46.307759],[4.732627,46.307752],[4.732745,46.307746],[4.7329,46.30772],[4.733059,46.307703],[4.733297,46.307666],[4.733338,46.307659],[4.73342,46.307647],[4.733443,46.307643],[4.733444,46.307631],[4.733444,46.307615],[4.733542,46.307607],[4.733669,46.307599],[4.733678,46.307598],[4.733829,46.307583],[4.733842,46.307582],[4.733931,46.307571],[4.734057,46.307545],[4.734074,46.307541],[4.734075,46.307541],[4.734121,46.307615],[4.734128,46.30762],[4.73414,46.30763],[4.73415,46.307633],[4.734172,46.307633],[4.73418,46.307633],[4.734181,46.307633],[4.734211,46.307741],[4.734231,46.307879],[4.734236,46.307918],[4.734237,46.307928],[4.734484,46.307919],[4.734668,46.307928],[4.734664,46.307212],[4.734459,46.307153],[4.734237,46.307088],[4.734087,46.307032],[4.734052,46.307019],[4.733942,46.307027],[4.73342,46.307083],[4.733207,46.307105],[4.733076,46.307118],[4.733019,46.307124],[4.732895,46.307137],[4.732795,46.307148],[4.732699,46.307154],[4.73253,46.307164],[4.732411,46.307171],[4.732058,46.307194],[4.731702,46.307216],[4.731504,46.307226],[4.731446,46.307229],[4.731366,46.307234],[4.731235,46.307242],[4.73116,46.307236],[4.73112,46.307233],[4.730901,46.307213],[4.730807,46.307206],[4.730675,46.307197],[4.730674,46.307197],[4.730136,46.307077],[4.730136,46.307076],[4.730109,46.307073],[4.729614,46.307003],[4.729453,46.306992],[4.729381,46.306988],[4.729054,46.306966],[4.729059,46.307121],[4.729059,46.307122],[4.729078,46.307144],[4.7291,46.307167],[4.729027,46.307189],[4.729001,46.307197],[4.72894,46.307215],[4.728991,46.307363],[4.728997,46.307381],[4.729032,46.307484],[4.72905,46.30753],[4.729063,46.307562],[4.729084,46.307607],[4.729097,46.307635],[4.729106,46.307657],[4.72913,46.307721],[4.729161,46.307768],[4.729163,46.307771],[4.729171,46.307784],[4.729172,46.307785],[4.729184,46.307797],[4.729205,46.307819],[4.729226,46.307833],[4.729284,46.307853],[4.729348,46.307866],[4.729431,46.307887],[4.729476,46.307893],[4.729508,46.307897],[4.729591,46.307897],[4.729753,46.307895],[4.729847,46.307893]]],[[[4.740728,46.307546],[4.740511,46.307528],[4.740519,46.307488],[4.74048,46.307463],[4.740469,46.307448],[4.740506,46.307253],[4.740507,46.307247],[4.740526,46.307134],[4.740554,46.306996],[4.740547,46.306998],[4.740459,46.307011],[4.740136,46.307055],[4.740073,46.307062],[4.739863,46.307959],[4.7399,46.307979],[4.740066,46.308054],[4.740172,46.308096],[4.740605,46.308266],[4.74082,46.308352],[4.740871,46.308371],[4.741122,46.308469],[4.741456,46.308602],[4.741513,46.308624],[4.741559,46.308641],[4.741672,46.308682],[4.741686,46.308682],[4.74169,46.308682],[4.741768,46.308373],[4.74182,46.308082],[4.74183,46.308026],[4.741843,46.307944],[4.741859,46.307836],[4.741878,46.30771],[4.741885,46.307667],[4.741844,46.307665],[4.741795,46.30766],[4.741588,46.30764],[4.741453,46.307624],[4.741294,46.30761],[4.74103,46.307581],[4.741045,46.307485],[4.740989,46.30748],[4.740856,46.30746],[4.740744,46.307446],[4.740728,46.307546]]],[[[4.738438,46.308324],[4.738539,46.308101],[4.73862,46.307902],[4.738627,46.307882],[4.738635,46.307863],[4.738649,46.307825],[4.738694,46.30772],[4.738727,46.307643],[4.738737,46.307621],[4.738789,46.307502],[4.738568,46.307476],[4.738271,46.307444],[4.738174,46.307433],[4.737826,46.307395],[4.737812,46.307528],[4.73757,46.30754],[4.737557,46.307492],[4.737534,46.307424],[4.737484,46.30743],[4.737476,46.307404],[4.737466,46.307362],[4.737381,46.307374],[4.737353,46.307265],[4.737169,46.307304],[4.737102,46.307318],[4.737084,46.307322],[4.737076,46.307324],[4.736954,46.307348],[4.736935,46.307351],[4.736933,46.307351],[4.736895,46.307357],[4.736838,46.307361],[4.736806,46.307363],[4.736765,46.307364],[4.736725,46.307365],[4.736724,46.307365],[4.736699,46.307363],[4.736661,46.30736],[4.736665,46.307366],[4.736681,46.307424],[4.736705,46.307565],[4.736724,46.307715],[4.736768,46.308174],[4.736775,46.30827],[4.737275,46.308292],[4.737279,46.307965],[4.737791,46.307921],[4.737789,46.308013],[4.737774,46.308054],[4.737679,46.308243],[4.73763,46.308313],[4.737541,46.308401],[4.737514,46.308439],[4.737511,46.30845],[4.737426,46.308745],[4.737961,46.308805],[4.737962,46.308805],[4.738007,46.308764],[4.73805,46.308725],[4.738163,46.308632],[4.738264,46.308548],[4.738265,46.308548],[4.738326,46.308492],[4.738329,46.308489],[4.738344,46.308474],[4.738438,46.308324]]],[[[4.726749,46.308252],[4.726681,46.308339],[4.726576,46.308421],[4.726547,46.308491],[4.726551,46.308505],[4.726595,46.308552],[4.726642,46.308618],[4.726689,46.30861],[4.72671,46.308677],[4.726712,46.308695],[4.726722,46.308828],[4.726741,46.308909],[4.726761,46.30892],[4.726758,46.308964],[4.726762,46.308989],[4.726772,46.309047],[4.726799,46.309102],[4.726812,46.309129],[4.72681,46.309145],[4.726807,46.30917],[4.726801,46.309239],[4.726817,46.309242],[4.726845,46.309241],[4.72689,46.30924],[4.727051,46.309235],[4.727094,46.309232],[4.727116,46.30923],[4.727171,46.30922],[4.727224,46.309211],[4.727266,46.309207],[4.727311,46.309203],[4.727432,46.3092],[4.727492,46.309198],[4.727561,46.309194],[4.727582,46.309196],[4.72765,46.309202],[4.727792,46.309215],[4.727959,46.309231],[4.728212,46.309255],[4.728423,46.309276],[4.728424,46.309276],[4.728537,46.309287],[4.728557,46.309288],[4.728673,46.309293],[4.728715,46.309294],[4.728918,46.309325],[4.728971,46.309333],[4.729037,46.309344],[4.729053,46.309346],[4.729194,46.309368],[4.729345,46.309378],[4.729454,46.309389],[4.729644,46.309386],[4.729801,46.309378],[4.729962,46.30938],[4.729984,46.309381],[4.729991,46.309381],[4.730005,46.309382],[4.730111,46.309374],[4.730178,46.309377],[4.730251,46.30938],[4.730315,46.30938],[4.730363,46.309379],[4.7304,46.309387],[4.730427,46.309392],[4.730505,46.309406],[4.730518,46.309408],[4.730575,46.309408],[4.730655,46.309408],[4.730651,46.309394],[4.730645,46.309368],[4.730636,46.309332],[4.730637,46.309332],[4.730776,46.309329],[4.730965,46.309323],[4.731053,46.309321],[4.731087,46.309276],[4.731115,46.309222],[4.731119,46.309194],[4.731127,46.309139],[4.731128,46.309139],[4.731254,46.30908],[4.73137,46.309032],[4.731478,46.308994],[4.731634,46.308974],[4.731642,46.308969],[4.731664,46.308957],[4.731679,46.308951],[4.731697,46.308944],[4.731714,46.308939],[4.731721,46.308937],[4.731741,46.308937],[4.731761,46.308937],[4.73181,46.308911],[4.731832,46.308904],[4.731871,46.308899],[4.731922,46.308892],[4.731945,46.30886],[4.731991,46.308845],[4.732007,46.30884],[4.732061,46.308823],[4.732071,46.308833],[4.732074,46.308836],[4.732101,46.308827],[4.732109,46.308825],[4.732132,46.308815],[4.732134,46.308814],[4.732177,46.308783],[4.732237,46.30874],[4.732238,46.30874],[4.732241,46.308741],[4.73225,46.308745],[4.732272,46.308755],[4.732433,46.308719],[4.732565,46.308682],[4.732582,46.308678],[4.732586,46.308625],[4.732577,46.308442],[4.732559,46.308125],[4.732454,46.308141],[4.732401,46.308152],[4.732335,46.308165],[4.732271,46.308184],[4.732269,46.308185],[4.732266,46.308186],[4.732187,46.308214],[4.732148,46.308215],[4.732095,46.308218],[4.732066,46.308219],[4.732065,46.308219],[4.732018,46.308222],[4.731918,46.308227],[4.731581,46.308238],[4.731383,46.308229],[4.731351,46.308231],[4.731311,46.308235],[4.73131,46.308235],[4.731132,46.308237],[4.730919,46.30824],[4.730824,46.308233],[4.730774,46.30823],[4.730752,46.308224],[4.730721,46.308215],[4.73072,46.308215],[4.730623,46.308212],[4.730483,46.308207],[4.730482,46.308207],[4.730437,46.308203],[4.730368,46.308199],[4.730297,46.308195],[4.730231,46.308193],[4.730174,46.308197],[4.730138,46.308201],[4.730097,46.308206],[4.729782,46.308245],[4.729453,46.308275],[4.729424,46.308278],[4.729442,46.308188],[4.72946,46.308094],[4.729476,46.308008],[4.729422,46.307985],[4.729327,46.307945],[4.729199,46.307885],[4.729174,46.307866],[4.72915,46.307839],[4.729131,46.307818],[4.729119,46.307804],[4.729077,46.307748],[4.728968,46.307588],[4.728942,46.307552],[4.728924,46.307528],[4.728892,46.307487],[4.728876,46.307467],[4.728859,46.307459],[4.728824,46.307444],[4.728792,46.307433],[4.72878,46.307429],[4.728702,46.307407],[4.728699,46.307404],[4.728674,46.307381],[4.72866,46.307359],[4.728651,46.307346],[4.728643,46.307323],[4.728637,46.307307],[4.728638,46.307299],[4.728642,46.307265],[4.728666,46.307229],[4.728691,46.307195],[4.728705,46.307181],[4.728713,46.307173],[4.728721,46.307165],[4.728801,46.30711],[4.728868,46.307079],[4.728878,46.307069],[4.728926,46.307023],[4.728921,46.307018],[4.728882,46.306974],[4.728872,46.306973],[4.728814,46.306971],[4.728785,46.306952],[4.728756,46.306954],[4.728697,46.306958],[4.728592,46.30697],[4.728477,46.306998],[4.728338,46.307028],[4.728296,46.307066],[4.728191,46.30711],[4.727905,46.30723],[4.727824,46.307264],[4.727732,46.307313],[4.727678,46.307355],[4.727638,46.307411],[4.727519,46.307452],[4.727492,46.30747],[4.727439,46.307505],[4.72738,46.307555],[4.727211,46.307732],[4.727047,46.307906],[4.726875,46.308083],[4.726792,46.308185],[4.726749,46.308252]]],[[[4.734515,46.309463],[4.734625,46.309483],[4.734626,46.309483],[4.734654,46.309489],[4.734661,46.30949],[4.734679,46.309492],[4.73471,46.309496],[4.734769,46.3095],[4.734874,46.309507],[4.735047,46.309532],[4.735069,46.309535],[4.735092,46.309539],[4.735155,46.30955],[4.735265,46.309569],[4.735454,46.309099],[4.734947,46.309035],[4.73499,46.308639],[4.734993,46.308608],[4.73489,46.308604],[4.73491,46.308306],[4.734468,46.308286],[4.734235,46.308276],[4.73424,46.308288],[4.734247,46.308305],[4.734247,46.308307],[4.734344,46.30842],[4.734354,46.308448],[4.73436,46.308464],[4.734398,46.308511],[4.734457,46.308585],[4.734439,46.308617],[4.734413,46.30865],[4.734344,46.308685],[4.734325,46.308697],[4.734323,46.3087],[4.734317,46.308715],[4.734318,46.308727],[4.734325,46.308783],[4.734317,46.308806],[4.734314,46.308814],[4.734276,46.308905],[4.734259,46.308947],[4.734236,46.308988],[4.734235,46.308988],[4.734027,46.308972],[4.73392,46.308964],[4.733808,46.309148],[4.733755,46.309284],[4.733772,46.309291],[4.733804,46.309304],[4.733851,46.309324],[4.733902,46.309339],[4.733917,46.309343],[4.733953,46.309354],[4.734029,46.30937],[4.734182,46.309402],[4.734324,46.309428],[4.734335,46.30943],[4.734418,46.309444],[4.734515,46.309463]]],[[[4.741324,46.31107],[4.741372,46.31107],[4.741405,46.31107],[4.741691,46.311073],[4.741948,46.311044],[4.742034,46.311042],[4.742593,46.31105],[4.74297,46.311057],[4.743486,46.3111],[4.743683,46.311117],[4.744109,46.311163],[4.744289,46.311182],[4.744403,46.311181],[4.744408,46.311181],[4.744424,46.311178],[4.744445,46.311175],[4.744455,46.311171],[4.744458,46.31117],[4.744463,46.311168],[4.74447,46.311162],[4.744473,46.311158],[4.744552,46.310938],[4.744572,46.310868],[4.744585,46.310809],[4.744595,46.310682],[4.744603,46.31059],[4.744647,46.310347],[4.744656,46.310288],[4.744662,46.310253],[4.744662,46.310176],[4.744663,46.310034],[4.744654,46.310009],[4.744645,46.309985],[4.744638,46.309966],[4.744616,46.30992],[4.744603,46.309891],[4.744576,46.309833],[4.744538,46.30975],[4.744535,46.309745],[4.744513,46.309717],[4.744486,46.309682],[4.74447,46.309663],[4.744442,46.309642],[4.744368,46.3096],[4.744358,46.309594],[4.744231,46.309547],[4.744205,46.309537],[4.743945,46.309434],[4.743875,46.309411],[4.743595,46.309309],[4.743545,46.309292],[4.743474,46.309268],[4.743062,46.309164],[4.742568,46.309032],[4.742535,46.309036],[4.742463,46.309089],[4.742461,46.30909],[4.742387,46.309166],[4.742316,46.309214],[4.742221,46.309281],[4.742209,46.309295],[4.742127,46.309394],[4.741959,46.309396],[4.741687,46.309414],[4.741115,46.30946],[4.741001,46.309473],[4.740916,46.309482],[4.740904,46.309486],[4.740873,46.309497],[4.740868,46.309455],[4.740869,46.309455],[4.740869,46.309454],[4.740914,46.309447],[4.740978,46.309435],[4.741152,46.30943],[4.741173,46.309425],[4.74118,46.309423],[4.741235,46.309419],[4.741342,46.309411],[4.741732,46.309383],[4.741733,46.309383],[4.741824,46.309377],[4.741913,46.309371],[4.741981,46.309366],[4.742024,46.309362],[4.742039,46.309361],[4.742051,46.309358],[4.742082,46.309351],[4.742093,46.309341],[4.742126,46.309312],[4.742212,46.309238],[4.742247,46.309215],[4.742279,46.309194],[4.742445,46.309074],[4.742473,46.309034],[4.742458,46.309013],[4.74243,46.308987],[4.74228,46.308936],[4.742165,46.308897],[4.742064,46.308864],[4.742038,46.308856],[4.741979,46.308837],[4.741912,46.30881],[4.74159,46.308681],[4.741226,46.308539],[4.740766,46.308352],[4.740501,46.308244],[4.74019,46.30813],[4.740127,46.308098],[4.740005,46.308055],[4.740001,46.308054],[4.739975,46.308043],[4.739958,46.308037],[4.73992,46.308015],[4.739895,46.308],[4.739839,46.307963],[4.739783,46.307942],[4.739757,46.307925],[4.739629,46.307835],[4.739468,46.307715],[4.739284,46.307558],[4.739169,46.307454],[4.73914,46.307426],[4.739095,46.307384],[4.739054,46.307345],[4.739013,46.307307],[4.738998,46.307292],[4.738992,46.307289],[4.738991,46.307288],[4.738984,46.307284],[4.738976,46.307285],[4.738949,46.307307],[4.738929,46.307323],[4.738899,46.307376],[4.738896,46.307382],[4.738881,46.307408],[4.738795,46.307572],[4.738793,46.307576],[4.73879,46.307583],[4.738716,46.30779],[4.738657,46.307939],[4.738632,46.308001],[4.738584,46.308106],[4.738544,46.308193],[4.738457,46.308383],[4.738454,46.308389],[4.73843,46.308442],[4.738276,46.308588],[4.738215,46.308641],[4.738046,46.308788],[4.738004,46.308825],[4.737916,46.308904],[4.737908,46.308912],[4.737897,46.308924],[4.73787,46.308955],[4.737853,46.308976],[4.737837,46.308997],[4.737836,46.308997],[4.73781,46.309026],[4.737719,46.309199],[4.737504,46.309577],[4.737471,46.309649],[4.737441,46.309694],[4.737267,46.309907],[4.737192,46.309985],[4.737046,46.310131],[4.737005,46.310182],[4.736915,46.310296],[4.736768,46.310503],[4.736715,46.310579],[4.736672,46.310645],[4.736588,46.310776],[4.736558,46.310821],[4.73653,46.310854],[4.736529,46.310855],[4.736466,46.310908],[4.736364,46.310993],[4.736236,46.311104],[4.736124,46.311206],[4.736116,46.311213],[4.736045,46.311362],[4.735991,46.311478],[4.735937,46.311588],[4.735934,46.311595],[4.735816,46.311764],[4.735748,46.31185],[4.735708,46.311901],[4.73563,46.312],[4.735592,46.312057],[4.735606,46.312051],[4.735754,46.31199],[4.735806,46.311976],[4.736048,46.311921],[4.736143,46.311904],[4.736263,46.311897],[4.736436,46.311865],[4.736647,46.311821],[4.73677,46.311795],[4.73679,46.311791],[4.736955,46.311756],[4.73723,46.311698],[4.737242,46.311696],[4.73753,46.311653],[4.737708,46.311626],[4.737709,46.311626],[4.737747,46.311614],[4.737748,46.311614],[4.737757,46.311613],[4.737783,46.311609],[4.738302,46.311574],[4.738336,46.311572],[4.738346,46.311571],[4.738453,46.311559],[4.738714,46.311504],[4.738749,46.311496],[4.739075,46.311418],[4.739193,46.31139],[4.739326,46.311358],[4.739737,46.311259],[4.739911,46.311216],[4.739999,46.311195],[4.740013,46.311192],[4.740082,46.311177],[4.740263,46.311152],[4.740298,46.311147],[4.740434,46.311128],[4.740832,46.311069],[4.741324,46.31107]]],[[[4.729034,46.310048],[4.729035,46.310048],[4.729492,46.310189],[4.729544,46.310208],[4.729559,46.310213],[4.729567,46.310218],[4.729586,46.31023],[4.729631,46.310256],[4.729749,46.310325],[4.729833,46.310372],[4.729853,46.310379],[4.729855,46.310379],[4.729856,46.31038],[4.729982,46.310428],[4.730055,46.310455],[4.730072,46.310463],[4.730138,46.310494],[4.730241,46.310549],[4.730263,46.31056],[4.730383,46.310623],[4.730449,46.310568],[4.73045,46.310567],[4.730458,46.310559],[4.730467,46.310548],[4.730475,46.310528],[4.73048,46.310504],[4.730483,46.310485],[4.730483,46.310435],[4.730497,46.310398],[4.7305,46.310371],[4.7305,46.310347],[4.7305,46.310331],[4.730505,46.310303],[4.730507,46.310289],[4.730542,46.310243],[4.730521,46.310225],[4.730497,46.310214],[4.730478,46.310206],[4.730426,46.310198],[4.73041,46.310196],[4.730306,46.31018],[4.730309,46.310138],[4.730316,46.310046],[4.73031,46.310043],[4.730291,46.310038],[4.730366,46.309704],[4.730408,46.309679],[4.730418,46.309619],[4.730421,46.309538],[4.730424,46.309426],[4.730342,46.309421],[4.730103,46.30942],[4.729921,46.309416],[4.729816,46.309414],[4.729815,46.309414],[4.729643,46.309412],[4.729589,46.309411],[4.729467,46.309415],[4.729218,46.3094],[4.729058,46.309387],[4.728992,46.309381],[4.728993,46.309376],[4.728996,46.309367],[4.728977,46.309365],[4.728871,46.309353],[4.728588,46.309324],[4.728587,46.309324],[4.72853,46.309318],[4.728441,46.309309],[4.728361,46.309302],[4.728266,46.309295],[4.728104,46.309285],[4.728103,46.309285],[4.728027,46.309279],[4.728016,46.309278],[4.727994,46.309276],[4.72771,46.309253],[4.727708,46.309253],[4.727642,46.309249],[4.727474,46.309237],[4.727419,46.309235],[4.727392,46.309235],[4.727323,46.309239],[4.727253,46.309243],[4.727249,46.309243],[4.727215,46.309245],[4.727169,46.309248],[4.727119,46.309252],[4.727027,46.30926],[4.726981,46.309264],[4.726794,46.309273],[4.726791,46.309275],[4.726784,46.309279],[4.726734,46.309461],[4.726715,46.309498],[4.726712,46.309503],[4.726868,46.309524],[4.726959,46.309536],[4.727032,46.309542],[4.727062,46.309544],[4.727357,46.309599],[4.727534,46.309641],[4.727632,46.309664],[4.727967,46.309747],[4.728123,46.309787],[4.728218,46.309814],[4.728248,46.309825],[4.728284,46.309837],[4.728349,46.309866],[4.728421,46.309896],[4.72845,46.309908],[4.728506,46.309933],[4.728544,46.309943],[4.728582,46.309953],[4.72863,46.309966],[4.728659,46.309974],[4.728721,46.309992],[4.728771,46.310002],[4.728827,46.310013],[4.728883,46.310025],[4.728953,46.310044],[4.729025,46.310068],[4.729033,46.310047],[4.729034,46.310048]]],[[[4.731714,46.311657],[4.731729,46.311669],[4.731958,46.31184],[4.732254,46.312056],[4.732281,46.312083],[4.732291,46.312093],[4.732305,46.312106],[4.732321,46.31213],[4.73239,46.312229],[4.73242,46.31228],[4.732454,46.312335],[4.732519,46.31243],[4.732534,46.312451],[4.732536,46.312453],[4.73256,46.312472],[4.732581,46.312484],[4.732678,46.312541],[4.732696,46.312552],[4.732706,46.312557],[4.732725,46.312569],[4.732779,46.312596],[4.732806,46.312609],[4.73286,46.312627],[4.732904,46.312642],[4.733004,46.312671],[4.733057,46.312686],[4.73308,46.312695],[4.733125,46.312711],[4.733149,46.312717],[4.733225,46.312735],[4.733295,46.312755],[4.733297,46.312756],[4.73333,46.312765],[4.733422,46.31279],[4.733489,46.312801],[4.733545,46.312811],[4.733592,46.312816],[4.733607,46.312818],[4.733696,46.312833],[4.733847,46.312866],[4.733965,46.312892],[4.73405,46.312912],[4.734103,46.312917],[4.734122,46.312914],[4.734142,46.312907],[4.734157,46.312902],[4.734223,46.31287],[4.734224,46.31287],[4.734269,46.312835],[4.73433,46.312773],[4.734379,46.312736],[4.734441,46.312689],[4.734547,46.312603],[4.734547,46.312602],[4.734587,46.312573],[4.734595,46.312566],[4.734692,46.312492],[4.734794,46.312443],[4.734822,46.312429],[4.734903,46.312385],[4.734985,46.312344],[4.735003,46.312335],[4.735055,46.312317],[4.735124,46.312292],[4.735206,46.31225],[4.735287,46.312207],[4.735328,46.312185],[4.735355,46.31217],[4.735403,46.31216],[4.735416,46.312156],[4.735436,46.31215],[4.735441,46.312146],[4.735452,46.312137],[4.73551,46.312094],[4.735574,46.31202],[4.735579,46.312015],[4.735608,46.311976],[4.735668,46.311901],[4.73574,46.311809],[4.735741,46.311808],[4.735784,46.311754],[4.73583,46.311696],[4.73583,46.311695],[4.73585,46.311668],[4.735864,46.311647],[4.735888,46.311597],[4.735922,46.311529],[4.735946,46.311479],[4.735958,46.311455],[4.735993,46.311375],[4.736033,46.311297],[4.736052,46.311261],[4.736058,46.311248],[4.736082,46.311196],[4.736149,46.311137],[4.736156,46.31113],[4.736185,46.311103],[4.73626,46.311032],[4.736356,46.310955],[4.736422,46.310902],[4.736501,46.310839],[4.736565,46.310757],[4.736683,46.310579],[4.736726,46.310509],[4.736742,46.310481],[4.736743,46.310481],[4.736754,46.310463],[4.736791,46.310404],[4.736867,46.310286],[4.73696,46.310194],[4.736996,46.310147],[4.737038,46.310092],[4.737079,46.310056],[4.737097,46.31004],[4.737161,46.309983],[4.737211,46.30994],[4.737261,46.309874],[4.737419,46.309652],[4.737466,46.309554],[4.737466,46.309553],[4.737565,46.309405],[4.737566,46.309404],[4.737571,46.309396],[4.737621,46.309306],[4.737721,46.309109],[4.737761,46.309034],[4.737792,46.308977],[4.737771,46.308956],[4.737691,46.30898],[4.737628,46.309005],[4.737523,46.309063],[4.737135,46.309277],[4.737093,46.309301],[4.737058,46.309315],[4.737023,46.309331],[4.736796,46.309469],[4.736672,46.309538],[4.73656,46.309598],[4.736488,46.309634],[4.736485,46.309636],[4.736483,46.309637],[4.736365,46.309693],[4.736326,46.309708],[4.736321,46.309709],[4.736306,46.309712],[4.736239,46.309714],[4.736184,46.309715],[4.736051,46.3097],[4.73581,46.309672],[4.735748,46.309664],[4.735432,46.309627],[4.735409,46.309624],[4.735389,46.309623],[4.735369,46.309627],[4.735368,46.309628],[4.735356,46.309636],[4.735343,46.309652],[4.735288,46.309761],[4.735248,46.309808],[4.735226,46.309849],[4.735128,46.309992],[4.735104,46.310027],[4.735089,46.310049],[4.735048,46.310111],[4.735016,46.310162],[4.735011,46.310169],[4.734929,46.310273],[4.734888,46.310334],[4.734819,46.310435],[4.734757,46.310522],[4.734726,46.310567],[4.734715,46.310582],[4.734698,46.310607],[4.734698,46.310608],[4.734691,46.310619],[4.734671,46.310654],[4.73464,46.310719],[4.734624,46.310755],[4.734595,46.310793],[4.734588,46.310802],[4.734579,46.310811],[4.734552,46.310838],[4.734552,46.310839],[4.734522,46.310874],[4.734444,46.310959],[4.734438,46.310966],[4.734427,46.310983],[4.734399,46.311025],[4.734398,46.311025],[4.73437,46.311056],[4.7343,46.311128],[4.734264,46.311173],[4.734242,46.3112],[4.734217,46.311236],[4.734181,46.31129],[4.734176,46.311298],[4.734173,46.311302],[4.734153,46.311329],[4.734151,46.311332],[4.73411,46.311392],[4.734056,46.311452],[4.733938,46.311611],[4.733934,46.311617],[4.733928,46.311625],[4.733859,46.311719],[4.733795,46.311704],[4.73364,46.311669],[4.733541,46.311619],[4.733513,46.311605],[4.733432,46.311562],[4.733387,46.311548],[4.733356,46.311545],[4.733329,46.311543],[4.733331,46.31153],[4.733332,46.311521],[4.733334,46.3115],[4.733462,46.311548],[4.733497,46.311561],[4.733564,46.311587],[4.733578,46.311596],[4.733644,46.311634],[4.73371,46.311653],[4.733758,46.311667],[4.733833,46.311688],[4.733867,46.311653],[4.733907,46.311613],[4.733961,46.31154],[4.733991,46.311499],[4.734077,46.311383],[4.734103,46.311345],[4.734128,46.311306],[4.734176,46.311241],[4.734188,46.311224],[4.734212,46.31119],[4.734323,46.311054],[4.734352,46.311018],[4.734368,46.310998],[4.734389,46.310958],[4.73441,46.310934],[4.734504,46.310846],[4.734571,46.310757],[4.734579,46.310744],[4.734599,46.310711],[4.734639,46.310631],[4.734648,46.310614],[4.734719,46.310505],[4.734772,46.310431],[4.734845,46.310334],[4.734881,46.310287],[4.735085,46.309987],[4.735165,46.309853],[4.735171,46.309844],[4.735202,46.309791],[4.735213,46.30978],[4.735231,46.309751],[4.735248,46.309723],[4.735274,46.309669],[4.735289,46.309637],[4.735303,46.309608],[4.735267,46.309602],[4.735237,46.309597],[4.73506,46.309566],[4.734959,46.309555],[4.734953,46.309554],[4.734884,46.309547],[4.73487,46.309546],[4.734841,46.309545],[4.734709,46.30953],[4.734665,46.309525],[4.734581,46.30951],[4.7345,46.309495],[4.734383,46.309475],[4.734308,46.309466],[4.734236,46.309458],[4.734235,46.309458],[4.734163,46.309439],[4.733939,46.30938],[4.733825,46.309349],[4.733768,46.309333],[4.733739,46.309325],[4.733567,46.309286],[4.733508,46.309272],[4.733464,46.309267],[4.733285,46.309244],[4.733257,46.309307],[4.733242,46.309341],[4.733241,46.309341],[4.733151,46.309343],[4.73311,46.309344],[4.733109,46.309321],[4.732795,46.309326],[4.732793,46.309349],[4.732785,46.309443],[4.73233,46.309455],[4.732024,46.309464],[4.731962,46.309465],[4.731864,46.309468],[4.731861,46.309468],[4.731771,46.309588],[4.731682,46.309713],[4.731645,46.309766],[4.731619,46.309805],[4.731577,46.309869],[4.731576,46.30987],[4.731555,46.309901],[4.731517,46.309958],[4.731494,46.309986],[4.731451,46.310036],[4.73143,46.310061],[4.731332,46.310195],[4.731331,46.310196],[4.731275,46.310256],[4.731237,46.310296],[4.731232,46.310305],[4.731223,46.310319],[4.731221,46.310324],[4.73122,46.310325],[4.731199,46.310349],[4.731184,46.310359],[4.731166,46.310371],[4.731135,46.3104],[4.731051,46.310495],[4.731003,46.310554],[4.730953,46.3106],[4.730936,46.310615],[4.73092,46.310635],[4.730906,46.310652],[4.730777,46.310818],[4.730775,46.31082],[4.730746,46.310815],[4.730742,46.310814],[4.73073,46.310832],[4.730689,46.310896],[4.730721,46.31093],[4.730736,46.310946],[4.730766,46.31097],[4.730784,46.310985],[4.730785,46.310985],[4.730825,46.311018],[4.730893,46.311074],[4.731003,46.311181],[4.73104,46.311223],[4.731175,46.311308],[4.731182,46.311313],[4.731199,46.311322],[4.731301,46.311379],[4.731385,46.311426],[4.731493,46.311496],[4.73165,46.311606],[4.731714,46.311657]]],[[[4.74307,46.297206],[4.743077,46.297215],[4.743092,46.297237],[4.743108,46.297259],[4.743118,46.297269],[4.743134,46.297284],[4.743165,46.297302],[4.743183,46.297312],[4.74322,46.297328],[4.743287,46.297356],[4.743346,46.297373],[4.743421,46.297377],[4.7436,46.297382],[4.743745,46.29738],[4.743881,46.29738],[4.744068,46.297386],[4.744235,46.297393],[4.744377,46.297397],[4.744501,46.297401],[4.744566,46.297402],[4.744567,46.297402],[4.744936,46.297413],[4.745006,46.297434],[4.745091,46.29746],[4.745116,46.29758],[4.74513,46.29762],[4.745141,46.297639],[4.745167,46.297685],[4.745194,46.297722],[4.745212,46.297745],[4.745271,46.297803],[4.745322,46.297854],[4.745353,46.297887],[4.745373,46.297916],[4.745396,46.297949],[4.745414,46.297974],[4.74542,46.297983],[4.745449,46.298001],[4.745451,46.298002],[4.745455,46.298004],[4.745476,46.298014],[4.745529,46.298019],[4.745569,46.298023],[4.745581,46.298025],[4.745591,46.298026],[4.745639,46.298038],[4.745711,46.29806],[4.745762,46.298084],[4.745772,46.298088],[4.745794,46.298103],[4.745801,46.29811],[4.745817,46.298125],[4.745929,46.298269],[4.745972,46.298324],[4.746064,46.298527],[4.746082,46.298562],[4.746129,46.298653],[4.746151,46.298683],[4.74623,46.29877],[4.746268,46.298811],[4.746361,46.298901],[4.746401,46.298924],[4.746651,46.29903],[4.746694,46.299048],[4.74673,46.299065],[4.746828,46.299112],[4.74692,46.299155],[4.74694,46.299166],[4.747001,46.299197],[4.74714,46.299279],[4.747196,46.299311],[4.747272,46.299354],[4.747345,46.299396],[4.747445,46.29946],[4.747481,46.299486],[4.747592,46.299566],[4.74762,46.29942],[4.747641,46.299327],[4.747689,46.299091],[4.747919,46.299145],[4.747983,46.299159],[4.747863,46.299738],[4.748318,46.299681],[4.748697,46.299632],[4.748806,46.299618],[4.749005,46.299592],[4.74904,46.299582],[4.749044,46.299581],[4.749045,46.299581],[4.749045,46.299544],[4.749052,46.299236],[4.74896,46.299235],[4.748837,46.299236],[4.748688,46.299225],[4.748653,46.298973],[4.748648,46.298926],[4.748643,46.298893],[4.748596,46.298576],[4.748641,46.298353],[4.748731,46.298366],[4.748854,46.298383],[4.748973,46.298393],[4.748987,46.298394],[4.748813,46.297943],[4.748795,46.297897],[4.748701,46.297646],[4.748687,46.297604],[4.748677,46.297525],[4.748674,46.297445],[4.748678,46.297398],[4.748678,46.297395],[4.748678,46.297394],[4.748682,46.297379],[4.748693,46.29733],[4.748707,46.297287],[4.748711,46.297276],[4.748717,46.297264],[4.748729,46.29724],[4.74876,46.297192],[4.748782,46.297165],[4.748792,46.297152],[4.748872,46.297071],[4.748948,46.296994],[4.748967,46.296976],[4.749155,46.296794],[4.749164,46.296782],[4.749171,46.296771],[4.74918,46.296757],[4.749193,46.296736],[4.749217,46.296683],[4.749221,46.296668],[4.749233,46.296627],[4.749234,46.296623],[4.749234,46.29662],[4.749237,46.296605],[4.74924,46.296581],[4.749237,46.296548],[4.749235,46.29652],[4.749217,46.296452],[4.749212,46.296439],[4.749204,46.296414],[4.749163,46.29629],[4.749096,46.296098],[4.749051,46.295966],[4.748996,46.295806],[4.748962,46.295707],[4.748948,46.295671],[4.748917,46.295586],[4.74889,46.295513],[4.748739,46.295075],[4.748736,46.295066],[4.748692,46.294947],[4.748655,46.294857],[4.74864,46.294834],[4.748637,46.294829],[4.748618,46.294801],[4.748549,46.294713],[4.748473,46.294617],[4.748416,46.294548],[4.748316,46.294427],[4.748049,46.294442],[4.747817,46.294456],[4.747036,46.2945],[4.746731,46.294517],[4.746647,46.294521],[4.746646,46.294529],[4.746646,46.29453],[4.746296,46.294568],[4.746149,46.294608],[4.746085,46.294626],[4.745932,46.294669],[4.745757,46.294717],[4.74551,46.294786],[4.745299,46.294858],[4.745298,46.294858],[4.745063,46.29494],[4.74506,46.294941],[4.745059,46.294942],[4.744961,46.294983],[4.744855,46.295024],[4.744812,46.295041],[4.744813,46.29506],[4.744816,46.295096],[4.744791,46.295099],[4.744755,46.295103],[4.744473,46.295133],[4.744373,46.295144],[4.744161,46.295156],[4.74397,46.295167],[4.743635,46.295187],[4.743629,46.295188],[4.74356,46.295192],[4.743559,46.295192],[4.743089,46.29522],[4.74312,46.295418],[4.743149,46.295534],[4.743179,46.295653],[4.74319,46.295731],[4.743199,46.295794],[4.743218,46.295944],[4.743223,46.295984],[4.743255,46.296205],[4.743231,46.296316],[4.743213,46.2964],[4.743196,46.296459],[4.743137,46.296662],[4.7431,46.296808],[4.743057,46.296973],[4.743057,46.29698],[4.743047,46.297116],[4.743048,46.297137],[4.743049,46.297161],[4.74307,46.297206]]],[[[4.743418,46.298374],[4.743437,46.298377],[4.74346,46.298381],[4.743485,46.298381],[4.743505,46.298381],[4.743506,46.298381],[4.743508,46.298381],[4.743535,46.29838],[4.743558,46.298378],[4.743659,46.298372],[4.743726,46.298371],[4.743794,46.298379],[4.743834,46.298381],[4.744017,46.298391],[4.744219,46.298408],[4.744265,46.298413],[4.74436,46.298422],[4.744408,46.298434],[4.74445,46.298444],[4.744502,46.298459],[4.744559,46.298476],[4.744611,46.298481],[4.744652,46.298486],[4.744703,46.298492],[4.744856,46.298525],[4.7449,46.298532],[4.744971,46.298542],[4.745118,46.298557],[4.745409,46.298594],[4.745426,46.298595],[4.745502,46.298597],[4.745566,46.298602],[4.745673,46.298609],[4.745722,46.298614],[4.745733,46.298614],[4.74575,46.298616],[4.745857,46.298623],[4.745916,46.298627],[4.746048,46.298625],[4.746038,46.298584],[4.746024,46.298528],[4.745987,46.298454],[4.745984,46.298449],[4.745979,46.298441],[4.74597,46.298425],[4.745907,46.298309],[4.745868,46.298252],[4.745853,46.29823],[4.745832,46.298205],[4.745782,46.298145],[4.745764,46.298129],[4.745749,46.298115],[4.745721,46.298102],[4.745703,46.298095],[4.745683,46.298087],[4.745637,46.29807],[4.745609,46.298062],[4.745592,46.298058],[4.745458,46.298042],[4.745451,46.29804],[4.745425,46.298035],[4.745404,46.298022],[4.745371,46.297981],[4.745296,46.297898],[4.745249,46.297852],[4.745186,46.29779],[4.745161,46.297765],[4.745078,46.297681],[4.745039,46.297612],[4.745037,46.29761],[4.745026,46.297599],[4.745021,46.297595],[4.74499,46.297576],[4.744976,46.297568],[4.744971,46.297566],[4.744894,46.297559],[4.744767,46.297548],[4.744651,46.297538],[4.744603,46.297534],[4.744342,46.2975],[4.744262,46.297488],[4.744021,46.297453],[4.743929,46.297443],[4.743879,46.297441],[4.743867,46.297441],[4.74383,46.29744],[4.74371,46.29744],[4.743598,46.297436],[4.743536,46.297433],[4.743485,46.297431],[4.743479,46.297431],[4.743359,46.297433],[4.743279,46.297433],[4.743222,46.297434],[4.743187,46.297433],[4.743125,46.297432],[4.743045,46.297419],[4.743041,46.297418],[4.742965,46.297406],[4.742964,46.297408],[4.742941,46.29753],[4.742943,46.297568],[4.742943,46.297569],[4.742944,46.297585],[4.742943,46.297599],[4.742941,46.297616],[4.742942,46.297679],[4.742942,46.297706],[4.742938,46.297719],[4.742935,46.297728],[4.742935,46.297773],[4.742935,46.297802],[4.742932,46.297853],[4.742928,46.297915],[4.74293,46.29802],[4.742931,46.298087],[4.742935,46.298274],[4.742943,46.29829],[4.742944,46.298293],[4.742952,46.298309],[4.742969,46.298317],[4.742992,46.298321],[4.742995,46.298322],[4.743017,46.298325],[4.743116,46.298336],[4.74325,46.298357],[4.743344,46.298366],[4.743375,46.298368],[4.743378,46.298368],[4.743382,46.298369],[4.743418,46.298374]]],[[[4.741454,46.298716],[4.741451,46.298719],[4.74145,46.29872],[4.741618,46.298807],[4.741624,46.29881],[4.741625,46.298811],[4.741696,46.298847],[4.741735,46.298867],[4.741937,46.298974],[4.741959,46.298986],[4.742014,46.299014],[4.742166,46.299093],[4.742285,46.299156],[4.7423,46.299164],[4.742314,46.299171],[4.742473,46.299254],[4.742483,46.299218],[4.742493,46.29918],[4.74259,46.298976],[4.74273,46.29878],[4.742748,46.298757],[4.742755,46.298748],[4.742802,46.298688],[4.742834,46.298629],[4.742844,46.298611],[4.742901,46.298523],[4.742909,46.298511],[4.742905,46.298463],[4.7429,46.29839],[4.742894,46.298391],[4.74289,46.298391],[4.742887,46.298392],[4.742768,46.298382],[4.742726,46.298378],[4.742697,46.29837],[4.742681,46.298366],[4.742601,46.298345],[4.742515,46.298324],[4.742479,46.298315],[4.7423,46.298274],[4.742242,46.298262],[4.742158,46.298236],[4.742129,46.298228],[4.742117,46.298223],[4.742094,46.298215],[4.741958,46.298168],[4.741903,46.298149],[4.741851,46.298127],[4.741738,46.298084],[4.741549,46.298014],[4.741436,46.297973],[4.7414,46.297958],[4.741381,46.29795],[4.741365,46.297943],[4.741265,46.297899],[4.741081,46.297812],[4.74098,46.297764],[4.740884,46.297719],[4.740845,46.297701],[4.740751,46.297656],[4.740706,46.297635],[4.740687,46.297627],[4.740555,46.297575],[4.740482,46.297551],[4.74048,46.297564],[4.740465,46.297669],[4.740488,46.297709],[4.740506,46.29774],[4.740515,46.297758],[4.740522,46.297773],[4.740526,46.297792],[4.740528,46.297799],[4.740535,46.297833],[4.740562,46.297927],[4.740567,46.297942],[4.740575,46.297972],[4.740563,46.297995],[4.740556,46.298],[4.740552,46.298003],[4.740541,46.298011],[4.740528,46.298014],[4.740519,46.298017],[4.740513,46.298018],[4.740429,46.298034],[4.74042,46.298036],[4.740484,46.298139],[4.740533,46.298201],[4.740543,46.298213],[4.740578,46.298247],[4.740599,46.298265],[4.740654,46.298301],[4.740663,46.298306],[4.740874,46.29842],[4.740889,46.298428],[4.741016,46.298495],[4.741017,46.298495],[4.74118,46.29858],[4.741307,46.298646],[4.74131,46.298644],[4.741313,46.298643],[4.741454,46.298716]]],[[[4.741878,46.299885],[4.741965,46.299905],[4.742054,46.299925],[4.742087,46.299933],[4.742175,46.299953],[4.742303,46.299983],[4.742374,46.3],[4.742375,46.299997],[4.742376,46.299989],[4.742385,46.29995],[4.74239,46.299902],[4.742379,46.299794],[4.74237,46.299715],[4.742373,46.299701],[4.742393,46.2996],[4.742439,46.299397],[4.742451,46.299339],[4.742259,46.299239],[4.741977,46.29909],[4.741666,46.29893],[4.74137,46.298779],[4.741257,46.298716],[4.741215,46.298695],[4.741125,46.298651],[4.740796,46.298503],[4.740812,46.298484],[4.740817,46.298479],[4.740722,46.298425],[4.74071,46.298419],[4.740568,46.298341],[4.740542,46.298323],[4.740532,46.298316],[4.740523,46.298309],[4.740499,46.298288],[4.740465,46.298252],[4.740447,46.298234],[4.740381,46.298156],[4.740368,46.298139],[4.740306,46.298056],[4.740197,46.298078],[4.740202,46.298109],[4.740203,46.298112],[4.740206,46.298131],[4.740203,46.298139],[4.740149,46.298281],[4.740122,46.298351],[4.740068,46.298491],[4.740062,46.298526],[4.740057,46.29855],[4.740141,46.298576],[4.740172,46.298586],[4.74023,46.298605],[4.740248,46.298617],[4.740283,46.298641],[4.740331,46.298665],[4.740395,46.298697],[4.740377,46.298747],[4.740345,46.298839],[4.740339,46.298859],[4.740318,46.298932],[4.740291,46.299029],[4.740239,46.299218],[4.740212,46.299305],[4.740211,46.299314],[4.740209,46.299323],[4.740207,46.299332],[4.740221,46.299381],[4.740251,46.299433],[4.740261,46.299451],[4.740266,46.299459],[4.740269,46.299463],[4.740284,46.299483],[4.740326,46.299513],[4.740327,46.299513],[4.740337,46.299518],[4.740386,46.29954],[4.740616,46.299613],[4.740958,46.299698],[4.74116,46.299745],[4.741739,46.29987],[4.741878,46.299885]]],[[[4.744072,46.298462],[4.744001,46.298458],[4.743935,46.29845],[4.743892,46.298446],[4.743844,46.298441],[4.743762,46.298429],[4.743753,46.298428],[4.743679,46.298418],[4.74352,46.298428],[4.743429,46.298423],[4.743082,46.298406],[4.743042,46.298404],[4.742939,46.298399],[4.742934,46.298495],[4.742932,46.298514],[4.742909,46.298579],[4.742903,46.298589],[4.742866,46.298649],[4.742837,46.298685],[4.742788,46.298747],[4.742729,46.298844],[4.742722,46.298856],[4.742711,46.298873],[4.742677,46.298926],[4.742655,46.298959],[4.742622,46.299031],[4.742621,46.299035],[4.74259,46.299104],[4.74257,46.299147],[4.742548,46.299241],[4.742531,46.299282],[4.74253,46.299286],[4.742722,46.299387],[4.742864,46.299461],[4.742964,46.299516],[4.742965,46.299516],[4.743159,46.299618],[4.743163,46.29962],[4.743233,46.299651],[4.743319,46.299689],[4.74332,46.29969],[4.743319,46.299691],[4.743319,46.299693],[4.743383,46.299712],[4.743457,46.299729],[4.743519,46.299743],[4.743638,46.299763],[4.743793,46.299777],[4.74385,46.299782],[4.743946,46.299793],[4.744005,46.299799],[4.744424,46.299842],[4.7445,46.299851],[4.744859,46.299888],[4.744879,46.29989],[4.7449,46.299891],[4.744901,46.299891],[4.744963,46.299609],[4.744928,46.299603],[4.744943,46.29955],[4.744964,46.299459],[4.745025,46.299217],[4.74534,46.299272],[4.745451,46.299292],[4.745513,46.299302],[4.745741,46.299343],[4.745788,46.299294],[4.745874,46.299206],[4.745964,46.29915],[4.746086,46.299073],[4.746169,46.299027],[4.746226,46.29899],[4.74626,46.298953],[4.746268,46.298931],[4.746269,46.298929],[4.746265,46.2989],[4.746223,46.298849],[4.746123,46.298751],[4.746077,46.298718],[4.746009,46.298688],[4.74579,46.298674],[4.74557,46.29866],[4.745525,46.298657],[4.745519,46.298656],[4.745362,46.298641],[4.745208,46.298626],[4.745181,46.298623],[4.745162,46.298622],[4.745051,46.298607],[4.744903,46.298584],[4.74483,46.298573],[4.744595,46.298532],[4.744456,46.298514],[4.744403,46.298503],[4.744292,46.298481],[4.744215,46.29847],[4.744108,46.298464],[4.744072,46.298462]]],[[[4.742446,46.300006],[4.742454,46.300015],[4.742461,46.300019],[4.742467,46.300023],[4.742494,46.300022],[4.742527,46.300021],[4.742528,46.300021],[4.742579,46.30001],[4.742691,46.299986],[4.74276,46.299966],[4.742863,46.299936],[4.742956,46.299912],[4.743011,46.299897],[4.743076,46.299873],[4.743104,46.299872],[4.743378,46.299802],[4.743376,46.299794],[4.743317,46.299773],[4.74327,46.299757],[4.743211,46.299729],[4.743132,46.299692],[4.742759,46.299499],[4.742609,46.299421],[4.742502,46.299365],[4.742456,46.29955],[4.74241,46.299735],[4.742426,46.29987],[4.742435,46.29995],[4.742442,46.300001],[4.742446,46.300006]]],[[[4.746812,46.300951],[4.74714,46.300908],[4.747185,46.3009],[4.747209,46.300897],[4.747215,46.30091],[4.747244,46.30099],[4.747267,46.301091],[4.747302,46.301145],[4.747411,46.301143],[4.74741,46.30125],[4.747298,46.301252],[4.747295,46.3013],[4.747296,46.3013],[4.747865,46.301359],[4.747848,46.301264],[4.747848,46.301258],[4.747841,46.301234],[4.747829,46.301174],[4.748218,46.301148],[4.748297,46.301421],[4.748458,46.301465],[4.748522,46.301483],[4.748609,46.301508],[4.748566,46.301343],[4.748619,46.301337],[4.748618,46.301321],[4.748855,46.301288],[4.749045,46.301261],[4.749302,46.301228],[4.749336,46.30122],[4.74947,46.301165],[4.749768,46.301124],[4.749751,46.301037],[4.749748,46.301019],[4.749741,46.300985],[4.749728,46.300857],[4.749699,46.300739],[4.749693,46.300691],[4.749682,46.300632],[4.74968,46.300621],[4.749673,46.300586],[4.749635,46.300432],[4.749581,46.300183],[4.749202,46.300137],[4.748671,46.300083],[4.748584,46.300075],[4.748466,46.300064],[4.748221,46.300041],[4.748213,46.30004],[4.748212,46.30004],[4.748211,46.300039],[4.74821,46.300039],[4.748208,46.300039],[4.74814,46.30003],[4.748122,46.300024],[4.748108,46.300018],[4.747824,46.299818],[4.747406,46.299872],[4.747056,46.299917],[4.746618,46.299974],[4.746326,46.300011],[4.746094,46.30004],[4.746145,46.300252],[4.746255,46.300243],[4.746309,46.300457],[4.746439,46.30045],[4.746478,46.300633],[4.745903,46.300697],[4.745914,46.300757],[4.745954,46.300945],[4.745779,46.300972],[4.74563,46.300994],[4.745792,46.301254],[4.745813,46.301284],[4.745815,46.301286],[4.745839,46.301309],[4.745842,46.301312],[4.74588,46.301335],[4.745893,46.301339],[4.745895,46.30134],[4.745911,46.301345],[4.745958,46.301348],[4.745991,46.30135],[4.746052,46.301343],[4.746105,46.301338],[4.746466,46.301287],[4.746479,46.301285],[4.746481,46.301285],[4.746496,46.301283],[4.746506,46.301271],[4.746575,46.301266],[4.746512,46.300971],[4.746538,46.300892],[4.746527,46.300836],[4.746759,46.300812],[4.746762,46.300812],[4.746764,46.300822],[4.746767,46.300834],[4.746769,46.300871],[4.746796,46.300869],[4.746812,46.300951]]],[[[4.744033,46.30144],[4.744186,46.30147],[4.744343,46.3015],[4.744341,46.301489],[4.744337,46.301465],[4.744298,46.30132],[4.744497,46.301306],[4.744506,46.301277],[4.744497,46.301258],[4.744529,46.30125],[4.744546,46.301248],[4.744526,46.301206],[4.744642,46.301179],[4.744724,46.30116],[4.744749,46.301205],[4.744862,46.301178],[4.744826,46.301005],[4.744729,46.300676],[4.744784,46.300659],[4.744744,46.300476],[4.74473,46.300329],[4.744685,46.300335],[4.74465,46.299942],[4.744624,46.299939],[4.744372,46.299913],[4.744017,46.299875],[4.743935,46.299867],[4.743582,46.29983],[4.743535,46.299826],[4.743508,46.299824],[4.743428,46.299839],[4.743388,46.299847],[4.743283,46.299874],[4.743093,46.29993],[4.743063,46.299938],[4.742819,46.30001],[4.742755,46.30003],[4.742636,46.300067],[4.742555,46.300092],[4.742578,46.300132],[4.742599,46.300167],[4.742616,46.300196],[4.742634,46.300237],[4.742669,46.300322],[4.742713,46.300426],[4.742745,46.300486],[4.742774,46.30054],[4.742787,46.300579],[4.742787,46.30058],[4.742881,46.300847],[4.742927,46.300962],[4.742963,46.301053],[4.742992,46.301147],[4.742995,46.301155],[4.743018,46.301227],[4.743053,46.301372],[4.743054,46.301379],[4.743202,46.30135],[4.743249,46.301342],[4.743369,46.301724],[4.743517,46.301703],[4.743466,46.30156],[4.743382,46.301317],[4.743401,46.301312],[4.743541,46.301293],[4.743692,46.30127],[4.743763,46.301429],[4.743879,46.301408],[4.744033,46.30144]]],[[[4.740789,46.301281],[4.74079,46.301281],[4.740796,46.30129],[4.740833,46.301338],[4.740861,46.30137],[4.740917,46.301435],[4.740916,46.301435],[4.740781,46.301485],[4.740781,46.301505],[4.740856,46.301645],[4.740887,46.301704],[4.740889,46.301703],[4.740933,46.301689],[4.740943,46.301686],[4.74108,46.301642],[4.741356,46.301562],[4.741504,46.301515],[4.741596,46.301487],[4.741695,46.301662],[4.741926,46.302065],[4.742075,46.302009],[4.742101,46.302004],[4.74214,46.302002],[4.742158,46.302006],[4.742171,46.302041],[4.742359,46.30198],[4.742417,46.30196],[4.742625,46.301892],[4.742642,46.301958],[4.742781,46.301929],[4.742882,46.30209],[4.743087,46.302029],[4.743124,46.30201],[4.743152,46.301982],[4.743153,46.301976],[4.743158,46.301949],[4.743106,46.301794],[4.743078,46.301699],[4.743025,46.301424],[4.743021,46.301401],[4.743016,46.301377],[4.742995,46.301302],[4.742994,46.3013],[4.742974,46.301233],[4.742855,46.30091],[4.742798,46.300758],[4.742791,46.300737],[4.742784,46.300717],[4.742727,46.30058],[4.742602,46.300281],[4.742586,46.300243],[4.742571,46.300205],[4.742542,46.300166],[4.742519,46.300134],[4.742466,46.300091],[4.742453,46.300082],[4.742438,46.300075],[4.742426,46.30007],[4.742261,46.300033],[4.742,46.299976],[4.74198,46.299972],[4.741945,46.299965],[4.741746,46.299924],[4.741105,46.299785],[4.741104,46.299785],[4.740924,46.299743],[4.740745,46.299701],[4.740118,46.299547],[4.740116,46.29955],[4.740099,46.299573],[4.740114,46.29967],[4.74013,46.299773],[4.740139,46.299813],[4.740146,46.299839],[4.740147,46.299844],[4.74015,46.29985],[4.740145,46.29986],[4.740132,46.299887],[4.740116,46.299923],[4.740109,46.299962],[4.740101,46.30002],[4.740089,46.300099],[4.740111,46.300172],[4.740078,46.300177],[4.74008,46.300189],[4.740081,46.300193],[4.740073,46.300195],[4.740069,46.300196],[4.740058,46.300199],[4.740245,46.300419],[4.740342,46.300545],[4.740351,46.300557],[4.740364,46.300579],[4.740391,46.300623],[4.740413,46.3007],[4.740464,46.300846],[4.74056,46.301046],[4.740562,46.301072],[4.740563,46.301072],[4.740568,46.301073],[4.740569,46.301073],[4.740633,46.30114],[4.740673,46.301183],[4.740742,46.301241],[4.740787,46.301279],[4.740789,46.301281]]],[[[4.744217,46.30434],[4.743953,46.304309],[4.743971,46.304239],[4.743954,46.304238],[4.743942,46.304236],[4.743956,46.304193],[4.744025,46.303995],[4.743568,46.303862],[4.743549,46.303877],[4.743566,46.303883],[4.743445,46.304072],[4.74342,46.30411],[4.743401,46.304144],[4.743393,46.304155],[4.743352,46.304142],[4.743275,46.304168],[4.743235,46.304229],[4.743204,46.304271],[4.74309,46.304232],[4.742849,46.304157],[4.742942,46.304027],[4.742831,46.303978],[4.743059,46.303656],[4.742885,46.303419],[4.742859,46.303383],[4.74271,46.303466],[4.742586,46.303371],[4.742562,46.303353],[4.742562,46.303352],[4.742531,46.303331],[4.742362,46.303404],[4.742271,46.303442],[4.742271,46.303443],[4.742297,46.303494],[4.742449,46.303748],[4.742466,46.303776],[4.742746,46.304236],[4.742908,46.3045],[4.742908,46.304501],[4.742919,46.304516],[4.742972,46.304588],[4.743022,46.304643],[4.743058,46.304681],[4.743074,46.304694],[4.74311,46.304723],[4.743119,46.304729],[4.743135,46.304739],[4.743164,46.304756],[4.743229,46.304795],[4.743246,46.304805],[4.743263,46.304812],[4.743332,46.304842],[4.743862,46.305072],[4.743954,46.304903],[4.743955,46.304903],[4.744306,46.304921],[4.744391,46.304816],[4.744481,46.304703],[4.744233,46.304651],[4.744281,46.304574],[4.744146,46.304551],[4.744233,46.304391],[4.744201,46.304385],[4.74421,46.30436],[4.744217,46.30434]]],[[[4.741961,46.305498],[4.742155,46.305548],[4.742435,46.305618],[4.742512,46.305637],[4.742644,46.30567],[4.742652,46.305672],[4.742663,46.305675],[4.742664,46.305675],[4.742786,46.305706],[4.742945,46.305745],[4.743063,46.305527],[4.743065,46.305523],[4.743066,46.305521],[4.743068,46.305515],[4.743069,46.305515],[4.743257,46.305563],[4.743319,46.305576],[4.74352,46.305618],[4.743566,46.305628],[4.743587,46.305627],[4.743599,46.305627],[4.743638,46.305626],[4.743673,46.305542],[4.743682,46.305521],[4.743742,46.305341],[4.743765,46.305268],[4.743802,46.3052],[4.743829,46.305149],[4.743484,46.304999],[4.743434,46.304977],[4.743354,46.304943],[4.743251,46.304898],[4.74321,46.304879],[4.743174,46.304862],[4.743164,46.304857],[4.743057,46.304797],[4.742979,46.304747],[4.742956,46.304727],[4.742952,46.304723],[4.742934,46.304707],[4.742882,46.304652],[4.742869,46.304634],[4.742843,46.304598],[4.742795,46.304534],[4.742713,46.304396],[4.742179,46.303501],[4.742079,46.303494],[4.742059,46.303493],[4.741974,46.303622],[4.741913,46.303716],[4.741892,46.303749],[4.741882,46.303764],[4.741868,46.303787],[4.741853,46.303807],[4.741804,46.303876],[4.741793,46.303891],[4.741787,46.303899],[4.741772,46.303919],[4.741761,46.303934],[4.741688,46.30403],[4.74169,46.304031],[4.741705,46.304038],[4.741641,46.304121],[4.741632,46.304132],[4.741622,46.304145],[4.74161,46.30416],[4.741492,46.304324],[4.741413,46.304433],[4.741401,46.304454],[4.741364,46.304517],[4.741304,46.30465],[4.741264,46.304734],[4.741251,46.304761],[4.741356,46.304806],[4.7414,46.304842],[4.74145,46.304879],[4.741544,46.304932],[4.741686,46.304994],[4.741708,46.305003],[4.741947,46.305056],[4.742061,46.305078],[4.742086,46.305048],[4.742232,46.305096],[4.742178,46.305171],[4.741961,46.305498]]],[[[4.741154,46.305008],[4.741136,46.305067],[4.741135,46.305069],[4.741085,46.305221],[4.741084,46.305222],[4.741075,46.305247],[4.741046,46.30533],[4.741154,46.305343],[4.741198,46.305348],[4.741447,46.305376],[4.741494,46.305301],[4.741545,46.305221],[4.741584,46.305157],[4.741594,46.30514],[4.741629,46.305084],[4.74167,46.305015],[4.741532,46.304964],[4.741409,46.304891],[4.741367,46.304864],[4.741231,46.30481],[4.741213,46.304844],[4.741178,46.304941],[4.741175,46.304949],[4.741157,46.304999],[4.741154,46.305008]]],[[[4.744326,46.304937],[4.74434,46.304938],[4.744181,46.305343],[4.744195,46.305375],[4.744245,46.305491],[4.744267,46.30554],[4.744331,46.305705],[4.74435,46.305748],[4.744366,46.305783],[4.744379,46.305807],[4.744403,46.30585],[4.744436,46.305884],[4.744529,46.305961],[4.744994,46.305935],[4.745081,46.305928],[4.745077,46.305884],[4.745081,46.305711],[4.745083,46.305629],[4.745088,46.305537],[4.745149,46.305148],[4.74517,46.305023],[4.745184,46.304941],[4.745196,46.304868],[4.744845,46.304856],[4.74484,46.304689],[4.74487,46.30469],[4.744878,46.304614],[4.744806,46.304611],[4.744772,46.304609],[4.744771,46.304612],[4.744763,46.304644],[4.744757,46.304644],[4.74457,46.304636],[4.744326,46.304937]]],[[[4.745153,46.305507],[4.745149,46.305594],[4.745154,46.305765],[4.745171,46.306012],[4.74518,46.30608],[4.745211,46.306189],[4.745255,46.306346],[4.745388,46.306419],[4.745523,46.306502],[4.745762,46.306423],[4.746503,46.306178],[4.746616,46.306138],[4.746736,46.306087],[4.746737,46.306087],[4.746767,46.306075],[4.746778,46.30607],[4.746676,46.305724],[4.746651,46.30563],[4.746731,46.305624],[4.746784,46.30562],[4.746805,46.30562],[4.747113,46.305599],[4.747203,46.305842],[4.74742,46.30574],[4.747582,46.305662],[4.74766,46.305622],[4.747735,46.30559],[4.747901,46.305525],[4.748085,46.305902],[4.748202,46.305884],[4.748386,46.305854],[4.748616,46.305821],[4.74868,46.305812],[4.748729,46.305811],[4.748797,46.30581],[4.748827,46.305809],[4.748869,46.305816],[4.748909,46.305821],[4.748977,46.305828],[4.749196,46.305875],[4.749325,46.305904],[4.749361,46.305912],[4.749994,46.30606],[4.750181,46.30603],[4.750175,46.305943],[4.75017,46.305875],[4.750166,46.305818],[4.75017,46.305771],[4.750175,46.305709],[4.750184,46.305584],[4.750184,46.305495],[4.75019,46.305435],[4.750196,46.30538],[4.750197,46.305376],[4.750183,46.305341],[4.750164,46.305294],[4.750158,46.305154],[4.750153,46.305144],[4.750137,46.305113],[4.750134,46.305102],[4.750133,46.305098],[4.750124,46.305067],[4.750088,46.30503],[4.750008,46.304967],[4.74995,46.30492],[4.749903,46.304882],[4.749852,46.304847],[4.749802,46.304814],[4.749764,46.30479],[4.749731,46.30477],[4.749638,46.304715],[4.749583,46.304689],[4.749431,46.304623],[4.749361,46.304592],[4.749204,46.304504],[4.749168,46.304483],[4.749158,46.304478],[4.749084,46.304439],[4.749033,46.3044],[4.74901,46.304375],[4.749002,46.304366],[4.748932,46.304244],[4.748881,46.304163],[4.747972,46.30418],[4.74737,46.304191],[4.747371,46.304195],[4.747372,46.304207],[4.747373,46.304216],[4.747375,46.304261],[4.747375,46.304265],[4.747376,46.304285],[4.747365,46.304286],[4.747361,46.304286],[4.74735,46.304287],[4.747373,46.30461],[4.747374,46.304623],[4.747356,46.304624],[4.747331,46.304625],[4.747286,46.304627],[4.747273,46.304627],[4.74723,46.304629],[4.74724,46.304683],[4.74724,46.304684],[4.74723,46.304688],[4.747201,46.304703],[4.747163,46.304695],[4.747133,46.304689],[4.747071,46.304689],[4.747069,46.304689],[4.746996,46.304691],[4.746862,46.304699],[4.746785,46.304714],[4.746771,46.304715],[4.746602,46.304728],[4.746606,46.304743],[4.746527,46.304754],[4.746358,46.304784],[4.746361,46.304796],[4.746031,46.30483],[4.745915,46.304844],[4.745674,46.304867],[4.745259,46.304907],[4.745212,46.305168],[4.745183,46.305314],[4.745175,46.305359],[4.745155,46.305462],[4.745153,46.305507]]],[[[4.743946,46.30601],[4.744008,46.306064],[4.744007,46.306078],[4.744006,46.306087],[4.744017,46.306087],[4.744035,46.306088],[4.744156,46.306195],[4.744543,46.306096],[4.744591,46.306306],[4.743568,46.306321],[4.743569,46.306083],[4.743569,46.30605],[4.74357,46.306024],[4.743573,46.305962],[4.743653,46.30566],[4.743601,46.305649],[4.743546,46.305637],[4.743285,46.30559],[4.743194,46.305565],[4.743123,46.305545],[4.74309,46.305536],[4.742962,46.305769],[4.742904,46.305755],[4.742871,46.305747],[4.742532,46.305662],[4.742496,46.305654],[4.742372,46.305623],[4.742113,46.305559],[4.741894,46.305505],[4.741729,46.305464],[4.741667,46.305658],[4.74163,46.305823],[4.741561,46.30582],[4.741439,46.30581],[4.741374,46.305806],[4.741369,46.305878],[4.741371,46.305918],[4.741368,46.306035],[4.741365,46.306083],[4.741357,46.306158],[4.741353,46.306201],[4.741195,46.306188],[4.741189,46.306188],[4.741183,46.306189],[4.741184,46.306212],[4.741188,46.30634],[4.741189,46.306361],[4.741191,46.306396],[4.741201,46.30657],[4.741214,46.306789],[4.741216,46.306792],[4.741234,46.306821],[4.741255,46.306834],[4.74127,46.306844],[4.741316,46.306858],[4.741338,46.30686],[4.741358,46.306862],[4.741661,46.306874],[4.741852,46.306882],[4.741978,46.306887],[4.741979,46.306887],[4.741992,46.306627],[4.741995,46.306608],[4.742657,46.306625],[4.742658,46.306572],[4.742685,46.306575],[4.742805,46.306584],[4.742837,46.306584],[4.743278,46.306618],[4.743565,46.306625],[4.743803,46.306617],[4.744246,46.306602],[4.744343,46.306931],[4.744351,46.30693],[4.744396,46.306923],[4.744415,46.30692],[4.744357,46.306772],[4.744304,46.306771],[4.744295,46.30668],[4.74465,46.306675],[4.744637,46.306598],[4.744658,46.306595],[4.744735,46.306579],[4.744839,46.306546],[4.744823,46.30652],[4.744795,46.30652],[4.744789,46.306491],[4.7449,46.30647],[4.744937,46.306527],[4.744951,46.306525],[4.745052,46.306505],[4.745028,46.306444],[4.745002,46.306374],[4.745002,46.306373],[4.745055,46.306365],[4.745074,46.306362],[4.745115,46.306355],[4.744971,46.306281],[4.744864,46.306226],[4.744706,46.306145],[4.744534,46.306052],[4.744528,46.306049],[4.74449,46.306027],[4.744458,46.30601],[4.744442,46.305998],[4.74444,46.305997],[4.744416,46.30598],[4.744389,46.305957],[4.744376,46.305945],[4.744356,46.305928],[4.744356,46.305927],[4.74434,46.305932],[4.743945,46.306009],[4.743946,46.30601]]],[[[4.742261,46.308886],[4.742503,46.308964],[4.742629,46.309006],[4.742679,46.309022],[4.742715,46.309033],[4.742768,46.309048],[4.742764,46.309055],[4.742805,46.309066],[4.7429,46.309093],[4.743018,46.309126],[4.743048,46.309134],[4.743095,46.309146],[4.743133,46.309156],[4.743185,46.309169],[4.74328,46.309193],[4.743315,46.309202],[4.743332,46.309206],[4.743333,46.309206],[4.743499,46.309247],[4.74357,46.309272],[4.743588,46.309278],[4.743635,46.309297],[4.743708,46.309326],[4.743804,46.309356],[4.74386,46.309368],[4.743899,46.309376],[4.743931,46.309358],[4.743981,46.308925],[4.743996,46.308857],[4.744014,46.308773],[4.744026,46.308666],[4.744038,46.308548],[4.744049,46.308526],[4.744061,46.308499],[4.744078,46.308468],[4.744097,46.308456],[4.744106,46.308449],[4.744125,46.308438],[4.744165,46.308428],[4.744337,46.308431],[4.744636,46.308436],[4.744637,46.308436],[4.744749,46.308436],[4.744997,46.308434],[4.745049,46.308434],[4.745166,46.308435],[4.745211,46.308437],[4.745464,46.308444],[4.745482,46.308435],[4.745499,46.308427],[4.745516,46.308311],[4.745522,46.30827],[4.745478,46.308186],[4.745463,46.308157],[4.745451,46.308117],[4.745439,46.308077],[4.745437,46.308056],[4.745437,46.308055],[4.745433,46.308011],[4.745463,46.307705],[4.745479,46.307538],[4.745496,46.307383],[4.745498,46.30736],[4.745554,46.306768],[4.745551,46.306735],[4.745551,46.306731],[4.745546,46.306716],[4.745543,46.306712],[4.745528,46.306692],[4.745519,46.306682],[4.745509,46.306672],[4.745501,46.306664],[4.745489,46.306655],[4.745475,46.306645],[4.745454,46.306636],[4.745452,46.306635],[4.745433,46.306633],[4.745413,46.306631],[4.745409,46.306632],[4.745397,46.306634],[4.745369,46.306647],[4.745346,46.306657],[4.745323,46.306667],[4.745162,46.306762],[4.745162,46.306763],[4.745149,46.306772],[4.745135,46.306783],[4.745117,46.306797],[4.745086,46.30683],[4.745076,46.30684],[4.745072,46.30685],[4.745065,46.306864],[4.745129,46.307122],[4.745151,46.307188],[4.745075,46.307204],[4.744873,46.307247],[4.744839,46.307255],[4.744824,46.307257],[4.744788,46.307124],[4.744753,46.307135],[4.744752,46.307135],[4.744753,46.307136],[4.744668,46.307161],[4.744644,46.307168],[4.744543,46.306973],[4.744487,46.306983],[4.744456,46.306988],[4.7444,46.306998],[4.74434,46.307009],[4.744268,46.307017],[4.74424,46.307021],[4.74407,46.307039],[4.744069,46.307039],[4.744026,46.307041],[4.744011,46.307042],[4.743976,46.307042],[4.743894,46.307044],[4.743867,46.307045],[4.74372,46.307037],[4.743615,46.307031],[4.743063,46.307004],[4.742946,46.306999],[4.742874,46.306995],[4.742773,46.30699],[4.742458,46.306976],[4.742303,46.306969],[4.742248,46.306966],[4.742062,46.306958],[4.742015,46.307226],[4.74198,46.307434],[4.741935,46.307694],[4.741921,46.307751],[4.741911,46.30779],[4.741899,46.307838],[4.741883,46.307931],[4.741843,46.308156],[4.741827,46.30823],[4.741819,46.308268],[4.741812,46.308297],[4.741801,46.308347],[4.741774,46.308457],[4.741744,46.308588],[4.741746,46.308641],[4.741747,46.308664],[4.741754,46.308679],[4.741792,46.308721],[4.741876,46.308757],[4.742011,46.308803],[4.742119,46.308841],[4.742261,46.308886]]],[[[4.749312,46.296993],[4.749386,46.296983],[4.749433,46.296976],[4.749758,46.296931],[4.749897,46.296913],[4.750058,46.296891],[4.750185,46.296871],[4.750226,46.296865],[4.75032,46.29685],[4.750558,46.296861],[4.750682,46.296866],[4.750854,46.296874],[4.750907,46.296876],[4.751116,46.296885],[4.751315,46.296879],[4.751592,46.29687],[4.751739,46.296868],[4.751896,46.296863],[4.751941,46.296861],[4.751943,46.296861],[4.751982,46.296853],[4.751995,46.296849],[4.752,46.296848],[4.752,46.296842],[4.752,46.296841],[4.752001,46.296831],[4.751966,46.296653],[4.751946,46.296549],[4.751928,46.296461],[4.751897,46.29628],[4.751892,46.29625],[4.751872,46.296142],[4.751861,46.296116],[4.751846,46.296083],[4.751827,46.296047],[4.751798,46.295996],[4.751791,46.295972],[4.751785,46.295953],[4.75177,46.295597],[4.751765,46.295373],[4.751768,46.295343],[4.75177,46.295322],[4.75177,46.295321],[4.751799,46.295178],[4.751811,46.295116],[4.75183,46.294967],[4.75183,46.29496],[4.751829,46.294959],[4.751828,46.294951],[4.751814,46.29493],[4.751811,46.294927],[4.751779,46.294891],[4.751754,46.294872],[4.751743,46.294863],[4.75174,46.294862],[4.751712,46.29485],[4.75165,46.294842],[4.751646,46.294842],[4.751632,46.29484],[4.751577,46.294836],[4.751442,46.294826],[4.751232,46.294822],[4.751017,46.294819],[4.750882,46.294825],[4.750785,46.294824],[4.750458,46.294812],[4.749931,46.294792],[4.749709,46.294767],[4.74958,46.294733],[4.749397,46.294685],[4.749311,46.294678],[4.749179,46.294668],[4.749134,46.294662],[4.749096,46.294656],[4.749038,46.294648],[4.748979,46.294641],[4.748917,46.294633],[4.74882,46.29461],[4.748743,46.294586],[4.748718,46.294578],[4.748685,46.294565],[4.748655,46.294554],[4.748631,46.29454],[4.7486,46.294523],[4.748585,46.294511],[4.748558,46.294491],[4.748531,46.294462],[4.748508,46.294445],[4.748507,46.294444],[4.748492,46.294433],[4.748479,46.294427],[4.748472,46.294424],[4.748461,46.294423],[4.74845,46.294422],[4.748445,46.294424],[4.748444,46.294424],[4.748439,46.294425],[4.74862,46.294656],[4.74871,46.29477],[4.748721,46.294788],[4.748736,46.294813],[4.748749,46.294835],[4.748846,46.295102],[4.748858,46.295133],[4.748891,46.295226],[4.748905,46.295264],[4.748938,46.295357],[4.749058,46.295696],[4.749198,46.296092],[4.74924,46.296212],[4.749265,46.296281],[4.749297,46.296372],[4.749316,46.296434],[4.74934,46.29651],[4.749345,46.296574],[4.749342,46.296591],[4.749338,46.29661],[4.749333,46.296637],[4.749325,46.296679],[4.749307,46.296724],[4.749304,46.296733],[4.749287,46.296765],[4.749268,46.296803],[4.749251,46.296825],[4.749237,46.296842],[4.749118,46.296961],[4.74905,46.29703],[4.749242,46.297003],[4.749312,46.296993]]],[[[4.749672,46.299539],[4.749692,46.299576],[4.749705,46.299602],[4.749716,46.299617],[4.74973,46.299636],[4.749761,46.299704],[4.749767,46.299723],[4.749808,46.299861],[4.749815,46.299958],[4.749816,46.299966],[4.749817,46.29999],[4.749827,46.300128],[4.749832,46.300144],[4.749835,46.300152],[4.749858,46.30016],[4.749865,46.300162],[4.750124,46.300156],[4.750363,46.300128],[4.750468,46.300115],[4.750866,46.300064],[4.750883,46.300059],[4.750922,46.300049],[4.750933,46.300047],[4.750982,46.300026],[4.751241,46.299918],[4.751242,46.299918],[4.751299,46.299892],[4.751518,46.299793],[4.751612,46.299751],[4.751644,46.299741],[4.751698,46.299726],[4.751716,46.299721],[4.75176,46.299711],[4.751818,46.299686],[4.751831,46.29968],[4.751835,46.299678],[4.751876,46.299656],[4.75195,46.299628],[4.751974,46.299621],[4.751987,46.299616],[4.752029,46.299609],[4.752091,46.299601],[4.752161,46.29959],[4.7523,46.299581],[4.752322,46.29958],[4.752353,46.299577],[4.752375,46.299574],[4.752445,46.299568],[4.752486,46.299569],[4.752517,46.299569],[4.752547,46.29957],[4.752613,46.29957],[4.752618,46.299569],[4.752687,46.299561],[4.752798,46.299541],[4.75288,46.299527],[4.752957,46.29951],[4.752982,46.299506],[4.753001,46.299503],[4.753019,46.2995],[4.753019,46.299499],[4.75308,46.299492],[4.753213,46.299474],[4.75325,46.299457],[4.753334,46.299418],[4.753555,46.299316],[4.753561,46.299313],[4.753719,46.299244],[4.753146,46.298287],[4.753535,46.298206],[4.75363,46.298187],[4.753766,46.298173],[4.753915,46.298141],[4.753944,46.298137],[4.754373,46.298045],[4.754465,46.298336],[4.754727,46.298298],[4.754866,46.298278],[4.754749,46.297967],[4.754669,46.297788],[4.754575,46.297335],[4.754571,46.297305],[4.754546,46.297188],[4.75452,46.297068],[4.75446,46.296776],[4.754439,46.296663],[4.754445,46.296604],[4.754447,46.296514],[4.754446,46.296493],[4.754448,46.296471],[4.754512,46.296464],[4.754536,46.296463],[4.754691,46.296459],[4.755043,46.296448],[4.755392,46.296438],[4.755625,46.29643],[4.755746,46.296426],[4.756175,46.29644],[4.756308,46.296444],[4.756481,46.29645],[4.756776,46.296459],[4.756903,46.296463],[4.757207,46.296472],[4.759319,46.296626],[4.759533,46.296456],[4.759665,46.29635],[4.759675,46.296341],[4.76025,46.296571],[4.760484,46.296289],[4.75952,46.295836],[4.759455,46.295814],[4.759398,46.295795],[4.759319,46.295807],[4.759171,46.29583],[4.759148,46.295833],[4.759094,46.295845],[4.758638,46.295952],[4.758469,46.295939],[4.75823,46.295853],[4.758027,46.295767],[4.757343,46.295472],[4.757195,46.295422],[4.756967,46.295345],[4.75681,46.295292],[4.756809,46.295292],[4.756734,46.295266],[4.756714,46.295259],[4.756695,46.295253],[4.756624,46.295229],[4.756459,46.29519],[4.756441,46.295186],[4.756208,46.295147],[4.756114,46.295132],[4.755969,46.295108],[4.755527,46.295034],[4.755376,46.295012],[4.755368,46.295011],[4.755367,46.295011],[4.755354,46.295008],[4.755233,46.294987],[4.755161,46.294975],[4.755066,46.294961],[4.75506,46.29496],[4.75505,46.294958],[4.754917,46.294943],[4.754804,46.294931],[4.754681,46.294924],[4.754577,46.294918],[4.75454,46.294915],[4.754481,46.29491],[4.754035,46.294927],[4.753458,46.29495],[4.753457,46.29495],[4.75314,46.294961],[4.753056,46.294963],[4.753055,46.294963],[4.75299,46.294966],[4.752856,46.294973],[4.752307,46.294967],[4.751985,46.294964],[4.751903,46.295018],[4.751863,46.295223],[4.751853,46.29527],[4.751853,46.295276],[4.751842,46.295446],[4.751827,46.295812],[4.751836,46.295846],[4.751869,46.295961],[4.751881,46.296005],[4.752018,46.296532],[4.752052,46.296663],[4.752063,46.296703],[4.752066,46.296714],[4.752068,46.296721],[4.752078,46.296758],[4.7521,46.296837],[4.752116,46.296907],[4.752115,46.296907],[4.752053,46.296906],[4.752047,46.296907],[4.751979,46.296921],[4.751978,46.296921],[4.751894,46.296916],[4.751856,46.296914],[4.751813,46.296912],[4.751804,46.296912],[4.751776,46.296913],[4.751579,46.296937],[4.751441,46.296943],[4.751374,46.296947],[4.751291,46.296947],[4.751235,46.296948],[4.751193,46.296944],[4.751179,46.296943],[4.751144,46.29694],[4.751132,46.296938],[4.751085,46.29693],[4.750962,46.296928],[4.750905,46.296927],[4.750898,46.296927],[4.750888,46.296928],[4.750841,46.296929],[4.750814,46.296922],[4.750793,46.296917],[4.75076,46.296912],[4.750758,46.296912],[4.750726,46.296908],[4.750695,46.296907],[4.750656,46.296906],[4.750655,46.296906],[4.750546,46.296903],[4.750502,46.296902],[4.750497,46.296902],[4.750492,46.296901],[4.750443,46.296896],[4.750426,46.296895],[4.750384,46.296893],[4.750332,46.296891],[4.750283,46.296896],[4.750263,46.296898],[4.750244,46.296899],[4.750242,46.2969],[4.750221,46.296904],[4.750203,46.296907],[4.750024,46.296941],[4.749996,46.296946],[4.749892,46.29696],[4.749883,46.296961],[4.749736,46.296979],[4.74966,46.296991],[4.749401,46.29704],[4.749349,46.29705],[4.749336,46.297052],[4.749262,46.297061],[4.74926,46.297062],[4.748981,46.297089],[4.748939,46.297132],[4.748925,46.297147],[4.748834,46.297261],[4.748834,46.297262],[4.748811,46.29731],[4.748784,46.297394],[4.748782,46.297418],[4.748781,46.297435],[4.748792,46.297506],[4.748794,46.297517],[4.748798,46.297531],[4.74888,46.297809],[4.748972,46.298051],[4.749026,46.298196],[4.749072,46.298319],[4.749091,46.298367],[4.749151,46.298533],[4.749216,46.29871],[4.749226,46.298735],[4.749229,46.298742],[4.74923,46.298742],[4.749324,46.298985],[4.749371,46.299107],[4.749383,46.299135],[4.749403,46.29918],[4.749419,46.299205],[4.74946,46.299267],[4.749504,46.299316],[4.749522,46.299337],[4.749551,46.299372],[4.749618,46.299452],[4.749672,46.299539]]],[[[4.757923,46.298558],[4.757941,46.298554],[4.757977,46.298546],[4.758017,46.298536],[4.758052,46.29852],[4.758519,46.298349],[4.758582,46.298336],[4.758993,46.298219],[4.759146,46.298187],[4.759303,46.298153],[4.759613,46.298086],[4.759951,46.298027],[4.76026,46.297973],[4.760313,46.297964],[4.760838,46.297903],[4.760903,46.297895],[4.760943,46.297892],[4.761574,46.297845],[4.762125,46.297856],[4.762577,46.297865],[4.762682,46.297866],[4.762761,46.297867],[4.762761,46.297868],[4.762755,46.297883],[4.763782,46.297906],[4.764178,46.297914],[4.764367,46.297911],[4.76437,46.297907],[4.764586,46.297648],[4.764591,46.297642],[4.764787,46.297421],[4.764792,46.297415],[4.764726,46.297353],[4.764676,46.297306],[4.764598,46.297265],[4.764541,46.297235],[4.764487,46.297207],[4.764322,46.297184],[4.76413,46.297158],[4.764149,46.297138],[4.764012,46.29713],[4.763734,46.297114],[4.763479,46.297092],[4.763474,46.297092],[4.763459,46.29709],[4.763238,46.297058],[4.762855,46.296972],[4.762853,46.296978],[4.762848,46.296992],[4.762722,46.296963],[4.762657,46.296948],[4.762537,46.296939],[4.762482,46.296925],[4.762481,46.296925],[4.762434,46.296929],[4.762327,46.296936],[4.762279,46.296933],[4.762254,46.296932],[4.762192,46.296929],[4.762069,46.296918],[4.761863,46.296901],[4.76153,46.296899],[4.761449,46.296898],[4.761181,46.296885],[4.761026,46.296877],[4.761025,46.296877],[4.761022,46.296887],[4.76102,46.296894],[4.76102,46.296895],[4.760966,46.296874],[4.76023,46.296588],[4.75968,46.29637],[4.759629,46.296412],[4.759339,46.296649],[4.759305,46.296643],[4.759304,46.296643],[4.757205,46.29649],[4.757065,46.296485],[4.755749,46.296445],[4.755313,46.296459],[4.754511,46.296486],[4.754502,46.296611],[4.754501,46.296669],[4.754561,46.296968],[4.75459,46.297104],[4.754657,46.297408],[4.754737,46.297771],[4.754944,46.298265],[4.755,46.298528],[4.75493,46.2987],[4.754802,46.298835],[4.754829,46.298859],[4.755211,46.298807],[4.755212,46.298807],[4.755351,46.298787],[4.755491,46.298768],[4.755729,46.298735],[4.755896,46.298727],[4.756716,46.298739],[4.756689,46.298616],[4.756666,46.298484],[4.756979,46.298473],[4.75732,46.298441],[4.757348,46.298549],[4.757442,46.298543],[4.757443,46.298543],[4.757443,46.298542],[4.757522,46.298537],[4.757572,46.298536],[4.757586,46.298592],[4.757594,46.298642],[4.757654,46.298626],[4.757706,46.298612],[4.757814,46.298586],[4.757891,46.298566],[4.757922,46.298558],[4.757923,46.298558]]],[[[4.757712,46.298989],[4.757989,46.299021],[4.758224,46.299048],[4.75862,46.299112],[4.758635,46.299113],[4.758683,46.299116],[4.758753,46.29912],[4.758967,46.299114],[4.759094,46.299101],[4.759188,46.299092],[4.759259,46.299084],[4.75926,46.299084],[4.759447,46.299069],[4.759578,46.299058],[4.759675,46.299459],[4.759757,46.299434],[4.759988,46.299364],[4.760021,46.299357],[4.760065,46.299347],[4.760114,46.299343],[4.76019,46.299337],[4.76024,46.299349],[4.760269,46.299357],[4.760363,46.29938],[4.760373,46.299383],[4.76053,46.299421],[4.760531,46.299421],[4.76071,46.299469],[4.760898,46.299476],[4.76099,46.299471],[4.761016,46.29947],[4.761083,46.299467],[4.761103,46.299467],[4.761309,46.299451],[4.761529,46.299429],[4.761867,46.299396],[4.762104,46.299371],[4.762798,46.29928],[4.762914,46.299277],[4.762932,46.299277],[4.763457,46.299264],[4.763431,46.298999],[4.763408,46.298765],[4.763358,46.298256],[4.763357,46.298255],[4.763194,46.298166],[4.762903,46.298102],[4.762849,46.298085],[4.762805,46.298072],[4.762723,46.298055],[4.762692,46.298052],[4.762572,46.298038],[4.762427,46.298021],[4.762372,46.298013],[4.761983,46.297962],[4.761951,46.297958],[4.761918,46.297954],[4.761913,46.297953],[4.761911,46.297953],[4.761731,46.297946],[4.761658,46.297944],[4.761581,46.297942],[4.761248,46.297958],[4.7611,46.297966],[4.760924,46.297981],[4.760833,46.29799],[4.760802,46.297995],[4.760747,46.298003],[4.760746,46.298003],[4.760558,46.298024],[4.760458,46.298035],[4.760318,46.29805],[4.760267,46.298058],[4.760238,46.298063],[4.760168,46.298075],[4.760163,46.298076],[4.759754,46.298146],[4.759715,46.298154],[4.759644,46.298168],[4.759342,46.298226],[4.759033,46.298299],[4.758579,46.298429],[4.758528,46.298445],[4.758511,46.29845],[4.758505,46.298452],[4.758412,46.298484],[4.758324,46.298515],[4.758092,46.298596],[4.757644,46.298718],[4.757643,46.298718],[4.757712,46.298989]]],[[[4.748155,46.299977],[4.748166,46.29998],[4.748197,46.299987],[4.748218,46.29999],[4.748226,46.299991],[4.748297,46.299997],[4.748459,46.30001],[4.748579,46.300022],[4.748713,46.300031],[4.748772,46.300035],[4.7488,46.299696],[4.748515,46.299732],[4.748323,46.299756],[4.748245,46.299766],[4.747924,46.299808],[4.748147,46.299975],[4.748155,46.299977]]],[[[4.749762,46.299888],[4.749746,46.299842],[4.749177,46.299794],[4.749169,46.300066],[4.749167,46.300078],[4.749463,46.300118],[4.749618,46.300139],[4.749684,46.300147],[4.749705,46.300149],[4.749709,46.300149],[4.749742,46.300144],[4.749761,46.300134],[4.749762,46.30013],[4.74977,46.300108],[4.749762,46.299888]]],[[[4.750108,46.300995],[4.750221,46.300986],[4.750347,46.301488],[4.750602,46.301355],[4.750877,46.301169],[4.750855,46.301101],[4.751006,46.301019],[4.751194,46.300913],[4.751334,46.300843],[4.751374,46.300828],[4.751559,46.300796],[4.751583,46.300789],[4.75166,46.300752],[4.751742,46.300711],[4.751875,46.300649],[4.751959,46.300718],[4.752011,46.30076],[4.752014,46.300758],[4.752022,46.300754],[4.752113,46.300702],[4.752338,46.300485],[4.751822,46.300067],[4.751561,46.299852],[4.751524,46.299864],[4.751418,46.2999],[4.751251,46.299976],[4.751117,46.300037],[4.751068,46.300058],[4.751041,46.300067],[4.751016,46.300076],[4.750964,46.300094],[4.750878,46.300112],[4.750837,46.300121],[4.750813,46.300125],[4.750675,46.300153],[4.750625,46.300163],[4.750552,46.300172],[4.750529,46.300175],[4.750528,46.300175],[4.750476,46.300182],[4.750374,46.300194],[4.750355,46.300194],[4.750345,46.300194],[4.750329,46.300194],[4.750201,46.300196],[4.750112,46.300203],[4.750025,46.300211],[4.750024,46.300211],[4.749968,46.300215],[4.749866,46.300219],[4.749812,46.300221],[4.749766,46.300382],[4.749757,46.300452],[4.749751,46.300494],[4.749753,46.300551],[4.749751,46.300585],[4.749753,46.300607],[4.749758,46.30065],[4.749793,46.300862],[4.749815,46.300961],[4.749829,46.301018],[4.750088,46.300997],[4.750108,46.300995]]],[[[4.758402,46.303803],[4.758418,46.303802],[4.758463,46.303799],[4.758482,46.303798],[4.758518,46.303796],[4.7585,46.303826],[4.758493,46.303838],[4.758103,46.303902],[4.757697,46.303968],[4.757562,46.303981],[4.757297,46.304007],[4.756918,46.304043],[4.756705,46.304425],[4.75669,46.304451],[4.756465,46.304381],[4.756372,46.304352],[4.75613,46.304275],[4.756023,46.304241],[4.756006,46.304236],[4.755978,46.304227],[4.755899,46.304202],[4.755803,46.304233],[4.755707,46.304265],[4.755651,46.304282],[4.755649,46.304284],[4.755534,46.304343],[4.755525,46.304348],[4.755499,46.304361],[4.755416,46.304445],[4.755337,46.304524],[4.755018,46.304791],[4.755023,46.304803],[4.75503,46.304819],[4.755036,46.304834],[4.755161,46.304866],[4.755179,46.304871],[4.755272,46.304895],[4.755338,46.304912],[4.755442,46.304939],[4.755488,46.304951],[4.755592,46.304984],[4.755721,46.305024],[4.755875,46.305072],[4.755891,46.305077],[4.756219,46.305161],[4.756287,46.305179],[4.756288,46.305179],[4.757187,46.305392],[4.757576,46.305511],[4.757577,46.305511],[4.757879,46.305611],[4.757976,46.305644],[4.758575,46.305776],[4.758585,46.305777],[4.758603,46.305777],[4.758701,46.30577],[4.758807,46.305762],[4.758838,46.30576],[4.759177,46.305612],[4.759179,46.305611],[4.759195,46.3056],[4.758815,46.305505],[4.758982,46.305319],[4.759038,46.305258],[4.759053,46.305241],[4.759192,46.305281],[4.759464,46.305359],[4.759487,46.305369],[4.759496,46.305373],[4.759497,46.305373],[4.759697,46.305203],[4.759798,46.305117],[4.759838,46.305088],[4.759864,46.305068],[4.760045,46.304928],[4.760096,46.304889],[4.760097,46.304888],[4.760148,46.304851],[4.760256,46.304771],[4.760384,46.30468],[4.760452,46.30463],[4.760724,46.304433],[4.760853,46.304324],[4.760954,46.304238],[4.761145,46.304082],[4.761157,46.304072],[4.761192,46.304044],[4.761193,46.304044],[4.761207,46.304032],[4.761213,46.304027],[4.761263,46.303985],[4.761336,46.303923],[4.761401,46.303869],[4.761727,46.303622],[4.761762,46.303595],[4.761785,46.303578],[4.761796,46.303499],[4.761802,46.303473],[4.761802,46.303472],[4.761819,46.303466],[4.761871,46.303446],[4.761989,46.303399],[4.762029,46.303383],[4.762074,46.303345],[4.762179,46.303256],[4.762205,46.303235],[4.762481,46.303003],[4.76267,46.302846],[4.762676,46.302831],[4.762705,46.302761],[4.762738,46.302721],[4.762866,46.30268],[4.763357,46.302242],[4.76354,46.302079],[4.76352,46.302064],[4.763427,46.301993],[4.763202,46.301917],[4.762706,46.30175],[4.762053,46.301529],[4.762005,46.301518],[4.761806,46.301472],[4.761266,46.301373],[4.76102,46.30133],[4.760939,46.301315],[4.760432,46.301224],[4.760178,46.301178],[4.760028,46.301151],[4.760027,46.301151],[4.760015,46.301149],[4.759953,46.301139],[4.759897,46.301129],[4.759848,46.301121],[4.759828,46.301117],[4.759823,46.301116],[4.759705,46.301099],[4.759521,46.301071],[4.75952,46.301071],[4.759447,46.301062],[4.759395,46.301056],[4.759042,46.301045],[4.758827,46.301039],[4.758762,46.30104],[4.758565,46.301044],[4.758321,46.301076],[4.757937,46.301125],[4.757093,46.30123],[4.756905,46.301253],[4.75686,46.30126],[4.756809,46.301268],[4.75678,46.301272],[4.756638,46.301289],[4.756567,46.301301],[4.756553,46.301303],[4.756413,46.301332],[4.756318,46.301352],[4.756241,46.301368],[4.756256,46.301976],[4.756255,46.301976],[4.755957,46.30198],[4.755944,46.301537],[4.755915,46.301565],[4.755806,46.301742],[4.755708,46.301903],[4.755686,46.301951],[4.755653,46.302027],[4.755641,46.302275],[4.755627,46.302587],[4.755838,46.302574],[4.755973,46.302566],[4.755974,46.302566],[4.755979,46.302748],[4.755989,46.303133],[4.755991,46.3032],[4.755958,46.303206],[4.755637,46.303269],[4.755638,46.303288],[4.755639,46.303297],[4.755639,46.303298],[4.755639,46.303322],[4.755637,46.303923],[4.755626,46.304076],[4.755583,46.304205],[4.755599,46.304215],[4.755607,46.30422],[4.755619,46.304227],[4.755871,46.304146],[4.756457,46.304035],[4.756458,46.304035],[4.756932,46.303989],[4.756933,46.303989],[4.757685,46.303915],[4.757705,46.303912],[4.757837,46.303891],[4.757838,46.303891],[4.757977,46.303869],[4.758106,46.303848],[4.758194,46.303833],[4.758223,46.303829],[4.758364,46.303805],[4.758402,46.303803]]],[[[4.752072,46.304478],[4.752074,46.3045],[4.752079,46.30454],[4.752434,46.304471],[4.752477,46.304637],[4.752723,46.304599],[4.752765,46.304702],[4.752812,46.304814],[4.752975,46.30479],[4.753012,46.304889],[4.75252,46.304948],[4.752531,46.305014],[4.752559,46.305013],[4.75256,46.305026],[4.752612,46.305021],[4.752688,46.305194],[4.752753,46.305335],[4.752765,46.305359],[4.753173,46.305199],[4.753178,46.305197],[4.753179,46.305197],[4.753265,46.305172],[4.753345,46.30516],[4.75341,46.305151],[4.753692,46.305113],[4.753745,46.305106],[4.753801,46.305099],[4.754131,46.305052],[4.754255,46.305017],[4.754265,46.305014],[4.754277,46.305011],[4.754292,46.305007],[4.754242,46.304888],[4.754166,46.304714],[4.754137,46.304648],[4.754114,46.304594],[4.75525,46.304488],[4.755251,46.304487],[4.755274,46.304466],[4.755377,46.304368],[4.755383,46.304361],[4.755437,46.304297],[4.755447,46.304282],[4.755491,46.30415],[4.755494,46.304144],[4.755515,46.304071],[4.755535,46.304004],[4.755542,46.30395],[4.755547,46.303915],[4.755544,46.30366],[4.755541,46.303283],[4.755506,46.303288],[4.755132,46.303336],[4.755036,46.30274],[4.754971,46.302744],[4.75493,46.302746],[4.754759,46.302751],[4.754685,46.302756],[4.754675,46.302757],[4.754613,46.302762],[4.754343,46.302775],[4.754317,46.302776],[4.754086,46.302794],[4.753994,46.302799],[4.753961,46.3028],[4.753874,46.302811],[4.753873,46.302811],[4.753766,46.302818],[4.753729,46.302821],[4.753647,46.302831],[4.753646,46.302831],[4.753437,46.302855],[4.753414,46.302857],[4.753376,46.30286],[4.753226,46.302889],[4.753217,46.302891],[4.753216,46.302891],[4.753174,46.302899],[4.753057,46.30292],[4.753017,46.302931],[4.752986,46.30294],[4.752938,46.302954],[4.752598,46.303049],[4.752474,46.303081],[4.752418,46.303106],[4.752375,46.303133],[4.752356,46.303146],[4.752337,46.303163],[4.752325,46.303174],[4.752292,46.303221],[4.752342,46.303405],[4.752492,46.30374],[4.752416,46.303772],[4.752211,46.303818],[4.751815,46.303907],[4.751839,46.303953],[4.751869,46.304009],[4.7519,46.304085],[4.751923,46.30413],[4.751948,46.304181],[4.75195,46.304184],[4.751996,46.304286],[4.752043,46.304399],[4.752072,46.304478]]],[[[4.749382,46.304562],[4.749548,46.304645],[4.749551,46.304646],[4.749676,46.30469],[4.74969,46.3047],[4.749699,46.304706],[4.749747,46.304736],[4.749827,46.304786],[4.749852,46.304802],[4.749956,46.304858],[4.750004,46.304899],[4.750132,46.304989],[4.750132,46.30499],[4.750133,46.30499],[4.750169,46.305029],[4.75017,46.30503],[4.750194,46.305067],[4.750208,46.305103],[4.750216,46.305122],[4.75022,46.305132],[4.75022,46.305133],[4.750238,46.305205],[4.750247,46.305241],[4.750261,46.305323],[4.750261,46.305339],[4.75026,46.305376],[4.750259,46.305477],[4.750253,46.305548],[4.75025,46.305594],[4.75024,46.305704],[4.750237,46.305817],[4.750244,46.305869],[4.75027,46.306092],[4.75028,46.30612],[4.750285,46.306126],[4.750324,46.306174],[4.750395,46.306212],[4.750417,46.306223],[4.75043,46.306229],[4.750528,46.306275],[4.750631,46.306316],[4.750701,46.306344],[4.750729,46.30635],[4.750757,46.306356],[4.750853,46.306361],[4.750865,46.306361],[4.750882,46.306361],[4.750927,46.306359],[4.750963,46.306354],[4.750971,46.306353],[4.751043,46.306336],[4.75112,46.306308],[4.751152,46.306297],[4.751185,46.306282],[4.751252,46.306252],[4.751347,46.306213],[4.751452,46.30618],[4.75153,46.306162],[4.751576,46.306152],[4.751664,46.306134],[4.75172,46.306126],[4.751736,46.306124],[4.751741,46.306123],[4.751975,46.306096],[4.752132,46.306076],[4.752222,46.306058],[4.752266,46.306046],[4.752311,46.306025],[4.752351,46.305992],[4.752373,46.305963],[4.752381,46.305953],[4.752395,46.305934],[4.752398,46.305929],[4.7524,46.305926],[4.752423,46.305882],[4.752442,46.305809],[4.752448,46.305762],[4.752451,46.305738],[4.752456,46.305677],[4.752458,46.305645],[4.752461,46.305567],[4.752462,46.305538],[4.752458,46.305535],[4.752453,46.305533],[4.752274,46.305445],[4.752245,46.305431],[4.752241,46.305429],[4.752072,46.30531],[4.752065,46.305307],[4.752013,46.305276],[4.75185,46.305272],[4.751678,46.305266],[4.751521,46.305271],[4.751144,46.30528],[4.750932,46.305287],[4.750893,46.30496],[4.75105,46.304961],[4.75122,46.304964],[4.751341,46.304966],[4.751343,46.304991],[4.75142,46.304989],[4.751422,46.304978],[4.7514,46.304977],[4.751401,46.304963],[4.751419,46.304964],[4.751418,46.30495],[4.751416,46.30493],[4.751523,46.304932],[4.751555,46.304878],[4.751579,46.304877],[4.751558,46.304751],[4.751559,46.304747],[4.751567,46.304746],[4.751662,46.304745],[4.751692,46.304742],[4.751675,46.304661],[4.751691,46.304659],[4.751625,46.304503],[4.751736,46.304479],[4.751704,46.304401],[4.751963,46.304352],[4.75171,46.303858],[4.751709,46.303858],[4.751705,46.303843],[4.751621,46.303581],[4.751427,46.303613],[4.751259,46.303639],[4.751312,46.303792],[4.751361,46.303934],[4.751265,46.303959],[4.751185,46.303984],[4.751092,46.304016],[4.750907,46.304075],[4.750903,46.304076],[4.75075,46.303664],[4.750732,46.303608],[4.750714,46.303611],[4.750683,46.303621],[4.750577,46.303637],[4.750491,46.303652],[4.750442,46.303661],[4.75048,46.303852],[4.750294,46.303882],[4.750316,46.303985],[4.750315,46.303985],[4.750061,46.304007],[4.749979,46.303609],[4.749977,46.303601],[4.749916,46.303603],[4.749879,46.303605],[4.749819,46.303618],[4.74975,46.303626],[4.749742,46.303655],[4.749875,46.304235],[4.749911,46.3044],[4.749914,46.304406],[4.749837,46.304436],[4.74964,46.304484],[4.749382,46.304562]]],[[[4.753016,46.305645],[4.752564,46.305558],[4.75255,46.305654],[4.752546,46.305677],[4.752516,46.305815],[4.7525,46.30589],[4.7525,46.305891],[4.752477,46.305937],[4.75245,46.30599],[4.752368,46.306071],[4.752367,46.306071],[4.752246,46.306121],[4.751674,46.306201],[4.751445,46.306248],[4.751199,46.306338],[4.751152,46.306369],[4.751105,46.306401],[4.751102,46.306402],[4.751102,46.306403],[4.751091,46.306417],[4.751052,46.306468],[4.750991,46.306547],[4.750978,46.30659],[4.750998,46.306702],[4.751002,46.306727],[4.751007,46.30676],[4.751032,46.306926],[4.751037,46.306991],[4.751036,46.30706],[4.751034,46.307227],[4.751374,46.307317],[4.751489,46.307347],[4.752431,46.307596],[4.752491,46.307464],[4.752534,46.307368],[4.752649,46.307112],[4.752667,46.307064],[4.752692,46.306993],[4.752709,46.306944],[4.752709,46.306943],[4.752715,46.306929],[4.75273,46.306891],[4.75277,46.306787],[4.752802,46.306706],[4.752807,46.306691],[4.752841,46.306649],[4.752898,46.306575],[4.753042,46.306428],[4.753164,46.306263],[4.753299,46.306072],[4.753368,46.305983],[4.753459,46.305865],[4.753459,46.305864],[4.753574,46.305753],[4.753016,46.305645]]],[[[4.751589,46.308698],[4.751588,46.308699],[4.75157,46.3087],[4.751554,46.308721],[4.751544,46.308734],[4.751622,46.308757],[4.751621,46.308762],[4.751619,46.308771],[4.751621,46.308771],[4.75165,46.308779],[4.751651,46.308779],[4.751645,46.308791],[4.751641,46.308801],[4.751883,46.30886],[4.751941,46.30887],[4.751913,46.309007],[4.751908,46.30902],[4.751843,46.309157],[4.751789,46.30927],[4.752185,46.309266],[4.752259,46.309263],[4.752354,46.309253],[4.752481,46.30923],[4.752564,46.309211],[4.752855,46.309141],[4.752856,46.309137],[4.752933,46.308986],[4.752956,46.30899],[4.752975,46.308996],[4.752977,46.308997],[4.752978,46.308997],[4.752989,46.308965],[4.753005,46.308931],[4.753006,46.308929],[4.753009,46.308924],[4.753035,46.308881],[4.753044,46.308868],[4.753044,46.308867],[4.753078,46.308854],[4.753216,46.308707],[4.753449,46.308457],[4.753677,46.308213],[4.753703,46.308182],[4.753857,46.308053],[4.753929,46.308017],[4.753536,46.30793],[4.753546,46.307913],[4.753547,46.307908],[4.753552,46.307896],[4.753553,46.307896],[4.753565,46.307898],[4.753588,46.307902],[4.753976,46.30799],[4.753986,46.307983],[4.753994,46.307977],[4.754076,46.30796],[4.754182,46.307938],[4.754399,46.307913],[4.754407,46.307871],[4.754409,46.30786],[4.754418,46.307809],[4.754426,46.307784],[4.754454,46.307686],[4.754456,46.307681],[4.754485,46.307609],[4.754531,46.307497],[4.75456,46.307455],[4.754609,46.307383],[4.75461,46.307383],[4.754617,46.307372],[4.754624,46.307364],[4.75469,46.307288],[4.754762,46.307207],[4.754882,46.30711],[4.754916,46.307088],[4.754929,46.307079],[4.755121,46.306959],[4.755484,46.306753],[4.755901,46.306642],[4.756168,46.306574],[4.756333,46.306531],[4.756467,46.3065],[4.756557,46.306478],[4.756693,46.306444],[4.756779,46.306422],[4.757297,46.306297],[4.757677,46.306204],[4.757757,46.306182],[4.757901,46.306142],[4.758023,46.30611],[4.758041,46.306105],[4.758104,46.306088],[4.758431,46.305976],[4.758493,46.305954],[4.758483,46.305885],[4.758471,46.305811],[4.758471,46.30581],[4.758273,46.305762],[4.758128,46.305729],[4.757951,46.30569],[4.757651,46.305604],[4.75765,46.305604],[4.757613,46.305594],[4.75749,46.305562],[4.757266,46.305501],[4.757141,46.305468],[4.756721,46.305353],[4.756371,46.305259],[4.756211,46.305216],[4.755785,46.305096],[4.755507,46.305018],[4.755504,46.305023],[4.755393,46.305182],[4.755353,46.305248],[4.755296,46.305309],[4.755256,46.305351],[4.755211,46.305399],[4.755202,46.305409],[4.755161,46.305437],[4.75471,46.305324],[4.754591,46.305294],[4.754131,46.305181],[4.754079,46.305167],[4.754078,46.305167],[4.75407,46.305179],[4.754067,46.305182],[4.754063,46.305188],[4.754057,46.305198],[4.75405,46.305265],[4.754017,46.305359],[4.753992,46.305431],[4.753915,46.305546],[4.753887,46.305589],[4.753812,46.305639],[4.7538,46.305647],[4.753626,46.305782],[4.753602,46.305804],[4.753558,46.305845],[4.753518,46.305883],[4.753099,46.30645],[4.752958,46.306592],[4.752876,46.306705],[4.752873,46.306709],[4.752841,46.306792],[4.752712,46.307128],[4.752624,46.30732],[4.752617,46.307338],[4.752483,46.307661],[4.752367,46.307878],[4.752342,46.307917],[4.752216,46.308129],[4.7522,46.30813],[4.75219,46.30813],[4.752088,46.308116],[4.751882,46.308087],[4.751826,46.308079],[4.751827,46.308083],[4.751841,46.30813],[4.751842,46.308176],[4.751834,46.3082],[4.751823,46.308233],[4.751768,46.308373],[4.751763,46.308387],[4.751742,46.308421],[4.751623,46.308613],[4.751628,46.308622],[4.751632,46.308631],[4.751592,46.308694],[4.751589,46.308698]]],[[[4.746224,46.307342],[4.74618,46.307344],[4.746068,46.306966],[4.745644,46.30702],[4.745642,46.307029],[4.745637,46.307065],[4.745637,46.307066],[4.745602,46.307434],[4.745572,46.307749],[4.745567,46.307802],[4.74557,46.307805],[4.745606,46.307856],[4.745609,46.307883],[4.745604,46.308016],[4.745602,46.30811],[4.745627,46.308209],[4.745682,46.308322],[4.745721,46.308364],[4.745733,46.308372],[4.745749,46.308381],[4.745751,46.308382],[4.745834,46.308416],[4.745971,46.308472],[4.745972,46.308472],[4.746019,46.30849],[4.746061,46.308505],[4.746157,46.308504],[4.746194,46.308503],[4.746226,46.308508],[4.746296,46.308519],[4.746401,46.308519],[4.746448,46.308519],[4.74652,46.308517],[4.746521,46.308517],[4.74654,46.308516],[4.74656,46.308516],[4.746599,46.308506],[4.746624,46.3085],[4.746629,46.308499],[4.746642,46.308496],[4.746652,46.308493],[4.746709,46.308479],[4.746744,46.308467],[4.746779,46.308455],[4.74678,46.308455],[4.74678,46.308471],[4.746779,46.30847],[4.746779,46.308477],[4.746792,46.308473],[4.746969,46.308426],[4.747026,46.308425],[4.747171,46.308424],[4.747369,46.308441],[4.747429,46.308446],[4.747424,46.308439],[4.747421,46.308434],[4.747414,46.308425],[4.747415,46.308425],[4.747491,46.308435],[4.747524,46.30845],[4.747525,46.308451],[4.747545,46.308466],[4.747544,46.308472],[4.747539,46.308507],[4.747532,46.308552],[4.747532,46.308553],[4.747773,46.308586],[4.7481,46.308635],[4.748205,46.308648],[4.748324,46.30866],[4.748376,46.308653],[4.748454,46.308669],[4.748517,46.308678],[4.748895,46.308719],[4.74906,46.308737],[4.749156,46.30833],[4.749318,46.308347],[4.749517,46.308369],[4.749491,46.30848],[4.749557,46.308483],[4.749532,46.308576],[4.749873,46.308627],[4.749833,46.308772],[4.749818,46.308817],[4.749764,46.309028],[4.749949,46.309042],[4.750168,46.30906],[4.750169,46.30906],[4.750317,46.30847],[4.75033,46.308425],[4.750352,46.308343],[4.75043,46.308058],[4.750599,46.307438],[4.751019,46.307461],[4.751005,46.307403],[4.750993,46.307356],[4.750984,46.307319],[4.750968,46.307196],[4.750975,46.307083],[4.75098,46.306997],[4.75098,46.306978],[4.75098,46.306879],[4.75097,46.306791],[4.750969,46.306782],[4.750959,46.306707],[4.750943,46.30664],[4.750933,46.306613],[4.750922,46.306587],[4.750894,46.306549],[4.75089,46.306545],[4.750876,46.306527],[4.750869,46.30652],[4.750844,46.306494],[4.750817,46.306466],[4.750804,46.306459],[4.750751,46.306427],[4.750728,46.30642],[4.750706,46.306414],[4.750693,46.30641],[4.750619,46.306389],[4.750541,46.30636],[4.750249,46.306241],[4.750187,46.306216],[4.750119,46.306189],[4.749954,46.306124],[4.749898,46.30611],[4.749836,46.306094],[4.749832,46.306093],[4.74963,46.306042],[4.749584,46.306031],[4.749566,46.306028],[4.749565,46.306027],[4.749398,46.305988],[4.749272,46.305959],[4.749197,46.305943],[4.749076,46.305918],[4.748917,46.305886],[4.748865,46.305881],[4.748806,46.305876],[4.748681,46.305877],[4.748641,46.305881],[4.74862,46.305884],[4.748566,46.305893],[4.748452,46.305912],[4.748314,46.305933],[4.74829,46.305937],[4.748192,46.305952],[4.748157,46.305957],[4.747864,46.306004],[4.747731,46.306025],[4.747518,46.306054],[4.747652,46.306496],[4.747692,46.306632],[4.747688,46.306632],[4.747449,46.306658],[4.747446,46.306658],[4.747418,46.306534],[4.746996,46.306604],[4.746928,46.306615],[4.746931,46.306624],[4.746518,46.306671],[4.746521,46.306678],[4.746546,46.306761],[4.746592,46.306898],[4.746731,46.307332],[4.74661,46.307334],[4.746508,46.307336],[4.746224,46.307342]]],[[[4.751843,46.307504],[4.75169,46.307883],[4.751704,46.307899],[4.751712,46.307909],[4.751734,46.307902],[4.751904,46.307869],[4.751978,46.307855],[4.752024,46.307846],[4.752047,46.307847],[4.752317,46.307869],[4.752333,46.30783],[4.752357,46.307772],[4.752367,46.307747],[4.752374,46.307729],[4.752405,46.307655],[4.752405,46.307654],[4.751843,46.307504]]],[[[4.756061,46.308143],[4.756211,46.308042],[4.756347,46.307957],[4.756457,46.307888],[4.756493,46.307866],[4.756517,46.307848],[4.756597,46.307787],[4.756791,46.307644],[4.756943,46.307532],[4.757185,46.307352],[4.757541,46.307097],[4.757959,46.306682],[4.758004,46.306644],[4.758056,46.306601],[4.757492,46.306485],[4.75657,46.3067],[4.756406,46.306738],[4.756296,46.306765],[4.755992,46.306842],[4.755843,46.306898],[4.755788,46.306918],[4.755465,46.307038],[4.755224,46.307172],[4.75522,46.307175],[4.755219,46.307175],[4.755153,46.307215],[4.755023,46.307324],[4.754995,46.307347],[4.75496,46.307389],[4.754918,46.307439],[4.754873,46.307497],[4.754836,46.307556],[4.754796,46.30762],[4.754766,46.307668],[4.754753,46.307707],[4.754741,46.307745],[4.754741,46.307746],[4.754706,46.307868],[4.7547,46.307896],[4.754729,46.308114],[4.754747,46.308176],[4.754784,46.308304],[4.754857,46.308437],[4.75487,46.30846],[4.754909,46.30853],[4.755082,46.308782],[4.755104,46.308814],[4.755417,46.30859],[4.755891,46.308251],[4.755952,46.308212],[4.756031,46.308162],[4.756061,46.308143]]],[[[4.75436,46.308173],[4.754321,46.308134],[4.754155,46.308183],[4.754059,46.308241],[4.754005,46.308274],[4.753892,46.308386],[4.753673,46.308603],[4.75329,46.308968],[4.753209,46.309045],[4.75433,46.30927],[4.754478,46.3093],[4.75457,46.309231],[4.754678,46.309151],[4.754678,46.30915],[4.754672,46.30914],[4.754618,46.309039],[4.754486,46.308637],[4.754474,46.308577],[4.754411,46.308256],[4.754403,46.308218],[4.75436,46.308173]]]]}},{"type":"Feature","id":"commune-71169","properties":{"id":"commune-71169","name":"Davayé","kind":"commune","tier":"commune"},"geometry":{"type":"MultiPolygon","coordinates":[[[[4.747927,46.294418],[4.747411,46.29445],[4.746896,46.294479],[4.746691,46.294492],[4.746375,46.294524],[4.746215,46.294554],[4.745811,46.294665],[4.745241,46.29484],[4.744602,46.295078],[4.744527,46.295092],[4.744123,46.295134],[4.743684,46.295161],[4.743186,46.295187],[4.743039,46.295197],[4.743105,46.29547],[4.743155,46.295676],[4.743192,46.295953],[4.74322,46.296179],[4.743206,46.296287],[4.743146,46.296521],[4.743044,46.296881],[4.742976,46.297136],[4.742942,46.297332],[4.742937,46.297401],[4.742919,46.297576],[4.742918,46.297932],[4.742915,46.298311],[4.74291,46.298361],[4.742763,46.298347],[4.742568,46.298311],[4.742078,46.298187],[4.741467,46.29796],[4.740969,46.297733],[4.740445,46.297518],[4.740321,46.297502],[4.740182,46.297523],[4.740173,46.29755],[4.740161,46.29759],[4.74016,46.297622],[4.740103,46.297647],[4.740018,46.297707],[4.73998,46.297723],[4.7399,46.297788],[4.73985,46.297787],[4.739763,46.297829],[4.739713,46.297831],[4.739659,46.297857],[4.739649,46.297899],[4.739614,46.29796],[4.739574,46.298018],[4.739418,46.298142],[4.739406,46.298222],[4.739336,46.298363],[4.73944,46.298406],[4.739515,46.298334],[4.739596,46.298224],[4.739679,46.298117],[4.739806,46.298167],[4.739949,46.298245],[4.739966,46.298264],[4.739993,46.298351],[4.74001,46.298534],[4.739995,46.298594],[4.739739,46.298561],[4.739617,46.299151],[4.739475,46.299192],[4.739355,46.299216],[4.73941,46.299311],[4.739401,46.29939],[4.739374,46.299408],[4.739345,46.299579],[4.739384,46.29971],[4.739404,46.299864],[4.739459,46.300041],[4.739458,46.30015],[4.739467,46.30029],[4.739484,46.300316],[4.739517,46.300387],[4.739478,46.300312],[4.739344,46.300321],[4.739245,46.300341],[4.738976,46.300395],[4.73877,46.300427],[4.737957,46.300567],[4.737567,46.300605],[4.737405,46.300582],[4.737204,46.300569],[4.736992,46.300563],[4.736812,46.300569],[4.736735,46.300565],[4.736639,46.300572],[4.736545,46.300578],[4.736422,46.300612],[4.736275,46.300773],[4.736242,46.300811],[4.735646,46.300895],[4.735121,46.300945],[4.734621,46.300988],[4.734625,46.30098],[4.734589,46.300986],[4.734243,46.30129],[4.734009,46.301436],[4.733827,46.301442],[4.734017,46.301582],[4.733747,46.301764],[4.733655,46.301814],[4.733482,46.3019],[4.733389,46.301938],[4.733273,46.301832],[4.733137,46.301919],[4.733053,46.301979],[4.732977,46.302022],[4.732765,46.302128],[4.732657,46.302174],[4.732651,46.302175],[4.732696,46.30228],[4.732689,46.302292],[4.732512,46.302393],[4.732431,46.302438],[4.732278,46.302552],[4.732192,46.30261],[4.731981,46.302738],[4.731651,46.302879],[4.731523,46.30293],[4.731435,46.302938],[4.731262,46.303302],[4.731195,46.303412],[4.731079,46.303552],[4.730829,46.303774],[4.730686,46.303876],[4.730518,46.303976],[4.730292,46.304088],[4.729867,46.304316],[4.729557,46.30449],[4.729316,46.304626],[4.728948,46.304826],[4.728724,46.304967],[4.728507,46.3052],[4.728322,46.305348],[4.728017,46.305499],[4.727575,46.305712],[4.727278,46.305868],[4.726839,46.306109],[4.726722,46.30616],[4.726544,46.306205],[4.726374,46.306257],[4.726091,46.306389],[4.725877,46.306465],[4.725656,46.306528],[4.725515,46.306577],[4.725438,46.306619],[4.725472,46.306669],[4.725521,46.306707],[4.726009,46.306741],[4.726449,46.306761],[4.726867,46.306772],[4.727213,46.306763],[4.727569,46.306742],[4.728171,46.306748],[4.728437,46.306763],[4.728536,46.306784],[4.728591,46.306845],[4.728649,46.306907],[4.728609,46.306919],[4.728473,46.306958],[4.728338,46.307018],[4.728338,46.307028],[4.728296,46.307066],[4.728191,46.307111],[4.727906,46.30723],[4.727824,46.307264],[4.727732,46.307313],[4.727678,46.307355],[4.727638,46.307411],[4.727519,46.307452],[4.727492,46.30747],[4.727439,46.307505],[4.72738,46.307555],[4.727211,46.307732],[4.727047,46.307906],[4.726875,46.308083],[4.726792,46.308185],[4.726749,46.308252],[4.726681,46.308339],[4.726576,46.308421],[4.726548,46.308491],[4.726551,46.308505],[4.726595,46.308552],[4.726642,46.308618],[4.726689,46.30861],[4.72671,46.308677],[4.726712,46.308695],[4.726722,46.308828],[4.726741,46.308909],[4.726761,46.30892],[4.726758,46.308964],[4.726772,46.309047],[4.726811,46.309129],[4.726801,46.309239],[4.726784,46.309279],[4.726734,46.309461],[4.726712,46.309503],[4.726702,46.309538],[4.727024,46.309569],[4.727232,46.309593],[4.727533,46.30966],[4.727879,46.309749],[4.728146,46.309824],[4.728446,46.309931],[4.728678,46.309998],[4.728896,46.310048],[4.729211,46.310131],[4.729391,46.310178],[4.729553,46.31025],[4.729721,46.31034],[4.729859,46.3104],[4.730089,46.3105],[4.730271,46.310577],[4.730443,46.310679],[4.730545,46.310748],[4.730596,46.310812],[4.730671,46.31094],[4.730843,46.311091],[4.731003,46.311227],[4.731387,46.31147],[4.731589,46.311616],[4.731928,46.311865],[4.732185,46.312044],[4.732228,46.31207],[4.732318,46.312201],[4.732453,46.312397],[4.732527,46.312482],[4.73264,46.312558],[4.732729,46.312598],[4.732944,46.312667],[4.733092,46.312715],[4.733336,46.312781],[4.733552,46.312824],[4.733807,46.312869],[4.734006,46.312921],[4.734123,46.312934],[4.734179,46.312926],[4.734258,46.312862],[4.734391,46.312759],[4.734608,46.31258],[4.734744,46.312485],[4.734888,46.312415],[4.735173,46.312291],[4.735496,46.312138],[4.735802,46.311998],[4.735971,46.311963],[4.73618,46.311932],[4.73679,46.311813],[4.737171,46.311731],[4.737433,46.311688],[4.737734,46.311636],[4.737812,46.311628],[4.738143,46.3116],[4.738404,46.311582],[4.738535,46.311562],[4.739483,46.311343],[4.739798,46.311261],[4.740101,46.311198],[4.740459,46.311156],[4.740833,46.311114],[4.74105,46.311101],[4.741436,46.311093],[4.741754,46.311086],[4.742329,46.311074],[4.74288,46.311073],[4.743002,46.311078],[4.743505,46.311119],[4.744483,46.311224],[4.744544,46.311048],[4.744591,46.310881],[4.744624,46.31069],[4.744627,46.310598],[4.744676,46.310348],[4.744727,46.310148],[4.744724,46.310074],[4.744706,46.310029],[4.744636,46.309894],[4.744523,46.309643],[4.74448,46.309613],[4.744253,46.309537],[4.74417,46.309505],[4.743974,46.309424],[4.743945,46.3094],[4.743987,46.309012],[4.744016,46.308864],[4.744056,46.30857],[4.744087,46.308496],[4.744121,46.308466],[4.74415,46.308451],[4.744201,46.308445],[4.744296,46.308445],[4.745362,46.308461],[4.745632,46.308476],[4.746045,46.308522],[4.746438,46.308537],[4.746683,46.308507],[4.746779,46.308477],[4.746969,46.308426],[4.74717,46.308424],[4.747429,46.308446],[4.747502,46.308467],[4.747506,46.308517],[4.747427,46.30887],[4.747469,46.309005],[4.747598,46.309066],[4.747787,46.309134],[4.748286,46.309149],[4.748565,46.309096],[4.748838,46.309011],[4.748963,46.308995],[4.749321,46.309018],[4.749963,46.309092],[4.750167,46.309093],[4.750689,46.309139],[4.750896,46.309165],[4.751054,46.309203],[4.751223,46.309271],[4.751297,46.3093],[4.751513,46.309318],[4.751605,46.309314],[4.751788,46.309309],[4.752268,46.309295],[4.752575,46.309253],[4.752882,46.309174],[4.752997,46.309049],[4.753074,46.309065],[4.754421,46.309333],[4.754448,46.309323],[4.754506,46.309334],[4.754942,46.309424],[4.755439,46.309522],[4.757236,46.309886],[4.757948,46.31004],[4.757803,46.310295],[4.756632,46.312018],[4.758955,46.312641],[4.759436,46.312747],[4.759995,46.312804],[4.760014,46.312761],[4.76009,46.312588],[4.760191,46.312356],[4.760289,46.312223],[4.760492,46.312016],[4.760501,46.311935],[4.760456,46.311673],[4.760611,46.311206],[4.760865,46.310889],[4.760885,46.310403],[4.761174,46.310003],[4.761454,46.309631],[4.761531,46.309588],[4.761637,46.309582],[4.761825,46.309734],[4.761971,46.309786],[4.762076,46.309795],[4.762254,46.309615],[4.762552,46.309655],[4.762815,46.309684],[4.763036,46.309551],[4.763272,46.309338],[4.763293,46.309259],[4.763274,46.309233],[4.763183,46.309186],[4.762791,46.309191],[4.763007,46.308789],[4.763266,46.308575],[4.7633,46.308507],[4.763202,46.308303],[4.763234,46.307844],[4.763275,46.307789],[4.763598,46.30774],[4.763704,46.307692],[4.764034,46.307495],[4.763984,46.307293],[4.764048,46.307037],[4.764021,46.306925],[4.763982,46.306903],[4.76383,46.306739],[4.76387,46.306089],[4.76402,46.305719],[4.764159,46.305205],[4.764344,46.305099],[4.764611,46.305073],[4.764952,46.304894],[4.765092,46.304763],[4.764962,46.304341],[4.76515,46.30412],[4.765752,46.30383],[4.765824,46.303731],[4.766112,46.303344],[4.766209,46.30333],[4.766516,46.303325],[4.766566,46.303186],[4.766533,46.302884],[4.766531,46.302874],[4.766526,46.30285],[4.766557,46.302671],[4.766556,46.302254],[4.766536,46.302131],[4.766452,46.301947],[4.766448,46.301836],[4.766515,46.301775],[4.76664,46.301726],[4.767002,46.30168],[4.76709,46.301653],[4.767145,46.30161],[4.767162,46.301538],[4.76699,46.301245],[4.766887,46.301034],[4.767034,46.300788],[4.767019,46.300584],[4.767047,46.30045],[4.767131,46.300404],[4.767486,46.300486],[4.76789,46.300532],[4.767976,46.300475],[4.76802,46.300249],[4.768283,46.299946],[4.768438,46.299743],[4.768526,46.299498],[4.768612,46.29941],[4.768713,46.299361],[4.768866,46.299333],[4.768999,46.299413],[4.769137,46.29942],[4.769181,46.299399],[4.769191,46.299318],[4.769248,46.299153],[4.769367,46.298989],[4.769542,46.298871],[4.769835,46.298588],[4.770038,46.298458],[4.770107,46.298376],[4.770149,46.298105],[4.770152,46.298065],[4.769196,46.297881],[4.76868,46.297789],[4.768599,46.297776],[4.768541,46.297771],[4.768198,46.29775],[4.767925,46.297748],[4.767338,46.297742],[4.766976,46.297726],[4.76685,46.297697],[4.766762,46.297605],[4.766634,46.297563],[4.765983,46.297409],[4.765281,46.297223],[4.764895,46.297156],[4.764346,46.297113],[4.763506,46.297045],[4.76302,46.296967],[4.762318,46.296796],[4.761761,46.296624],[4.76151,46.296505],[4.761383,46.296393],[4.761121,46.296146],[4.760643,46.295599],[4.760541,46.295579],[4.760431,46.295538],[4.75986,46.295625],[4.759646,46.295661],[4.75936,46.295771],[4.759074,46.295809],[4.7586,46.295929],[4.758514,46.295922],[4.758438,46.295899],[4.757467,46.295479],[4.757064,46.295348],[4.756618,46.295196],[4.756337,46.29514],[4.755506,46.295001],[4.755082,46.294939],[4.75461,46.294891],[4.754482,46.294856],[4.754166,46.294831],[4.754067,46.294806],[4.753305,46.294773],[4.753275,46.294857],[4.75291,46.294818],[4.752415,46.29479],[4.752414,46.294869],[4.75241,46.294912],[4.752413,46.294947],[4.751873,46.294927],[4.751861,46.294901],[4.751861,46.294868],[4.751694,46.294824],[4.751545,46.294793],[4.751348,46.294781],[4.751052,46.294765],[4.750662,46.294747],[4.750196,46.294726],[4.749791,46.294705],[4.749482,46.294666],[4.749048,46.294623],[4.748787,46.29457],[4.748652,46.294516],[4.748592,46.294464],[4.748472,46.294406],[4.748408,46.294387],[4.747927,46.294418]]]]}}]}
