{"type":"FeatureCollection","features":[{"type":"Feature","id":"inao-denom-806","properties":{"id":"inao-denom-806","name":"Marsannay (all colours)","tier":"village","kind":"appellation","appellationId":199,"denominationId":806,"sourceName":"Marsannay / Marsannay (rosé) / Marsannay (rouge et blanc)","communes":["21166","21200","21390"],"areaHa":466.11},"geometry":{"type":"MultiPolygon","coordinates":[[[[4.974606715880018,47.25482625479241],[4.974635208552059,47.254478522126085],[4.974633350443186,47.254427943530104],[4.974623154458487,47.254355623849264],[4.974533414364048,47.25411625811629],[4.974532978142386,47.25411518489892],[4.974532541920745,47.25411411168156],[4.974349425758444,47.25413767203599],[4.973681197298841,47.254234329244916],[4.9735506827303615,47.254260414992096],[4.97376315465284,47.254416733947096],[4.973909763849698,47.254594796071],[4.974106166183213,47.25495094714475],[4.974179400728615,47.255021833373156],[4.9744024889551355,47.255196971788244],[4.974636294376554,47.25512373906749],[4.974606715880018,47.25482625479241]]],[[[4.972512826071766,47.25420729290756],[4.972229013353636,47.25428380343227],[4.972157435528055,47.25430123055559],[4.972153503042017,47.25430219797839],[4.972142558727865,47.25428509380497],[4.972093131891258,47.2542898067727],[4.972080660201013,47.25429596243596],[4.972011989573597,47.25423040053055],[4.971841257601574,47.25405436730233],[4.971692024577934,47.25392353544475],[4.971676942947157,47.25391262523618],[4.971649978093311,47.25390227730592],[4.971223563466659,47.25376544138785],[4.97101678091265,47.253699074928434],[4.970603573675897,47.253576060644264],[4.970446837999548,47.253651757868084],[4.970446058104062,47.253652131336395],[4.970425470049356,47.25366418818858],[4.9704243232996665,47.25366537837439],[4.970408143432045,47.25367862106381],[4.970341198989983,47.2537466685753],[4.970337325893954,47.25374925589443],[4.970309368333981,47.25376594063902],[4.970279368640763,47.25378103911053],[4.970247307022072,47.25379401132152],[4.9701343681186625,47.2538305109598],[4.970106338596074,47.25383440925056],[4.970068673180382,47.253835229321034],[4.970011656098155,47.25383853945595],[4.969955111419058,47.25384391277176],[4.9699153635564155,47.25385287300461],[4.969879382504938,47.25386717245108],[4.969818315134619,47.25390071928611],[4.9698137181671855,47.25390521001183],[4.969788971550084,47.253933727163876],[4.969771863306992,47.25398660915195],[4.969763129514675,47.254029803181695],[4.96975354654287,47.2540714807229],[4.969741811822859,47.2541194085194],[4.969654129320096,47.25428209408231],[4.969641388612743,47.25430257258182],[4.969631456732429,47.25432390390378],[4.969626898478659,47.254340281047014],[4.969623332065236,47.254394553935505],[4.969623351102706,47.254449216186586],[4.969624264608953,47.254474145534004],[4.969649000381897,47.254640234574715],[4.969683405111438,47.254723670209074],[4.969692511072807,47.25474476818877],[4.969832382810976,47.25478264608381],[4.969961405933821,47.25481683581673],[4.970051540441597,47.25485096570698],[4.97025160720094,47.254928884840886],[4.970272052565043,47.254934571031136],[4.970289616476027,47.25493742446263],[4.970675773411897,47.25497174656175],[4.970760284252664,47.255003990306825],[4.970863029622901,47.25504655039403],[4.971014504480589,47.25517356291646],[4.971211487415732,47.25539453808796],[4.971269752720704,47.25552259448241],[4.971381020388729,47.255765018443846],[4.971500048670506,47.2560026275543],[4.971654958549231,47.256114992166985],[4.971684690163884,47.2561358293389],[4.971876959760409,47.25627142262195],[4.971972433529704,47.25635363897489],[4.972138217208339,47.25649193360034],[4.972156257547342,47.256496939942686],[4.972175405034122,47.256499676110465],[4.9721897111629145,47.256500243275525],[4.972217824482447,47.256498594422844],[4.972264679096092,47.25648861202436],[4.972384951885522,47.25645720878656],[4.972392030636539,47.25645546741276],[4.972430613429947,47.2564471565598],[4.972470471781991,47.25644116539144],[4.972510409392588,47.25643733414916],[4.972556774631488,47.2564356448934],[4.972598850302576,47.256436009772294],[4.972640608680535,47.25643854132196],[4.972681659810139,47.256443426284214],[4.97272239035356,47.2564503879207],[4.973025012480484,47.25653286136682],[4.973197690574331,47.256577831647505],[4.9732161309122045,47.256582921074],[4.97324331556101,47.25658840201755],[4.973271610619474,47.256591702770024],[4.97333211692272,47.256586080361075],[4.973358726353911,47.25662993393958],[4.973424252455787,47.25665295318397],[4.9734575343782765,47.25666238272701],[4.973496348437635,47.25667117778591],[4.973536266295766,47.25667761264979],[4.973629218535373,47.25668026312905],[4.973884763396501,47.25661530723452],[4.97389759572846,47.25662976754846],[4.9743334886639134,47.256548502600936],[4.975078491771827,47.2565102401533],[4.975138424502163,47.25608947875979],[4.975117880801982,47.25602715127229],[4.975105163742715,47.256005034553375],[4.975089310570237,47.25598396184253],[4.97508765487029,47.25598209891533],[4.975000659413557,47.25587155381005],[4.974818956369822,47.255645731849164],[4.974714667726855,47.25548568131715],[4.974607082757413,47.25538710349887],[4.974578064191697,47.25536409362462],[4.9745443431586684,47.25534269473445],[4.974462334165037,47.25529222024033],[4.97442091002689,47.255266359741206],[4.9743271431214335,47.25519825471669],[4.974158991789368,47.25507117009855],[4.974049009504166,47.25497209227053],[4.9739861318305,47.254891483947425],[4.9739563470069355,47.25484759449174],[4.973944962487353,47.254829327275395],[4.973832988078392,47.25463275492285],[4.973779568920656,47.254561170963484],[4.973723410393962,47.25449062420074],[4.973719672886538,47.2544860950774],[4.97368381135736,47.254449603345044],[4.9736018475122314,47.25437868528498],[4.97354161479266,47.25433765536864],[4.973483708599005,47.25429514496425],[4.9734755429846365,47.25428889012349],[4.973428522176475,47.25425105732864],[4.973381802236574,47.25419619923044],[4.973353445694339,47.25418398424525],[4.973307743476316,47.25416404966408],[4.973252563700466,47.2541525613018],[4.973234857766001,47.25415304272653],[4.972946520178778,47.25414588203017],[4.972936857595512,47.25414568622646],[4.972862914257173,47.25415270780594],[4.972734389089995,47.25416453028872],[4.972710827386959,47.25416763276537],[4.972512826071766,47.25420729290756]]],[[[4.967982738646077,47.25296858430595],[4.9679409930675105,47.252966321068946],[4.967941934422967,47.25297035750691],[4.967942885663417,47.25297466393809],[4.967943892918229,47.252980500330935],[4.967934428641894,47.25298210182181],[4.967924964364996,47.25298370331192],[4.967894608592467,47.2529890814148],[4.967892635769368,47.25298938505868],[4.967730612619945,47.253018250375526],[4.967730206194377,47.25301798711188],[4.967730186426788,47.253017447125366],[4.967720306109705,47.252986005965184],[4.96759796173749,47.253000419507245],[4.967508979928229,47.25301210551509],[4.967492400940867,47.253014458072684],[4.9674079198147965,47.25302624773903],[4.967401344142703,47.25302365770449],[4.967340765045105,47.253030809232065],[4.967228532936575,47.25303964758376],[4.96722869476108,47.253040455321006],[4.967239499636335,47.25307548297706],[4.96723556056392,47.25307627023807],[4.967231618197624,47.253076967501165],[4.967017223137246,47.253116806364474],[4.966991146833567,47.25311986028781],[4.966822218296657,47.25313353234631],[4.966816673284436,47.25313380651232],[4.966639383857094,47.25312501666604],[4.966606748817267,47.25312232826078],[4.966538444695762,47.25312078513351],[4.966381057725562,47.25311733071755],[4.966154200369974,47.25313468580816],[4.965883849595438,47.253192401463316],[4.965620173124562,47.253251804403774],[4.965516031313071,47.25327212084783],[4.965615773470629,47.253702957394445],[4.965426822704991,47.253961282124706],[4.965780303302796,47.25408973989867],[4.965749806981637,47.25412384689382],[4.96582844427456,47.25415835503175],[4.966301711498882,47.25436141593021],[4.966260865492639,47.25439461792456],[4.966339057924988,47.25444948537552],[4.966388662117803,47.25448214409577],[4.966594515227798,47.25460995104083],[4.966624325433466,47.25458963365949],[4.96677472808155,47.25466596957384],[4.966911578556353,47.25471894114791],[4.967108399981572,47.2547842231184],[4.967167010436411,47.254813576850204],[4.967341642635605,47.254901388057505],[4.967206817203472,47.25501219008149],[4.967229987474473,47.25502728619884],[4.967474206961148,47.25519496481625],[4.967412114911677,47.255233120434056],[4.967293691170844,47.255304200779435],[4.967473595312184,47.25542758356969],[4.967563531220166,47.255488824869545],[4.967326525854456,47.25561585939571],[4.967456755020373,47.255769712625124],[4.967504474659478,47.25582671731869],[4.967532613336147,47.25589080826146],[4.967674954836009,47.256050309208575],[4.967916165511223,47.25631988855049],[4.968104046332061,47.25653093722906],[4.968111523981093,47.25654008582773],[4.968127012079599,47.256551259750374],[4.9683345420799006,47.25648614053963],[4.968405276606858,47.25661893950395],[4.96855789025078,47.256571231906044],[4.968530828672336,47.25666660776426],[4.968415132954418,47.25670387279318],[4.968550118950002,47.25700911413688],[4.968567881453218,47.25704987700586],[4.968618916450495,47.25708899436663],[4.968655994112861,47.257072065201726],[4.968757926588142,47.25721153856851],[4.968859099412684,47.25735192528038],[4.968903551920545,47.25735216110159],[4.9689157080485025,47.25748901617974],[4.9689335156997565,47.257585161147844],[4.968909043419974,47.25758872854755],[4.968828763960993,47.25750958375808],[4.968751401225195,47.25752089319165],[4.968787942385316,47.25773847248104],[4.9688087293529035,47.25785095661291],[4.968871414937801,47.25785061272284],[4.9688752954105295,47.25788071476534],[4.968912562119373,47.25816140918864],[4.968942682292088,47.25838783260413],[4.969162022276984,47.25837411219828],[4.969279646594915,47.25827026420197],[4.969331384798583,47.258133584846895],[4.969443210017593,47.25783901170927],[4.9694880753077495,47.25772054973734],[4.9695031674931265,47.25768841445185],[4.9695602101041,47.257577400165985],[4.969558683143016,47.25744909979073],[4.9695564372369105,47.25725786418232],[4.969532971051535,47.25711561791143],[4.9695291125223005,47.25709695230652],[4.969472004711909,47.256989587821145],[4.969448982368744,47.25688110407468],[4.969431451033696,47.25679251895411],[4.969391769931087,47.25659759652863],[4.96938924628568,47.25658287060268],[4.969377844161908,47.256509940745936],[4.969369617900933,47.25643704700221],[4.969452320218261,47.25620330411549],[4.969475852041414,47.25613077150543],[4.969539659391271,47.2559120281757],[4.969546789288866,47.255673445104335],[4.969548756430019,47.25566215498928],[4.96957750171538,47.2556019611829],[4.96960452878013,47.25553819440757],[4.969620641653883,47.25541481740535],[4.969624013621293,47.25539855047515],[4.96962418343363,47.25538152745466],[4.969621184073,47.25536464831996],[4.969583011263056,47.25520004830969],[4.969582629261645,47.25474564411243],[4.969546025900527,47.25472132099303],[4.9686688341102,47.25417248169171],[4.968501740039392,47.25411714390552],[4.968043906635528,47.25396732176254],[4.9676288103512105,47.25384676048422],[4.967568358395405,47.25383211697781],[4.967408748995149,47.25379691270431],[4.9672526527344525,47.25376011769771],[4.967098060536064,47.25372104562728],[4.967033957606856,47.25370421244467],[4.966691072322836,47.2536159227698],[4.966357309797402,47.253592586142716],[4.966309599148866,47.25358997320325],[4.966199010350059,47.25358230285808],[4.966089138961625,47.25357254901065],[4.965979575283141,47.25356035839545],[4.965966080692267,47.25350601472338],[4.966177892278169,47.25352565703338],[4.966695745667046,47.25355928983475],[4.966799508127383,47.25358643702554],[4.967270844326408,47.25370424596713],[4.967283321738017,47.25370907727169],[4.967515771117761,47.25376132663212],[4.967649830126138,47.253792281555086],[4.968086193537374,47.25391932585665],[4.968142828538022,47.25393808629925],[4.968713922834701,47.25412515841285],[4.969023514932645,47.25432261227703],[4.969495228323651,47.25462366512292],[4.969554172979547,47.25466210741193],[4.969584678749114,47.25464997231949],[4.969579449339967,47.254626377035386],[4.96956061096054,47.25448044988354],[4.969557359375897,47.254348396391144],[4.969565910366961,47.25432186541955],[4.9696056503216495,47.25424770659279],[4.969679260011519,47.25411245633413],[4.969702739432996,47.25401687074438],[4.969730759681063,47.25391526446374],[4.969731500009295,47.25391381102836],[4.969741275981512,47.253899056260046],[4.969754263908125,47.253885327570856],[4.9697696805859595,47.253872908425784],[4.9697754869861255,47.253868937478],[4.969815450804838,47.25384421422915],[4.969857070038834,47.253821353969755],[4.969896361971615,47.253810780535865],[4.969678414110134,47.2537536968271],[4.969668368520674,47.25375026532581],[4.969640716572046,47.25374281032552],[4.9696119541376085,47.25373753547073],[4.969371720993398,47.253721984278265],[4.969171380347438,47.253668923153725],[4.968872190931506,47.25358205906739],[4.968525513671977,47.25348780556718],[4.9685573126416775,47.25342431818523],[4.9686698887656,47.25345374552905],[4.969205268408549,47.25362998476382],[4.969390785042139,47.2536791551427],[4.969625981616888,47.25369803378093],[4.969685257534046,47.25371305641502],[4.969995377498655,47.25379495987904],[4.970090548828959,47.25379334288355],[4.970090545530362,47.253793252885885],[4.970023882336991,47.25374989899844],[4.96998243183653,47.25372322691918],[4.969908191558182,47.253678831002354],[4.9697434999512975,47.25358076872999],[4.969623289346169,47.25350905680994],[4.969470786633013,47.25344401692343],[4.969432084472943,47.253394874600524],[4.9692768484186445,47.253302144353945],[4.969225965833135,47.25329598434001],[4.969085029520857,47.25327586442005],[4.968345696549622,47.253059681279204],[4.968119634387389,47.25296869216282],[4.967989473259437,47.252968289892785],[4.967982738646077,47.25296858430595]]],[[[4.975351551170748,47.2571378561477],[4.975381611022466,47.25723235075593],[4.975433464059419,47.25736915955934],[4.975520627924728,47.257570565665254],[4.975565818097271,47.25767722986469],[4.975613123652329,47.25778746015354],[4.97567923559691,47.25785873696341],[4.975644082940294,47.25787401463273],[4.975702617059876,47.25794424983687],[4.975745430906387,47.25802943161286],[4.975792223905788,47.25811490578828],[4.975827592795862,47.25821345227844],[4.975888112221931,47.258326879339954],[4.975909154117434,47.25832715117423],[4.975933001850423,47.25832818567735],[4.976019208109687,47.258319962687295],[4.976345581734532,47.25828171117158],[4.976369690350528,47.25827904893602],[4.976539544353313,47.2582577829457],[4.976708922203785,47.25823436353139],[4.976931470590671,47.25830792581783],[4.9770256678447815,47.258301186810286],[4.977428391698141,47.258256497436754],[4.978213271629048,47.258168996248735],[4.97811211796806,47.25809453633737],[4.978094680001899,47.25807358111249],[4.9780531813043964,47.25799188980445],[4.977958053435652,47.257800797384796],[4.977887445251124,47.25766133774643],[4.977863654001973,47.257618697837835],[4.9778168018410645,47.25753169452704],[4.977719052770814,47.257355595541384],[4.977700962876056,47.25727377501399],[4.977696587338808,47.257273489424875],[4.977657971830242,47.257194630517795],[4.977585313769028,47.25702098520611],[4.9775518540083965,47.2569420383332],[4.977444960603915,47.25668990953818],[4.977430199234271,47.256655400498005],[4.977318603731027,47.25639407622031],[4.977250272496148,47.25625169562574],[4.977116499605388,47.25596994687064],[4.9770617245549085,47.255764567497856],[4.977068852594055,47.2557102335572],[4.977019878537371,47.255360488991116],[4.9770236328553175,47.25531152574316],[4.977025911534518,47.255287172353526],[4.977025017754326,47.255262873054455],[4.977022921740689,47.255249040499535],[4.976996272037003,47.25496681584145],[4.976981824482859,47.25481135905121],[4.976956785919021,47.25455135017781],[4.976934242750375,47.254294450616214],[4.976926005266232,47.25419994443525],[4.976910646552782,47.25399812537866],[4.9769051273679485,47.2539343712711],[4.976901856384578,47.25388858960948],[4.976895019796395,47.253842958792646],[4.9768850174687636,47.25379756205652],[4.976883579581996,47.25379083252955],[4.976851389363719,47.25367079918229],[4.976830232276404,47.25359182240599],[4.975745067361505,47.253787904509586],[4.974670621985728,47.25402755991165],[4.974635197131287,47.254035367504834],[4.974620997430866,47.25403768056142],[4.974608066722757,47.254042133297425],[4.974597188184293,47.2540484422146],[4.974588751751356,47.25405642056544],[4.974583134136092,47.254065521612375],[4.974580708745383,47.254075108620185],[4.974581865517387,47.25408499484102],[4.974584905849943,47.25409214737128],[4.974600325731855,47.25413384985709],[4.974674993295337,47.25434096280473],[4.974680912212626,47.25436166443494],[4.974697176205977,47.25446954207997],[4.974684801091377,47.25467273410431],[4.974681966742142,47.25472519368449],[4.974675808895393,47.25482759966509],[4.974701037540765,47.2548878662754],[4.9747266396528325,47.254947496142904],[4.974779351498579,47.25493498148777],[4.974802435974761,47.255012484867386],[4.9746914371917015,47.25503697873882],[4.974717009820699,47.25510660507819],[4.974764705071918,47.25523835197578],[4.9747844646374855,47.25529015659556],[4.974726719532618,47.25530608895306],[4.974797934754744,47.25546238017234],[4.974861562254568,47.25544454652204],[4.974894045199641,47.255507841415124],[4.974845737958267,47.255521451793655],[4.97491625607881,47.25565875346445],[4.975077472794132,47.25584539062325],[4.975126215581156,47.255919214944804],[4.975195177520857,47.25602493408086],[4.9751877114407,47.25611331394709],[4.975166626596964,47.256317014489895],[4.9751473124632914,47.2565041149587],[4.975266349695626,47.25687103746206],[4.975314401765182,47.25701241376138],[4.975309262889095,47.25701295156968],[4.975351551170748,47.2571378561477]]],[[[4.973417302084587,47.259057503893835],[4.973704578776281,47.25906747357381],[4.973709939226871,47.25900812705914],[4.973698398596221,47.25900724284036],[4.973697126207375,47.25899420672245],[4.9738939513510445,47.25898329204586],[4.974263085870938,47.25896386025243],[4.974612767638287,47.25894421820316],[4.974893116317987,47.258927647023185],[4.9748451084997125,47.258722692012164],[4.975027387552968,47.2587047287653],[4.975146247835723,47.258742778183944],[4.9751683335523476,47.25883623791938],[4.975181171297902,47.25889401381273],[4.975223004325308,47.25900649871296],[4.975448389571323,47.2589844685831],[4.975726351661376,47.25895694949657],[4.975960824846899,47.258933862988364],[4.975999970891898,47.25893004406366],[4.975966210710049,47.2588321006047],[4.975941874070678,47.258763804331494],[4.975904345886591,47.25864971539271],[4.97586273580326,47.258521737668374],[4.975858898135103,47.25850370226586],[4.975834663905126,47.258427389442005],[4.975807270336939,47.25835149065756],[4.975800686415657,47.25833431252808],[4.97575952429947,47.258240097264526],[4.9757314572927545,47.25817825831186],[4.9757047057996715,47.25811981897927],[4.9753022461446355,47.2581717021581],[4.975042622855806,47.25819062301719],[4.975028008683752,47.25818168645034],[4.974978626788406,47.258133718414086],[4.974960142760517,47.258127459305285],[4.974169246539775,47.25820252336688],[4.9739695988673995,47.258244555120704],[4.9738386582038885,47.258244892897174],[4.973839576920584,47.25823749286005],[4.973882840443963,47.25823774702409],[4.973962212534192,47.25823792683278],[4.974159014714347,47.258194052407404],[4.974950637841771,47.258117174959615],[4.974962132003691,47.25811679909108],[4.974973708841377,47.258118673155394],[4.974983778735159,47.25812273417264],[4.974985398119805,47.258123607128766],[4.975038455050527,47.25817439428683],[4.975044146055691,47.25817807961193],[4.975051747198585,47.25817975122198],[4.975053340128659,47.25817990419831],[4.975314893333974,47.2581595095801],[4.975697134007779,47.2581081509505],[4.97564392564965,47.25799928202239],[4.9755890088021415,47.25788711018887],[4.975536788444826,47.25776192465498],[4.975493148172052,47.257654243452464],[4.975474758709906,47.257607368589404],[4.975415026079421,47.25745052201179],[4.975376029754576,47.2573504162143],[4.975352762212775,47.257289576047874],[4.975333394629027,47.25723767481349],[4.97529886971079,47.25712965814218],[4.975282281539588,47.25707779960519],[4.975265300137454,47.25702603781746],[4.975250979319738,47.25698188527292],[4.975215159187861,47.25687100891475],[4.9751981283056805,47.256817897151905],[4.975174831123683,47.25674544051672],[4.975141556072876,47.25663902346555],[4.975130699031882,47.25660273663208],[4.975121947798214,47.2565913588155],[4.975110460284449,47.25658110825078],[4.975096656208529,47.256572608164255],[4.975080535570206,47.25656585855511],[4.975063304605197,47.256561289145566],[4.975044960004627,47.2565588099377],[4.9750409844137105,47.256558607491165],[4.974990207305389,47.25655902207707],[4.97493991274228,47.25656176981936],[4.974918554340034,47.256563664501236],[4.974554225100545,47.25658382734164],[4.9744247097647,47.256601251785284],[4.9742964633868985,47.25662081576651],[4.974179733906714,47.256640633796586],[4.9739428311158,47.25667294372021],[4.973792419570125,47.25670486159704],[4.9736498565968486,47.256723587902826],[4.973616753048611,47.25672982472105],[4.973582373867096,47.25673374184482],[4.973576045294958,47.25673429982511],[4.973558298851907,47.25673730347717],[4.973540069920008,47.256737973942215],[4.973521761679134,47.25673648446555],[4.9735045638368565,47.25673281479925],[4.973493327741213,47.25672940388131],[4.973443532029997,47.256713321259134],[4.973394853358436,47.25669523842464],[4.973387199608262,47.25669212674572],[4.973142227004088,47.256612725679965],[4.9729887690775705,47.25657247129518],[4.972834194353573,47.25653421689226],[4.972676116810104,47.25649782295078],[4.972508977211572,47.25649562323819],[4.972212426020309,47.25656775740007],[4.972396098504349,47.25689071762346],[4.972550077412133,47.257172217669634],[4.972579937483083,47.257261403152505],[4.972609764622783,47.25734968864993],[4.972634386651076,47.25744751831769],[4.9726547558522105,47.25752677922254],[4.972669884150837,47.25758217501217],[4.972671711580107,47.257588717839795],[4.972692091184693,47.257646635846875],[4.972768568450191,47.25778419749821],[4.9727827758266105,47.25778206466678],[4.972878991479968,47.25803572978312],[4.972896645890074,47.25803020630876],[4.972934686359382,47.2581260065312],[4.97292018473087,47.25813093604821],[4.972951156399063,47.258217941221325],[4.972992710553244,47.25827973142451],[4.973019571759899,47.25831961841748],[4.973023775434611,47.25832603075433],[4.973039608542387,47.25835737017981],[4.9730400877182515,47.258359613367254],[4.973051773086272,47.25840768328306],[4.973067487060826,47.25845739566938],[4.973126648980922,47.25859885383805],[4.973177417071891,47.258717040863175],[4.973208776254295,47.258792962772105],[4.973293002264717,47.2590550263998],[4.973417302084587,47.259057503893835]]],[[[4.969908156087052,47.258983078928985],[4.9701717158810546,47.25914718157643],[4.970196964075777,47.25916476331529],[4.970326475639994,47.25927693080646],[4.970426535264608,47.259375910471],[4.970435876571524,47.259403398171465],[4.970615151802412,47.25927094489658],[4.970645630853196,47.25924719313791],[4.9706106535595875,47.25886686111712],[4.970610237787539,47.25885552143749],[4.970596746011047,47.258704010504246],[4.970592549810491,47.25868697164031],[4.970547268419728,47.25859921849346],[4.970508170808291,47.25850694762487],[4.970487819626886,47.25844974923384],[4.970438463199535,47.25831577776544],[4.970434025573133,47.25830297551363],[4.970422295727741,47.2582644518042],[4.970414125219614,47.25822559745194],[4.97047873867608,47.258212882605164],[4.970530881073295,47.258347076880455],[4.970658191836211,47.2586698266021],[4.970678339626776,47.25888381162616],[4.970701773394715,47.259144118353895],[4.970724861216545,47.25914606738142],[4.970724258854276,47.25916210714577],[4.9707888562872835,47.2591597485768],[4.970791895827512,47.25917770762489],[4.971443012480963,47.259153672300656],[4.971364462641675,47.25937068590427],[4.97121394418383,47.259811084845055],[4.971039062200249,47.260052519132266],[4.970673428706889,47.26025423932574],[4.970635141382159,47.26030315862968],[4.970737750193783,47.2604283002705],[4.9707735741097405,47.260463712857565],[4.9708180670936795,47.26049744719522],[4.97086364431413,47.26052828137808],[4.970897747229979,47.26054922456655],[4.970947581494397,47.26057710465509],[4.970999336086984,47.26060324106796],[4.971075351973834,47.26064166263102],[4.971152601175488,47.26067042745939],[4.971197214386234,47.26068578870166],[4.971214373724841,47.26068837873578],[4.971298220463076,47.26070226255078],[4.971381743272551,47.26071813298922],[4.971463765572808,47.26073637026824],[4.971499511803993,47.26074800983785],[4.971534943988316,47.26076190607302],[4.971762534841972,47.26086465991863],[4.971844368556604,47.260899379929356],[4.971893542872751,47.260920066563344],[4.971911264023381,47.26092714961767],[4.971939527918556,47.260940357141216],[4.9719658781744,47.2609554883222],[4.971972785480313,47.26095987354053],[4.9719895149878495,47.26097237665548],[4.972003521138957,47.2609863669346],[4.972014784119106,47.261001304394824],[4.972017351948983,47.26100639377793],[4.972029556414745,47.26103617405329],[4.972040458490079,47.26107372107516],[4.972032192017927,47.261205339744514],[4.971967125987323,47.26153027849834],[4.971848446424587,47.26170276773504],[4.971780323054725,47.261792988916184],[4.971766377972343,47.261823934249826],[4.971765667307237,47.26182619766944],[4.971763191156085,47.26184524105008],[4.971764291065715,47.2618644037351],[4.971768563829483,47.26188351247312],[4.971797150665874,47.26193795902612],[4.9718100167266455,47.26195331951321],[4.971814478465119,47.26195594525396],[4.971833062503653,47.26196490477374],[4.971853566846044,47.26197212062342],[4.971875188370113,47.261977336297484],[4.971951257384278,47.261984687962894],[4.972178836762284,47.262000449593536],[4.972690743846961,47.262031906750394],[4.972847344231761,47.26203842824174],[4.97290417476195,47.262040613304755],[4.972927640692273,47.26204201516063],[4.972957002876882,47.26204187584418],[4.97298587594304,47.26203922334412],[4.973000087739432,47.26203718048697],[4.973026082123029,47.26203178529433],[4.9730508073813215,47.26202425040453],[4.973074263511897,47.26201457581837],[4.9731332096473535,47.26197710123828],[4.973182835391328,47.26194518842109],[4.973213007433824,47.26192387268789],[4.973269368860316,47.261880858696024],[4.973313114735522,47.261850936991806],[4.97337901767941,47.26180839095855],[4.973447359637228,47.26176742434341],[4.973517744004118,47.26172804389152],[4.973541199921399,47.26171836920979],[4.973574111560516,47.26170682258672],[4.973609082225106,47.261697312143184],[4.9736445288030655,47.26168995487375],[4.97368086112379,47.26168510401719],[4.97371691251336,47.26168340980359],[4.973709859450675,47.26158861343252],[4.973709069547309,47.26158871692977],[4.973704812610076,47.26153763897952],[4.973681217913647,47.26141385673442],[4.973665340557017,47.2613489282001],[4.973651581754948,47.26130926864898],[4.9736315864148,47.2612510741541],[4.973965362907482,47.26120856126094],[4.974167626101528,47.26118341529387],[4.974421592556574,47.26115054462442],[4.974625002134749,47.26112420763744],[4.974610783642193,47.261104457850855],[4.974564588952296,47.26106769208102],[4.974482253624668,47.2609977715543],[4.974408746037311,47.26091968590511],[4.974330692302311,47.26094469888749],[4.9743284348963535,47.26093726287416],[4.974270727630494,47.260759939269],[4.974236305070099,47.26065471235011],[4.974211382252864,47.26065684765936],[4.974200105289972,47.26061993756799],[4.973588436801347,47.260681229268506],[4.973587375911423,47.26067395298582],[4.9735706462697316,47.26056419225957],[4.973578558374774,47.26056351728493],[4.973565008110651,47.26048630183313],[4.9735482587237225,47.26038680753916],[4.973546563305034,47.260373058197715],[4.973554855453541,47.26037192648861],[4.973841411956682,47.26034048355856],[4.974025590554596,47.26032005821807],[4.974236231759745,47.26029621030629],[4.974227628532567,47.2602564630332],[4.9744518990769695,47.260236345049485],[4.974734690106213,47.26021045727144],[4.975022223451558,47.26018403776345],[4.975323990879135,47.26015620437995],[4.975327927252934,47.25995018469037],[4.975477164542653,47.259940077985775],[4.975447087971359,47.25979119136515],[4.975406705177458,47.2597937704073],[4.975311335178621,47.25980106834617],[4.975123381162378,47.2598158866966],[4.974822653198101,47.259839559424705],[4.974402868341834,47.2598739036401],[4.974368671484123,47.259818022261484],[4.974531776046967,47.259807320453696],[4.974528866241603,47.25971731638772],[4.974187336020979,47.25974294296352],[4.973642813761602,47.259784540974955],[4.973663300964946,47.25968324221938],[4.973721705369746,47.259598678445194],[4.9736624714111,47.25959581430093],[4.97359648552212,47.25959279487801],[4.973537747580046,47.259462946663916],[4.973631283000284,47.259448927380106],[4.973656152401929,47.25944535223686],[4.973690880326083,47.259440078385296],[4.973689340218659,47.25940894605237],[4.973686312888484,47.259348121342924],[4.97368321286941,47.25930692955494],[4.973391783978369,47.25929198745995],[4.973215557195516,47.25928030752607],[4.97314395011222,47.259275492376865],[4.973060799061318,47.25926970290393],[4.972885157008672,47.25928475843543],[4.972883085337305,47.25924994294454],[4.972728320378624,47.259260770749115],[4.972486557173479,47.259279922262095],[4.972244304737401,47.25929656008892],[4.9716860509803595,47.25932073201623],[4.9716835211617045,47.259273406864196],[4.9717205919863146,47.25927790960468],[4.9718239131030915,47.259271019730356],[4.972418232591329,47.2592456033144],[4.972833836351276,47.259216380343695],[4.972882914012725,47.259212843782734],[4.973185152887628,47.2591979755758],[4.973221913452424,47.259161598784864],[4.973186575241337,47.259052965083235],[4.973228081258543,47.259048566620706],[4.973212171930143,47.25900435085631],[4.973195872651219,47.25896032183196],[4.9731817215263066,47.258920758932675],[4.973156555567644,47.2588513956053],[4.973016288308575,47.25846799259279],[4.97298951319309,47.25840883266153],[4.972960642909133,47.258346646548034],[4.972948339004916,47.258346585725945],[4.972908827661889,47.25825396241503],[4.9728720890484865,47.25817200829715],[4.972859131250351,47.25814332153942],[4.972796946564668,47.25800596706773],[4.972727366343255,47.25785090775661],[4.972722168089239,47.25783901905759],[4.972715677707237,47.25782436067764],[4.972627217783247,47.257663048571075],[4.972616867601008,47.257640531126185],[4.972524971542587,47.25730988649632],[4.972508908302177,47.25725063428271],[4.9724859582840395,47.257176730414706],[4.972441120943778,47.25710112761222],[4.972401270462406,47.25703165366941],[4.972329348756454,47.25691004383286],[4.972299204196513,47.256856344261706],[4.972163669850994,47.256623249214556],[4.972162790857143,47.256620922769144],[4.9721512876915845,47.25659941547991],[4.972137031678219,47.25657858538426],[4.972020146602903,47.25647521047319],[4.97181387176003,47.2563040142215],[4.971797084317166,47.2562898911025],[4.971425616006425,47.25602883791442],[4.97138747317163,47.255951770089105],[4.971351818748133,47.255877631716146],[4.9713265500154336,47.255827000880565],[4.971273224038796,47.25571461994351],[4.971187040046734,47.25552859333771],[4.9711589764147535,47.25546666321387],[4.971132026107934,47.25541344936332],[4.970956555992663,47.2552056164456],[4.970818517337725,47.25508792116993],[4.970662624673603,47.25502438126761],[4.970256058270808,47.254985362909736],[4.969934235272346,47.254865836346745],[4.969687011395202,47.25480042471628],[4.9696427580627445,47.254816395504804],[4.969648935469851,47.255201540061705],[4.969690600065796,47.25538562237756],[4.969658291330792,47.25564093290423],[4.969640207172863,47.255743000678315],[4.9696132906054675,47.255874756056755],[4.969583181610149,47.25600602532372],[4.969549493493293,47.256137085205346],[4.969533313481217,47.2561828370951],[4.969436273249543,47.25644762189477],[4.969458290276963,47.25660448150735],[4.969526218682339,47.25695300580268],[4.969532112819508,47.25697307769105],[4.969592709909108,47.25708902802496],[4.969644706613869,47.25736010659158],[4.969656331858063,47.257417453351145],[4.969667269517899,47.25747769350169],[4.969685310177156,47.257569331742076],[4.969621312362578,47.25757717281136],[4.9695583855517915,47.25771170099388],[4.969529088351367,47.25780018091096],[4.96945269864414,47.2580438123959],[4.969335041662669,47.2582767078397],[4.969326480905038,47.258292162322945],[4.969199496953998,47.258400491876934],[4.969210558710959,47.25847495838822],[4.968941946390747,47.258866029149964],[4.968998995739696,47.25889594882774],[4.969000826608101,47.25901091603843],[4.969181805824341,47.259000728700876],[4.969175840546236,47.25923866124557],[4.969210645510411,47.25922465224446],[4.969337841399102,47.25917620471577],[4.969466699256264,47.259129800046715],[4.969596822505987,47.2590854449678],[4.969908156087052,47.258983078928985]]],[[[4.975907598029018,47.258338794616826],[4.9758869361660665,47.25833806603821],[4.975893234522045,47.25840144657751],[4.975917710016865,47.25839796770264],[4.975923670020098,47.25843055563982],[4.976914196532145,47.25831299315829],[4.976822703875525,47.25828537549731],[4.976698694507509,47.25824759566737],[4.976071741945991,47.258324110482256],[4.975954738108902,47.258336550504985],[4.975907598029018,47.258338794616826]]],[[[4.976877410468846,47.26057108619435],[4.976894751464546,47.26056781880831],[4.976908612473044,47.260567042192996],[4.976920959925782,47.26056827255873],[4.976933796668559,47.26057201608414],[4.976944716641038,47.26057759335773],[4.976948798472201,47.260580675649564],[4.976974234946885,47.26060329574693],[4.97698647383159,47.26061236262433],[4.977001029399499,47.26061967898589],[4.977004255142443,47.260621064851186],[4.977022717091418,47.26062669364749],[4.977041892782105,47.260630148985015],[4.977061378994173,47.260631257630436],[4.977106164631108,47.26062968360188],[4.977134246851334,47.26062713358813],[4.977319681192048,47.26060848267835],[4.977359734133353,47.26060770967752],[4.9773720617385235,47.260608400011996],[4.977383285646166,47.26061145056005],[4.9774351221114586,47.260628937607045],[4.977488065615891,47.26064415441209],[4.977536914033262,47.2606559289332],[4.9776986212629115,47.26062876671508],[4.977678744328197,47.2605739027982],[4.97789749643157,47.26052244353284],[4.977920703484053,47.26051682459866],[4.977905769384783,47.26048844224537],[4.977920310937451,47.26048459207594],[4.977913412286805,47.26046967077527],[4.977925976621438,47.26045522799402],[4.977944044463618,47.26045014697828],[4.977928690590555,47.2604211414113],[4.9778775339828885,47.2604329104357],[4.977866021091163,47.260411223751845],[4.977914371707173,47.26039869210834],[4.977871321543606,47.260318017838166],[4.977973938373316,47.26029195308506],[4.978078238777796,47.26048414966793],[4.978083347507472,47.26051513104734],[4.978141459176966,47.26051981317196],[4.978512980114581,47.260403249422],[4.978457447164402,47.26029613242995],[4.978356859449909,47.26005389300929],[4.978324050715973,47.25997115304122],[4.978314188926445,47.25997276214045],[4.978293658911224,47.25997563387894],[4.978286888485436,47.25995341605866],[4.9783502958177035,47.25994026714657],[4.978380618027828,47.259933896352806],[4.978365134866479,47.25990138094684],[4.978356124012129,47.25988298360782],[4.978343209254059,47.25985555744335],[4.978310520857068,47.259786863794474],[4.978269374034244,47.25970399589054],[4.97825460136983,47.25966921700539],[4.978249811557495,47.25965768178612],[4.978196713918896,47.25953044113396],[4.97815375436815,47.2594630032971],[4.978066303126214,47.25934040101766],[4.978040330205888,47.25930320159715],[4.97811066912983,47.25927354478507],[4.978368986586285,47.25916512599666],[4.978564377178958,47.25908290529376],[4.978777355027472,47.258993359947226],[4.978895360666241,47.25894343763149],[4.9789195843728065,47.258933118335314],[4.97888009302436,47.25888444279549],[4.978955299291828,47.25885767416222],[4.978931937448074,47.25882673413196],[4.979045128331743,47.25878616935657],[4.979022926390696,47.25875439906399],[4.97895743638852,47.258678610788536],[4.978939717301264,47.25866081236652],[4.978933149971539,47.2586548908383],[4.978908956358385,47.25863369080517],[4.978815035413404,47.258561719620126],[4.9786690512851015,47.25846605205998],[4.978619845789235,47.25843375186686],[4.978397846797281,47.25828895086695],[4.978234321020922,47.25818025409296],[4.977645789134483,47.258243964764844],[4.977028031448756,47.25831150269242],[4.977017360213206,47.25831267521868],[4.976964803808673,47.25831870430762],[4.976912723419224,47.25832688654688],[4.975905193303796,47.2584460895493],[4.975922675376681,47.25851144080902],[4.9759404742050855,47.2585638189356],[4.9761973294765305,47.25931139021773],[4.976045196008837,47.259329021690164],[4.976034640360941,47.25933334403052],[4.976026527104076,47.25933933577082],[4.976020846311708,47.25934672691972],[4.976018367997326,47.25935487398073],[4.976018530131587,47.2593592838477],[4.976072068088709,47.25976847592282],[4.976102616896031,47.26001650343248],[4.976129166952454,47.2602636985197],[4.976150338075735,47.26039697734313],[4.976156407140144,47.26042172872369],[4.976168541470363,47.26046033505857],[4.976224427431548,47.2605771728408],[4.976277554001279,47.260694507888275],[4.976287522945034,47.260717391726565],[4.976295342906712,47.26072500307049],[4.976305892721861,47.260731307140546],[4.976318346100911,47.26073541748162],[4.976331919775911,47.26073761760269],[4.976345800693295,47.260737381038055],[4.976359202274976,47.26073490130016],[4.976370944655207,47.260730468658174],[4.9765431830803255,47.26065512999693],[4.976822760256928,47.260584985536255],[4.976877410468846,47.26057108619435]]],[[[4.9757796393958635,47.26254386752006],[4.975790530301285,47.262559441341566],[4.97579217299346,47.2625609442651],[4.975810929957195,47.26257458299851],[4.975832416887455,47.26258691446761],[4.975882906543494,47.26261090901986],[4.975928041757858,47.26262959156839],[4.976035369902085,47.26266675601907],[4.976078273968548,47.26267872251109],[4.97611425695046,47.26268594403032],[4.976150150591255,47.262690735615024],[4.9761867580382635,47.262693353739856],[4.9762232761347445,47.262693541929835],[4.976131599442378,47.26241287629287],[4.97605435905449,47.26217942281173],[4.976011469075914,47.262027512828496],[4.975976202290521,47.26191023361363],[4.975964330571782,47.26191115632296],[4.975889963796466,47.2619177365823],[4.975800949033044,47.26192528678686],[4.975747946033489,47.26193006211201],[4.975757519644948,47.261985372003835],[4.97568827554762,47.26199096432058],[4.975733281222454,47.262178859788584],[4.975681537269951,47.262185504753155],[4.975738410390514,47.26242632962447],[4.975769964372582,47.26251818698536],[4.975772674902234,47.26252714616088],[4.9757796393958635,47.26254386752006]]],[[[4.970924688324252,47.263437320445064],[4.970931845595251,47.26340522985936],[4.970951336485845,47.2633306946271],[4.970953960979113,47.26332650756798],[4.970971766931372,47.263303421446366],[4.970991998780406,47.2632815548396],[4.971015453059212,47.26326098426224],[4.971041339832993,47.26324181319135],[4.971253928894624,47.26310843290664],[4.971238580688541,47.26309032289843],[4.971393649181647,47.26296845628379],[4.971370425257177,47.26294120467057],[4.971411802820607,47.2629224005567],[4.97149305350808,47.262897875602874],[4.971515354331826,47.26286750870179],[4.9715211978916605,47.26286452765107],[4.9716239790646615,47.26281027916396],[4.971724701021339,47.26275399436307],[4.971910428760416,47.26263493770975],[4.972007389046669,47.26257349351134],[4.97189648657982,47.262471277523794],[4.97187471661679,47.26245120555798],[4.971798702018473,47.26238045528724],[4.971766613281259,47.26237118505439],[4.9714443230363745,47.262088763504906],[4.971361609101534,47.26196517541983],[4.971288098098843,47.261962642772986],[4.971252126634841,47.26194488332564],[4.971056527185621,47.261935420404235],[4.971026870767687,47.261938355897776],[4.970880409388419,47.26195939610156],[4.970774461842975,47.26197056218269],[4.970671581511456,47.2619787943352],[4.970459271090448,47.26197897993239],[4.970294554249784,47.26196755013164],[4.970165874067359,47.2619323641586],[4.9701147440143725,47.26194493972829],[4.969996777884633,47.261974680166354],[4.969904653054951,47.26201649895338],[4.9698489779803765,47.26203500507782],[4.969791240660149,47.26205138492163],[4.969733020935296,47.262065431541465],[4.969705062954141,47.262071399661764],[4.969704109031404,47.26209951252162],[4.969690986492669,47.26247777950293],[4.969689809965984,47.26252147537237],[4.96981440054992,47.262542502914584],[4.96977766405003,47.26273124839344],[4.970084718928154,47.26277141950318],[4.9700961987789825,47.26280310337992],[4.970096453255377,47.26285334883975],[4.970092180731229,47.26288836212946],[4.970143115873608,47.26298952730964],[4.970185053538368,47.26315919582621],[4.970468251813703,47.26302488759379],[4.970509478105879,47.26305606600432],[4.970547836542686,47.263128087310214],[4.970553150948061,47.26313231957134],[4.9705730801303405,47.263145488944446],[4.970594936303238,47.26315709466323],[4.970619106182204,47.26316685999525],[4.970622702129242,47.263167519318756],[4.970649873343107,47.263172550869164],[4.970677745390401,47.26317504900955],[4.970745840501093,47.263246294778874],[4.970803588008889,47.26330591936294],[4.970924688324252,47.263437320445064]]],[[[4.9760355809141235,47.26295312269423],[4.975315345254921,47.26304139779186],[4.9752454884503425,47.263051953197326],[4.975287088655459,47.263222796583065],[4.975559853880372,47.26319365581621],[4.975762004686013,47.263165267191205],[4.976084718754861,47.26311303098368],[4.9760355809141235,47.26295312269423]]],[[[4.971759485729982,47.264113119230814],[4.971470827282205,47.264185206406246],[4.97127582515657,47.26423552899947],[4.971386528357011,47.26441879695613],[4.97161094484979,47.2643480723426],[4.971776509231034,47.26463117697404],[4.971842367691436,47.26477117085064],[4.971894870957774,47.26488248463811],[4.97197272281687,47.26487341632722],[4.972145739398305,47.264851202903415],[4.9725149615511395,47.26481142386347],[4.972516475618495,47.264798610533276],[4.97252157608072,47.26477538006706],[4.972545252641287,47.26471761336948],[4.972626656859389,47.26455665419297],[4.972762588680369,47.26427022357087],[4.972774104700573,47.264227162259786],[4.972787816474103,47.264114182154515],[4.972788045473052,47.2640555534922],[4.972786262148495,47.26396372935165],[4.972788501898853,47.26383014204155],[4.972573816794754,47.263873957629315],[4.972269226212531,47.2639552331123],[4.972226450211632,47.26396838793372],[4.971953263725861,47.26407272249335],[4.971861097915714,47.26409185000914],[4.971759485729982,47.264113119230814]]],[[[4.979797917240466,47.26757678308536],[4.979691181789612,47.267394445652286],[4.979653091977442,47.267319360829774],[4.979573002328587,47.26713845959043],[4.979503833046411,47.26703851010209],[4.979379197854998,47.266887366232375],[4.979268192767163,47.266718339139324],[4.979047260117273,47.26675434846218],[4.978604663604256,47.26682808931928],[4.978600593463061,47.26681456068159],[4.979264132411519,47.26670508051514],[4.979246051462157,47.26666675612896],[4.979205300083129,47.26657325561097],[4.979167692131942,47.26647889095354],[4.979133244166409,47.26638411214439],[4.9791023528088605,47.266288912417814],[4.979077227699439,47.26621018412993],[4.979060165753685,47.26614563675254],[4.9790105733339685,47.26595214751675],[4.978994794255028,47.265890099733674],[4.978931504649324,47.26569108075112],[4.978820668035849,47.2653432940854],[4.978774203416843,47.26521314903501],[4.978570704431321,47.26469845289289],[4.9785417315366916,47.26463374840949],[4.978463973052821,47.26445127565982],[4.978432215397933,47.26428936081208],[4.978423520276199,47.26415019628553],[4.978418645281756,47.26411479834513],[4.978418175769647,47.26411282517624],[4.978414734424831,47.264105589544286],[4.978408559796736,47.26409957123622],[4.978399665138422,47.26409513023983],[4.978389253568678,47.26409260624469],[4.978373788618373,47.26409296011436],[4.977731135521099,47.26419757697408],[4.977504563438599,47.264231068172876],[4.977272758808574,47.26426257690439],[4.9773709805525685,47.26461301152213],[4.977430166924433,47.26479778277646],[4.977443366176377,47.26486527796174],[4.977517637599783,47.26536290797],[4.977522578349115,47.265400105870924],[4.9775427154105465,47.265418853849894],[4.977543961607062,47.26542036350997],[4.9775490391241926,47.265428922066796],[4.9775505734478624,47.265438261467686],[4.977550629748501,47.265439791417066],[4.977549784279247,47.26544917139661],[4.977545365807006,47.26545852224709],[4.977525389835668,47.26551964896733],[4.977677014168263,47.26571419059118],[4.9777014662722205,47.26579626261453],[4.977663062163765,47.26584194423688],[4.977672115063391,47.2659261699748],[4.977676821625622,47.26596778447715],[4.977735928664945,47.26598856949376],[4.977764764688962,47.26608191347818],[4.977779330966809,47.26616496454166],[4.977020374588148,47.2662267135863],[4.977037071262344,47.26630297439492],[4.977054385777719,47.26637445183487],[4.977062356353901,47.2663969193763],[4.97708954388473,47.266467057810694],[4.977119478168528,47.266536338932326],[4.977152969052187,47.26660519920057],[4.97710806655424,47.26661451974628],[4.976860664511818,47.26666466423459],[4.976612782608305,47.266712565029124],[4.976610134623358,47.26670531583142],[4.977099025897991,47.26660611878701],[4.977108683650653,47.266598929981924],[4.977110715826003,47.266589439728115],[4.977094526942188,47.26654856128094],[4.977057480909737,47.26644779262853],[4.977023194933923,47.26634652664601],[4.977016136177115,47.2663164790692],[4.977008501998574,47.266281578414514],[4.976992776764846,47.26619935751488],[4.977039064197838,47.266195326551646],[4.977625996244889,47.26615046911403],[4.9776197422230295,47.26605601961271],[4.977606857481455,47.26586766734359],[4.9775968417241785,47.265768058873554],[4.977586059875537,47.26572312592699],[4.977479570738907,47.265547176110765],[4.977458850034654,47.26550178224074],[4.977453672411099,47.26547971736406],[4.977438792980567,47.265398922925094],[4.977403322763348,47.26518997322311],[4.977390832449864,47.2650986017768],[4.977360207835151,47.26483796876463],[4.977321424370916,47.26464681603499],[4.977294792294792,47.26457018429061],[4.97726571762911,47.26449188316644],[4.977245742236463,47.26441279652557],[4.97722023259749,47.264312731708095],[4.977191150845621,47.264223444152016],[4.97717082941379,47.264156520619025],[4.977121729911376,47.264040918469426],[4.977080067782264,47.263933294324644],[4.9770396612165975,47.263816643405285],[4.977008924703193,47.26373629930522],[4.976988521584672,47.263677932213014],[4.976966426758996,47.26362751866664],[4.976937191519997,47.26355561398608],[4.976919331133333,47.263512422583695],[4.976879923721546,47.263401337888006],[4.976869113799175,47.26336640127261],[4.976858953482142,47.26330596842829],[4.97685144039115,47.2632419783688],[4.976843699536912,47.26318258492114],[4.976831468217045,47.263087426700636],[4.976822100586411,47.26301617390877],[4.9760983790606135,47.26311757105582],[4.975756366465495,47.26317382827878],[4.9752719084101376,47.26323088979562],[4.975270827394915,47.26322307355279],[4.975213501257856,47.26304547383296],[4.97514935940514,47.26295237030432],[4.975117933096391,47.26290715835093],[4.974644351091112,47.26299014756436],[4.974584550385407,47.26273433319623],[4.97457191462496,47.26271446640854],[4.974559576104651,47.26268108653254],[4.974552076483034,47.2626605919712],[4.974523999339939,47.26264170851644],[4.974510583799149,47.262633021633675],[4.974489601362014,47.26252639531173],[4.974486570316504,47.262508706376394],[4.974484577174671,47.2624976637295],[4.974478244294036,47.262476518923414],[4.974475074383363,47.26245505010429],[4.974474908894196,47.2624397438247],[4.974488821976064,47.262353956103134],[4.97447929192205,47.262256590400874],[4.974506733137553,47.262204162304194],[4.974499533469503,47.262127018963284],[4.974482583956068,47.26205454429748],[4.9743845329034775,47.26207539507335],[4.9740885216044,47.26210898129392],[4.974087658966532,47.26210710485445],[4.974049693684712,47.26211072288087],[4.974047244536249,47.262098067025505],[4.974025083171944,47.26197011800028],[4.974274423338787,47.26196245141075],[4.974267968154395,47.26192717026973],[4.974252519362204,47.26184152220713],[4.974238115088313,47.261762700426864],[4.9742332002054255,47.26173693873418],[4.973970072447121,47.261747361440875],[4.973964949569584,47.26173754275309],[4.973840498129466,47.26174191239091],[4.973754880946802,47.261744720414214],[4.973634408747491,47.2617493823184],[4.973600403122567,47.261763559128],[4.9735672237401065,47.261778622401245],[4.9734885998468945,47.26182057454294],[4.973422538350614,47.26185880076937],[4.97335892579568,47.26189887640747],[4.973297748963137,47.26194044147213],[4.9732478786863314,47.26197650096136],[4.9732140412488235,47.2620060739378],[4.973183032895864,47.26203703962298],[4.973154850325697,47.262069308021864],[4.9731431039815694,47.262084456758934],[4.973116623441542,47.26211984806002],[4.9730933553843535,47.26215626533869],[4.973073296511095,47.262193618599575],[4.973056037002012,47.26223155460304],[4.9730302864000375,47.262297641697096],[4.973008082097202,47.262363038074525],[4.972995753619123,47.26240557295273],[4.972974705886791,47.26248085552425],[4.972956844203096,47.2625564440994],[4.972942889119144,47.26263034524525],[4.972929640885852,47.26273431221665],[4.972925009946391,47.262770322329416],[4.972911931515219,47.2630194525647],[4.9729094378547956,47.26313530371789],[4.972909343706701,47.26325165436551],[4.972910156465623,47.263273793684725],[4.97291374554384,47.26329588577287],[4.97292088765938,47.263317467148966],[4.97293157951238,47.26333844781511],[4.972936662706349,47.26334718657546],[4.972974413360043,47.26340255758355],[4.97301117261046,47.263452542239946],[4.973051055314632,47.263501122943524],[4.973063895674504,47.263515763304106],[4.973167216990148,47.26363836921632],[4.973204988001934,47.2636834737128],[4.973358551784885,47.26382332534023],[4.973454140497858,47.263875820902555],[4.97355904338428,47.263933380984426],[4.973692318200322,47.26400702796015],[4.973899934303306,47.264213769223296],[4.973953690418447,47.264283456158395],[4.974138304701576,47.264533814156295],[4.97422003108018,47.26468425304101],[4.974274919203613,47.26481713806153],[4.9743103122032615,47.264862282688185],[4.974348428760436,47.2649059400839],[4.974389278798041,47.2649483802375],[4.974406168821442,47.264965202845985],[4.974573988499117,47.26511480613892],[4.974730450528641,47.26534411975096],[4.9749361854891445,47.26556421913917],[4.975029357700565,47.2656804223581],[4.975093753986793,47.26578036562871],[4.975177922520541,47.26598632520191],[4.975372654958241,47.26630648043242],[4.975457633390545,47.26645884422718],[4.975498344707625,47.266540639694696],[4.975512324195506,47.266575432346905],[4.975531408612129,47.26665192281568],[4.975542754305564,47.26670143902878],[4.975550943425699,47.26675145927521],[4.9755535490242435,47.26677915133536],[4.975569842236632,47.266995632292975],[4.9755916710899335,47.26709278827128],[4.975625715824985,47.267165962065235],[4.975679276971955,47.26718702270509],[4.975731321065222,47.26721000028481],[4.975781048199204,47.26723472832651],[4.975789953087605,47.26723943950909],[4.975846248316643,47.26727008920818],[4.975899833270078,47.267302586121914],[4.975918525732149,47.26731442487184],[4.975958489578563,47.26735426803367],[4.97598898313047,47.26738481692584],[4.97612874213125,47.267537327540616],[4.976152820516413,47.26757690097902],[4.976159957882172,47.26759830212442],[4.976172284272655,47.26760970898369],[4.976187744140125,47.267619981810284],[4.976204301287932,47.267627714443776],[4.976222382150154,47.26763371009798],[4.976241573528254,47.26763752554596],[4.976261478771555,47.26763916754588],[4.976281694609511,47.26763846286217],[4.976301431052227,47.26763551500939],[4.976319894800304,47.267630337505544],[4.976327338444948,47.26762768917073],[4.9763656897872215,47.267602090867506],[4.976507567118553,47.2674668443835],[4.976554720631871,47.267443167236216],[4.976577950674676,47.26743808856823],[4.976593029883209,47.26743801168923],[4.976607788582626,47.26744001149859],[4.976621440101164,47.26744428151027],[4.976633574551584,47.267450468496726],[4.976636020642295,47.26745222787632],[4.976779790081888,47.26753028528546],[4.976804845735035,47.267542465708466],[4.976831411844306,47.2675525491532],[4.976859491718216,47.26756062561559],[4.97687709652366,47.267564468001545],[4.9773911326120865,47.26751202928012],[4.977289650148285,47.26736436083213],[4.9773466513261635,47.26736023716452],[4.9774383767509,47.26737218131581],[4.977467959687943,47.267507387429106],[4.977385315057685,47.26755886618568],[4.977250791411923,47.26760267425512],[4.976933049699272,47.267607370277645],[4.976911944569893,47.26760547868486],[4.9768800107503965,47.267600529740285],[4.9768491874230625,47.26759340057765],[4.976819481212624,47.267584271191765],[4.976769062611004,47.26756234702554],[4.976763393668248,47.267559291777765],[4.976725300988623,47.26753796799125],[4.9766895286361335,47.2675149836856],[4.976619075250571,47.26747710124835],[4.9766078665043425,47.26747450061964],[4.976596707414153,47.26747324994447],[4.976582444662507,47.267473943283164],[4.976568661314904,47.267476879784745],[4.976544155827769,47.2674904452052],[4.976495905582116,47.267527468938184],[4.976399809265185,47.26762330236945],[4.976360694416271,47.26764972417461],[4.976339989789667,47.26765872211173],[4.976316445727089,47.267666057414914],[4.976291635585479,47.26767134305926],[4.976266256681081,47.26767195561422],[4.976256247787003,47.26766960466651],[4.976219064883912,47.26766222348757],[4.976181174744424,47.26765719573504],[4.976135738857917,47.267662832782676],[4.976053389112574,47.267689991127845],[4.975986468890356,47.26771580589862],[4.975962746518052,47.26772908768845],[4.975926275554626,47.26775186216288],[4.975906391042071,47.26777237287853],[4.975877511108406,47.267839684477565],[4.975866984003411,47.26785562315586],[4.975849834143249,47.26790373365197],[4.975848997971062,47.26790617933747],[4.975850578839888,47.26792758510406],[4.975867807789027,47.26795358717131],[4.97593907580802,47.26802441570759],[4.975999742203777,47.268065977376935],[4.976040328363023,47.26811193353454],[4.976091098483204,47.26815420408472],[4.976187475344571,47.26822784658887],[4.9762448696424935,47.268266762285464],[4.97628593781317,47.2682934387292],[4.976334258327326,47.2683230533935],[4.976383339102108,47.268351754549606],[4.976429924151417,47.2683773463472],[4.976475553737664,47.26839854179441],[4.976502546654592,47.26840942852403],[4.97652707358954,47.26841801588452],[4.976558604587271,47.26842279169045],[4.97659001972738,47.2684244175949],[4.976612232369649,47.26842403904245],[4.976632008808079,47.26842217109761],[4.976809436541246,47.268379343567545],[4.976972028934722,47.26844033000981],[4.977012376457759,47.268458193256706],[4.9770902592690005,47.26850378346494],[4.9771137818067395,47.26851743081332],[4.977267105052502,47.26860694166983],[4.977399479937497,47.26866646149414],[4.977379462430413,47.26867256618688],[4.977458552392082,47.268718585840865],[4.977522750913031,47.26875900587401],[4.977182289582682,47.26859947228055],[4.977173698926641,47.268603310914585],[4.97713719527729,47.26858205022194],[4.97704433475994,47.268528520498684],[4.977004175230579,47.268504980695894],[4.976969298066145,47.26848477286771],[4.9769539338192645,47.26847711005981],[4.976935786372518,47.26846931458308],[4.976916478765694,47.26846234935869],[4.976899617308946,47.268457143504406],[4.976879192586729,47.2684521784889],[4.976858404322108,47.26844812019987],[4.976839658927185,47.26844564804846],[4.9768185567826855,47.26844384643629],[4.976799484261977,47.26844327097459],[4.97677766164614,47.26844346280858],[4.976740475446706,47.26844679819471],[4.976711301786705,47.26845215829084],[4.976602124258657,47.26848373657535],[4.976581901486235,47.26848426132075],[4.976562822333048,47.26848350582631],[4.976530127817357,47.268479470276034],[4.976525321616617,47.268478291434235],[4.976498497482077,47.268471994554226],[4.976473973837249,47.268463497184825],[4.976446590864678,47.26845279720202],[4.976423197618511,47.26844265959884],[4.976397331773134,47.268430042631444],[4.9763580188689875,47.26840792903682],[4.976282430684883,47.26835995786186],[4.976223003345832,47.26831972602389],[4.9761642998996,47.26827759070195],[4.976049871246703,47.26818795608214],[4.976035928354395,47.26817576627158],[4.975770317260698,47.267946782967435],[4.975754804435825,47.26793507013489],[4.975738147990382,47.267924637528736],[4.975719947964278,47.267915401908326],[4.975698584666057,47.26790649033031],[4.975673284648649,47.26789845628819],[4.975647270748183,47.267892595681396],[4.975598965017753,47.267884953503874],[4.975162276819292,47.267806660337236],[4.9745524920012665,47.26772699004435],[4.974202877824359,47.267663600563225],[4.974338705106132,47.26777403521671],[4.974629003173362,47.267951361057975],[4.9746542305049966,47.267968221788074],[4.974822948761664,47.26808800176399],[4.975133258705629,47.26829137125721],[4.975225000359173,47.26836851550034],[4.975351292981208,47.26851099025538],[4.975385647878778,47.26854939822493],[4.975415828547896,47.26860381671676],[4.975485055842316,47.268727091304285],[4.975589224748949,47.268915509599466],[4.975607515214789,47.268948787935095],[4.975689989486409,47.269097682054905],[4.9757150733401785,47.269143001849855],[4.975620362184637,47.26917946578009],[4.975667226750456,47.269245036785726],[4.975687725277388,47.269273594723586],[4.97586765446668,47.26952538049916],[4.975872262638703,47.26953196594029],[4.975910757728502,47.26958579239208],[4.976004088418249,47.269716850887335],[4.976208122322777,47.2696418723359],[4.976489578181165,47.269513613340266],[4.97652698908066,47.269494785049496],[4.976273092892051,47.26964932038535],[4.976141317587351,47.26971406261575],[4.976219379177918,47.269742900444655],[4.9763121615318635,47.26979427087639],[4.976362693454818,47.269862390664805],[4.976492179625945,47.26995122807439],[4.97654254734317,47.270155150952185],[4.97655237366285,47.27019568758767],[4.976564744559234,47.27028381904859],[4.976578309401447,47.27038282660668],[4.976602089228832,47.27055451318492],[4.976800202557211,47.27049116137393],[4.976928422886802,47.270329761788545],[4.976981718748584,47.27022484181842],[4.976995130582715,47.270190212852576],[4.977005035308492,47.270157354676364],[4.977013651292339,47.2700786813323],[4.977013628114016,47.27007805135422],[4.9770141935105014,47.269974750570604],[4.9770148906755045,47.26986424327134],[4.977018932729411,47.2698014972646],[4.977021344472407,47.26978074389228],[4.9770250488527745,47.26976276013905],[4.9770356507843765,47.26972727852238],[4.977044052208199,47.269707503691144],[4.977054046902683,47.2696878818073],[4.977065648111169,47.2696687728579],[4.977078449235147,47.269649913613385],[4.977092860181886,47.269631657299314],[4.977149218556361,47.269566848787086],[4.977210068511295,47.26949466935498],[4.977295601116238,47.269381364992],[4.977316876951012,47.269355517186106],[4.9773304513641214,47.26933610440544],[4.977334946361184,47.2693288235062],[4.977341325310575,47.269318808888215],[4.977353183906149,47.26929591327558],[4.977363049253974,47.26927278148322],[4.977370511449231,47.26924906028656],[4.97737225961739,47.26924263669503],[4.977406573491398,47.26913966102606],[4.977380262243955,47.26914731386973],[4.977239711866446,47.26918924340436],[4.9766588494575865,47.26943238229469],[4.977192250334725,47.26917222193113],[4.97723718403733,47.26915290494509],[4.977481735458832,47.26906813795279],[4.977601382587699,47.26899747729351],[4.977771514264375,47.26897206297063],[4.977929516735003,47.26897297071992],[4.977996271259493,47.26897498417138],[4.97809879460024,47.268978278675725],[4.9781047510995275,47.26897835719456],[4.978252093520411,47.2689807971123],[4.9781810262651,47.26887241426533],[4.978163261004807,47.268853445838346],[4.978141482803441,47.268833285103554],[4.978120613886185,47.26881626072526],[4.978095335375286,47.26879805080153],[4.978073402405582,47.268784466591036],[4.978051109231563,47.26877187910686],[4.978027255943947,47.26876003865242],[4.97800265241968,47.268749381681886],[4.977972462587406,47.268737919441065],[4.977941122550746,47.268727557448365],[4.977912641935697,47.268719398019066],[4.977864979388797,47.2687076933988],[4.977834849233918,47.26869785106609],[4.977812291993212,47.268688870175474],[4.97779936050293,47.26868260684646],[4.977786362767732,47.26867454357802],[4.977773695444908,47.2686646736063],[4.977765870806333,47.268656972389536],[4.977758383203576,47.26864764446421],[4.977752065696685,47.26863775626559],[4.977749410838563,47.2686303271057],[4.977747420111681,47.26861937453907],[4.977747016007777,47.26860839491723],[4.977748988524468,47.26859728471574],[4.9777533608466165,47.26858667391277],[4.977742860671299,47.26856019716073],[4.977778568744795,47.26854905201467],[4.977793789883237,47.26858517402554],[4.977795945405215,47.26858982004459],[4.977791090313348,47.268598097693705],[4.977788235059569,47.26860679150749],[4.97778776967558,47.26861571472835],[4.9777888942264585,47.2686247008904],[4.9777953276729034,47.26863773897849],[4.9778060812752205,47.26864953270276],[4.977818679038984,47.2686575127362],[4.977837233270719,47.26866557130081],[4.977859364037131,47.26867374897877],[4.977890674213507,47.26868330102171],[4.977933910586398,47.268693370099285],[4.977961584627714,47.268701183064934],[4.97798850843015,47.26871017951276],[4.978017504968451,47.26872157204676],[4.9780514436025225,47.26873783322449],[4.978088691338924,47.268757730144905],[4.978120746122656,47.26877672503341],[4.978156539805101,47.26880024886729],[4.978174083070787,47.26881318750469],[4.978188423270467,47.268825370289846],[4.978201203352755,47.26883830010955],[4.978214066269279,47.26885347984972],[4.9782986151834505,47.2689830654321],[4.97846124173863,47.268980201397355],[4.978589359016733,47.26897792583937],[4.978866534612503,47.26898157208634],[4.979065115583473,47.26898502787242],[4.979126620798893,47.268984608749314],[4.979147174098978,47.26898227685489],[4.979317943647906,47.268963423265234],[4.979592344464853,47.268924069594384],[4.979624678092466,47.26891829462587],[4.980045804616914,47.26884311567346],[4.980356916221605,47.268787554200756],[4.980430593467222,47.26877278815833],[4.980584842183826,47.26873647424599],[4.9806507089128,47.268725173415085],[4.980836289830462,47.26868823404349],[4.980970715210657,47.26865252832288],[4.980888328383068,47.26849562143982],[4.980847313571494,47.268416624604505],[4.9807939632685425,47.26831523500195],[4.980743972154826,47.26821883100092],[4.980639305543773,47.26801736774005],[4.980553838947421,47.26785222828507],[4.9805281459999895,47.26780124648454],[4.980483851545202,47.26770861738983],[4.98038312548654,47.267495559753236],[4.980168514841761,47.267541639253736],[4.98006087472677,47.267571753766774],[4.979894817930819,47.267686074831126],[4.979867583451139,47.26764709632078],[4.979859795134534,47.26764038520773],[4.979847369311549,47.26763348309819],[4.97983426914866,47.26762623228468],[4.979819356513961,47.26760928663344],[4.979797917240466,47.26757678308536]]],[[[4.9732126835597485,47.26678982402212],[4.97329975967066,47.26681571872884],[4.973304172313885,47.26681699445076],[4.97337875097888,47.26683760848114],[4.973456853219071,47.26685690176218],[4.973536462764413,47.266874008062935],[4.9735668423233665,47.266879884898174],[4.973666046124166,47.26690098024289],[4.973764532743389,47.26692415893563],[4.973827410725036,47.26693956860657],[4.973996764638334,47.2669795516763],[4.974022381272893,47.26698541940641],[4.974224600860537,47.26703411824949],[4.974321507999474,47.26705750346922],[4.974319646848008,47.26703925432326],[4.974370708452898,47.2670571161868],[4.97442327400363,47.26707270109177],[4.974476960077143,47.26708637577698],[4.974531353489527,47.26709769700845],[4.974543338811984,47.26709983434731],[4.974570856114902,47.26710341826566],[4.974618638686025,47.26710764773914],[4.9746663418948485,47.26710971726391],[4.974718841224674,47.2671126956954],[4.97502033485821,47.26713034545276],[4.9751840169072015,47.267123955862424],[4.975241599886742,47.2671248663073],[4.97529087648201,47.267126548566225],[4.975339842448762,47.26713057748237],[4.975388094531791,47.2671367798178],[4.975415648301603,47.26714135350294],[4.975470864667361,47.26714266435696],[4.975566711258345,47.26715877228898],[4.975563881420537,47.2671465732328],[4.975553114611642,47.2671128065088],[4.975539194511227,47.26707963381539],[4.9755245267050014,47.2670261217931],[4.975501442935682,47.26676527012818],[4.975463482224993,47.26660715259512],[4.975413130669218,47.26646824735843],[4.97541136546173,47.26646341454123],[4.9753186091863615,47.26629380288049],[4.975298237367797,47.26625785832905],[4.975255537086569,47.26618672296666],[4.975209696897893,47.26611654159811],[4.975144463718314,47.26601544195333],[4.975129103150712,47.26598625608665],[4.975117282556706,47.26595619945082],[4.97506594767481,47.26582289411008],[4.975051059634108,47.26578496500484],[4.974982115491046,47.26569086257634],[4.974910461301505,47.26559860732379],[4.974715131560436,47.26539165862926],[4.974539792866115,47.26514546618304],[4.974490490981806,47.26509983799846],[4.974357790134861,47.26497710302412],[4.9742764736594625,47.264902662348206],[4.974231558042544,47.26483597694124],[4.974172095622624,47.26470821276022],[4.974051608512516,47.26448576050148],[4.973959679883599,47.264360079735766],[4.973928009188869,47.26431901410605],[4.973862436909257,47.26423016678344],[4.97372197572885,47.264090543081565],[4.973658509474292,47.264026604604865],[4.973552836190885,47.26396968809435],[4.973496958872381,47.26393948047816],[4.973383158527997,47.26387738896165],[4.973313082424574,47.263838777734534],[4.9732127413418565,47.26375412379031],[4.9732062070650045,47.26374910192204],[4.972922112535781,47.26341569460905],[4.972918665875785,47.263613690682504],[4.97289742142079,47.26377011467282],[4.972892152717424,47.26378875530702],[4.972887918589509,47.263803145830295],[4.972875982535996,47.26387800316437],[4.972873495678479,47.26397242144707],[4.972868979287581,47.2640764199125],[4.972869233215109,47.26411576893181],[4.97286783063884,47.264196480642504],[4.9728595669845985,47.264241647919576],[4.972744280312152,47.26451746140612],[4.972676597168137,47.264641355453044],[4.972642446395545,47.264705694131216],[4.972624138150087,47.264736713741286],[4.972594491999796,47.26481565448111],[4.972583024402847,47.26490329135437],[4.972582052544016,47.2649092514068],[4.972588761448021,47.26511364849129],[4.972544951274674,47.26522840118818],[4.972464213296188,47.26539673328579],[4.972426997977988,47.26545328934757],[4.972444557864158,47.265499188068375],[4.972469673401079,47.265556305004914],[4.972498338878147,47.265612821239195],[4.9725064563185635,47.265628532567796],[4.972528429086561,47.26566490062065],[4.9725527552651325,47.265700508215424],[4.972564865292682,47.265727678460706],[4.972618775421397,47.26585562785789],[4.972696478985017,47.2660803400654],[4.972697374675241,47.26608311648357],[4.972719667848203,47.26614982702089],[4.972745114361828,47.26621594359588],[4.972798770666408,47.26635857590898],[4.972849637716559,47.266490089028856],[4.972866783880699,47.266621995633756],[4.972873007582356,47.266640170587806],[4.972887739338354,47.26665225729462],[4.972961064632548,47.26669279469189],[4.973043473158104,47.26673209688002],[4.9731271247087605,47.266762012318736],[4.9732126835597485,47.26678982402212]]],[[[4.975931810266108,47.26770809198923],[4.97598138715944,47.26768554449264],[4.976039729997229,47.26766392826391],[4.976070340479106,47.2676436850425],[4.9760787556584845,47.26763507664857],[4.976092448244177,47.26759729109828],[4.976094635691663,47.26758122432806],[4.9760871149441,47.26756018992455],[4.976058382259808,47.267512771075474],[4.976026149774798,47.267478109373194],[4.975954326874502,47.26740296777665],[4.9758789707584095,47.26732887691699],[4.9756700163798415,47.267215817428756],[4.9756120887999895,47.2671947411093],[4.9755106295445835,47.2671771078548],[4.975433399151329,47.26717076877389],[4.9752074433645745,47.267167412885826],[4.9747182302581745,47.26713927183617],[4.9746180574330054,47.26713503385284],[4.974567452025564,47.26712959169098],[4.974502838395012,47.26712096596438],[4.974407438434779,47.2671062003565],[4.974313139186251,47.2670889844935],[4.973993561939797,47.26701121490707],[4.973945967878406,47.267001308609935],[4.973895977441114,47.26699099281163],[4.9737045899966645,47.26694544103811],[4.9734883135234575,47.266892207665094],[4.973349865319019,47.26686160388165],[4.973204925581403,47.266827148032746],[4.973061103261702,47.266790691822756],[4.973015228437411,47.26677355163597],[4.97297005110513,47.26675378802],[4.972926797543125,47.26673237070185],[4.973176304435175,47.267582551812296],[4.973324426319335,47.267563101709804],[4.973526607960124,47.267535077018856],[4.973603908073114,47.26753250090997],[4.973666426428685,47.26753810098511],[4.973731017287706,47.267546097196735],[4.973893041581987,47.267570175683446],[4.9738992391439165,47.26755521140995],[4.973928703513847,47.26755777175927],[4.974095947088702,47.267572665750386],[4.974128237609223,47.26757652874551],[4.9741681338857555,47.26758215339032],[4.974383616909556,47.26761369619624],[4.974734731365365,47.267663911801556],[4.974857210378139,47.26768109777913],[4.975378661021685,47.26775470652003],[4.975826276188108,47.267817143439764],[4.975827485992318,47.26781766315],[4.9758347051091665,47.267819701447415],[4.975858287238671,47.2677702206246],[4.9758597745636015,47.267767493685724],[4.9758703810726255,47.26775371493516],[4.9758838038316116,47.26774096884552],[4.975899662735941,47.26772971215822],[4.975931810266108,47.26770809198923]]],[[[4.976760622917907,47.2827401329317],[4.976985977333375,47.28281166713986],[4.97719625777743,47.28281879987722],[4.977267050806559,47.282832992389984],[4.977364635531502,47.282852401551914],[4.977394637720066,47.28285855409817],[4.977469538365889,47.28288726503913],[4.977745545578714,47.28306212556023],[4.9778306672725146,47.28309885684151],[4.9781515496059985,47.283220090353026],[4.978194622998021,47.28323619579472],[4.978206698229917,47.2832406726462],[4.9784256638716595,47.283257200695765],[4.978514096887875,47.28315744492107],[4.978739332936697,47.28305319458135],[4.979011933884626,47.28303845888093],[4.979092616957607,47.28298701313121],[4.979326408024027,47.28303957788094],[4.979264419057686,47.28296264964622],[4.9791608013196385,47.28283339039779],[4.979137078590739,47.28280371742671],[4.979130848684772,47.28279625926133],[4.978985980823759,47.282657257417476],[4.979009491306872,47.282648841661],[4.978925796631305,47.282532300020925],[4.978871251081631,47.282452633077796],[4.978840250088787,47.28240858567573],[4.978757923138669,47.28230759973989],[4.9787389356664855,47.282244796504365],[4.9787301272061235,47.28213499213552],[4.978728848963736,47.2820787308647],[4.978730788101708,47.28199125640617],[4.9787232885197685,47.28156129153472],[4.97865188558475,47.28155206323878],[4.978560384906459,47.28159000518936],[4.978523068065856,47.281600817597],[4.978481426716731,47.281612784378346],[4.978409288508108,47.28162671207409],[4.978383711765205,47.281632911631974],[4.978316826446582,47.28163855487416],[4.978284031933991,47.28164280627496],[4.978133289480484,47.281646007073554],[4.9779510437068355,47.28163461590907],[4.977798084738734,47.2816207440105],[4.977508876977345,47.28159397551625],[4.9774221234695295,47.28158834008508],[4.977069896237459,47.28157516200564],[4.976877048578759,47.281577727929836],[4.976606728411741,47.28157873184316],[4.976419173677452,47.28157409264813],[4.976054250741029,47.281561127779575],[4.975948668531784,47.28156166539811],[4.975827679213827,47.2815642663814],[4.975678232997928,47.28157032360658],[4.975573987025553,47.28158560679438],[4.975600909308826,47.28165917176778],[4.9756234272745195,47.28172092476213],[4.975697246424858,47.281720298007635],[4.9758314592557324,47.28207723305485],[4.975886948389638,47.28222586575435],[4.976099632923979,47.28222287357597],[4.9762429276150675,47.28221142740569],[4.976184104055592,47.282047722780284],[4.976141586176839,47.2819279563215],[4.976309046715295,47.28193672051766],[4.976371393393701,47.28193718930437],[4.976394124258078,47.282004701914936],[4.976624963767531,47.28202040062137],[4.976621527816006,47.28206728664944],[4.976610844227634,47.28223010413026],[4.97674823158576,47.28229548301417],[4.9769691263908395,47.282353765400266],[4.97705626859295,47.28236993074915],[4.977114687953807,47.28237154670718],[4.9771804337229515,47.28236727439123],[4.977218022973619,47.28236384212458],[4.977167287964756,47.28241999924752],[4.977111195572995,47.2824600381319],[4.977060412621667,47.2824933225946],[4.977047611743617,47.28251227173502],[4.976799810155187,47.282467235471884],[4.976593628449546,47.28247435060871],[4.976598685333178,47.28262258147757],[4.976736537498665,47.28264661820954],[4.976760622917907,47.2827401329317]]],[[[4.977256896588181,47.25346540609592],[4.977075212030518,47.25349903244354],[4.976964118105057,47.25352082858094],[4.97701046562176,47.25364818504618],[4.977016113927104,47.25366150677102],[4.977039487708256,47.253725226610825],[4.977050961953031,47.25384300157397],[4.9770634405150895,47.25395571638875],[4.9770749777573435,47.25407520129013],[4.9770870333917525,47.254187202873894],[4.977095970874398,47.2542683691383],[4.9771084396984095,47.25438081393677],[4.977121523613094,47.25449919179748],[4.977134377255218,47.2546328827367],[4.977156839955923,47.25485520293195],[4.978472291434012,47.25464095035682],[4.978495703806856,47.25470565984937],[4.978506740648019,47.2547359998018],[4.978510385819098,47.25473800884375],[4.978520943302624,47.25476610562637],[4.978517040711968,47.254767883241186],[4.978541692547475,47.25483392238247],[4.978578789677838,47.254936220986664],[4.978266022971812,47.25500936808288],[4.978289806245754,47.25508415731351],[4.978068198080444,47.25513287486673],[4.9780269830028985,47.25501569742451],[4.977956168636637,47.25481662557576],[4.9772979580302925,47.254916014400074],[4.977164320545883,47.25493990611569],[4.977172214975322,47.255035858972136],[4.977183615068193,47.25517317682071],[4.977194818009192,47.25532670771606],[4.977216213621703,47.255595513824],[4.977234611838813,47.25576125937647],[4.9772471004403425,47.25586343762983],[4.977266251594522,47.2559202051936],[4.977395661136471,47.256223551064586],[4.977461556274482,47.25635363575207],[4.977510320903814,47.2564495219329],[4.9775229537448125,47.25648010489777],[4.977615353819104,47.256705014410215],[4.977704198788273,47.256930344691135],[4.977800088409457,47.25717455609314],[4.9778222641585295,47.25722721954423],[4.9778847116336,47.257360604718535],[4.978044141289507,47.257692345025234],[4.978105213745475,47.25780990406376],[4.978150201168611,47.257878568099315],[4.979460384521897,47.25759478403023],[4.980499226199383,47.257367490602185],[4.980504128226035,47.25734975631995],[4.980505847724769,47.2573318062317],[4.9805039914431415,47.257313737108056],[4.98049896922144,47.257295902164564],[4.980495904707232,47.257288119817886],[4.980446486760374,47.25719620834918],[4.9802543228644565,47.25685953678683],[4.980247242988911,47.25685047219722],[4.9801793363878435,47.25676292877483],[4.979986955872162,47.25649569201196],[4.979983732342134,47.25648358978004],[4.979906177834412,47.25617719987808],[4.979893989999445,47.2561479603573],[4.9798782530003995,47.25611932175865],[4.979863967599692,47.25609777263054],[4.979814702242015,47.25602071717374],[4.979753174304022,47.25592315866439],[4.979738402942356,47.255899186362605],[4.979606053403992,47.25568873862301],[4.979452234216964,47.25544479697344],[4.979369245808233,47.255303208033325],[4.97934424487173,47.25526004871223],[4.979262979131227,47.25512212249952],[4.979227838004769,47.25506220610453],[4.979192693642732,47.255002199700094],[4.979135490330306,47.254903486398526],[4.9791152164122146,47.25480549356076],[4.979159708831721,47.25479608896516],[4.978965421272698,47.254336617912806],[4.978888717997238,47.254128551594704],[4.978817107673674,47.25388635791095],[4.97881349464315,47.253874442396146],[4.9790204125573485,47.25383642028425],[4.979023912970322,47.25384527588125],[4.9788371228253325,47.25388034293125],[4.978899494537275,47.25409792944374],[4.978984181726995,47.25433962971902],[4.979043259672433,47.25448928163207],[4.979106283587348,47.25463832583723],[4.979175065058806,47.25479285507388],[4.979383193492128,47.25473373910255],[4.979500992706175,47.25470002914857],[4.979535544639472,47.25469007367459],[4.979619571618963,47.25466594554465],[4.979728022337915,47.25463698770916],[4.979909162093183,47.254588507658895],[4.9801260793670705,47.254531041329464],[4.980142875785063,47.2545238203388],[4.980384350076748,47.25442207786243],[4.980719936034389,47.254279193557025],[4.980794162751781,47.25424757737387],[4.980804589551189,47.25422902823858],[4.980805204435719,47.25418110901098],[4.980733020145475,47.253686684907734],[4.980690091222307,47.253210852388854],[4.980655441337242,47.252916607398596],[4.980607821807355,47.252571883490056],[4.980520220871514,47.25255275747279],[4.9804449935788995,47.25254638782459],[4.9803347948171,47.25253854418786],[4.980288083065221,47.25254150329189],[4.980104431507623,47.25255391532662],[4.9800434887862615,47.25256909454706],[4.979870307026821,47.25265030879558],[4.979797118261099,47.25269928713845],[4.979689803307666,47.25280207002578],[4.979519901220678,47.25294005179957],[4.979512102998902,47.25294378709373],[4.979437190301811,47.2529782959294],[4.979361869878093,47.25300173503368],[4.9791533950327125,47.253065629895964],[4.979125773778473,47.25307699789759],[4.979041967031867,47.253099861209],[4.978609322599934,47.25323250994307],[4.9785364194825465,47.25324618141882],[4.97815689433589,47.25331641514252],[4.977940090731674,47.25335532481377],[4.977622489454578,47.253404688542645],[4.977439063544955,47.25343411263437],[4.977256896588181,47.25346540609592]]],[[[4.9799634376054085,47.25828096095004],[4.979982110745342,47.25826001978889],[4.979986323918579,47.25825589542829],[4.9800333160560015,47.25820655403056],[4.98005614722822,47.258190764978856],[4.98007677795897,47.2581798764027],[4.980098668044035,47.25817085744874],[4.980122220694564,47.25816388133874],[4.980128916104165,47.258162506254735],[4.980692142341987,47.25804752425084],[4.980669907061485,47.25799333141336],[4.98064539045664,47.257931072690695],[4.980642402164878,47.25792536028561],[4.980637006479434,47.2579081621066],[4.980634776773231,47.25789072974337],[4.9806273248718,47.25781773329462],[4.980592058300089,47.257528362225344],[4.980584609294622,47.25747697864387],[4.980583227224926,47.25747177912546],[4.980576618670645,47.25745397128048],[4.980566850804159,47.25743657761158],[4.980560567261646,47.257427589493524],[4.98055113767089,47.25741937554013],[4.98053938834119,47.25741282217623],[4.980526122366269,47.25740818584616],[4.98051134637763,47.25740564654387],[4.98049626004007,47.257405453940834],[4.9802674761500105,47.25745348759366],[4.98003129620796,47.25750542933934],[4.978620340144486,47.257811201597164],[4.978348303806577,47.25787014548715],[4.978177175310272,47.257921423814274],[4.978196091170217,47.25795018849487],[4.978217756590094,47.25797818583593],[4.978236784194574,47.25799920397845],[4.9783071505402265,47.25807815139444],[4.978373275403065,47.258138890214745],[4.978408100960329,47.2581686441807],[4.97845673157863,47.25820689781853],[4.978508081998643,47.25824357411721],[4.9785621621605785,47.25827894306495],[4.978590235130389,47.258297735578054],[4.9787583927499455,47.2584136471818],[4.978859094465665,47.258378788964954],[4.9790225098097896,47.25832277838583],[4.979127778979921,47.258422742561756],[4.979156184735208,47.25846134109579],[4.979048037497783,47.25849875809178],[4.9789336916771365,47.258551049586266],[4.978959841659624,47.258571495797334],[4.979277865342209,47.25845737312108],[4.979416233113975,47.25864790653294],[4.979463447216853,47.25862611806076],[4.979597538875055,47.25857123761007],[4.979811124202929,47.2585090562702],[4.979860473816727,47.25843752146689],[4.9798956272525325,47.2583791967725],[4.979933599767159,47.25832199463086],[4.9799471870261,47.25830303144376],[4.9799634376054085,47.25828096095004]]],[[[4.980066303724182,47.25819716548222],[4.980046948924146,47.25821037366892],[4.98003810612174,47.25821808918289],[4.979967451081533,47.258292959633785],[4.979823475805462,47.25852118276093],[4.979603118727629,47.258582669241186],[4.979461171646904,47.258639755027666],[4.979359370723381,47.258687870431416],[4.97925961881516,47.2587377518443],[4.979165818779396,47.25878762163785],[4.97917779582428,47.258821907816916],[4.979362844235818,47.25878218751002],[4.9800462921121635,47.258634178150125],[4.980107136621673,47.258734629851794],[4.980121935452454,47.258759322056875],[4.979822755092274,47.258835572888664],[4.9798465185967435,47.25887740239983],[4.979926731057933,47.25901885820004],[4.98011605652825,47.25895519941333],[4.980230983661437,47.25892946270235],[4.980587480884661,47.258857905269345],[4.980952634930419,47.258730545571424],[4.98090059194063,47.25852440083842],[4.980897744762046,47.25851175188409],[4.980883933459078,47.258460026749376],[4.980866569548317,47.2584088125682],[4.980841136643019,47.258343237550434],[4.980811464153894,47.25828106693857],[4.980796519199126,47.25825241494043],[4.98069644640901,47.258056636226236],[4.98011513000594,47.25817606963153],[4.980087707718405,47.258185723377395],[4.980066303724182,47.25819716548222]]],[[[4.979314786677519,47.261841322471916],[4.979282310386219,47.261864660343534],[4.979070906112969,47.262029554394005],[4.979018330736834,47.26207827010342],[4.9788859892285275,47.262213267530655],[4.979068847757607,47.26216764177672],[4.979440377086307,47.262072597977166],[4.979314786677519,47.261841322471916]]],[[[4.977939289234345,47.26194917120508],[4.9778851826978014,47.26195630772571],[4.977805789379333,47.261966487037036],[4.9776288316020665,47.26198913655138],[4.977655083540668,47.26212016715203],[4.9777046186310345,47.26236624940795],[4.977396824357371,47.26243552613511],[4.977281111706554,47.26246172351158],[4.977310749308047,47.26252299495077],[4.977330966167707,47.2625655157559],[4.97771901486189,47.262487846427355],[4.978363985548314,47.26236049616399],[4.9785341644548105,47.262326164174674],[4.97857191090776,47.26231660487184],[4.978835232089277,47.26223592661801],[4.978884183187776,47.26216421911056],[4.978967015965427,47.262075003316475],[4.97902424793076,47.26202341650215],[4.979098209071804,47.26196271890153],[4.979174996001498,47.26190332382804],[4.979232172361801,47.261861013378045],[4.979186316300007,47.26177966704866],[4.9792458677686335,47.261758748826686],[4.979188921200099,47.2616564291658],[4.97914175294144,47.26157177322504],[4.978754874958275,47.261670229910266],[4.9787513485968615,47.26167146077806],[4.978676518328284,47.26169777249623],[4.9786072106312345,47.261723179457434],[4.978543402324382,47.26174705169171],[4.9783449266720465,47.26181041346907],[4.978266996964253,47.26158003483923],[4.978044603459988,47.26160814287547],[4.9780616494963335,47.261672330531674],[4.978124680581224,47.261918452637346],[4.977995276105845,47.26193921092476],[4.977939289234345,47.26194917120508]]],[[[4.9783977899023775,47.264044191911346],[4.978403530500946,47.26403842060688],[4.978406454988655,47.26403161669991],[4.97833731938089,47.263792262992354],[4.978316416913753,47.263709590162705],[4.978314902884019,47.26366846150493],[4.978315575478681,47.26361126600863],[4.978351621429299,47.26330753073784],[4.978369113225228,47.26316818959334],[4.978371872967267,47.26316769224642],[4.978384265036817,47.26310543391711],[4.978411343590094,47.262989343145556],[4.978405790994179,47.26298943787039],[4.978431495561079,47.2629222696365],[4.978459207287591,47.262866503960424],[4.978496835637884,47.26278904628063],[4.978529793624415,47.26274642896079],[4.978610111371677,47.26264275774263],[4.978648647236918,47.26258995921058],[4.978679746830036,47.262539989150454],[4.978719086990095,47.262465924210076],[4.9787502904315,47.26239722119794],[4.978830877066003,47.26224698747445],[4.978554656581314,47.26233301885029],[4.977821765917111,47.26247609813809],[4.977607500181552,47.26252027629034],[4.977547576330409,47.26253111398656],[4.977374970120333,47.26256422514093],[4.977202843084989,47.26259957920444],[4.977235437196264,47.26268727600639],[4.977276856286667,47.262680446178905],[4.977298057342,47.26276050255124],[4.977335074009273,47.26275266712247],[4.977371122797344,47.26284795953705],[4.9773881636084685,47.26289044442961],[4.9774160536102485,47.262958139439384],[4.9774081743150385,47.262959714646286],[4.977030618467172,47.263031440548346],[4.976931829012629,47.263043030526994],[4.97695635159832,47.26312708273249],[4.976958933255169,47.26318647407129],[4.976956841589615,47.263194344387294],[4.976941578173458,47.26324332355471],[4.976928063399795,47.26335062761124],[4.976949511173956,47.26341582098015],[4.976971638976237,47.263413192430306],[4.977002952670267,47.263530808875444],[4.977061688245432,47.263681817963366],[4.977181685802911,47.26398775532297],[4.97724282818248,47.26418257934471],[4.977249878716108,47.26419083411732],[4.977259669189729,47.264198051586774],[4.977271779801957,47.264203608535055],[4.977285410683587,47.264207338491744],[4.9772997520307385,47.26420880499544],[4.97766923672558,47.26416558288822],[4.977672790579462,47.26417587844228],[4.978392346530617,47.26404725653808],[4.9783977899023775,47.264044191911346]]],[[[4.978359317587583,47.263742988638064],[4.978364856539413,47.26377486316917],[4.978371730184117,47.26379987085951],[4.978395235879395,47.26386701005483],[4.978441794500157,47.26399976524207],[4.97846123709981,47.264053555754245],[4.97847113057953,47.26413902791666],[4.978477267566672,47.26424104396264],[4.978486584195493,47.26434318586762],[4.9784877750399,47.26435397197907],[4.9784930476994225,47.26440016955701],[4.978501490052538,47.264446223005876],[4.978507157405195,47.2644708009954],[4.978510407588573,47.26448362320573],[4.978584678484952,47.2646576003383],[4.978651791987124,47.26480963641354],[4.978690362418853,47.26489786120416],[4.9787193820269815,47.26496382560161],[4.978755803844627,47.26504758435045],[4.97883376197606,47.26522465027356],[4.978856785030423,47.26527864977622],[4.9788924625169795,47.265385294776394],[4.978930295641089,47.26549658576478],[4.978966360108816,47.265602953974096],[4.979086627934054,47.26598047731892],[4.979134454025473,47.266125998145526],[4.9791584146679435,47.26616233109242],[4.979189247424661,47.266169729636424],[4.979221461367833,47.26626850891568],[4.979178708429672,47.266282296267114],[4.97925929374414,47.26645517457607],[4.979294652320767,47.26653156689475],[4.979363997269441,47.2666147635613],[4.9794224640538145,47.266693553118024],[4.979429498196858,47.26681986817637],[4.979433445890581,47.266830066899004],[4.979504499710271,47.26693808908056],[4.979535571889755,47.266984296507836],[4.979560286690007,47.26701953585644],[4.979580849427347,47.26704980307324],[4.9796483527190425,47.26714761967079],[4.979689008828284,47.26720618090478],[4.979773622459502,47.267402133828966],[4.979829602641857,47.26748880027929],[4.979863050738466,47.26752407058969],[4.979892503366899,47.26753707583329],[4.97991242857983,47.26753925718809],[4.979932667543763,47.26753918184626],[4.979949670325631,47.267537450730835],[4.980111736011987,47.26749794210898],[4.980146035379506,47.26749168314806],[4.980262459224476,47.26747375590643],[4.980678365475903,47.26740802910186],[4.980870513751684,47.267377101061285],[4.981151816017938,47.2673314119527],[4.981537427297673,47.26727295353232],[4.981667765969922,47.26725568766016],[4.981775495797788,47.26723880796462],[4.981882349289281,47.26721969180396],[4.98198832311266,47.26719824918368],[4.9820934205747305,47.26717457010304],[4.982196858334178,47.26714893811276],[4.982211798025597,47.26714508063667],[4.982165901670823,47.267116687688784],[4.982122332114228,47.26708681410062],[4.98208108603605,47.267055369878015],[4.982042560079119,47.267022348244815],[4.982006767519251,47.26698810919107],[4.981998522639831,47.26697978505505],[4.981936206489668,47.266893588070936],[4.981929085178117,47.266883443658465],[4.98189656217854,47.266830237450364],[4.981865443258368,47.26677205429381],[4.981831184467682,47.266714825318125],[4.981813499966632,47.26668730095478],[4.981758383716844,47.266602601809666],[4.981648878539282,47.26645291274624],[4.981625848746378,47.266420346632465],[4.981534722241275,47.26629546838641],[4.981495324410252,47.266238777382426],[4.981462168238828,47.2661899044422],[4.981417622676531,47.26612276509173],[4.98137870334522,47.26603598797804],[4.981339281548992,47.26592481491366],[4.981325746640901,47.26588064972523],[4.981309043774468,47.26582591233212],[4.981288794461209,47.265771865896866],[4.981265782024466,47.26571822687531],[4.981256346024333,47.26569911660527],[4.981241388815884,47.26567019475925],[4.981223291737518,47.26564222708552],[4.981202054793166,47.265615213582656],[4.981181380397515,47.265592693145656],[4.980942800041311,47.26531129860547],[4.980896545783435,47.2652839018753],[4.980822981191889,47.2651400820159],[4.980799921169512,47.26509589934131],[4.980694552001051,47.26488598293733],[4.980705621089067,47.26488480330191],[4.980837219031255,47.265106428952464],[4.98087715461418,47.265166983299636],[4.980913947102325,47.265228401800954],[4.980927981370433,47.265253827363374],[4.980957559077397,47.26527025223185],[4.981311368971895,47.26521080654364],[4.981527934302897,47.265153434610454],[4.981614555636563,47.26513466429134],[4.98169962026121,47.26511673098885],[4.981957193567669,47.26506289003725],[4.982237211516205,47.26500425225516],[4.982671614593271,47.264913346913055],[4.982453662624203,47.264502735867644],[4.982438147356854,47.264458694680016],[4.982427564238022,47.264419251971844],[4.9824143108007455,47.26436121379822],[4.9824050037047725,47.26430256784303],[4.982398476308191,47.264243964424786],[4.982398085732903,47.264179582723266],[4.982400352962681,47.26403662877941],[4.982398877395634,47.26400738655552],[4.982393770532893,47.26394425616438],[4.982385100741095,47.26388136678222],[4.982360698245528,47.263736257144345],[4.982323388830945,47.26365008312445],[4.982260383675798,47.263512837587506],[4.982235950744981,47.26346372567437],[4.982180344144892,47.263354900654505],[4.982134125471884,47.26325311944883],[4.982088270396044,47.263150431472155],[4.982038958821471,47.26305086437676],[4.9820100971706305,47.26300002703041],[4.9819799096529875,47.26294552013429],[4.981952261186208,47.262895292415486],[4.98193309597146,47.26285986862748],[4.981861179742568,47.26274997137469],[4.98178790467292,47.26265702739681],[4.981407696349987,47.26222604315629],[4.98136625378903,47.26217839237632],[4.981346773786808,47.26215594160612],[4.981341398905153,47.262150089891286],[4.981321079258278,47.26212639271023],[4.981280493103716,47.262080438289345],[4.981259783538875,47.26205692786681],[4.981198972644496,47.26197907971293],[4.981168183928027,47.26194052238679],[4.981130274756212,47.261891820569964],[4.979888074474824,47.26221381420422],[4.979630206848998,47.262280893733966],[4.979583824723507,47.26229303224452],[4.979609990313017,47.262346167527106],[4.979682278440516,47.26248784869929],[4.979722810839159,47.26256469297651],[4.979723710148979,47.26256755934144],[4.97973610698649,47.262591662201565],[4.979751253590095,47.262614997689155],[4.97976042991806,47.262627088334675],[4.979785459904814,47.262660160997136],[4.979863165123692,47.26276572811396],[4.979922131165515,47.26284739067571],[4.979968310874164,47.2629374663924],[4.980192111229569,47.26327053593922],[4.980260420701718,47.26336878877051],[4.980369826186766,47.26351604941154],[4.9804096791073285,47.26356363761646],[4.980447366597151,47.263606309836675],[4.980492415494944,47.263654889925974],[4.980513868827608,47.263677036968836],[4.980566185806544,47.2637505278213],[4.980643651497423,47.26387104741652],[4.980651331315568,47.26388559499896],[4.980666452145712,47.26390821037895],[4.980684319480553,47.26392996836705],[4.980744030107569,47.263999460558345],[4.980774766625303,47.26403657801341],[4.980880941143756,47.26414994314372],[4.980970305712415,47.264237930029985],[4.981069564429816,47.26433592389759],[4.981062531368761,47.264338925752924],[4.980878050135773,47.26415764708244],[4.9807744576810355,47.26404973112078],[4.980655486082047,47.26391217991772],[4.9805458506991025,47.26373718694783],[4.9805378306954395,47.26372417607983],[4.980522426119007,47.26370462735265],[4.980504281704772,47.263686116002916],[4.980151438590607,47.26379309123005],[4.980148820116703,47.26378665207763],[4.980499250314561,47.26367881752743],[4.980441821939469,47.263617391066575],[4.980388789657191,47.26355679004481],[4.980338890638201,47.26349505485194],[4.980247707084697,47.26337918192185],[4.9801788252549635,47.263276166013306],[4.98014774471799,47.26322968869814],[4.980054843674634,47.26308871997616],[4.979957321747237,47.2629408058874],[4.979905863411278,47.26284748830115],[4.979869541193148,47.26279875900534],[4.979839423512673,47.262756857906176],[4.979785895452169,47.262682757029424],[4.979755817685756,47.262641935871294],[4.979725753226103,47.26260147469295],[4.97965518629091,47.26248497919297],[4.979596617390636,47.26237098045371],[4.979533477205512,47.262251386332686],[4.979444195157588,47.262079286832474],[4.979358860621019,47.26210055516462],[4.979205152671888,47.26214028066485],[4.979137132802337,47.26215756112465],[4.979087967788547,47.26216956682318],[4.978882357843601,47.26222242491465],[4.97879267028962,47.262384160726945],[4.9787309274412,47.26251804334349],[4.978716450391267,47.262545216392816],[4.978671709024141,47.26261270951575],[4.978566960191012,47.26275344942538],[4.978537251335753,47.262798082556706],[4.978510355167192,47.26284365828278],[4.9784962546518035,47.26287028455211],[4.978483171675591,47.26289221067199],[4.978473291414871,47.26291489263376],[4.978466570801923,47.2629371604761],[4.978448328085666,47.26299141380773],[4.978422557768723,47.263099917768585],[4.978411575654239,47.263146572777],[4.9783993270242135,47.263223507397925],[4.97838799417539,47.26330375837494],[4.978360656526684,47.26352062350618],[4.97835654693752,47.26358147978044],[4.978353827399634,47.26362619274929],[4.978354300687694,47.2636713915727],[4.978357348216254,47.26371105321341],[4.978359317587583,47.263742988638064]]],[[[4.980763839372859,47.26823019865943],[4.980791572408492,47.26828267647399],[4.980868404021365,47.26842887188923],[4.980983675448611,47.26864879487812],[4.981219729097526,47.268602887987505],[4.982030599394624,47.26845206248759],[4.982412919925276,47.268379519137014],[4.982753113052053,47.26831624978132],[4.982715748197097,47.26821791970189],[4.982677986827541,47.268119596387145],[4.98265643906442,47.2680626906857],[4.9826349179107154,47.26800650495321],[4.9825751594696035,47.26784984271409],[4.9825531820713405,47.267792043799645],[4.982532100946147,47.267737021220036],[4.982511476276666,47.267683611797686],[4.982490232312177,47.267602656569395],[4.982461066759702,47.26748986772713],[4.982414347751482,47.26738539367848],[4.982318988974016,47.267170985082906],[4.982315672483269,47.26716356732217],[4.982300296311495,47.26716635162909],[4.982165863860546,47.26719098252338],[4.981884320883588,47.2672516271235],[4.9817700771063445,47.267274831919984],[4.981481773844097,47.26731361797696],[4.981076029483093,47.2673750316554],[4.980874051430823,47.267408469317],[4.980393765304934,47.26749348695297],[4.980540375787126,47.26779923657476],[4.980564478829835,47.26785015546947],[4.980763839372859,47.26823019865943]]],[[[4.983764099413153,47.26969443190988],[4.9837615699254565,47.26969042276497],[4.983648193187363,47.26951144434355],[4.983534970701246,47.26930436647441],[4.98348815564692,47.26921889580849],[4.983449511741048,47.26915048561185],[4.9834133840790775,47.269085724567105],[4.983444484233788,47.26907879892639],[4.98366694830951,47.269030327795896],[4.9835462407630535,47.26890001349223],[4.983332848015532,47.268731840585716],[4.983170076104924,47.26858018208539],[4.983071834835246,47.26848856638861],[4.982951632455166,47.26833960176286],[4.982851974797972,47.268349410386605],[4.982634828391157,47.268380588877456],[4.982515689885144,47.26840027589276],[4.982416340808235,47.26841845384173],[4.982369887614384,47.26842879350083],[4.982073028212044,47.26849402277667],[4.982029324910548,47.268503594874794],[4.9816480635086045,47.26857260675133],[4.981437914162399,47.268610597540416],[4.981290170610037,47.26864031762934],[4.981221223784227,47.268654192939444],[4.9810541865321465,47.26868811459545],[4.980878473854433,47.26873434139296],[4.980847420013775,47.268742526302034],[4.98067139516032,47.26878029308517],[4.98060319155151,47.26879280452745],[4.980552374462438,47.26880321796612],[4.980473306542454,47.26882248875324],[4.980592510954433,47.26909529635201],[4.980630237936288,47.26918200394631],[4.980670973868617,47.26927496388438],[4.9807206113498905,47.269415590167796],[4.980739205153324,47.26946777378624],[4.980739629312597,47.26950081615365],[4.980741456265591,47.269593449937126],[4.980758609977547,47.26970347244511],[4.98078618031534,47.269794585941156],[4.980797902080938,47.269821852052765],[4.9808306049518505,47.269879918329885],[4.980869476417161,47.2699653455412],[4.980893703092319,47.27004111697742],[4.980918024193435,47.27013021470055],[4.980959696540091,47.27036697382961],[4.981046879086892,47.27035242704623],[4.981110453961378,47.270343506527325],[4.981347419337125,47.27031136213473],[4.98143319090458,47.27030161199204],[4.981533770303797,47.27028440453275],[4.981673340903942,47.270258966324434],[4.981757763008326,47.27024491643018],[4.98191856752581,47.270214072123174],[4.9820560066737105,47.27017390110317],[4.9824487815717,47.27004012299319],[4.982971623498088,47.26988160650062],[4.983186038470989,47.26983003205928],[4.983764099413153,47.26969443190988]]],[[[4.9803770455213,47.270443022751316],[4.980678403348163,47.270402576006276],[4.980943549269836,47.270370401479866],[4.980904227130693,47.27013279172711],[4.980876518942547,47.270027182018886],[4.980828810299388,47.269906604792745],[4.980778890627477,47.269812180797764],[4.980770091488821,47.26978882712326],[4.980741150159911,47.269703590509636],[4.980724340068133,47.269592121276645],[4.9807243542794435,47.26947406098223],[4.98071637176406,47.26945132373003],[4.980680370913606,47.269346846162826],[4.980660408097071,47.26928982302686],[4.980620005804983,47.26919514637289],[4.980599588138486,47.26914731644364],[4.980561983961937,47.26906393871991],[4.980520395356453,47.26896937233962],[4.98045672656274,47.26882493314598],[4.979999313872949,47.26890631637595],[4.9795899108120825,47.268976522223525],[4.979403579980812,47.26900392670149],[4.9793727931302385,47.269008594568774],[4.979294159788247,47.26901813135332],[4.979245110058828,47.26902266057836],[4.979190077296702,47.26902639134508],[4.979140938054438,47.26902849061127],[4.979085802526691,47.269029431426326],[4.978767968659238,47.2690210761609],[4.9787286398194555,47.26902012617082],[4.97864488191971,47.26901984406646],[4.978533024228689,47.26902175226475],[4.97863558199501,47.26925234046192],[4.978716461647654,47.26943313866278],[4.978745635158607,47.2694924363995],[4.978770155062594,47.26952236606723],[4.978794123601206,47.269558879033156],[4.97880178260384,47.26959440950192],[4.978801508357649,47.26963007531766],[4.97880154812751,47.269631155279654],[4.978807838617496,47.26976964009961],[4.978889103190555,47.26991774222628],[4.978921850458853,47.269977068994656],[4.979023156872974,47.27005503771883],[4.979032855845024,47.27005973511084],[4.979042485212477,47.27006254256898],[4.979054428285603,47.27006350948066],[4.979065901771294,47.27006250322957],[4.9792052740718065,47.270031668179584],[4.97936403273914,47.2701823198853],[4.979359451880804,47.270219590101696],[4.979361757932842,47.270239092329106],[4.979419547043303,47.27034247797315],[4.9794698347709385,47.27040384663394],[4.979704127083187,47.27054690504566],[4.979765028029856,47.27059467448074],[4.980095250619246,47.270518885926904],[4.9800653473139835,47.270482924803545],[4.9803770455213,47.270443022751316]]],[[[4.977021514719733,47.27028161749946],[4.976974888066324,47.270362829847166],[4.977015350434261,47.270502443200606],[4.9774367034221125,47.270551633795726],[4.9776779887596545,47.270604433628094],[4.978000674872433,47.27065809615437],[4.978002274806499,47.27065842908305],[4.978241710355492,47.27071486143655],[4.978289665407853,47.270723679229036],[4.978343139793869,47.270720695929725],[4.978576031089783,47.27070717773494],[4.978710584362462,47.27069632731284],[4.978744615200291,47.27069349541974],[4.978801666196439,47.27069063099789],[4.978856820004902,47.27069014030245],[4.978900936633309,47.2706917290102],[4.978939215893989,47.27069647911001],[4.978977455387247,47.27070014923567],[4.979011278473249,47.270702453849324],[4.979049835095242,47.27070395726013],[4.979083581948786,47.27070419192658],[4.979122459005443,47.27070361861883],[4.979161289653735,47.270701785343064],[4.979194937060004,47.270699320073625],[4.979228554628762,47.27069604482338],[4.979266472586502,47.27069098516594],[4.979332345303113,47.270679775089285],[4.979512855552829,47.270634279403325],[4.97961509581265,47.27061902645966],[4.979748857404395,47.27059747198696],[4.979717335670712,47.27057144427306],[4.979460960041713,47.27041075209489],[4.979441197217663,47.27039145773646],[4.979417816819816,47.270360157960795],[4.9793554036035905,47.27026054341663],[4.979313825203635,47.2702200985709],[4.979320673488564,47.27021205700811],[4.979324678800282,47.270202262893164],[4.979324304197846,47.27019209325505],[4.9793191861673565,47.27018245483081],[4.979312177625475,47.27017537016236],[4.979293483420868,47.27016353197298],[4.979272210325537,47.27014633458651],[4.979255707187554,47.27012932595923],[4.979239058203645,47.27010835747019],[4.979232079516135,47.27010208276791],[4.9792243638507525,47.270097351548536],[4.979215891317759,47.27009362383108],[4.979193812797731,47.27008688636548],[4.9791696680821325,47.27007793281876],[4.979139493828447,47.27006692087185],[4.9791266844968005,47.270063987576144],[4.979113151443147,47.27006295774893],[4.979099701257039,47.27006417784035],[4.979089077453149,47.270066700503804],[4.979072236260555,47.27007284133497],[4.979059219197992,47.27007504461829],[4.979043326033204,47.270074595373345],[4.9790297034852316,47.27007113562252],[4.97901714829937,47.2700643256837],[4.979010172958017,47.270058140964785],[4.97890488001559,47.269979699925905],[4.978792642762756,47.26976656737745],[4.97879024973637,47.269733918830546],[4.978783285060778,47.269631016593806],[4.9787842751698745,47.2696147900944],[4.978785178078723,47.26958541728962],[4.978773457385771,47.26955815097204],[4.978759462781897,47.26953380515526],[4.978721613403174,47.26948681264045],[4.978683308056322,47.2694058777682],[4.978606144303416,47.269228978503385],[4.9785597517205336,47.269122426281534],[4.978514814387924,47.269023053486414],[4.97838160670639,47.269027216856834],[4.978248286355695,47.26902832018072],[4.97817642489016,47.269027744775784],[4.978094193983,47.269025815269096],[4.9778616683787895,47.26901672299592],[4.977750696729619,47.269021136824236],[4.977622862442607,47.26905267397141],[4.977602838192827,47.269058598707936],[4.977585990522139,47.26906455933208],[4.977560991859582,47.26907552181212],[4.977537646063314,47.26908825717224],[4.977514412862872,47.26910405242182],[4.977495939560941,47.26911976651167],[4.977484159780321,47.26913401567633],[4.977471672783698,47.269150618284506],[4.9774623060668235,47.2691657268386],[4.977453025453287,47.269183175310914],[4.977441398754724,47.269212370716915],[4.977430622425268,47.26925388893212],[4.977418401087179,47.26928849767347],[4.977402983263917,47.26932253053574],[4.9773873004795135,47.2693493636448],[4.977381688363236,47.26935864476505],[4.977325883536535,47.269438482875096],[4.977297095011429,47.26947589553085],[4.977126414478237,47.269680614655535],[4.977113973602779,47.26969847717783],[4.97710272933308,47.2697164994077],[4.977093494865925,47.269735207803656],[4.9770854603184445,47.26975416590483],[4.977078816502604,47.26981092269342],[4.977075530735111,47.2698618588271],[4.977074453454732,47.269918880939535],[4.977071771273531,47.27010488674861],[4.977069928389164,47.27013031319474],[4.9770660955452595,47.270155593454156],[4.977060659472446,47.270180450774596],[4.977053643347477,47.270205515133874],[4.9770454239681525,47.27023023978921],[4.977043232703686,47.270235410178564],[4.977036682086421,47.27025155132432],[4.977021514719733,47.27028161749946]]],[[[4.9797141574011174,47.271465548187116],[4.9796697181733505,47.27142290096362],[4.979641911667992,47.27136844301916],[4.979603976233402,47.27118988433251],[4.9796223818306595,47.271129234459025],[4.979591788717466,47.27092371454178],[4.979585380821596,47.27087906739079],[4.979755507568804,47.270853380187354],[4.979765348100775,47.2708511409953],[4.979782999381009,47.270845436507805],[4.979800551180416,47.27083703211475],[4.979814096466567,47.270827615466416],[4.979826362202708,47.27081578921659],[4.979833901035221,47.27080494418407],[4.979838686376576,47.27079477652486],[4.979841422040073,47.27078284278493],[4.979841771042994,47.27077076967698],[4.979789262992237,47.27063838696673],[4.979784290733809,47.27063270842257],[4.9797765848911855,47.27062824723124],[4.979767368633372,47.27062588304784],[4.979758618678732,47.2706254020252],[4.97961177021536,47.27064726992148],[4.979304790618413,47.27071833787498],[4.979274045872371,47.27072417567095],[4.979238531122645,47.27072982469504],[4.9792073267086225,47.27073395930334],[4.979171339032945,47.27073754514964],[4.979112317910156,47.27074080358262],[4.979053194026206,47.2707412720852],[4.979044060646574,47.27074115776408],[4.978998257852324,47.27073689627942],[4.978969184854645,47.27073424045627],[4.978911121728067,47.270731178707855],[4.97884715825689,47.27072956839548],[4.978782874344898,47.27073003474142],[4.97870164956718,47.270733941923595],[4.978654928539132,47.27073708034173],[4.978350904694967,47.270759106309306],[4.978258204338876,47.27074240659614],[4.977751148322944,47.27065100448371],[4.9772522526218035,47.27056558469564],[4.977027147278627,47.270542585996374],[4.976838413776833,47.27058038330368],[4.97683976239785,47.27074650862282],[4.976930035233927,47.27091300943827],[4.977007992482814,47.271036044262935],[4.977098139106803,47.271177512287494],[4.977135241967966,47.27123658515904],[4.977218495313102,47.27135250541065],[4.977263651174007,47.271414682882586],[4.97731135610045,47.27148140959893],[4.977418146100445,47.27168680162559],[4.977499075219681,47.27182581493487],[4.977634064082944,47.27203162653077],[4.977655513762029,47.272064400410464],[4.977955657826184,47.272001468333485],[4.978772187215144,47.27187335382754],[4.978824993684396,47.27195998474722],[4.9789662196146365,47.27193623268144],[4.979037608810175,47.27190232530755],[4.979067517852121,47.27186300202013],[4.979873890086353,47.27172865919064],[4.979841990427978,47.27167084913563],[4.979800700744037,47.271595188681886],[4.979772765927735,47.27154802727891],[4.9797141574011174,47.271465548187116]]],[[[4.980122756887092,47.27472282499897],[4.9801226474366,47.274719855110845],[4.980123842869356,47.27470920842335],[4.980133048589511,47.27470049621958],[4.980223545363432,47.274614121201886],[4.980346532502289,47.274429213489576],[4.980698911374287,47.27436160051578],[4.980689196839962,47.27427036234008],[4.981054205478581,47.274200821584],[4.981009681406651,47.27406983405086],[4.981009668134145,47.27406947406443],[4.981029985090557,47.274017616606564],[4.981050629020462,47.273963862440155],[4.981043985791234,47.27390210929334],[4.981059046424638,47.273826117262615],[4.980904508832867,47.27381191652873],[4.980824314417281,47.273693154948326],[4.980757468075934,47.27359190587422],[4.980714791235177,47.27352176269576],[4.980678879569874,47.27346285069572],[4.9806488932092075,47.27341392347559],[4.980622686114129,47.273370605072955],[4.979730018674735,47.27357666705057],[4.9797257897953635,47.273569625019654],[4.980614106810647,47.27336399756995],[4.980617184127531,47.27336133347861],[4.980473638310626,47.27312838516682],[4.980416751693213,47.27303885287781],[4.980377154395025,47.27297685184559],[4.9803366563280855,47.272901178077134],[4.9803366297926654,47.27290045810377],[4.980277379430801,47.272779087233445],[4.979766606830477,47.27287830982735],[4.979727193474558,47.272885916633214],[4.979137595122666,47.27300044002113],[4.978599619131775,47.273104804321655],[4.978596914225427,47.27309602524392],[4.979470669867961,47.27292622588004],[4.979722504961044,47.272877171433656],[4.980273824509056,47.272768791795],[4.98025452154681,47.272654303379696],[4.9802538389527164,47.27261424131147],[4.980253488036454,47.27258317891102],[4.980241969591764,47.27257220894719],[4.980215671010983,47.272558699657736],[4.980183633130999,47.27254024535734],[4.980175856020304,47.27252308789086],[4.980125962310117,47.27240786093499],[4.98008475530092,47.27231292776794],[4.98008099280276,47.272307768905236],[4.980002344026784,47.272198526019444],[4.9800006399516885,47.27218459684454],[4.980006900115569,47.27214981945431],[4.979986870646614,47.272090996333006],[4.979952614078654,47.27198000503114],[4.979924896859609,47.27187412518454],[4.979887021517474,47.27174032208422],[4.979112475215713,47.271865837064524],[4.979076094502013,47.27188032602234],[4.979081530867879,47.27189860413795],[4.979059830589735,47.271912932657834],[4.97900983228347,47.2719456645996],[4.978846898310626,47.27197275882745],[4.9790227209423215,47.2722417200244],[4.979001862518353,47.27224657857024],[4.978775363742562,47.27190571882168],[4.9784403232517045,47.27196951843799],[4.9783122958640496,47.271985210111794],[4.9782336612921005,47.271994836162754],[4.978067137662257,47.27203225658014],[4.977798658493032,47.272092757900865],[4.978023681696121,47.27256620298296],[4.978014997701566,47.272567521764174],[4.977985015310392,47.27257253571404],[4.978006429852152,47.27261512593174],[4.978043238294105,47.272687711519495],[4.977955145135055,47.2726992096715],[4.976880249533708,47.2728395564374],[4.976935436000476,47.273012508603586],[4.977055773054605,47.27340263922755],[4.977077033617047,47.27347341886735],[4.977094630591424,47.27353093307616],[4.977120457577413,47.27361793449817],[4.977167502396493,47.27377454556841],[4.977168550783044,47.27378146179294],[4.97717421164056,47.27390293708766],[4.977177349712668,47.27396664124359],[4.97717844257516,47.273996340161425],[4.97718133890253,47.27405347455439],[4.977226495683081,47.27424505839179],[4.977242457324319,47.274312056024364],[4.977260303866165,47.27438712630786],[4.977447354311706,47.274767023827856],[4.977470958167822,47.27481516008705],[4.977580283402549,47.274916677313634],[4.977646861303268,47.274978399335275],[4.977854014032577,47.27516019676373],[4.977987488062028,47.27540007375245],[4.978081371561691,47.275556516084606],[4.9784047127334485,47.2762092902265],[4.97849549533798,47.276410811662956],[4.978506707992483,47.276435024815],[4.978595476964829,47.27662496366055],[4.97861718630517,47.27679407332315],[4.978635088006254,47.276935241404246],[4.978630645578222,47.276943962276526],[4.97855933982739,47.27709889915179],[4.978623472015535,47.27723423571566],[4.978749496818286,47.277131496757825],[4.978889549841537,47.27704319699828],[4.979002969327094,47.276953910584254],[4.979043090843887,47.27692233787942],[4.979153723963116,47.27681130598618],[4.979243218063221,47.27672990192403],[4.979455573889365,47.27661083032873],[4.979487692144374,47.276588309286645],[4.979514682931766,47.27656668621204],[4.979544631879916,47.27653915919538],[4.979547319349467,47.27653668189889],[4.979573684578037,47.27650885581737],[4.979583594593799,47.276497700216446],[4.979828843995785,47.27621561065052],[4.979862355106558,47.276177036258204],[4.979888562871429,47.27613417390369],[4.97990708717315,47.27608748034567],[4.979932915520588,47.276023552011594],[4.979936097885975,47.27601296147201],[4.979937683461394,47.27600212802763],[4.9799376291339374,47.275989881723085],[4.9799361703724445,47.2759826123148],[4.9799356443213485,47.275979109219854],[4.979929060237224,47.275962021443625],[4.979918152150656,47.2759460881089],[4.979898644548133,47.275923007244536],[4.97975679863311,47.27575783925474],[4.980042269957889,47.27572712148562],[4.980111649403917,47.275713960116754],[4.98021729904354,47.27568324954104],[4.980317663979528,47.27563840068141],[4.980412326938088,47.27560040307014],[4.980781072080184,47.275416612097814],[4.980911476534994,47.27534675526662],[4.9810257385469505,47.27528050593481],[4.981155357391996,47.275200126002396],[4.980958212625588,47.27508552318881],[4.980797821761347,47.27500955564628],[4.980334621037174,47.27490300681216],[4.979702818276299,47.27486381189023],[4.97966149168907,47.27486262608105],[4.979549829577652,47.274859398677734],[4.979513686641379,47.27485884477967],[4.979472839653637,47.27485990204904],[4.979427685311963,47.274862563711345],[4.979387341115889,47.27486649407306],[4.9793430962060246,47.27487229204558],[4.979321006900998,47.27487609099177],[4.979264749336705,47.27488983848721],[4.9791983266777615,47.27490781179098],[4.979202414124154,47.27488946125038],[4.979207836422017,47.274864243890555],[4.979404257716968,47.274840810401514],[4.9794070346262975,47.274840763015455],[4.979511049947955,47.27484114929407],[4.979685043866374,47.27484466374916],[4.979773812110034,47.274840627241986],[4.980027272327938,47.27484620688879],[4.980055074584077,47.274846632842156],[4.9801149918958085,47.27478140209483],[4.9801251456136955,47.274766099823964],[4.980122756887092,47.27472282499897]]],[[[4.982027949166747,47.27725779448167],[4.982010820324546,47.27714858246697],[4.981986568819787,47.27698618065076],[4.981949684112413,47.27698708101214],[4.981942896767536,47.27698602628596],[4.981937246455688,47.276983511281564],[4.981932753096287,47.276980075977896],[4.981930213442738,47.27697579681551],[4.981929664013006,47.276971663755695],[4.981932175431297,47.27694289387724],[4.9819351682134245,47.27690565077335],[4.981929695507166,47.276875666508346],[4.981936252101902,47.27685970512267],[4.981935579838467,47.27685224219295],[4.981941336357394,47.276836114370056],[4.981925139056324,47.276805953126306],[4.981923158791292,47.27678455429768],[4.98192239689541,47.2767746614626],[4.98191558799702,47.27676226039984],[4.981901453980944,47.27675574789319],[4.981883905577808,47.27671048078902],[4.981876675112074,47.27664360473687],[4.981874686603411,47.276568174122076],[4.981872337930261,47.27645069480797],[4.981872859139091,47.27644330153952],[4.981871396783791,47.276435942160404],[4.981868387414442,47.27642968985061],[4.981863811113185,47.276424004631075],[4.981858481223876,47.276419412924994],[4.981852377828287,47.2764153747532],[4.981844304149193,47.276411730455976],[4.98183546692289,47.27640890968215],[4.981827469597647,47.276407335303226],[4.98181791861879,47.27640668799946],[4.981808014082484,47.27640721742706],[4.9817141490562875,47.27645609896387],[4.981689911348828,47.27646623877758],[4.981683170546467,47.27646644398702],[4.9816727663838245,47.27646419028872],[4.981665843016115,47.27645944568957],[4.981649704122858,47.27642009798227],[4.981655862422812,47.27639333702896],[4.981648979000375,47.27636814966775],[4.981639122972478,47.27629465451245],[4.981634191649332,47.27625781693715],[4.981624345619753,47.27618459176684],[4.982044824251243,47.276144178319406],[4.982065634112553,47.27613796928662],[4.982325812127376,47.276002676016404],[4.982299562099304,47.27589370991136],[4.982297440680596,47.275879247591384],[4.982292738857117,47.27573028981233],[4.982288451289207,47.275710911579644],[4.982282806000155,47.275697770223076],[4.982255994048518,47.2756704019503],[4.982091824801293,47.27551363289975],[4.982088169750411,47.2755006376326],[4.982080955863727,47.275455734270025],[4.982061991797363,47.27538284501309],[4.982060409677356,47.275286154845446],[4.982071072254163,47.275187814595],[4.982117892551665,47.27501510286509],[4.9819370660298965,47.275041606474225],[4.98190515388653,47.27505890163089],[4.981864328363161,47.2750713060849],[4.981846196223351,47.27507476774342],[4.981725719703713,47.27509087436547],[4.981639832616936,47.275108461182604],[4.981534594899794,47.27513952627033],[4.981454483889351,47.27516304784481],[4.9814087433136995,47.275182109980136],[4.980909444963105,47.27543162009817],[4.980775351484009,47.275530627103635],[4.980676017018865,47.275614181656515],[4.980649781684491,47.275667040589795],[4.980648310972096,47.275670217564155],[4.9806361532814805,47.27570653648899],[4.9806336782299265,47.275714773591304],[4.9806422232176715,47.27578504929434],[4.980703946588508,47.27595185453951],[4.98071373919154,47.27598059440562],[4.980741827398792,47.27606413442267],[4.980768668768318,47.27624306205209],[4.9807766485448735,47.27628723196135],[4.980840346354582,47.2763783587262],[4.980845339164187,47.27638457719102],[4.980975423240789,47.27654283055273],[4.981013038805516,47.2765940588088],[4.981037145893124,47.27666650014022],[4.981052719607657,47.27673359395408],[4.981070399385435,47.276825506474296],[4.981106460599052,47.276942229902644],[4.981122859909932,47.276977881045426],[4.9811987551613335,47.27714138215394],[4.98127124148798,47.27729854765822],[4.981215205485564,47.27760901742263],[4.981198146459239,47.277609308772895],[4.981196482960126,47.277628788664344],[4.981195760725855,47.27764149849358],[4.981198605103567,47.27769710276151],[4.981212692543078,47.277723878108],[4.981229767928834,47.27774555944503],[4.981244001686242,47.27775477192489],[4.98127632538919,47.277759352886086],[4.981301224207523,47.27776712246057],[4.981331616722431,47.2778377453487],[4.981308468206844,47.277909732972674],[4.981247169776916,47.27794833207726],[4.981558775556888,47.27822766767537],[4.981736556451646,47.27838735675129],[4.982230557551198,47.278832874449904],[4.982769012810877,47.2792887068433],[4.982884587369861,47.279225585317334],[4.982965906872019,47.27918087974067],[4.983195867918289,47.279054746517716],[4.983303682923437,47.278996530023086],[4.983680693658333,47.27877818868988],[4.983749009467973,47.27873613633067],[4.983917481294103,47.278632755893454],[4.984039674884534,47.27853394894033],[4.984185470120053,47.27841852858055],[4.984278119791069,47.27833670641661],[4.984365705984498,47.27824677594404],[4.984391825737537,47.27822309540601],[4.9844700906332315,47.27816025021074],[4.984582349598304,47.27807196870372],[4.984712064044597,47.27798338843305],[4.984810907961798,47.27791884010075],[4.98383062372999,47.27718357403386],[4.984005824839921,47.27725180977976],[4.984125444957387,47.27729839258445],[4.984122014076075,47.27730223350334],[4.984164721031021,47.27731924351736],[4.984245287973334,47.27735100502344],[4.984283004311462,47.277308124895676],[4.984347394000365,47.277235070904375],[4.984473725353504,47.27728063801861],[4.984490104985958,47.2772727032803],[4.984525782982153,47.277303611558615],[4.984774394698415,47.27717760610514],[4.9846919216702235,47.2771049933903],[4.984839432557629,47.276982428488814],[4.985025057176302,47.276827782583354],[4.98482313761284,47.27671326787674],[4.985026111371388,47.276544727035734],[4.985213310813176,47.2763897836577],[4.985250809902505,47.27637329251281],[4.985483283468926,47.27617596918724],[4.985650013943476,47.27630504338694],[4.985997454559855,47.27657618958796],[4.986047743184563,47.27649761258134],[4.98611818828388,47.27640590286277],[4.98618252781995,47.27633158787692],[4.985891535099174,47.2758799995281],[4.985819939783703,47.27585465947399],[4.985414757958138,47.275223927435896],[4.985550478943208,47.27520143239994],[4.985969092370113,47.27513230943153],[4.986607063163855,47.275026738963355],[4.986600579505601,47.275023157815205],[4.986310566589587,47.27489862752066],[4.986150265194141,47.27482527726832],[4.986116203829974,47.27480586862491],[4.986085226271016,47.27478397572944],[4.986057752504046,47.27476022176714],[4.986040439095767,47.27474286773554],[4.986025079257808,47.27472466977296],[4.9859442916580345,47.27461168513247],[4.9859364716355845,47.27460416447828],[4.985923857966934,47.27459582535991],[4.985910163976324,47.27459047649795],[4.985892969553855,47.27458707868445],[4.9858766816253,47.27458672716455],[4.98556336669537,47.27462640109852],[4.985215717024363,47.274682241038064],[4.985082394032978,47.27470514493644],[4.984928948954058,47.274731364771164],[4.9848090337302615,47.27475187763593],[4.984434339199238,47.27481709324481],[4.98392260657583,47.27490140142465],[4.98353138268522,47.27495978256952],[4.983314903705106,47.27498824878768],[4.983153720308294,47.275009195354095],[4.983104867098402,47.274976170525186],[4.98305858681181,47.27494832478177],[4.982943260172202,47.274899596315834],[4.982341516231108,47.2749866068469],[4.982184404122694,47.27502108052819],[4.982178460337757,47.27504288493594],[4.982183698869466,47.275055763090386],[4.982142953285388,47.27511337301984],[4.982118406138925,47.27519042780633],[4.982105897868072,47.27528177544619],[4.982106932181514,47.275342093458136],[4.982107518209783,47.27536873920957],[4.982110413046914,47.275382647999464],[4.982124120316927,47.275431402749184],[4.982136743645143,47.27546153499451],[4.982221496498267,47.275563828088295],[4.9822742422792015,47.27562704465582],[4.982319942002898,47.27568218676521],[4.9823229214990885,47.27568762909658],[4.98233357631797,47.27570743883628],[4.982350326643729,47.27578486854161],[4.982369800212439,47.275979140819224],[4.9824201532403745,47.27606356072297],[4.982515775163665,47.276051570389306],[4.982642148859854,47.27647491207196],[4.982775936915926,47.27664732860693],[4.982885577078058,47.276789269511355],[4.982909759045279,47.276820644940045],[4.983016927703699,47.27685258292297],[4.982826514844482,47.276899153439324],[4.982767910807786,47.27692464962871],[4.982750538659911,47.27694872061361],[4.9827362738057355,47.276970937420124],[4.982723315331372,47.27699628375821],[4.982713454194172,47.27701950593031],[4.9827127670373255,47.27702239937822],[4.982706158156645,47.27707996628952],[4.982701678343658,47.277098413714334],[4.982695204975581,47.27711662505291],[4.982690296729937,47.27712346293525],[4.9826830214605895,47.27713070148698],[4.982674929505789,47.27713732362433],[4.982665614184326,47.27714306613836],[4.9826538853423985,47.27714794937038],[4.982646457296148,47.27715104808315],[4.982617355883163,47.27715847956389],[4.982591848171761,47.27716647998959],[4.982554678013083,47.27718116356057],[4.9824921280585635,47.2772180737424],[4.982432916037592,47.27724862312039],[4.982260340204122,47.2772730049117],[4.98220249400639,47.27728678093497],[4.982171184691441,47.27727741008203],[4.98212662761429,47.277264033086],[4.982029914525795,47.27726802696473],[4.982027949166747,47.27725779448167]]],[[[4.981046240342573,47.276880851497666],[4.981018196565186,47.27676624246177],[4.980999933995824,47.27669081961786],[4.980980530738267,47.27663828975774],[4.980955214777342,47.27659765783288],[4.980944392529985,47.2765840645082],[4.980808540677708,47.27640933981834],[4.980755604847053,47.27635170916365],[4.980708763891396,47.27630865308435],[4.980706406886375,47.27615857466523],[4.980706329159354,47.27614569838607],[4.9806876572574845,47.27606992226166],[4.980677333821421,47.27602678294708],[4.980608403858449,47.275836776962194],[4.980591771087963,47.275805542334915],[4.98058706227388,47.27579625720132],[4.98057765566637,47.27573491147428],[4.980589994998047,47.27567121328101],[4.980586720947248,47.27563623848572],[4.980544309783567,47.2756379532018],[4.980088723681818,47.27580278369016],[4.980059987476081,47.27582011415628],[4.980036926602603,47.27582987332602],[4.980018295847184,47.27584135793581],[4.979992017149012,47.275925375842995],[4.97999072063363,47.275976368072186],[4.979992786329509,47.27600010685155],[4.9799899986441885,47.2760214069841],[4.979980807213596,47.276041285517344],[4.979978756561055,47.27606104216486],[4.9800029352260635,47.276081611849634],[4.98001548123612,47.276109674396835],[4.9799836109550455,47.27612813897274],[4.979966510547602,47.27613806654565],[4.979936252819929,47.276178746716205],[4.979906045593227,47.27619925410618],[4.979839350845257,47.27630683528428],[4.979758955356166,47.27640888684219],[4.979749402312198,47.2764189557292],[4.979699339660769,47.27647159068843],[4.979672197668642,47.276499880322405],[4.979605933794729,47.2765653091141],[4.979557162613382,47.276609907234956],[4.979505101581578,47.276651409613265],[4.979481442448994,47.27666649200564],[4.979445138160813,47.27668314096827],[4.979375307674432,47.276727197830155],[4.979320025107387,47.27675668797012],[4.979245212830226,47.27680560256857],[4.9791405428156,47.27693841572196],[4.979097655365101,47.27698111218378],[4.9790822076931285,47.27699281248049],[4.979019896410651,47.27705781325482],[4.978963717111022,47.27708452686408],[4.9789041562350675,47.2771164311591],[4.978880837096637,47.27712997671699],[4.978822935917685,47.27716383382339],[4.978679924154172,47.277258037410085],[4.9786690413940615,47.27726434665007],[4.978600984313964,47.27730269941786],[4.978502647761678,47.277381191942546],[4.978468086299056,47.2774128497207],[4.978489201568089,47.27744725007886],[4.978529614290599,47.27752058444197],[4.978537907631534,47.27754097509335],[4.978544896423531,47.27761217792993],[4.9785968832365874,47.27775186408165],[4.9787118721749914,47.27787759798582],[4.978851239634852,47.278029301469616],[4.978854116152273,47.278031953992596],[4.978905850421342,47.278078529438744],[4.978967880826102,47.278135195266124],[4.979113708963056,47.27821438555942],[4.979193795766497,47.27825471376677],[4.979217078887725,47.27827250724263],[4.9792539667768,47.27829322044923],[4.979131571556505,47.278343667175086],[4.979238054824443,47.27842163745268],[4.979391203287644,47.27852708805939],[4.979470631111169,47.27858183581695],[4.9795394589623605,47.27862901983883],[4.97959701759621,47.27859660910886],[4.9796810895281185,47.278669648301886],[4.979831075686795,47.27860306088701],[4.979833565503534,47.2786059901454],[4.979917779124373,47.27867209266732],[4.979975887098629,47.2787299956079],[4.980038951653561,47.278793127050356],[4.980067329210855,47.27877679334318],[4.980191808844655,47.27890137324618],[4.9803216356580915,47.27903099476362],[4.980345078720538,47.279053107836894],[4.9804030979968354,47.279108580650586],[4.980622663794367,47.27931411546846],[4.980736690066445,47.279424284678306],[4.981333515932908,47.27999907755405],[4.981769431430183,47.27980594215644],[4.981816276390949,47.27978442967966],[4.981884216457172,47.279753641538136],[4.981935325833953,47.279729354564616],[4.982129914197315,47.279634265835746],[4.982139293094758,47.27963023330164],[4.982141336543063,47.27963181934245],[4.982285578762377,47.279560193890326],[4.9824539880193885,47.27946573203312],[4.982550438831558,47.27941149271076],[4.9826920105589,47.27933207774369],[4.982760464023046,47.27929371582714],[4.982436686604587,47.27901837359997],[4.982208802063969,47.27882424087858],[4.982147263785936,47.27877026991308],[4.981918136375864,47.2785639106469],[4.981648357175027,47.27832087333065],[4.981570343545771,47.2782507037829],[4.981443053522056,47.27813607914617],[4.981362980468484,47.27806387341734],[4.981223774810276,47.27793828547766],[4.98126562025396,47.27792118112024],[4.981303136678741,47.277894334892785],[4.981315654865371,47.277835496487256],[4.981288394545402,47.277774455785575],[4.981267169112178,47.27776941511669],[4.981226514227484,47.27776497644203],[4.981214664124812,47.27775581330287],[4.981196566309006,47.27772793575847],[4.981178115223143,47.27767971223305],[4.981166729128911,47.27760777411887],[4.981190995143125,47.277512263556304],[4.981203111524586,47.27746405828933],[4.981224534542209,47.277323749792515],[4.981220589330509,47.27729211845983],[4.981191296021009,47.2772297616527],[4.981077235641631,47.27698937655485],[4.981073150834715,47.27697548807367],[4.981046240342573,47.276880851497666]]],[[[4.981677872957695,47.284136444252496],[4.981861553996328,47.28421876690095],[4.982164084416587,47.28433715117145],[4.982298636621038,47.28437915831038],[4.9824142102133635,47.28440176799495],[4.982460494764872,47.284408001243534],[4.982487078460725,47.28440754699014],[4.982557718615157,47.28439598379671],[4.9826242880597915,47.28438169848276],[4.9826838399892095,47.28436014871433],[4.982773982752802,47.28431763409276],[4.983089378075937,47.28411763901321],[4.983176705673072,47.28405265893912],[4.98321184481212,47.284025852855514],[4.983323472135351,47.2839308298466],[4.983362120269946,47.28389153641501],[4.983616452011932,47.28358623109542],[4.983833788337788,47.28331127524569],[4.983936730457135,47.283163899175825],[4.983990803939294,47.283101558303585],[4.984009520696047,47.283081606662755],[4.984040895154064,47.28304964160461],[4.984064766445975,47.283029511749724],[4.984120213627556,47.28299362290937],[4.984206544909496,47.28295549482378],[4.984264024394067,47.28293163825999],[4.984297773484435,47.28292097508349],[4.984378575310285,47.28289437817696],[4.9846442195583665,47.28280959686271],[4.984765085938341,47.28276061150368],[4.984913310620558,47.28268918498757],[4.985078319490207,47.28260999667953],[4.985447940667581,47.2823845724297],[4.985558335234624,47.28231010028641],[4.985595220579273,47.28226615344565],[4.985618455607832,47.28222883399482],[4.9856012267846435,47.28217086451142],[4.985636735121705,47.28216485358114],[4.985969146796969,47.28193177951211],[4.9860635423601884,47.28186487503017],[4.9862373969187,47.281767342806],[4.986036829516565,47.28148593845154],[4.985976003021409,47.28140845340016],[4.985919060156479,47.281339366832235],[4.985865787100826,47.281283635336926],[4.985808386120227,47.28123436825116],[4.985707660848208,47.281172965110144],[4.98536823123318,47.28100118969698],[4.98534800286221,47.28101243230892],[4.985343649035051,47.281045016003766],[4.98528571014101,47.28108860266342],[4.98524114847508,47.28111818224314],[4.98515588272809,47.28117430358388],[4.985063539554692,47.28122154064693],[4.984961184411443,47.28126642745192],[4.984775722545259,47.28133993206781],[4.984409595543367,47.28157384962285],[4.984300658260586,47.28164478369782],[4.984241368067517,47.281684070364506],[4.984131553739888,47.28175276794359],[4.983969848497118,47.28184612684358],[4.983902733720193,47.28187780257282],[4.9837993203116255,47.28191559220771],[4.983674737956078,47.28196067779924],[4.983526554198284,47.2820009437033],[4.983458872754006,47.282028036148866],[4.983447408116219,47.28201859648166],[4.98362268483095,47.28194869024673],[4.9836246519823675,47.281948206346314],[4.9838745501944635,47.28185640163403],[4.983915521253893,47.28183706001164],[4.9840767467186256,47.28174145806641],[4.98425011252879,47.281630609370914],[4.984348643415811,47.28156813822795],[4.984410723950204,47.281529163983855],[4.98456974444339,47.28142765552235],[4.9847462589380305,47.28131612180104],[4.984915829836069,47.28125306512562],[4.985006868850298,47.281213505014726],[4.985079360365413,47.28117696379469],[4.98511157210475,47.28115696113223],[4.985307189257611,47.281036004266404],[4.985307753273135,47.28102978094736],[4.9853255162702474,47.280779939687314],[4.985325379913713,47.28077624984153],[4.985329949905519,47.280749515899366],[4.985338194663601,47.280714794390576],[4.985343834172237,47.280695516555824],[4.9853611161590425,47.28063677629679],[4.9853967775572485,47.280548994527834],[4.985454914880299,47.28040337415441],[4.985463448864342,47.280376482305556],[4.985504621497654,47.28024448010736],[4.985545546863551,47.28011653450942],[4.985611297284566,47.27994061589457],[4.985612034215611,47.27993907237685],[4.9856455238692945,47.27985700101496],[4.985680834116707,47.27977048586926],[4.985720192345177,47.279675346363256],[4.9857496934614325,47.279603519242144],[4.985759944734598,47.279569393705444],[4.985747239073379,47.279451191220254],[4.985728349354053,47.2793697462437],[4.985672226352825,47.27909721527722],[4.985637490320906,47.27898443283539],[4.985564445479308,47.27886627251856],[4.985441376405283,47.2788983666432],[4.985255402250907,47.278947026327344],[4.984876768341649,47.27904608013056],[4.984860810372722,47.279033205404595],[4.984859977010956,47.27903213902495],[4.984718635185866,47.27892424212323],[4.984392396289956,47.27867920516845],[4.984977130044523,47.278205967377865],[4.984796206222191,47.27804741751468],[4.984223347576899,47.278551969928756],[4.984235605067775,47.27856139596076],[4.984128347882063,47.278656165421545],[4.9840249558239655,47.27873736068954],[4.983915746691947,47.278811541138985],[4.983639776229619,47.27894944908218],[4.983451006420621,47.27905146511997],[4.983067123560795,47.27925578476549],[4.982941923111072,47.27932699569051],[4.982817852746447,47.279396566200596],[4.982559575265187,47.279540742906335],[4.982130892537304,47.27977914456043],[4.981904717316005,47.27990043804827],[4.981650018998545,47.28002338899651],[4.981425377273204,47.28013249814282],[4.981017425596777,47.28033046776653],[4.9809394145767705,47.28036809126713],[4.980932407811177,47.28036109672227],[4.980776782196408,47.28043633678108],[4.980781342133673,47.280441572052275],[4.980617391105287,47.28051713414391],[4.980610791058782,47.28051040279563],[4.980459230156351,47.28057746824064],[4.9807132597296375,47.280834645269486],[4.980781486301378,47.28093001721041],[4.980859733203163,47.28101720329792],[4.980948757056563,47.281116722680856],[4.981104274569177,47.28139377169007],[4.981219191299024,47.281614060046664],[4.981253153588742,47.28166300919507],[4.981285432680286,47.28170937554267],[4.981520913454349,47.282012344387525],[4.981587229020116,47.28208811694555],[4.981623590788716,47.282126758960146],[4.981713927751553,47.28220797457869],[4.98183973892793,47.28231451939568],[4.981789198125615,47.282332762995395],[4.981718833042281,47.28226561475833],[4.981635707283153,47.28218616708113],[4.981591687615003,47.282144413965824],[4.981542317672609,47.282097529145304],[4.9814929444969405,47.282050554306586],[4.981210363892294,47.28168688357289],[4.981127361383316,47.28157843636884],[4.981104514913117,47.281529477468744],[4.980991916302033,47.281501232481666],[4.980959539882442,47.28144144981922],[4.981058375907024,47.28140869380739],[4.980994062628466,47.28131181435799],[4.980940255652697,47.2812306948565],[4.98088182578316,47.2811426301311],[4.9807910414872865,47.281006128968315],[4.980730560120418,47.280927014443556],[4.980688844932196,47.28087234406619],[4.980645453263449,47.28081527086521],[4.980441259994947,47.2805961458339],[4.980152882801547,47.280731825442125],[4.979649822474825,47.28096698433044],[4.979489429028136,47.281042213890565],[4.979359842187589,47.28111313537959],[4.979285568701618,47.281155286648996],[4.979232093982462,47.28119086937276],[4.979089783926305,47.281293616198596],[4.978927203286993,47.28150351140904],[4.978855447085623,47.28163558232745],[4.978822342576826,47.28192242526612],[4.978838613466524,47.2819977021365],[4.978856829616562,47.28205034253901],[4.978892740349507,47.282163016569875],[4.979062176051694,47.28207448596148],[4.9791307096159265,47.282145899486316],[4.979240550251683,47.282260914299414],[4.9792194979355315,47.282314494738095],[4.979440005905059,47.2824699461727],[4.979586338503248,47.282573261520994],[4.979825735912098,47.28279953173387],[4.9798167430979055,47.28280328731599],[4.979843156043953,47.28281976651809],[4.979953652040618,47.28288785191778],[4.980015902147749,47.28292875417628],[4.980089243784393,47.28295821048195],[4.979940840117507,47.28314346064479],[4.980073901907069,47.283231332672216],[4.979986916858813,47.28330567004813],[4.9800657239440005,47.28338645330666],[4.980364552314772,47.2836092766673],[4.980352190261397,47.283640105672006],[4.980377572378372,47.28379015080896],[4.980312154326146,47.28388951517456],[4.980346446921354,47.28390432886773],[4.980376698864265,47.28391723036025],[4.980417726603269,47.28393165890677],[4.980485191862785,47.283941673808314],[4.980691384833588,47.283956254406064],[4.980752679638652,47.283960431006186],[4.981050554330957,47.28398497242558],[4.9813056114588,47.284011144848435],[4.981380652104987,47.2840220204451],[4.981552512346033,47.28408527412543],[4.981610553418485,47.284108867227935],[4.981677872957695,47.284136444252496]]],[[[4.982614211246193,47.25559042538268],[4.9826189451980305,47.25560043048758],[4.982639580424437,47.255665006587506],[4.982749201071369,47.256044240669986],[4.982859344671375,47.25607189495001],[4.982934344766635,47.25607196321871],[4.9830271802079675,47.25607145626442],[4.983032378684058,47.25607253806362],[4.983089571896366,47.256084707831086],[4.983160975476638,47.25611635635844],[4.983534436424268,47.25627927004821],[4.98363629160796,47.256318862457455],[4.9837356679073475,47.256355795567224],[4.983776748590358,47.25637220302492],[4.983949727925921,47.25639283771063],[4.984071072148123,47.256401387880125],[4.984172505114273,47.25640802728468],[4.984284268724041,47.25641503014355],[4.984407557161243,47.256411749616554],[4.984418670941341,47.256411829582945],[4.984504898271259,47.25641503670445],[4.984522383671066,47.256415728047166],[4.984653792775242,47.25651415937429],[4.98488117180334,47.25643903470117],[4.985090042581011,47.25638926144191],[4.985373646107862,47.25631083183316],[4.985384104005102,47.25630389872095],[4.985410768782967,47.25628453081584],[4.985434994320769,47.25626358369681],[4.985456783943699,47.256241147362445],[4.985468892183912,47.256225180578674],[4.985478971058437,47.25620798778502],[4.98548544761485,47.25618995613162],[4.985487154005606,47.25615021307519],[4.985486171840093,47.25610214102654],[4.98548162726791,47.25605431008365],[4.985473910211115,47.25600653346162],[4.9854560065430364,47.25587635168472],[4.985435249627114,47.255754863945185],[4.985407098329986,47.2555943292853],[4.985377400862945,47.25543490173381],[4.985264569471598,47.254958466301446],[4.985204287721588,47.25473373277388],[4.985146111197527,47.25452301160136],[4.985049504711275,47.25422793722377],[4.984985121042723,47.25405325380514],[4.984906611550358,47.25385062522067],[4.9848187981867005,47.25362167992648],[4.984727796448838,47.253231141959446],[4.984634660488661,47.25283649792235],[4.984620513613907,47.252818729237404],[4.984612370188118,47.25281310515805],[4.984599438401407,47.25280675254982],[4.984584600351856,47.25280250381352],[4.984569035684021,47.25280006859519],[4.984382538692924,47.2528106449706],[4.984308878942718,47.252814517160076],[4.984140629255735,47.25282496097146],[4.983972855764406,47.252837557688636],[4.9836720425094745,47.25284702706973],[4.983548277326194,47.25283716721301],[4.983449694712321,47.25282156325292],[4.983318922823016,47.252804618682916],[4.983245652364963,47.25278678049599],[4.983124242896409,47.25275472658562],[4.983041302934586,47.25273291116513],[4.982926714527862,47.2527029016901],[4.982919900349526,47.252701037034804],[4.9827009183502975,47.25268073737384],[4.982422154085275,47.25267478745289],[4.982366109548192,47.25267214349906],[4.982248452373119,47.252666500432625],[4.982192797752991,47.25266366962111],[4.982118832729522,47.25265926066359],[4.982002582560551,47.25264873037548],[4.981233208286809,47.2525732662485],[4.9810743068131895,47.252557430202046],[4.98099542769904,47.252548871953024],[4.980734176821541,47.25253361336209],[4.980711984038732,47.25253435269581],[4.980686910793274,47.25254306598739],[4.980686524205401,47.25254334275346],[4.980670109845626,47.25256091352931],[4.980657314050462,47.252579773299736],[4.980726014002849,47.25320582608819],[4.980749866810416,47.25348701753805],[4.980773328976153,47.253736066348495],[4.980787642172951,47.253844517021044],[4.980839080649874,47.25416360014465],[4.980854639517224,47.254219708145264],[4.980866355020896,47.25422536151231],[4.980879193840566,47.254229194607916],[4.980887171255441,47.25423031907967],[4.980933296983621,47.254232953120216],[4.980941700414694,47.2542564037006],[4.980870570298484,47.25426437293261],[4.980823294264542,47.25428436206906],[4.980648960212743,47.25435596125917],[4.980458489814795,47.25443116778455],[4.98022504479689,47.25452466843648],[4.980139796805146,47.254558723802006],[4.979941771380687,47.25461199524854],[4.979328807331944,47.25477618235814],[4.979258477150913,47.25479512350793],[4.9792224029696905,47.25481762237601],[4.97922010318268,47.254819822925775],[4.979207963577858,47.2548349790899],[4.979198229800548,47.254850814618834],[4.979192101456131,47.25486757919902],[4.979189162110184,47.25488473961555],[4.979189798378238,47.254902019107874],[4.979205458433935,47.254928587874765],[4.979312977170092,47.25511136311732],[4.979424680953043,47.25530001037543],[4.979582195777925,47.2555581174917],[4.979671546675656,47.25570004792536],[4.979754112185976,47.255830116971524],[4.979981519548802,47.256186539777],[4.980606102196567,47.25603574923875],[4.980678836114617,47.25601739661905],[4.9807786906559794,47.255992006737344],[4.980792857441138,47.25598879295593],[4.98082387738946,47.255979888041296],[4.980853631356569,47.25596893350446],[4.980903374468647,47.25595124365048],[4.981046882579176,47.255893678950734],[4.981182072266494,47.25585804924838],[4.981190330384766,47.255856017018715],[4.981215058292993,47.2558486603645],[4.981238120333624,47.25583917087369],[4.981384040116868,47.255803987970125],[4.98160288527301,47.2557771944203],[4.981700143726737,47.25578904037923],[4.981776283229915,47.25583078490137],[4.981911931901546,47.25590447200415],[4.982012807891497,47.255949846002636],[4.9820938923111076,47.2559535030253],[4.982215343052764,47.25595421859976],[4.982303985397914,47.25595837665312],[4.982531673546313,47.25598843434784],[4.982675486667519,47.25602523896309],[4.982737561331175,47.256040657433175],[4.982612588777568,47.255610985434444],[4.982454223223988,47.25505049539145],[4.982355466634661,47.25471826352029],[4.982162995871241,47.254007515535726],[4.982172096545184,47.25400681963633],[4.98235701108333,47.25468482707522],[4.982452415937657,47.25501225333688],[4.982614211246193,47.25559042538268]]],[[[4.982566668979651,47.26219777047055],[4.982453064355016,47.26214117762589],[4.9823248202887305,47.26207501905621],[4.981610768755003,47.26237350338651],[4.981684534364148,47.26245824420436],[4.981759543135438,47.26254440459196],[4.981805987923689,47.26259854367356],[4.981816157094329,47.26259449758239],[4.982655262485921,47.262243353983614],[4.982566668979651,47.26219777047055]]],[[[4.9827912802123215,47.26502647971243],[4.982901249906407,47.26524252938881],[4.982942655303591,47.265321338823895],[4.982966527050227,47.26536595748956],[4.982994810152053,47.265422567912346],[4.983025451742153,47.26548931406331],[4.983100215924641,47.26563320215619],[4.983114750920803,47.26566141057027],[4.983179665131692,47.265764222469414],[4.983196602741205,47.26577149734406],[4.983220009387506,47.26578199357966],[4.983270697436984,47.265789681890986],[4.983318011195712,47.26578121822821],[4.983651445966538,47.26567510585237],[4.984371258629974,47.26544576262561],[4.984690546814723,47.265343581429654],[4.984688858360765,47.26533010226914],[4.984689280466369,47.26530929264077],[4.984692878936728,47.26528851870879],[4.98470007034075,47.26526831366624],[4.98470939445865,47.265252124542165],[4.984721564779079,47.26523777783707],[4.98473657132955,47.26522500355966],[4.984754010832049,47.26521362850293],[4.984773499952389,47.26520401944089],[4.984745015662441,47.265142009637245],[4.984774513552126,47.26513475079249],[4.9847042691495815,47.26501663175261],[4.984637568112345,47.264897731603725],[4.984601338846697,47.26483018091561],[4.984556462595556,47.26474341663437],[4.984515129531711,47.26465587127553],[4.984501740744411,47.264626472705764],[4.984468908642356,47.26455418105041],[4.984423516723268,47.264431944371914],[4.984396630872285,47.26435946089407],[4.984372898137425,47.26428638313513],[4.984367450772709,47.26426783522064],[4.98432209608964,47.26411434921383],[4.984309098698283,47.26407404742072],[4.984250804473569,47.263903312351154],[4.98423531781285,47.263860081365266],[4.984181058517409,47.263734123982594],[4.984143718390944,47.26365794698942],[4.98409643092525,47.26357032323419],[4.984067826212073,47.26352650616899],[4.9839684235773705,47.26337097288311],[4.983901507737434,47.26326765526886],[4.983858320828107,47.263205086264996],[4.983815753217833,47.263148540252914],[4.983734946501507,47.263045190000916],[4.983683990473286,47.26298716646145],[4.983627339136254,47.26292536800468],[4.983547491093948,47.26283722031214],[4.983508870932561,47.262801589198325],[4.983467517720495,47.26276717551504],[4.983425880879965,47.262735828496076],[4.983293408474334,47.26264119624426],[4.983168613238787,47.26269006829977],[4.982933051067837,47.26278081809856],[4.9821277839345175,47.26309194164964],[4.9821678357585695,47.263177168329776],[4.98222357333323,47.26330030966007],[4.982274438748892,47.263398949580285],[4.9823112200859425,47.263470814108594],[4.982341207479706,47.26353063750673],[4.982380383738389,47.26361362773366],[4.982416017108406,47.26369739893802],[4.982420821454175,47.263709293954285],[4.982451802411429,47.263860594888826],[4.982447189048216,47.26386463611262],[4.982458696782283,47.263939904388266],[4.982469326534784,47.264002129885235],[4.982462515599089,47.26412949216621],[4.98245997430154,47.26423273712271],[4.98245904206212,47.26427201646105],[4.982460896143862,47.26431151833016],[4.982465197916623,47.26434206304403],[4.982479880545335,47.264428083473696],[4.9824917646805105,47.264459759322165],[4.982507201850525,47.26449092416386],[4.982519047712029,47.26451080363302],[4.9825386702883225,47.26454784046488],[4.982562577877651,47.26459344919358],[4.982622712112242,47.26470660923911],[4.982696831792443,47.26484384464744],[4.982758339100759,47.2649619340981],[4.9827912802123215,47.26502647971243]]],[[[4.984888576737397,47.26546140466199],[4.984857476608675,47.26545752429451],[4.984827096619477,47.2654516504128],[4.984797823432434,47.26544350623905],[4.984793797288717,47.265441954175344],[4.984773613391294,47.265432753905586],[4.984755352826993,47.26542189975085],[4.984739805534603,47.26540928813979],[4.984405584620907,47.26551550722535],[4.9837080802966565,47.265736364247836],[4.983501429453929,47.26580428705867],[4.983494389693005,47.26580710906598],[4.983474496847618,47.265816544700456],[4.983456260288401,47.26582784313184],[4.983441256587034,47.26584070723736],[4.983428285876004,47.26585488737739],[4.9834185280948615,47.26587009321251],[4.983412369915587,47.26588604796987],[4.983409011428124,47.26590258522264],[4.983408832661729,47.26591924820373],[4.983411234363868,47.265930553889326],[4.983417964479148,47.26595160139809],[4.98342784775264,47.26597205465964],[4.983498887896628,47.266058011641995],[4.983571548033584,47.26614484141127],[4.983728302474409,47.26633793693534],[4.983967069697932,47.26630494550861],[4.984226633157522,47.26626907628836],[4.98440368648915,47.26623795026222],[4.9844675661677655,47.26622668118551],[4.984673088071073,47.26619623831741],[4.984730453422914,47.26618769212702],[4.9849061552166445,47.26614506158169],[4.985294529199641,47.266050701777196],[4.984967801549295,47.265543258350235],[4.98491641074324,47.26546281941699],[4.984888576737397,47.26546140466199]]],[[[4.983491440720068,47.26614657167932],[4.983462430500168,47.266113297706006],[4.983430690366642,47.266081331163214],[4.983357068453928,47.26601144784031],[4.9833180030017425,47.26597456353582],[4.983244474379985,47.26590720004995],[4.983228917337716,47.26589431824834],[4.983183353127791,47.2658534025623],[4.983140115653664,47.26581100621478],[4.983100011465656,47.26576747563149],[4.983042721667639,47.265677681154955],[4.9829822504823795,47.265576954501725],[4.982925832182424,47.26547849991648],[4.982849255975513,47.265306996224346],[4.982691750262871,47.264953526823604],[4.98188645919167,47.265114258701935],[4.981190862258915,47.2652793247623],[4.981050104173208,47.2653260355913],[4.9812298980227645,47.265541524368366],[4.981362399837161,47.26570144727851],[4.981398598667763,47.26581132460184],[4.981434784373018,47.26592084192145],[4.981451301568478,47.26597053946849],[4.9814481843469025,47.26603669205561],[4.9814450889633,47.26607114540753],[4.981538239474274,47.26620787621641],[4.98159697117491,47.266293774443334],[4.981625502335541,47.26633561213772],[4.981674223803863,47.266408353433214],[4.981733448827574,47.26649685471596],[4.981795804020383,47.26658413178511],[4.981825042475861,47.26662361595198],[4.981883200870019,47.26671546736734],[4.981952503631055,47.26684044812918],[4.981961480370737,47.26685785517195],[4.982033787300278,47.26695666901252],[4.98204341463653,47.26697019262725],[4.9820891382613395,47.26701542859063],[4.982115230490912,47.267034164080755],[4.982183315662419,47.267083070252596],[4.982242447316801,47.267115199342875],[4.982340497874576,47.26709416197338],[4.982357691607281,47.26712988952181],[4.982372825781683,47.26716358103836],[4.982471001714891,47.267382624224894],[4.982531414459556,47.26750325392522],[4.982599315365171,47.26773001878393],[4.982681714210184,47.267994718457075],[4.982793134419406,47.2682714393631],[4.982966352982233,47.2682329968501],[4.983498987049808,47.26811447400963],[4.983632838508252,47.26808480854546],[4.983702120831118,47.268069305073226],[4.984096957620935,47.267981142839176],[4.984254821284486,47.267946112917116],[4.984324896548577,47.26793059549999],[4.984533148822307,47.267884346919246],[4.984420039351274,47.26768032966681],[4.984212621851261,47.26736220688837],[4.983778641960033,47.26675546506464],[4.983614165102048,47.26638545626385],[4.983606371176844,47.26636784900056],[4.9836258542768,47.2663580601422],[4.983580465418872,47.26626815243213],[4.983558894851377,47.266232139685584],[4.983506437152105,47.266165766789136],[4.983491440720068,47.26614657167932]]],[[[4.980321607127298,47.27267594153887],[4.980331989338513,47.27272070088397],[4.980347288317655,47.272748086048594],[4.980702184148107,47.272673675859195],[4.980863868084984,47.272634173042604],[4.9809424419323785,47.27261211889721],[4.9809644173815935,47.27260525975229],[4.980993783839825,47.272594312027685],[4.981022323736598,47.27258247787892],[4.981054340873066,47.27256806284087],[4.9811003167609575,47.27254467421009],[4.981184714832592,47.27249757564512],[4.9811963830629615,47.27249107261248],[4.981211631399026,47.27248477858812],[4.981250772139216,47.27246979155067],[4.981295483018865,47.27245515962065],[4.981391427526461,47.27243055711191],[4.981516746408439,47.272405993034255],[4.981570433110316,47.27239796166009],[4.981608728817156,47.272392354483806],[4.982086753135294,47.27233096533503],[4.982227721358865,47.27231099594014],[4.982249412721847,47.27230720321576],[4.9822750011813195,47.27230145276545],[4.982334355677859,47.27228566963433],[4.982362231242464,47.27227735858219],[4.982415132524333,47.272258803989914],[4.982460470252837,47.27223965821849],[4.982519363071489,47.27221136546015],[4.982467003078656,47.272083213881224],[4.983184196055436,47.271984772558575],[4.98325883303299,47.271974401008826],[4.983262412028349,47.27193156443974],[4.983267356563569,47.27187195458461],[4.983321005606177,47.27178764777836],[4.983327833560055,47.271779066004406],[4.98334122233681,47.27176541910642],[4.983356634359897,47.271752818251585],[4.983372129424233,47.27174246731029],[4.983383870309063,47.271737943981435],[4.983729354619692,47.2716669271728],[4.984162838635897,47.271549737477706],[4.984597473056997,47.271474491360564],[4.985098958182511,47.271393056496784],[4.98573695946799,47.27128947057779],[4.98572412314519,47.271242862508714],[4.985698953665238,47.27115251946328],[4.985680645618636,47.27108673360964],[4.985662747592122,47.27102130094687],[4.985684448169455,47.27101777756802],[4.985651316084556,47.27095899950414],[4.985618147489998,47.27089923146688],[4.985591166076746,47.27083503493273],[4.985560672158362,47.27076171306163],[4.985490395849587,47.27060000924835],[4.985467530119491,47.27055051100911],[4.98543555531212,47.27049081253583],[4.983311957374947,47.2707359782586],[4.983312445112556,47.27072768499991],[4.984648344356323,47.27057353628086],[4.984502791779338,47.27037250580057],[4.9852820496834545,47.27025722968438],[4.985157989967345,47.270079336063084],[4.98509889499526,47.26999461651588],[4.985025932334682,47.26988906174755],[4.984991124204461,47.26983859710317],[4.984940712075884,47.269763274552325],[4.984881144671489,47.26967649174866],[4.9848531421611435,47.26963833798651],[4.9848231630291835,47.26960039815023],[4.984809614442617,47.26958820261325],[4.984794968954075,47.26957854734483],[4.984778399996948,47.26957054595363],[4.984758317599594,47.26956413559317],[4.98471449201577,47.26955966243119],[4.9846703861168065,47.2695583459235],[4.984625993247147,47.269560006076404],[4.984582503384597,47.269564622528144],[4.984556069970859,47.26956894712116],[4.98442838909205,47.26959382521988],[4.984121056344403,47.269655006314075],[4.983907482810674,47.26970782887112],[4.983711929446414,47.2697542191884],[4.98346553833523,47.26981048390555],[4.983215146851184,47.26986591595599],[4.983039236226714,47.26990683619917],[4.982873001375744,47.26995182326914],[4.982708469132333,47.2699999328619],[4.982333417244736,47.27011918051859],[4.982294975569715,47.27013154447223],[4.982144184546097,47.2701863525101],[4.982035249018854,47.2702245056459],[4.981997957366439,47.27023576920461],[4.981959415946421,47.270245433144886],[4.98192395822549,47.270252612936396],[4.981673138259038,47.270296522068584],[4.981170624124165,47.27038219233304],[4.980739630574146,47.270437641843195],[4.9805844961006915,47.27046082318406],[4.980429388028885,47.27048472429129],[4.9802312498231505,47.270525749559134],[4.979837929499878,47.2706234178896],[4.979907176744343,47.270865379948035],[4.979788655965131,47.270880460766],[4.979733503192953,47.270891758286254],[4.97972564601302,47.27089396362287],[4.979716638605096,47.2708972692316],[4.979707687563828,47.270902104784575],[4.979694175397548,47.270912421387806],[4.979688834191412,47.270918275966466],[4.979684346011728,47.270925736945735],[4.979680479971351,47.270939310934146],[4.979676688405405,47.27099800038018],[4.979689305864104,47.271232734207],[4.979710273053065,47.2713170264793],[4.97972913179859,47.27137640995894],[4.979749135055689,47.2714129904056],[4.979794744407068,47.27154125834933],[4.979881841853324,47.27168592823348],[4.9799479290439175,47.27183131691144],[4.979963912480922,47.27192037697353],[4.979978843940857,47.27200243082942],[4.980019098503535,47.27212538687991],[4.980025364304785,47.27216616412605],[4.980029246708293,47.27220689200396],[4.980063733335813,47.27224871840525],[4.98010319246199,47.27229622332248],[4.980133913977158,47.27236512997231],[4.98013433055946,47.27236566318053],[4.980196062377892,47.272511306161654],[4.980268692060024,47.27256490867947],[4.980311956622106,47.27264026508417],[4.980321607127298,47.27267594153887]]],[[[4.980960687821172,47.273742246457125],[4.9809909124406335,47.27376532423585],[4.981013268100638,47.273779531068726],[4.981029361466061,47.27378537984019],[4.981044971869222,47.27378889547242],[4.981061315933669,47.273790777613215],[4.981077593634794,47.2737908598194],[4.981093814925711,47.27378941208082],[4.981109566520321,47.27378599118971],[4.981124468315197,47.273781053904635],[4.981434129140556,47.27365311204691],[4.981502498193732,47.27362339723503],[4.981559459359005,47.273596488812075],[4.981699354124593,47.27351503205339],[4.981740774485523,47.27346497518009],[4.981825120265864,47.27345948171043],[4.981897869051035,47.273430142091335],[4.98219749268736,47.273320740491],[4.982313714073167,47.273264722333096],[4.982485055897495,47.27313193705874],[4.982598826712589,47.2730740693621],[4.982699725775704,47.27302236509199],[4.982750388522494,47.272996914517876],[4.982823956119302,47.272968280723575],[4.983084324231424,47.27290313361642],[4.983182977685638,47.272887398601036],[4.983384241316474,47.27285559049812],[4.983465644409919,47.27283492710983],[4.983615862784102,47.27279669713546],[4.9837688411291206,47.27275796949259],[4.983877261407195,47.27268425255118],[4.984036887272793,47.272578321052535],[4.984136626309686,47.27250601309125],[4.984198444872372,47.27248172183022],[4.984690609051313,47.27227662489695],[4.984721828334144,47.27226213242347],[4.984836957812894,47.27220892197039],[4.984968678889235,47.27214281997999],[4.985091541983772,47.27208407370809],[4.985221981626888,47.27202627826636],[4.985325538919861,47.27198218066254],[4.985362327998104,47.27196804294205],[4.985405033992433,47.271952903394975],[4.985448173221547,47.27193874700415],[4.9854866453932045,47.27192719198376],[4.985525544157289,47.27191644012921],[4.985735694458428,47.27186745561568],[4.985796063868102,47.27181473137691],[4.985803376078278,47.271668899627606],[4.98579023139031,47.271560249985676],[4.985770151486757,47.271392824076464],[4.985740448820858,47.27129796592351],[4.984599815425804,47.271484177057346],[4.984165511141042,47.27155761646507],[4.983981038283372,47.27160327722084],[4.98372529019604,47.271675101494864],[4.983388849694003,47.27174380236202],[4.983375995179049,47.27175041596279],[4.983364760592494,47.27175790239649],[4.983353189119034,47.27176701555126],[4.983344387745363,47.27177590123123],[4.983337943185271,47.27178411623681],[4.983290106223879,47.271853825071126],[4.983284124760982,47.2718638332232],[4.9832837613001,47.27186473997215],[4.983278649593897,47.27187680448082],[4.983276324604154,47.27188909150031],[4.983273079188174,47.27193021135209],[4.983268999158745,47.27198098118938],[4.983188458479719,47.271992714434205],[4.98318727508351,47.27199291477458],[4.983027320552732,47.272014650813304],[4.982789558632112,47.272046902173756],[4.982704640982072,47.27205834968692],[4.982482679490865,47.27208852925518],[4.982531799662478,47.27221493513524],[4.9824408770023565,47.272257283344736],[4.982413497753257,47.27226828753513],[4.982407630532679,47.27227063914676],[4.9823735475184,47.272282838542125],[4.9823229034438254,47.27229802256325],[4.982307559005352,47.2723017068317],[4.982270569687355,47.27231044378341],[4.982245741386922,47.27231528070804],[4.982170380094843,47.27232755509183],[4.982116323429439,47.272336313495664],[4.981996027430563,47.27236790661692],[4.981945539173678,47.27236579756095],[4.981920158116955,47.27236641135169],[4.981649713289422,47.272395076320755],[4.981578205735104,47.272404222662104],[4.981500460747958,47.27241644727483],[4.981451170720437,47.272425304042386],[4.981395279763138,47.2724381458416],[4.981335111544049,47.27245340206342],[4.98132173381823,47.27245660233774],[4.981296581688524,47.27246342576143],[4.981265205397689,47.272473687469],[4.981231531952641,47.272486239738704],[4.981195994533069,47.27250206575615],[4.981123601670821,47.27254103458889],[4.9810932476240195,47.27255749246859],[4.981058953259642,47.27257473806452],[4.98101090763616,47.27259582064012],[4.980961195605161,47.27261477037479],[4.980909813852923,47.27263149726978],[4.9808575424830295,47.272645627787455],[4.980778082287301,47.272665175516686],[4.980689491637864,47.272684698996535],[4.9803515205307605,47.27275521805591],[4.980377203763589,47.27281664618001],[4.9803989586353605,47.272868415612216],[4.980440695997063,47.27296694173989],[4.980508425284538,47.27308141375781],[4.9805333890045915,47.27312331256471],[4.980537264390709,47.27313153129732],[4.980670733076887,47.27332799991922],[4.980750496278398,47.27346739117558],[4.980805843469152,47.27348283573293],[4.980794160815484,47.27353202422523],[4.980847327604976,47.273606761062446],[4.980890713667907,47.273663834355396],[4.980934347206806,47.2737168510081],[4.980960687821172,47.273742246457125]]],[[[4.982031164871423,47.274622511659835],[4.982024942151943,47.27461523361809],[4.982015949178842,47.27460818301766],[4.981954980277988,47.27456951127302],[4.981896177538722,47.27453575541706],[4.981873844567949,47.27452217873466],[4.981841625692517,47.274498865092184],[4.981809634249309,47.27447095483777],[4.981677904672834,47.274278780344375],[4.981718485629367,47.27427052257202],[4.98177924974991,47.274357466498365],[4.981836664546918,47.274439694793614],[4.981846977025186,47.27445023494132],[4.981870349005587,47.27447045781967],[4.981898468106227,47.27449023937143],[4.982009540468703,47.274552819698144],[4.9820180736557,47.274558167142935],[4.982033116701359,47.274567815964],[4.98204701945368,47.27457883506687],[4.982061008529608,47.27459219407855],[4.982073047315594,47.27460648694686],[4.982083519230252,47.274621346907594],[4.982094200309308,47.2746418766503],[4.9821008811998535,47.27466157421291],[4.982098760193537,47.27473320281706],[4.982094989450972,47.27484619406433],[4.982141116805193,47.27495599127934],[4.982259800234145,47.274934331556345],[4.982362854579828,47.27491942264549],[4.98262082137949,47.27488574643855],[4.982907627458274,47.27484833474323],[4.983050914780552,47.27485876284986],[4.983050519969714,47.27486957599612],[4.983119345723214,47.274895235233814],[4.983188867208462,47.27492898733434],[4.983306279503646,47.274937426070686],[4.983384583891984,47.274929513309736],[4.983721511548831,47.274884218418215],[4.983922965107116,47.274857359214145],[4.98458455250486,47.274746352956086],[4.984924622734018,47.27468947393321],[4.985218017088254,47.27464780128434],[4.985859177149921,47.27454272057209],[4.985868618078508,47.27454039766077],[4.9858772190414165,47.274536828381464],[4.985886126890746,47.274530822405765],[4.9858926146330065,47.274523777221674],[4.9858958855462125,47.2745156164164],[4.985896369593037,47.274507233163106],[4.985894136627772,47.27450051738732],[4.9858907468324745,47.274494721950845],[4.985869617288429,47.274427813803584],[4.985857919426783,47.27439055185715],[4.98583669105362,47.274310227436985],[4.9858359783657535,47.274301684564605],[4.985827633231245,47.27419403350337],[4.98581667600782,47.274069407060814],[4.98580357306332,47.27397264385218],[4.985793133719668,47.27391572870396],[4.985765845707439,47.27378958075424],[4.985745582259496,47.273735355278305],[4.985715192016121,47.273675629794724],[4.985654041647929,47.27355690556211],[4.98523832998467,47.27362903979352],[4.984106110083877,47.273807986807505],[4.983294461930469,47.273929030847306],[4.983291439248187,47.27392241858185],[4.984104250801404,47.27380063423415],[4.985234794007382,47.273619284489676],[4.985651358847533,47.27354875662595],[4.985620652862212,47.27348048144591],[4.985589811523958,47.273397800025094],[4.98552910635704,47.27322665700277],[4.9854979678892954,47.273114443111986],[4.985480566325497,47.2730087480802],[4.985458390821154,47.272870535410966],[4.985455034442993,47.272790445292976],[4.985451937462408,47.27271737490164],[4.985446202440458,47.272583653634136],[4.985472572639829,47.2724809015175],[4.985511869800694,47.27234127634727],[4.985596143222103,47.272183500911034],[4.985676694553743,47.27204316943721],[4.985778370110172,47.271894461481686],[4.985570529979057,47.27194151540121],[4.985511980148191,47.271957556599205],[4.98525544705325,47.272051100566664],[4.985177744623838,47.27208593036066],[4.984803491557575,47.27225929419966],[4.984723121460977,47.27229714108809],[4.984517952399055,47.27240583397267],[4.984186726574938,47.27255135347771],[4.9840816889533315,47.27260916346118],[4.983700687209928,47.27284720730836],[4.983671757721212,47.272859228891896],[4.9836571368151725,47.272861009841854],[4.9834825490059185,47.27288425745894],[4.983277588915747,47.27291270690595],[4.983038651606596,47.272956235468875],[4.982985870867013,47.272967313841406],[4.982787658262467,47.27306030537453],[4.9826786110990176,47.27309557917904],[4.98258507475733,47.273153191155835],[4.982455302053691,47.27323996929061],[4.9823985774634485,47.27327326791571],[4.982247316503204,47.27335861198217],[4.982195283822751,47.27337922285344],[4.982028215949934,47.27343421860884],[4.981934872502694,47.27346481073812],[4.9819223609741865,47.27346997744949],[4.981818361497402,47.27351299880731],[4.981700046064757,47.273566080461784],[4.981610336973991,47.273630650381214],[4.981553799042413,47.273658272024846],[4.981553028890824,47.273658915554655],[4.981066933506745,47.27384624454908],[4.981059896695662,47.27390300824654],[4.981059105609073,47.27396768001438],[4.981021321618361,47.274073327438416],[4.981067085584301,47.27420564459057],[4.98069966688904,47.274274416060756],[4.980709434524148,47.274367094181116],[4.98038740899945,47.274428965881945],[4.980234762407449,47.27461690146693],[4.98016106705796,47.27468524919351],[4.980134967060416,47.27470946879285],[4.98013542003116,47.27476484379489],[4.980121601126672,47.27478840347683],[4.980061927953454,47.27484948761181],[4.9802591740751,47.274869984562685],[4.980343702679173,47.27488015835396],[4.980606254460812,47.27493853282649],[4.980813406399308,47.27499082860424],[4.980851134376781,47.275002071367126],[4.981066616883609,47.27509726988994],[4.981210913066793,47.27515658195431],[4.981262481451436,47.27513408838738],[4.98128204780398,47.27512645987493],[4.981436209542438,47.275098071397565],[4.981509108375406,47.275083498253814],[4.981671524375622,47.27503137450228],[4.981672307822644,47.275031090958244],[4.98179057830666,47.275008988510294],[4.981885018346421,47.27499728901377],[4.9820109505224295,47.27498919379646],[4.982072714836576,47.274974090118704],[4.982082001590184,47.274956821310894],[4.982080396417589,47.274924069346895],[4.982059676418696,47.27484661736414],[4.982060062849568,47.27473872693174],[4.982052966856684,47.2746647343305],[4.982032388168329,47.27462339129018],[4.982031164871423,47.274622511659835]]],[[[4.984508037051881,47.28419577135996],[4.984639484322042,47.28400324082856],[4.984935524395756,47.283988810733774],[4.985243571789344,47.283998488735044],[4.98575464647957,47.283861866927005],[4.985907316301153,47.28380324070656],[4.986027229691961,47.28376066415168],[4.9857982662771425,47.28395711687015],[4.985732255140032,47.284169060907594],[4.985720691105337,47.28422139954514],[4.985687729272823,47.28422115322886],[4.985633544583564,47.28446306252385],[4.985643858153357,47.284570229214125],[4.985805288572085,47.28496333930819],[4.985881723882589,47.28523741310692],[4.985912173455631,47.285223383953095],[4.985937472227891,47.28528481732557],[4.986140856089959,47.28527692317703],[4.986165827265186,47.285265058960015],[4.986145212895443,47.28511556364317],[4.986089711362976,47.284677505272576],[4.986102361520242,47.28467602797441],[4.986085819311008,47.28464740413363],[4.986032131235225,47.28422615454364],[4.986011812797534,47.28422425103507],[4.9860250352004085,47.284109387158274],[4.986041284460831,47.284001225437365],[4.986055066542541,47.283933719873104],[4.986215480616025,47.28370872271014],[4.986477038023141,47.283341600732584],[4.986509225400258,47.28329944506896],[4.986513412334182,47.283069107601165],[4.986519360057992,47.28292933339025],[4.986527889469014,47.28287011250006],[4.986562234763115,47.28271454298451],[4.986607481127691,47.28247800912225],[4.986629487753293,47.28235380922461],[4.986621899289014,47.282255961359596],[4.9866125989777155,47.28222991515616],[4.986437480725713,47.281938980318685],[4.98637554274539,47.28186367577948],[4.986309393733442,47.2817925857522],[4.986241486898514,47.281824276420885],[4.986181241385558,47.281859167849],[4.986116130801397,47.281902067209536],[4.985977896040678,47.28200736441824],[4.985729223458726,47.282228919263815],[4.985674840185537,47.28228280132807],[4.985650319352789,47.282306814937336],[4.985581062094925,47.28236644477062],[4.985218729572482,47.282595707070854],[4.985082644415075,47.282673320044175],[4.9849769507424755,47.28273537399771],[4.984931434411453,47.28276064719909],[4.984902176255592,47.2827746557451],[4.984858784378884,47.282792958482695],[4.984822748025097,47.28280618244356],[4.984484344045997,47.28288806634565],[4.984370463738173,47.28292198310148],[4.98412310153095,47.283018067945704],[4.984093172484002,47.28303541971638],[4.984070444950974,47.2830542692743],[4.984044389183148,47.28307974961711],[4.983991381851034,47.283149456632245],[4.9838663715122795,47.283322785181404],[4.9837111379093955,47.28353778457446],[4.983605757366208,47.28368367118925],[4.983536492060468,47.283775448755605],[4.98351595387508,47.28379984404462],[4.983463263515662,47.28385666777774],[4.983406615334925,47.28391382930514],[4.983354171996418,47.28396659637506],[4.98330655096538,47.284010185630564],[4.983221400141495,47.28408035166952],[4.982997273293956,47.284225295719864],[4.983069120486488,47.28423568450012],[4.983093293570374,47.284234460833844],[4.983163287419594,47.284216154339774],[4.983268005656199,47.28418131483312],[4.983345409789282,47.28414865318081],[4.983492134204986,47.28406869923273],[4.983682912999304,47.28409587532364],[4.983830384309738,47.28412217069273],[4.983993740675067,47.28417007710652],[4.984172995321383,47.28415395387613],[4.984309348905676,47.28413721334175],[4.984331414866467,47.284164932469054],[4.984376947770136,47.28421530378068],[4.984508037051881,47.28419577135996]]],[[[4.983667967224844,47.284712543468736],[4.983374577127851,47.28496016208569],[4.983251753964209,47.284881033960424],[4.983128934484665,47.28480199569871],[4.983024642519315,47.28488068354358],[4.98333845520995,47.285132420496964],[4.983772564840021,47.28477118056401],[4.983667967224844,47.284712543468736]]],[[[4.9838631469660335,47.285127592197696],[4.983793674709852,47.28518155113989],[4.983607150381572,47.28536646716286],[4.983420631415162,47.28555156286426],[4.983586527979425,47.28563589790044],[4.983976247414243,47.28553467867952],[4.984574162968648,47.28509372929246],[4.984256657395401,47.28483890688662],[4.9838631469660335,47.285127592197696]]],[[[4.985088772249043,47.28584749406038],[4.984962421286554,47.28558706138857],[4.984809534135962,47.28539282121198],[4.984697571650041,47.28540356174558],[4.9847601101971035,47.28568850011985],[4.984828966228537,47.28612290830526],[4.984981322327291,47.28610931532587],[4.985081540005596,47.286231963806365],[4.985093137847296,47.28611604733285],[4.985088772249043,47.28584749406038]]],[[[4.985596426128962,47.2562938693283],[4.9859596734007745,47.2563089914182],[4.986093218116094,47.25631480900374],[4.98621821472128,47.25632554572348],[4.986289225469804,47.25633576621869],[4.986531099142193,47.256384484484435],[4.986782577296887,47.2564353790963],[4.986956493527224,47.25647058202961],[4.986996009627974,47.256476839062515],[4.987035835797465,47.256480749362474],[4.987076371922638,47.256482396130494],[4.987116824868665,47.256481792957544],[4.987157194630473,47.25647893984373],[4.987158377670383,47.25647873946161],[4.987240907011362,47.25646777937964],[4.987328555055658,47.25645574091577],[4.987437524368767,47.25644081543444],[4.987799962956669,47.256391106685406],[4.9878678757475825,47.256381927638955],[4.988190900196842,47.2563394672876],[4.988420748033597,47.256309770580096],[4.988530539840824,47.2562956404437],[4.988660459748922,47.2562785534333],[4.988739439388246,47.256268193476465],[4.988618089195071,47.25577686798646],[4.988446850200726,47.25523479680703],[4.988265010577783,47.25470641521705],[4.988198508659868,47.254474765445245],[4.988148978155621,47.25417627457043],[4.988139624547384,47.25391266617725],[4.988156090069658,47.253639069299744],[4.988072306583169,47.2536267275835],[4.987956986493382,47.25360925309044],[4.987850043816242,47.253592985674466],[4.987551135864775,47.253546778888676],[4.987374059687224,47.253511721177034],[4.987248723947988,47.253480909524434],[4.987184668233047,47.25346552743354],[4.986838275657401,47.253379878405454],[4.9867565527880835,47.25335885523748],[4.986685646379417,47.25334061847129],[4.986606336141357,47.253320454402754],[4.986474900171028,47.253285603951824],[4.986340538923596,47.25324675102949],[4.986070774532,47.253162308509026],[4.985731379804618,47.253040424639046],[4.985583165025345,47.252991722042374],[4.985533122218668,47.25297970125342],[4.985352967635109,47.252936408234504],[4.985304204296295,47.25292679690275],[4.98483426879114,47.25283713357758],[4.984820396597311,47.25283755115334],[4.984807800420693,47.252840288292546],[4.98479607042888,47.252844991794454],[4.984786396236019,47.252851641295635],[4.984783326945946,47.252854485514085],[4.984778567398451,47.25286528343152],[4.984777406604435,47.252876830233376],[4.984777443158818,47.25287782020334],[4.984778178720097,47.25291923252225],[4.984833145918539,47.25330102171472],[4.984949564670386,47.25361691988872],[4.985040581895592,47.25383590429062],[4.98516403612411,47.254202562353726],[4.985286488163626,47.254542041079176],[4.985523765651507,47.2554118632328],[4.9855566579468436,47.255625538657156],[4.985586387994925,47.255839538370346],[4.9856039476784515,47.25598188332342],[4.985596426128962,47.2562938693283]]],[[[4.984394229725896,47.26206961475009],[4.984373365765573,47.26207420429079],[4.984353374766374,47.262080940181725],[4.9843436224282565,47.262085519691524],[4.984236067484788,47.262128334500865],[4.9841265260111935,47.262171093140864],[4.983951677826048,47.262240093943056],[4.983855197388293,47.262281908443015],[4.9837548271223,47.262325860635514],[4.983720057160546,47.262340773952864],[4.983684020950271,47.262353637681954],[4.983678531544893,47.26235544260143],[4.983586861145278,47.26238780899963],[4.98350029008743,47.26241855719161],[4.983419188425739,47.26244696042994],[4.9832656139463,47.26250100760517],[4.98347282934095,47.262642270156405],[4.983606963591671,47.262749661418106],[4.983700349567543,47.2628390183634],[4.9837909994289875,47.262929502684784],[4.983879319748175,47.263021377594576],[4.983891306592128,47.263034320387206],[4.983974807258644,47.26301713251575],[4.984034677195405,47.26300485155051],[4.984084304933362,47.26299463691232],[4.984142601657922,47.26298274302083],[4.984339135914443,47.26294209808083],[4.9844194899776,47.262925684154645],[4.9845777916943845,47.26289217688259],[4.984670098266274,47.26286628269798],[4.984775379941158,47.262837104547046],[4.984821744744584,47.26282451397868],[4.984888114028543,47.26280554740168],[4.984955920130675,47.26278250377201],[4.985111486743767,47.26272869041081],[4.98519223454285,47.26270146274144],[4.985464333898417,47.26261152361078],[4.985745298063168,47.26255745356389],[4.985858790087343,47.262535698341715],[4.985924784460643,47.26252808436048],[4.98599450793791,47.262524729064246],[4.986040864699732,47.262522674434614],[4.986092513745244,47.26252422135843],[4.986143456050776,47.26252812176317],[4.986158993672434,47.26252974678879],[4.986300379026681,47.26258622047255],[4.986546540076827,47.262685746058025],[4.986650729400784,47.262723675011195],[4.986949953857426,47.26283075579303],[4.987104542174912,47.262890064137984],[4.98714394173202,47.26286084196173],[4.987075699523167,47.262378331948575],[4.986998361315173,47.26192884734398],[4.9869834372812205,47.26186867689088],[4.9869367575781824,47.261711702265735],[4.986882661814947,47.26156881303163],[4.986841710697007,47.26148090160728],[4.9867912313041485,47.261392883248504],[4.98670442137818,47.26125604768211],[4.9866661250910065,47.26119699801625],[4.986511937275316,47.26096585942164],[4.9864115576828665,47.26078395896778],[4.985949644464367,47.260891830132515],[4.985897604839557,47.260793752081206],[4.98556532753949,47.26086581152909],[4.985546391952779,47.260815165242],[4.985501155671883,47.26082602579698],[4.985235626728451,47.260889466969054],[4.984906356805757,47.26096777678794],[4.98493128735706,47.26101958130864],[4.984789328374196,47.261054880716706],[4.984748024492809,47.26106477312829],[4.9846257024777305,47.26109451312231],[4.984665958399059,47.26116370597236],[4.984711325921257,47.26124235703395],[4.984753291440231,47.261314852586864],[4.984775750422668,47.26135346151893],[4.984794890384157,47.26138816488304],[4.98478346871214,47.261390521658655],[4.984728847294318,47.261297710441625],[4.984538382485066,47.26133059773412],[4.984410631444306,47.26135304597782],[4.984341273735378,47.26137701641714],[4.984315047452032,47.26132235223262],[4.984161056323314,47.261354254575586],[4.984241140955392,47.261491837381136],[4.984090214572884,47.261531521862345],[4.984018290820635,47.26155049298913],[4.9839444072594,47.26157012797499],[4.983651718485406,47.261668430601496],[4.983610438433105,47.26159655333284],[4.983298312084469,47.26167717677034],[4.983282257245182,47.26168303467692],[4.9832835300856315,47.26168526425358],[4.9833095742096,47.26172426240409],[4.983450658501247,47.261934016193045],[4.983712980599593,47.262321083169546],[4.983962443141014,47.26220920143049],[4.984239126430405,47.26210369747343],[4.984311908373074,47.26207570616022],[4.984356123446855,47.262058649857806],[4.984380123700025,47.262053016061934],[4.984548181827557,47.26201510929942],[4.984762690208881,47.26196695166423],[4.9848122836128095,47.261955836740896],[4.984819187692941,47.2619708476192],[4.984723177010103,47.26199311314616],[4.98453431496227,47.26203722967728],[4.984467406999274,47.262052332975806],[4.984394229725896,47.26206961475009]]],[[[4.986342848082848,47.264819728012256],[4.986414317647458,47.26486353078549],[4.986543493074173,47.26493309104933],[4.986667663100549,47.26499607293757],[4.986815710965214,47.2650608069282],[4.986972881646017,47.26512538443576],[4.987056704832452,47.26515978968667],[4.987251245188134,47.26523678434518],[4.987380966803653,47.2652888639078],[4.987600161893664,47.265377862924296],[4.987718325303688,47.265428609288605],[4.987735216817739,47.26543462354731],[4.987752828361917,47.26543864427949],[4.987816158990981,47.26544476311794],[4.9879081307547715,47.26544192594019],[4.98800913179782,47.26543641240739],[4.9880978306068355,47.26543092956856],[4.988164324735571,47.26542600742446],[4.988207337729339,47.26541932649731],[4.988100496921462,47.26518116467677],[4.987888562047172,47.26468761050134],[4.987846187333701,47.264593510161305],[4.987578947946615,47.26401021911658],[4.98753815413104,47.26391591145508],[4.987458750270233,47.2637219454851],[4.987458618064147,47.26372194775078],[4.987396385934859,47.26357019286546],[4.987358661961753,47.26348375726588],[4.987310682254297,47.26334535622088],[4.987259146575248,47.263207376302574],[4.987231104277736,47.26313590380004],[4.987189326093261,47.26314373394188],[4.9871228131872085,47.26294414359997],[4.986950218086807,47.26287010480063],[4.98685635680979,47.262832449434825],[4.986550300321872,47.26272305399283],[4.986305342229956,47.262623868025145],[4.986171602119543,47.26257023518603],[4.98612515966431,47.262559233527796],[4.986047641146297,47.262555698197374],[4.98603094362345,47.26255490350519],[4.985960790242402,47.262557365646316],[4.985910537186901,47.262561378095704],[4.985860363936805,47.26256755044863],[4.9858288047408905,47.262572683608894],[4.985752344579034,47.26258705067047],[4.98561402556204,47.262613553455594],[4.98555371658617,47.26262467206878],[4.985494283929567,47.26263802699239],[4.9854765927269,47.26264256240813],[4.9854165862468856,47.26266187066739],[4.985247215207664,47.26271799199928],[4.985162141255032,47.26274628435341],[4.984909794862738,47.26283381342868],[4.984755035354493,47.26287725650941],[4.984608114793239,47.26291804372449],[4.984506962980397,47.2629408472828],[4.9844246491184,47.26295792518104],[4.984325400466751,47.262978534721555],[4.9840555777241775,47.2630334912932],[4.983912543868279,47.26306133342583],[4.983981205407499,47.263168943754],[4.984124653438672,47.263399548744246],[4.984196633772267,47.26352178092618],[4.9843460728293145,47.26375336378464],[4.9843635129213695,47.26376351160884],[4.984382476356496,47.26377192234362],[4.984390108489134,47.26377440330989],[4.984474562783223,47.26379376060604],[4.984735904953943,47.26385295632737],[4.984929487629802,47.263893499399614],[4.98497879043617,47.26390670393266],[4.9850874180029665,47.263935823113286],[4.985203807541541,47.26397093298175],[4.985268127880979,47.2639931558627],[4.985330934935143,47.264017385797416],[4.985391428817546,47.26404345637444],[4.98544353054229,47.26406795957224],[4.985575369421513,47.26413450350988],[4.985602941547881,47.2641503311762],[4.985726404308322,47.264226474001774],[4.985804613400365,47.264291594540175],[4.9858527176498955,47.26433678832087],[4.985898085525605,47.264383109584315],[4.985930775682034,47.26441929174082],[4.98607124116727,47.26457961348949],[4.986129783726195,47.26463876684182],[4.986190659600568,47.26469661945203],[4.9862382747746725,47.26473929994771],[4.986342848082848,47.264819728012256]]],[[[4.987217832337783,47.26576065931167],[4.987317568763587,47.26573166403043],[4.987700369291112,47.265662066270245],[4.987785266272123,47.265639628672744],[4.987918956059771,47.2656058183843],[4.988299525733684,47.2655188764704],[4.988272445305551,47.265505652558666],[4.9882430583569946,47.265494449366344],[4.9882129447515196,47.26548505969993],[4.988180927911514,47.26547786394421],[4.988148597687728,47.26547292489693],[4.988121523558733,47.2654705973518],[4.987890334231628,47.265475821046586],[4.987834455845593,47.26547803957205],[4.987741988014677,47.265467467178844],[4.987711967718729,47.26546059729071],[4.987706364951836,47.26545934250971],[4.9876657060425185,47.26544382967351],[4.987603019952033,47.2654122144872],[4.987552602318367,47.265390384985494],[4.987052743298958,47.26519218686613],[4.986907367374697,47.2651353321261],[4.986861869540353,47.265117740624994],[4.9866573652777175,47.26502884880454],[4.986637541247483,47.26501865209878],[4.986485405096045,47.26493993952455],[4.986427169678437,47.26491058888233],[4.986371254208463,47.26487957750865],[4.986311156317649,47.26484278424698],[4.986249092802158,47.26479575849041],[4.986189365910317,47.26474752198541],[4.986132348982626,47.26469743796543],[4.986078068625636,47.264646226408836],[4.986026514857119,47.26459361732894],[4.986019496182136,47.26458626305929],[4.985840462070257,47.264381034469515],[4.9858074418860125,47.26434665901487],[4.9857712820163576,47.26431323784849],[4.9857499659329445,47.26429487165049],[4.985717995160544,47.264267412342704],[4.9856832912941655,47.2642411705212],[4.985646270909276,47.26421667937372],[4.985612996392656,47.264196896930315],[4.98554370433197,47.26415827951601],[4.9854728824098276,47.264121219166896],[4.985453475510128,47.26411155544591],[4.985312984321703,47.26404714067277],[4.985270257626601,47.264029321018306],[4.985226014292993,47.264013418439376],[4.985185876820227,47.26400122781914],[4.985123996066894,47.263980584102015],[4.98506020871805,47.26396204422351],[4.985007319637771,47.26394845083866],[4.984868779387694,47.26391534085469],[4.984687991543831,47.263877370384364],[4.984535969933061,47.263844580773984],[4.984402112078034,47.26382003527459],[4.9844319251428715,47.26403628450108],[4.984476434803229,47.26417762767931],[4.98452450433474,47.264318639759146],[4.984555031934841,47.26440375846911],[4.9845997172923635,47.26452834859015],[4.984658090866284,47.26465819772374],[4.984847111788102,47.265015718081564],[4.985291102426984,47.26576456978876],[4.985353374155669,47.26587093786883],[4.985412106339381,47.26597817699194],[4.985440289262548,47.26603199690443],[4.985689407502409,47.26597487039973],[4.985810935027049,47.26596630574795],[4.98588144958984,47.265962756948056],[4.986015725915788,47.26595550469467],[4.98615389870299,47.26594629442866],[4.986324212941867,47.265926177340305],[4.986444347421388,47.265912142602176],[4.986541906944454,47.26589939495938],[4.986638683133716,47.26588693081309],[4.986734186195252,47.26587223705099],[4.986770473579444,47.2658661221482],[4.9869053737727755,47.26584354903457],[4.986994284297283,47.26582230402086],[4.98707726521345,47.26580170085475],[4.987217832337783,47.26576065931167]]],[[[4.989273436313431,47.26414542428648],[4.989168061244927,47.26417208659605],[4.98907449478147,47.264196114822525],[4.9879383319922965,47.26448809866658],[4.988134751045855,47.264905553137396],[4.988152021179274,47.264943259786676],[4.988187697721667,47.265027929140224],[4.988238825046165,47.26514403254073],[4.98826398383785,47.26520186603843],[4.988290505720393,47.26526435895927],[4.988356918932673,47.265375247282385],[4.988452360108366,47.26547690265627],[4.988913351235624,47.26536462548978],[4.9889634207126345,47.265473542423514],[4.9885527040926885,47.26559306260498],[4.988595855416761,47.26564374343576],[4.988614119840342,47.26566540338949],[4.988640879766142,47.26570213676105],[4.988642843952119,47.26570516491044],[4.988693872899417,47.265782816821634],[4.98874433984329,47.26585957780961],[4.98885109602066,47.26605244343756],[4.988890714379605,47.266125608140165],[4.9889430613369266,47.26622097793578],[4.989813993380882,47.265968026469125],[4.99000020346963,47.26631288954458],[4.989719083696048,47.26639533917116],[4.989129070169727,47.26656053257174],[4.9891733488053305,47.26664163203448],[4.989244878360658,47.26676197779708],[4.98930631932868,47.26685638096285],[4.991257518673368,47.266269245920405],[4.991153284036661,47.266123257137394],[4.991049856572811,47.265977614620034],[4.991010925598177,47.26592307995052],[4.990977011048181,47.26587539329832],[4.990940596725382,47.265824507610304],[4.990920074739146,47.26579550234519],[4.991254284518983,47.26568926450242],[4.9916563864319174,47.26556231808356],[4.992102949313769,47.266302906181906],[4.9922531408390896,47.26655364786088],[4.992357729106181,47.266527086398455],[4.992617274531714,47.26646229134141],[4.992643225702714,47.266455721807134],[4.9928835054277245,47.266395849896625],[4.992982206936119,47.26637110003691],[4.993080911691479,47.26634644008949],[4.99316309780997,47.266325846206776],[4.9931736968476415,47.26632269227492],[4.9932819968727165,47.26628922207403],[4.993388760293674,47.26625712898874],[4.993477041945597,47.26622967606597],[4.99357238616193,47.26620003043343],[4.993737323034431,47.266141992104],[4.993995533277101,47.26605200174194],[4.9940304096501205,47.26603996525576],[4.994286642422509,47.265950188332404],[4.995878083044664,47.265413826417955],[4.997824608945138,47.264757587372955],[4.997638997833833,47.264440732380386],[4.997599001075472,47.26443241590631],[4.99756335379223,47.264423664285495],[4.997524829810469,47.26441226057911],[4.997487438844024,47.264399306425744],[4.997405265468524,47.26435605489085],[4.9971586666663015,47.264256199261666],[4.9971200994119975,47.26424362546559],[4.997033432683152,47.26421828176283],[4.996959655202048,47.26419802924627],[4.996823576957714,47.26416732247298],[4.996670664888918,47.26414284893667],[4.996548267213373,47.26412784588258],[4.996395976001447,47.26410939492285],[4.996068207260049,47.26407865494394],[4.9960561111068955,47.26408066421825],[4.996026796166386,47.26408567147047],[4.99591624278016,47.26405830660024],[4.995752807668049,47.26401762312907],[4.9955913157958705,47.26397582534426],[4.995320893915721,47.26386484889442],[4.995093624276803,47.263750968180496],[4.99491286852525,47.26366060151787],[4.994719551044072,47.26356324631992],[4.994668096062586,47.26354558020365],[4.994463019606,47.26347355191803],[4.994307028736066,47.263419500479365],[4.994034126975949,47.26336989054607],[4.993863496942555,47.26333842363083],[4.993595035546798,47.26329080757739],[4.993141610571778,47.26321043839347],[4.993243893129802,47.26337870245051],[4.993310274173899,47.263488508062075],[4.993350916316415,47.26355706103736],[4.993414008023777,47.26366377123669],[4.993384142196699,47.26367175907298],[4.993381395920526,47.263672616763486],[4.993372089499479,47.26365710732874],[4.993340437150147,47.26360623053843],[4.993310921493548,47.26355945949872],[4.9932855790058275,47.26351820007312],[4.993252240218502,47.263464650624314],[4.993218854766858,47.26340984121177],[4.993195689091362,47.263373767486065],[4.993137851517319,47.263280294863236],[4.9930871704473825,47.26319786591757],[4.993051591469831,47.26319091283908],[4.992844103186611,47.263139365452],[4.992633025763578,47.26308733904497],[4.992524875855197,47.2630604700234],[4.99246240033867,47.26304524364273],[4.992401037955215,47.26302792686289],[4.9923411853232915,47.26300851287194],[4.9923307332727695,47.26300491016684],[4.992305426404366,47.262996699743006],[4.9920944086232355,47.26290342661466],[4.991554520639122,47.26266370008145],[4.991394305266575,47.262591886656026],[4.991301877739815,47.26255015778864],[4.99120786725573,47.26250854608296],[4.991100945379847,47.26246121241889],[4.9909955434423825,47.26241205148407],[4.990906212715791,47.26236819790034],[4.990850014050737,47.2623402553522],[4.9907148235021666,47.26226900199856],[4.990570258021347,47.26219106530734],[4.9904546519547255,47.26213424434756],[4.990333443656922,47.26207616861545],[4.990262321223766,47.2620417278729],[4.9901031726074,47.26196647234862],[4.9900502442608525,47.26194108486688],[4.989890619661299,47.26186367593077],[4.989859944588357,47.261849793643606],[4.989831179244368,47.26183389739309],[4.989803103830344,47.26181519762443],[4.989764443511937,47.26178929503859],[4.989723456920963,47.26176487321705],[4.989703613521321,47.26175413704102],[4.989608209411793,47.261696248212516],[4.989501167582067,47.261624150325794],[4.989436008798271,47.26157925057213],[4.98933948561654,47.26151255543738],[4.989182490250682,47.2613988987535],[4.98910745718603,47.26134453241896],[4.988945976971919,47.261227620353104],[4.988678057948552,47.261033375972715],[4.98856224058874,47.260949270447924],[4.988508441202663,47.26091101950066],[4.988430976642987,47.260855253571464],[4.988293640634484,47.260768725085306],[4.988202971904983,47.26072074993365],[4.988116662560566,47.260672609921514],[4.988047719903393,47.26063263719558],[4.988030336725482,47.26062401985973],[4.987931876388401,47.26057996034213],[4.987606659171655,47.26063893691652],[4.987472515603476,47.260660147345256],[4.987160842174826,47.26070979508214],[4.986872074279449,47.26075643796171],[4.986597496875603,47.26080049561579],[4.986558440039853,47.26080674803145],[4.986598712263838,47.26086558377792],[4.9866441096909515,47.260934237640136],[4.9867886571834,47.261151492822655],[4.986823114682147,47.26120331385305],[4.986852543549181,47.26124792666204],[4.986917626600994,47.26134452007084],[4.986998251942124,47.26147506762496],[4.987034201179853,47.261556490768015],[4.987058110620904,47.26161281505042],[4.987081671539532,47.26170264535054],[4.98710050385988,47.26178265073949],[4.987127647912444,47.26192645196679],[4.987143993645912,47.26201433464042],[4.987157297586324,47.26208434870785],[4.987177218316676,47.26219378304682],[4.9871966305855455,47.26227873143563],[4.98720713964102,47.26232682023714],[4.98721993125925,47.26238297477284],[4.987235744828856,47.262456457921004],[4.987256236108703,47.262559848848646],[4.987265828920273,47.262604621348714],[4.987289367136939,47.26275821011278],[4.987309998992174,47.26285466446555],[4.987325802839632,47.26292787759697],[4.987345448572065,47.26301912571385],[4.987313746148865,47.263020389413526],[4.987371333601985,47.26317177368768],[4.987610898757725,47.26377958397676],[4.9879237448454035,47.2644585408922],[4.988009449725452,47.26443653950637],[4.98818164586222,47.26439234295169],[4.988333803752683,47.264353622756836],[4.988554750951115,47.264296972856144],[4.988697472633268,47.26426066531909],[4.988847640009264,47.26422179846086],[4.988948292514334,47.26419620803229],[4.989057590649843,47.264168307940416],[4.989365446615815,47.26409008384005],[4.989446150837796,47.26407239968155],[4.989476870684049,47.26406601919381],[4.989487389235861,47.264082138503795],[4.989550080735138,47.26417823116848],[4.989613129097502,47.26427323703058],[4.989677474176272,47.26437110233583],[4.989734273745384,47.264458110489485],[4.989760767167292,47.26449836029691],[4.989790213605505,47.264543332288156],[4.989817540347399,47.26458464843171],[4.989844040558699,47.264625078211466],[4.989890728489129,47.26469623019104],[4.990032929458312,47.26491379182315],[4.990007365341637,47.26492008398181],[4.989466111498176,47.264097002191725],[4.989273436313431,47.26414542428648]]],[[[4.986627551765286,47.26676676622255],[4.986750861863529,47.26674196041537],[4.986472512533533,47.26633050005314],[4.9862311236800085,47.26597396919168],[4.986142930184885,47.2659824137024],[4.985983085383485,47.26599586737524],[4.985949837868293,47.26599832782632],[4.985596050643372,47.2660261784054],[4.985432366982583,47.26606464191157],[4.985833233662105,47.26681675124478],[4.985850716518305,47.266849501595836],[4.985877478615343,47.26684336997685],[4.985907000566966,47.266836740826214],[4.986140016094721,47.266784121676956],[4.986175654908013,47.266857085219826],[4.986252484407857,47.26684181114387],[4.986428982127581,47.26680636898392],[4.986627551765286,47.26676676622255]]],[[[4.988852877265048,47.26834184942711],[4.988848190994017,47.26833319457689],[4.988932748359701,47.26831220291105],[4.989041698196237,47.26828538964165],[4.989186830037736,47.268249580726085],[4.989222612156392,47.26824050197763],[4.989107141104439,47.26802680370808],[4.989185821641914,47.267997177421876],[4.989085279727584,47.26782221633886],[4.988955927230314,47.26761947237059],[4.988800099626208,47.26732334624864],[4.988726930191671,47.267330274305486],[4.988832589221478,47.26752559014877],[4.988638051162592,47.267577644994404],[4.988524865996644,47.267607952571346],[4.988702838638736,47.26790189822909],[4.9887716991435385,47.26801445532469],[4.9887544230819145,47.268019524408686],[4.988686085457894,47.26803906714357],[4.988535280517272,47.26808244716465],[4.988673648023356,47.268314304436096],[4.988695416948046,47.268323386815084],[4.988711542822338,47.268330134499784],[4.9888165639557345,47.26851888732895],[4.988885041890845,47.2686425275121],[4.988923752568919,47.26870183945573],[4.989028475602155,47.268871775979456],[4.989127125297254,47.26908135013728],[4.989266482424965,47.269061039388],[4.989223408283967,47.26898036961387],[4.989164211711979,47.26888232580581],[4.989282232368133,47.26885391590645],[4.989334947798883,47.26884121471293],[4.989462334554922,47.269055068556966],[4.98950397039344,47.26904327776703],[4.989723155730432,47.26898143316414],[4.989561625506655,47.26878878758425],[4.9894032536719095,47.268552771771645],[4.989226865181399,47.26824817365366],[4.988974393482126,47.268311398693804],[4.988852877265048,47.26834184942711]]],[[[4.988531104421084,47.26764782946617],[4.9883863570946225,47.267683270783415],[4.988433102364672,47.26775595320444],[4.988349682342699,47.26777548416469],[4.987901515737566,47.26788096487735],[4.987648877760925,47.267939687210365],[4.987613462266886,47.267947948707196],[4.9876004194388734,47.267949432977616],[4.987561680942549,47.26795369898947],[4.987485403865858,47.26796248057304],[4.987378510381432,47.26799123832698],[4.987903102868427,47.26879291132363],[4.988003501352252,47.26876021203039],[4.988075068163127,47.268870831979896],[4.988154853898936,47.268838846094255],[4.988238106213852,47.2688040090621],[4.988307285287791,47.268774996555344],[4.988335609486957,47.268821789169635],[4.98834447207183,47.268836045823846],[4.9883668849798095,47.26883034842194],[4.9883491731251155,47.26880219510246],[4.988607257979368,47.26872968977032],[4.98868857288,47.26870686276477],[4.988876378512942,47.26865510348276],[4.988699923033707,47.26833789825154],[4.988676927509365,47.268327846314364],[4.988663211527651,47.268321867787584],[4.988519154739421,47.26807569945477],[4.988525441197278,47.26807397070572],[4.988749683563437,47.26800942960764],[4.988531104421084,47.26764782946617]]],[[[4.989167513522088,47.26794219842913],[4.989202794082705,47.2680053513789],[4.989159338972017,47.2680215859129],[4.989121366975531,47.26803583526466],[4.989285231593297,47.268323808306484],[4.989420053064011,47.26855626587349],[4.989488379458711,47.268654333067055],[4.989577011762791,47.26878627230635],[4.989769754250082,47.26901791598435],[4.989921130777966,47.26897920738951],[4.989899794893729,47.268938959218815],[4.98985799984836,47.26886069916699],[4.989770940112859,47.268717656546016],[4.98974683119559,47.26867754597372],[4.989693160390366,47.268589403578765],[4.989609068037132,47.268451442992315],[4.98945870346697,47.26820655466394],[4.989926352311551,47.2680912780396],[4.9898570292480535,47.26798773490092],[4.989814898258058,47.26792181794514],[4.9894985012902735,47.26800577259318],[4.98942429641795,47.267877548169615],[4.989352625044582,47.267753422714726],[4.989342792142627,47.267755842715985],[4.989218937479948,47.267787414619335],[4.989096262622771,47.26781869599248],[4.989131836395659,47.267879052269734],[4.989167513522088,47.26794219842913]]],[[[4.986104578830611,47.2698630318385],[4.986194805590498,47.269984590025146],[4.986241590613087,47.27004763683205],[4.98682116357224,47.269953059915544],[4.986794779760556,47.26975476357712],[4.986399009491214,47.26981791587299],[4.986104578830611,47.2698630318385]]],[[[4.9859109670134725,47.272893856151825],[4.985598075293291,47.27293397339765],[4.985609999372314,47.273009594280005],[4.985630262642608,47.27313901441743],[4.9856884699750115,47.273285525514986],[4.985698505128234,47.27331002836497],[4.98571163308228,47.273343033344325],[4.985806795873113,47.273576533717026],[4.985844844624108,47.27366089275787],[4.985881937122673,47.27374085553895],[4.98589233920514,47.273764541607704],[4.985894655296818,47.2737735072975],[4.985936661084243,47.27394343936526],[4.985938172112829,47.27397358139126],[4.9866480115062055,47.273804552999295],[4.9870401460008855,47.27370670210039],[4.987734378464851,47.27358809407107],[4.988180226578497,47.273472298656344],[4.988148676594746,47.27342421054062],[4.988098577202416,47.273336096379815],[4.987911085021284,47.27337533120288],[4.9876326030905975,47.273433595306564],[4.987220967853877,47.273519264929696],[4.986556052254748,47.27365780993132],[4.986506859181127,47.273561935013674],[4.986430338365609,47.27341402691069],[4.986351762105725,47.27325345641681],[4.986309412490114,47.27317088218516],[4.986273899056711,47.27310142873313],[4.98619560316754,47.27294841781898],[4.986177204983105,47.27291244131188],[4.986151554182084,47.27286281080899],[4.9859109670134725,47.272893856151825]]],[[[4.9883781523899575,47.27373645491431],[4.9882807976521395,47.27360493460865],[4.988183619886301,47.27347818402473],[4.987733014767555,47.27359415102374],[4.98732435951113,47.27366383045875],[4.9870541234110926,47.27370898415606],[4.98704544943817,47.27371057360193],[4.986648994562322,47.273809669208894],[4.986458942416652,47.273854889003054],[4.98593837502167,47.27397907117596],[4.985947040354674,47.274170556489715],[4.985952384274802,47.274293658064245],[4.985961262060008,47.27432979759172],[4.986004264806385,47.274505205796345],[4.98664073876309,47.27433788396458],[4.986673437384541,47.274395588502394],[4.986763789203678,47.27436999673287],[4.9869318011692645,47.27459819601765],[4.986712332075606,47.27467453821861],[4.986951755439324,47.27477282801623],[4.986726791960139,47.27500118444355],[4.986920113498044,47.27514087799958],[4.987030337545773,47.27512665259921],[4.987089141684376,47.27503153945309],[4.987195057419107,47.27485790308445],[4.987294788206515,47.27475317338098],[4.987554168809055,47.27450027183118],[4.987651225320517,47.27445205112121],[4.9879094000336615,47.274338301962665],[4.988139471115312,47.27423746128034],[4.988249994289245,47.27418846890892],[4.988242034135426,47.27417716856022],[4.988395507452271,47.27410888882102],[4.9884070885664595,47.27410004516119],[4.988594622811741,47.2739546357922],[4.988531739727553,47.273917981418485],[4.9884659107198175,47.273855352052195],[4.988449333591299,47.27383645483403],[4.988416229688385,47.27378929396365],[4.9883781523899575,47.27373645491431]]],[[[4.9876465973231285,47.27558239104853],[4.987566628154404,47.27560969668622],[4.987549382829179,47.27561566553878],[4.987538011520607,47.27561946251391],[4.987516449029629,47.27562676608021],[4.987458518277566,47.275595249372834],[4.9873122882465895,47.27551607628006],[4.987292415778796,47.27552614250677],[4.987281728621784,47.27551623961871],[4.98721783729019,47.2755489429326],[4.987245494454665,47.275588362777924],[4.987258061367357,47.27560615816471],[4.987271044966747,47.27562448673193],[4.987628147511111,47.27609231938568],[4.987782015893421,47.27627060004284],[4.988107160312591,47.27664694431907],[4.9881286885741245,47.276670889763174],[4.988318277186765,47.27687035043212],[4.988544233887044,47.277108540696226],[4.988642546563609,47.27721212774356],[4.9890493343685645,47.27695192323012],[4.989442792942033,47.27671779112823],[4.989545692491845,47.27666649694359],[4.989657342863595,47.276615682942136],[4.989694153971165,47.27660208385223],[4.990096397893538,47.276476673339005],[4.990303771514003,47.27640593557619],[4.990751924051607,47.276255420590545],[4.990518567001274,47.27601051736117],[4.990380918488662,47.275788105816],[4.990294379529366,47.27564874703032],[4.9901685006340735,47.27544396387896],[4.990091620304085,47.27531884778673],[4.990048126503074,47.275248451714226],[4.99006217780915,47.27524199695856],[4.991489826184409,47.27458333821888],[4.991453205581145,47.27453776946311],[4.991409900991594,47.274483220037084],[4.991235900127121,47.27426530576804],[4.991153022255012,47.27416046526101],[4.99110764142094,47.27410342986499],[4.991063067411029,47.27404674081659],[4.99100310217302,47.273971044473726],[4.99092062857096,47.27386637697175],[4.990402259225891,47.273278127894265],[4.990118850079589,47.27340690445859],[4.9896190855795926,47.27363160643457],[4.989611668418506,47.273634975586795],[4.989556664575416,47.27367176034752],[4.989551214200084,47.27367464549319],[4.989424188665356,47.273738871073455],[4.989401980416332,47.27375014844381],[4.989385619243411,47.273758533868794],[4.989256656496539,47.27382405323055],[4.989121449628553,47.27389247117777],[4.989070530574658,47.27384660657374],[4.988940951444421,47.27373464066803],[4.98870710695209,47.27395865085675],[4.9886729936982785,47.273991474870314],[4.988440631932149,47.274169801922895],[4.988536198124163,47.274295859487495],[4.9885683291881096,47.27433817411086],[4.988382282986161,47.27440584173466],[4.9883756223994,47.27440820724629],[4.98840278321284,47.27444493374265],[4.9882341636983325,47.27453301468353],[4.988432521073202,47.274776541166254],[4.9883115794113,47.274822920609935],[4.988181253267817,47.27487315296497],[4.988333256759799,47.27504399047877],[4.988421874532883,47.27514315118443],[4.98843471853094,47.27515769977792],[4.988577606437709,47.27531815698538],[4.988540302629603,47.27532915263478],[4.9885073092566214,47.275338633524534],[4.988415369823016,47.27536425384273],[4.988403578610616,47.27536742772889],[4.988360710882753,47.27537824853397],[4.9882132422875,47.27541580704052],[4.988188072996747,47.275422181968274],[4.988135447413669,47.275437492501],[4.988040797299545,47.275464960043365],[4.988024315513581,47.27547010540174],[4.987967022613018,47.275488017342475],[4.987794753635891,47.27554193978501],[4.987781405491978,47.27554595076739],[4.987719798609603,47.275565287309604],[4.987654468180841,47.27558054516511],[4.9876465973231285,47.27558239104853]]],[[[4.989800731087737,47.27894389529138],[4.98982522146316,47.278972742553194],[4.989811952614714,47.278978913671786],[4.989927680547568,47.27910237288214],[4.990013120764026,47.279201226667084],[4.990031323735218,47.27921037000644],[4.990091733658084,47.27923364809063],[4.9901578779269995,47.27925097430036],[4.990301121745896,47.27928129619687],[4.99051919159322,47.279316817866864],[4.990608793372522,47.27933509212069],[4.990640475414101,47.27934373391191],[4.990675434705461,47.279355111111094],[4.990710910794185,47.27936972135249],[4.990901317177959,47.27945146413353],[4.990983678194547,47.27947787711775],[4.9910157737908545,47.2794869619776],[4.991044618813016,47.27949403139156],[4.991057027638147,47.279496790177085],[4.991082992135716,47.279501117366515],[4.991096161079463,47.27950296256794],[4.991154841245575,47.279511681152734],[4.991204896481211,47.279512623055055],[4.991265633524774,47.27951257110188],[4.991272758064323,47.279511998541544],[4.991300466088097,47.27950981191203],[4.991332071401645,47.279505667255556],[4.991367183938013,47.279499751371496],[4.991401846358622,47.27949240234946],[4.991435661926793,47.27948362700038],[4.99161924832555,47.27942419194433],[4.99187586559983,47.2793322541158],[4.992375969518921,47.279169044342325],[4.993262005560739,47.278879250533606],[4.993175834773897,47.27875015362634],[4.993129820817815,47.27868691621412],[4.993082953419673,47.278622072484694],[4.9930285611165655,47.278547001871594],[4.992975492682232,47.27847551062736],[4.992923371404912,47.27840814554643],[4.992859214440206,47.27832666870648],[4.9928268678255865,47.278289401937876],[4.992770413493988,47.27823363806984],[4.992716166546029,47.27818386983853],[4.99265151141482,47.27813175887248],[4.9926298241531715,47.27811430081761],[4.992558358136433,47.278060505724376],[4.992553420556744,47.278055817702146],[4.992450875024968,47.27795608879655],[4.9923598819586985,47.27786813849976],[4.992261884624738,47.27777328425658],[4.992218863599663,47.27772647487335],[4.992172942134134,47.277676383307124],[4.99213737256907,47.27763782089874],[4.992086147071815,47.27758385803368],[4.992035318397027,47.27752988833223],[4.991979572368672,47.27747177053654],[4.991914714939951,47.27740345302159],[4.991852764826361,47.27733859763552],[4.991793278578272,47.2772759512485],[4.991733432450667,47.27721430159899],[4.991672356275739,47.277151592396955],[4.991617327735394,47.27709139088312],[4.991557725276315,47.27702559450216],[4.9914651314606155,47.276926504374394],[4.99117343689954,47.276617945536735],[4.9911312912182835,47.276573282018305],[4.990806846700082,47.27624853448136],[4.990059443602314,47.27649711907883],[4.989670230985725,47.27662068498139],[4.98960182264385,47.2766493246149],[4.9895074875902985,47.27669605934547],[4.989447456713049,47.27672581595111],[4.989299804315498,47.2768120978173],[4.989094276977197,47.27693278170525],[4.988649940646506,47.27721884504192],[4.988712203525389,47.27728153542947],[4.988967003810225,47.277537421182636],[4.989013902914165,47.277560391137726],[4.989167984196613,47.277701294199495],[4.989342364706623,47.27790794812988],[4.989475217902302,47.2780651542805],[4.989440589306575,47.27808411904734],[4.989586240848059,47.27831891169274],[4.989595968770853,47.278335044508246],[4.9896066334613245,47.278355033551],[4.989617411475214,47.278378082463576],[4.989625712488504,47.27839856231129],[4.989633343370205,47.27842238562649],[4.989640797500242,47.278452155494605],[4.9896457712911495,47.278479266302575],[4.989652144894435,47.278544175512884],[4.989655985061646,47.27858355301981],[4.989660628689093,47.278623186905556],[4.989667482714491,47.27865819015766],[4.989674626823726,47.27869030672621],[4.989685088087583,47.2787262386935],[4.989695829440682,47.27875901398813],[4.989706350829994,47.27878584953306],[4.9897201227238055,47.27881470055149],[4.989735511548031,47.278844334314634],[4.989757134647457,47.27888151567865],[4.989780244703868,47.27891596993311],[4.989800731087737,47.27894389529138]]],[[[4.9864043444412856,47.279818795276746],[4.986435749147101,47.27983068487244],[4.986472334746001,47.27984311611675],[4.9865096805597915,47.27985463379966],[4.986514484669338,47.2798557222261],[4.986724831887448,47.2799078629983],[4.986773433588747,47.27991243383917],[4.986845723081275,47.27991344710243],[4.987198932902419,47.279910459009116],[4.987605832125928,47.279910062047755],[4.987607425735887,47.279910214850304],[4.98773638164205,47.279919171928846],[4.987910640906358,47.279961572793155],[4.988378082257307,47.27964476908668],[4.988540430449123,47.279536984167095],[4.9891025013097545,47.279160020554954],[4.989433219445402,47.278903550870204],[4.989497370613901,47.278834910685646],[4.989521341443472,47.27880685320488],[4.989537774670283,47.278757492294666],[4.98954967708106,47.27871442276793],[4.9895530450167564,47.278655290006874],[4.98954679149732,47.278593620657176],[4.989541224663613,47.278539774170945],[4.98951348821595,47.27845541959902],[4.989424933589777,47.27831528437021],[4.9894211364499546,47.27830922586093],[4.989302551747722,47.27814069840881],[4.9892583463597555,47.27808328198709],[4.989169945863315,47.2779687190778],[4.989125780741982,47.277912382556366],[4.989083289231651,47.27785835870895],[4.9890331368124645,47.277801134228675],[4.988889704297696,47.27763690470364],[4.988731257278245,47.277474553374006],[4.988669770935976,47.277411399418064],[4.9885321167797585,47.27728525303174],[4.988494306343743,47.277250420151546],[4.988468777200993,47.277225642822394],[4.988251753794606,47.27701431531748],[4.988243429809876,47.277003921744445],[4.987516607792619,47.276113952237516],[4.987262667108028,47.276235102174034],[4.987220411802966,47.27618737735215],[4.98718180986002,47.2762062294281],[4.986908891740195,47.276340221081696],[4.986944113234026,47.27638023185009],[4.986769852102087,47.276455529452946],[4.98650778059481,47.276142129401514],[4.98639240607973,47.27626405621492],[4.9863129153527215,47.27633655953953],[4.986150188217189,47.27649838006163],[4.986612460562049,47.276954869210904],[4.986393745910322,47.27706262625232],[4.986211716323091,47.277153365033556],[4.986122458250964,47.2771979387811],[4.986164877206846,47.2772393574466],[4.986123547012942,47.27725960665531],[4.986404930994584,47.27752620928122],[4.986153111122434,47.27765128259098],[4.98602602555205,47.27771424439823],[4.985898498725354,47.27782971467563],[4.985731535432015,47.27790929824507],[4.985890175993786,47.27805562071375],[4.986411280159321,47.27853541778918],[4.98655061595689,47.27866414934411],[4.985718868654517,47.27908101779073],[4.985774951749348,47.279234318958146],[4.985777168264274,47.27924058474187],[4.985794903307716,47.27937671178548],[4.985796158271175,47.27939992403346],[4.98579952419703,47.27941580583524],[4.98580526055191,47.2794313769002],[4.985812573868722,47.27944665081064],[4.985820990904148,47.279459564443336],[4.985827674637465,47.279468545404946],[4.985840899069045,47.27948263748721],[4.985863561109589,47.27950503301304],[4.985867671502828,47.27950883493752],[4.985891927159425,47.27953138328403],[4.985917353082186,47.27955337127259],[4.985947639653375,47.27957797764193],[4.985967251833888,47.279593040995486],[4.985969282086664,47.27959426698386],[4.986033400195619,47.27963198224061],[4.986037850789325,47.27963424743036],[4.986120048359062,47.279677776738254],[4.986209507097685,47.27972442358407],[4.986297779108376,47.27977118073527],[4.986368882536879,47.27980454370631],[4.9864043444412856,47.279818795276746]]],[[[4.986631023228596,47.27993684568759],[4.986583688998281,47.27992360797278],[4.986454468570543,47.279886017222275],[4.986337360849075,47.27984317595142],[4.986196557166632,47.27978218930982],[4.986048256566537,47.27971169515507],[4.98583157001079,47.27957393103752],[4.985683555342838,47.2799192972277],[4.98553849660536,47.28033395350266],[4.985439276511512,47.28061400599753],[4.985373973693266,47.2808020739585],[4.985362538771299,47.280868638827215],[4.985366357809078,47.28096123816068],[4.985454644421862,47.2810083559146],[4.9857004322930125,47.28113850842831],[4.98583521701857,47.28120842392923],[4.985954374181393,47.281295897007624],[4.986530517058631,47.280976429943586],[4.9870198935558205,47.28070482343603],[4.987702361601535,47.28028726214167],[4.987771140009303,47.28023628422184],[4.9878347273707995,47.28018449467556],[4.98788619884149,47.28013786563537],[4.987963333068699,47.28005522576922],[4.987956026171256,47.280029415645195],[4.987734025365702,47.27997351441444],[4.987682876615212,47.27996448495238],[4.9876485906566,47.27996056974157],[4.987573834090412,47.27995725786136],[4.987506652179623,47.279954806746176],[4.9874288715416375,47.27995559897877],[4.987153695684666,47.279953919142926],[4.986860816402209,47.27995659425707],[4.986773790960882,47.27995430246911],[4.986704555510986,47.279949994941795],[4.986631023228596,47.27993684568759]]],[[[4.985009526891194,47.28693704960566],[4.98508164083268,47.28695454681395],[4.985153758147001,47.286972133973315],[4.985370396848224,47.287064873778064],[4.985546683319688,47.287161545658634],[4.986112988002332,47.28724001477867],[4.986257396047316,47.286979180787064],[4.9854223227905035,47.28639651284832],[4.985002686162033,47.286580016743265],[4.984904639566194,47.286784763502794],[4.985009526891194,47.28693704960566]]],[[[4.992268907125622,47.25919605470176],[4.992385895280618,47.259172521802995],[4.992508802063256,47.25914807660052],[4.992788824406386,47.25909067316361],[4.993379541004411,47.25897902920156],[4.993461076129978,47.258962588534075],[4.993565902735465,47.25894286565799],[4.9937369243832155,47.25891038761448],[4.9939166238785635,47.25887649934349],[4.994069505868035,47.258847124386286],[4.9940027375970235,47.25871607294177],[4.993623945110173,47.257961447655816],[4.993563081566324,47.25783975012587],[4.993433706303708,47.25758270814857],[4.993427453971906,47.25757462069672],[4.993277854932936,47.25755332797022],[4.993108303936432,47.25752904598525],[4.993036520532611,47.257519473280254],[4.992959171801702,47.25750963596506],[4.992858778562125,47.25749902393929],[4.992621010952804,47.257475733490864],[4.992382930381653,47.2574546992908],[4.991972880785051,47.25741905831475],[4.991881779145306,47.257412878597904],[4.991814148596305,47.25740827684091],[4.991581451098309,47.25740398867299],[4.991516310057452,47.25740231577361],[4.991417870384723,47.25740157491692],[4.991319507404931,47.25740290390579],[4.991190745139669,47.257408447042096],[4.990967005767992,47.25742102405375],[4.9908719686583005,47.257426438049514],[4.990798353053547,47.25743166430754],[4.9906914920964445,47.25743926234046],[4.990594921970923,47.25744614329243],[4.990485688192442,47.25745396197599],[4.990376477711667,47.257462410535254],[4.989265865539022,47.2575400936584],[4.989267678332024,47.25754618623965],[4.989362854218007,47.25784470380942],[4.989430768568499,47.25806065911303],[4.989503652130379,47.25829291895687],[4.989535510516849,47.258381706024515],[4.989544454848516,47.25840892900949],[4.9895563151639335,47.25843988423529],[4.989653310787987,47.25871243471718],[4.989686855948272,47.25880389441766],[4.98974444880255,47.25896608420388],[4.989800665664524,47.259123254539645],[4.989861641804219,47.25929105961093],[4.989918709167879,47.25944974620557],[4.989975423600047,47.25960960952705],[4.989986854518065,47.25963967153076],[4.99092935802224,47.25945779430965],[4.991021549107572,47.25943973157028],[4.991118492495455,47.25942140704954],[4.991226840113333,47.25940027505256],[4.991328105789361,47.259380795485185],[4.991393505522027,47.25936796537604],[4.991468356581674,47.25935317183609],[4.991653897709666,47.25931621501996],[4.991766573988376,47.25929410762448],[4.9920297749081115,47.25924320870914],[4.9922153386223815,47.25920688097109],[4.992268907125622,47.25919605470176]]],[[[4.996624869182729,47.26410662514964],[4.996849967303321,47.26414057228506],[4.996892346794006,47.26414893803936],[4.996903942415652,47.26415125989269],[4.996963967180756,47.26416454492812],[4.997036081215652,47.264182754841556],[4.997100649475205,47.26420082449014],[4.9971644914281175,47.26422070769309],[4.997233236699781,47.26424437874529],[4.997312158453664,47.264274898716394],[4.997389190849203,47.26430797269004],[4.997469197050423,47.26434630858638],[4.997540867616096,47.26438460789525],[4.997616128354945,47.26440204282274],[4.99738478472305,47.26400789823394],[4.997321224559232,47.26389948710633],[4.997266477020287,47.26380037985547],[4.997264204525199,47.263796186448765],[4.996299160952679,47.264024519520866],[4.99615241532192,47.26405919474732],[4.996507634347265,47.264091713276926],[4.996623269328378,47.26410629247691],[4.996624869182729,47.26410662514964]]],[[[4.990609439938989,47.268948935063385],[4.990616486792029,47.268999874588395],[4.990620886924345,47.26903293884427],[4.990835337850202,47.268982610198904],[4.990897112787774,47.26896804176581],[4.991253605493029,47.2688842055049],[4.991294524200285,47.26887449761104],[4.991375191614496,47.26885564219006],[4.991985080202695,47.268712159661646],[4.992665675655302,47.26854890800354],[4.99345438472869,47.26835785860204],[4.993598737217122,47.26832250778528],[4.993727000449792,47.268292116160445],[4.993823788581582,47.268269199624804],[4.994199563547746,47.26817043392224],[4.994482969608619,47.26809603907149],[4.995098052869347,47.26907641303394],[4.995218199138833,47.26903049003702],[4.995316026539324,47.26899278556199],[4.995509747781986,47.26891876043093],[4.995597405452878,47.268885102998276],[4.995686632922349,47.26885096821654],[4.9957692040522925,47.26881928930356],[4.99586508083593,47.268782518453044],[4.99595156815618,47.26874942120636],[4.996041968422689,47.268714815689485],[4.996043538323895,47.26871433840229],[4.9965980932489,47.26850271228215],[4.996702591580993,47.26846300062585],[4.99680356336769,47.26842452028801],[4.9968200020215265,47.26841829371148],[4.996899745092621,47.268385311845805],[4.99695172382067,47.26836352438572],[4.996993943421367,47.268346137471205],[4.997376792158119,47.26819221662165],[4.997636060803496,47.26808788148654],[4.9977263651918635,47.268050754750035],[4.997815343840646,47.268020674987284],[4.997899144354697,47.267979427605205],[4.998026565984699,47.267937158537336],[4.9981663639893945,47.26787549459994],[4.998292215307361,47.26783370255461],[4.9983582747709505,47.26780635864933],[4.998421194461806,47.267779969345334],[4.998894913575897,47.26758305266399],[4.999306652879631,47.26742718641803],[4.999259042731675,47.26733164930205],[4.998772604659184,47.26641824025477],[4.998729104996441,47.266337130778304],[4.998708600351931,47.26629804046693],[4.998684435641817,47.266256581767344],[4.998639426687812,47.266177569510404],[4.998596168410622,47.266102939716454],[4.9983911902907225,47.26574580529754],[4.998339814398983,47.26565564587166],[4.998288065474829,47.26556612322874],[4.998235843125124,47.26547453747553],[4.998201917512448,47.26541604652195],[4.998129768944421,47.26529022326869],[4.9980805443737975,47.26520452936594],[4.998023688799065,47.2651057289583],[4.997968926982146,47.265009864237044],[4.997918009353579,47.264921317700825],[4.997868372104324,47.26483518054574],[4.9964721427380265,47.2653049922714],[4.9950889377404355,47.26577348198287],[4.993621833478474,47.266270503164925],[4.993664788512055,47.26634784152267],[4.9937481655287055,47.26649841925439],[4.993795797822703,47.266584142225376],[4.993838723304897,47.26666067054031],[4.9938957130802235,47.266763252790234],[4.993927201586276,47.266820345941966],[4.9939731276693395,47.26690285623146],[4.994009703301846,47.26696868718278],[4.9939999175053,47.26697236753044],[4.993988948461929,47.26697624832824],[4.993971716638192,47.26698248814576],[4.993969360164957,47.26698315903677],[4.993883792270769,47.26683775220796],[4.993736368814802,47.26658696493986],[4.993347441525147,47.26668397424773],[4.993073753726505,47.26675270617416],[4.992761938188693,47.26683145816617],[4.9924886188362,47.26689946192059],[4.99209221756345,47.266998396407914],[4.991892471509831,47.26704901534767],[4.991697031444026,47.267098029074724],[4.991477205938382,47.26715304452633],[4.991273512305517,47.26720427048374],[4.990851991385222,47.26731092628186],[4.990402113680859,47.26742356044672],[4.990164989763774,47.26748310275288],[4.990281060423418,47.267627178210084],[4.990349380541248,47.26772506494022],[4.990435326934086,47.267870197526996],[4.990472815532604,47.26793934582609],[4.9905013545299175,47.267991897707134],[4.990502351181101,47.267997373882345],[4.990518664390187,47.2681056087011],[4.990519257727621,47.26811091169025],[4.990521758109021,47.26819984189763],[4.990593140999431,47.26855180762027],[4.9906220519118625,47.26880724417705],[4.99062383562725,47.2688661087111],[4.9906122095605,47.26890584184123],[4.990608369762497,47.26892004618042],[4.990609439938989,47.268948935063385]]],[[[4.994729387966016,47.27261727517465],[4.994737258146177,47.272615428808535],[4.995056094259972,47.27253249904652],[4.995422143733455,47.27240625080552],[4.995538855109337,47.27237452519277],[4.995681357286929,47.272342535826446],[4.99590519892195,47.27234174612993],[4.99617019288851,47.272348172520736],[4.996379703875329,47.27234627772788],[4.996513822098562,47.27234504991625],[4.996584854703415,47.27234454766297],[4.996665327382544,47.27234172157426],[4.996827913662936,47.27231613909124],[4.996970555397661,47.27228792798184],[4.997105556367821,47.272257056583705],[4.997116173068769,47.272254352280264],[4.997219583331923,47.272227896981924],[4.997316326882636,47.27220362762574],[4.997430626514615,47.27217113112548],[4.997640981483116,47.272106542046046],[4.9976507713110285,47.27210295139509],[4.997793005660639,47.2720531333514],[4.99786805696811,47.27202194278415],[4.997938455136146,47.271993714040136],[4.9979701376340335,47.27198110108747],[4.998046177979567,47.27194449013343],[4.998142884023941,47.271897887361796],[4.998230052921255,47.271850998539584],[4.998306322234684,47.27180988076949],[4.998395050774737,47.271762244515756],[4.998453417505576,47.271730710635325],[4.998493436615304,47.27171813400444],[4.998711931249347,47.271648359655245],[4.998826078205121,47.27161181194433],[4.9989586711853855,47.27156963304102],[4.999081057566891,47.27153051161844],[4.99929209758631,47.27146311597335],[4.999493707336444,47.27139831395475],[4.999580777502712,47.271370156988986],[4.999691430253412,47.27133573988038],[4.999886782724221,47.27127347649278],[5.000081351448202,47.2712114964435],[5.0004387090016875,47.271097539112695],[4.999410723583039,47.269434857566516],[4.999063654578717,47.26954773409209],[4.998847572336937,47.26961809812134],[4.998651888271443,47.26968198656873],[4.9985526677921985,47.269714224579026],[4.998467573035149,47.26974207663012],[4.998285997204274,47.269801128600285],[4.998254237783183,47.26975826977913],[4.998434993405927,47.269698511556555],[4.9985345838098665,47.26966554684173],[4.9986326108813435,47.26963323935557],[4.998841654018153,47.26956569866148],[4.999537011847756,47.269340735348194],[4.99914367216707,47.26879665555958],[4.998609728603072,47.26891131086503],[4.99841528699942,47.26897652837054],[4.998216541945548,47.269043440653334],[4.998120888945227,47.26907552680239],[4.998034255197716,47.26910466582479],[4.997835112538496,47.26917158428381],[4.997510681542231,47.26928487668919],[4.99740652868825,47.26932323228455],[4.997303182383346,47.269361934109746],[4.997074655730894,47.26946060593169],[4.997055547202466,47.269469760232404],[4.9969931252054005,47.26949893183386],[4.996829501244445,47.26958180686847],[4.996744581001608,47.26962505385634],[4.996661004431912,47.26967242012663],[4.996578924074283,47.26971732912247],[4.996498063658704,47.269763027542666],[4.996356890735145,47.2698412828828],[4.996216104033365,47.26991926123278],[4.995994542575374,47.27004527737786],[4.99590630166275,47.2700953349037],[4.996204442338434,47.27050283080528],[4.996161193423978,47.27051393132957],[4.996060925846423,47.27053943112871],[4.995985824267724,47.27055855421447],[4.995834434288946,47.27059691071292],[4.995639408324284,47.27064664415639],[4.995447694797733,47.27034736172272],[4.995346441049623,47.270378371154976],[4.9952418567902725,47.270405205259635],[4.995452460124918,47.27071082701258],[4.995387395126307,47.27073301896864],[4.99535251601177,47.27074505583994],[4.995300773934315,47.27076260591171],[4.995249184543375,47.270773579405336],[4.995034111018791,47.270828609628104],[4.9949830050543484,47.27084191608457],[4.994697281132193,47.2709077065352],[4.9946071636118194,47.27095005065802],[4.994811636474448,47.27122957325572],[4.994634829261928,47.27129970397493],[4.994574583426179,47.27132343354523],[4.994433755933299,47.27113314011202],[4.994388972902903,47.2711457071974],[4.99427667701575,47.271178706590995],[4.993999861678892,47.271260011449925],[4.994090570312386,47.27140469930322],[4.994033190253989,47.27142009437176],[4.993973453494292,47.271436160301725],[4.993945550105224,47.271443664179515],[4.993800926362508,47.271482622055245],[4.993796996348424,47.271483680201555],[4.993621117819779,47.27146121813132],[4.993611269726536,47.27144184573993],[4.993515205700542,47.271463038502894],[4.993521986553752,47.2714746289444],[4.9932224372765415,47.27154236429543],[4.9930901709146385,47.271604162664055],[4.992946579805559,47.27164958557695],[4.992833202097661,47.27168557389347],[4.993021035858382,47.27198753853916],[4.99314853095403,47.27219301158782],[4.993357894473386,47.27252954655677],[4.993472867017104,47.27249371046226],[4.9935799258029165,47.27245855058957],[4.993610086345572,47.272501167926556],[4.993678775334696,47.272597965728984],[4.9937380556018525,47.272665837871926],[4.993816811697939,47.27275579858055],[4.99382785612022,47.272764614103494],[4.993840063882612,47.27277268919865],[4.993852194838956,47.27277869437793],[4.993865072412622,47.27278342597016],[4.993879093287235,47.27278687715615],[4.993893050710832,47.27278861841104],[4.993910544898097,47.27278939833008],[4.993927985650983,47.27278873830597],[4.9939596435847875,47.27278612285928],[4.99398848130823,47.27278238518747],[4.994105205140114,47.2727616473877],[4.9942303820339395,47.272733379733],[4.994398426525058,47.27269437890745],[4.994729387966016,47.27261727517465]]],[[[4.990458172100561,47.27245155710808],[4.990594025023605,47.27258286528969],[4.990651237854948,47.27263789675791],[4.990738479059881,47.27272132004017],[4.990756180015204,47.27273839658751],[4.9907648204845305,47.27274662327696],[4.990827793991186,47.272807139113596],[4.991034829854429,47.27300620608512],[4.991224582686714,47.27318872936931],[4.991414840233124,47.27337412540188],[4.9914405056621876,47.27340259197126],[4.991460169761478,47.273386945252746],[4.991619728838625,47.273258130660565],[4.991737652583746,47.27316263017623],[4.992118586149333,47.27364093714335],[4.992243953160142,47.273799709782246],[4.992345027922664,47.27392422890078],[4.9924914615492835,47.27409443645357],[4.9929681433573645,47.27393252577702],[4.992985667397421,47.27392339942967],[4.993215136253816,47.27380661932491],[4.993077026651654,47.27366823865297],[4.992572274013801,47.27318017468884],[4.991804930971631,47.2724183523258],[4.991468850456123,47.27252876535194],[4.9913047629180465,47.272321127135434],[4.991119627226132,47.272391665467836],[4.991081188432336,47.27235054042422],[4.991038619479792,47.27230507363659],[4.990886068531295,47.27214091282799],[4.99085759439668,47.272154459336775],[4.990787191297223,47.27208623636421],[4.990761440574957,47.272098295248746],[4.990738836299675,47.27207743055095],[4.990662497727387,47.272148982549105],[4.990347440825985,47.27234476254872],[4.990458172100561,47.27245155710808]]],[[[4.998600471381416,47.273549965927884],[4.998637791981614,47.27353950701278],[4.998757600432843,47.27350565358415],[4.9988691753610075,47.273474553474806],[4.998634139670021,47.273099837188184],[4.997962841169983,47.27203039616759],[4.997847777090915,47.27207434320864],[4.997729582890383,47.272119514742236],[4.9976817635595125,47.2721358275945],[4.997646880702578,47.27214777515258],[4.997586057895339,47.27216665331559],[4.997485602003772,47.27219783092123],[4.997471452017905,47.272201586697754],[4.997189712173034,47.27227857129477],[4.997067378211144,47.27230850426685],[4.996905563347924,47.272344159832315],[4.9967792743407795,47.272363804398715],[4.996749673773698,47.27236836638833],[4.996640057355098,47.27237736760064],[4.99651737048904,47.27238713400985],[4.996392993196518,47.27239413771634],[4.9962595444986,47.272392021873564],[4.996175741132826,47.27239067247206],[4.996146316518424,47.272389287729474],[4.996030887837713,47.272380737850845],[4.99609647544795,47.27245804600115],[4.996205701135079,47.27262015419272],[4.996309814056828,47.27278352097588],[4.996422512134672,47.272953583986585],[4.997108012084419,47.273967765844596],[4.997163321582612,47.27396068989776],[4.997199462705885,47.27395052192601],[4.9972653777617415,47.27392975525995],[4.997390147557279,47.273890504679436],[4.997503533556568,47.27385469193406],[4.997614966060579,47.27381972320112],[4.997731602250983,47.273785925489456],[4.997838814753932,47.273754901527575],[4.998109258191712,47.273683513337154],[4.998371457450365,47.27361460793388],[4.998489296178178,47.27358114893929],[4.998550977249863,47.27356396657011],[4.998600471381416,47.273549965927884]]],[[[4.9958327027758065,47.27445079110785],[4.995834368674963,47.27444220734378],[4.995832864346564,47.27443376818072],[4.9957996722659885,47.274341674036606],[4.995799388118582,47.27433402436184],[4.99580145740072,47.27432561376468],[4.995805560302974,47.27431851898255],[4.995811270043117,47.274311936875144],[4.995819770020761,47.27430566697324],[4.995831083635809,47.274300339249464],[4.995966898133369,47.27424847279024],[4.9960557409217214,47.27421443462107],[4.996119539533507,47.2741901028932],[4.996348104183374,47.27414528498596],[4.996551127484851,47.274107480174266],[4.997050122341076,47.27394814022718],[4.996843787246087,47.273640466740524],[4.996827383185414,47.273615624141605],[4.996735367660845,47.273478795540306],[4.9966290391830075,47.27331996996452],[4.996465568457101,47.27307612650222],[4.996025155051618,47.27241874914002],[4.996016403505724,47.27240755296541],[4.996003745327951,47.27239804498444],[4.99598839062125,47.27239074469482],[4.995970746095173,47.27238591525817],[4.995885488611105,47.27237747642226],[4.995884298567907,47.272377496899644],[4.9957742942271,47.27237605772975],[4.9957588002662705,47.27237569394605],[4.995697431691021,47.27237990172904],[4.995690308144099,47.272380474562745],[4.995544975623832,47.27241107177197],[4.995454661359953,47.27243748036641],[4.995361340656169,47.272468443295026],[4.995200192538169,47.27252209573016],[4.995167252189553,47.272532928468465],[4.994934868799112,47.272603024902736],[4.994872461133307,47.27262201892603],[4.99482299695573,47.272636827949476],[4.994761545386172,47.27264950170792],[4.994686760238151,47.272666547200345],[4.994611575018387,47.272683509469594],[4.99446631789779,47.27271617523797],[4.994393892623899,47.272732639637866],[4.994283672903976,47.27275749842838],[4.994243121742763,47.27276648057093],[4.994156112536145,47.27278571706332],[4.994118644627282,47.272792214703706],[4.994040938670918,47.27280543767707],[4.993931877896822,47.27281874933094],[4.993812906630573,47.27283241134279],[4.9936250207979205,47.27261482916101],[4.993616389929408,47.27260687267304],[4.99357241688049,47.27258781664425],[4.993519786960282,47.27257080051081],[4.993483018351321,47.27256404803671],[4.993481828303077,47.27256406848944],[4.993466357675823,47.272564334373754],[4.993297434859768,47.2725796648219],[4.993495922795511,47.27284767546816],[4.993656367432091,47.27306383837341],[4.993805131700709,47.27326471260287],[4.993866571415269,47.27335866312327],[4.994099730276794,47.27371577022332],[4.994011080032772,47.27374431031112],[4.993983442233641,47.273705522022915],[4.993771871251675,47.27379110764825],[4.993776851959194,47.27379696557804],[4.993888528152053,47.27392895574951],[4.993988066951423,47.27405476065326],[4.994002655945932,47.27407351118263],[4.994124755769232,47.27422963642908],[4.994283666231605,47.27443636920191],[4.994413022667443,47.27460614759629],[4.994434723293898,47.274634681696455],[4.9945394560316,47.274772013750514],[4.994585781471038,47.27483299397835],[4.994711288578638,47.27479211271904],[4.994854833131002,47.274745247740896],[4.995097212548323,47.27466615450219],[4.995268510893028,47.27460773503651],[4.995344701528673,47.27458571209702],[4.9955495692392855,47.274533378716214],[4.995625506690578,47.274515232251794],[4.995801419470902,47.27447420300439],[4.995809259799751,47.27447154660144],[4.995820160039503,47.27446577572377],[4.995823999971918,47.274462287613666],[4.995827843246801,47.27445888949961],[4.9958327027758065,47.27445079110785]]],[[[4.991799582006557,47.275882625409054],[4.991879415972899,47.275851717007605],[4.992056931732134,47.27577878710889],[4.992398840486744,47.27563234138231],[4.992113115574013,47.27534556524941],[4.992054568112561,47.27528677515832],[4.992002204880679,47.275234182586374],[4.99183152022818,47.27504160734669],[4.991496113560634,47.27459232568251],[4.99137434176285,47.27464835835726],[4.9912193972934915,47.27471972913516],[4.99067141793919,47.274971828836776],[4.990065668102384,47.275250492160545],[4.990491930532384,47.275945145341254],[4.9905286480307645,47.27600404062901],[4.990765608837544,47.27624978252682],[4.9914844322186065,47.27600141374307],[4.991799582006557,47.275882625409054]]],[[[4.995405830382185,47.27784568192222],[4.9953659528352805,47.27775532372103],[4.9953169940103,47.27769835147091],[4.995257063156863,47.27763454374397],[4.995219471044434,47.27759502644115],[4.995162151338125,47.27753738745053],[4.9951324579586025,47.277507460051126],[4.995072401511381,47.27745094872944],[4.995011561779395,47.2773947210092],[4.994942873761775,47.27733025324834],[4.99486689221241,47.27727248478377],[4.9947918111850935,47.27721758249915],[4.994749369792304,47.27718643336479],[4.994704178163338,47.27715605193554],[4.994656946204214,47.27712417466245],[4.994564986366344,47.27706370898584],[4.99449035695855,47.277020955976504],[4.994408056450643,47.27697473266778],[4.994348823158413,47.276940360004566],[4.994151690638606,47.276827039637894],[4.99408850055489,47.27679300502655],[4.994087280351462,47.276792215520246],[4.994001400098461,47.27674578330699],[4.993951952295135,47.27671835646839],[4.993804819364575,47.27663659534516],[4.993666528091954,47.276557743901954],[4.993586629309344,47.276512019069614],[4.993416823581363,47.27640759341364],[4.993339541942047,47.27635750087085],[4.993267777665784,47.27630632288218],[4.993111641040887,47.27619580842931],[4.993010422792397,47.276121092066234],[4.992631468732092,47.27582529261067],[4.992405958259316,47.275642305123554],[4.992349280260408,47.275666062167595],[4.992059699033614,47.27578918579522],[4.991909562384783,47.27585110928903],[4.991838385936706,47.27587997792791],[4.991767559412228,47.27590757976383],[4.991697916266285,47.275934981129375],[4.991610664713925,47.2759692586817],[4.991352769515726,47.276058426597096],[4.9911427050321295,47.27613146381784],[4.990820898176517,47.27624207963645],[4.990953357913675,47.27637794828334],[4.9911394654271755,47.27656890919535],[4.991145719441721,47.276566280348],[4.9914252850492185,47.276858207477105],[4.991460845687295,47.27684300832787],[4.991511096282521,47.276892125311896],[4.991492437588475,47.276902801793284],[4.991590838972271,47.27700863625602],[4.991711570894563,47.277138581775],[4.991833796850838,47.27726598002073],[4.991958570531591,47.27739783706562],[4.992013526359211,47.27745605849437],[4.992111782957195,47.277557932660216],[4.992207646256157,47.27765948763326],[4.992253100937904,47.27770769608023],[4.992300619401649,47.27775803034849],[4.992485612616089,47.27794009300285],[4.99258965829304,47.278037454720966],[4.992598286543965,47.27804532127161],[4.992663251458064,47.278095085555115],[4.9927172379045235,47.278137834115356],[4.992754158112252,47.27816997935326],[4.99279638933565,47.27820617580283],[4.992823931268243,47.278231638062245],[4.992863982531843,47.27827327514503],[4.992897566074388,47.278311781402394],[4.992931306567832,47.27835451746657],[4.99294380256593,47.27837033230305],[4.9929613497224965,47.27839389501018],[4.993016105118071,47.27846805888249],[4.993064575901629,47.27853332535897],[4.993115984151026,47.27860286391192],[4.993166292496632,47.27867485278401],[4.99321364357994,47.27874202955999],[4.993713673794024,47.278566387704124],[4.99445703380917,47.27830479173503],[4.995450006197097,47.27794488147268],[4.995405830382185,47.27784568192222]]],[[[4.995344690197544,47.2782837634364],[4.994617561212807,47.27851194640449],[4.994288109215312,47.27862000145809],[4.99448365855867,47.27890436042403],[4.994813912960914,47.27880718752629],[4.9957391645406375,47.27853696211825],[4.995784326739365,47.278523757751884],[4.995817314097508,47.27851409481303],[4.995630968092017,47.278338724519415],[4.995424154437228,47.278274922128446],[4.995344690197544,47.2782837634364]]],[[[4.992821770699816,47.28050651465075],[4.992858478417403,47.280522183735194],[4.992983798629441,47.28058288811691],[4.993124472459568,47.280650803011916],[4.993206527071331,47.2806902774607],[4.993237653914134,47.280705321888256],[4.9932767991111495,47.280722479871],[4.9933114699671215,47.280736742958794],[4.9933521320600605,47.28075198373182],[4.993388726564702,47.28076459278263],[4.993418859655303,47.28077425103517],[4.993523702056541,47.28080730011769],[4.99354129903498,47.28081077996994],[4.99360167486893,47.28082234991367],[4.993840427976948,47.28086939707327],[4.993858024996233,47.28087287687739],[4.993915663841292,47.28088557434115],[4.993976563514179,47.28090055711795],[4.994045118276639,47.28091856015233],[4.994101283813359,47.28093434466492],[4.994196034616198,47.28096288383811],[4.994257511599663,47.2809827194297],[4.994345511224032,47.281011194431514],[4.994464841292285,47.28104948687563],[4.994971860977584,47.28122195647769],[4.995107459549501,47.28127068486803],[4.995252310564266,47.28132267600194],[4.995483289303854,47.28140614507435],[4.995631262620753,47.28146735754148],[4.995659889750336,47.28147920241083],[4.995934277122351,47.28160902180956],[4.996242439349583,47.28140839366118],[4.996057655530041,47.2812326369683],[4.996119517694207,47.28119870305252],[4.9964945461163275,47.280992060712],[4.996435277830434,47.280935536520346],[4.996475957288932,47.28091916714879],[4.996567084219261,47.28088220784452],[4.996820422961214,47.2811186505156],[4.996694155251456,47.28118215023553],[4.996788798643027,47.28127183547241],[4.996932434944296,47.281408585756516],[4.996991503553903,47.28145970993062],[4.99707681058017,47.281533165922816],[4.997103048906238,47.281555497765886],[4.997664129668969,47.28203906040636],[4.997749028395184,47.28211216273549],[4.997754766999689,47.282117016856205],[4.997809842322263,47.282092744588454],[4.997883280470799,47.28206050151821],[4.997957882011316,47.28202751793587],[4.998036007366488,47.281993212865515],[4.998173118228282,47.28193303703736],[4.998254357062238,47.28189705722502],[4.998328174689318,47.281864357057636],[4.998832444030494,47.28164224300115],[4.998784189483214,47.28159372507567],[4.998695093319259,47.28150385578723],[4.9984468101862225,47.28125418216995],[4.998293385842974,47.28109986175113],[4.998131819972202,47.280940098045384],[4.998070405641638,47.28087928905336],[4.998009001491115,47.28081875001492],[4.997886997130023,47.28069792815853],[4.997711018991663,47.280524183631115],[4.997657441512658,47.28047125423628],[4.99756553510601,47.28038044190721],[4.997553810257933,47.28038541663483],[4.997545974385639,47.28037753679731],[4.997557695886489,47.28037247207458],[4.997495085943832,47.28031150326661],[4.997467907356422,47.28028522534328],[4.997436624218232,47.28025532589182],[4.997275409985767,47.28009420416874],[4.997199377137608,47.28002455100443],[4.997079026908604,47.279905410860934],[4.9969915501010504,47.27981623285059],[4.996947013317368,47.27977152248436],[4.996870676952972,47.27969367946457],[4.996833845577952,47.27965333909616],[4.996797034327686,47.2796135386911],[4.996756175515046,47.27957164665839],[4.996716987320399,47.27953197719504],[4.996670773760319,47.27948486414116],[4.996566800235442,47.27937903969127],[4.996476166754586,47.2792796495293],[4.9963866769839225,47.27917897886633],[4.996244535578237,47.2790181578912],[4.994477286525687,47.27952403788328],[4.994124560206663,47.2796255583477],[4.9939699501792045,47.279674143200445],[4.993713750934556,47.2797559024588],[4.993638809300383,47.279779703747366],[4.993253820173414,47.27993193569518],[4.993140252885585,47.27980276919474],[4.993102540618711,47.27976001138313],[4.993123053452311,47.27974579072759],[4.9930576114640575,47.279672530948105],[4.992846429463456,47.279769274188695],[4.992577487626341,47.27989285446583],[4.992435816323213,47.27974444832935],[4.992278708428259,47.279822070986526],[4.992232072137928,47.27978486936562],[4.99216252457078,47.279729330073295],[4.992436290776653,47.27960737890756],[4.9927238651494905,47.27949383500502],[4.99322194581445,47.279297516668535],[4.993023022555195,47.279039779441845],[4.992438775474296,47.27922478935347],[4.9921229100518945,47.27932477007783],[4.991894154009869,47.27939722880615],[4.991805393754256,47.27944449995551],[4.991700280791696,47.27950042675619],[4.99158700632881,47.279561086294486],[4.991557088289829,47.2795786200069],[4.991438956176763,47.27964746759041],[4.9913573496924135,47.27969497578618],[4.991172992842962,47.2796158315003],[4.990963695622731,47.279538555823024],[4.990622389474218,47.279402038622955],[4.9904456460798094,47.27934617643583],[4.990171156758221,47.2792879385261],[4.990009106553827,47.27925361652202],[4.9899564645123,47.27924713517473],[4.989891270376586,47.27924474140818],[4.989736941418671,47.27924738855847],[4.989505809476513,47.279266481658325],[4.989229029162304,47.27931787572544],[4.989075392779218,47.279349957549506],[4.9889519338603705,47.27941439123053],[4.9890446215670226,47.27947313776569],[4.989105201514966,47.27949028981847],[4.989166918391255,47.27950598149231],[4.989228978722571,47.279520226391426],[4.989298557052663,47.27953380201877],[4.989457963961776,47.27956105613707],[4.98972239230223,47.27960487966355],[4.989990165014602,47.27964252159818],[4.990350234196171,47.27969613981591],[4.990408987804969,47.27970683869217],[4.990466617915627,47.27971935788296],[4.990517900276542,47.27973198596394],[4.990574066871381,47.27974786218763],[4.990651197247285,47.27977238398872],[4.9908279958550015,47.27985111848328],[4.99099915394099,47.27992760813411],[4.991129051406367,47.279983373035215],[4.991297263051588,47.280055320107685],[4.991379031863184,47.28008714619051],[4.991451088889701,47.28011400589335],[4.991534371442734,47.2801438247096],[4.991589061907416,47.28016269755359],[4.991618414203801,47.280172729882565],[4.991629262948749,47.28017623581947],[4.991661019049922,47.280186857242825],[4.99194743747376,47.28026685990328],[4.991957099376529,47.28027047624238],[4.992042749183411,47.28028917748935],[4.992153163793794,47.28031195607203],[4.992265175470948,47.28033497728408],[4.992398398053816,47.28036258703862],[4.992402805587577,47.280363682034896],[4.992467061745467,47.280383560878924],[4.992589259728922,47.28042432745237],[4.992707467119266,47.280464532073296],[4.99274245428281,47.28047662861279],[4.992782292490643,47.28049107325283],[4.992821770699816,47.28050651465075]]],[[[4.998140443523287,47.28385110782042],[4.99803695941704,47.28372672524941],[4.997981225699227,47.28365861412119],[4.99792049666694,47.283584285252886],[4.997888059702428,47.28354477008097],[4.9978011434045655,47.283438833100796],[4.9977616872239015,47.28339205438603],[4.997743342806142,47.2833685061172],[4.997705008588075,47.28330919063879],[4.997686441858686,47.28326898630687],[4.997676545144362,47.28323772807719],[4.9976747457791815,47.283221369338435],[4.997674682193705,47.283219659418336],[4.997732449618957,47.28305422714626],[4.997755591733421,47.282982596381444],[4.997786855201925,47.282883809727416],[4.997773014345771,47.28285324979423],[4.997772594160392,47.28285262665581],[4.997747664526022,47.28280145532509],[4.997734715779058,47.28278420793376],[4.997721494109074,47.28277029721785],[4.997642724579913,47.282712578523565],[4.997523230258808,47.28263800056453],[4.9973786402547775,47.28256115295282],[4.997218644115347,47.282486371458816],[4.997124843716904,47.282440798238206],[4.997029903395037,47.282396595367615],[4.996918802006737,47.282344835952834],[4.996740113632057,47.28224777215067],[4.996723411881681,47.28223635266425],[4.996657385078649,47.28219030105373],[4.996529426434978,47.282101549280775],[4.99628670354089,47.28192651988353],[4.996083311827376,47.2817628804311],[4.996080454322852,47.281760768314726],[4.995949295767791,47.28166063419254],[4.995849262455431,47.28160751266331],[4.995717468280208,47.28154368075222],[4.995616917122644,47.281508668674356],[4.995614903292669,47.28150789283534],[4.995522094402068,47.28147824075349],[4.995444412182589,47.28144967921507],[4.994807169255946,47.281202275126205],[4.99474474127218,47.28117822366153],[4.99442002745348,47.28107214029133],[4.99404613765201,47.281470119640574],[4.994025202759007,47.2814622846189],[4.993984943366546,47.28144721725882],[4.994043527731059,47.28143189181452],[4.994393934971028,47.28106439400463],[4.994099306519057,47.280977334124394],[4.993878075535296,47.28092107104739],[4.993850052923516,47.28091479866824],[4.993433695326348,47.28082100397705],[4.993037678214198,47.28063338295862],[4.992885745537594,47.28056160897147],[4.992794393223541,47.2805283275932],[4.992637144271184,47.28047375475213],[4.9923217808369555,47.280373358484894],[4.991901596507337,47.28029394259773],[4.991895201952746,47.28029279164699],[4.991746683479893,47.28025950041558],[4.991656096121607,47.28023611089362],[4.991519426500086,47.28019045874882],[4.991344409530435,47.280117007847096],[4.991268601779203,47.280085349578926],[4.991140367590734,47.28003162750848],[4.990920600067535,47.2799396726479],[4.990867763686621,47.27991725559572],[4.9907564700422435,47.27987071681166],[4.990704043873355,47.27984865286054],[4.990602432248171,47.27980627034746],[4.990601215362085,47.2798055708016],[4.9905075753586825,47.27977475835424],[4.990362663170552,47.27975302038568],[4.990263189051452,47.279736176054904],[4.9897656259771495,47.279657449690326],[4.989600224267857,47.27962912811009],[4.989503091036479,47.27961116234724],[4.9893807069535985,47.279586695423326],[4.989209518122157,47.2795521688029],[4.989110821768685,47.27952414354854],[4.989015666141713,47.279495247023796],[4.988953809387772,47.27947577542978],[4.988581914106307,47.27964956010481],[4.98854392341063,47.279674255558646],[4.988506579243334,47.27970569391329],[4.988427326461978,47.279773961963635],[4.988124841945748,47.280064164896054],[4.988394156555398,47.28018634411835],[4.988659811466292,47.28031687036688],[4.988949181434185,47.28047670701393],[4.989033966353043,47.28052568319505],[4.989129716713938,47.28058131534807],[4.9892142784977604,47.280634977997025],[4.989310996013439,47.28069527619084],[4.989387390003921,47.28074277504785],[4.989477136633323,47.28079706902441],[4.989526279147464,47.28082693442364],[4.989626197980032,47.28088789788664],[4.989690376861747,47.280927141036486],[4.98989025216636,47.28105005754443],[4.989997133198531,47.281116754738896],[4.990054027835873,47.28115225035322],[4.990177409278634,47.28122496806478],[4.990286174729781,47.28128893107456],[4.990425370079113,47.28137056265869],[4.990499628886426,47.28141395498663],[4.990837660843688,47.281611765069464],[4.991361039986482,47.28189374451905],[4.991362660353547,47.281894617238095],[4.991741827693874,47.28209883286521],[4.991918126019707,47.28219594524327],[4.992089106985881,47.28228882610843],[4.992197263181464,47.282346944372684],[4.99239094072701,47.282452312673726],[4.992426192797139,47.2824715189807],[4.9925615198937,47.28254501965495],[4.992722007128499,47.28263321696621],[4.992817339292222,47.28270947554697],[4.992920443836866,47.282791904266674],[4.993113824012601,47.28295337970736],[4.99316136069293,47.28299335716671],[4.993262996140736,47.28307896269579],[4.993369533299018,47.28316826615566],[4.993495373173801,47.28327488828822],[4.99353431792347,47.28330798907754],[4.99361841883475,47.28337039169555],[4.9936457801112635,47.283390903931455],[4.993782156642781,47.28349257187137],[4.993866354997938,47.28355758418586],[4.994009570901731,47.28366165581565],[4.994063917349542,47.28370322688634],[4.994121514838893,47.28374681327825],[4.9941803294446,47.283791099148004],[4.994219928206029,47.283820406233744],[4.9942648586966865,47.28385430442807],[4.994268526477903,47.283856852926235],[4.994367850719871,47.283933581967794],[4.9944598162547535,47.28400458396735],[4.994549021366606,47.28407608361959],[4.994626786394384,47.28413886461357],[4.9947442478648085,47.284233562335125],[4.994822129398779,47.28428877672182],[4.994947296332168,47.2843771280768],[4.9949966456925345,47.28441239086519],[4.99505209373257,47.284451511104855],[4.995159755723346,47.28452818616435],[4.9952029699549945,47.284558601441866],[4.995267566431148,47.284587478282454],[4.995408863316486,47.28465042687993],[4.995496873951651,47.284689707286645],[4.995655126686259,47.28476019858895],[4.995684595927831,47.28477328972748],[4.995759556925989,47.28481396510487],[4.995878474088226,47.28489431819534],[4.995987702983008,47.28498105152305],[4.996097005800116,47.28506976465181],[4.996114618891497,47.28508432041406],[4.996235052406625,47.28523750018438],[4.996313466536167,47.28543516875744],[4.9963623975754246,47.28546980780667],[4.996377802894617,47.28547836794834],[4.996430512019514,47.28548646628924],[4.996548270133349,47.28547147221151],[4.9966097238388345,47.28546915391148],[4.996696803422576,47.28552961198281],[4.996735246407194,47.28555623652665],[4.996812892355257,47.28561568617543],[4.996913080579462,47.28574751085457],[4.997001047396926,47.28589233337847],[4.9971120898010986,47.28610249753679],[4.997224457267004,47.28631624090746],[4.997262391026386,47.286386099628174],[4.997301639047574,47.286459267683064],[4.997335504767399,47.28652649481117],[4.997373755294018,47.28659418676244],[4.997474253150588,47.286723574190205],[4.997504681022197,47.28676240361746],[4.997523029840694,47.28678604188694],[4.997526137207038,47.28678418732276],[4.997540019524784,47.286794484548615],[4.997570804111802,47.28683222717803],[4.9975629787995315,47.28683533366494],[4.997570785496235,47.286842403519515],[4.997609366800441,47.286886946004856],[4.997651289814771,47.2869359336052],[4.997742586195358,47.28704206537983],[4.9977907390982885,47.287098420083865],[4.997848426621436,47.287165597088894],[4.998074998906933,47.287471388671484],[4.9981722015243335,47.287640185533014],[4.99824941086799,47.28782652682348],[4.998271527035302,47.287908724768066],[4.998308885569819,47.28799507279771],[4.998338259800698,47.288069581246916],[4.9983841672962885,47.288150919133365],[4.998499775418453,47.28836613634009],[4.998613875953609,47.28859416695878],[4.998628075385217,47.28862363993787],[4.99864054364078,47.28864927044619],[4.9986647636030215,47.288702615026494],[4.998697535829551,47.2887937246949],[4.998729861133783,47.28888349125282],[4.998763057174562,47.2889753140249],[4.998797904172639,47.2890688193566],[4.99889178733832,47.289340333460096],[4.998930482418104,47.28945187315107],[4.9989712554731645,47.28956589851721],[4.998991442860895,47.2896282277649],[4.999098085248666,47.28979442974945],[4.999127596909882,47.28984056884858],[4.99925096313842,47.29000801345369],[4.999302824033333,47.29007853205191],[4.999353007371158,47.290146648097085],[4.999436482003888,47.290266421311294],[4.9995274797158835,47.29038561455675],[4.999599810413592,47.29048333655265],[4.999667315936921,47.290579430649906],[4.999680317439457,47.290598027702394],[4.999781974246329,47.29075819136562],[4.999791663924987,47.29077315330312],[4.999802487097678,47.2907865647996],[4.99982061715725,47.290804262966894],[4.999845102998177,47.29082203169379],[4.999858526322942,47.29083062555097],[4.9998818834768946,47.29083940840364],[4.9999035561971725,47.29084560874152],[4.999937779626793,47.290847630409274],[4.99999576516149,47.29084798174547],[5.0000202404721295,47.29084413784875],[5.000437441595877,47.29076625408267],[5.000524820859829,47.29074556625228],[5.000850901664708,47.290662588025896],[5.001045627628377,47.29062428933339],[5.000947425861667,47.290450379032094],[5.001088227928823,47.2904141808476],[5.001049511646349,47.290355503457015],[5.001491312073545,47.29025593898371],[5.001470393882761,47.29020605009037],[5.001486132225436,47.29020217647873],[5.0014542844069885,47.290125370079195],[5.001408749513959,47.29002223404419],[5.001362138374826,47.28992217836532],[5.0012980466242185,47.28980054123005],[5.001241629793852,47.28967174752708],[5.001212095263737,47.28960372637868],[5.001182634571623,47.28953768512095],[5.001081541949828,47.28930745138083],[5.001013230180968,47.28913644760201],[5.00100140462776,47.289096127560654],[5.000966986526269,47.28898226338253],[5.000938991158878,47.28887026960144],[5.000902020650734,47.288730514062735],[5.0008685880132955,47.28858979696418],[5.000853950681218,47.28852728222279],[5.000835487942407,47.28851130095769],[5.000813421738717,47.28848385500523],[5.000810022747554,47.28847788004684],[5.000809784742566,47.288471490365666],[5.000811107117034,47.28846435335004],[5.000814760003259,47.28845582534615],[5.000834138590832,47.288432437521166],[5.000834521980921,47.28843207069645],[5.000825244608021,47.28834289778816],[5.000815872164381,47.28826183131502],[5.0008118299416555,47.28820660827976],[5.000808036655079,47.28817938753532],[5.000803873392658,47.288152893597164],[5.000785089685713,47.28797905437016],[5.000735128621004,47.28776766019449],[5.0007209634647785,47.28769649215868],[5.0007048659227,47.287616081946936],[5.000669999332454,47.287554096100315],[5.000633721225948,47.28748619106123],[5.000475908348492,47.287193357071864],[5.000294022477639,47.286968387860924],[5.000188806933362,47.2868084659524],[5.000139144448976,47.28673295685603],[5.000098189907593,47.286667383600026],[5.000060614150074,47.28660724533923],[5.000021206731917,47.286540564745316],[4.999984586955927,47.28647410624466],[4.99994798737419,47.2864081877043],[4.999913495770828,47.28634556479074],[4.999911871780105,47.28634460219708],[4.999869311566737,47.28632120151418],[4.999856619275162,47.28631088404697],[4.999854104556699,47.28630732525825],[4.999852756735591,47.28630311598219],[4.999853265514508,47.28629545267607],[4.999855307819158,47.286286322082745],[4.999863393762111,47.28626889245858],[4.999874233727406,47.286250784988674],[4.99987498038668,47.28624951137124],[4.999795378373146,47.28605231576643],[4.999764454402005,47.28596819860888],[4.999727128439644,47.28588275093239],[4.9996951851915306,47.285803244044786],[4.99966409589785,47.28572534339005],[4.999633006694318,47.28564744272451],[4.9995309532258485,47.28539101853012],[4.999449962439075,47.28518844339363],[4.999430464383009,47.285133936897836],[4.999393146842455,47.28509135437753],[4.999307743642474,47.2849942176562],[4.999241942339714,47.28495437727042],[4.999161689839061,47.28491028319368],[4.999080258964092,47.28487719588183],[4.999009541154885,47.28485815236416],[4.998907808113421,47.28483072789092],[4.998618045244807,47.28443768391944],[4.998482963172993,47.28426440675012],[4.998389152181043,47.28415462661785],[4.998284793036692,47.284028098054094],[4.998196931004289,47.28391812525046],[4.998140443523287,47.28385110782042]]],[[[4.9961984548703935,47.28532106896821],[4.996167082348362,47.28525677037495],[4.996120944424234,47.28517975813834],[4.996075758518509,47.28511767835241],[4.996031737446765,47.28506557442566],[4.995826032005374,47.284914761916774],[4.995686990870362,47.28484844303935],[4.995454719997444,47.284730596093716],[4.995382643721975,47.28469275261557],[4.9949779903161255,47.284444590522234],[4.994922209066481,47.28440718699027],[4.994708910499944,47.28425488216203],[4.994646130606678,47.28421075477973],[4.994491846734923,47.28407598590661],[4.9943030266095265,47.28391992756059],[4.994129139229226,47.28378108258704],[4.993958324054604,47.28365010924877],[4.9937319273135135,47.28348704129161],[4.993684576808276,47.28345210384449],[4.993522409696057,47.2833294462787],[4.993345394944072,47.283181108253935],[4.993163909959441,47.28302996506145],[4.9929962864013016,47.28288857938604],[4.992895178701275,47.2828064766431],[4.992743474583279,47.28268751057778],[4.992741824125098,47.28268582791468],[4.992665470655465,47.28262887491337],[4.992108449724472,47.28233937407757],[4.991689423175885,47.282109548360374],[4.991562160206448,47.2820393302851],[4.991390327392486,47.28194484232641],[4.991235292379589,47.281864384275],[4.991092210568964,47.2817957880113],[4.990993998947497,47.28174884478853],[4.990842702599427,47.28167282472686],[4.990623318717564,47.28154853354829],[4.990542988343587,47.28150200355629],[4.990440360110208,47.28144297846551],[4.990312570237197,47.281369165965],[4.989960228961741,47.28114935668643],[4.989874071971925,47.28109554182103],[4.989791975944132,47.28104417873203],[4.989694047025982,47.2809833613849],[4.989600545849718,47.28092417903272],[4.989518833758583,47.28087244895819],[4.989171849913891,47.280657768564105],[4.989082893978867,47.280603370747194],[4.988911043725184,47.28049744274927],[4.9887836549429085,47.280423621734556],[4.988780007645369,47.28042161303636],[4.98867383273174,47.2803631875473],[4.988528531315522,47.28028805236621],[4.988431478269287,47.280240096585985],[4.988428641132112,47.28023852425688],[4.988265613682851,47.28016711460825],[4.988093741845508,47.2800927044432],[4.98775141078202,47.28035756377777],[4.987655173289538,47.28041747716204],[4.987653616290504,47.28041831431821],[4.987326480556014,47.280621855859856],[4.986812019516435,47.28092361086861],[4.986446259211874,47.28113492546355],[4.986231915665031,47.2812754762772],[4.986229598396141,47.281277226961436],[4.986180585547573,47.28131525805855],[4.986095648202924,47.28140172238715],[4.986238900959221,47.281582527997195],[4.986283082707531,47.281639315514035],[4.98646880465567,47.28188423197233],[4.98650597402814,47.2819124125244],[4.98655455535817,47.281948592487296],[4.986763611970794,47.28203002265914],[4.987070571740461,47.282150119426305],[4.987132916907443,47.2821827314388],[4.987263265241088,47.28225065009414],[4.987404440014214,47.28237511662931],[4.9875452086957415,47.282499319795285],[4.987607583477694,47.28255417418179],[4.987621946131905,47.2825668057132],[4.987678130465945,47.2826045659691],[4.9877537721710254,47.282653159413215],[4.987895544705178,47.28272934663497],[4.988006531623649,47.282778234805896],[4.988234487834288,47.282866002464196],[4.988546517279049,47.28297268067238],[4.988675393142635,47.28301144579555],[4.988893593669749,47.28305012032869],[4.989508841231365,47.28315402882079],[4.98981740443282,47.28320988305879],[4.9901686885511864,47.28327220789851],[4.9910060522406505,47.28341309216463],[4.991295687258366,47.28347232916313],[4.991271044966734,47.283493014097616],[4.9909937163506966,47.28344446228104],[4.990308672350753,47.2833321232943],[4.990175743543543,47.28331261081454],[4.989882506357778,47.283263248635045],[4.988690338883444,47.283050542834964],[4.988615544961617,47.28303561533732],[4.98852434099339,47.28300638045377],[4.988520720180301,47.28300509171808],[4.987967441874314,47.282794753993116],[4.987684988845367,47.2826718982752],[4.987557968311019,47.2825652002113],[4.98751238999788,47.282524376498905],[4.987243478372221,47.282295295186806],[4.987102615221386,47.28221143709618],[4.9870572499621115,47.28218708928778],[4.986566540819234,47.282004310255125],[4.986643612673927,47.28217751346308],[4.986666818929095,47.28231120519204],[4.986669619293773,47.28236545927766],[4.986659586776787,47.28246991260603],[4.986591870523601,47.2828288532377],[4.986582453031349,47.282907000495584],[4.986578909440774,47.28314399089979],[4.986577133213293,47.28327847059387],[4.988351626780212,47.283392156646414],[4.988377422682023,47.28330607399291],[4.988386962744083,47.28327421177742],[4.9888550624593675,47.28339271274999],[4.989009208645527,47.283449144990136],[4.989415415508561,47.283600853817596],[4.98966294200341,47.28372376410059],[4.989658917114268,47.28377588385862],[4.989813038410252,47.28385302771142],[4.989959074842829,47.283915541319445],[4.990039758450445,47.28395008859202],[4.990425953058901,47.28396867842087],[4.990541292361278,47.28397417397263],[4.991052217032272,47.284080224548354],[4.991305099461253,47.28413324825859],[4.991231982848451,47.28424932103],[4.991592976686333,47.28426275624197],[4.991872957969733,47.28432918173807],[4.992261587431382,47.28437050717422],[4.992282562371974,47.28444363041672],[4.992258106011595,47.284533563281876],[4.9925738042565655,47.284567404887746],[4.992609632929556,47.28447367449994],[4.992773063944737,47.284501935813935],[4.992872957799286,47.28451913112824],[4.992876555448247,47.28451978975616],[4.993235156589631,47.284575676073494],[4.993799275433769,47.28491656021665],[4.993842005323112,47.28489115129905],[4.993953188810519,47.28489158188205],[4.9940041907207755,47.28486440977687],[4.994051589447403,47.28490060701512],[4.9941443263824645,47.2849709656268],[4.9941049103060795,47.284989383598905],[4.994070865799589,47.28505624793452],[4.994142747653683,47.28513164776036],[4.994156389139554,47.28514618202153],[4.994466418877668,47.28536940791746],[4.994650838146155,47.285503028349765],[4.994729154465796,47.28547367532356],[4.994916724109359,47.285627953428545],[4.995128417942484,47.28588654832318],[4.995138802075531,47.28589888715543],[4.995170049538164,47.28594202563273],[4.9953325535763,47.2861660751246],[4.9954786062997485,47.28636762387198],[4.995646105169587,47.28632349852313],[4.995694949511337,47.28641991586538],[4.995746472319793,47.28652430185139],[4.995924171973098,47.28648756511288],[4.995986464213128,47.28658258030072],[4.996018024559535,47.28665191866792],[4.995758796970812,47.28672779027483],[4.995805820672518,47.28681793515553],[4.995952435545497,47.287098630431345],[4.995986733554617,47.28716684106212],[4.996017186319759,47.287227733469834],[4.9958109587994874,47.28726613172288],[4.995824446367347,47.28739404543668],[4.995831775891402,47.28746308022143],[4.995837089138163,47.287509906545516],[4.9962915646274935,47.28745264859989],[4.99632095005707,47.28750617492963],[4.996224761388587,47.287524759922825],[4.996228427365525,47.28753793467195],[4.996251354399972,47.28753519882061],[4.996285990866917,47.2876124989137],[4.996393299919186,47.28759399268838],[4.996407648382353,47.2876275157563],[4.996313853667475,47.28764641983984],[4.996320854566698,47.287663859759775],[4.99634488507074,47.28765876352096],[4.996352679569563,47.287676189784236],[4.996388180101591,47.28775536609664],[4.996111344921962,47.287827669050564],[4.995946654956605,47.28786202090348],[4.9959981517335725,47.28795497044008],[4.996078626592568,47.28794088849173],[4.996149190175794,47.28806610919792],[4.996173733206427,47.28817095913279],[4.9962020472239805,47.28830248997805],[4.996230224255292,47.288430330987936],[4.996060016288761,47.2884551422094],[4.996079662622536,47.288513699001264],[4.995953655192974,47.28853126581309],[4.995265174398999,47.28862775736084],[4.995219732453776,47.28866573074867],[4.995242184589323,47.288928119728105],[4.995336116687784,47.28916937771646],[4.995404360281008,47.28933903489971],[4.995441670028023,47.28950967430294],[4.995454133409263,47.28956727406369],[4.995255883820133,47.28961760104543],[4.9952648322484485,47.28970885107503],[4.995323520600449,47.28974953643221],[4.995469841711114,47.28976566109069],[4.99554200142455,47.28986969215756],[4.9950767394181925,47.29009679224388],[4.995151857204498,47.29028046965364],[4.995178659997211,47.29027514590793],[4.995200640117665,47.290332401926385],[4.995416054871582,47.29024170627905],[4.9954230246920694,47.290247619973684],[4.9954734947559185,47.290227390592],[4.995758474031629,47.29055559562239],[4.9958590925245305,47.29078431078176],[4.996094254309811,47.2907441542332],[4.996166853848098,47.29073173869317],[4.996261230880467,47.290920667377904],[4.996226794680979,47.29092360120827],[4.996243594131994,47.29098031579475],[4.996270250808695,47.29106720868141],[4.9962936330273795,47.29106599592289],[4.996317808882989,47.291064769505205],[4.996479897101038,47.2910563073406],[4.996482870096408,47.2910721955843],[4.9967519429239555,47.2910363171005],[4.996758290542078,47.291078893037636],[4.996786078035322,47.29127094837656],[4.996804191714555,47.291352314817345],[4.9968113785804835,47.291385420730094],[4.996778639070961,47.291412639855345],[4.996791968956728,47.29145077308083],[4.996834163657915,47.29157107830325],[4.996899698328984,47.291507453644236],[4.997083032759082,47.29147232951209],[4.997603467157106,47.29137268748842],[4.997730441593725,47.29166920762645],[4.998014120639512,47.291606058852494],[4.99801527926448,47.29160874049533],[4.998649947752656,47.2915057758862],[4.998522509879776,47.29119692735419],[4.9990346693815235,47.29109913234503],[4.999853160971985,47.2909424740454],[4.9997596883271385,47.290810175941395],[4.9997140129028415,47.29074585466825],[4.999620527541441,47.29061319645964],[4.99948344564748,47.29041870247817],[4.999364069326374,47.290251819740575],[4.999243779536362,47.29008171070537],[4.999168838045639,47.28997781980367],[4.999068438786126,47.2898406875659],[4.999032646806451,47.28978583143926],[4.998986194505247,47.289711257200395],[4.998936944581522,47.289636190820794],[4.998897599749938,47.289528534620125],[4.998854772518863,47.289412653499724],[4.99880968512445,47.289278710598],[4.998765505423054,47.28914781384869],[4.998721948759369,47.28901231363161],[4.99866643967582,47.288865042204584],[4.998632693033018,47.28876908644],[4.998603865495133,47.288698621052134],[4.998558948382464,47.288601236719956],[4.998540039307609,47.288562569371415],[4.998527157578256,47.288536495708286],[4.998522848045592,47.28852738450751],[4.998514676009593,47.288510505204265],[4.998483282111792,47.28844575734344],[4.998423585147005,47.288335299648416],[4.998364265137011,47.288224295109906],[4.998303307964954,47.288111967938164],[4.998253302241482,47.28800584590359],[4.99822964193298,47.287988873113164],[4.998213365007507,47.287978256994705],[4.9982018128133765,47.28796656891835],[4.99819483135077,47.287949669087695],[4.998193716373556,47.28794104317692],[4.998199588130261,47.28791743815192],[4.998210608177723,47.28789347430159],[4.998124329719171,47.287687477456835],[4.99808184707425,47.28758077551686],[4.998040613208801,47.2875076419251],[4.998019851481207,47.28747251846947],[4.997971237610971,47.287414460785044],[4.997905147042004,47.28732419479475],[4.997836511942954,47.287229559971614],[4.997778347247488,47.28716022989914],[4.997721540416693,47.28709537908197],[4.997665574156645,47.28703177451075],[4.997556123161763,47.286907224163414],[4.997503525694335,47.28684878460587],[4.997441373890168,47.28677898269246],[4.997368193955552,47.286722248219455],[4.997355689026895,47.28666356864892],[4.997321939796459,47.286620834016524],[4.997277024803945,47.286534075426346],[4.997184386264028,47.28634907971708],[4.997135505854982,47.286251763041996],[4.99708566811354,47.286150050212704],[4.997010431111833,47.28600590917883],[4.99687197071001,47.285763077214646],[4.996782076696722,47.28564116130261],[4.996750203366487,47.285606138803686],[4.996729358835873,47.28559010784273],[4.996656520924344,47.28553895035272],[4.996640896313593,47.28552805263518],[4.996608709188605,47.2855166294645],[4.996595495097448,47.285513614948634],[4.996584738608576,47.28551262936447],[4.996571668350406,47.285513484662744],[4.996299072410134,47.285582023196476],[4.9961984548703935,47.28532106896821]]],[[[4.999393897378496,47.27299353779422],[4.999604466075183,47.27294533130807],[5.000241992843579,47.27279718708888],[5.001146925127844,47.27257103224345],[5.001411562195697,47.27250387879756],[5.001737410253439,47.27241765760298],[5.001777859314694,47.27240597295759],[5.001806885094079,47.27239664673942],[5.001823734475094,47.27239077260212],[5.001819916238956,47.27238417450767],[5.00186541016566,47.27234808820074],[5.001901774438232,47.272269383822334],[5.001906555734802,47.27225921525929],[5.001963574324834,47.27221284395969],[5.0019507575461315,47.27219910681139],[5.001859146102304,47.27222257106283],[5.001581151262978,47.272293378128296],[5.001463126109877,47.27212989563022],[5.001901913050184,47.27201741048408],[5.001838472807894,47.27190206563787],[5.001297162740764,47.27204342578193],[5.001264366051615,47.27198347540896],[5.001233263403277,47.27192637752434],[5.001194514521038,47.27185581340894],[5.000924467650481,47.271926842016626],[5.000822237371656,47.271771731590775],[5.000805832042392,47.271746889535585],[5.000703063771225,47.271598632384475],[5.000657776763337,47.27153367416301],[5.0006120563324625,47.27146773280656],[5.000671707370303,47.27144941355512],[5.000627544806585,47.27137200848179],[5.000560891124566,47.27125554769288],[5.000557069773431,47.271248859557694],[5.001093808327309,47.27108083556042],[5.001061268359154,47.271017098425084],[5.001020648806283,47.27093891192717],[4.998458900612728,47.27175006779778],[4.9984491242918345,47.271754018502236],[4.998440994923298,47.271759561799186],[4.998435258999073,47.27176542407328],[4.998431166680353,47.271772788944354],[4.998429174892604,47.271783269509505],[4.998429559815527,47.27179361907145],[4.9984318879552125,47.2718028545066],[4.998435832926485,47.27181287256934],[4.998444638434503,47.271825508503156],[4.998450580182291,47.27183585237731],[4.998489984911336,47.271902803892914],[4.998542560407937,47.27199303251599],[4.998588340667246,47.27207131098512],[4.998610793998404,47.272109377093],[4.998628498928316,47.27213716882313],[4.998667646336211,47.27219719056511],[4.998759878841561,47.27233977745933],[4.998848324089602,47.272476576045335],[4.998888328965403,47.27253829395961],[4.998929154082073,47.27260071815534],[4.998960766797818,47.272650243293334],[4.999028143390221,47.27275417496284],[4.999128360149732,47.27290860112314],[4.999148986386611,47.27294021474017],[4.999156461557593,47.27294909128766],[4.999166296749869,47.27295738683583],[4.999176838254657,47.272963328809766],[4.999187753007292,47.272968633972766],[4.9991921902095395,47.27297053867956],[4.999216369696584,47.272980298013444],[4.999241702413392,47.272989046873086],[4.999264961299351,47.27299540001861],[4.999280942561499,47.27299818639188],[4.999304847483875,47.2730005660252],[4.999328288748388,47.27300115256875],[4.999352066420668,47.27300011233976],[4.999375373732878,47.272997099028984],[4.999393897378496,47.27299353779422]]],[[[4.998313771822903,47.271850096552654],[4.998183626054461,47.271926092782],[4.9980815739937405,47.271978371017404],[4.99797102082485,47.272026202847684],[4.998878182022585,47.2734712463826],[4.999001563714867,47.27343742117295],[4.999122851312911,47.27340066014426],[4.999354738886696,47.27332795229466],[4.99840102905985,47.271837606649115],[4.99837136370248,47.27182974274484],[4.998313771822903,47.271850096552654]]],[[[4.998939507744971,47.27710421847316],[4.999185241653734,47.27706180095049],[4.999237048806732,47.277045869118716],[4.999429725939017,47.27698581440929],[4.999575716160079,47.27694061252835],[4.999714329352937,47.27689986020809],[4.999836461253181,47.276864254754955],[4.999921667077691,47.27683910165916],[4.9999456220494904,47.27683211473698],[5.000075567297488,47.27679313238294],[5.000206729298962,47.27675484932879],[5.000425083381669,47.276691468449656],[5.000501668219446,47.27666934530504],[5.000574709394694,47.276648003653676],[5.000656797806587,47.27662443468145],[5.000746346586593,47.27659866573877],[5.000820967711443,47.27657711657022],[5.000880667919793,47.27655996719667],[5.000990244294968,47.276528359324715],[5.001047970896023,47.276511514068694],[5.001101780631817,47.2764960871592],[5.00116069729526,47.276479221316045],[5.0014062343987895,47.27641032658392],[5.00149228247726,47.27638650857981],[5.00157558033282,47.27636345839579],[5.00175907338914,47.27631274367219],[5.001852978215663,47.27628671857568],[5.001948066371455,47.27626049287152],[5.002071832476292,47.276226207608985],[5.002194428420359,47.27619248273152],[5.002293833078564,47.27616492147909],[5.002392844280879,47.27613745698515],[5.002522123475367,47.27610199541696],[5.002134299160451,47.275548284964714],[5.002287218327181,47.275508093012895],[5.002254837642911,47.27545939249747],[5.002388019527683,47.27541152630081],[5.002821233549894,47.27602208673218],[5.00289984359559,47.276001097697915],[5.002978060228158,47.27598020545614],[5.0031227061972645,47.27594168619103],[5.003267735243106,47.27590279991036],[5.003347911629967,47.27588124319197],[5.003472489514812,47.27584748270283],[5.00367214325149,47.275793784144305],[5.003268110245997,47.27516759369432],[5.003182180506176,47.275034807340134],[5.003142148709321,47.27497255099349],[5.003225369847126,47.27494751970113],[5.003119701957584,47.274785716601315],[5.002927534490626,47.27449708025619],[5.002905698572633,47.27446503790049],[5.0027951347218425,47.27429962683599],[5.002661485468198,47.27410057386801],[5.002596762073154,47.274004162936265],[5.002424458780323,47.27374778232585],[5.002397574748131,47.27370808238598],[5.002251733613678,47.27349068831227],[5.002141190547558,47.27332572653925],[5.002037343878546,47.27317001468865],[5.001955756070545,47.2730470584146],[5.001872901464015,47.2729220527067],[5.001711831836775,47.27267934546879],[5.001587353432311,47.27249184001573],[5.001583578800267,47.272486411862715],[5.001504926448535,47.27250614009007],[5.0012929588105495,47.272559327195644],[5.001173803302557,47.27258929973616],[5.001095944014051,47.272609013997666],[5.0005249406457475,47.2727526836864],[5.000712394938668,47.27302186348908],[5.000273494103108,47.273152896966174],[5.000067584415179,47.272867734979364],[4.999950004228263,47.272897408910524],[4.9998446172971995,47.272924080824296],[4.999722306790461,47.27295464656083],[4.999592532809989,47.272987322013606],[4.999496575549003,47.27301139959165],[4.999398654867793,47.27303605125583],[4.999285003965073,47.27306466617566],[4.999272813864868,47.27306775801065],[4.999263134474434,47.27307431866907],[4.999258282284071,47.273082597201245],[4.999258223809298,47.27309169364666],[4.999381138566199,47.27325869611558],[4.99939435345561,47.273283143078785],[4.999399516184925,47.27333654606429],[4.999377939477908,47.27334340186119],[4.9992849692678645,47.27337310115124],[4.999195142323922,47.27340193570467],[4.998957417720323,47.273477805645484],[4.998900533973212,47.273495896155545],[4.9988478865450245,47.27351049159017],[4.998791702364444,47.27352604848357],[4.9986962007309605,47.27355173848872],[4.9986321228446435,47.27356851196571],[4.998556244653491,47.27358819033905],[4.998455205875474,47.273614425814536],[4.998371084090686,47.27363658749139],[4.998290108981949,47.27365797446597],[4.9980868808935766,47.27371154531719],[4.99797049118601,47.27374128672815],[4.997848482267434,47.27378004012704],[4.997607197248001,47.27385632876655],[4.997497734740302,47.27389090335045],[4.997374175172559,47.27393067353089],[4.9971687422779985,47.27398905354859],[4.997150594763718,47.273992067619616],[4.997132373654732,47.27399310177257],[4.997115662379269,47.273992038691304],[4.997326016098058,47.27429027691508],[4.99729659182329,47.27429960883563],[4.997055310809842,47.273959577777234],[4.996550269735319,47.274127126649404],[4.996364911566098,47.274170300812195],[4.9962972251842315,47.274186144484375],[4.996236622421466,47.27420033529656],[4.996070359757502,47.2742553375997],[4.995987223283064,47.2742827036672],[4.995869188688449,47.27432165670316],[4.995841794422722,47.27433221407235],[4.995833257670808,47.27433749401787],[4.995828667815254,47.274342165729884],[4.995825684799071,47.27434735011642],[4.995823901898126,47.27435278401467],[4.995824139247775,47.274359173742894],[4.995828427128979,47.274367745119584],[4.995898535444953,47.27445983443127],[4.995896965374621,47.2744603117154],[4.995530403939657,47.27456243555038],[4.995426701951323,47.274591866015996],[4.994982612591275,47.27473350448439],[4.994742516002713,47.274809946660866],[4.995281345973342,47.27546644597875],[4.995258214490591,47.275474228259874],[4.995342777134037,47.27559209474695],[4.995516964840434,47.27583584527654],[4.995539997058134,47.27586813851942],[4.995666470297677,47.27603490332157],[4.995696104079964,47.27607392703484],[4.9957512041076555,47.2761466429235],[4.995827176109017,47.27624691629877],[4.99599449135006,47.27646583951184],[4.996303902721708,47.276342364738554],[4.996447286164327,47.276291088011476],[4.996558896360188,47.27644234829482],[4.996685981530986,47.276614774870914],[4.996773766286499,47.27673375558095],[4.997021192032128,47.27665141974994],[4.997291868057748,47.27701300773664],[4.997644813197599,47.27750519701433],[4.99765068180284,47.27751356099349],[4.997664012967601,47.27750909889888],[4.997911847677102,47.27742702435071],[4.9981894874037955,47.277335160328896],[4.998392220283444,47.277267909986186],[4.998449471435873,47.27724891295863],[4.998510642846506,47.27722858761135],[4.998542011924346,47.277218141267866],[4.998670245039333,47.277175767985696],[4.998801608153049,47.27713216992731],[4.998829453550851,47.27712304497119],[4.998939507744971,47.27710421847316]]],[[[4.999538555722955,47.28235266423471],[4.999465546744897,47.28227908809524],[4.999396666270908,47.28220976332749],[4.999316661689383,47.2821295536481],[4.999236223754059,47.28204836079445],[4.998704445777178,47.2823314664035],[4.9984266754639375,47.282473853286625],[4.998366435920345,47.282412664002806],[4.997766174443426,47.282722700039336],[4.9978349080400255,47.28277743960752],[4.997890557275706,47.28282195826527],[4.997981798987895,47.28289477108701],[4.998060769982404,47.28295788929436],[4.9980636376701515,47.282960271348315],[4.998148188687931,47.28301329746351],[4.9981545803528045,47.28301435807258],[4.998332753552744,47.28304406865198],[4.999616503498024,47.282430928039524],[4.999538555722955,47.28235266423471]]],[[[4.9999264478128795,47.28339816313651],[4.999760957792254,47.28347458950354],[4.999483068635274,47.28360320266483],[5.000219933334824,47.28397637987924],[5.000348591501928,47.284040981306475],[5.00050109434803,47.28395694342457],[5.000413007425802,47.283862375241604],[5.000234354040619,47.28369192249965],[5.000079988664994,47.283544644784016],[4.9999264478128795,47.28339816313651]]],[[[4.998586644335018,47.283220162250686],[4.99785792425254,47.28341768334649],[4.998227226287441,47.28385735772658],[4.998497970265131,47.28417688648976],[4.998570993869001,47.28427216582164],[4.998672745876656,47.284413958074595],[4.998732365287374,47.284501093257674],[4.999010260613444,47.28479924504504],[4.999065949228381,47.28478072509596],[4.999131142015679,47.28477221738627],[4.999254409077415,47.284755954897946],[4.9996234062217955,47.28470691033668],[4.999896399387441,47.28467059610067],[5.000044932014321,47.28465047520726],[5.000060732495563,47.28464831169788],[5.000032000509036,47.2845697400949],[5.000004230224421,47.28451699724226],[5.0001559820871035,47.284508707756174],[5.000108320605815,47.28436958638235],[5.000361227325776,47.284337669701856],[5.000317172570674,47.28423144577639],[5.000539586964455,47.284180332715415],[5.0003882065927945,47.28410261525811],[4.999659774894416,47.28373208538709],[4.999262074200952,47.28356441592298],[4.99920434569925,47.28353875490558],[4.999003346963855,47.28346117028336],[4.9989462514814065,47.28343117566776],[4.998586644335018,47.283220162250686]]],[[[5.00105761567516,47.290658302821996],[5.000855003568826,47.29069808832039],[5.00077148539565,47.290715828121684],[5.0006534998882985,47.29074631935077],[5.00056545106108,47.290770350792464],[5.000483351050267,47.290794189549956],[5.000395089591719,47.29082317745218],[5.000309222345374,47.29085248422352],[5.0002449218912535,47.290874485048796],[5.0002252406286996,47.290836461660334],[4.999977832404883,47.29088890483951],[4.999944498344591,47.2909001056744],[4.999933632073028,47.290906866850676],[4.999930655234956,47.29091223129854],[4.999931293314513,47.29091870413097],[5.000170891546144,47.29158420970887],[5.0004454622792815,47.291525354387694],[5.000477813970343,47.29151975365132],[5.00072717393783,47.291477001554064],[5.000818559608845,47.29162779579638],[5.001450438473552,47.29146074599291],[5.001479640086097,47.291509141191554],[5.001482572098364,47.29151323306483],[5.001502998904744,47.29150729741606],[5.001751708388319,47.29143645771396],[5.001761355136359,47.29145024954298],[5.001828544089825,47.2914311698076],[5.001865086195423,47.29142081361829],[5.001889447591329,47.29141390948567],[5.001937386785614,47.29140038488397],[5.001974322315651,47.29138993181832],[5.001767738016107,47.29093962759222],[5.001713389651599,47.29071723311924],[5.00161777761334,47.29051698312182],[5.001614838937827,47.290512711259446],[5.001604427865626,47.29051036936608],[5.00159257038958,47.29051183466011],[5.001575664996221,47.29051635878917],[5.001285455989747,47.29061357917206],[5.00105761567516,47.290658302821996]]],[[[4.9990600715718845,47.29571850790487],[4.999041878385108,47.2957311585777],[4.999049633313299,47.29577947349614],[4.999184163060997,47.29575572327716],[4.999204618996345,47.29579319311923],[4.999210593691098,47.295804346810584],[4.999178468866625,47.29582678313901],[4.999341797350325,47.29598993688116],[4.9993510026483525,47.29603453461799],[4.999498076880308,47.29613439078192],[4.999605320034735,47.296220344536515],[4.999682500174587,47.2962561164138],[4.99972393602768,47.29627044122682],[4.999760230964492,47.29627467862945],[4.999855571911383,47.29626493082507],[5.000071950237134,47.29623166424549],[5.000134685130693,47.29622076718069],[5.000182696088716,47.296209043235464],[5.000273531995676,47.29618496425292],[5.00034831794487,47.29616710536623],[5.000400459586798,47.29614900641307],[5.000429424689683,47.29613770073491],[5.000449305672447,47.29612772233851],[5.000486569157426,47.29610465675088],[5.000496145279894,47.296095216204705],[5.0005019385141205,47.29608016753145],[5.000503708254402,47.29607437362873],[5.000507910710705,47.296059262325876],[5.0004928861233315,47.2955492808417],[5.000506754872566,47.29547384745823],[5.0004503618320655,47.29522852454057],[5.000393254194403,47.295081281681725],[5.000239065094061,47.29471571262862],[5.000257178671932,47.29458365275149],[5.000290014908218,47.29448438855447],[5.0002849431332885,47.29438019451476],[5.00023954985277,47.29413162000109],[5.000238147609699,47.294051316814894],[5.000236162198553,47.29395535443984],[5.000234213661603,47.29386038200956],[4.998346365308119,47.29415748466202],[4.998367945230686,47.29420385054946],[4.997882242653315,47.29431982742125],[4.997891294280221,47.2943496592303],[4.997903522194314,47.294390152659474],[4.997924801791028,47.29446047789179],[4.997928431833161,47.294472662600555],[4.998003477385222,47.29460059653911],[4.998081472393849,47.294690387220626],[4.998144921816166,47.294762777928995],[4.9982317153561375,47.29479019037864],[4.998271537263548,47.294793196806026],[4.998299813800568,47.29479541145701],[4.998355742127298,47.29483641301947],[4.998403639929301,47.294853688806946],[4.998485110707423,47.294855437575826],[4.998560091268281,47.29487485840628],[4.998571025471354,47.294891239841085],[4.998577229339111,47.29489788696747],[4.998584794541281,47.294909103350754],[4.998623295408109,47.295015333163896],[4.998712164549431,47.29521588144961],[4.99873979508324,47.29526475458086],[4.998769450107941,47.2953146734704],[4.998798175877372,47.29537163249277],[4.998817248300099,47.29541461946575],[4.998843150955466,47.29545974010844],[4.998875033121168,47.295484135608596],[4.998949568514995,47.2956516109986],[4.999034505495459,47.29571444567868],[4.9990600715718845,47.29571850790487]]],[[[4.9989611534766,47.29579216426446],[4.998555137981925,47.29506189376574],[4.998232754029914,47.29518100251402],[4.998347221226776,47.29540785598225],[4.998578383930384,47.29584666544718],[4.998717837059258,47.29582715352453],[4.9989611534766,47.29579216426446]]],[[[5.001214635524786,47.29592784645372],[5.000662886245187,47.29608333629387],[5.000601401244503,47.29610645931275],[5.000590930858222,47.296113213694234],[5.000574129601714,47.29613124379364],[5.000569709261556,47.29614050540837],[5.000569647631491,47.29614951177332],[5.00057886867292,47.296183843111784],[5.0006968620899235,47.29661163191384],[5.000836663830404,47.297017161659674],[5.000911215991176,47.297227500762574],[5.000925329353005,47.29739313502346],[5.0025053808495,47.297039257809374],[5.002426323867455,47.296931927981944],[5.002394739713946,47.29689429048868],[5.002216082243259,47.29670375909477],[5.00167614324007,47.29612142535881],[5.00157815652927,47.29602819960851],[5.001407312099188,47.29607914458551],[5.001322880224826,47.2961045548709],[5.0012687594625,47.29601624567416],[5.001229444243028,47.29595226560525],[5.001214635524786,47.29592784645372]]],[[[4.999508834687841,47.298215329225876],[4.99952005616091,47.298228733869436],[4.999558473023193,47.29826859574837],[4.999615822919071,47.29832632207184],[4.999657330308511,47.29832119426088],[4.999671767446325,47.29835696665647],[4.9994928237201215,47.298393279492196],[4.998863621652345,47.29849588272973],[4.998879183664202,47.298540551073586],[4.998896132330919,47.29860113489102],[4.998871636657625,47.29860452856245],[4.998875517691451,47.29882617190475],[4.998917459259997,47.298822027470486],[4.998968076890313,47.29882691896823],[4.998960629370402,47.29898959269292],[4.998972177817062,47.29906512823446],[4.99997622123782,47.29904629820787],[5.000147656917277,47.29903226708687],[5.000540466713021,47.29898019961902],[5.000726317424188,47.298937372362595],[5.001007174557365,47.29887570656088],[5.001246567027384,47.29882033840752],[5.001245960146674,47.29877208049422],[5.001226064260799,47.29866445010909],[5.0011214755093185,47.298383487393046],[5.001104517299547,47.29838666151183],[5.000992563019003,47.298174446034935],[5.001068511932279,47.29815575621303],[5.001049866402978,47.298060351423345],[5.001028732423187,47.297962107841904],[5.001010690149029,47.29779762200697],[5.000956379498774,47.29768293045739],[5.000950353937709,47.297670426937096],[5.0009473445112125,47.29766426517195],[5.0009292242606165,47.29762558467104],[5.000909153232363,47.29758783833289],[5.000886769645931,47.2975093378636],[5.000859751086199,47.297231810145895],[5.000843534896179,47.297190935526594],[5.00062786809773,47.29659309979613],[5.000596439326607,47.29650629021049],[5.000591820390335,47.296488899556344],[5.000565105810894,47.29641137420148],[5.000493188686456,47.296207743398945],[5.0004793944467005,47.29616790760536],[5.000416174356678,47.296187098100795],[5.0002844260808,47.296232234406304],[5.0002136219943605,47.29625038482713],[4.999967585231867,47.29629767077686],[4.999862133725453,47.29631317620122],[4.999778591185657,47.29631983899236],[4.999721510740391,47.296322623704505],[4.999677005748091,47.29632185972693],[4.999614516326965,47.29630735736702],[4.999484609759259,47.29618865462372],[4.999465999219252,47.29617942967389],[4.999596165463602,47.29667842171359],[4.999271728738055,47.29673191990177],[4.99906326166832,47.296764418284404],[4.999073972331748,47.296817455072734],[4.999169652448969,47.29695547891218],[4.999132645953442,47.29700681624862],[4.999032359215978,47.29708643966275],[4.998855402867956,47.29695197698708],[4.998714172045728,47.297073189402376],[4.998848396120774,47.297222526655545],[4.998850857692435,47.29722464552619],[4.999016956751439,47.29775021499594],[4.999397751112584,47.29765297152309],[5.000068760392926,47.29747895305045],[4.999840220067538,47.29692978643548],[4.999755455572952,47.29676500938565],[4.999798428548937,47.296756614336715],[5.000029854963564,47.29731932930984],[5.000101312068635,47.29748928842269],[4.998808758663541,47.297822061326244],[4.998836876298018,47.29788398368848],[4.998906069630687,47.298035881803145],[4.998908678624053,47.298041960461106],[4.999223754171469,47.297960798379115],[4.999264448240437,47.29801917202279],[4.999344317125528,47.298084435174296],[4.999471731967168,47.29804009514987],[4.999522418492398,47.298100187650235],[4.999599503400677,47.298186661036254],[4.999508834687841,47.298215329225876]]],[[[5.001275110165145,47.29902147471953],[5.001254117576026,47.299193477627455],[5.00125069762596,47.29921893153003],[5.001293638794769,47.29920963598503],[5.003802084001077,47.29867078872563],[5.0035942620160485,47.29843330503881],[5.0035004225486315,47.298323709668935],[5.003470868677979,47.29832989323607],[5.0015971823214205,47.298723067935185],[5.001097193554949,47.29804089436941],[5.001120281487826,47.29820223137268],[5.001145623711783,47.29829616987564],[5.001184631731604,47.29841580796502],[5.001218589171692,47.29849581978078],[5.001256695390209,47.298591249148195],[5.0012819754662,47.29867285143102],[5.001304866516691,47.29876494104852],[5.001305190677249,47.2987842968421],[5.0012957402585165,47.298903689916884],[5.001275110165145,47.29902147471953]]],[[[5.0043335542215255,47.299280274970855],[5.004243528844923,47.29917718818447],[5.0041282028256315,47.299045271032725],[5.0040671047487315,47.298972392626276],[5.00402285239764,47.29892524860856],[5.003961394663856,47.298853366941735],[5.003543428678542,47.298944242957525],[5.002835341638556,47.299072003596514],[5.002822096189148,47.29903630105178],[5.002066903228953,47.29918954441512],[5.0012333506999775,47.29936088392559],[5.001234527684052,47.2994244409927],[5.001230761679314,47.29960046933828],[5.001240589113956,47.29978959109036],[5.001250728727567,47.29992314480361],[5.001259439521983,47.30008229817199],[5.001259990675387,47.30008643110092],[5.001267875767677,47.30010619681646],[5.001280027142096,47.300112561132],[5.001290890605908,47.300116336122024],[5.001308037160393,47.30011820170184],[5.001323936046215,47.300118557895985],[5.001392859920698,47.30011376716322],[5.001525010368809,47.30010050161252],[5.001796050141733,47.30005233117003],[5.001804031242242,47.30007821879484],[5.002101797167048,47.29999770788772],[5.002649626236741,47.29992071584625],[5.003141789415359,47.299841980453145],[5.004384253295806,47.29964555486702],[5.004610005543636,47.29960068142507],[5.004601641301556,47.29958938917232],[5.004539378195244,47.299517251557354],[5.004476264393272,47.29944359770205],[5.0043335542215255,47.299280274970855]]]]}},{"type":"Feature","id":"inao-denom-806-red-white","properties":{"id":"inao-denom-806-red-white","name":"Marsannay (red and white)","tier":"village","kind":"appellation","appellationId":199,"denominationId":806,"sourceName":"Marsannay (rouge et blanc)","communes":["21166","21200","21390"],"areaHa":368.08},"geometry":{"type":"MultiPolygon","coordinates":[[[[4.9744024889551355,47.255196971788244],[4.974636294376554,47.25512373906749],[4.974606715880018,47.25482625479241],[4.974635208552059,47.254478522126085],[4.974633350443186,47.254427943530104],[4.974623154458487,47.254355623849264],[4.974533414364048,47.25411625811629],[4.974532978142386,47.25411518489892],[4.974532541920745,47.25411411168156],[4.974349425758444,47.25413767203599],[4.973681197298841,47.254234329244916],[4.9735506827303615,47.254260414992096],[4.97376315465284,47.254416733947096],[4.973909763849698,47.254594796071],[4.974106166183213,47.25495094714475],[4.974179400728615,47.255021833373156],[4.9744024889551355,47.255196971788244]]],[[[4.972862914257173,47.25415270780594],[4.972734389089995,47.25416453028872],[4.972710827386959,47.25416763276537],[4.972512826071766,47.25420729290756],[4.972229013353636,47.25428380343227],[4.972157435528055,47.25430123055559],[4.972153503042017,47.25430219797839],[4.972142558727865,47.25428509380497],[4.972093131891258,47.2542898067727],[4.972080660201013,47.25429596243596],[4.972011989573597,47.25423040053055],[4.971841257601574,47.25405436730233],[4.971692024577934,47.25392353544475],[4.971676942947157,47.25391262523618],[4.971649978093311,47.25390227730592],[4.971223563466659,47.25376544138785],[4.97101678091265,47.253699074928434],[4.970603573675897,47.253576060644264],[4.970446837999548,47.253651757868084],[4.970446058104062,47.253652131336395],[4.970425470049356,47.25366418818858],[4.9704243232996665,47.25366537837439],[4.970408143432045,47.25367862106381],[4.970341198989983,47.2537466685753],[4.970337325893954,47.25374925589443],[4.970309368333981,47.25376594063902],[4.970279368640763,47.25378103911053],[4.970247307022072,47.25379401132152],[4.9701343681186625,47.2538305109598],[4.970106338596074,47.25383440925056],[4.970068673180382,47.253835229321034],[4.970011656098155,47.25383853945595],[4.969955111419058,47.25384391277176],[4.9699153635564155,47.25385287300461],[4.969879382504938,47.25386717245108],[4.969818315134619,47.25390071928611],[4.9698137181671855,47.25390521001183],[4.969788971550084,47.253933727163876],[4.969771863306992,47.25398660915195],[4.969763129514675,47.254029803181695],[4.96975354654287,47.2540714807229],[4.969741811822859,47.2541194085194],[4.969654129320096,47.25428209408231],[4.969641388612743,47.25430257258182],[4.969631456732429,47.25432390390378],[4.969626898478659,47.254340281047014],[4.969623332065236,47.254394553935505],[4.969623351102706,47.254449216186586],[4.969624264608953,47.254474145534004],[4.969649000381897,47.254640234574715],[4.969683405111438,47.254723670209074],[4.969692511072807,47.25474476818877],[4.969832382810976,47.25478264608381],[4.969961405933821,47.25481683581673],[4.970051540441597,47.25485096570698],[4.97025160720094,47.254928884840886],[4.970272052565043,47.254934571031136],[4.970289616476027,47.25493742446263],[4.970675773411897,47.25497174656175],[4.970760284252664,47.255003990306825],[4.970863029622901,47.25504655039403],[4.971014504480589,47.25517356291646],[4.971211487415732,47.25539453808796],[4.971269752720704,47.25552259448241],[4.971381020388729,47.255765018443846],[4.971500048670506,47.2560026275543],[4.971654958549231,47.256114992166985],[4.971684690163884,47.2561358293389],[4.971876959760409,47.25627142262195],[4.971972433529704,47.25635363897489],[4.972138217208339,47.25649193360034],[4.972156257547342,47.256496939942686],[4.972175405034122,47.256499676110465],[4.9721897111629145,47.256500243275525],[4.972217824482447,47.256498594422844],[4.972264679096092,47.25648861202436],[4.972384951885522,47.25645720878656],[4.972392030636539,47.25645546741276],[4.972430613429947,47.2564471565598],[4.972470471781991,47.25644116539144],[4.972510409392588,47.25643733414916],[4.972556774631488,47.2564356448934],[4.972598850302576,47.256436009772294],[4.972640608680535,47.25643854132196],[4.972681659810139,47.256443426284214],[4.97272239035356,47.2564503879207],[4.973025012480484,47.25653286136682],[4.973197690574331,47.256577831647505],[4.9732161309122045,47.256582921074],[4.97324331556101,47.25658840201755],[4.973271610619474,47.256591702770024],[4.97333211692272,47.256586080361075],[4.973358726353911,47.25662993393958],[4.973424252455787,47.25665295318397],[4.9734575343782765,47.25666238272701],[4.973496348437635,47.25667117778591],[4.973536266295766,47.25667761264979],[4.973629218535373,47.25668026312905],[4.973884763396501,47.25661530723452],[4.97389759572846,47.25662976754846],[4.9743334886639134,47.256548502600936],[4.975078491771827,47.2565102401533],[4.975138424502163,47.25608947875979],[4.975117880801982,47.25602715127229],[4.975105163742715,47.256005034553375],[4.975089310570237,47.25598396184253],[4.97508765487029,47.25598209891533],[4.975000659413557,47.25587155381005],[4.974818956369822,47.255645731849164],[4.974714667726855,47.25548568131715],[4.974607082757413,47.25538710349887],[4.974578064191697,47.25536409362462],[4.9745443431586684,47.25534269473445],[4.974462334165037,47.25529222024033],[4.97442091002689,47.255266359741206],[4.9743271431214335,47.25519825471669],[4.974158991789368,47.25507117009855],[4.974049009504166,47.25497209227053],[4.9739861318305,47.254891483947425],[4.9739563470069355,47.25484759449174],[4.973944962487353,47.254829327275395],[4.973832988078392,47.25463275492285],[4.973779568920656,47.254561170963484],[4.973723410393962,47.25449062420074],[4.973719672886538,47.2544860950774],[4.97368381135736,47.254449603345044],[4.9736018475122314,47.25437868528498],[4.97354161479266,47.25433765536864],[4.973483708599005,47.25429514496425],[4.9734755429846365,47.25428889012349],[4.973428522176475,47.25425105732864],[4.973381802236574,47.25419619923044],[4.973353445694339,47.25418398424525],[4.973307743476316,47.25416404966408],[4.973252563700466,47.2541525613018],[4.973234857766001,47.25415304272653],[4.972946520178778,47.25414588203017],[4.972936857595512,47.25414568622646],[4.972862914257173,47.25415270780594]]],[[[4.977622489454578,47.253404688542645],[4.977439063544955,47.25343411263437],[4.977256896588181,47.25346540609592],[4.977075212030518,47.25349903244354],[4.976964118105057,47.25352082858094],[4.97701046562176,47.25364818504618],[4.977016113927104,47.25366150677102],[4.977039487708256,47.253725226610825],[4.977050961953031,47.25384300157397],[4.9770634405150895,47.25395571638875],[4.9770749777573435,47.25407520129013],[4.9770870333917525,47.254187202873894],[4.977095970874398,47.2542683691383],[4.9771084396984095,47.25438081393677],[4.977121523613094,47.25449919179748],[4.977134377255218,47.2546328827367],[4.977156839955923,47.25485520293195],[4.978472291434012,47.25464095035682],[4.978495703806856,47.25470565984937],[4.978506740648019,47.2547359998018],[4.978510385819098,47.25473800884375],[4.978520943302624,47.25476610562637],[4.978517040711968,47.254767883241186],[4.978541692547475,47.25483392238247],[4.978578789677838,47.254936220986664],[4.978266022971812,47.25500936808288],[4.978289806245754,47.25508415731351],[4.978068198080444,47.25513287486673],[4.9780269830028985,47.25501569742451],[4.977956168636637,47.25481662557576],[4.9772979580302925,47.254916014400074],[4.977164320545883,47.25493990611569],[4.977172214975322,47.255035858972136],[4.977183615068193,47.25517317682071],[4.977194818009192,47.25532670771606],[4.977216213621703,47.255595513824],[4.977234611838813,47.25576125937647],[4.9772471004403425,47.25586343762983],[4.977266251594522,47.2559202051936],[4.977395661136471,47.256223551064586],[4.977461556274482,47.25635363575207],[4.977510320903814,47.2564495219329],[4.9775229537448125,47.25648010489777],[4.977615353819104,47.256705014410215],[4.977704198788273,47.256930344691135],[4.977800088409457,47.25717455609314],[4.9778222641585295,47.25722721954423],[4.9778847116336,47.257360604718535],[4.978044141289507,47.257692345025234],[4.978105213745475,47.25780990406376],[4.978150201168611,47.257878568099315],[4.979460384521897,47.25759478403023],[4.980499226199383,47.257367490602185],[4.980504128226035,47.25734975631995],[4.980505847724769,47.2573318062317],[4.9805039914431415,47.257313737108056],[4.98049896922144,47.257295902164564],[4.980495904707232,47.257288119817886],[4.980446486760374,47.25719620834918],[4.9802543228644565,47.25685953678683],[4.980247242988911,47.25685047219722],[4.9801793363878435,47.25676292877483],[4.979986955872162,47.25649569201196],[4.979983732342134,47.25648358978004],[4.979906177834412,47.25617719987808],[4.979893989999445,47.2561479603573],[4.9798782530003995,47.25611932175865],[4.979863967599692,47.25609777263054],[4.979814702242015,47.25602071717374],[4.979753174304022,47.25592315866439],[4.979738402942356,47.255899186362605],[4.979606053403992,47.25568873862301],[4.979452234216964,47.25544479697344],[4.979369245808233,47.255303208033325],[4.97934424487173,47.25526004871223],[4.979262979131227,47.25512212249952],[4.979227838004769,47.25506220610453],[4.979192693642732,47.255002199700094],[4.979135490330306,47.254903486398526],[4.9791152164122146,47.25480549356076],[4.979159708831721,47.25479608896516],[4.978965421272698,47.254336617912806],[4.978888717997238,47.254128551594704],[4.978817107673674,47.25388635791095],[4.97881349464315,47.253874442396146],[4.9790204125573485,47.25383642028425],[4.979023912970322,47.25384527588125],[4.9788371228253325,47.25388034293125],[4.978899494537275,47.25409792944374],[4.978984181726995,47.25433962971902],[4.979043259672433,47.25448928163207],[4.979106283587348,47.25463832583723],[4.979175065058806,47.25479285507388],[4.979383193492128,47.25473373910255],[4.979500992706175,47.25470002914857],[4.979535544639472,47.25469007367459],[4.979619571618963,47.25466594554465],[4.979728022337915,47.25463698770916],[4.979909162093183,47.254588507658895],[4.9801260793670705,47.254531041329464],[4.980142875785063,47.2545238203388],[4.980384350076748,47.25442207786243],[4.980719936034389,47.254279193557025],[4.980794162751781,47.25424757737387],[4.980804589551189,47.25422902823858],[4.980805204435719,47.25418110901098],[4.980733020145475,47.253686684907734],[4.980690091222307,47.253210852388854],[4.980655441337242,47.252916607398596],[4.980607821807355,47.252571883490056],[4.980520220871514,47.25255275747279],[4.9804449935788995,47.25254638782459],[4.9803347948171,47.25253854418786],[4.980288083065221,47.25254150329189],[4.980104431507623,47.25255391532662],[4.9800434887862615,47.25256909454706],[4.979870307026821,47.25265030879558],[4.979797118261099,47.25269928713845],[4.979689803307666,47.25280207002578],[4.979519901220678,47.25294005179957],[4.979512102998902,47.25294378709373],[4.979437190301811,47.2529782959294],[4.979361869878093,47.25300173503368],[4.9791533950327125,47.253065629895964],[4.979125773778473,47.25307699789759],[4.979041967031867,47.253099861209],[4.978609322599934,47.25323250994307],[4.9785364194825465,47.25324618141882],[4.97815689433589,47.25331641514252],[4.977940090731674,47.25335532481377],[4.977622489454578,47.253404688542645]]],[[[4.967989473259437,47.252968289892785],[4.967982738646077,47.25296858430595],[4.9679409930675105,47.252966321068946],[4.967941934422967,47.25297035750691],[4.967942885663417,47.25297466393809],[4.967943892918229,47.252980500330935],[4.967934428641894,47.25298210182181],[4.967924964364996,47.25298370331192],[4.967894608592467,47.2529890814148],[4.967892635769368,47.25298938505868],[4.967730612619945,47.253018250375526],[4.967730206194377,47.25301798711188],[4.967730186426788,47.253017447125366],[4.967720306109705,47.252986005965184],[4.96759796173749,47.253000419507245],[4.967508979928229,47.25301210551509],[4.967492400940867,47.253014458072684],[4.9674079198147965,47.25302624773903],[4.967401344142703,47.25302365770449],[4.967340765045105,47.253030809232065],[4.967228532936575,47.25303964758376],[4.96722869476108,47.253040455321006],[4.967239499636335,47.25307548297706],[4.96723556056392,47.25307627023807],[4.967231618197624,47.253076967501165],[4.967017223137246,47.253116806364474],[4.966991146833567,47.25311986028781],[4.966822218296657,47.25313353234631],[4.966816673284436,47.25313380651232],[4.966639383857094,47.25312501666604],[4.966606748817267,47.25312232826078],[4.966538444695762,47.25312078513351],[4.966381057725562,47.25311733071755],[4.966154200369974,47.25313468580816],[4.965883849595438,47.253192401463316],[4.965620173124562,47.253251804403774],[4.965516031313071,47.25327212084783],[4.965615773470629,47.253702957394445],[4.965426822704991,47.253961282124706],[4.965780303302796,47.25408973989867],[4.965749806981637,47.25412384689382],[4.96582844427456,47.25415835503175],[4.966301711498882,47.25436141593021],[4.966260865492639,47.25439461792456],[4.966339057924988,47.25444948537552],[4.966388662117803,47.25448214409577],[4.966594515227798,47.25460995104083],[4.966624325433466,47.25458963365949],[4.96677472808155,47.25466596957384],[4.966911578556353,47.25471894114791],[4.967108399981572,47.2547842231184],[4.967167010436411,47.254813576850204],[4.967341642635605,47.254901388057505],[4.967206817203472,47.25501219008149],[4.967229987474473,47.25502728619884],[4.967474206961148,47.25519496481625],[4.967412114911677,47.255233120434056],[4.967293691170844,47.255304200779435],[4.967473595312184,47.25542758356969],[4.967563531220166,47.255488824869545],[4.967326525854456,47.25561585939571],[4.967456755020373,47.255769712625124],[4.967504474659478,47.25582671731869],[4.967532613336147,47.25589080826146],[4.967674954836009,47.256050309208575],[4.967916165511223,47.25631988855049],[4.968104046332061,47.25653093722906],[4.968111523981093,47.25654008582773],[4.968127012079599,47.256551259750374],[4.9683345420799006,47.25648614053963],[4.968405276606858,47.25661893950395],[4.96855789025078,47.256571231906044],[4.968530828672336,47.25666660776426],[4.968415132954418,47.25670387279318],[4.968550118950002,47.25700911413688],[4.968567881453218,47.25704987700586],[4.968618916450495,47.25708899436663],[4.968655994112861,47.257072065201726],[4.968757926588142,47.25721153856851],[4.968859099412684,47.25735192528038],[4.968903551920545,47.25735216110159],[4.9689157080485025,47.25748901617974],[4.9689335156997565,47.257585161147844],[4.968909043419974,47.25758872854755],[4.968828763960993,47.25750958375808],[4.968751401225195,47.25752089319165],[4.968787942385316,47.25773847248104],[4.9688087293529035,47.25785095661291],[4.968871414937801,47.25785061272284],[4.9688752954105295,47.25788071476534],[4.968912562119373,47.25816140918864],[4.968942682292088,47.25838783260413],[4.969162022276984,47.25837411219828],[4.969279646594915,47.25827026420197],[4.969331384798583,47.258133584846895],[4.969443210017593,47.25783901170927],[4.9694880753077495,47.25772054973734],[4.9695031674931265,47.25768841445185],[4.9695602101041,47.257577400165985],[4.969558683143016,47.25744909979073],[4.9695564372369105,47.25725786418232],[4.969532971051535,47.25711561791143],[4.9695291125223005,47.25709695230652],[4.969472004711909,47.256989587821145],[4.969448982368744,47.25688110407468],[4.969431451033696,47.25679251895411],[4.969391769931087,47.25659759652863],[4.96938924628568,47.25658287060268],[4.969377844161908,47.256509940745936],[4.969369617900933,47.25643704700221],[4.969452320218261,47.25620330411549],[4.969475852041414,47.25613077150543],[4.969539659391271,47.2559120281757],[4.969546789288866,47.255673445104335],[4.969548756430019,47.25566215498928],[4.96957750171538,47.2556019611829],[4.96960452878013,47.25553819440757],[4.969620641653883,47.25541481740535],[4.969624013621293,47.25539855047515],[4.96962418343363,47.25538152745466],[4.969621184073,47.25536464831996],[4.969583011263056,47.25520004830969],[4.969582629261645,47.25474564411243],[4.969546025900527,47.25472132099303],[4.9686688341102,47.25417248169171],[4.968501740039392,47.25411714390552],[4.968043906635528,47.25396732176254],[4.9676288103512105,47.25384676048422],[4.967568358395405,47.25383211697781],[4.967408748995149,47.25379691270431],[4.9672526527344525,47.25376011769771],[4.967098060536064,47.25372104562728],[4.967033957606856,47.25370421244467],[4.966691072322836,47.2536159227698],[4.966357309797402,47.253592586142716],[4.966309599148866,47.25358997320325],[4.966199010350059,47.25358230285808],[4.966089138961625,47.25357254901065],[4.965979575283141,47.25356035839545],[4.965966080692267,47.25350601472338],[4.966177892278169,47.25352565703338],[4.966695745667046,47.25355928983475],[4.966799508127383,47.25358643702554],[4.967270844326408,47.25370424596713],[4.967283321738017,47.25370907727169],[4.967515771117761,47.25376132663212],[4.967649830126138,47.253792281555086],[4.968086193537374,47.25391932585665],[4.968142828538022,47.25393808629925],[4.968713922834701,47.25412515841285],[4.969023514932645,47.25432261227703],[4.969495228323651,47.25462366512292],[4.969554172979547,47.25466210741193],[4.969584678749114,47.25464997231949],[4.969579449339967,47.254626377035386],[4.96956061096054,47.25448044988354],[4.969557359375897,47.254348396391144],[4.969565910366961,47.25432186541955],[4.9696056503216495,47.25424770659279],[4.969679260011519,47.25411245633413],[4.969702739432996,47.25401687074438],[4.969730759681063,47.25391526446374],[4.969731500009295,47.25391381102836],[4.969741275981512,47.253899056260046],[4.969754263908125,47.253885327570856],[4.9697696805859595,47.253872908425784],[4.9697754869861255,47.253868937478],[4.969815450804838,47.25384421422915],[4.969857070038834,47.253821353969755],[4.969896361971615,47.253810780535865],[4.969678414110134,47.2537536968271],[4.969668368520674,47.25375026532581],[4.969640716572046,47.25374281032552],[4.9696119541376085,47.25373753547073],[4.969371720993398,47.253721984278265],[4.969171380347438,47.253668923153725],[4.968872190931506,47.25358205906739],[4.968525513671977,47.25348780556718],[4.9685573126416775,47.25342431818523],[4.9686698887656,47.25345374552905],[4.969205268408549,47.25362998476382],[4.969390785042139,47.2536791551427],[4.969625981616888,47.25369803378093],[4.969685257534046,47.25371305641502],[4.969995377498655,47.25379495987904],[4.970090548828959,47.25379334288355],[4.970090545530362,47.253793252885885],[4.970023882336991,47.25374989899844],[4.96998243183653,47.25372322691918],[4.969908191558182,47.253678831002354],[4.9697434999512975,47.25358076872999],[4.969623289346169,47.25350905680994],[4.969470786633013,47.25344401692343],[4.969432084472943,47.253394874600524],[4.9692768484186445,47.253302144353945],[4.969225965833135,47.25329598434001],[4.969085029520857,47.25327586442005],[4.968345696549622,47.253059681279204],[4.968119634387389,47.25296869216282],[4.967989473259437,47.252968289892785]]],[[[4.975309262889095,47.25701295156968],[4.975351551170748,47.2571378561477],[4.975381611022466,47.25723235075593],[4.975433464059419,47.25736915955934],[4.975520627924728,47.257570565665254],[4.975565818097271,47.25767722986469],[4.975613123652329,47.25778746015354],[4.97567923559691,47.25785873696341],[4.975644082940294,47.25787401463273],[4.975702617059876,47.25794424983687],[4.975745430906387,47.25802943161286],[4.975792223905788,47.25811490578828],[4.975827592795862,47.25821345227844],[4.975888112221931,47.258326879339954],[4.975909154117434,47.25832715117423],[4.975933001850423,47.25832818567735],[4.976019208109687,47.258319962687295],[4.976345581734532,47.25828171117158],[4.976369690350528,47.25827904893602],[4.976539544353313,47.2582577829457],[4.976708922203785,47.25823436353139],[4.976931470590671,47.25830792581783],[4.9770256678447815,47.258301186810286],[4.977428391698141,47.258256497436754],[4.978213271629048,47.258168996248735],[4.97811211796806,47.25809453633737],[4.978094680001899,47.25807358111249],[4.9780531813043964,47.25799188980445],[4.977958053435652,47.257800797384796],[4.977887445251124,47.25766133774643],[4.977863654001973,47.257618697837835],[4.9778168018410645,47.25753169452704],[4.977719052770814,47.257355595541384],[4.977700962876056,47.25727377501399],[4.977696587338808,47.257273489424875],[4.977657971830242,47.257194630517795],[4.977585313769028,47.25702098520611],[4.9775518540083965,47.2569420383332],[4.977444960603915,47.25668990953818],[4.977430199234271,47.256655400498005],[4.977318603731027,47.25639407622031],[4.977250272496148,47.25625169562574],[4.977116499605388,47.25596994687064],[4.9770617245549085,47.255764567497856],[4.977068852594055,47.2557102335572],[4.977019878537371,47.255360488991116],[4.9770236328553175,47.25531152574316],[4.977025911534518,47.255287172353526],[4.977025017754326,47.255262873054455],[4.977022921740689,47.255249040499535],[4.976996272037003,47.25496681584145],[4.976981824482859,47.25481135905121],[4.976956785919021,47.25455135017781],[4.976934242750375,47.254294450616214],[4.976926005266232,47.25419994443525],[4.976910646552782,47.25399812537866],[4.9769051273679485,47.2539343712711],[4.976901856384578,47.25388858960948],[4.976895019796395,47.253842958792646],[4.9768850174687636,47.25379756205652],[4.976883579581996,47.25379083252955],[4.976851389363719,47.25367079918229],[4.976830232276404,47.25359182240599],[4.975745067361505,47.253787904509586],[4.974670621985728,47.25402755991165],[4.974635197131287,47.254035367504834],[4.974620997430866,47.25403768056142],[4.974608066722757,47.254042133297425],[4.974597188184293,47.2540484422146],[4.974588751751356,47.25405642056544],[4.974583134136092,47.254065521612375],[4.974580708745383,47.254075108620185],[4.974581865517387,47.25408499484102],[4.974584905849943,47.25409214737128],[4.974600325731855,47.25413384985709],[4.974674993295337,47.25434096280473],[4.974680912212626,47.25436166443494],[4.974697176205977,47.25446954207997],[4.974684801091377,47.25467273410431],[4.974681966742142,47.25472519368449],[4.974675808895393,47.25482759966509],[4.974701037540765,47.2548878662754],[4.9747266396528325,47.254947496142904],[4.974779351498579,47.25493498148777],[4.974802435974761,47.255012484867386],[4.9746914371917015,47.25503697873882],[4.974717009820699,47.25510660507819],[4.974764705071918,47.25523835197578],[4.9747844646374855,47.25529015659556],[4.974726719532618,47.25530608895306],[4.974797934754744,47.25546238017234],[4.974861562254568,47.25544454652204],[4.974894045199641,47.255507841415124],[4.974845737958267,47.255521451793655],[4.97491625607881,47.25565875346445],[4.975077472794132,47.25584539062325],[4.975126215581156,47.255919214944804],[4.975195177520857,47.25602493408086],[4.9751877114407,47.25611331394709],[4.975166626596964,47.256317014489895],[4.9751473124632914,47.2565041149587],[4.975266349695626,47.25687103746206],[4.975314401765182,47.25701241376138],[4.975309262889095,47.25701295156968]]],[[[4.974263085870938,47.25896386025243],[4.974612767638287,47.25894421820316],[4.974893116317987,47.258927647023185],[4.9748451084997125,47.258722692012164],[4.975027387552968,47.2587047287653],[4.975146247835723,47.258742778183944],[4.9751683335523476,47.25883623791938],[4.975181171297902,47.25889401381273],[4.975223004325308,47.25900649871296],[4.975448389571323,47.2589844685831],[4.975726351661376,47.25895694949657],[4.975960824846899,47.258933862988364],[4.975999970891898,47.25893004406366],[4.975966210710049,47.2588321006047],[4.975941874070678,47.258763804331494],[4.975904345886591,47.25864971539271],[4.97586273580326,47.258521737668374],[4.975858898135103,47.25850370226586],[4.975834663905126,47.258427389442005],[4.975807270336939,47.25835149065756],[4.975800686415657,47.25833431252808],[4.97575952429947,47.258240097264526],[4.9757314572927545,47.25817825831186],[4.9757047057996715,47.25811981897927],[4.9753022461446355,47.2581717021581],[4.975042622855806,47.25819062301719],[4.975028008683752,47.25818168645034],[4.974978626788406,47.258133718414086],[4.974960142760517,47.258127459305285],[4.974169246539775,47.25820252336688],[4.9739695988673995,47.258244555120704],[4.9738386582038885,47.258244892897174],[4.973839576920584,47.25823749286005],[4.973882840443963,47.25823774702409],[4.973962212534192,47.25823792683278],[4.974159014714347,47.258194052407404],[4.974950637841771,47.258117174959615],[4.974962132003691,47.25811679909108],[4.974973708841377,47.258118673155394],[4.974983778735159,47.25812273417264],[4.974985398119805,47.258123607128766],[4.975038455050527,47.25817439428683],[4.975044146055691,47.25817807961193],[4.975051747198585,47.25817975122198],[4.975053340128659,47.25817990419831],[4.975314893333974,47.2581595095801],[4.975697134007779,47.2581081509505],[4.97564392564965,47.25799928202239],[4.9755890088021415,47.25788711018887],[4.975536788444826,47.25776192465498],[4.975493148172052,47.257654243452464],[4.975474758709906,47.257607368589404],[4.975415026079421,47.25745052201179],[4.975376029754576,47.2573504162143],[4.975352762212775,47.257289576047874],[4.975333394629027,47.25723767481349],[4.97529886971079,47.25712965814218],[4.975282281539588,47.25707779960519],[4.975265300137454,47.25702603781746],[4.975250979319738,47.25698188527292],[4.975215159187861,47.25687100891475],[4.9751981283056805,47.256817897151905],[4.975174831123683,47.25674544051672],[4.975141556072876,47.25663902346555],[4.975130699031882,47.25660273663208],[4.975121947798214,47.2565913588155],[4.975110460284449,47.25658110825078],[4.975096656208529,47.256572608164255],[4.975080535570206,47.25656585855511],[4.975063304605197,47.256561289145566],[4.975044960004627,47.2565588099377],[4.9750409844137105,47.256558607491165],[4.974990207305389,47.25655902207707],[4.97493991274228,47.25656176981936],[4.974918554340034,47.256563664501236],[4.974554225100545,47.25658382734164],[4.9744247097647,47.256601251785284],[4.9742964633868985,47.25662081576651],[4.974179733906714,47.256640633796586],[4.9739428311158,47.25667294372021],[4.973792419570125,47.25670486159704],[4.9736498565968486,47.256723587902826],[4.973616753048611,47.25672982472105],[4.973582373867096,47.25673374184482],[4.973576045294958,47.25673429982511],[4.973558298851907,47.25673730347717],[4.973540069920008,47.256737973942215],[4.973521761679134,47.25673648446555],[4.9735045638368565,47.25673281479925],[4.973493327741213,47.25672940388131],[4.973443532029997,47.256713321259134],[4.973394853358436,47.25669523842464],[4.973387199608262,47.25669212674572],[4.973142227004088,47.256612725679965],[4.9729887690775705,47.25657247129518],[4.972834194353573,47.25653421689226],[4.972676116810104,47.25649782295078],[4.972508977211572,47.25649562323819],[4.972212426020309,47.25656775740007],[4.972396098504349,47.25689071762346],[4.972550077412133,47.257172217669634],[4.972579937483083,47.257261403152505],[4.972609764622783,47.25734968864993],[4.972634386651076,47.25744751831769],[4.9726547558522105,47.25752677922254],[4.972669884150837,47.25758217501217],[4.972671711580107,47.257588717839795],[4.972692091184693,47.257646635846875],[4.972768568450191,47.25778419749821],[4.9727827758266105,47.25778206466678],[4.972878991479968,47.25803572978312],[4.972896645890074,47.25803020630876],[4.972934686359382,47.2581260065312],[4.97292018473087,47.25813093604821],[4.972951156399063,47.258217941221325],[4.972992710553244,47.25827973142451],[4.973019571759899,47.25831961841748],[4.973023775434611,47.25832603075433],[4.973039608542387,47.25835737017981],[4.9730400877182515,47.258359613367254],[4.973051773086272,47.25840768328306],[4.973067487060826,47.25845739566938],[4.973126648980922,47.25859885383805],[4.973177417071891,47.258717040863175],[4.973208776254295,47.258792962772105],[4.973293002264717,47.2590550263998],[4.973417302084587,47.259057503893835],[4.973704578776281,47.25906747357381],[4.973709939226871,47.25900812705914],[4.973698398596221,47.25900724284036],[4.973697126207375,47.25899420672245],[4.9738939513510445,47.25898329204586],[4.974263085870938,47.25896386025243]]],[[[4.969337841399102,47.25917620471577],[4.969466699256264,47.259129800046715],[4.969596822505987,47.2590854449678],[4.969908156087052,47.258983078928985],[4.9701717158810546,47.25914718157643],[4.970196964075777,47.25916476331529],[4.970326475639994,47.25927693080646],[4.970426535264608,47.259375910471],[4.970435876571524,47.259403398171465],[4.970615151802412,47.25927094489658],[4.970645630853196,47.25924719313791],[4.9706106535595875,47.25886686111712],[4.970610237787539,47.25885552143749],[4.970596746011047,47.258704010504246],[4.970592549810491,47.25868697164031],[4.970547268419728,47.25859921849346],[4.970508170808291,47.25850694762487],[4.970487819626886,47.25844974923384],[4.970438463199535,47.25831577776544],[4.970434025573133,47.25830297551363],[4.970422295727741,47.2582644518042],[4.970414125219614,47.25822559745194],[4.97047873867608,47.258212882605164],[4.970530881073295,47.258347076880455],[4.970658191836211,47.2586698266021],[4.970678339626776,47.25888381162616],[4.970701773394715,47.259144118353895],[4.970724861216545,47.25914606738142],[4.970724258854276,47.25916210714577],[4.9707888562872835,47.2591597485768],[4.970791895827512,47.25917770762489],[4.971443012480963,47.259153672300656],[4.971364462641675,47.25937068590427],[4.97121394418383,47.259811084845055],[4.971039062200249,47.260052519132266],[4.970673428706889,47.26025423932574],[4.970635141382159,47.26030315862968],[4.970737750193783,47.2604283002705],[4.9707735741097405,47.260463712857565],[4.9708180670936795,47.26049744719522],[4.97086364431413,47.26052828137808],[4.970897747229979,47.26054922456655],[4.970947581494397,47.26057710465509],[4.970999336086984,47.26060324106796],[4.971075351973834,47.26064166263102],[4.971152601175488,47.26067042745939],[4.971197214386234,47.26068578870166],[4.971214373724841,47.26068837873578],[4.971298220463076,47.26070226255078],[4.971381743272551,47.26071813298922],[4.971463765572808,47.26073637026824],[4.971499511803993,47.26074800983785],[4.971534943988316,47.26076190607302],[4.971762534841972,47.26086465991863],[4.971844368556604,47.260899379929356],[4.971893542872751,47.260920066563344],[4.971911264023381,47.26092714961767],[4.971939527918556,47.260940357141216],[4.9719658781744,47.2609554883222],[4.971972785480313,47.26095987354053],[4.9719895149878495,47.26097237665548],[4.972003521138957,47.2609863669346],[4.972014784119106,47.261001304394824],[4.972017351948983,47.26100639377793],[4.972029556414745,47.26103617405329],[4.972040458490079,47.26107372107516],[4.972032192017927,47.261205339744514],[4.971967125987323,47.26153027849834],[4.971848446424587,47.26170276773504],[4.971983550140158,47.26169668819],[4.972378142857631,47.26167836074628],[4.972448621745897,47.26172804223989],[4.972553458362445,47.26185962827963],[4.973139666763426,47.26173141548997],[4.973269368860316,47.261880858696024],[4.973313114735522,47.261850936991806],[4.97337901767941,47.26180839095855],[4.973447359637228,47.26176742434341],[4.973517744004118,47.26172804389152],[4.973541199921399,47.26171836920979],[4.973574111560516,47.26170682258672],[4.973609082225106,47.261697312143184],[4.9736445288030655,47.26168995487375],[4.97368086112379,47.26168510401719],[4.97371691251336,47.26168340980359],[4.973709859450675,47.26158861343252],[4.973709069547309,47.26158871692977],[4.973704812610076,47.26153763897952],[4.973681217913647,47.26141385673442],[4.973665340557017,47.2613489282001],[4.973651581754948,47.26130926864898],[4.9736315864148,47.2612510741541],[4.973965362907482,47.26120856126094],[4.974167626101528,47.26118341529387],[4.974421592556574,47.26115054462442],[4.974625002134749,47.26112420763744],[4.974610783642193,47.261104457850855],[4.974564588952296,47.26106769208102],[4.974482253624668,47.2609977715543],[4.974408746037311,47.26091968590511],[4.974330692302311,47.26094469888749],[4.9743284348963535,47.26093726287416],[4.974270727630494,47.260759939269],[4.974236305070099,47.26065471235011],[4.974211382252864,47.26065684765936],[4.974200105289972,47.26061993756799],[4.973588436801347,47.260681229268506],[4.973587375911423,47.26067395298582],[4.9735706462697316,47.26056419225957],[4.973578558374774,47.26056351728493],[4.973565008110651,47.26048630183313],[4.9735482587237225,47.26038680753916],[4.973546563305034,47.260373058197715],[4.973554855453541,47.26037192648861],[4.973841411956682,47.26034048355856],[4.974025590554596,47.26032005821807],[4.974236231759745,47.26029621030629],[4.974227628532567,47.2602564630332],[4.9744518990769695,47.260236345049485],[4.974734690106213,47.26021045727144],[4.975022223451558,47.26018403776345],[4.975323990879135,47.26015620437995],[4.975327927252934,47.25995018469037],[4.975477164542653,47.259940077985775],[4.975447087971359,47.25979119136515],[4.975406705177458,47.2597937704073],[4.975311335178621,47.25980106834617],[4.975123381162378,47.2598158866966],[4.974822653198101,47.259839559424705],[4.974402868341834,47.2598739036401],[4.974368671484123,47.259818022261484],[4.974531776046967,47.259807320453696],[4.974528866241603,47.25971731638772],[4.974187336020979,47.25974294296352],[4.973642813761602,47.259784540974955],[4.973663300964946,47.25968324221938],[4.973721705369746,47.259598678445194],[4.9736624714111,47.25959581430093],[4.97359648552212,47.25959279487801],[4.973537747580046,47.259462946663916],[4.973631283000284,47.259448927380106],[4.973656152401929,47.25944535223686],[4.973690880326083,47.259440078385296],[4.973689340218659,47.25940894605237],[4.973686312888484,47.259348121342924],[4.97368321286941,47.25930692955494],[4.973391783978369,47.25929198745995],[4.973215557195516,47.25928030752607],[4.97314395011222,47.259275492376865],[4.973060799061318,47.25926970290393],[4.972885157008672,47.25928475843543],[4.972883085337305,47.25924994294454],[4.972728320378624,47.259260770749115],[4.972486557173479,47.259279922262095],[4.972244304737401,47.25929656008892],[4.9716860509803595,47.25932073201623],[4.9716835211617045,47.259273406864196],[4.9717205919863146,47.25927790960468],[4.9718239131030915,47.259271019730356],[4.972418232591329,47.2592456033144],[4.972833836351276,47.259216380343695],[4.972882914012725,47.259212843782734],[4.973185152887628,47.2591979755758],[4.973221913452424,47.259161598784864],[4.973186575241337,47.259052965083235],[4.973228081258543,47.259048566620706],[4.973212171930143,47.25900435085631],[4.973195872651219,47.25896032183196],[4.9731817215263066,47.258920758932675],[4.973156555567644,47.2588513956053],[4.973016288308575,47.25846799259279],[4.97298951319309,47.25840883266153],[4.972960642909133,47.258346646548034],[4.972948339004916,47.258346585725945],[4.972908827661889,47.25825396241503],[4.9728720890484865,47.25817200829715],[4.972859131250351,47.25814332153942],[4.972796946564668,47.25800596706773],[4.972727366343255,47.25785090775661],[4.972722168089239,47.25783901905759],[4.972715677707237,47.25782436067764],[4.972627217783247,47.257663048571075],[4.972616867601008,47.257640531126185],[4.972524971542587,47.25730988649632],[4.972508908302177,47.25725063428271],[4.9724859582840395,47.257176730414706],[4.972441120943778,47.25710112761222],[4.972401270462406,47.25703165366941],[4.972329348756454,47.25691004383286],[4.972299204196513,47.256856344261706],[4.972163669850994,47.256623249214556],[4.972162790857143,47.256620922769144],[4.9721512876915845,47.25659941547991],[4.972137031678219,47.25657858538426],[4.972020146602903,47.25647521047319],[4.97181387176003,47.2563040142215],[4.971797084317166,47.2562898911025],[4.971425616006425,47.25602883791442],[4.97138747317163,47.255951770089105],[4.971351818748133,47.255877631716146],[4.9713265500154336,47.255827000880565],[4.971273224038796,47.25571461994351],[4.971187040046734,47.25552859333771],[4.9711589764147535,47.25546666321387],[4.971132026107934,47.25541344936332],[4.970956555992663,47.2552056164456],[4.970818517337725,47.25508792116993],[4.970662624673603,47.25502438126761],[4.970256058270808,47.254985362909736],[4.969934235272346,47.254865836346745],[4.969687011395202,47.25480042471628],[4.9696427580627445,47.254816395504804],[4.969648935469851,47.255201540061705],[4.969690600065796,47.25538562237756],[4.969658291330792,47.25564093290423],[4.969640207172863,47.255743000678315],[4.9696132906054675,47.255874756056755],[4.969583181610149,47.25600602532372],[4.969549493493293,47.256137085205346],[4.969533313481217,47.2561828370951],[4.969436273249543,47.25644762189477],[4.969458290276963,47.25660448150735],[4.969526218682339,47.25695300580268],[4.969532112819508,47.25697307769105],[4.969592709909108,47.25708902802496],[4.969644706613869,47.25736010659158],[4.969656331858063,47.257417453351145],[4.969667269517899,47.25747769350169],[4.969685310177156,47.257569331742076],[4.969621312362578,47.25757717281136],[4.9695583855517915,47.25771170099388],[4.969529088351367,47.25780018091096],[4.96945269864414,47.2580438123959],[4.969335041662669,47.2582767078397],[4.969326480905038,47.258292162322945],[4.969199496953998,47.258400491876934],[4.969210558710959,47.25847495838822],[4.968941946390747,47.258866029149964],[4.968998995739696,47.25889594882774],[4.969000826608101,47.25901091603843],[4.969181805824341,47.259000728700876],[4.969175840546236,47.25923866124557],[4.969210645510411,47.25922465224446],[4.969337841399102,47.25917620471577]]],[[[4.975893234522045,47.25840144657751],[4.975917710016865,47.25839796770264],[4.975923670020098,47.25843055563982],[4.976914196532145,47.25831299315829],[4.976822703875525,47.25828537549731],[4.976698694507509,47.25824759566737],[4.976071741945991,47.258324110482256],[4.975954738108902,47.258336550504985],[4.975907598029018,47.258338794616826],[4.9758869361660665,47.25833806603821],[4.975893234522045,47.25840144657751]]],[[[4.97698647383159,47.26061236262433],[4.977001029399499,47.26061967898589],[4.977004255142443,47.260621064851186],[4.977022717091418,47.26062669364749],[4.977041892782105,47.260630148985015],[4.977061378994173,47.260631257630436],[4.977106164631108,47.26062968360188],[4.977134246851334,47.26062713358813],[4.977319681192048,47.26060848267835],[4.977359734133353,47.26060770967752],[4.9773720617385235,47.260608400011996],[4.977383285646166,47.26061145056005],[4.9774351221114586,47.260628937607045],[4.977488065615891,47.26064415441209],[4.977536914033262,47.2606559289332],[4.9776986212629115,47.26062876671508],[4.977678744328197,47.2605739027982],[4.97789749643157,47.26052244353284],[4.977920703484053,47.26051682459866],[4.977905769384783,47.26048844224537],[4.977920310937451,47.26048459207594],[4.977913412286805,47.26046967077527],[4.977925976621438,47.26045522799402],[4.977944044463618,47.26045014697828],[4.977928690590555,47.2604211414113],[4.9778775339828885,47.2604329104357],[4.977866021091163,47.260411223751845],[4.977914371707173,47.26039869210834],[4.977871321543606,47.260318017838166],[4.977973938373316,47.26029195308506],[4.978078238777796,47.26048414966793],[4.978083347507472,47.26051513104734],[4.978141459176966,47.26051981317196],[4.978512980114581,47.260403249422],[4.978457447164402,47.26029613242995],[4.978356859449909,47.26005389300929],[4.978324050715973,47.25997115304122],[4.978314188926445,47.25997276214045],[4.978293658911224,47.25997563387894],[4.978286888485436,47.25995341605866],[4.9783502958177035,47.25994026714657],[4.978380618027828,47.259933896352806],[4.978365134866479,47.25990138094684],[4.978356124012129,47.25988298360782],[4.978343209254059,47.25985555744335],[4.978310520857068,47.259786863794474],[4.978269374034244,47.25970399589054],[4.97825460136983,47.25966921700539],[4.978249811557495,47.25965768178612],[4.978196713918896,47.25953044113396],[4.97815375436815,47.2594630032971],[4.978066303126214,47.25934040101766],[4.978040330205888,47.25930320159715],[4.97811066912983,47.25927354478507],[4.978368986586285,47.25916512599666],[4.978564377178958,47.25908290529376],[4.978777355027472,47.258993359947226],[4.978895360666241,47.25894343763149],[4.9789195843728065,47.258933118335314],[4.97888009302436,47.25888444279549],[4.978955299291828,47.25885767416222],[4.978931937448074,47.25882673413196],[4.979045128331743,47.25878616935657],[4.979022926390696,47.25875439906399],[4.97895743638852,47.258678610788536],[4.978939717301264,47.25866081236652],[4.978933149971539,47.2586548908383],[4.978908956358385,47.25863369080517],[4.978815035413404,47.258561719620126],[4.9786690512851015,47.25846605205998],[4.978619845789235,47.25843375186686],[4.978397846797281,47.25828895086695],[4.978234321020922,47.25818025409296],[4.977645789134483,47.258243964764844],[4.977028031448756,47.25831150269242],[4.977017360213206,47.25831267521868],[4.976964803808673,47.25831870430762],[4.976912723419224,47.25832688654688],[4.975905193303796,47.2584460895493],[4.975922675376681,47.25851144080902],[4.9759404742050855,47.2585638189356],[4.9761973294765305,47.25931139021773],[4.976045196008837,47.259329021690164],[4.976034640360941,47.25933334403052],[4.976026527104076,47.25933933577082],[4.976020846311708,47.25934672691972],[4.976018367997326,47.25935487398073],[4.976018530131587,47.2593592838477],[4.976072068088709,47.25976847592282],[4.976102616896031,47.26001650343248],[4.976129166952454,47.2602636985197],[4.976150338075735,47.26039697734313],[4.976156407140144,47.26042172872369],[4.976168541470363,47.26046033505857],[4.976224427431548,47.2605771728408],[4.976277554001279,47.260694507888275],[4.976287522945034,47.260717391726565],[4.976295342906712,47.26072500307049],[4.976305892721861,47.260731307140546],[4.976318346100911,47.26073541748162],[4.976331919775911,47.26073761760269],[4.976345800693295,47.260737381038055],[4.976359202274976,47.26073490130016],[4.976370944655207,47.260730468658174],[4.9765431830803255,47.26065512999693],[4.976822760256928,47.260584985536255],[4.976877410468846,47.26057108619435],[4.976894751464546,47.26056781880831],[4.976908612473044,47.260567042192996],[4.976920959925782,47.26056827255873],[4.976933796668559,47.26057201608414],[4.976944716641038,47.26057759335773],[4.976948798472201,47.260580675649564],[4.976974234946885,47.26060329574693],[4.97698647383159,47.26061236262433]]],[[[4.979440377086307,47.262072597977166],[4.979314786677519,47.261841322471916],[4.979282310386219,47.261864660343534],[4.979070906112969,47.262029554394005],[4.979018330736834,47.26207827010342],[4.9788859892285275,47.262213267530655],[4.979068847757607,47.26216764177672],[4.979440377086307,47.262072597977166]]],[[[4.977805789379333,47.261966487037036],[4.9776288316020665,47.26198913655138],[4.977655083540668,47.26212016715203],[4.9777046186310345,47.26236624940795],[4.977396824357371,47.26243552613511],[4.977281111706554,47.26246172351158],[4.977310749308047,47.26252299495077],[4.977330966167707,47.2625655157559],[4.97771901486189,47.262487846427355],[4.978363985548314,47.26236049616399],[4.9785341644548105,47.262326164174674],[4.97857191090776,47.26231660487184],[4.978835232089277,47.26223592661801],[4.978884183187776,47.26216421911056],[4.978967015965427,47.262075003316475],[4.97902424793076,47.26202341650215],[4.979098209071804,47.26196271890153],[4.979174996001498,47.26190332382804],[4.979232172361801,47.261861013378045],[4.979186316300007,47.26177966704866],[4.9792458677686335,47.261758748826686],[4.979188921200099,47.2616564291658],[4.97914175294144,47.26157177322504],[4.978754874958275,47.261670229910266],[4.9787513485968615,47.26167146077806],[4.978676518328284,47.26169777249623],[4.9786072106312345,47.261723179457434],[4.978543402324382,47.26174705169171],[4.9783449266720465,47.26181041346907],[4.978266996964253,47.26158003483923],[4.978044603459988,47.26160814287547],[4.9780616494963335,47.261672330531674],[4.978124680581224,47.261918452637346],[4.977995276105845,47.26193921092476],[4.977939289234345,47.26194917120508],[4.9778851826978014,47.26195630772571],[4.977805789379333,47.261966487037036]]],[[[4.976078273968548,47.26267872251109],[4.97611425695046,47.26268594403032],[4.976150150591255,47.262690735615024],[4.9761867580382635,47.262693353739856],[4.9762232761347445,47.262693541929835],[4.976131599442378,47.26241287629287],[4.97605435905449,47.26217942281173],[4.976011469075914,47.262027512828496],[4.975976202290521,47.26191023361363],[4.975964330571782,47.26191115632296],[4.975889963796466,47.2619177365823],[4.975800949033044,47.26192528678686],[4.975747946033489,47.26193006211201],[4.975757519644948,47.261985372003835],[4.97568827554762,47.26199096432058],[4.975733281222454,47.262178859788584],[4.975681537269951,47.262185504753155],[4.975738410390514,47.26242632962447],[4.975769964372582,47.26251818698536],[4.975772674902234,47.26252714616088],[4.9757796393958635,47.26254386752006],[4.975790530301285,47.262559441341566],[4.97579217299346,47.2625609442651],[4.975810929957195,47.26257458299851],[4.975832416887455,47.26258691446761],[4.975882906543494,47.26261090901986],[4.975928041757858,47.26262959156839],[4.976035369902085,47.26266675601907],[4.976078273968548,47.26267872251109]]],[[[4.975762004686013,47.263165267191205],[4.976084718754861,47.26311303098368],[4.9760355809141235,47.26295312269423],[4.975315345254921,47.26304139779186],[4.9752454884503425,47.263051953197326],[4.975287088655459,47.263222796583065],[4.975559853880372,47.26319365581621],[4.975762004686013,47.263165267191205]]],[[[4.978411343590094,47.262989343145556],[4.978405790994179,47.26298943787039],[4.978431495561079,47.2629222696365],[4.978459207287591,47.262866503960424],[4.978496835637884,47.26278904628063],[4.978529793624415,47.26274642896079],[4.978610111371677,47.26264275774263],[4.978648647236918,47.26258995921058],[4.978679746830036,47.262539989150454],[4.978719086990095,47.262465924210076],[4.9787502904315,47.26239722119794],[4.978830877066003,47.26224698747445],[4.978554656581314,47.26233301885029],[4.977821765917111,47.26247609813809],[4.977607500181552,47.26252027629034],[4.977547576330409,47.26253111398656],[4.977374970120333,47.26256422514093],[4.977202843084989,47.26259957920444],[4.977235437196264,47.26268727600639],[4.977276856286667,47.262680446178905],[4.977298057342,47.26276050255124],[4.977335074009273,47.26275266712247],[4.977371122797344,47.26284795953705],[4.9773881636084685,47.26289044442961],[4.9774160536102485,47.262958139439384],[4.9774081743150385,47.262959714646286],[4.977030618467172,47.263031440548346],[4.976931829012629,47.263043030526994],[4.97695635159832,47.26312708273249],[4.976958933255169,47.26318647407129],[4.976956841589615,47.263194344387294],[4.976941578173458,47.26324332355471],[4.976928063399795,47.26335062761124],[4.976949511173956,47.26341582098015],[4.976971638976237,47.263413192430306],[4.977002952670267,47.263530808875444],[4.977061688245432,47.263681817963366],[4.977181685802911,47.26398775532297],[4.97724282818248,47.26418257934471],[4.977249878716108,47.26419083411732],[4.977259669189729,47.264198051586774],[4.977271779801957,47.264203608535055],[4.977285410683587,47.264207338491744],[4.9772997520307385,47.26420880499544],[4.97766923672558,47.26416558288822],[4.977672790579462,47.26417587844228],[4.978392346530617,47.26404725653808],[4.9783977899023775,47.264044191911346],[4.978403530500946,47.26403842060688],[4.978406454988655,47.26403161669991],[4.97833731938089,47.263792262992354],[4.978316416913753,47.263709590162705],[4.978314902884019,47.26366846150493],[4.978315575478681,47.26361126600863],[4.978351621429299,47.26330753073784],[4.978369113225228,47.26316818959334],[4.978371872967267,47.26316769224642],[4.978384265036817,47.26310543391711],[4.978411343590094,47.262989343145556]]],[[[4.971861097915714,47.26409185000914],[4.971759485729982,47.264113119230814],[4.971470827282205,47.264185206406246],[4.97127582515657,47.26423552899947],[4.971386528357011,47.26441879695613],[4.97161094484979,47.2643480723426],[4.971776509231034,47.26463117697404],[4.971842367691436,47.26477117085064],[4.971894870957774,47.26488248463811],[4.97197272281687,47.26487341632722],[4.972145739398305,47.264851202903415],[4.9725149615511395,47.26481142386347],[4.972516475618495,47.264798610533276],[4.97252157608072,47.26477538006706],[4.972545252641287,47.26471761336948],[4.972626656859389,47.26455665419297],[4.972762588680369,47.26427022357087],[4.972774104700573,47.264227162259786],[4.972787816474103,47.264114182154515],[4.972788045473052,47.2640555534922],[4.972786262148495,47.26396372935165],[4.972788501898853,47.26383014204155],[4.972573816794754,47.263873957629315],[4.972269226212531,47.2639552331123],[4.972226450211632,47.26396838793372],[4.971953263725861,47.26407272249335],[4.971861097915714,47.26409185000914]]],[[[4.978507157405195,47.2644708009954],[4.978510407588573,47.26448362320573],[4.978584678484952,47.2646576003383],[4.978651791987124,47.26480963641354],[4.978690362418853,47.26489786120416],[4.9787193820269815,47.26496382560161],[4.978755803844627,47.26504758435045],[4.97883376197606,47.26522465027356],[4.978856785030423,47.26527864977622],[4.9788924625169795,47.265385294776394],[4.978930295641089,47.26549658576478],[4.978966360108816,47.265602953974096],[4.979086627934054,47.26598047731892],[4.979134454025473,47.266125998145526],[4.9791584146679435,47.26616233109242],[4.979189247424661,47.266169729636424],[4.979221461367833,47.26626850891568],[4.979178708429672,47.266282296267114],[4.97925929374414,47.26645517457607],[4.979294652320767,47.26653156689475],[4.979363997269441,47.2666147635613],[4.9794224640538145,47.266693553118024],[4.979429498196858,47.26681986817637],[4.979433445890581,47.266830066899004],[4.979504499710271,47.26693808908056],[4.979535571889755,47.266984296507836],[4.979560286690007,47.26701953585644],[4.979580849427347,47.26704980307324],[4.9796483527190425,47.26714761967079],[4.979689008828284,47.26720618090478],[4.979773622459502,47.267402133828966],[4.979829602641857,47.26748880027929],[4.979863050738466,47.26752407058969],[4.979892503366899,47.26753707583329],[4.97991242857983,47.26753925718809],[4.979932667543763,47.26753918184626],[4.979949670325631,47.267537450730835],[4.980111736011987,47.26749794210898],[4.980146035379506,47.26749168314806],[4.980262459224476,47.26747375590643],[4.980678365475903,47.26740802910186],[4.980870513751684,47.267377101061285],[4.981151816017938,47.2673314119527],[4.981537427297673,47.26727295353232],[4.981667765969922,47.26725568766016],[4.981775495797788,47.26723880796462],[4.981882349289281,47.26721969180396],[4.98198832311266,47.26719824918368],[4.9820934205747305,47.26717457010304],[4.982196858334178,47.26714893811276],[4.982211798025597,47.26714508063667],[4.982165901670823,47.267116687688784],[4.982122332114228,47.26708681410062],[4.98208108603605,47.267055369878015],[4.982042560079119,47.267022348244815],[4.982006767519251,47.26698810919107],[4.981998522639831,47.26697978505505],[4.981936206489668,47.266893588070936],[4.981929085178117,47.266883443658465],[4.98189656217854,47.266830237450364],[4.981865443258368,47.26677205429381],[4.981831184467682,47.266714825318125],[4.981813499966632,47.26668730095478],[4.981758383716844,47.266602601809666],[4.981648878539282,47.26645291274624],[4.981625848746378,47.266420346632465],[4.981534722241275,47.26629546838641],[4.981495324410252,47.266238777382426],[4.981462168238828,47.2661899044422],[4.981417622676531,47.26612276509173],[4.98137870334522,47.26603598797804],[4.981339281548992,47.26592481491366],[4.981325746640901,47.26588064972523],[4.981309043774468,47.26582591233212],[4.981288794461209,47.265771865896866],[4.981265782024466,47.26571822687531],[4.981256346024333,47.26569911660527],[4.981241388815884,47.26567019475925],[4.981223291737518,47.26564222708552],[4.981202054793166,47.265615213582656],[4.981181380397515,47.265592693145656],[4.980942800041311,47.26531129860547],[4.980896545783435,47.2652839018753],[4.980822981191889,47.2651400820159],[4.980799921169512,47.26509589934131],[4.980694552001051,47.26488598293733],[4.980705621089067,47.26488480330191],[4.980837219031255,47.265106428952464],[4.98087715461418,47.265166983299636],[4.980913947102325,47.265228401800954],[4.980927981370433,47.265253827363374],[4.980957559077397,47.26527025223185],[4.981311368971895,47.26521080654364],[4.981527934302897,47.265153434610454],[4.981614555636563,47.26513466429134],[4.98169962026121,47.26511673098885],[4.981957193567669,47.26506289003725],[4.982237211516205,47.26500425225516],[4.982671614593271,47.264913346913055],[4.982453662624203,47.264502735867644],[4.982438147356854,47.264458694680016],[4.982427564238022,47.264419251971844],[4.9824143108007455,47.26436121379822],[4.9824050037047725,47.26430256784303],[4.982398476308191,47.264243964424786],[4.982398085732903,47.264179582723266],[4.982400352962681,47.26403662877941],[4.982398877395634,47.26400738655552],[4.982393770532893,47.26394425616438],[4.982385100741095,47.26388136678222],[4.982360698245528,47.263736257144345],[4.982323388830945,47.26365008312445],[4.982260383675798,47.263512837587506],[4.982235950744981,47.26346372567437],[4.982180344144892,47.263354900654505],[4.982134125471884,47.26325311944883],[4.982088270396044,47.263150431472155],[4.982038958821471,47.26305086437676],[4.9820100971706305,47.26300002703041],[4.9819799096529875,47.26294552013429],[4.981952261186208,47.262895292415486],[4.98193309597146,47.26285986862748],[4.981861179742568,47.26274997137469],[4.98178790467292,47.26265702739681],[4.981407696349987,47.26222604315629],[4.98136625378903,47.26217839237632],[4.981346773786808,47.26215594160612],[4.981341398905153,47.262150089891286],[4.981321079258278,47.26212639271023],[4.981280493103716,47.262080438289345],[4.981259783538875,47.26205692786681],[4.981198972644496,47.26197907971293],[4.981168183928027,47.26194052238679],[4.981130274756212,47.261891820569964],[4.979888074474824,47.26221381420422],[4.979630206848998,47.262280893733966],[4.979583824723507,47.26229303224452],[4.979609990313017,47.262346167527106],[4.979682278440516,47.26248784869929],[4.979722810839159,47.26256469297651],[4.979723710148979,47.26256755934144],[4.97973610698649,47.262591662201565],[4.979751253590095,47.262614997689155],[4.97976042991806,47.262627088334675],[4.979785459904814,47.262660160997136],[4.979863165123692,47.26276572811396],[4.979922131165515,47.26284739067571],[4.979968310874164,47.2629374663924],[4.980192111229569,47.26327053593922],[4.980260420701718,47.26336878877051],[4.980369826186766,47.26351604941154],[4.9804096791073285,47.26356363761646],[4.980447366597151,47.263606309836675],[4.980492415494944,47.263654889925974],[4.980513868827608,47.263677036968836],[4.980566185806544,47.2637505278213],[4.980643651497423,47.26387104741652],[4.980651331315568,47.26388559499896],[4.980666452145712,47.26390821037895],[4.980684319480553,47.26392996836705],[4.980744030107569,47.263999460558345],[4.980774766625303,47.26403657801341],[4.980880941143756,47.26414994314372],[4.980970305712415,47.264237930029985],[4.981069564429816,47.26433592389759],[4.981062531368761,47.264338925752924],[4.980878050135773,47.26415764708244],[4.9807744576810355,47.26404973112078],[4.980655486082047,47.26391217991772],[4.9805458506991025,47.26373718694783],[4.9805378306954395,47.26372417607983],[4.980522426119007,47.26370462735265],[4.980504281704772,47.263686116002916],[4.980151438590607,47.26379309123005],[4.980148820116703,47.26378665207763],[4.980499250314561,47.26367881752743],[4.980441821939469,47.263617391066575],[4.980388789657191,47.26355679004481],[4.980338890638201,47.26349505485194],[4.980247707084697,47.26337918192185],[4.9801788252549635,47.263276166013306],[4.98014774471799,47.26322968869814],[4.980054843674634,47.26308871997616],[4.979957321747237,47.2629408058874],[4.979905863411278,47.26284748830115],[4.979869541193148,47.26279875900534],[4.979839423512673,47.262756857906176],[4.979785895452169,47.262682757029424],[4.979755817685756,47.262641935871294],[4.979725753226103,47.26260147469295],[4.97965518629091,47.26248497919297],[4.979596617390636,47.26237098045371],[4.979533477205512,47.262251386332686],[4.979444195157588,47.262079286832474],[4.979358860621019,47.26210055516462],[4.979205152671888,47.26214028066485],[4.979137132802337,47.26215756112465],[4.979087967788547,47.26216956682318],[4.978882357843601,47.26222242491465],[4.97879267028962,47.262384160726945],[4.9787309274412,47.26251804334349],[4.978716450391267,47.262545216392816],[4.978671709024141,47.26261270951575],[4.978566960191012,47.26275344942538],[4.978537251335753,47.262798082556706],[4.978510355167192,47.26284365828278],[4.9784962546518035,47.26287028455211],[4.978483171675591,47.26289221067199],[4.978473291414871,47.26291489263376],[4.978466570801923,47.2629371604761],[4.978448328085666,47.26299141380773],[4.978422557768723,47.263099917768585],[4.978411575654239,47.263146572777],[4.9783993270242135,47.263223507397925],[4.97838799417539,47.26330375837494],[4.978360656526684,47.26352062350618],[4.97835654693752,47.26358147978044],[4.978353827399634,47.26362619274929],[4.978354300687694,47.2636713915727],[4.978357348216254,47.26371105321341],[4.978359317587583,47.263742988638064],[4.978364856539413,47.26377486316917],[4.978371730184117,47.26379987085951],[4.978395235879395,47.26386701005483],[4.978441794500157,47.26399976524207],[4.97846123709981,47.264053555754245],[4.97847113057953,47.26413902791666],[4.978477267566672,47.26424104396264],[4.978486584195493,47.26434318586762],[4.9784877750399,47.26435397197907],[4.9784930476994225,47.26440016955701],[4.978501490052538,47.264446223005876],[4.978507157405195,47.2644708009954]]],[[[4.979653091977442,47.267319360829774],[4.979573002328587,47.26713845959043],[4.979503833046411,47.26703851010209],[4.979379197854998,47.266887366232375],[4.979268192767163,47.266718339139324],[4.979047260117273,47.26675434846218],[4.978604663604256,47.26682808931928],[4.978600593463061,47.26681456068159],[4.979264132411519,47.26670508051514],[4.979246051462157,47.26666675612896],[4.979205300083129,47.26657325561097],[4.979167692131942,47.26647889095354],[4.979133244166409,47.26638411214439],[4.9791023528088605,47.266288912417814],[4.979077227699439,47.26621018412993],[4.979060165753685,47.26614563675254],[4.9790105733339685,47.26595214751675],[4.978994794255028,47.265890099733674],[4.978931504649324,47.26569108075112],[4.978820668035849,47.2653432940854],[4.978774203416843,47.26521314903501],[4.978570704431321,47.26469845289289],[4.9785417315366916,47.26463374840949],[4.978463973052821,47.26445127565982],[4.978432215397933,47.26428936081208],[4.978423520276199,47.26415019628553],[4.978418645281756,47.26411479834513],[4.978418175769647,47.26411282517624],[4.978414734424831,47.264105589544286],[4.978408559796736,47.26409957123622],[4.978399665138422,47.26409513023983],[4.978389253568678,47.26409260624469],[4.978373788618373,47.26409296011436],[4.977731135521099,47.26419757697408],[4.977504563438599,47.264231068172876],[4.977272758808574,47.26426257690439],[4.9773709805525685,47.26461301152213],[4.977430166924433,47.26479778277646],[4.977443366176377,47.26486527796174],[4.977517637599783,47.26536290797],[4.977522578349115,47.265400105870924],[4.9775427154105465,47.265418853849894],[4.977543961607062,47.26542036350997],[4.9775490391241926,47.265428922066796],[4.9775505734478624,47.265438261467686],[4.977550629748501,47.265439791417066],[4.977549784279247,47.26544917139661],[4.977545365807006,47.26545852224709],[4.977525389835668,47.26551964896733],[4.977677014168263,47.26571419059118],[4.9777014662722205,47.26579626261453],[4.977663062163765,47.26584194423688],[4.977672115063391,47.2659261699748],[4.977676821625622,47.26596778447715],[4.977735928664945,47.26598856949376],[4.977764764688962,47.26608191347818],[4.977779330966809,47.26616496454166],[4.977020374588148,47.2662267135863],[4.977037071262344,47.26630297439492],[4.977054385777719,47.26637445183487],[4.977062356353901,47.2663969193763],[4.97708954388473,47.266467057810694],[4.977119478168528,47.266536338932326],[4.977152969052187,47.26660519920057],[4.97710806655424,47.26661451974628],[4.976860664511818,47.26666466423459],[4.976612782608305,47.266712565029124],[4.976610134623358,47.26670531583142],[4.977099025897991,47.26660611878701],[4.977108683650653,47.266598929981924],[4.977110715826003,47.266589439728115],[4.977094526942188,47.26654856128094],[4.977057480909737,47.26644779262853],[4.977023194933923,47.26634652664601],[4.977016136177115,47.2663164790692],[4.977008501998574,47.266281578414514],[4.976992776764846,47.26619935751488],[4.977039064197838,47.266195326551646],[4.977625996244889,47.26615046911403],[4.9776197422230295,47.26605601961271],[4.977606857481455,47.26586766734359],[4.9775968417241785,47.265768058873554],[4.977586059875537,47.26572312592699],[4.977479570738907,47.265547176110765],[4.977458850034654,47.26550178224074],[4.977453672411099,47.26547971736406],[4.977438792980567,47.265398922925094],[4.977403322763348,47.26518997322311],[4.977390832449864,47.2650986017768],[4.977360207835151,47.26483796876463],[4.977321424370916,47.26464681603499],[4.977294792294792,47.26457018429061],[4.97726571762911,47.26449188316644],[4.977245742236463,47.26441279652557],[4.97722023259749,47.264312731708095],[4.977191150845621,47.264223444152016],[4.97717082941379,47.264156520619025],[4.977121729911376,47.264040918469426],[4.977080067782264,47.263933294324644],[4.9770396612165975,47.263816643405285],[4.977008924703193,47.26373629930522],[4.976988521584672,47.263677932213014],[4.976966426758996,47.26362751866664],[4.976937191519997,47.26355561398608],[4.976919331133333,47.263512422583695],[4.976879923721546,47.263401337888006],[4.976869113799175,47.26336640127261],[4.976858953482142,47.26330596842829],[4.97685144039115,47.2632419783688],[4.976843699536912,47.26318258492114],[4.976831468217045,47.263087426700636],[4.976822100586411,47.26301617390877],[4.9760983790606135,47.26311757105582],[4.975756366465495,47.26317382827878],[4.9752719084101376,47.26323088979562],[4.975270827394915,47.26322307355279],[4.975213501257856,47.26304547383296],[4.97514935940514,47.26295237030432],[4.975117933096391,47.26290715835093],[4.974644351091112,47.26299014756436],[4.974584550385407,47.26273433319623],[4.97457191462496,47.26271446640854],[4.974559576104651,47.26268108653254],[4.974552076483034,47.2626605919712],[4.974523999339939,47.26264170851644],[4.974510583799149,47.262633021633675],[4.974489601362014,47.26252639531173],[4.974486570316504,47.262508706376394],[4.974484577174671,47.2624976637295],[4.974478244294036,47.262476518923414],[4.974475074383363,47.26245505010429],[4.974474908894196,47.2624397438247],[4.974488821976064,47.262353956103134],[4.97447929192205,47.262256590400874],[4.974506733137553,47.262204162304194],[4.974499533469503,47.262127018963284],[4.974482583956068,47.26205454429748],[4.9743845329034775,47.26207539507335],[4.9740885216044,47.26210898129392],[4.974087658966532,47.26210710485445],[4.974049693684712,47.26211072288087],[4.974047244536249,47.262098067025505],[4.974025083171944,47.26197011800028],[4.974274423338787,47.26196245141075],[4.974267968154395,47.26192717026973],[4.974252519362204,47.26184152220713],[4.974238115088313,47.261762700426864],[4.9742332002054255,47.26173693873418],[4.973970072447121,47.261747361440875],[4.973964949569584,47.26173754275309],[4.973840498129466,47.26174191239091],[4.973754880946802,47.261744720414214],[4.973634408747491,47.2617493823184],[4.973600403122567,47.261763559128],[4.9735672237401065,47.261778622401245],[4.9734885998468945,47.26182057454294],[4.973422538350614,47.26185880076937],[4.97335892579568,47.26189887640747],[4.973297748963137,47.26194044147213],[4.9732478786863314,47.26197650096136],[4.9732140412488235,47.2620060739378],[4.973183032895864,47.26203703962298],[4.973154850325697,47.262069308021864],[4.9731431039815694,47.262084456758934],[4.973116623441542,47.26211984806002],[4.9730933553843535,47.26215626533869],[4.973073296511095,47.262193618599575],[4.973056037002012,47.26223155460304],[4.9730302864000375,47.262297641697096],[4.973008082097202,47.262363038074525],[4.972995753619123,47.26240557295273],[4.972974705886791,47.26248085552425],[4.972956844203096,47.2625564440994],[4.972942889119144,47.26263034524525],[4.972929640885852,47.26273431221665],[4.972925009946391,47.262770322329416],[4.972911931515219,47.2630194525647],[4.9729094378547956,47.26313530371789],[4.972909343706701,47.26325165436551],[4.972910156465623,47.263273793684725],[4.97291374554384,47.26329588577287],[4.97292088765938,47.263317467148966],[4.97293157951238,47.26333844781511],[4.972936662706349,47.26334718657546],[4.972974413360043,47.26340255758355],[4.97301117261046,47.263452542239946],[4.973051055314632,47.263501122943524],[4.973063895674504,47.263515763304106],[4.973167216990148,47.26363836921632],[4.973204988001934,47.2636834737128],[4.973358551784885,47.26382332534023],[4.973454140497858,47.263875820902555],[4.97355904338428,47.263933380984426],[4.973692318200322,47.26400702796015],[4.973899934303306,47.264213769223296],[4.973953690418447,47.264283456158395],[4.974138304701576,47.264533814156295],[4.97422003108018,47.26468425304101],[4.974274919203613,47.26481713806153],[4.9743103122032615,47.264862282688185],[4.974348428760436,47.2649059400839],[4.974389278798041,47.2649483802375],[4.974406168821442,47.264965202845985],[4.974573988499117,47.26511480613892],[4.974730450528641,47.26534411975096],[4.9749361854891445,47.26556421913917],[4.975029357700565,47.2656804223581],[4.975093753986793,47.26578036562871],[4.975177922520541,47.26598632520191],[4.975372654958241,47.26630648043242],[4.975457633390545,47.26645884422718],[4.975498344707625,47.266540639694696],[4.975512324195506,47.266575432346905],[4.975531408612129,47.26665192281568],[4.975542754305564,47.26670143902878],[4.975550943425699,47.26675145927521],[4.9755535490242435,47.26677915133536],[4.975569842236632,47.266995632292975],[4.9755916710899335,47.26709278827128],[4.975625715824985,47.267165962065235],[4.975679276971955,47.26718702270509],[4.975731321065222,47.26721000028481],[4.975781048199204,47.26723472832651],[4.975789953087605,47.26723943950909],[4.975846248316643,47.26727008920818],[4.975899833270078,47.267302586121914],[4.975918525732149,47.26731442487184],[4.975958489578563,47.26735426803367],[4.97598898313047,47.26738481692584],[4.97612874213125,47.267537327540616],[4.976152820516413,47.26757690097902],[4.976159957882172,47.26759830212442],[4.976172284272655,47.26760970898369],[4.976187744140125,47.267619981810284],[4.976204301287932,47.267627714443776],[4.976222382150154,47.26763371009798],[4.976241573528254,47.26763752554596],[4.976261478771555,47.26763916754588],[4.976281694609511,47.26763846286217],[4.976301431052227,47.26763551500939],[4.976319894800304,47.267630337505544],[4.976327338444948,47.26762768917073],[4.9763656897872215,47.267602090867506],[4.976507567118553,47.2674668443835],[4.976554720631871,47.267443167236216],[4.976577950674676,47.26743808856823],[4.976593029883209,47.26743801168923],[4.976607788582626,47.26744001149859],[4.976621440101164,47.26744428151027],[4.976633574551584,47.267450468496726],[4.976636020642295,47.26745222787632],[4.976779790081888,47.26753028528546],[4.976804845735035,47.267542465708466],[4.976831411844306,47.2675525491532],[4.976859491718216,47.26756062561559],[4.97687709652366,47.267564468001545],[4.9773911326120865,47.26751202928012],[4.977289650148285,47.26736436083213],[4.9773466513261635,47.26736023716452],[4.9774383767509,47.26737218131581],[4.977467959687943,47.267507387429106],[4.977385315057685,47.26755886618568],[4.977250791411923,47.26760267425512],[4.976933049699272,47.267607370277645],[4.976911944569893,47.26760547868486],[4.9768800107503965,47.267600529740285],[4.9768491874230625,47.26759340057765],[4.976819481212624,47.267584271191765],[4.976769062611004,47.26756234702554],[4.976763393668248,47.267559291777765],[4.976725300988623,47.26753796799125],[4.9766895286361335,47.2675149836856],[4.976619075250571,47.26747710124835],[4.9766078665043425,47.26747450061964],[4.976598487433932,47.26756480390535],[4.97662501889539,47.267606316619464],[4.976659774688927,47.267655613858786],[4.976726077912118,47.26765619485084],[4.976986540968677,47.26765886956523],[4.9772791590806404,47.26766171593784],[4.977344518294908,47.26787393816385],[4.9773729701800375,47.267999978111504],[4.977251921325707,47.26798934428245],[4.977052721886521,47.26797256809739],[4.977042901407873,47.26797174491207],[4.977040504946761,47.26797133549559],[4.9770325189507165,47.26797003077161],[4.977016874078339,47.267965524624806],[4.97690359462963,47.267925130434676],[4.9767828085811585,47.26788207242369],[4.97663192977942,47.267891307846135],[4.976596044087463,47.26785445722321],[4.976543828030192,47.267848412985764],[4.976531322752976,47.26783214633103],[4.976472757583077,47.26783692661371],[4.976410612622177,47.26784149770889],[4.976376157027218,47.267843525707015],[4.976374573736922,47.267843642740345],[4.976346821471513,47.26784447586137],[4.976282547608158,47.26784512081633],[4.976271438095718,47.26784522006458],[4.976100670045849,47.26784245638785],[4.975877511108406,47.267839684477565],[4.975866984003411,47.26785562315586],[4.975849834143249,47.26790373365197],[4.975848997971062,47.26790617933747],[4.975850578839888,47.26792758510406],[4.975867807789027,47.26795358717131],[4.97593907580802,47.26802441570759],[4.975999742203777,47.268065977376935],[4.976040328363023,47.26811193353454],[4.976091098483204,47.26815420408472],[4.976187475344571,47.26822784658887],[4.9762448696424935,47.268266762285464],[4.97628593781317,47.2682934387292],[4.976334258327326,47.2683230533935],[4.976383339102108,47.268351754549606],[4.976429924151417,47.2683773463472],[4.976475553737664,47.26839854179441],[4.976502546654592,47.26840942852403],[4.97652707358954,47.26841801588452],[4.976558604587271,47.26842279169045],[4.97659001972738,47.2684244175949],[4.976612232369649,47.26842403904245],[4.976632008808079,47.26842217109761],[4.976809436541246,47.268379343567545],[4.976972028934722,47.26844033000981],[4.977012376457759,47.268458193256706],[4.9770902592690005,47.26850378346494],[4.9771137818067395,47.26851743081332],[4.977267105052502,47.26860694166983],[4.977399479937497,47.26866646149414],[4.977379462430413,47.26867256618688],[4.977458552392082,47.268718585840865],[4.977522750913031,47.26875900587401],[4.977182289582682,47.26859947228055],[4.977173698926641,47.268603310914585],[4.97713719527729,47.26858205022194],[4.97704433475994,47.268528520498684],[4.977004175230579,47.268504980695894],[4.976969298066145,47.26848477286771],[4.9769539338192645,47.26847711005981],[4.976935786372518,47.26846931458308],[4.976916478765694,47.26846234935869],[4.976899617308946,47.268457143504406],[4.976879192586729,47.2684521784889],[4.976858404322108,47.26844812019987],[4.976839658927185,47.26844564804846],[4.9768185567826855,47.26844384643629],[4.976799484261977,47.26844327097459],[4.97677766164614,47.26844346280858],[4.976740475446706,47.26844679819471],[4.976711301786705,47.26845215829084],[4.976602124258657,47.26848373657535],[4.976581901486235,47.26848426132075],[4.976562822333048,47.26848350582631],[4.976530127817357,47.268479470276034],[4.976525321616617,47.268478291434235],[4.976498497482077,47.268471994554226],[4.976473973837249,47.268463497184825],[4.976446590864678,47.26845279720202],[4.976423197618511,47.26844265959884],[4.976397331773134,47.268430042631444],[4.9763580188689875,47.26840792903682],[4.976282430684883,47.26835995786186],[4.976223003345832,47.26831972602389],[4.9761642998996,47.26827759070195],[4.976049871246703,47.26818795608214],[4.976035928354395,47.26817576627158],[4.975770317260698,47.267946782967435],[4.975754804435825,47.26793507013489],[4.975738147990382,47.267924637528736],[4.975719947964278,47.267915401908326],[4.975698584666057,47.26790649033031],[4.975673284648649,47.26789845628819],[4.975647270748183,47.267892595681396],[4.975598965017753,47.267884953503874],[4.975162276819292,47.267806660337236],[4.9745524920012665,47.26772699004435],[4.974202877824359,47.267663600563225],[4.974338705106132,47.26777403521671],[4.974629003173362,47.267951361057975],[4.9746542305049966,47.267968221788074],[4.974822948761664,47.26808800176399],[4.975133258705629,47.26829137125721],[4.975225000359173,47.26836851550034],[4.975351292981208,47.26851099025538],[4.975385647878778,47.26854939822493],[4.975415828547896,47.26860381671676],[4.975485055842316,47.268727091304285],[4.975589224748949,47.268915509599466],[4.975607515214789,47.268948787935095],[4.975689989486409,47.269097682054905],[4.9757150733401785,47.269143001849855],[4.975620362184637,47.26917946578009],[4.975667226750456,47.269245036785726],[4.975687725277388,47.269273594723586],[4.97586765446668,47.26952538049916],[4.975872262638703,47.26953196594029],[4.975910757728502,47.26958579239208],[4.976004088418249,47.269716850887335],[4.976208122322777,47.2696418723359],[4.976489578181165,47.269513613340266],[4.97652698908066,47.269494785049496],[4.976273092892051,47.26964932038535],[4.976141317587351,47.26971406261575],[4.976219379177918,47.269742900444655],[4.9763121615318635,47.26979427087639],[4.976362693454818,47.269862390664805],[4.976492179625945,47.26995122807439],[4.97654254734317,47.270155150952185],[4.97655237366285,47.27019568758767],[4.976564744559234,47.27028381904859],[4.976578309401447,47.27038282660668],[4.976602089228832,47.27055451318492],[4.976800202557211,47.27049116137393],[4.976928422886802,47.270329761788545],[4.976981718748584,47.27022484181842],[4.976995130582715,47.270190212852576],[4.977005035308492,47.270157354676364],[4.977013651292339,47.2700786813323],[4.977013628114016,47.27007805135422],[4.9770141935105014,47.269974750570604],[4.9770148906755045,47.26986424327134],[4.977018932729411,47.2698014972646],[4.977021344472407,47.26978074389228],[4.9770250488527745,47.26976276013905],[4.9770356507843765,47.26972727852238],[4.977044052208199,47.269707503691144],[4.977054046902683,47.2696878818073],[4.977065648111169,47.2696687728579],[4.977078449235147,47.269649913613385],[4.977092860181886,47.269631657299314],[4.977149218556361,47.269566848787086],[4.977210068511295,47.26949466935498],[4.977295601116238,47.269381364992],[4.977316876951012,47.269355517186106],[4.9773304513641214,47.26933610440544],[4.977334946361184,47.2693288235062],[4.977341325310575,47.269318808888215],[4.977353183906149,47.26929591327558],[4.977363049253974,47.26927278148322],[4.977370511449231,47.26924906028656],[4.97737225961739,47.26924263669503],[4.977406573491398,47.26913966102606],[4.977380262243955,47.26914731386973],[4.977239711866446,47.26918924340436],[4.9766588494575865,47.26943238229469],[4.977192250334725,47.26917222193113],[4.97723718403733,47.26915290494509],[4.977481735458832,47.26906813795279],[4.977601382587699,47.26899747729351],[4.977771514264375,47.26897206297063],[4.977929516735003,47.26897297071992],[4.977996271259493,47.26897498417138],[4.97809879460024,47.268978278675725],[4.9781047510995275,47.26897835719456],[4.978252093520411,47.2689807971123],[4.9781810262651,47.26887241426533],[4.978163261004807,47.268853445838346],[4.978141482803441,47.268833285103554],[4.978120613886185,47.26881626072526],[4.978095335375286,47.26879805080153],[4.978073402405582,47.268784466591036],[4.978051109231563,47.26877187910686],[4.978027255943947,47.26876003865242],[4.97800265241968,47.268749381681886],[4.977972462587406,47.268737919441065],[4.977941122550746,47.268727557448365],[4.977912641935697,47.268719398019066],[4.977864979388797,47.2687076933988],[4.977834849233918,47.26869785106609],[4.977812291993212,47.268688870175474],[4.97779936050293,47.26868260684646],[4.977786362767732,47.26867454357802],[4.977773695444908,47.2686646736063],[4.977765870806333,47.268656972389536],[4.977758383203576,47.26864764446421],[4.977752065696685,47.26863775626559],[4.977749410838563,47.2686303271057],[4.977747420111681,47.26861937453907],[4.977747016007777,47.26860839491723],[4.977748988524468,47.26859728471574],[4.9777533608466165,47.26858667391277],[4.977742860671299,47.26856019716073],[4.977778568744795,47.26854905201467],[4.977793789883237,47.26858517402554],[4.977795945405215,47.26858982004459],[4.977791090313348,47.268598097693705],[4.977788235059569,47.26860679150749],[4.97778776967558,47.26861571472835],[4.9777888942264585,47.2686247008904],[4.9777953276729034,47.26863773897849],[4.9778060812752205,47.26864953270276],[4.977818679038984,47.2686575127362],[4.977837233270719,47.26866557130081],[4.977859364037131,47.26867374897877],[4.977890674213507,47.26868330102171],[4.977933910586398,47.268693370099285],[4.977961584627714,47.268701183064934],[4.97798850843015,47.26871017951276],[4.978017504968451,47.26872157204676],[4.9780514436025225,47.26873783322449],[4.978088691338924,47.268757730144905],[4.978120746122656,47.26877672503341],[4.978156539805101,47.26880024886729],[4.978174083070787,47.26881318750469],[4.978188423270467,47.268825370289846],[4.978201203352755,47.26883830010955],[4.978214066269279,47.26885347984972],[4.9782986151834505,47.2689830654321],[4.97846124173863,47.268980201397355],[4.978589359016733,47.26897792583937],[4.978866534612503,47.26898157208634],[4.979065115583473,47.26898502787242],[4.979126620798893,47.268984608749314],[4.979147174098978,47.26898227685489],[4.979317943647906,47.268963423265234],[4.979592344464853,47.268924069594384],[4.979624678092466,47.26891829462587],[4.980045804616914,47.26884311567346],[4.980356916221605,47.268787554200756],[4.980430593467222,47.26877278815833],[4.980584842183826,47.26873647424599],[4.9806507089128,47.268725173415085],[4.980836289830462,47.26868823404349],[4.980970715210657,47.26865252832288],[4.980888328383068,47.26849562143982],[4.980847313571494,47.268416624604505],[4.9807939632685425,47.26831523500195],[4.980743972154826,47.26821883100092],[4.980639305543773,47.26801736774005],[4.980553838947421,47.26785222828507],[4.9805281459999895,47.26780124648454],[4.980483851545202,47.26770861738983],[4.98038312548654,47.267495559753236],[4.980168514841761,47.267541639253736],[4.98006087472677,47.267571753766774],[4.979894817930819,47.267686074831126],[4.979867583451139,47.26764709632078],[4.979859795134534,47.26764038520773],[4.979847369311549,47.26763348309819],[4.97983426914866,47.26762623228468],[4.979819356513961,47.26760928663344],[4.979797917240466,47.26757678308536],[4.979691181789612,47.267394445652286],[4.979653091977442,47.267319360829774]]],[[[4.9731271247087605,47.266762012318736],[4.9732126835597485,47.26678982402212],[4.97329975967066,47.26681571872884],[4.973304172313885,47.26681699445076],[4.97337875097888,47.26683760848114],[4.973456853219071,47.26685690176218],[4.973536462764413,47.266874008062935],[4.9735668423233665,47.266879884898174],[4.973666046124166,47.26690098024289],[4.973764532743389,47.26692415893563],[4.97390098475178,47.266922016790865],[4.97391725044427,47.26692183001067],[4.973951431214664,47.26692313938457],[4.973985301297161,47.266926795423096],[4.974018857390154,47.26693270812945],[4.974000578722936,47.266932118705185],[4.973985873154798,47.26693155851682],[4.973827410725036,47.26693956860657],[4.973996764638334,47.2669795516763],[4.974022381272893,47.26698541940641],[4.974224600860537,47.26703411824949],[4.974321507999474,47.26705750346922],[4.974319646848008,47.26703925432326],[4.974370708452898,47.2670571161868],[4.97442327400363,47.26707270109177],[4.974476960077143,47.26708637577698],[4.974531353489527,47.26709769700845],[4.974543338811984,47.26709983434731],[4.974570856114902,47.26710341826566],[4.974618638686025,47.26710764773914],[4.9746663418948485,47.26710971726391],[4.974718841224674,47.2671126956954],[4.97502033485821,47.26713034545276],[4.9751840169072015,47.267123955862424],[4.975241599886742,47.2671248663073],[4.97529087648201,47.267126548566225],[4.975339842448762,47.26713057748237],[4.975388094531791,47.2671367798178],[4.975415648301603,47.26714135350294],[4.975470864667361,47.26714266435696],[4.975566711258345,47.26715877228898],[4.975563881420537,47.2671465732328],[4.975553114611642,47.2671128065088],[4.975539194511227,47.26707963381539],[4.9755245267050014,47.2670261217931],[4.975501442935682,47.26676527012818],[4.975463482224993,47.26660715259512],[4.975413130669218,47.26646824735843],[4.97541136546173,47.26646341454123],[4.9753186091863615,47.26629380288049],[4.975298237367797,47.26625785832905],[4.975255537086569,47.26618672296666],[4.975209696897893,47.26611654159811],[4.975144463718314,47.26601544195333],[4.975129103150712,47.26598625608665],[4.975117282556706,47.26595619945082],[4.97506594767481,47.26582289411008],[4.975051059634108,47.26578496500484],[4.974982115491046,47.26569086257634],[4.974910461301505,47.26559860732379],[4.974715131560436,47.26539165862926],[4.974539792866115,47.26514546618304],[4.974490490981806,47.26509983799846],[4.974357790134861,47.26497710302412],[4.9742764736594625,47.264902662348206],[4.974231558042544,47.26483597694124],[4.974172095622624,47.26470821276022],[4.974051608512516,47.26448576050148],[4.973959679883599,47.264360079735766],[4.973928009188869,47.26431901410605],[4.973862436909257,47.26423016678344],[4.97372197572885,47.264090543081565],[4.973658509474292,47.264026604604865],[4.973552836190885,47.26396968809435],[4.973496958872381,47.26393948047816],[4.973383158527997,47.26387738896165],[4.973313082424574,47.263838777734534],[4.9732127413418565,47.26375412379031],[4.9732062070650045,47.26374910192204],[4.972922112535781,47.26341569460905],[4.972918665875785,47.263613690682504],[4.97289742142079,47.26377011467282],[4.972892152717424,47.26378875530702],[4.972887918589509,47.263803145830295],[4.972875982535996,47.26387800316437],[4.972873495678479,47.26397242144707],[4.972868979287581,47.2640764199125],[4.972869233215109,47.26411576893181],[4.97286783063884,47.264196480642504],[4.9728595669845985,47.264241647919576],[4.972744280312152,47.26451746140612],[4.972676597168137,47.264641355453044],[4.972642446395545,47.264705694131216],[4.972624138150087,47.264736713741286],[4.972594491999796,47.26481565448111],[4.972583024402847,47.26490329135437],[4.972582052544016,47.2649092514068],[4.972588761448021,47.26511364849129],[4.972544951274674,47.26522840118818],[4.972464213296188,47.26539673328579],[4.972426997977988,47.26545328934757],[4.972444557864158,47.265499188068375],[4.972469673401079,47.265556305004914],[4.972498338878147,47.265612821239195],[4.9725064563185635,47.265628532567796],[4.972528429086561,47.26566490062065],[4.9725527552651325,47.265700508215424],[4.972564865292682,47.265727678460706],[4.972618775421397,47.26585562785789],[4.972696478985017,47.2660803400654],[4.972697374675241,47.26608311648357],[4.972719667848203,47.26614982702089],[4.972745114361828,47.26621594359588],[4.972798770666408,47.26635857590898],[4.972849637716559,47.266490089028856],[4.972866783880699,47.266621995633756],[4.972873007582356,47.266640170587806],[4.972887739338354,47.26665225729462],[4.972961064632548,47.26669279469189],[4.973043473158104,47.26673209688002],[4.9731271247087605,47.266762012318736]]],[[[4.980393765304934,47.26749348695297],[4.980540375787126,47.26779923657476],[4.980564478829835,47.26785015546947],[4.980763839372859,47.26823019865943],[4.980791572408492,47.26828267647399],[4.980868404021365,47.26842887188923],[4.980983675448611,47.26864879487812],[4.981219729097526,47.268602887987505],[4.982030599394624,47.26845206248759],[4.982412919925276,47.268379519137014],[4.982753113052053,47.26831624978132],[4.982715748197097,47.26821791970189],[4.982677986827541,47.268119596387145],[4.98265643906442,47.2680626906857],[4.9826349179107154,47.26800650495321],[4.9825751594696035,47.26784984271409],[4.9825531820713405,47.267792043799645],[4.982532100946147,47.267737021220036],[4.982511476276666,47.267683611797686],[4.982490232312177,47.267602656569395],[4.982461066759702,47.26748986772713],[4.982414347751482,47.26738539367848],[4.982318988974016,47.267170985082906],[4.982315672483269,47.26716356732217],[4.982300296311495,47.26716635162909],[4.982165863860546,47.26719098252338],[4.981884320883588,47.2672516271235],[4.9817700771063445,47.267274831919984],[4.981481773844097,47.26731361797696],[4.981076029483093,47.2673750316554],[4.980874051430823,47.267408469317],[4.980393765304934,47.26749348695297]]],[[[4.980095250619246,47.270518885926904],[4.9800653473139835,47.270482924803545],[4.9803770455213,47.270443022751316],[4.980678403348163,47.270402576006276],[4.980943549269836,47.270370401479866],[4.980904227130693,47.27013279172711],[4.980876518942547,47.270027182018886],[4.980828810299388,47.269906604792745],[4.980778890627477,47.269812180797764],[4.980770091488821,47.26978882712326],[4.980741150159911,47.269703590509636],[4.980724340068133,47.269592121276645],[4.9807243542794435,47.26947406098223],[4.98071637176406,47.26945132373003],[4.980680370913606,47.269346846162826],[4.980660408097071,47.26928982302686],[4.980620005804983,47.26919514637289],[4.980599588138486,47.26914731644364],[4.980561983961937,47.26906393871991],[4.980520395356453,47.26896937233962],[4.98045672656274,47.26882493314598],[4.979999313872949,47.26890631637595],[4.9795899108120825,47.268976522223525],[4.979403579980812,47.26900392670149],[4.9793727931302385,47.269008594568774],[4.979294159788247,47.26901813135332],[4.979245110058828,47.26902266057836],[4.979190077296702,47.26902639134508],[4.979140938054438,47.26902849061127],[4.979085802526691,47.269029431426326],[4.978767968659238,47.2690210761609],[4.9787286398194555,47.26902012617082],[4.97864488191971,47.26901984406646],[4.978533024228689,47.26902175226475],[4.97863558199501,47.26925234046192],[4.978716461647654,47.26943313866278],[4.978745635158607,47.2694924363995],[4.978770155062594,47.26952236606723],[4.978794123601206,47.269558879033156],[4.97880178260384,47.26959440950192],[4.978801508357649,47.26963007531766],[4.97880154812751,47.269631155279654],[4.978807838617496,47.26976964009961],[4.978889103190555,47.26991774222628],[4.978921850458853,47.269977068994656],[4.979023156872974,47.27005503771883],[4.979032855845024,47.27005973511084],[4.979042485212477,47.27006254256898],[4.979054428285603,47.27006350948066],[4.979065901771294,47.27006250322957],[4.9792052740718065,47.270031668179584],[4.97936403273914,47.2701823198853],[4.979359451880804,47.270219590101696],[4.979361757932842,47.270239092329106],[4.979419547043303,47.27034247797315],[4.9794698347709385,47.27040384663394],[4.979704127083187,47.27054690504566],[4.979765028029856,47.27059467448074],[4.980095250619246,47.270518885926904]]],[[[4.977043232703686,47.270235410178564],[4.977036682086421,47.27025155132432],[4.977021514719733,47.27028161749946],[4.976974888066324,47.270362829847166],[4.977015350434261,47.270502443200606],[4.9774367034221125,47.270551633795726],[4.9776779887596545,47.270604433628094],[4.978000674872433,47.27065809615437],[4.978002274806499,47.27065842908305],[4.978241710355492,47.27071486143655],[4.978289665407853,47.270723679229036],[4.978343139793869,47.270720695929725],[4.978576031089783,47.27070717773494],[4.978710584362462,47.27069632731284],[4.978744615200291,47.27069349541974],[4.978801666196439,47.27069063099789],[4.978856820004902,47.27069014030245],[4.978900936633309,47.2706917290102],[4.978939215893989,47.27069647911001],[4.978977455387247,47.27070014923567],[4.979011278473249,47.270702453849324],[4.979049835095242,47.27070395726013],[4.979083581948786,47.27070419192658],[4.979122459005443,47.27070361861883],[4.979161289653735,47.270701785343064],[4.979194937060004,47.270699320073625],[4.979228554628762,47.27069604482338],[4.979266472586502,47.27069098516594],[4.979332345303113,47.270679775089285],[4.979512855552829,47.270634279403325],[4.97961509581265,47.27061902645966],[4.979748857404395,47.27059747198696],[4.979717335670712,47.27057144427306],[4.979460960041713,47.27041075209489],[4.979441197217663,47.27039145773646],[4.979417816819816,47.270360157960795],[4.9793554036035905,47.27026054341663],[4.979313825203635,47.2702200985709],[4.979320673488564,47.27021205700811],[4.979324678800282,47.270202262893164],[4.979324304197846,47.27019209325505],[4.9793191861673565,47.27018245483081],[4.979312177625475,47.27017537016236],[4.979293483420868,47.27016353197298],[4.979272210325537,47.27014633458651],[4.979255707187554,47.27012932595923],[4.979239058203645,47.27010835747019],[4.979232079516135,47.27010208276791],[4.9792243638507525,47.270097351548536],[4.979215891317759,47.27009362383108],[4.979193812797731,47.27008688636548],[4.9791696680821325,47.27007793281876],[4.979139493828447,47.27006692087185],[4.9791266844968005,47.270063987576144],[4.979113151443147,47.27006295774893],[4.979099701257039,47.27006417784035],[4.979089077453149,47.270066700503804],[4.979072236260555,47.27007284133497],[4.979059219197992,47.27007504461829],[4.979043326033204,47.270074595373345],[4.9790297034852316,47.27007113562252],[4.97901714829937,47.2700643256837],[4.979010172958017,47.270058140964785],[4.97890488001559,47.269979699925905],[4.978792642762756,47.26976656737745],[4.97879024973637,47.269733918830546],[4.978783285060778,47.269631016593806],[4.9787842751698745,47.2696147900944],[4.978785178078723,47.26958541728962],[4.978773457385771,47.26955815097204],[4.978759462781897,47.26953380515526],[4.978721613403174,47.26948681264045],[4.978683308056322,47.2694058777682],[4.978606144303416,47.269228978503385],[4.9785597517205336,47.269122426281534],[4.978514814387924,47.269023053486414],[4.97838160670639,47.269027216856834],[4.978248286355695,47.26902832018072],[4.97817642489016,47.269027744775784],[4.978094193983,47.269025815269096],[4.9778616683787895,47.26901672299592],[4.977750696729619,47.269021136824236],[4.977622862442607,47.26905267397141],[4.977602838192827,47.269058598707936],[4.977585990522139,47.26906455933208],[4.977560991859582,47.26907552181212],[4.977537646063314,47.26908825717224],[4.977514412862872,47.26910405242182],[4.977495939560941,47.26911976651167],[4.977484159780321,47.26913401567633],[4.977471672783698,47.269150618284506],[4.9774623060668235,47.2691657268386],[4.977453025453287,47.269183175310914],[4.977441398754724,47.269212370716915],[4.977430622425268,47.26925388893212],[4.977418401087179,47.26928849767347],[4.977402983263917,47.26932253053574],[4.9773873004795135,47.2693493636448],[4.977381688363236,47.26935864476505],[4.977325883536535,47.269438482875096],[4.977297095011429,47.26947589553085],[4.977126414478237,47.269680614655535],[4.977113973602779,47.26969847717783],[4.97710272933308,47.2697164994077],[4.977093494865925,47.269735207803656],[4.9770854603184445,47.26975416590483],[4.977078816502604,47.26981092269342],[4.977075530735111,47.2698618588271],[4.977074453454732,47.269918880939535],[4.977071771273531,47.27010488674861],[4.977069928389164,47.27013031319474],[4.9770660955452595,47.270155593454156],[4.977060659472446,47.270180450774596],[4.977053643347477,47.270205515133874],[4.9770454239681525,47.27023023978921],[4.977043232703686,47.270235410178564]]],[[[4.979591788717466,47.27092371454178],[4.979585380821596,47.27087906739079],[4.979755507568804,47.270853380187354],[4.979765348100775,47.2708511409953],[4.979782999381009,47.270845436507805],[4.979800551180416,47.27083703211475],[4.979814096466567,47.270827615466416],[4.979826362202708,47.27081578921659],[4.979833901035221,47.27080494418407],[4.979838686376576,47.27079477652486],[4.979841422040073,47.27078284278493],[4.979841771042994,47.27077076967698],[4.979789262992237,47.27063838696673],[4.979784290733809,47.27063270842257],[4.9797765848911855,47.27062824723124],[4.979767368633372,47.27062588304784],[4.979758618678732,47.2706254020252],[4.97961177021536,47.27064726992148],[4.979304790618413,47.27071833787498],[4.979274045872371,47.27072417567095],[4.979238531122645,47.27072982469504],[4.9792073267086225,47.27073395930334],[4.979171339032945,47.27073754514964],[4.979112317910156,47.27074080358262],[4.979053194026206,47.2707412720852],[4.979044060646574,47.27074115776408],[4.978998257852324,47.27073689627942],[4.978969184854645,47.27073424045627],[4.978911121728067,47.270731178707855],[4.97884715825689,47.27072956839548],[4.978782874344898,47.27073003474142],[4.97870164956718,47.270733941923595],[4.978654928539132,47.27073708034173],[4.978350904694967,47.270759106309306],[4.978258204338876,47.27074240659614],[4.977751148322944,47.27065100448371],[4.9772522526218035,47.27056558469564],[4.977027147278627,47.270542585996374],[4.976838413776833,47.27058038330368],[4.97683976239785,47.27074650862282],[4.976930035233927,47.27091300943827],[4.977007992482814,47.271036044262935],[4.977098139106803,47.271177512287494],[4.977135241967966,47.27123658515904],[4.977218495313102,47.27135250541065],[4.977263651174007,47.271414682882586],[4.97731135610045,47.27148140959893],[4.977418146100445,47.27168680162559],[4.977499075219681,47.27182581493487],[4.977634064082944,47.27203162653077],[4.977655513762029,47.272064400410464],[4.977955657826184,47.272001468333485],[4.978772187215144,47.27187335382754],[4.978824993684396,47.27195998474722],[4.9789662196146365,47.27193623268144],[4.979037608810175,47.27190232530755],[4.979067517852121,47.27186300202013],[4.979873890086353,47.27172865919064],[4.979841990427978,47.27167084913563],[4.979800700744037,47.271595188681886],[4.979772765927735,47.27154802727891],[4.9797141574011174,47.271465548187116],[4.9796697181733505,47.27142290096362],[4.979641911667992,47.27136844301916],[4.979603976233402,47.27118988433251],[4.9796223818306595,47.271129234459025],[4.979591788717466,47.27092371454178]]],[[[4.978126393230092,47.274310313101864],[4.97828081368371,47.27429975491594],[4.978882387666417,47.27461773755523],[4.978969251650813,47.27461589542109],[4.979032293689433,47.274646248433854],[4.979114503357576,47.274712025499504],[4.979188083033869,47.27475903858611],[4.979237126989632,47.274775762138894],[4.9792792856341235,47.27479953725371],[4.979336026115042,47.27482045199132],[4.979370275034256,47.274823469700266],[4.9794070346262975,47.274840763015455],[4.979511049947955,47.27484114929407],[4.979685043866374,47.27484466374916],[4.979773812110034,47.274840627241986],[4.980027272327938,47.27484620688879],[4.980055074584077,47.274846632842156],[4.9801149918958085,47.27478140209483],[4.9801251456136955,47.274766099823964],[4.980122756887092,47.27472282499897],[4.9801226474366,47.274719855110845],[4.980123842869356,47.27470920842335],[4.980133048589511,47.27470049621958],[4.980223545363432,47.274614121201886],[4.980346532502289,47.274429213489576],[4.980698911374287,47.27436160051578],[4.980689196839962,47.27427036234008],[4.981054205478581,47.274200821584],[4.981009681406651,47.27406983405086],[4.981009668134145,47.27406947406443],[4.981029985090557,47.274017616606564],[4.981050629020462,47.273963862440155],[4.981043985791234,47.27390210929334],[4.981059046424638,47.273826117262615],[4.980904508832867,47.27381191652873],[4.980824314417281,47.273693154948326],[4.980757468075934,47.27359190587422],[4.980714791235177,47.27352176269576],[4.980678879569874,47.27346285069572],[4.9806488932092075,47.27341392347559],[4.980622686114129,47.273370605072955],[4.979730018674735,47.27357666705057],[4.9797257897953635,47.273569625019654],[4.980614106810647,47.27336399756995],[4.980617184127531,47.27336133347861],[4.980473638310626,47.27312838516682],[4.980416751693213,47.27303885287781],[4.980377154395025,47.27297685184559],[4.9803366563280855,47.272901178077134],[4.9803366297926654,47.27290045810377],[4.980277379430801,47.272779087233445],[4.979766606830477,47.27287830982735],[4.979727193474558,47.272885916633214],[4.979137595122666,47.27300044002113],[4.978599619131775,47.273104804321655],[4.978596914225427,47.27309602524392],[4.979470669867961,47.27292622588004],[4.979722504961044,47.272877171433656],[4.980273824509056,47.272768791795],[4.98025452154681,47.272654303379696],[4.9802538389527164,47.27261424131147],[4.980253488036454,47.27258317891102],[4.980241969591764,47.27257220894719],[4.980215671010983,47.272558699657736],[4.980183633130999,47.27254024535734],[4.980175856020304,47.27252308789086],[4.980125962310117,47.27240786093499],[4.98008475530092,47.27231292776794],[4.98008099280276,47.272307768905236],[4.980002344026784,47.272198526019444],[4.9800006399516885,47.27218459684454],[4.980006900115569,47.27214981945431],[4.979986870646614,47.272090996333006],[4.979952614078654,47.27198000503114],[4.979924896859609,47.27187412518454],[4.979887021517474,47.27174032208422],[4.979112475215713,47.271865837064524],[4.979076094502013,47.27188032602234],[4.979081530867879,47.27189860413795],[4.979059830589735,47.271912932657834],[4.97900983228347,47.2719456645996],[4.978846898310626,47.27197275882745],[4.9790227209423215,47.2722417200244],[4.979001862518353,47.27224657857024],[4.978775363742562,47.27190571882168],[4.9784403232517045,47.27196951843799],[4.9783122958640496,47.271985210111794],[4.9782336612921005,47.271994836162754],[4.978067137662257,47.27203225658014],[4.977798658493032,47.272092757900865],[4.978023681696121,47.27256620298296],[4.978014997701566,47.272567521764174],[4.977985015310392,47.27257253571404],[4.978006429852152,47.27261512593174],[4.978043238294105,47.272687711519495],[4.977955145135055,47.2726992096715],[4.977965112129104,47.27274352600875],[4.977976077916301,47.272793408613204],[4.977976789501374,47.272845087035876],[4.977979183744345,47.27285621280874],[4.977988499871755,47.27290441252998],[4.9779918465184805,47.27291984461645],[4.978010365314809,47.273002377791265],[4.978017465262262,47.273033505187044],[4.9779957131631125,47.27311114179047],[4.97803142706106,47.27317555119445],[4.978006964851329,47.27317957047497],[4.9780685964059925,47.273290275517944],[4.978066914930315,47.27338477001932],[4.978120767554397,47.27344589831191],[4.978121443457718,47.273464257641386],[4.978145006983781,47.27354364294258],[4.978182227105968,47.27362738805044],[4.978226205301416,47.27372218448805],[4.978253407071901,47.27378178606258],[4.978257434577848,47.2737941447172],[4.978269563496127,47.273832480633594],[4.978280437939825,47.27389064964857],[4.97828092410003,47.27389307279368],[4.978269382055269,47.27391380177232],[4.9782535459424935,47.27393649510075],[4.978225961386209,47.273963531237385],[4.978190152231566,47.273993589332534],[4.978109514656193,47.27400279913446],[4.978136032074085,47.27414084873156],[4.978148272133084,47.27420376728064],[4.9781518267425495,47.27421406277821],[4.978126393230092,47.274310313101864]]],[[[4.979321006900998,47.27487609099177],[4.979264749336705,47.27488983848721],[4.9791983266777615,47.27490781179098],[4.979174685947648,47.274998808669345],[4.97915942230787,47.275058594258226],[4.979159455458762,47.27505949422446],[4.979199539099374,47.275123918759896],[4.9792845323782915,47.27527600921695],[4.979314700779382,47.275297557475575],[4.979339399365558,47.27533225677287],[4.979364146566483,47.275357499651285],[4.979408247306092,47.275390877273374],[4.979427386477678,47.27540396860209],[4.9794690616171,47.275414604137715],[4.979483073479316,47.27542859343192],[4.979493985822546,47.27545542316934],[4.979522179871096,47.275498797937665],[4.979595474893217,47.27555959376975],[4.9796455551830965,47.275582873355596],[4.979694158447007,47.27564147897535],[4.979743604973799,47.27570142098097],[4.979718616928327,47.27571274388276],[4.97975679863311,47.27575783925474],[4.980042269957889,47.27572712148562],[4.980111649403917,47.275713960116754],[4.98021729904354,47.27568324954104],[4.980317663979528,47.27563840068141],[4.980412326938088,47.27560040307014],[4.980781072080184,47.275416612097814],[4.980911476534994,47.27534675526662],[4.9810257385469505,47.27528050593481],[4.981155357391996,47.275200126002396],[4.980958212625588,47.27508552318881],[4.980797821761347,47.27500955564628],[4.980334621037174,47.27490300681216],[4.979702818276299,47.27486381189023],[4.97966149168907,47.27486262608105],[4.979549829577652,47.274859398677734],[4.979513686641379,47.27485884477967],[4.979472839653637,47.27485990204904],[4.979427685311963,47.274862563711345],[4.979387341115889,47.27486649407306],[4.9793430962060246,47.27487229204558],[4.979321006900998,47.27487609099177]]],[[[4.982171184691441,47.27727741008203],[4.98212662761429,47.277264033086],[4.982029914525795,47.27726802696473],[4.982027949166747,47.27725779448167],[4.982010820324546,47.27714858246697],[4.981986568819787,47.27698618065076],[4.981949684112413,47.27698708101214],[4.981942896767536,47.27698602628596],[4.981937246455688,47.276983511281564],[4.981932753096287,47.276980075977896],[4.981930213442738,47.27697579681551],[4.981929664013006,47.276971663755695],[4.981932175431297,47.27694289387724],[4.9819351682134245,47.27690565077335],[4.981929695507166,47.276875666508346],[4.981936252101902,47.27685970512267],[4.981935579838467,47.27685224219295],[4.981941336357394,47.276836114370056],[4.981925139056324,47.276805953126306],[4.981923158791292,47.27678455429768],[4.98192239689541,47.2767746614626],[4.98191558799702,47.27676226039984],[4.981901453980944,47.27675574789319],[4.981883905577808,47.27671048078902],[4.981876675112074,47.27664360473687],[4.981874686603411,47.276568174122076],[4.981872337930261,47.27645069480797],[4.981872859139091,47.27644330153952],[4.981871396783791,47.276435942160404],[4.981868387414442,47.27642968985061],[4.981863811113185,47.276424004631075],[4.981858481223876,47.276419412924994],[4.981852377828287,47.2764153747532],[4.981844304149193,47.276411730455976],[4.98183546692289,47.27640890968215],[4.981827469597647,47.276407335303226],[4.98181791861879,47.27640668799946],[4.981808014082484,47.27640721742706],[4.9817141490562875,47.27645609896387],[4.981689911348828,47.27646623877758],[4.981683170546467,47.27646644398702],[4.9816727663838245,47.27646419028872],[4.981665843016115,47.27645944568957],[4.981649704122858,47.27642009798227],[4.981655862422812,47.27639333702896],[4.981648979000375,47.27636814966775],[4.981639122972478,47.27629465451245],[4.981634191649332,47.27625781693715],[4.981624345619753,47.27618459176684],[4.982044824251243,47.276144178319406],[4.982065634112553,47.27613796928662],[4.982325812127376,47.276002676016404],[4.982299562099304,47.27589370991136],[4.982297440680596,47.275879247591384],[4.982292738857117,47.27573028981233],[4.982288451289207,47.275710911579644],[4.982282806000155,47.275697770223076],[4.982255994048518,47.2756704019503],[4.982091824801293,47.27551363289975],[4.982088169750411,47.2755006376326],[4.982080955863727,47.275455734270025],[4.982061991797363,47.27538284501309],[4.982060409677356,47.275286154845446],[4.982071072254163,47.275187814595],[4.982117892551665,47.27501510286509],[4.9819370660298965,47.275041606474225],[4.98190515388653,47.27505890163089],[4.981864328363161,47.2750713060849],[4.981846196223351,47.27507476774342],[4.981725719703713,47.27509087436547],[4.981639832616936,47.275108461182604],[4.981534594899794,47.27513952627033],[4.981454483889351,47.27516304784481],[4.9814087433136995,47.275182109980136],[4.980909444963105,47.27543162009817],[4.980775351484009,47.275530627103635],[4.980676017018865,47.275614181656515],[4.980649781684491,47.275667040589795],[4.980648310972096,47.275670217564155],[4.9806361532814805,47.27570653648899],[4.9806336782299265,47.275714773591304],[4.9806422232176715,47.27578504929434],[4.980703946588508,47.27595185453951],[4.98071373919154,47.27598059440562],[4.980741827398792,47.27606413442267],[4.980768668768318,47.27624306205209],[4.9807766485448735,47.27628723196135],[4.980840346354582,47.2763783587262],[4.980845339164187,47.27638457719102],[4.980975423240789,47.27654283055273],[4.981013038805516,47.2765940588088],[4.981037145893124,47.27666650014022],[4.981052719607657,47.27673359395408],[4.981070399385435,47.276825506474296],[4.981106460599052,47.276942229902644],[4.981122859909932,47.276977881045426],[4.9811987551613335,47.27714138215394],[4.98127124148798,47.27729854765822],[4.981215205485564,47.27760901742263],[4.981198146459239,47.277609308772895],[4.981196482960126,47.277628788664344],[4.981338756462702,47.27764382902042],[4.981643219575763,47.27765420756392],[4.981887553727438,47.27762724996697],[4.981888728962842,47.2775945405869],[4.981955512594973,47.27758628537938],[4.981950634018594,47.27750784236237],[4.982214006241497,47.2774159005992],[4.982171184691441,47.27727741008203]]],[[[4.980329817350483,47.277002048527336],[4.9803606287129,47.27705177218186],[4.980386364376903,47.27709302743178],[4.980407885459776,47.27713840701989],[4.980419374466078,47.277170089690415],[4.98042281964112,47.27719893793299],[4.980406851535749,47.27725036073009],[4.980390895919993,47.27726981444517],[4.980383291301322,47.277289665909024],[4.980392073701669,47.277355614980394],[4.9803894527170245,47.27741374399932],[4.9803598877844975,47.27741938175578],[4.980370289496338,47.277453874637196],[4.980370202632723,47.277473057437604],[4.980358690480197,47.27749459656243],[4.980358843803319,47.277531065463236],[4.980540926880578,47.27753840302285],[4.980526452230168,47.277608801542556],[4.980705595968122,47.27761177642819],[4.980856929394883,47.27761414529019],[4.980917704120488,47.27761517871144],[4.981166729128911,47.27760777411887],[4.981190995143125,47.277512263556304],[4.981203111524586,47.27746405828933],[4.981224534542209,47.277323749792515],[4.981220589330509,47.27729211845983],[4.981191296021009,47.2772297616527],[4.981077235641631,47.27698937655485],[4.981073150834715,47.27697548807367],[4.981046240342573,47.276880851497666],[4.981018196565186,47.27676624246177],[4.980999933995824,47.27669081961786],[4.980980530738267,47.27663828975774],[4.980955214777342,47.27659765783288],[4.980944392529985,47.2765840645082],[4.980808540677708,47.27640933981834],[4.980755604847053,47.27635170916365],[4.980708763891396,47.27630865308435],[4.980706406886375,47.27615857466523],[4.980706329159354,47.27614569838607],[4.9806876572574845,47.27606992226166],[4.980677333821421,47.27602678294708],[4.980608403858449,47.275836776962194],[4.980591771087963,47.275805542334915],[4.98058706227388,47.27579625720132],[4.98057765566637,47.27573491147428],[4.980589994998047,47.27567121328101],[4.980586720947248,47.27563623848572],[4.980544309783567,47.2756379532018],[4.980088723681818,47.27580278369016],[4.980059987476081,47.27582011415628],[4.980074989257488,47.27587172871461],[4.980091707982362,47.27590530332587],[4.980104448386651,47.27592786930317],[4.980102734792277,47.27594599924379],[4.980068004019029,47.27598378405518],[4.980055496329171,47.275999846915944],[4.980054991457855,47.27600769016038],[4.980061615387533,47.27602585788789],[4.9800667387145685,47.27604639261232],[4.980085019819403,47.276068503800346],[4.980088769314419,47.27607330266878],[4.980107049139157,47.27608460749408],[4.980119879144981,47.27610960337511],[4.980128153561804,47.27616178302497],[4.980092449571993,47.276162392490825],[4.980092791763831,47.276203991215475],[4.980115641098402,47.27622080133555],[4.980127266436379,47.2762346511854],[4.9801272863370745,47.27623519116472],[4.9801387928735705,47.27627813021565],[4.98014945564802,47.276287403782696],[4.980155233150665,47.27630414510193],[4.980156696575663,47.2763223108611],[4.9801795412815,47.27638207640949],[4.980146320243175,47.276385435152335],[4.980160880425523,47.276446602865484],[4.980172768550747,47.27644603971824],[4.98020572154836,47.27652157211674],[4.980233933970184,47.27659772575003],[4.980251067647034,47.276642549895456],[4.980276377170445,47.27676918284038],[4.980278121267222,47.276784191943655],[4.980294243416571,47.27690927070858],[4.980296321214426,47.276922563104286],[4.980329817350483,47.277002048527336]]],[[[4.981552512346033,47.28408527412543],[4.981610553418485,47.284108867227935],[4.98211089236038,47.28395002183677],[4.982677619169039,47.28376131280582],[4.982863261676121,47.28369240142244],[4.983419963109585,47.28345811307704],[4.983461600116371,47.28345677086661],[4.983550139040502,47.28353216239216],[4.983616452011932,47.28358623109542],[4.983833788337788,47.28331127524569],[4.983936730457135,47.283163899175825],[4.983990803939294,47.283101558303585],[4.984009520696047,47.283081606662755],[4.984040895154064,47.28304964160461],[4.984064766445975,47.283029511749724],[4.984120213627556,47.28299362290937],[4.984206544909496,47.28295549482378],[4.984264024394067,47.28293163825999],[4.984297773484435,47.28292097508349],[4.984378575310285,47.28289437817696],[4.9846442195583665,47.28280959686271],[4.984765085938341,47.28276061150368],[4.984913310620558,47.28268918498757],[4.985078319490207,47.28260999667953],[4.985447940667581,47.2823845724297],[4.985558335234624,47.28231010028641],[4.985595220579273,47.28226615344565],[4.985618455607832,47.28222883399482],[4.9856012267846435,47.28217086451142],[4.985636735121705,47.28216485358114],[4.985969146796969,47.28193177951211],[4.9860635423601884,47.28186487503017],[4.9862373969187,47.281767342806],[4.986036829516565,47.28148593845154],[4.985976003021409,47.28140845340016],[4.985919060156479,47.281339366832235],[4.985865787100826,47.281283635336926],[4.985808386120227,47.28123436825116],[4.985707660848208,47.281172965110144],[4.98536823123318,47.28100118969698],[4.98534800286221,47.28101243230892],[4.985343649035051,47.281045016003766],[4.98528571014101,47.28108860266342],[4.98524114847508,47.28111818224314],[4.98515588272809,47.28117430358388],[4.985063539554692,47.28122154064693],[4.984961184411443,47.28126642745192],[4.984775722545259,47.28133993206781],[4.984409595543367,47.28157384962285],[4.984300658260586,47.28164478369782],[4.984241368067517,47.281684070364506],[4.984131553739888,47.28175276794359],[4.983969848497118,47.28184612684358],[4.983902733720193,47.28187780257282],[4.9837993203116255,47.28191559220771],[4.983674737956078,47.28196067779924],[4.983526554198284,47.2820009437033],[4.983458872754006,47.282028036148866],[4.983447408116219,47.28201859648166],[4.98362268483095,47.28194869024673],[4.9836246519823675,47.281948206346314],[4.9838745501944635,47.28185640163403],[4.983915521253893,47.28183706001164],[4.9840767467186256,47.28174145806641],[4.98425011252879,47.281630609370914],[4.984348643415811,47.28156813822795],[4.984410723950204,47.281529163983855],[4.98456974444339,47.28142765552235],[4.9847462589380305,47.28131612180104],[4.984915829836069,47.28125306512562],[4.985006868850298,47.281213505014726],[4.985079360365413,47.28117696379469],[4.98511157210475,47.28115696113223],[4.985307189257611,47.281036004266404],[4.985307753273135,47.28102978094736],[4.9853255162702474,47.280779939687314],[4.985325379913713,47.28077624984153],[4.985329949905519,47.280749515899366],[4.985338194663601,47.280714794390576],[4.985343834172237,47.280695516555824],[4.9853611161590425,47.28063677629679],[4.9853967775572485,47.280548994527834],[4.985454914880299,47.28040337415441],[4.985463448864342,47.280376482305556],[4.985504621497654,47.28024448010736],[4.985545546863551,47.28011653450942],[4.985611297284566,47.27994061589457],[4.985612034215611,47.27993907237685],[4.9856455238692945,47.27985700101496],[4.985680834116707,47.27977048586926],[4.985720192345177,47.279675346363256],[4.9857496934614325,47.279603519242144],[4.985759944734598,47.279569393705444],[4.985747239073379,47.279451191220254],[4.985728349354053,47.2793697462437],[4.985672226352825,47.27909721527722],[4.985637490320906,47.27898443283539],[4.985564445479308,47.27886627251856],[4.985441376405283,47.2788983666432],[4.985255402250907,47.278947026327344],[4.984876768341649,47.27904608013056],[4.984860810372722,47.279033205404595],[4.984859977010956,47.27903213902495],[4.984718635185866,47.27892424212323],[4.984392396289956,47.27867920516845],[4.984977130044523,47.278205967377865],[4.984796206222191,47.27804741751468],[4.984223347576899,47.278551969928756],[4.984235605067775,47.27856139596076],[4.984128347882063,47.278656165421545],[4.9840249558239655,47.27873736068954],[4.983915746691947,47.278811541138985],[4.983639776229619,47.27894944908218],[4.983451006420621,47.27905146511997],[4.983067123560795,47.27925578476549],[4.982941923111072,47.27932699569051],[4.982817852746447,47.279396566200596],[4.982559575265187,47.279540742906335],[4.982130892537304,47.27977914456043],[4.981904717316005,47.27990043804827],[4.981650018998545,47.28002338899651],[4.981425377273204,47.28013249814282],[4.981017425596777,47.28033046776653],[4.9809394145767705,47.28036809126713],[4.980932407811177,47.28036109672227],[4.980776782196408,47.28043633678108],[4.980781342133673,47.280441572052275],[4.980617391105287,47.28051713414391],[4.980610791058782,47.28051040279563],[4.980459230156351,47.28057746824064],[4.9807132597296375,47.280834645269486],[4.980781486301378,47.28093001721041],[4.980859733203163,47.28101720329792],[4.980948757056563,47.281116722680856],[4.981104274569177,47.28139377169007],[4.981219191299024,47.281614060046664],[4.981253153588742,47.28166300919507],[4.981285432680286,47.28170937554267],[4.981520913454349,47.282012344387525],[4.981587229020116,47.28208811694555],[4.981623590788716,47.282126758960146],[4.981713927751553,47.28220797457869],[4.98183973892793,47.28231451939568],[4.981789198125615,47.282332762995395],[4.981718833042281,47.28226561475833],[4.981635707283153,47.28218616708113],[4.981591687615003,47.282144413965824],[4.981542317672609,47.282097529145304],[4.9814929444969405,47.282050554306586],[4.981210363892294,47.28168688357289],[4.981127361383316,47.28157843636884],[4.981104514913117,47.281529477468744],[4.980991916302033,47.281501232481666],[4.980959539882442,47.28144144981922],[4.981058375907024,47.28140869380739],[4.980994062628466,47.28131181435799],[4.980940255652697,47.2812306948565],[4.98088182578316,47.2811426301311],[4.9807910414872865,47.281006128968315],[4.980730560120418,47.280927014443556],[4.980688844932196,47.28087234406619],[4.980645453263449,47.28081527086521],[4.980441259994947,47.2805961458339],[4.980152882801547,47.280731825442125],[4.979649822474825,47.28096698433044],[4.979489429028136,47.281042213890565],[4.979359842187589,47.28111313537959],[4.979285568701618,47.281155286648996],[4.979232093982462,47.28119086937276],[4.979089783926305,47.281293616198596],[4.978927203286993,47.28150351140904],[4.978855447085623,47.28163558232745],[4.978822342576826,47.28192242526612],[4.978838613466524,47.2819977021365],[4.978856829616562,47.28205034253901],[4.978892740349507,47.282163016569875],[4.979062176051694,47.28207448596148],[4.9791307096159265,47.282145899486316],[4.979240550251683,47.282260914299414],[4.9792194979355315,47.282314494738095],[4.979440005905059,47.2824699461727],[4.979586338503248,47.282573261520994],[4.979825735912098,47.28279953173387],[4.9798167430979055,47.28280328731599],[4.979843156043953,47.28281976651809],[4.979953652040618,47.28288785191778],[4.980015902147749,47.28292875417628],[4.980089243784393,47.28295821048195],[4.979940840117507,47.28314346064479],[4.980073901907069,47.283231332672216],[4.979986916858813,47.28330567004813],[4.9800657239440005,47.28338645330666],[4.980364552314772,47.2836092766673],[4.980352190261397,47.283640105672006],[4.980377572378372,47.28379015080896],[4.980312154326146,47.28388951517456],[4.980346446921354,47.28390432886773],[4.980376698864265,47.28391723036025],[4.980417726603269,47.28393165890677],[4.980485191862785,47.283941673808314],[4.980691384833588,47.283956254406064],[4.980752679638652,47.283960431006186],[4.981050554330957,47.28398497242558],[4.9813056114588,47.284011144848435],[4.981380652104987,47.2840220204451],[4.981552512346033,47.28408527412543]]],[[[4.982452415937657,47.25501225333688],[4.982614211246193,47.25559042538268],[4.9826189451980305,47.25560043048758],[4.982697176546286,47.25558054171639],[4.982818257566347,47.255549744067146],[4.9828992513953,47.25552944770219],[4.9828969432294405,47.255520661881086],[4.98287406745839,47.25543838349424],[4.982936051443166,47.25542984903562],[4.982984622176306,47.255423435065154],[4.982911932952668,47.255174057820106],[4.983143882375857,47.25506157593186],[4.983230375377259,47.25502902797038],[4.98324133943883,47.25502505817404],[4.9832265111841005,47.25496731699633],[4.983355303002063,47.25495196621486],[4.983423024080919,47.25494837637739],[4.983529287310561,47.254892436169975],[4.983458633523288,47.25463374879717],[4.9835212893830985,47.25460043764756],[4.983597961950743,47.254559862461896],[4.983625995510338,47.2545453344532],[4.9836298912732895,47.25454337667184],[4.983716314121414,47.25453046130789],[4.983804556923757,47.2545131020922],[4.983812813457369,47.2545217861305],[4.983816105442382,47.25452497175449],[4.98391144545204,47.254484887459064],[4.9840865627347615,47.254348611070384],[4.984271093540999,47.25417714226007],[4.984442243024287,47.25413765128913],[4.98457053075624,47.25410870957078],[4.984985121042723,47.25405325380514],[4.984906611550358,47.25385062522067],[4.9848187981867005,47.25362167992648],[4.984727796448838,47.253231141959446],[4.984634660488661,47.25283649792235],[4.984620513613907,47.252818729237404],[4.984612370188118,47.25281310515805],[4.984599438401407,47.25280675254982],[4.984584600351856,47.25280250381352],[4.984569035684021,47.25280006859519],[4.984382538692924,47.2528106449706],[4.984308878942718,47.252814517160076],[4.984140629255735,47.25282496097146],[4.983972855764406,47.252837557688636],[4.9836720425094745,47.25284702706973],[4.983548277326194,47.25283716721301],[4.983449694712321,47.25282156325292],[4.983318922823016,47.252804618682916],[4.983245652364963,47.25278678049599],[4.983124242896409,47.25275472658562],[4.983041302934586,47.25273291116513],[4.982926714527862,47.2527029016901],[4.982919900349526,47.252701037034804],[4.9827009183502975,47.25268073737384],[4.982422154085275,47.25267478745289],[4.982366109548192,47.25267214349906],[4.982248452373119,47.252666500432625],[4.982192797752991,47.25266366962111],[4.982118832729522,47.25265926066359],[4.982002582560551,47.25264873037548],[4.981233208286809,47.2525732662485],[4.9810743068131895,47.252557430202046],[4.98099542769904,47.252548871953024],[4.980734176821541,47.25253361336209],[4.980711984038732,47.25253435269581],[4.980686910793274,47.25254306598739],[4.980686524205401,47.25254334275346],[4.980670109845626,47.25256091352931],[4.980657314050462,47.252579773299736],[4.980726014002849,47.25320582608819],[4.980749866810416,47.25348701753805],[4.980773328976153,47.253736066348495],[4.980787642172951,47.253844517021044],[4.980839080649874,47.25416360014465],[4.980854639517224,47.254219708145264],[4.980866355020896,47.25422536151231],[4.980879193840566,47.254229194607916],[4.980887171255441,47.25423031907967],[4.980933296983621,47.254232953120216],[4.980941700414694,47.2542564037006],[4.980870570298484,47.25426437293261],[4.980823294264542,47.25428436206906],[4.980648960212743,47.25435596125917],[4.980458489814795,47.25443116778455],[4.98022504479689,47.25452466843648],[4.980139796805146,47.254558723802006],[4.979941771380687,47.25461199524854],[4.979328807331944,47.25477618235814],[4.979258477150913,47.25479512350793],[4.9792224029696905,47.25481762237601],[4.97922010318268,47.254819822925775],[4.979207963577858,47.2548349790899],[4.979198229800548,47.254850814618834],[4.979192101456131,47.25486757919902],[4.979189162110184,47.25488473961555],[4.979189798378238,47.254902019107874],[4.979205458433935,47.254928587874765],[4.979312977170092,47.25511136311732],[4.979424680953043,47.25530001037543],[4.979582195777925,47.2555581174917],[4.979671546675656,47.25570004792536],[4.979754112185976,47.255830116971524],[4.979981519548802,47.256186539777],[4.980606102196567,47.25603574923875],[4.980678836114617,47.25601739661905],[4.9807786906559794,47.255992006737344],[4.980792857441138,47.25598879295593],[4.98082387738946,47.255979888041296],[4.980853631356569,47.25596893350446],[4.980903374468647,47.25595124365048],[4.981046882579176,47.255893678950734],[4.981182072266494,47.25585804924838],[4.981190330384766,47.255856017018715],[4.981215058292993,47.2558486603645],[4.981238120333624,47.25583917087369],[4.981384040116868,47.255803987970125],[4.98160288527301,47.2557771944203],[4.981700143726737,47.25578904037923],[4.981776283229915,47.25583078490137],[4.981911931901546,47.25590447200415],[4.982012807891497,47.255949846002636],[4.9820938923111076,47.2559535030253],[4.982215343052764,47.25595421859976],[4.982303985397914,47.25595837665312],[4.982531673546313,47.25598843434784],[4.982675486667519,47.25602523896309],[4.982737561331175,47.256040657433175],[4.982612588777568,47.255610985434444],[4.982454223223988,47.25505049539145],[4.982355466634661,47.25471826352029],[4.982162995871241,47.254007515535726],[4.982172096545184,47.25400681963633],[4.98235701108333,47.25468482707522],[4.982452415937657,47.25501225333688]]],[[[4.984142601657922,47.26298274302083],[4.984339135914443,47.26294209808083],[4.9844194899776,47.262925684154645],[4.9845777916943845,47.26289217688259],[4.984670098266274,47.26286628269798],[4.984775379941158,47.262837104547046],[4.984821744744584,47.26282451397868],[4.984888114028543,47.26280554740168],[4.984955920130675,47.26278250377201],[4.985111486743767,47.26272869041081],[4.98519223454285,47.26270146274144],[4.985464333898417,47.26261152361078],[4.985745298063168,47.26255745356389],[4.985500421753995,47.26208445106042],[4.985238635113293,47.26158328049463],[4.984794890384157,47.26138816488304],[4.98478346871214,47.261390521658655],[4.984728847294318,47.261297710441625],[4.984538382485066,47.26133059773412],[4.984410631444306,47.26135304597782],[4.984341273735378,47.26137701641714],[4.984315047452032,47.26132235223262],[4.984161056323314,47.261354254575586],[4.984241140955392,47.261491837381136],[4.984090214572884,47.261531521862345],[4.984018290820635,47.26155049298913],[4.9839444072594,47.26157012797499],[4.983651718485406,47.261668430601496],[4.983610438433105,47.26159655333284],[4.983298312084469,47.26167717677034],[4.983282257245182,47.26168303467692],[4.9832835300856315,47.26168526425358],[4.9833095742096,47.26172426240409],[4.983450658501247,47.261934016193045],[4.983712980599593,47.262321083169546],[4.983962443141014,47.26220920143049],[4.984239126430405,47.26210369747343],[4.984311908373074,47.26207570616022],[4.984356123446855,47.262058649857806],[4.984380123700025,47.262053016061934],[4.984548181827557,47.26201510929942],[4.984762690208881,47.26196695166423],[4.9848122836128095,47.261955836740896],[4.984819187692941,47.2619708476192],[4.984723177010103,47.26199311314616],[4.98453431496227,47.26203722967728],[4.984467406999274,47.262052332975806],[4.984394229725896,47.26206961475009],[4.984373365765573,47.26207420429079],[4.984353374766374,47.262080940181725],[4.9843436224282565,47.262085519691524],[4.984236067484788,47.262128334500865],[4.9841265260111935,47.262171093140864],[4.983951677826048,47.262240093943056],[4.983855197388293,47.262281908443015],[4.9837548271223,47.262325860635514],[4.983720057160546,47.262340773952864],[4.983684020950271,47.262353637681954],[4.983678531544893,47.26235544260143],[4.983586861145278,47.26238780899963],[4.98350029008743,47.26241855719161],[4.983419188425739,47.26244696042994],[4.9832656139463,47.26250100760517],[4.98347282934095,47.262642270156405],[4.983606963591671,47.262749661418106],[4.983700349567543,47.2628390183634],[4.9837909994289875,47.262929502684784],[4.983879319748175,47.263021377594576],[4.983891306592128,47.263034320387206],[4.983974807258644,47.26301713251575],[4.984034677195405,47.26300485155051],[4.984084304933362,47.26299463691232],[4.984142601657922,47.26298274302083]]],[[[4.981805987923689,47.26259854367356],[4.981816157094329,47.26259449758239],[4.982655262485921,47.262243353983614],[4.982566668979651,47.26219777047055],[4.982453064355016,47.26214117762589],[4.9823248202887305,47.26207501905621],[4.981610768755003,47.26237350338651],[4.981684534364148,47.26245824420436],[4.981759543135438,47.26254440459196],[4.981805987923689,47.26259854367356]]],[[[4.986972881646017,47.26512538443576],[4.987056704832452,47.26515978968667],[4.987251245188134,47.26523678434518],[4.987380966803653,47.2652888639078],[4.987600161893664,47.265377862924296],[4.987718325303688,47.265428609288605],[4.987735216817739,47.26543462354731],[4.987752828361917,47.26543864427949],[4.987816158990981,47.26544476311794],[4.9879081307547715,47.26544192594019],[4.98800913179782,47.26543641240739],[4.9880978306068355,47.26543092956856],[4.988164324735571,47.26542600742446],[4.988207337729339,47.26541932649731],[4.988100496921462,47.26518116467677],[4.987888562047172,47.26468761050134],[4.987846187333701,47.264593510161305],[4.987578947946615,47.26401021911658],[4.98753815413104,47.26391591145508],[4.987458750270233,47.2637219454851],[4.987407602592727,47.26373398868739],[4.987297631639858,47.26375442429121],[4.987220790210448,47.26376924909438],[4.987160106946077,47.263781005311436],[4.9870351840777465,47.26380493879741],[4.986992622089292,47.2638130524478],[4.986841637984526,47.263851300523086],[4.98675751005611,47.26387300388243],[4.986583537576682,47.263922812105044],[4.986548755868778,47.26386226136858],[4.986478373097318,47.26388003686874],[4.986459898309611,47.263884856009966],[4.986335260959942,47.26391652846781],[4.986281164754882,47.2638165947404],[4.986210818542961,47.26383536004366],[4.986183145708098,47.26378459337041],[4.98611632583653,47.263802127523974],[4.9854765927269,47.26264256240813],[4.9854165862468856,47.26266187066739],[4.985247215207664,47.26271799199928],[4.985162141255032,47.26274628435341],[4.984909794862738,47.26283381342868],[4.984755035354493,47.26287725650941],[4.984608114793239,47.26291804372449],[4.984506962980397,47.2629408472828],[4.9844246491184,47.26295792518104],[4.984325400466751,47.262978534721555],[4.9840555777241775,47.2630334912932],[4.983912543868279,47.26306133342583],[4.983981205407499,47.263168943754],[4.984124653438672,47.263399548744246],[4.984196633772267,47.26352178092618],[4.9843460728293145,47.26375336378464],[4.9843635129213695,47.26376351160884],[4.984382476356496,47.26377192234362],[4.984390108489134,47.26377440330989],[4.984474562783223,47.26379376060604],[4.984735904953943,47.26385295632737],[4.984929487629802,47.263893499399614],[4.98497879043617,47.26390670393266],[4.9850874180029665,47.263935823113286],[4.985203807541541,47.26397093298175],[4.985268127880979,47.2639931558627],[4.985330934935143,47.264017385797416],[4.985391428817546,47.26404345637444],[4.98544353054229,47.26406795957224],[4.985575369421513,47.26413450350988],[4.985602941547881,47.2641503311762],[4.985726404308322,47.264226474001774],[4.985804613400365,47.264291594540175],[4.9858527176498955,47.26433678832087],[4.985898085525605,47.264383109584315],[4.985930775682034,47.26441929174082],[4.98607124116727,47.26457961348949],[4.986129783726195,47.26463876684182],[4.986190659600568,47.26469661945203],[4.9862382747746725,47.26473929994771],[4.986342848082848,47.264819728012256],[4.986414317647458,47.26486353078549],[4.986543493074173,47.26493309104933],[4.986667663100549,47.26499607293757],[4.986815710965214,47.2650608069282],[4.986972881646017,47.26512538443576]]],[[[4.982696831792443,47.26484384464744],[4.982758339100759,47.2649619340981],[4.9827912802123215,47.26502647971243],[4.982901249906407,47.26524252938881],[4.982942655303591,47.265321338823895],[4.982966527050227,47.26536595748956],[4.982994810152053,47.265422567912346],[4.983025451742153,47.26548931406331],[4.983100215924641,47.26563320215619],[4.983114750920803,47.26566141057027],[4.983179665131692,47.265764222469414],[4.983196602741205,47.26577149734406],[4.983220009387506,47.26578199357966],[4.983270697436984,47.265789681890986],[4.983318011195712,47.26578121822821],[4.983651445966538,47.26567510585237],[4.984371258629974,47.26544576262561],[4.984690546814723,47.265343581429654],[4.984688858360765,47.26533010226914],[4.984689280466369,47.26530929264077],[4.984692878936728,47.26528851870879],[4.98470007034075,47.26526831366624],[4.98470939445865,47.265252124542165],[4.984721564779079,47.26523777783707],[4.98473657132955,47.26522500355966],[4.984754010832049,47.26521362850293],[4.984773499952389,47.26520401944089],[4.984745015662441,47.265142009637245],[4.984774513552126,47.26513475079249],[4.9847042691495815,47.26501663175261],[4.984637568112345,47.264897731603725],[4.984601338846697,47.26483018091561],[4.984556462595556,47.26474341663437],[4.984515129531711,47.26465587127553],[4.984501740744411,47.264626472705764],[4.984468908642356,47.26455418105041],[4.984423516723268,47.264431944371914],[4.984396630872285,47.26435946089407],[4.984372898137425,47.26428638313513],[4.984367450772709,47.26426783522064],[4.98432209608964,47.26411434921383],[4.984309098698283,47.26407404742072],[4.984250804473569,47.263903312351154],[4.98423531781285,47.263860081365266],[4.984181058517409,47.263734123982594],[4.984143718390944,47.26365794698942],[4.98409643092525,47.26357032323419],[4.984067826212073,47.26352650616899],[4.9839684235773705,47.26337097288311],[4.983901507737434,47.26326765526886],[4.983858320828107,47.263205086264996],[4.983815753217833,47.263148540252914],[4.983734946501507,47.263045190000916],[4.983683990473286,47.26298716646145],[4.983627339136254,47.26292536800468],[4.983547491093948,47.26283722031214],[4.983508870932561,47.262801589198325],[4.983467517720495,47.26276717551504],[4.983425880879965,47.262735828496076],[4.983293408474334,47.26264119624426],[4.983168613238787,47.26269006829977],[4.982933051067837,47.26278081809856],[4.9821277839345175,47.26309194164964],[4.9821678357585695,47.263177168329776],[4.98222357333323,47.26330030966007],[4.982274438748892,47.263398949580285],[4.9823112200859425,47.263470814108594],[4.982341207479706,47.26353063750673],[4.982380383738389,47.26361362773366],[4.982416017108406,47.26369739893802],[4.982420821454175,47.263709293954285],[4.982451802411429,47.263860594888826],[4.982447189048216,47.26386463611262],[4.982458696782283,47.263939904388266],[4.982469326534784,47.264002129885235],[4.982462515599089,47.26412949216621],[4.98245997430154,47.26423273712271],[4.98245904206212,47.26427201646105],[4.982460896143862,47.26431151833016],[4.982465197916623,47.26434206304403],[4.982479880545335,47.264428083473696],[4.9824917646805105,47.264459759322165],[4.982507201850525,47.26449092416386],[4.982519047712029,47.26451080363302],[4.9825386702883225,47.26454784046488],[4.982562577877651,47.26459344919358],[4.982622712112242,47.26470660923911],[4.982696831792443,47.26484384464744]]],[[[4.987711967718729,47.26546059729071],[4.987706364951836,47.26545934250971],[4.9876657060425185,47.26544382967351],[4.987603019952033,47.2654122144872],[4.987552602318367,47.265390384985494],[4.987052743298958,47.26519218686613],[4.986907367374697,47.2651353321261],[4.986861869540353,47.265117740624994],[4.9866573652777175,47.26502884880454],[4.986637541247483,47.26501865209878],[4.986485405096045,47.26493993952455],[4.986427169678437,47.26491058888233],[4.986371254208463,47.26487957750865],[4.986311156317649,47.26484278424698],[4.986249092802158,47.26479575849041],[4.986189365910317,47.26474752198541],[4.986132348982626,47.26469743796543],[4.986078068625636,47.264646226408836],[4.986026514857119,47.26459361732894],[4.986019496182136,47.26458626305929],[4.985840462070257,47.264381034469515],[4.9858074418860125,47.26434665901487],[4.9857712820163576,47.26431323784849],[4.9857499659329445,47.26429487165049],[4.985717995160544,47.264267412342704],[4.9856832912941655,47.2642411705212],[4.985646270909276,47.26421667937372],[4.985612996392656,47.264196896930315],[4.98554370433197,47.26415827951601],[4.9854728824098276,47.264121219166896],[4.985453475510128,47.26411155544591],[4.985312984321703,47.26404714067277],[4.985270257626601,47.264029321018306],[4.985226014292993,47.264013418439376],[4.985185876820227,47.26400122781914],[4.985123996066894,47.263980584102015],[4.98506020871805,47.26396204422351],[4.985007319637771,47.26394845083866],[4.984868779387694,47.26391534085469],[4.984687991543831,47.263877370384364],[4.984535969933061,47.263844580773984],[4.984402112078034,47.26382003527459],[4.9844319251428715,47.26403628450108],[4.984476434803229,47.26417762767931],[4.98452450433474,47.264318639759146],[4.984555031934841,47.26440375846911],[4.9845997172923635,47.26452834859015],[4.984658090866284,47.26465819772374],[4.984847111788102,47.265015718081564],[4.985291102426984,47.26576456978876],[4.985353374155669,47.26587093786883],[4.985412106339381,47.26597817699194],[4.985440289262548,47.26603199690443],[4.985689407502409,47.26597487039973],[4.985810935027049,47.26596630574795],[4.98588144958984,47.265962756948056],[4.986015725915788,47.26595550469467],[4.98615389870299,47.26594629442866],[4.986324212941867,47.265926177340305],[4.986444347421388,47.265912142602176],[4.986541906944454,47.26589939495938],[4.986638683133716,47.26588693081309],[4.986734186195252,47.26587223705099],[4.986770473579444,47.2658661221482],[4.9869053737727755,47.26584354903457],[4.986994284297283,47.26582230402086],[4.98707726521345,47.26580170085475],[4.987217832337783,47.26576065931167],[4.987317568763587,47.26573166403043],[4.987700369291112,47.265662066270245],[4.987785266272123,47.265639628672744],[4.987918956059771,47.2656058183843],[4.988299525733684,47.2655188764704],[4.988272445305551,47.265505652558666],[4.9882430583569946,47.265494449366344],[4.9882129447515196,47.26548505969993],[4.988180927911514,47.26547786394421],[4.988148597687728,47.26547292489693],[4.988121523558733,47.2654705973518],[4.987890334231628,47.265475821046586],[4.987834455845593,47.26547803957205],[4.987741988014677,47.265467467178844],[4.987711967718729,47.26546059729071]]],[[[4.984888576737397,47.26546140466199],[4.984857476608675,47.26545752429451],[4.984827096619477,47.2654516504128],[4.984797823432434,47.26544350623905],[4.984793797288717,47.265441954175344],[4.984773613391294,47.265432753905586],[4.984755352826993,47.26542189975085],[4.984739805534603,47.26540928813979],[4.984405584620907,47.26551550722535],[4.9837080802966565,47.265736364247836],[4.983501429453929,47.26580428705867],[4.983494389693005,47.26580710906598],[4.983474496847618,47.265816544700456],[4.983456260288401,47.26582784313184],[4.983441256587034,47.26584070723736],[4.983428285876004,47.26585488737739],[4.9834185280948615,47.26587009321251],[4.983412369915587,47.26588604796987],[4.983409011428124,47.26590258522264],[4.983408832661729,47.26591924820373],[4.983411234363868,47.265930553889326],[4.983417964479148,47.26595160139809],[4.98342784775264,47.26597205465964],[4.983498887896628,47.266058011641995],[4.983571548033584,47.26614484141127],[4.983728302474409,47.26633793693534],[4.983967069697932,47.26630494550861],[4.984226633157522,47.26626907628836],[4.98440368648915,47.26623795026222],[4.9844675661677655,47.26622668118551],[4.984673088071073,47.26619623831741],[4.984730453422914,47.26618769212702],[4.9849061552166445,47.26614506158169],[4.985294529199641,47.266050701777196],[4.984967801549295,47.265543258350235],[4.98491641074324,47.26546281941699],[4.984888576737397,47.26546140466199]]],[[[4.983506437152105,47.266165766789136],[4.983491440720068,47.26614657167932],[4.983462430500168,47.266113297706006],[4.983430690366642,47.266081331163214],[4.983357068453928,47.26601144784031],[4.9833180030017425,47.26597456353582],[4.983244474379985,47.26590720004995],[4.983228917337716,47.26589431824834],[4.983183353127791,47.2658534025623],[4.983140115653664,47.26581100621478],[4.983100011465656,47.26576747563149],[4.983042721667639,47.265677681154955],[4.9829822504823795,47.265576954501725],[4.982925832182424,47.26547849991648],[4.982849255975513,47.265306996224346],[4.982691750262871,47.264953526823604],[4.98188645919167,47.265114258701935],[4.981190862258915,47.2652793247623],[4.981050104173208,47.2653260355913],[4.9812298980227645,47.265541524368366],[4.981362399837161,47.26570144727851],[4.981398598667763,47.26581132460184],[4.981434784373018,47.26592084192145],[4.981451301568478,47.26597053946849],[4.9814481843469025,47.26603669205561],[4.9814450889633,47.26607114540753],[4.981538239474274,47.26620787621641],[4.98159697117491,47.266293774443334],[4.981625502335541,47.26633561213772],[4.981674223803863,47.266408353433214],[4.981733448827574,47.26649685471596],[4.981795804020383,47.26658413178511],[4.981825042475861,47.26662361595198],[4.981883200870019,47.26671546736734],[4.981952503631055,47.26684044812918],[4.981961480370737,47.26685785517195],[4.982033787300278,47.26695666901252],[4.98204341463653,47.26697019262725],[4.9820891382613395,47.26701542859063],[4.982115230490912,47.267034164080755],[4.982183315662419,47.267083070252596],[4.982242447316801,47.267115199342875],[4.982340497874576,47.26709416197338],[4.982357691607281,47.26712988952181],[4.982372825781683,47.26716358103836],[4.982471001714891,47.267382624224894],[4.982531414459556,47.26750325392522],[4.982599315365171,47.26773001878393],[4.982681714210184,47.267994718457075],[4.982793134419406,47.2682714393631],[4.982966352982233,47.2682329968501],[4.983498987049808,47.26811447400963],[4.983632838508252,47.26808480854546],[4.983702120831118,47.268069305073226],[4.984096957620935,47.267981142839176],[4.984254821284486,47.267946112917116],[4.984324896548577,47.26793059549999],[4.984533148822307,47.267884346919246],[4.984420039351274,47.26768032966681],[4.984212621851261,47.26736220688837],[4.983778641960033,47.26675546506464],[4.983614165102048,47.26638545626385],[4.983606371176844,47.26636784900056],[4.9836258542768,47.2663580601422],[4.983580465418872,47.26626815243213],[4.983558894851377,47.266232139685584],[4.983506437152105,47.266165766789136]]],[[[4.986175654908013,47.266857085219826],[4.986252484407857,47.26684181114387],[4.986428982127581,47.26680636898392],[4.986627551765286,47.26676676622255],[4.986750861863529,47.26674196041537],[4.986472512533533,47.26633050005314],[4.9862311236800085,47.26597396919168],[4.986142930184885,47.2659824137024],[4.985983085383485,47.26599586737524],[4.985949837868293,47.26599832782632],[4.985596050643372,47.2660261784054],[4.985432366982583,47.26606464191157],[4.985833233662105,47.26681675124478],[4.985850716518305,47.266849501595836],[4.985877478615343,47.26684336997685],[4.985907000566966,47.266836740826214],[4.986140016094721,47.266784121676956],[4.986175654908013,47.266857085219826]]],[[[4.982971623498088,47.26988160650062],[4.983186038470989,47.26983003205928],[4.983764099413153,47.26969443190988],[4.9837615699254565,47.26969042276497],[4.983648193187363,47.26951144434355],[4.983534970701246,47.26930436647441],[4.98348815564692,47.26921889580849],[4.983449511741048,47.26915048561185],[4.9834133840790775,47.269085724567105],[4.983444484233788,47.26907879892639],[4.98366694830951,47.269030327795896],[4.9835462407630535,47.26890001349223],[4.983332848015532,47.268731840585716],[4.983170076104924,47.26858018208539],[4.983071834835246,47.26848856638861],[4.982951632455166,47.26833960176286],[4.982851974797972,47.268349410386605],[4.982634828391157,47.268380588877456],[4.982515689885144,47.26840027589276],[4.982416340808235,47.26841845384173],[4.982369887614384,47.26842879350083],[4.982073028212044,47.26849402277667],[4.982029324910548,47.268503594874794],[4.9816480635086045,47.26857260675133],[4.981437914162399,47.268610597540416],[4.981290170610037,47.26864031762934],[4.981221223784227,47.268654192939444],[4.9810541865321465,47.26868811459545],[4.980878473854433,47.26873434139296],[4.980847420013775,47.268742526302034],[4.98067139516032,47.26878029308517],[4.98060319155151,47.26879280452745],[4.980552374462438,47.26880321796612],[4.980473306542454,47.26882248875324],[4.980592510954433,47.26909529635201],[4.980630237936288,47.26918200394631],[4.980670973868617,47.26927496388438],[4.9807206113498905,47.269415590167796],[4.980739205153324,47.26946777378624],[4.980739629312597,47.26950081615365],[4.980741456265591,47.269593449937126],[4.980758609977547,47.26970347244511],[4.98078618031534,47.269794585941156],[4.980797902080938,47.269821852052765],[4.9808306049518505,47.269879918329885],[4.980869476417161,47.2699653455412],[4.980893703092319,47.27004111697742],[4.980918024193435,47.27013021470055],[4.980959696540091,47.27036697382961],[4.981046879086892,47.27035242704623],[4.981110453961378,47.270343506527325],[4.981347419337125,47.27031136213473],[4.98143319090458,47.27030161199204],[4.981533770303797,47.27028440453275],[4.981673340903942,47.270258966324434],[4.981757763008326,47.27024491643018],[4.98191856752581,47.270214072123174],[4.9820560066737105,47.27017390110317],[4.9824487815717,47.27004012299319],[4.982971623498088,47.26988160650062]]],[[[4.986794779760556,47.26975476357712],[4.986399009491214,47.26981791587299],[4.986104578830611,47.2698630318385],[4.986194805590498,47.269984590025146],[4.986241590613087,47.27004763683205],[4.98682116357224,47.269953059915544],[4.986794779760556,47.26975476357712]]],[[[4.9811003167609575,47.27254467421009],[4.981184714832592,47.27249757564512],[4.9811963830629615,47.27249107261248],[4.981211631399026,47.27248477858812],[4.981250772139216,47.27246979155067],[4.981295483018865,47.27245515962065],[4.981391427526461,47.27243055711191],[4.981516746408439,47.272405993034255],[4.981570433110316,47.27239796166009],[4.981608728817156,47.272392354483806],[4.982086753135294,47.27233096533503],[4.982227721358865,47.27231099594014],[4.982249412721847,47.27230720321576],[4.9822750011813195,47.27230145276545],[4.982334355677859,47.27228566963433],[4.982362231242464,47.27227735858219],[4.982415132524333,47.272258803989914],[4.982460470252837,47.27223965821849],[4.982519363071489,47.27221136546015],[4.982467003078656,47.272083213881224],[4.983184196055436,47.271984772558575],[4.98325883303299,47.271974401008826],[4.983262412028349,47.27193156443974],[4.983267356563569,47.27187195458461],[4.983321005606177,47.27178764777836],[4.983327833560055,47.271779066004406],[4.98334122233681,47.27176541910642],[4.983356634359897,47.271752818251585],[4.983372129424233,47.27174246731029],[4.983383870309063,47.271737943981435],[4.983729354619692,47.2716669271728],[4.984162838635897,47.271549737477706],[4.984597473056997,47.271474491360564],[4.985098958182511,47.271393056496784],[4.98573695946799,47.27128947057779],[4.98572412314519,47.271242862508714],[4.985698953665238,47.27115251946328],[4.985680645618636,47.27108673360964],[4.985662747592122,47.27102130094687],[4.985684448169455,47.27101777756802],[4.985651316084556,47.27095899950414],[4.985618147489998,47.27089923146688],[4.985591166076746,47.27083503493273],[4.985560672158362,47.27076171306163],[4.985490395849587,47.27060000924835],[4.985467530119491,47.27055051100911],[4.98543555531212,47.27049081253583],[4.983311957374947,47.2707359782586],[4.983312445112556,47.27072768499991],[4.984648344356323,47.27057353628086],[4.984502791779338,47.27037250580057],[4.9852820496834545,47.27025722968438],[4.985157989967345,47.270079336063084],[4.98509889499526,47.26999461651588],[4.985025932334682,47.26988906174755],[4.984991124204461,47.26983859710317],[4.984940712075884,47.269763274552325],[4.984881144671489,47.26967649174866],[4.9848531421611435,47.26963833798651],[4.9848231630291835,47.26960039815023],[4.984809614442617,47.26958820261325],[4.984794968954075,47.26957854734483],[4.984778399996948,47.26957054595363],[4.984758317599594,47.26956413559317],[4.98471449201577,47.26955966243119],[4.9846703861168065,47.2695583459235],[4.984625993247147,47.269560006076404],[4.984582503384597,47.269564622528144],[4.984556069970859,47.26956894712116],[4.98442838909205,47.26959382521988],[4.984121056344403,47.269655006314075],[4.983907482810674,47.26970782887112],[4.983711929446414,47.2697542191884],[4.98346553833523,47.26981048390555],[4.983215146851184,47.26986591595599],[4.983039236226714,47.26990683619917],[4.982873001375744,47.26995182326914],[4.982708469132333,47.2699999328619],[4.982333417244736,47.27011918051859],[4.982294975569715,47.27013154447223],[4.982144184546097,47.2701863525101],[4.982035249018854,47.2702245056459],[4.981997957366439,47.27023576920461],[4.981959415946421,47.270245433144886],[4.98192395822549,47.270252612936396],[4.981673138259038,47.270296522068584],[4.981170624124165,47.27038219233304],[4.980739630574146,47.270437641843195],[4.9805844961006915,47.27046082318406],[4.980429388028885,47.27048472429129],[4.9802312498231505,47.270525749559134],[4.979837929499878,47.2706234178896],[4.979907176744343,47.270865379948035],[4.979788655965131,47.270880460766],[4.979733503192953,47.270891758286254],[4.97972564601302,47.27089396362287],[4.979716638605096,47.2708972692316],[4.979707687563828,47.270902104784575],[4.979694175397548,47.270912421387806],[4.979688834191412,47.270918275966466],[4.979684346011728,47.270925736945735],[4.979680479971351,47.270939310934146],[4.979676688405405,47.27099800038018],[4.979689305864104,47.271232734207],[4.979710273053065,47.2713170264793],[4.97972913179859,47.27137640995894],[4.979749135055689,47.2714129904056],[4.979794744407068,47.27154125834933],[4.979881841853324,47.27168592823348],[4.9799479290439175,47.27183131691144],[4.979963912480922,47.27192037697353],[4.979978843940857,47.27200243082942],[4.980019098503535,47.27212538687991],[4.980025364304785,47.27216616412605],[4.980029246708293,47.27220689200396],[4.980063733335813,47.27224871840525],[4.98010319246199,47.27229622332248],[4.980133913977158,47.27236512997231],[4.98013433055946,47.27236566318053],[4.980196062377892,47.272511306161654],[4.980268692060024,47.27256490867947],[4.980311956622106,47.27264026508417],[4.980321607127298,47.27267594153887],[4.980331989338513,47.27272070088397],[4.980347288317655,47.272748086048594],[4.980702184148107,47.272673675859195],[4.980863868084984,47.272634173042604],[4.9809424419323785,47.27261211889721],[4.9809644173815935,47.27260525975229],[4.980993783839825,47.272594312027685],[4.981022323736598,47.27258247787892],[4.981054340873066,47.27256806284087],[4.9811003167609575,47.27254467421009]]],[[[4.982598826712589,47.2730740693621],[4.982699725775704,47.27302236509199],[4.982750388522494,47.272996914517876],[4.982823956119302,47.272968280723575],[4.983084324231424,47.27290313361642],[4.983182977685638,47.272887398601036],[4.983384241316474,47.27285559049812],[4.983465644409919,47.27283492710983],[4.983615862784102,47.27279669713546],[4.9837688411291206,47.27275796949259],[4.983877261407195,47.27268425255118],[4.984036887272793,47.272578321052535],[4.984136626309686,47.27250601309125],[4.984198444872372,47.27248172183022],[4.984690609051313,47.27227662489695],[4.984721828334144,47.27226213242347],[4.984836957812894,47.27220892197039],[4.984968678889235,47.27214281997999],[4.985091541983772,47.27208407370809],[4.985221981626888,47.27202627826636],[4.985325538919861,47.27198218066254],[4.985362327998104,47.27196804294205],[4.985405033992433,47.271952903394975],[4.985448173221547,47.27193874700415],[4.9854866453932045,47.27192719198376],[4.985525544157289,47.27191644012921],[4.985735694458428,47.27186745561568],[4.985796063868102,47.27181473137691],[4.985803376078278,47.271668899627606],[4.98579023139031,47.271560249985676],[4.985770151486757,47.271392824076464],[4.985740448820858,47.27129796592351],[4.984599815425804,47.271484177057346],[4.984165511141042,47.27155761646507],[4.983981038283372,47.27160327722084],[4.98372529019604,47.271675101494864],[4.983388849694003,47.27174380236202],[4.983375995179049,47.27175041596279],[4.983364760592494,47.27175790239649],[4.983353189119034,47.27176701555126],[4.983344387745363,47.27177590123123],[4.983337943185271,47.27178411623681],[4.983290106223879,47.271853825071126],[4.983284124760982,47.2718638332232],[4.9832837613001,47.27186473997215],[4.983278649593897,47.27187680448082],[4.983276324604154,47.27188909150031],[4.983273079188174,47.27193021135209],[4.983268999158745,47.27198098118938],[4.983188458479719,47.271992714434205],[4.98318727508351,47.27199291477458],[4.983027320552732,47.272014650813304],[4.982789558632112,47.272046902173756],[4.982704640982072,47.27205834968692],[4.982482679490865,47.27208852925518],[4.982531799662478,47.27221493513524],[4.9824408770023565,47.272257283344736],[4.982413497753257,47.27226828753513],[4.982407630532679,47.27227063914676],[4.9823735475184,47.272282838542125],[4.9823229034438254,47.27229802256325],[4.982307559005352,47.2723017068317],[4.982270569687355,47.27231044378341],[4.982245741386922,47.27231528070804],[4.982170380094843,47.27232755509183],[4.982116323429439,47.272336313495664],[4.981996027430563,47.27236790661692],[4.981945539173678,47.27236579756095],[4.981920158116955,47.27236641135169],[4.981649713289422,47.272395076320755],[4.981578205735104,47.272404222662104],[4.981500460747958,47.27241644727483],[4.981451170720437,47.272425304042386],[4.981395279763138,47.2724381458416],[4.981335111544049,47.27245340206342],[4.98132173381823,47.27245660233774],[4.981296581688524,47.27246342576143],[4.981265205397689,47.272473687469],[4.981231531952641,47.272486239738704],[4.981195994533069,47.27250206575615],[4.981123601670821,47.27254103458889],[4.9810932476240195,47.27255749246859],[4.981058953259642,47.27257473806452],[4.98101090763616,47.27259582064012],[4.980961195605161,47.27261477037479],[4.980909813852923,47.27263149726978],[4.9808575424830295,47.272645627787455],[4.980778082287301,47.272665175516686],[4.980689491637864,47.272684698996535],[4.9803515205307605,47.27275521805591],[4.980377203763589,47.27281664618001],[4.9803989586353605,47.272868415612216],[4.980440695997063,47.27296694173989],[4.980508425284538,47.27308141375781],[4.9805333890045915,47.27312331256471],[4.980537264390709,47.27313153129732],[4.980670733076887,47.27332799991922],[4.980750496278398,47.27346739117558],[4.980805843469152,47.27348283573293],[4.980794160815484,47.27353202422523],[4.980847327604976,47.273606761062446],[4.980890713667907,47.273663834355396],[4.980934347206806,47.2737168510081],[4.980960687821172,47.273742246457125],[4.9809909124406335,47.27376532423585],[4.981013268100638,47.273779531068726],[4.981029361466061,47.27378537984019],[4.981044971869222,47.27378889547242],[4.981061315933669,47.273790777613215],[4.981077593634794,47.2737908598194],[4.981093814925711,47.27378941208082],[4.981109566520321,47.27378599118971],[4.981124468315197,47.273781053904635],[4.981434129140556,47.27365311204691],[4.981502498193732,47.27362339723503],[4.981559459359005,47.273596488812075],[4.981699354124593,47.27351503205339],[4.981740774485523,47.27346497518009],[4.981825120265864,47.27345948171043],[4.981897869051035,47.273430142091335],[4.98219749268736,47.273320740491],[4.982313714073167,47.273264722333096],[4.982485055897495,47.27313193705874],[4.982598826712589,47.2730740693621]]],[[[4.985844844624108,47.27366089275787],[4.985881937122673,47.27374085553895],[4.98589233920514,47.273764541607704],[4.985894655296818,47.2737735072975],[4.985936661084243,47.27394343936526],[4.985938172112829,47.27397358139126],[4.9866480115062055,47.273804552999295],[4.9870401460008855,47.27370670210039],[4.987734378464851,47.27358809407107],[4.988180226578497,47.273472298656344],[4.988148676594746,47.27342421054062],[4.988098577202416,47.273336096379815],[4.987911085021284,47.27337533120288],[4.9876326030905975,47.273433595306564],[4.987220967853877,47.273519264929696],[4.986556052254748,47.27365780993132],[4.986506859181127,47.273561935013674],[4.986430338365609,47.27341402691069],[4.986351762105725,47.27325345641681],[4.986309412490114,47.27317088218516],[4.986273899056711,47.27310142873313],[4.98619560316754,47.27294841781898],[4.986177204983105,47.27291244131188],[4.986151554182084,47.27286281080899],[4.9859109670134725,47.272893856151825],[4.985598075293291,47.27293397339765],[4.985609999372314,47.273009594280005],[4.985630262642608,47.27313901441743],[4.9856884699750115,47.273285525514986],[4.985698505128234,47.27331002836497],[4.98571163308228,47.273343033344325],[4.985806795873113,47.273576533717026],[4.985844844624108,47.27366089275787]]],[[[4.981718485629367,47.27427052257202],[4.98177924974991,47.274357466498365],[4.981836664546918,47.274439694793614],[4.981846977025186,47.27445023494132],[4.981870349005587,47.27447045781967],[4.981898468106227,47.27449023937143],[4.982009540468703,47.274552819698144],[4.9820180736557,47.274558167142935],[4.982033116701359,47.274567815964],[4.98204701945368,47.27457883506687],[4.982061008529608,47.27459219407855],[4.982073047315594,47.27460648694686],[4.982083519230252,47.274621346907594],[4.982094200309308,47.2746418766503],[4.9821008811998535,47.27466157421291],[4.982098760193537,47.27473320281706],[4.982094989450972,47.27484619406433],[4.982141116805193,47.27495599127934],[4.982259800234145,47.274934331556345],[4.982362854579828,47.27491942264549],[4.98262082137949,47.27488574643855],[4.982907627458274,47.27484833474323],[4.983050914780552,47.27485876284986],[4.983050519969714,47.27486957599612],[4.983119345723214,47.274895235233814],[4.983188867208462,47.27492898733434],[4.983306279503646,47.274937426070686],[4.983384583891984,47.274929513309736],[4.983721511548831,47.274884218418215],[4.983922965107116,47.274857359214145],[4.98458455250486,47.274746352956086],[4.984924622734018,47.27468947393321],[4.985218017088254,47.27464780128434],[4.985859177149921,47.27454272057209],[4.985868618078508,47.27454039766077],[4.9858772190414165,47.274536828381464],[4.985886126890746,47.274530822405765],[4.9858926146330065,47.274523777221674],[4.9858958855462125,47.2745156164164],[4.985896369593037,47.274507233163106],[4.985894136627772,47.27450051738732],[4.9858907468324745,47.274494721950845],[4.985869617288429,47.274427813803584],[4.985857919426783,47.27439055185715],[4.98583669105362,47.274310227436985],[4.9858359783657535,47.274301684564605],[4.985827633231245,47.27419403350337],[4.98581667600782,47.274069407060814],[4.98580357306332,47.27397264385218],[4.985793133719668,47.27391572870396],[4.985765845707439,47.27378958075424],[4.985745582259496,47.273735355278305],[4.985715192016121,47.273675629794724],[4.985654041647929,47.27355690556211],[4.98523832998467,47.27362903979352],[4.984106110083877,47.273807986807505],[4.983294461930469,47.273929030847306],[4.983291439248187,47.27392241858185],[4.984104250801404,47.27380063423415],[4.985234794007382,47.273619284489676],[4.985651358847533,47.27354875662595],[4.985620652862212,47.27348048144591],[4.985589811523958,47.273397800025094],[4.98552910635704,47.27322665700277],[4.9854979678892954,47.273114443111986],[4.985480566325497,47.2730087480802],[4.985458390821154,47.272870535410966],[4.985455034442993,47.272790445292976],[4.985451937462408,47.27271737490164],[4.985446202440458,47.272583653634136],[4.985472572639829,47.2724809015175],[4.985511869800694,47.27234127634727],[4.985596143222103,47.272183500911034],[4.985676694553743,47.27204316943721],[4.985778370110172,47.271894461481686],[4.985570529979057,47.27194151540121],[4.985511980148191,47.271957556599205],[4.98525544705325,47.272051100566664],[4.985177744623838,47.27208593036066],[4.984803491557575,47.27225929419966],[4.984723121460977,47.27229714108809],[4.984517952399055,47.27240583397267],[4.984186726574938,47.27255135347771],[4.9840816889533315,47.27260916346118],[4.983700687209928,47.27284720730836],[4.983671757721212,47.272859228891896],[4.9836571368151725,47.272861009841854],[4.9834825490059185,47.27288425745894],[4.983277588915747,47.27291270690595],[4.983038651606596,47.272956235468875],[4.982985870867013,47.272967313841406],[4.982787658262467,47.27306030537453],[4.9826786110990176,47.27309557917904],[4.98258507475733,47.273153191155835],[4.982455302053691,47.27323996929061],[4.9823985774634485,47.27327326791571],[4.982247316503204,47.27335861198217],[4.982195283822751,47.27337922285344],[4.982028215949934,47.27343421860884],[4.981934872502694,47.27346481073812],[4.9819223609741865,47.27346997744949],[4.981818361497402,47.27351299880731],[4.981700046064757,47.273566080461784],[4.981610336973991,47.273630650381214],[4.981553799042413,47.273658272024846],[4.981553028890824,47.273658915554655],[4.981066933506745,47.27384624454908],[4.981059896695662,47.27390300824654],[4.981059105609073,47.27396768001438],[4.981021321618361,47.274073327438416],[4.981067085584301,47.27420564459057],[4.98069966688904,47.274274416060756],[4.980709434524148,47.274367094181116],[4.98038740899945,47.274428965881945],[4.980234762407449,47.27461690146693],[4.98016106705796,47.27468524919351],[4.980134967060416,47.27470946879285],[4.98013542003116,47.27476484379489],[4.980121601126672,47.27478840347683],[4.980061927953454,47.27484948761181],[4.9802591740751,47.274869984562685],[4.980343702679173,47.27488015835396],[4.980606254460812,47.27493853282649],[4.980813406399308,47.27499082860424],[4.980851134376781,47.275002071367126],[4.981066616883609,47.27509726988994],[4.981210913066793,47.27515658195431],[4.981262481451436,47.27513408838738],[4.98128204780398,47.27512645987493],[4.981436209542438,47.275098071397565],[4.981509108375406,47.275083498253814],[4.981671524375622,47.27503137450228],[4.981672307822644,47.275031090958244],[4.98179057830666,47.275008988510294],[4.981885018346421,47.27499728901377],[4.9820109505224295,47.27498919379646],[4.982072714836576,47.274974090118704],[4.982082001590184,47.274956821310894],[4.982080396417589,47.274924069346895],[4.982059676418696,47.27484661736414],[4.982060062849568,47.27473872693174],[4.982052966856684,47.2746647343305],[4.982032388168329,47.27462339129018],[4.982031164871423,47.274622511659835],[4.982024942151943,47.27461523361809],[4.982015949178842,47.27460818301766],[4.981954980277988,47.27456951127302],[4.981896177538722,47.27453575541706],[4.981873844567949,47.27452217873466],[4.981841625692517,47.274498865092184],[4.981809634249309,47.27447095483777],[4.981677904672834,47.274278780344375],[4.981718485629367,47.27427052257202]]],[[[4.986458942416652,47.273854889003054],[4.98593837502167,47.27397907117596],[4.985947040354674,47.274170556489715],[4.985952384274802,47.274293658064245],[4.985961262060008,47.27432979759172],[4.986004264806385,47.274505205796345],[4.98664073876309,47.27433788396458],[4.986673437384541,47.274395588502394],[4.986763789203678,47.27436999673287],[4.9869318011692645,47.27459819601765],[4.986712332075606,47.27467453821861],[4.986951755439324,47.27477282801623],[4.986726791960139,47.27500118444355],[4.986920113498044,47.27514087799958],[4.987030337545773,47.27512665259921],[4.987089141684376,47.27503153945309],[4.987195057419107,47.27485790308445],[4.987294788206515,47.27475317338098],[4.987554168809055,47.27450027183118],[4.987651225320517,47.27445205112121],[4.9879094000336615,47.274338301962665],[4.988139471115312,47.27423746128034],[4.988249994289245,47.27418846890892],[4.988242034135426,47.27417716856022],[4.988395507452271,47.27410888882102],[4.9884070885664595,47.27410004516119],[4.988594622811741,47.2739546357922],[4.988531739727553,47.273917981418485],[4.9884659107198175,47.273855352052195],[4.988449333591299,47.27383645483403],[4.988416229688385,47.27378929396365],[4.9883781523899575,47.27373645491431],[4.9882807976521395,47.27360493460865],[4.988183619886301,47.27347818402473],[4.987733014767555,47.27359415102374],[4.98732435951113,47.27366383045875],[4.9870541234110926,47.27370898415606],[4.98704544943817,47.27371057360193],[4.986648994562322,47.273809669208894],[4.986458942416652,47.273854889003054]]],[[[4.987258061367357,47.27560615816471],[4.987271044966747,47.27562448673193],[4.987628147511111,47.27609231938568],[4.987782015893421,47.27627060004284],[4.988107160312591,47.27664694431907],[4.9881286885741245,47.276670889763174],[4.988318277186765,47.27687035043212],[4.988544233887044,47.277108540696226],[4.988642546563609,47.27721212774356],[4.9890493343685645,47.27695192323012],[4.989442792942033,47.27671779112823],[4.989545692491845,47.27666649694359],[4.989657342863595,47.276615682942136],[4.989694153971165,47.27660208385223],[4.990096397893538,47.276476673339005],[4.990303771514003,47.27640593557619],[4.990751924051607,47.276255420590545],[4.990518567001274,47.27601051736117],[4.990380918488662,47.275788105816],[4.990294379529366,47.27564874703032],[4.9901685006340735,47.27544396387896],[4.990091620304085,47.27531884778673],[4.990048126503074,47.275248451714226],[4.99006217780915,47.27524199695856],[4.991489826184409,47.27458333821888],[4.991453205581145,47.27453776946311],[4.991409900991594,47.274483220037084],[4.991235900127121,47.27426530576804],[4.991153022255012,47.27416046526101],[4.99110764142094,47.27410342986499],[4.991063067411029,47.27404674081659],[4.99100310217302,47.273971044473726],[4.99092062857096,47.27386637697175],[4.990402259225891,47.273278127894265],[4.990118850079589,47.27340690445859],[4.9896190855795926,47.27363160643457],[4.989611668418506,47.273634975586795],[4.989556664575416,47.27367176034752],[4.989551214200084,47.27367464549319],[4.989424188665356,47.273738871073455],[4.989401980416332,47.27375014844381],[4.989385619243411,47.273758533868794],[4.989256656496539,47.27382405323055],[4.989121449628553,47.27389247117777],[4.989070530574658,47.27384660657374],[4.988940951444421,47.27373464066803],[4.98870710695209,47.27395865085675],[4.9886729936982785,47.273991474870314],[4.988440631932149,47.274169801922895],[4.988536198124163,47.274295859487495],[4.9885683291881096,47.27433817411086],[4.988382282986161,47.27440584173466],[4.9883756223994,47.27440820724629],[4.98840278321284,47.27444493374265],[4.9882341636983325,47.27453301468353],[4.988432521073202,47.274776541166254],[4.9883115794113,47.274822920609935],[4.988181253267817,47.27487315296497],[4.988333256759799,47.27504399047877],[4.988421874532883,47.27514315118443],[4.98843471853094,47.27515769977792],[4.988577606437709,47.27531815698538],[4.988540302629603,47.27532915263478],[4.9885073092566214,47.275338633524534],[4.988415369823016,47.27536425384273],[4.988403578610616,47.27536742772889],[4.988360710882753,47.27537824853397],[4.9882132422875,47.27541580704052],[4.988188072996747,47.275422181968274],[4.988135447413669,47.275437492501],[4.988040797299545,47.275464960043365],[4.988024315513581,47.27547010540174],[4.987967022613018,47.275488017342475],[4.987794753635891,47.27554193978501],[4.987781405491978,47.27554595076739],[4.987719798609603,47.275565287309604],[4.987654468180841,47.27558054516511],[4.9876465973231285,47.27558239104853],[4.987566628154404,47.27560969668622],[4.987549382829179,47.27561566553878],[4.987538011520607,47.27561946251391],[4.987516449029629,47.27562676608021],[4.987458518277566,47.275595249372834],[4.9873122882465895,47.27551607628006],[4.987292415778796,47.27552614250677],[4.987281728621784,47.27551623961871],[4.98721783729019,47.2755489429326],[4.987245494454665,47.275588362777924],[4.987258061367357,47.27560615816471]]],[[[4.984245287973334,47.27735100502344],[4.984283004311462,47.277308124895676],[4.984347394000365,47.277235070904375],[4.984473725353504,47.27728063801861],[4.984490104985958,47.2772727032803],[4.984525782982153,47.277303611558615],[4.984774394698415,47.27717760610514],[4.9846919216702235,47.2771049933903],[4.984839432557629,47.276982428488814],[4.985025057176302,47.276827782583354],[4.98482313761284,47.27671326787674],[4.985026111371388,47.276544727035734],[4.985213310813176,47.2763897836577],[4.985250809902505,47.27637329251281],[4.985483283468926,47.27617596918724],[4.985650013943476,47.27630504338694],[4.985997454559855,47.27657618958796],[4.986047743184563,47.27649761258134],[4.98611818828388,47.27640590286277],[4.98618252781995,47.27633158787692],[4.985891535099174,47.2758799995281],[4.985819939783703,47.27585465947399],[4.985414757958138,47.275223927435896],[4.985550478943208,47.27520143239994],[4.985969092370113,47.27513230943153],[4.986607063163855,47.275026738963355],[4.986600579505601,47.275023157815205],[4.986310566589587,47.27489862752066],[4.986150265194141,47.27482527726832],[4.986116203829974,47.27480586862491],[4.986085226271016,47.27478397572944],[4.986057752504046,47.27476022176714],[4.986040439095767,47.27474286773554],[4.986025079257808,47.27472466977296],[4.9859442916580345,47.27461168513247],[4.9859364716355845,47.27460416447828],[4.985923857966934,47.27459582535991],[4.985910163976324,47.27459047649795],[4.985892969553855,47.27458707868445],[4.9858766816253,47.27458672716455],[4.98556336669537,47.27462640109852],[4.985215717024363,47.274682241038064],[4.985082394032978,47.27470514493644],[4.984928948954058,47.274731364771164],[4.9848090337302615,47.27475187763593],[4.984434339199238,47.27481709324481],[4.98392260657583,47.27490140142465],[4.98353138268522,47.27495978256952],[4.983314903705106,47.27498824878768],[4.983153720308294,47.275009195354095],[4.983104867098402,47.274976170525186],[4.98305858681181,47.27494832478177],[4.982943260172202,47.274899596315834],[4.982341516231108,47.2749866068469],[4.982184404122694,47.27502108052819],[4.982178460337757,47.27504288493594],[4.982183698869466,47.275055763090386],[4.982142953285388,47.27511337301984],[4.982118406138925,47.27519042780633],[4.982105897868072,47.27528177544619],[4.982106932181514,47.275342093458136],[4.982107518209783,47.27536873920957],[4.982110413046914,47.275382647999464],[4.982124120316927,47.275431402749184],[4.982136743645143,47.27546153499451],[4.982221496498267,47.275563828088295],[4.9822742422792015,47.27562704465582],[4.982319942002898,47.27568218676521],[4.9823229214990885,47.27568762909658],[4.98233357631797,47.27570743883628],[4.982350326643729,47.27578486854161],[4.982369800212439,47.275979140819224],[4.9824201532403745,47.27606356072297],[4.982515775163665,47.276051570389306],[4.982642148859854,47.27647491207196],[4.982775936915926,47.27664732860693],[4.982885577078058,47.276789269511355],[4.982909759045279,47.276820644940045],[4.983016927703699,47.27685258292297],[4.983110032052985,47.27687989837272],[4.983249680449245,47.27692064641561],[4.983334842687726,47.27695863370129],[4.983516596546909,47.277053864158134],[4.983557892340464,47.27707567134178],[4.983578430603518,47.277083605046],[4.98383062372999,47.27718357403386],[4.984005824839921,47.27725180977976],[4.984125444957387,47.27729839258445],[4.984122014076075,47.27730223350334],[4.984164721031021,47.27731924351736],[4.984245287973334,47.27735100502344]]],[[[4.986368882536879,47.27980454370631],[4.9864043444412856,47.279818795276746],[4.986435749147101,47.27983068487244],[4.986472334746001,47.27984311611675],[4.9865096805597915,47.27985463379966],[4.986514484669338,47.2798557222261],[4.986724831887448,47.2799078629983],[4.986773433588747,47.27991243383917],[4.986845723081275,47.27991344710243],[4.987198932902419,47.279910459009116],[4.987605832125928,47.279910062047755],[4.987607425735887,47.279910214850304],[4.98773638164205,47.279919171928846],[4.987910640906358,47.279961572793155],[4.988378082257307,47.27964476908668],[4.988540430449123,47.279536984167095],[4.9891025013097545,47.279160020554954],[4.989433219445402,47.278903550870204],[4.989497370613901,47.278834910685646],[4.989521341443472,47.27880685320488],[4.989537774670283,47.278757492294666],[4.98954967708106,47.27871442276793],[4.9895530450167564,47.278655290006874],[4.98954679149732,47.278593620657176],[4.989541224663613,47.278539774170945],[4.98951348821595,47.27845541959902],[4.989424933589777,47.27831528437021],[4.9894211364499546,47.27830922586093],[4.989302551747722,47.27814069840881],[4.9892583463597555,47.27808328198709],[4.989169945863315,47.2779687190778],[4.989125780741982,47.277912382556366],[4.989083289231651,47.27785835870895],[4.9890331368124645,47.277801134228675],[4.988889704297696,47.27763690470364],[4.988731257278245,47.277474553374006],[4.988669770935976,47.277411399418064],[4.9885321167797585,47.27728525303174],[4.988494306343743,47.277250420151546],[4.988468777200993,47.277225642822394],[4.988251753794606,47.27701431531748],[4.988243429809876,47.277003921744445],[4.987516607792619,47.276113952237516],[4.987262667108028,47.276235102174034],[4.987220411802966,47.27618737735215],[4.98718180986002,47.2762062294281],[4.986908891740195,47.276340221081696],[4.986944113234026,47.27638023185009],[4.986769852102087,47.276455529452946],[4.98650778059481,47.276142129401514],[4.98639240607973,47.27626405621492],[4.9863129153527215,47.27633655953953],[4.986150188217189,47.27649838006163],[4.986612460562049,47.276954869210904],[4.986393745910322,47.27706262625232],[4.986211716323091,47.277153365033556],[4.986122458250964,47.2771979387811],[4.986164877206846,47.2772393574466],[4.986123547012942,47.27725960665531],[4.986404930994584,47.27752620928122],[4.986153111122434,47.27765128259098],[4.98602602555205,47.27771424439823],[4.985898498725354,47.27782971467563],[4.985731535432015,47.27790929824507],[4.985890175993786,47.27805562071375],[4.986411280159321,47.27853541778918],[4.98655061595689,47.27866414934411],[4.985718868654517,47.27908101779073],[4.985774951749348,47.279234318958146],[4.985777168264274,47.27924058474187],[4.985794903307716,47.27937671178548],[4.985796158271175,47.27939992403346],[4.98579952419703,47.27941580583524],[4.98580526055191,47.2794313769002],[4.985812573868722,47.27944665081064],[4.985820990904148,47.279459564443336],[4.985827674637465,47.279468545404946],[4.985840899069045,47.27948263748721],[4.985863561109589,47.27950503301304],[4.985867671502828,47.27950883493752],[4.985891927159425,47.27953138328403],[4.985917353082186,47.27955337127259],[4.985947639653375,47.27957797764193],[4.985967251833888,47.279593040995486],[4.985969282086664,47.27959426698386],[4.986033400195619,47.27963198224061],[4.986037850789325,47.27963424743036],[4.986120048359062,47.279677776738254],[4.986209507097685,47.27972442358407],[4.986297779108376,47.27977118073527],[4.986368882536879,47.27980454370631]]],[[[4.9857004322930125,47.28113850842831],[4.98583521701857,47.28120842392923],[4.985954374181393,47.281295897007624],[4.986530517058631,47.280976429943586],[4.9870198935558205,47.28070482343603],[4.987702361601535,47.28028726214167],[4.987771140009303,47.28023628422184],[4.9878347273707995,47.28018449467556],[4.98788619884149,47.28013786563537],[4.987963333068699,47.28005522576922],[4.987956026171256,47.280029415645195],[4.987734025365702,47.27997351441444],[4.987682876615212,47.27996448495238],[4.9876485906566,47.27996056974157],[4.987573834090412,47.27995725786136],[4.987506652179623,47.279954806746176],[4.9874288715416375,47.27995559897877],[4.987153695684666,47.279953919142926],[4.986860816402209,47.27995659425707],[4.986773790960882,47.27995430246911],[4.986704555510986,47.279949994941795],[4.986631023228596,47.27993684568759],[4.986583688998281,47.27992360797278],[4.986454468570543,47.279886017222275],[4.986337360849075,47.27984317595142],[4.986196557166632,47.27978218930982],[4.986048256566537,47.27971169515507],[4.98583157001079,47.27957393103752],[4.985683555342838,47.2799192972277],[4.98553849660536,47.28033395350266],[4.985439276511512,47.28061400599753],[4.985373973693266,47.2808020739585],[4.985362538771299,47.280868638827215],[4.985366357809078,47.28096123816068],[4.985454644421862,47.2810083559146],[4.9857004322930125,47.28113850842831]]],[[[4.986102361520242,47.28467602797441],[4.986085819311008,47.28464740413363],[4.986032131235225,47.28422615454364],[4.986011812797534,47.28422425103507],[4.9860250352004085,47.284109387158274],[4.986041284460831,47.284001225437365],[4.986055066542541,47.283933719873104],[4.986215480616025,47.28370872271014],[4.986477038023141,47.283341600732584],[4.986509225400258,47.28329944506896],[4.986513412334182,47.283069107601165],[4.986519360057992,47.28292933339025],[4.986527889469014,47.28287011250006],[4.986562234763115,47.28271454298451],[4.986607481127691,47.28247800912225],[4.986629487753293,47.28235380922461],[4.986621899289014,47.282255961359596],[4.9866125989777155,47.28222991515616],[4.986437480725713,47.281938980318685],[4.98637554274539,47.28186367577948],[4.986309393733442,47.2817925857522],[4.986241486898514,47.281824276420885],[4.986181241385558,47.281859167849],[4.986116130801397,47.281902067209536],[4.985977896040678,47.28200736441824],[4.985729223458726,47.282228919263815],[4.985674840185537,47.28228280132807],[4.985650319352789,47.282306814937336],[4.985581062094925,47.28236644477062],[4.985218729572482,47.282595707070854],[4.985082644415075,47.282673320044175],[4.9849769507424755,47.28273537399771],[4.984931434411453,47.28276064719909],[4.984902176255592,47.2827746557451],[4.984858784378884,47.282792958482695],[4.984822748025097,47.28280618244356],[4.984484344045997,47.28288806634565],[4.984370463738173,47.28292198310148],[4.98412310153095,47.283018067945704],[4.984093172484002,47.28303541971638],[4.984070444950974,47.2830542692743],[4.984044389183148,47.28307974961711],[4.983991381851034,47.283149456632245],[4.9838663715122795,47.283322785181404],[4.9837111379093955,47.28353778457446],[4.983605757366208,47.28368367118925],[4.983536492060468,47.283775448755605],[4.98351595387508,47.28379984404462],[4.983463263515662,47.28385666777774],[4.983406615334925,47.28391382930514],[4.983354171996418,47.28396659637506],[4.98330655096538,47.284010185630564],[4.983221400141495,47.28408035166952],[4.982997273293956,47.284225295719864],[4.983069120486488,47.28423568450012],[4.983093293570374,47.284234460833844],[4.983163287419594,47.284216154339774],[4.983268005656199,47.28418131483312],[4.983345409789282,47.28414865318081],[4.983492134204986,47.28406869923273],[4.983682912999304,47.28409587532364],[4.983830384309738,47.28412217069273],[4.983993740675067,47.28417007710652],[4.984172995321383,47.28415395387613],[4.984309348905676,47.28413721334175],[4.984331414866467,47.284164932469054],[4.984376947770136,47.28421530378068],[4.984508037051881,47.28419577135996],[4.984639484322042,47.28400324082856],[4.984935524395756,47.283988810733774],[4.985243571789344,47.283998488735044],[4.98575464647957,47.283861866927005],[4.985907316301153,47.28380324070656],[4.986027229691961,47.28376066415168],[4.9857982662771425,47.28395711687015],[4.985732255140032,47.284169060907594],[4.985720691105337,47.28422139954514],[4.985687729272823,47.28422115322886],[4.985633544583564,47.28446306252385],[4.985643858153357,47.284570229214125],[4.985805288572085,47.28496333930819],[4.985881723882589,47.28523741310692],[4.985912173455631,47.285223383953095],[4.985937472227891,47.28528481732557],[4.986140856089959,47.28527692317703],[4.986165827265186,47.285265058960015],[4.986145212895443,47.28511556364317],[4.986089711362976,47.284677505272576],[4.986102361520242,47.28467602797441]]],[[[4.983374577127851,47.28496016208569],[4.983251753964209,47.284881033960424],[4.983128934484665,47.28480199569871],[4.983024642519315,47.28488068354358],[4.98333845520995,47.285132420496964],[4.983772564840021,47.28477118056401],[4.983667967224844,47.284712543468736],[4.983374577127851,47.28496016208569]]],[[[4.984256657395401,47.28483890688662],[4.9838631469660335,47.285127592197696],[4.983793674709852,47.28518155113989],[4.983607150381572,47.28536646716286],[4.983420631415162,47.28555156286426],[4.983586527979425,47.28563589790044],[4.983976247414243,47.28553467867952],[4.984574162968648,47.28509372929246],[4.984256657395401,47.28483890688662]]],[[[4.985093137847296,47.28611604733285],[4.985088772249043,47.28584749406038],[4.984962421286554,47.28558706138857],[4.984809534135962,47.28539282121198],[4.984697571650041,47.28540356174558],[4.9847601101971035,47.28568850011985],[4.984828966228537,47.28612290830526],[4.984981322327291,47.28610931532587],[4.985081540005596,47.286231963806365],[4.985093137847296,47.28611604733285]]],[[[4.985002686162033,47.286580016743265],[4.984904639566194,47.286784763502794],[4.985009526891194,47.28693704960566],[4.98508164083268,47.28695454681395],[4.985153758147001,47.286972133973315],[4.985370396848224,47.287064873778064],[4.985546683319688,47.287161545658634],[4.986112988002332,47.28724001477867],[4.986257396047316,47.286979180787064],[4.9854223227905035,47.28639651284832],[4.985002686162033,47.286580016743265]]],[[[4.992363467263701,47.264476640297936],[4.992423763124464,47.26445444175293],[4.992468390887175,47.26443782554384],[4.992317316352394,47.264238069724556],[4.991828026311458,47.264389479931815],[4.991188877164235,47.2645881278336],[4.990577970252684,47.2647671959471],[4.990300935689974,47.26484183243718],[4.990032929458312,47.26491379182315],[4.990007365341637,47.26492008398181],[4.989466111498176,47.264097002191725],[4.989273436313431,47.26414542428648],[4.989168061244927,47.26417208659605],[4.98907449478147,47.264196114822525],[4.9879383319922965,47.26448809866658],[4.988134751045855,47.264905553137396],[4.988152021179274,47.264943259786676],[4.988187697721667,47.265027929140224],[4.988238825046165,47.26514403254073],[4.98826398383785,47.26520186603843],[4.988290505720393,47.26526435895927],[4.988356918932673,47.265375247282385],[4.988452360108366,47.26547690265627],[4.988913351235624,47.26536462548978],[4.9889634207126345,47.265473542423514],[4.9885527040926885,47.26559306260498],[4.988595855416761,47.26564374343576],[4.988614119840342,47.26566540338949],[4.988640879766142,47.26570213676105],[4.988642843952119,47.26570516491044],[4.988693872899417,47.265782816821634],[4.98874433984329,47.26585957780961],[4.98885109602066,47.26605244343756],[4.988890714379605,47.266125608140165],[4.9889430613369266,47.26622097793578],[4.989813993380882,47.265968026469125],[4.99000020346963,47.26631288954458],[4.989719083696048,47.26639533917116],[4.989129070169727,47.26656053257174],[4.9891733488053305,47.26664163203448],[4.989244878360658,47.26676197779708],[4.98930631932868,47.26685638096285],[4.991257518673368,47.266269245920405],[4.991153284036661,47.266123257137394],[4.991049856572811,47.265977614620034],[4.991010925598177,47.26592307995052],[4.990977011048181,47.26587539329832],[4.990940596725382,47.265824507610304],[4.990920074739146,47.26579550234519],[4.991254284518983,47.26568926450242],[4.9916563864319174,47.26556231808356],[4.992102949313769,47.266302906181906],[4.9922531408390896,47.26655364786088],[4.992357729106181,47.266527086398455],[4.992617274531714,47.26646229134141],[4.992643225702714,47.266455721807134],[4.992216743815175,47.26575387413278],[4.991808962202847,47.26508511371907],[4.992084795665504,47.26499950767272],[4.992024791661661,47.26490111880591],[4.9920188786050055,47.264891494546674],[4.9918832421534844,47.26466922971264],[4.991962662446896,47.264627611513404],[4.992028837590811,47.264592704647036],[4.992113494210506,47.26456387411091],[4.99230160154184,47.26449931604878],[4.992363467263701,47.264476640297936]]],[[[5.001234736661226,47.27238157471202],[5.001086075135637,47.27241863018135],[5.000993274479867,47.272250299413344],[5.001901913050184,47.27201741048408],[5.001838472807894,47.27190206563787],[5.001297162740764,47.27204342578193],[5.001264366051615,47.27198347540896],[5.001233263403277,47.27192637752434],[5.001194514521038,47.27185581340894],[5.000924467650481,47.271926842016626],[5.000822237371656,47.271771731590775],[5.000805832042392,47.271746889535585],[5.000703063771225,47.271598632384475],[5.000657776763337,47.27153367416301],[5.0006120563324625,47.27146773280656],[4.998588340667246,47.27207131098512],[4.998610793998404,47.272109377093],[4.998628498928316,47.27213716882313],[4.998667646336211,47.27219719056511],[4.998759878841561,47.27233977745933],[4.998848324089602,47.272476576045335],[4.998888328965403,47.27253829395961],[4.998929154082073,47.27260071815534],[4.998960766797818,47.272650243293334],[4.999028143390221,47.27275417496284],[4.999128360149732,47.27290860112314],[4.999148986386611,47.27294021474017],[4.999156461557593,47.27294909128766],[4.999166296749869,47.27295738683583],[4.999176838254657,47.272963328809766],[4.999187753007292,47.272968633972766],[4.9991921902095395,47.27297053867956],[4.999216369696584,47.272980298013444],[4.999241702413392,47.272989046873086],[4.999264961299351,47.27299540001861],[4.999280942561499,47.27299818639188],[4.999304847483875,47.2730005660252],[4.999328288748388,47.27300115256875],[4.999352066420668,47.27300011233976],[4.999375373732878,47.272997099028984],[4.999393897378496,47.27299353779422],[4.999604466075183,47.27294533130807],[5.000241992843579,47.27279718708888],[5.001146925127844,47.27257103224345],[5.001411562195697,47.27250387879756],[5.001737410253439,47.27241765760298],[5.001777859314694,47.27240597295759],[5.001806885094079,47.27239664673942],[5.001823734475094,47.27239077260212],[5.001819916238956,47.27238417450767],[5.00186541016566,47.27234808820074],[5.001901774438232,47.272269383822334],[5.001264085254068,47.27243420015819],[5.001234736661226,47.27238157471202]]],[[[4.99837136370248,47.27182974274484],[4.998313771822903,47.271850096552654],[4.998183626054461,47.271926092782],[4.9980815739937405,47.271978371017404],[4.99797102082485,47.272026202847684],[4.998878182022585,47.2734712463826],[4.999001563714867,47.27343742117295],[4.999122851312911,47.27340066014426],[4.999354738886696,47.27332795229466],[4.99840102905985,47.271837606649115],[4.99837136370248,47.27182974274484]]],[[[4.990347440825985,47.27234476254872],[4.990458172100561,47.27245155710808],[4.990594025023605,47.27258286528969],[4.990651237854948,47.27263789675791],[4.990738479059881,47.27272132004017],[4.990756180015204,47.27273839658751],[4.9907648204845305,47.27274662327696],[4.990827793991186,47.272807139113596],[4.991034829854429,47.27300620608512],[4.991224582686714,47.27318872936931],[4.991414840233124,47.27337412540188],[4.9914405056621876,47.27340259197126],[4.991460169761478,47.273386945252746],[4.991619728838625,47.273258130660565],[4.991737652583746,47.27316263017623],[4.992118586149333,47.27364093714335],[4.992243953160142,47.273799709782246],[4.992345027922664,47.27392422890078],[4.9924914615492835,47.27409443645357],[4.9929681433573645,47.27393252577702],[4.992985667397421,47.27392339942967],[4.993215136253816,47.27380661932491],[4.993077026651654,47.27366823865297],[4.992572274013801,47.27318017468884],[4.991804930971631,47.2724183523258],[4.991468850456123,47.27252876535194],[4.9913047629180465,47.272321127135434],[4.991119627226132,47.272391665467836],[4.991081188432336,47.27235054042422],[4.991038619479792,47.27230507363659],[4.990886068531295,47.27214091282799],[4.99085759439668,47.272154459336775],[4.990787191297223,47.27208623636421],[4.990761440574957,47.272098295248746],[4.990738836299675,47.27207743055095],[4.990662497727387,47.272148982549105],[4.990347440825985,47.27234476254872]]],[[[4.996146316518424,47.272389287729474],[4.996030887837713,47.272380737850845],[4.99609647544795,47.27245804600115],[4.996205701135079,47.27262015419272],[4.996309814056828,47.27278352097588],[4.996422512134672,47.272953583986585],[4.997108012084419,47.273967765844596],[4.997163321582612,47.27396068989776],[4.997199462705885,47.27395052192601],[4.9972653777617415,47.27392975525995],[4.997390147557279,47.273890504679436],[4.997503533556568,47.27385469193406],[4.997614966060579,47.27381972320112],[4.997731602250983,47.273785925489456],[4.997838814753932,47.273754901527575],[4.998109258191712,47.273683513337154],[4.998371457450365,47.27361460793388],[4.998489296178178,47.27358114893929],[4.998550977249863,47.27356396657011],[4.998600471381416,47.273549965927884],[4.998637791981614,47.27353950701278],[4.998757600432843,47.27350565358415],[4.9988691753610075,47.273474553474806],[4.998634139670021,47.273099837188184],[4.997962841169983,47.27203039616759],[4.997847777090915,47.27207434320864],[4.997729582890383,47.272119514742236],[4.9976817635595125,47.2721358275945],[4.997646880702578,47.27214777515258],[4.997586057895339,47.27216665331559],[4.997485602003772,47.27219783092123],[4.997471452017905,47.272201586697754],[4.997189712173034,47.27227857129477],[4.997067378211144,47.27230850426685],[4.996905563347924,47.272344159832315],[4.9967792743407795,47.272363804398715],[4.996749673773698,47.27236836638833],[4.996640057355098,47.27237736760064],[4.99651737048904,47.27238713400985],[4.996392993196518,47.27239413771634],[4.9962595444986,47.272392021873564],[4.996175741132826,47.27239067247206],[4.996146316518424,47.272389287729474]]],[[[4.995819770020761,47.27430566697324],[4.995831083635809,47.274300339249464],[4.995966898133369,47.27424847279024],[4.9960557409217214,47.27421443462107],[4.996119539533507,47.2741901028932],[4.996348104183374,47.27414528498596],[4.996551127484851,47.274107480174266],[4.997050122341076,47.27394814022718],[4.996843787246087,47.273640466740524],[4.996827383185414,47.273615624141605],[4.996735367660845,47.273478795540306],[4.9966290391830075,47.27331996996452],[4.996465568457101,47.27307612650222],[4.996025155051618,47.27241874914002],[4.996016403505724,47.27240755296541],[4.996003745327951,47.27239804498444],[4.99598839062125,47.27239074469482],[4.995970746095173,47.27238591525817],[4.995885488611105,47.27237747642226],[4.995884298567907,47.272377496899644],[4.9957742942271,47.27237605772975],[4.9957588002662705,47.27237569394605],[4.995697431691021,47.27237990172904],[4.995690308144099,47.272380474562745],[4.995544975623832,47.27241107177197],[4.995454661359953,47.27243748036641],[4.995361340656169,47.272468443295026],[4.995200192538169,47.27252209573016],[4.995167252189553,47.272532928468465],[4.994934868799112,47.272603024902736],[4.994872461133307,47.27262201892603],[4.99482299695573,47.272636827949476],[4.994761545386172,47.27264950170792],[4.994686760238151,47.272666547200345],[4.994611575018387,47.272683509469594],[4.99446631789779,47.27271617523797],[4.994393892623899,47.272732639637866],[4.994283672903976,47.27275749842838],[4.994243121742763,47.27276648057093],[4.994156112536145,47.27278571706332],[4.994118644627282,47.272792214703706],[4.994040938670918,47.27280543767707],[4.993931877896822,47.27281874933094],[4.993812906630573,47.27283241134279],[4.9936250207979205,47.27261482916101],[4.993616389929408,47.27260687267304],[4.99357241688049,47.27258781664425],[4.993519786960282,47.27257080051081],[4.993483018351321,47.27256404803671],[4.993481828303077,47.27256406848944],[4.993466357675823,47.272564334373754],[4.993297434859768,47.2725796648219],[4.993495922795511,47.27284767546816],[4.993656367432091,47.27306383837341],[4.993805131700709,47.27326471260287],[4.993866571415269,47.27335866312327],[4.994099730276794,47.27371577022332],[4.994011080032772,47.27374431031112],[4.993983442233641,47.273705522022915],[4.993771871251675,47.27379110764825],[4.993776851959194,47.27379696557804],[4.993888528152053,47.27392895574951],[4.993988066951423,47.27405476065326],[4.994002655945932,47.27407351118263],[4.994124755769232,47.27422963642908],[4.994283666231605,47.27443636920191],[4.994413022667443,47.27460614759629],[4.994434723293898,47.274634681696455],[4.9945394560316,47.274772013750514],[4.994585781471038,47.27483299397835],[4.994711288578638,47.27479211271904],[4.994854833131002,47.274745247740896],[4.995097212548323,47.27466615450219],[4.995268510893028,47.27460773503651],[4.995344701528673,47.27458571209702],[4.9955495692392855,47.274533378716214],[4.995625506690578,47.274515232251794],[4.995801419470902,47.27447420300439],[4.995809259799751,47.27447154660144],[4.995820160039503,47.27446577572377],[4.995823999971918,47.274462287613666],[4.995827843246801,47.27445888949961],[4.9958327027758065,47.27445079110785],[4.995834368674963,47.27444220734378],[4.995832864346564,47.27443376818072],[4.9957996722659885,47.274341674036606],[4.995799388118582,47.27433402436184],[4.99580145740072,47.27432561376468],[4.995805560302974,47.27431851898255],[4.995811270043117,47.274311936875144],[4.995819770020761,47.27430566697324]]],[[[4.998449471435873,47.27724891295863],[4.998510642846506,47.27722858761135],[4.998542011924346,47.277218141267866],[4.998670245039333,47.277175767985696],[4.998801608153049,47.27713216992731],[4.998829453550851,47.27712304497119],[4.998939507744971,47.27710421847316],[4.999185241653734,47.27706180095049],[4.999237048806732,47.277045869118716],[4.999429725939017,47.27698581440929],[4.999575716160079,47.27694061252835],[4.999714329352937,47.27689986020809],[4.999836461253181,47.276864254754955],[4.999921667077691,47.27683910165916],[4.9999456220494904,47.27683211473698],[5.000075567297488,47.27679313238294],[5.000206729298962,47.27675484932879],[5.000425083381669,47.276691468449656],[5.000501668219446,47.27666934530504],[5.000574709394694,47.276648003653676],[5.000656797806587,47.27662443468145],[5.000746346586593,47.27659866573877],[5.000820967711443,47.27657711657022],[5.000880667919793,47.27655996719667],[5.000990244294968,47.276528359324715],[5.001047970896023,47.276511514068694],[5.001101780631817,47.2764960871592],[5.00116069729526,47.276479221316045],[5.0014062343987895,47.27641032658392],[5.00149228247726,47.27638650857981],[5.00157558033282,47.27636345839579],[5.00175907338914,47.27631274367219],[5.001852978215663,47.27628671857568],[5.001948066371455,47.27626049287152],[5.002071832476292,47.276226207608985],[5.002194428420359,47.27619248273152],[5.002293833078564,47.27616492147909],[5.002392844280879,47.27613745698515],[5.002522123475367,47.27610199541696],[5.002134299160451,47.275548284964714],[5.002287218327181,47.275508093012895],[5.002254837642911,47.27545939249747],[5.002388019527683,47.27541152630081],[5.002821233549894,47.27602208673218],[5.00289984359559,47.276001097697915],[5.002978060228158,47.27598020545614],[5.0031227061972645,47.27594168619103],[5.003267735243106,47.27590279991036],[5.003347911629967,47.27588124319197],[5.003472489514812,47.27584748270283],[5.00367214325149,47.275793784144305],[5.003268110245997,47.27516759369432],[5.003182180506176,47.275034807340134],[5.003142148709321,47.27497255099349],[5.003225369847126,47.27494751970113],[5.003119701957584,47.274785716601315],[5.002927534490626,47.27449708025619],[5.002905698572633,47.27446503790049],[5.0027951347218425,47.27429962683599],[5.002661485468198,47.27410057386801],[5.002596762073154,47.274004162936265],[5.002424458780323,47.27374778232585],[5.002397574748131,47.27370808238598],[5.002251733613678,47.27349068831227],[5.002141190547558,47.27332572653925],[5.002037343878546,47.27317001468865],[5.001955756070545,47.2730470584146],[5.001872901464015,47.2729220527067],[5.001711831836775,47.27267934546879],[5.001587353432311,47.27249184001573],[5.001583578800267,47.272486411862715],[5.001504926448535,47.27250614009007],[5.0012929588105495,47.272559327195644],[5.001173803302557,47.27258929973616],[5.001095944014051,47.272609013997666],[5.0005249406457475,47.2727526836864],[5.000712394938668,47.27302186348908],[5.000273494103108,47.273152896966174],[5.000067584415179,47.272867734979364],[4.999950004228263,47.272897408910524],[4.9998446172971995,47.272924080824296],[4.999722306790461,47.27295464656083],[4.999592532809989,47.272987322013606],[4.999496575549003,47.27301139959165],[4.999398654867793,47.27303605125583],[4.999285003965073,47.27306466617566],[4.999272813864868,47.27306775801065],[4.999263134474434,47.27307431866907],[4.999258282284071,47.273082597201245],[4.999258223809298,47.27309169364666],[4.999381138566199,47.27325869611558],[4.99939435345561,47.273283143078785],[4.999399516184925,47.27333654606429],[4.999377939477908,47.27334340186119],[4.9992849692678645,47.27337310115124],[4.999195142323922,47.27340193570467],[4.998957417720323,47.273477805645484],[4.998900533973212,47.273495896155545],[4.9988478865450245,47.27351049159017],[4.998791702364444,47.27352604848357],[4.9986962007309605,47.27355173848872],[4.9986321228446435,47.27356851196571],[4.998556244653491,47.27358819033905],[4.998455205875474,47.273614425814536],[4.998371084090686,47.27363658749139],[4.998290108981949,47.27365797446597],[4.9980868808935766,47.27371154531719],[4.99797049118601,47.27374128672815],[4.997848482267434,47.27378004012704],[4.997607197248001,47.27385632876655],[4.997497734740302,47.27389090335045],[4.997374175172559,47.27393067353089],[4.9971687422779985,47.27398905354859],[4.997150594763718,47.273992067619616],[4.997132373654732,47.27399310177257],[4.997115662379269,47.273992038691304],[4.997326016098058,47.27429027691508],[4.99729659182329,47.27429960883563],[4.997055310809842,47.273959577777234],[4.996550269735319,47.274127126649404],[4.996364911566098,47.274170300812195],[4.9962972251842315,47.274186144484375],[4.996236622421466,47.27420033529656],[4.996070359757502,47.2742553375997],[4.995987223283064,47.2742827036672],[4.995869188688449,47.27432165670316],[4.995841794422722,47.27433221407235],[4.995833257670808,47.27433749401787],[4.995828667815254,47.274342165729884],[4.995825684799071,47.27434735011642],[4.995823901898126,47.27435278401467],[4.995824139247775,47.274359173742894],[4.995828427128979,47.274367745119584],[4.995898535444953,47.27445983443127],[4.995896965374621,47.2744603117154],[4.995530403939657,47.27456243555038],[4.995426701951323,47.274591866015996],[4.994982612591275,47.27473350448439],[4.994742516002713,47.274809946660866],[4.995281345973342,47.27546644597875],[4.995258214490591,47.275474228259874],[4.995342777134037,47.27559209474695],[4.995516964840434,47.27583584527654],[4.995539997058134,47.27586813851942],[4.995666470297677,47.27603490332157],[4.995696104079964,47.27607392703484],[4.9957512041076555,47.2761466429235],[4.995827176109017,47.27624691629877],[4.99599449135006,47.27646583951184],[4.996303902721708,47.276342364738554],[4.996447286164327,47.276291088011476],[4.996558896360188,47.27644234829482],[4.996685981530986,47.276614774870914],[4.996773766286499,47.27673375558095],[4.997021192032128,47.27665141974994],[4.997291868057748,47.27701300773664],[4.997644813197599,47.27750519701433],[4.99765068180284,47.27751356099349],[4.997664012967601,47.27750909889888],[4.997911847677102,47.27742702435071],[4.9981894874037955,47.277335160328896],[4.998392220283444,47.277267909986186],[4.998449471435873,47.27724891295863]]],[[[4.9914844322186065,47.27600141374307],[4.991799582006557,47.275882625409054],[4.991879415972899,47.275851717007605],[4.992056931732134,47.27577878710889],[4.992398840486744,47.27563234138231],[4.992113115574013,47.27534556524941],[4.992054568112561,47.27528677515832],[4.992002204880679,47.275234182586374],[4.99183152022818,47.27504160734669],[4.991496113560634,47.27459232568251],[4.99137434176285,47.27464835835726],[4.9912193972934915,47.27471972913516],[4.99067141793919,47.274971828836776],[4.990065668102384,47.275250492160545],[4.990491930532384,47.275945145341254],[4.9905286480307645,47.27600404062901],[4.990765608837544,47.27624978252682],[4.9914844322186065,47.27600141374307]]],[[[4.995450006197097,47.27794488147268],[4.995405830382185,47.27784568192222],[4.9953659528352805,47.27775532372103],[4.9953169940103,47.27769835147091],[4.995257063156863,47.27763454374397],[4.995219471044434,47.27759502644115],[4.995162151338125,47.27753738745053],[4.9951324579586025,47.277507460051126],[4.995072401511381,47.27745094872944],[4.995011561779395,47.2773947210092],[4.994942873761775,47.27733025324834],[4.99486689221241,47.27727248478377],[4.9947918111850935,47.27721758249915],[4.994749369792304,47.27718643336479],[4.994704178163338,47.27715605193554],[4.994656946204214,47.27712417466245],[4.994564986366344,47.27706370898584],[4.99449035695855,47.277020955976504],[4.994408056450643,47.27697473266778],[4.994348823158413,47.276940360004566],[4.994151690638606,47.276827039637894],[4.99408850055489,47.27679300502655],[4.994087280351462,47.276792215520246],[4.994001400098461,47.27674578330699],[4.993951952295135,47.27671835646839],[4.993804819364575,47.27663659534516],[4.993666528091954,47.276557743901954],[4.993586629309344,47.276512019069614],[4.993416823581363,47.27640759341364],[4.993339541942047,47.27635750087085],[4.993267777665784,47.27630632288218],[4.993111641040887,47.27619580842931],[4.993010422792397,47.276121092066234],[4.992631468732092,47.27582529261067],[4.992405958259316,47.275642305123554],[4.992349280260408,47.275666062167595],[4.992059699033614,47.27578918579522],[4.991909562384783,47.27585110928903],[4.991838385936706,47.27587997792791],[4.991767559412228,47.27590757976383],[4.991697916266285,47.275934981129375],[4.991610664713925,47.2759692586817],[4.991352769515726,47.276058426597096],[4.9911427050321295,47.27613146381784],[4.990820898176517,47.27624207963645],[4.990953357913675,47.27637794828334],[4.9911394654271755,47.27656890919535],[4.991145719441721,47.276566280348],[4.9914252850492185,47.276858207477105],[4.991460845687295,47.27684300832787],[4.991511096282521,47.276892125311896],[4.991492437588475,47.276902801793284],[4.991590838972271,47.27700863625602],[4.991711570894563,47.277138581775],[4.991833796850838,47.27726598002073],[4.991958570531591,47.27739783706562],[4.992013526359211,47.27745605849437],[4.992111782957195,47.277557932660216],[4.992207646256157,47.27765948763326],[4.992253100937904,47.27770769608023],[4.992300619401649,47.27775803034849],[4.992485612616089,47.27794009300285],[4.99258965829304,47.278037454720966],[4.992598286543965,47.27804532127161],[4.992663251458064,47.278095085555115],[4.9927172379045235,47.278137834115356],[4.992754158112252,47.27816997935326],[4.99279638933565,47.27820617580283],[4.992823931268243,47.278231638062245],[4.992863982531843,47.27827327514503],[4.992897566074388,47.278311781402394],[4.992931306567832,47.27835451746657],[4.99294380256593,47.27837033230305],[4.9929613497224965,47.27839389501018],[4.993016105118071,47.27846805888249],[4.993064575901629,47.27853332535897],[4.993115984151026,47.27860286391192],[4.993166292496632,47.27867485278401],[4.99321364357994,47.27874202955999],[4.993713673794024,47.278566387704124],[4.99445703380917,47.27830479173503],[4.995450006197097,47.27794488147268]]],[[[4.990031323735218,47.27921037000644],[4.990091733658084,47.27923364809063],[4.9901578779269995,47.27925097430036],[4.990301121745896,47.27928129619687],[4.99051919159322,47.279316817866864],[4.990608793372522,47.27933509212069],[4.990640475414101,47.27934373391191],[4.990675434705461,47.279355111111094],[4.990710910794185,47.27936972135249],[4.990901317177959,47.27945146413353],[4.990983678194547,47.27947787711775],[4.9910157737908545,47.2794869619776],[4.991044618813016,47.27949403139156],[4.991057027638147,47.279496790177085],[4.991082992135716,47.279501117366515],[4.991096161079463,47.27950296256794],[4.991154841245575,47.279511681152734],[4.991204896481211,47.279512623055055],[4.991265633524774,47.27951257110188],[4.991272758064323,47.279511998541544],[4.991300466088097,47.27950981191203],[4.991332071401645,47.279505667255556],[4.991367183938013,47.279499751371496],[4.991401846358622,47.27949240234946],[4.991435661926793,47.27948362700038],[4.99161924832555,47.27942419194433],[4.99187586559983,47.2793322541158],[4.992375969518921,47.279169044342325],[4.993262005560739,47.278879250533606],[4.993175834773897,47.27875015362634],[4.993129820817815,47.27868691621412],[4.993082953419673,47.278622072484694],[4.9930285611165655,47.278547001871594],[4.992975492682232,47.27847551062736],[4.992923371404912,47.27840814554643],[4.992859214440206,47.27832666870648],[4.9928268678255865,47.278289401937876],[4.992770413493988,47.27823363806984],[4.992716166546029,47.27818386983853],[4.99265151141482,47.27813175887248],[4.9926298241531715,47.27811430081761],[4.992558358136433,47.278060505724376],[4.992553420556744,47.278055817702146],[4.992450875024968,47.27795608879655],[4.9923598819586985,47.27786813849976],[4.992261884624738,47.27777328425658],[4.992218863599663,47.27772647487335],[4.992172942134134,47.277676383307124],[4.99213737256907,47.27763782089874],[4.992086147071815,47.27758385803368],[4.992035318397027,47.27752988833223],[4.991979572368672,47.27747177053654],[4.991914714939951,47.27740345302159],[4.991852764826361,47.27733859763552],[4.991793278578272,47.2772759512485],[4.991733432450667,47.27721430159899],[4.991672356275739,47.277151592396955],[4.991617327735394,47.27709139088312],[4.991557725276315,47.27702559450216],[4.9914651314606155,47.276926504374394],[4.99117343689954,47.276617945536735],[4.9911312912182835,47.276573282018305],[4.990806846700082,47.27624853448136],[4.990059443602314,47.27649711907883],[4.989670230985725,47.27662068498139],[4.98960182264385,47.2766493246149],[4.9895074875902985,47.27669605934547],[4.989447456713049,47.27672581595111],[4.989299804315498,47.2768120978173],[4.989094276977197,47.27693278170525],[4.988649940646506,47.27721884504192],[4.988712203525389,47.27728153542947],[4.988967003810225,47.277537421182636],[4.989013902914165,47.277560391137726],[4.989167984196613,47.277701294199495],[4.989342364706623,47.27790794812988],[4.989475217902302,47.2780651542805],[4.989440589306575,47.27808411904734],[4.989586240848059,47.27831891169274],[4.989595968770853,47.278335044508246],[4.9896066334613245,47.278355033551],[4.989617411475214,47.278378082463576],[4.989625712488504,47.27839856231129],[4.989633343370205,47.27842238562649],[4.989640797500242,47.278452155494605],[4.9896457712911495,47.278479266302575],[4.989652144894435,47.278544175512884],[4.989655985061646,47.27858355301981],[4.989660628689093,47.278623186905556],[4.989667482714491,47.27865819015766],[4.989674626823726,47.27869030672621],[4.989685088087583,47.2787262386935],[4.989695829440682,47.27875901398813],[4.989706350829994,47.27878584953306],[4.9897201227238055,47.27881470055149],[4.989735511548031,47.278844334314634],[4.989757134647457,47.27888151567865],[4.989780244703868,47.27891596993311],[4.989800731087737,47.27894389529138],[4.98982522146316,47.278972742553194],[4.989811952614714,47.278978913671786],[4.989927680547568,47.27910237288214],[4.990013120764026,47.279201226667084],[4.990031323735218,47.27921037000644]]],[[[4.995424154437228,47.278274922128446],[4.995344690197544,47.2782837634364],[4.994617561212807,47.27851194640449],[4.994288109215312,47.27862000145809],[4.99448365855867,47.27890436042403],[4.994813912960914,47.27880718752629],[4.9957391645406375,47.27853696211825],[4.995784326739365,47.278523757751884],[4.995817314097508,47.27851409481303],[4.995630968092017,47.278338724519415],[4.995424154437228,47.278274922128446]]],[[[4.99274245428281,47.28047662861279],[4.992782292490643,47.28049107325283],[4.992821770699816,47.28050651465075],[4.992858478417403,47.280522183735194],[4.992983798629441,47.28058288811691],[4.993124472459568,47.280650803011916],[4.993206527071331,47.2806902774607],[4.993237653914134,47.280705321888256],[4.9932767991111495,47.280722479871],[4.9933114699671215,47.280736742958794],[4.9933521320600605,47.28075198373182],[4.993388726564702,47.28076459278263],[4.993418859655303,47.28077425103517],[4.993523702056541,47.28080730011769],[4.99354129903498,47.28081077996994],[4.99360167486893,47.28082234991367],[4.993840427976948,47.28086939707327],[4.993858024996233,47.28087287687739],[4.993915663841292,47.28088557434115],[4.993976563514179,47.28090055711795],[4.994045118276639,47.28091856015233],[4.994101283813359,47.28093434466492],[4.994196034616198,47.28096288383811],[4.994257511599663,47.2809827194297],[4.994345511224032,47.281011194431514],[4.994464841292285,47.28104948687563],[4.994971860977584,47.28122195647769],[4.995107459549501,47.28127068486803],[4.995252310564266,47.28132267600194],[4.995483289303854,47.28140614507435],[4.995631262620753,47.28146735754148],[4.995659889750336,47.28147920241083],[4.995934277122351,47.28160902180956],[4.996242439349583,47.28140839366118],[4.996057655530041,47.2812326369683],[4.996119517694207,47.28119870305252],[4.9964945461163275,47.280992060712],[4.996435277830434,47.280935536520346],[4.996475957288932,47.28091916714879],[4.996567084219261,47.28088220784452],[4.996820422961214,47.2811186505156],[4.996694155251456,47.28118215023553],[4.996788798643027,47.28127183547241],[4.996932434944296,47.281408585756516],[4.996991503553903,47.28145970993062],[4.99707681058017,47.281533165922816],[4.997103048906238,47.281555497765886],[4.997664129668969,47.28203906040636],[4.997749028395184,47.28211216273549],[4.997754766999689,47.282117016856205],[4.997809842322263,47.282092744588454],[4.997883280470799,47.28206050151821],[4.997957882011316,47.28202751793587],[4.998036007366488,47.281993212865515],[4.998173118228282,47.28193303703736],[4.998254357062238,47.28189705722502],[4.998328174689318,47.281864357057636],[4.998832444030494,47.28164224300115],[4.998784189483214,47.28159372507567],[4.998695093319259,47.28150385578723],[4.9984468101862225,47.28125418216995],[4.998293385842974,47.28109986175113],[4.998131819972202,47.280940098045384],[4.998070405641638,47.28087928905336],[4.998009001491115,47.28081875001492],[4.997886997130023,47.28069792815853],[4.997711018991663,47.280524183631115],[4.997657441512658,47.28047125423628],[4.99756553510601,47.28038044190721],[4.997553810257933,47.28038541663483],[4.997545974385639,47.28037753679731],[4.997557695886489,47.28037247207458],[4.997495085943832,47.28031150326661],[4.997467907356422,47.28028522534328],[4.997436624218232,47.28025532589182],[4.997275409985767,47.28009420416874],[4.997199377137608,47.28002455100443],[4.997079026908604,47.279905410860934],[4.9969915501010504,47.27981623285059],[4.996947013317368,47.27977152248436],[4.996870676952972,47.27969367946457],[4.996833845577952,47.27965333909616],[4.996797034327686,47.2796135386911],[4.996756175515046,47.27957164665839],[4.996716987320399,47.27953197719504],[4.996670773760319,47.27948486414116],[4.996566800235442,47.27937903969127],[4.996476166754586,47.2792796495293],[4.9963866769839225,47.27917897886633],[4.996244535578237,47.2790181578912],[4.994477286525687,47.27952403788328],[4.994124560206663,47.2796255583477],[4.9939699501792045,47.279674143200445],[4.993713750934556,47.2797559024588],[4.993638809300383,47.279779703747366],[4.993253820173414,47.27993193569518],[4.993140252885585,47.27980276919474],[4.993102540618711,47.27976001138313],[4.993123053452311,47.27974579072759],[4.9930576114640575,47.279672530948105],[4.992846429463456,47.279769274188695],[4.992577487626341,47.27989285446583],[4.992435816323213,47.27974444832935],[4.992278708428259,47.279822070986526],[4.992232072137928,47.27978486936562],[4.99216252457078,47.279729330073295],[4.992436290776653,47.27960737890756],[4.9927238651494905,47.27949383500502],[4.99322194581445,47.279297516668535],[4.993023022555195,47.279039779441845],[4.992438775474296,47.27922478935347],[4.9921229100518945,47.27932477007783],[4.991894154009869,47.27939722880615],[4.991805393754256,47.27944449995551],[4.991700280791696,47.27950042675619],[4.99158700632881,47.279561086294486],[4.991557088289829,47.2795786200069],[4.991438956176763,47.27964746759041],[4.9913573496924135,47.27969497578618],[4.991172992842962,47.2796158315003],[4.990963695622731,47.279538555823024],[4.990622389474218,47.279402038622955],[4.9904456460798094,47.27934617643583],[4.990171156758221,47.2792879385261],[4.990009106553827,47.27925361652202],[4.9899564645123,47.27924713517473],[4.989891270376586,47.27924474140818],[4.989736941418671,47.27924738855847],[4.989505809476513,47.279266481658325],[4.989229029162304,47.27931787572544],[4.989075392779218,47.279349957549506],[4.9889519338603705,47.27941439123053],[4.9890446215670226,47.27947313776569],[4.989105201514966,47.27949028981847],[4.989166918391255,47.27950598149231],[4.989228978722571,47.279520226391426],[4.989298557052663,47.27953380201877],[4.989457963961776,47.27956105613707],[4.98972239230223,47.27960487966355],[4.989990165014602,47.27964252159818],[4.990350234196171,47.27969613981591],[4.990408987804969,47.27970683869217],[4.990466617915627,47.27971935788296],[4.990517900276542,47.27973198596394],[4.990574066871381,47.27974786218763],[4.990651197247285,47.27977238398872],[4.9908279958550015,47.27985111848328],[4.99099915394099,47.27992760813411],[4.991129051406367,47.279983373035215],[4.991297263051588,47.280055320107685],[4.991379031863184,47.28008714619051],[4.991451088889701,47.28011400589335],[4.991534371442734,47.2801438247096],[4.991589061907416,47.28016269755359],[4.991618414203801,47.280172729882565],[4.991629262948749,47.28017623581947],[4.991661019049922,47.280186857242825],[4.99194743747376,47.28026685990328],[4.991957099376529,47.28027047624238],[4.992042749183411,47.28028917748935],[4.992153163793794,47.28031195607203],[4.992265175470948,47.28033497728408],[4.992398398053816,47.28036258703862],[4.992402805587577,47.280363682034896],[4.992467061745467,47.280383560878924],[4.992589259728922,47.28042432745237],[4.992707467119266,47.280464532073296],[4.99274245428281,47.28047662861279]]],[[[4.998284793036692,47.284028098054094],[4.998196931004289,47.28391812525046],[4.998140443523287,47.28385110782042],[4.99803695941704,47.28372672524941],[4.997981225699227,47.28365861412119],[4.99792049666694,47.283584285252886],[4.997888059702428,47.28354477008097],[4.9978011434045655,47.283438833100796],[4.9977616872239015,47.28339205438603],[4.997743342806142,47.2833685061172],[4.997705008588075,47.28330919063879],[4.997686441858686,47.28326898630687],[4.997676545144362,47.28323772807719],[4.9976747457791815,47.283221369338435],[4.997674682193705,47.283219659418336],[4.997732449618957,47.28305422714626],[4.997755591733421,47.282982596381444],[4.997786855201925,47.282883809727416],[4.997773014345771,47.28285324979423],[4.997772594160392,47.28285262665581],[4.997747664526022,47.28280145532509],[4.997734715779058,47.28278420793376],[4.997721494109074,47.28277029721785],[4.997642724579913,47.282712578523565],[4.997523230258808,47.28263800056453],[4.9973786402547775,47.28256115295282],[4.997218644115347,47.282486371458816],[4.997124843716904,47.282440798238206],[4.997029903395037,47.282396595367615],[4.996918802006737,47.282344835952834],[4.996740113632057,47.28224777215067],[4.996723411881681,47.28223635266425],[4.996657385078649,47.28219030105373],[4.996529426434978,47.282101549280775],[4.99628670354089,47.28192651988353],[4.996083311827376,47.2817628804311],[4.996080454322852,47.281760768314726],[4.995949295767791,47.28166063419254],[4.995849262455431,47.28160751266331],[4.995717468280208,47.28154368075222],[4.995616917122644,47.281508668674356],[4.995614903292669,47.28150789283534],[4.995522094402068,47.28147824075349],[4.995444412182589,47.28144967921507],[4.994807169255946,47.281202275126205],[4.99474474127218,47.28117822366153],[4.99442002745348,47.28107214029133],[4.99404613765201,47.281470119640574],[4.994025202759007,47.2814622846189],[4.993984943366546,47.28144721725882],[4.994043527731059,47.28143189181452],[4.994393934971028,47.28106439400463],[4.994099306519057,47.280977334124394],[4.993878075535296,47.28092107104739],[4.993850052923516,47.28091479866824],[4.993433695326348,47.28082100397705],[4.993037678214198,47.28063338295862],[4.992885745537594,47.28056160897147],[4.992794393223541,47.2805283275932],[4.992637144271184,47.28047375475213],[4.9923217808369555,47.280373358484894],[4.991901596507337,47.28029394259773],[4.991895201952746,47.28029279164699],[4.991746683479893,47.28025950041558],[4.991656096121607,47.28023611089362],[4.991519426500086,47.28019045874882],[4.991344409530435,47.280117007847096],[4.991268601779203,47.280085349578926],[4.991140367590734,47.28003162750848],[4.990920600067535,47.2799396726479],[4.990867763686621,47.27991725559572],[4.9907564700422435,47.27987071681166],[4.990704043873355,47.27984865286054],[4.990602432248171,47.27980627034746],[4.990601215362085,47.2798055708016],[4.9905075753586825,47.27977475835424],[4.990362663170552,47.27975302038568],[4.990263189051452,47.279736176054904],[4.9897656259771495,47.279657449690326],[4.989600224267857,47.27962912811009],[4.989503091036479,47.27961116234724],[4.9893807069535985,47.279586695423326],[4.989209518122157,47.2795521688029],[4.989110821768685,47.27952414354854],[4.989015666141713,47.279495247023796],[4.988953809387772,47.27947577542978],[4.988581914106307,47.27964956010481],[4.98854392341063,47.279674255558646],[4.988506579243334,47.27970569391329],[4.988427326461978,47.279773961963635],[4.988124841945748,47.280064164896054],[4.988394156555398,47.28018634411835],[4.988659811466292,47.28031687036688],[4.988949181434185,47.28047670701393],[4.989033966353043,47.28052568319505],[4.989129716713938,47.28058131534807],[4.9892142784977604,47.280634977997025],[4.989310996013439,47.28069527619084],[4.989387390003921,47.28074277504785],[4.989477136633323,47.28079706902441],[4.989526279147464,47.28082693442364],[4.989626197980032,47.28088789788664],[4.989690376861747,47.280927141036486],[4.98989025216636,47.28105005754443],[4.989997133198531,47.281116754738896],[4.990054027835873,47.28115225035322],[4.990177409278634,47.28122496806478],[4.990286174729781,47.28128893107456],[4.990425370079113,47.28137056265869],[4.990499628886426,47.28141395498663],[4.990837660843688,47.281611765069464],[4.991361039986482,47.28189374451905],[4.991362660353547,47.281894617238095],[4.991741827693874,47.28209883286521],[4.991918126019707,47.28219594524327],[4.992089106985881,47.28228882610843],[4.992197263181464,47.282346944372684],[4.99239094072701,47.282452312673726],[4.992426192797139,47.2824715189807],[4.9925615198937,47.28254501965495],[4.992722007128499,47.28263321696621],[4.992817339292222,47.28270947554697],[4.992920443836866,47.282791904266674],[4.993113824012601,47.28295337970736],[4.99316136069293,47.28299335716671],[4.993262996140736,47.28307896269579],[4.993369533299018,47.28316826615566],[4.993495373173801,47.28327488828822],[4.99353431792347,47.28330798907754],[4.99361841883475,47.28337039169555],[4.9936457801112635,47.283390903931455],[4.993782156642781,47.28349257187137],[4.993866354997938,47.28355758418586],[4.994009570901731,47.28366165581565],[4.994063917349542,47.28370322688634],[4.994121514838893,47.28374681327825],[4.9941803294446,47.283791099148004],[4.994219928206029,47.283820406233744],[4.9942648586966865,47.28385430442807],[4.994268526477903,47.283856852926235],[4.994367850719871,47.283933581967794],[4.9944598162547535,47.28400458396735],[4.994549021366606,47.28407608361959],[4.994626786394384,47.28413886461357],[4.9947442478648085,47.284233562335125],[4.994822129398779,47.28428877672182],[4.994947296332168,47.2843771280768],[4.9949966456925345,47.28441239086519],[4.99505209373257,47.284451511104855],[4.995159755723346,47.28452818616435],[4.9952029699549945,47.284558601441866],[4.995267566431148,47.284587478282454],[4.995408863316486,47.28465042687993],[4.995496873951651,47.284689707286645],[4.995655126686259,47.28476019858895],[4.995684595927831,47.28477328972748],[4.995759556925989,47.28481396510487],[4.995878474088226,47.28489431819534],[4.995987702983008,47.28498105152305],[4.996097005800116,47.28506976465181],[4.996114618891497,47.28508432041406],[4.996235052406625,47.28523750018438],[4.996313466536167,47.28543516875744],[4.9963623975754246,47.28546980780667],[4.996377802894617,47.28547836794834],[4.996430512019514,47.28548646628924],[4.996548270133349,47.28547147221151],[4.9966097238388345,47.28546915391148],[4.996696803422576,47.28552961198281],[4.996735246407194,47.28555623652665],[4.996812892355257,47.28561568617543],[4.996913080579462,47.28574751085457],[4.997001047396926,47.28589233337847],[4.9971120898010986,47.28610249753679],[4.997224457267004,47.28631624090746],[4.997262391026386,47.286386099628174],[4.997301639047574,47.286459267683064],[4.997335504767399,47.28652649481117],[4.997373755294018,47.28659418676244],[4.997474253150588,47.286723574190205],[4.997504681022197,47.28676240361746],[4.997523029840694,47.28678604188694],[4.997526137207038,47.28678418732276],[4.997540019524784,47.286794484548615],[4.997570804111802,47.28683222717803],[4.9975629787995315,47.28683533366494],[4.997570785496235,47.286842403519515],[4.997609366800441,47.286886946004856],[4.997651289814771,47.2869359336052],[4.997742586195358,47.28704206537983],[4.9977907390982885,47.287098420083865],[4.997848426621436,47.287165597088894],[4.998074998906933,47.287471388671484],[4.9981722015243335,47.287640185533014],[4.99824941086799,47.28782652682348],[4.998271527035302,47.287908724768066],[4.998308885569819,47.28799507279771],[4.998338259800698,47.288069581246916],[4.9983841672962885,47.288150919133365],[4.998499775418453,47.28836613634009],[4.998613875953609,47.28859416695878],[4.998628075385217,47.28862363993787],[4.99864054364078,47.28864927044619],[4.9986647636030215,47.288702615026494],[4.998697535829551,47.2887937246949],[4.998729861133783,47.28888349125282],[4.998763057174562,47.2889753140249],[4.998797904172639,47.2890688193566],[4.99889178733832,47.289340333460096],[4.998930482418104,47.28945187315107],[4.9989712554731645,47.28956589851721],[4.998991442860895,47.2896282277649],[4.999098085248666,47.28979442974945],[4.999127596909882,47.28984056884858],[4.99925096313842,47.29000801345369],[4.999302824033333,47.29007853205191],[4.999353007371158,47.290146648097085],[4.999436482003888,47.290266421311294],[4.9995274797158835,47.29038561455675],[4.999599810413592,47.29048333655265],[4.999667315936921,47.290579430649906],[4.999680317439457,47.290598027702394],[4.999781974246329,47.29075819136562],[4.999791663924987,47.29077315330312],[4.999802487097678,47.2907865647996],[4.99982061715725,47.290804262966894],[4.999845102998177,47.29082203169379],[4.999858526322942,47.29083062555097],[4.9998818834768946,47.29083940840364],[4.9999035561971725,47.29084560874152],[4.999937779626793,47.290847630409274],[4.99999576516149,47.29084798174547],[5.0000202404721295,47.29084413784875],[5.000437441595877,47.29076625408267],[5.000524820859829,47.29074556625228],[5.000850901664708,47.290662588025896],[5.001045627628377,47.29062428933339],[5.000947425861667,47.290450379032094],[5.001088227928823,47.2904141808476],[5.001049511646349,47.290355503457015],[5.001491312073545,47.29025593898371],[5.001470393882761,47.29020605009037],[5.001486132225436,47.29020217647873],[5.0014542844069885,47.290125370079195],[5.001408749513959,47.29002223404419],[5.001362138374826,47.28992217836532],[5.0012980466242185,47.28980054123005],[5.001241629793852,47.28967174752708],[5.001212095263737,47.28960372637868],[5.001182634571623,47.28953768512095],[5.001081541949828,47.28930745138083],[5.001013230180968,47.28913644760201],[5.00100140462776,47.289096127560654],[5.000966986526269,47.28898226338253],[5.000938991158878,47.28887026960144],[5.000902020650734,47.288730514062735],[5.0008685880132955,47.28858979696418],[5.000853950681218,47.28852728222279],[5.000835487942407,47.28851130095769],[5.000813421738717,47.28848385500523],[5.000810022747554,47.28847788004684],[5.000809784742566,47.288471490365666],[5.000811107117034,47.28846435335004],[5.000814760003259,47.28845582534615],[5.000834138590832,47.288432437521166],[5.000834521980921,47.28843207069645],[5.000825244608021,47.28834289778816],[5.000815872164381,47.28826183131502],[5.0008118299416555,47.28820660827976],[5.000808036655079,47.28817938753532],[5.000803873392658,47.288152893597164],[5.000785089685713,47.28797905437016],[5.000735128621004,47.28776766019449],[5.0007209634647785,47.28769649215868],[5.0007048659227,47.287616081946936],[5.000669999332454,47.287554096100315],[5.000633721225948,47.28748619106123],[5.000475908348492,47.287193357071864],[5.000294022477639,47.286968387860924],[5.000188806933362,47.2868084659524],[5.000139144448976,47.28673295685603],[5.000098189907593,47.286667383600026],[5.000060614150074,47.28660724533923],[5.000021206731917,47.286540564745316],[4.999984586955927,47.28647410624466],[4.99994798737419,47.2864081877043],[4.999913495770828,47.28634556479074],[4.999911871780105,47.28634460219708],[4.999869311566737,47.28632120151418],[4.999856619275162,47.28631088404697],[4.999854104556699,47.28630732525825],[4.999852756735591,47.28630311598219],[4.999853265514508,47.28629545267607],[4.999855307819158,47.286286322082745],[4.999863393762111,47.28626889245858],[4.999874233727406,47.286250784988674],[4.99987498038668,47.28624951137124],[4.999795378373146,47.28605231576643],[4.999764454402005,47.28596819860888],[4.999727128439644,47.28588275093239],[4.9996951851915306,47.285803244044786],[4.99966409589785,47.28572534339005],[4.999633006694318,47.28564744272451],[4.9995309532258485,47.28539101853012],[4.999449962439075,47.28518844339363],[4.999430464383009,47.285133936897836],[4.999393146842455,47.28509135437753],[4.999307743642474,47.2849942176562],[4.999241942339714,47.28495437727042],[4.999161689839061,47.28491028319368],[4.999080258964092,47.28487719588183],[4.999009541154885,47.28485815236416],[4.998907808113421,47.28483072789092],[4.998618045244807,47.28443768391944],[4.998482963172993,47.28426440675012],[4.998389152181043,47.28415462661785],[4.998284793036692,47.284028098054094]]],[[[4.9980636376701515,47.282960271348315],[4.998148188687931,47.28301329746351],[4.9981545803528045,47.28301435807258],[4.998332753552744,47.28304406865198],[4.999616503498024,47.282430928039524],[4.999538555722955,47.28235266423471],[4.999465546744897,47.28227908809524],[4.999396666270908,47.28220976332749],[4.999316661689383,47.2821295536481],[4.999236223754059,47.28204836079445],[4.998704445777178,47.2823314664035],[4.9984266754639375,47.282473853286625],[4.998366435920345,47.282412664002806],[4.997766174443426,47.282722700039336],[4.9978349080400255,47.28277743960752],[4.997890557275706,47.28282195826527],[4.997981798987895,47.28289477108701],[4.998060769982404,47.28295788929436],[4.9980636376701515,47.282960271348315]]],[[[4.996584738608576,47.28551262936447],[4.996571668350406,47.285513484662744],[4.996299072410134,47.285582023196476],[4.9961984548703935,47.28532106896821],[4.996167082348362,47.28525677037495],[4.996120944424234,47.28517975813834],[4.996075758518509,47.28511767835241],[4.996031737446765,47.28506557442566],[4.995826032005374,47.284914761916774],[4.995686990870362,47.28484844303935],[4.995454719997444,47.284730596093716],[4.995382643721975,47.28469275261557],[4.9949779903161255,47.284444590522234],[4.994922209066481,47.28440718699027],[4.994708910499944,47.28425488216203],[4.994646130606678,47.28421075477973],[4.994491846734923,47.28407598590661],[4.9943030266095265,47.28391992756059],[4.994129139229226,47.28378108258704],[4.993958324054604,47.28365010924877],[4.9937319273135135,47.28348704129161],[4.993684576808276,47.28345210384449],[4.993522409696057,47.2833294462787],[4.993345394944072,47.283181108253935],[4.993163909959441,47.28302996506145],[4.9929962864013016,47.28288857938604],[4.992895178701275,47.2828064766431],[4.992743474583279,47.28268751057778],[4.992741824125098,47.28268582791468],[4.992665470655465,47.28262887491337],[4.992108449724472,47.28233937407757],[4.991689423175885,47.282109548360374],[4.991562160206448,47.2820393302851],[4.991390327392486,47.28194484232641],[4.991235292379589,47.281864384275],[4.991092210568964,47.2817957880113],[4.990993998947497,47.28174884478853],[4.990842702599427,47.28167282472686],[4.990623318717564,47.28154853354829],[4.990542988343587,47.28150200355629],[4.990440360110208,47.28144297846551],[4.990312570237197,47.281369165965],[4.989960228961741,47.28114935668643],[4.989874071971925,47.28109554182103],[4.989791975944132,47.28104417873203],[4.989694047025982,47.2809833613849],[4.989600545849718,47.28092417903272],[4.989518833758583,47.28087244895819],[4.989171849913891,47.280657768564105],[4.989082893978867,47.280603370747194],[4.988911043725184,47.28049744274927],[4.9887836549429085,47.280423621734556],[4.988780007645369,47.28042161303636],[4.98867383273174,47.2803631875473],[4.988528531315522,47.28028805236621],[4.988431478269287,47.280240096585985],[4.988428641132112,47.28023852425688],[4.988265613682851,47.28016711460825],[4.988093741845508,47.2800927044432],[4.98775141078202,47.28035756377777],[4.987655173289538,47.28041747716204],[4.987653616290504,47.28041831431821],[4.987326480556014,47.280621855859856],[4.986812019516435,47.28092361086861],[4.986446259211874,47.28113492546355],[4.986231915665031,47.2812754762772],[4.986229598396141,47.281277226961436],[4.986180585547573,47.28131525805855],[4.986095648202924,47.28140172238715],[4.986238900959221,47.281582527997195],[4.986283082707531,47.281639315514035],[4.98646880465567,47.28188423197233],[4.98650597402814,47.2819124125244],[4.98655455535817,47.281948592487296],[4.986763611970794,47.28203002265914],[4.987070571740461,47.282150119426305],[4.987132916907443,47.2821827314388],[4.987263265241088,47.28225065009414],[4.987404440014214,47.28237511662931],[4.9875452086957415,47.282499319795285],[4.987607583477694,47.28255417418179],[4.987621946131905,47.2825668057132],[4.987678130465945,47.2826045659691],[4.9877537721710254,47.282653159413215],[4.987895544705178,47.28272934663497],[4.988006531623649,47.282778234805896],[4.988234487834288,47.282866002464196],[4.988546517279049,47.28297268067238],[4.988675393142635,47.28301144579555],[4.988893593669749,47.28305012032869],[4.989508841231365,47.28315402882079],[4.98981740443282,47.28320988305879],[4.9901686885511864,47.28327220789851],[4.9910060522406505,47.28341309216463],[4.991295687258366,47.28347232916313],[4.991271044966734,47.283493014097616],[4.9909937163506966,47.28344446228104],[4.990308672350753,47.2833321232943],[4.990175743543543,47.28331261081454],[4.989882506357778,47.283263248635045],[4.988690338883444,47.283050542834964],[4.988615544961617,47.28303561533732],[4.98852434099339,47.28300638045377],[4.988520720180301,47.28300509171808],[4.987967441874314,47.282794753993116],[4.987684988845367,47.2826718982752],[4.987557968311019,47.2825652002113],[4.98751238999788,47.282524376498905],[4.987243478372221,47.282295295186806],[4.987102615221386,47.28221143709618],[4.9870572499621115,47.28218708928778],[4.986566540819234,47.282004310255125],[4.986643612673927,47.28217751346308],[4.986666818929095,47.28231120519204],[4.986669619293773,47.28236545927766],[4.986659586776787,47.28246991260603],[4.986591870523601,47.2828288532377],[4.986582453031349,47.282907000495584],[4.986578909440774,47.28314399089979],[4.986577133213293,47.28327847059387],[4.988351626780212,47.283392156646414],[4.988377422682023,47.28330607399291],[4.988386962744083,47.28327421177742],[4.9888550624593675,47.28339271274999],[4.989009208645527,47.283449144990136],[4.989415415508561,47.283600853817596],[4.98966294200341,47.28372376410059],[4.989658917114268,47.28377588385862],[4.989813038410252,47.28385302771142],[4.989959074842829,47.283915541319445],[4.990039758450445,47.28395008859202],[4.990425953058901,47.28396867842087],[4.990541292361278,47.28397417397263],[4.991052217032272,47.284080224548354],[4.991305099461253,47.28413324825859],[4.991231982848451,47.28424932103],[4.991592976686333,47.28426275624197],[4.991872957969733,47.28432918173807],[4.992261587431382,47.28437050717422],[4.992282562371974,47.28444363041672],[4.992258106011595,47.284533563281876],[4.9925738042565655,47.284567404887746],[4.992609632929556,47.28447367449994],[4.992773063944737,47.284501935813935],[4.992872957799286,47.28451913112824],[4.992876555448247,47.28451978975616],[4.993235156589631,47.284575676073494],[4.993799275433769,47.28491656021665],[4.993842005323112,47.28489115129905],[4.993953188810519,47.28489158188205],[4.9940041907207755,47.28486440977687],[4.994051589447403,47.28490060701512],[4.9941443263824645,47.2849709656268],[4.9941049103060795,47.284989383598905],[4.994070865799589,47.28505624793452],[4.994142747653683,47.28513164776036],[4.994156389139554,47.28514618202153],[4.994466418877668,47.28536940791746],[4.994650838146155,47.285503028349765],[4.994729154465796,47.28547367532356],[4.994916724109359,47.285627953428545],[4.995128417942484,47.28588654832318],[4.995138802075531,47.28589888715543],[4.995170049538164,47.28594202563273],[4.9953325535763,47.2861660751246],[4.9954786062997485,47.28636762387198],[4.995646105169587,47.28632349852313],[4.995694949511337,47.28641991586538],[4.995746472319793,47.28652430185139],[4.995924171973098,47.28648756511288],[4.995986464213128,47.28658258030072],[4.996018024559535,47.28665191866792],[4.995758796970812,47.28672779027483],[4.995805820672518,47.28681793515553],[4.995952435545497,47.287098630431345],[4.995986733554617,47.28716684106212],[4.996017186319759,47.287227733469834],[4.9958109587994874,47.28726613172288],[4.995824446367347,47.28739404543668],[4.995831775891402,47.28746308022143],[4.995837089138163,47.287509906545516],[4.9962915646274935,47.28745264859989],[4.99632095005707,47.28750617492963],[4.996224761388587,47.287524759922825],[4.996228427365525,47.28753793467195],[4.996251354399972,47.28753519882061],[4.996285990866917,47.2876124989137],[4.996393299919186,47.28759399268838],[4.996407648382353,47.2876275157563],[4.996313853667475,47.28764641983984],[4.996320854566698,47.287663859759775],[4.99634488507074,47.28765876352096],[4.996352679569563,47.287676189784236],[4.996388180101591,47.28775536609664],[4.996111344921962,47.287827669050564],[4.995946654956605,47.28786202090348],[4.9959981517335725,47.28795497044008],[4.996078626592568,47.28794088849173],[4.996149190175794,47.28806610919792],[4.996173733206427,47.28817095913279],[4.9962020472239805,47.28830248997805],[4.996230224255292,47.288430330987936],[4.996060016288761,47.2884551422094],[4.996079662622536,47.288513699001264],[4.995953655192974,47.28853126581309],[4.995265174398999,47.28862775736084],[4.995219732453776,47.28866573074867],[4.995242184589323,47.288928119728105],[4.995336116687784,47.28916937771646],[4.995404360281008,47.28933903489971],[4.995441670028023,47.28950967430294],[4.995454133409263,47.28956727406369],[4.995255883820133,47.28961760104543],[4.9952648322484485,47.28970885107503],[4.995323520600449,47.28974953643221],[4.995469841711114,47.28976566109069],[4.99554200142455,47.28986969215756],[4.9950767394181925,47.29009679224388],[4.995151857204498,47.29028046965364],[4.995178659997211,47.29027514590793],[4.995200640117665,47.290332401926385],[4.995416054871582,47.29024170627905],[4.9954230246920694,47.290247619973684],[4.9954734947559185,47.290227390592],[4.995758474031629,47.29055559562239],[4.9958590925245305,47.29078431078176],[4.996094254309811,47.2907441542332],[4.996166853848098,47.29073173869317],[4.996261230880467,47.290920667377904],[4.996226794680979,47.29092360120827],[4.996243594131994,47.29098031579475],[4.996270250808695,47.29106720868141],[4.9962936330273795,47.29106599592289],[4.996317808882989,47.291064769505205],[4.996479897101038,47.2910563073406],[4.996482870096408,47.2910721955843],[4.9967519429239555,47.2910363171005],[4.996758290542078,47.291078893037636],[4.996786078035322,47.29127094837656],[4.996804191714555,47.291352314817345],[4.9968113785804835,47.291385420730094],[4.996778639070961,47.291412639855345],[4.996791968956728,47.29145077308083],[4.996834163657915,47.29157107830325],[4.996899698328984,47.291507453644236],[4.997083032759082,47.29147232951209],[4.997603467157106,47.29137268748842],[4.997730441593725,47.29166920762645],[4.998014120639512,47.291606058852494],[4.99801527926448,47.29160874049533],[4.998649947752656,47.2915057758862],[4.998522509879776,47.29119692735419],[4.9990346693815235,47.29109913234503],[4.999853160971985,47.2909424740454],[4.9997596883271385,47.290810175941395],[4.9997140129028415,47.29074585466825],[4.999620527541441,47.29061319645964],[4.99948344564748,47.29041870247817],[4.999364069326374,47.290251819740575],[4.999243779536362,47.29008171070537],[4.999168838045639,47.28997781980367],[4.999068438786126,47.2898406875659],[4.999032646806451,47.28978583143926],[4.998986194505247,47.289711257200395],[4.998936944581522,47.289636190820794],[4.998897599749938,47.289528534620125],[4.998854772518863,47.289412653499724],[4.99880968512445,47.289278710598],[4.998765505423054,47.28914781384869],[4.998721948759369,47.28901231363161],[4.99866643967582,47.288865042204584],[4.998632693033018,47.28876908644],[4.998603865495133,47.288698621052134],[4.998558948382464,47.288601236719956],[4.998540039307609,47.288562569371415],[4.998527157578256,47.288536495708286],[4.998522848045592,47.28852738450751],[4.998514676009593,47.288510505204265],[4.998483282111792,47.28844575734344],[4.998423585147005,47.288335299648416],[4.998364265137011,47.288224295109906],[4.998303307964954,47.288111967938164],[4.998253302241482,47.28800584590359],[4.99822964193298,47.287988873113164],[4.998213365007507,47.287978256994705],[4.9982018128133765,47.28796656891835],[4.99819483135077,47.287949669087695],[4.998193716373556,47.28794104317692],[4.998199588130261,47.28791743815192],[4.998210608177723,47.28789347430159],[4.998124329719171,47.287687477456835],[4.99808184707425,47.28758077551686],[4.998040613208801,47.2875076419251],[4.998019851481207,47.28747251846947],[4.997971237610971,47.287414460785044],[4.997905147042004,47.28732419479475],[4.997836511942954,47.287229559971614],[4.997778347247488,47.28716022989914],[4.997721540416693,47.28709537908197],[4.997665574156645,47.28703177451075],[4.997556123161763,47.286907224163414],[4.997503525694335,47.28684878460587],[4.997441373890168,47.28677898269246],[4.997368193955552,47.286722248219455],[4.997355689026895,47.28666356864892],[4.997321939796459,47.286620834016524],[4.997277024803945,47.286534075426346],[4.997184386264028,47.28634907971708],[4.997135505854982,47.286251763041996],[4.99708566811354,47.286150050212704],[4.997010431111833,47.28600590917883],[4.99687197071001,47.285763077214646],[4.996782076696722,47.28564116130261],[4.996750203366487,47.285606138803686],[4.996729358835873,47.28559010784273],[4.996656520924344,47.28553895035272],[4.996640896313593,47.28552805263518],[4.996608709188605,47.2855166294645],[4.996595495097448,47.285513614948634],[4.996584738608576,47.28551262936447]]],[[[5.000234354040619,47.28369192249965],[5.000079988664994,47.283544644784016],[4.9999264478128795,47.28339816313651],[4.999760957792254,47.28347458950354],[4.999483068635274,47.28360320266483],[5.000219933334824,47.28397637987924],[5.000348591501928,47.284040981306475],[5.00050109434803,47.28395694342457],[5.000413007425802,47.283862375241604],[5.000234354040619,47.28369192249965]]],[[[4.99785792425254,47.28341768334649],[4.998227226287441,47.28385735772658],[4.998497970265131,47.28417688648976],[4.998570993869001,47.28427216582164],[4.998672745876656,47.284413958074595],[4.998732365287374,47.284501093257674],[4.999010260613444,47.28479924504504],[4.999065949228381,47.28478072509596],[4.999131142015679,47.28477221738627],[4.999254409077415,47.284755954897946],[4.9996234062217955,47.28470691033668],[4.999896399387441,47.28467059610067],[5.000044932014321,47.28465047520726],[5.000060732495563,47.28464831169788],[5.000032000509036,47.2845697400949],[5.000004230224421,47.28451699724226],[5.0001559820871035,47.284508707756174],[5.000108320605815,47.28436958638235],[5.000361227325776,47.284337669701856],[5.000317172570674,47.28423144577639],[5.000539586964455,47.284180332715415],[5.0003882065927945,47.28410261525811],[4.999659774894416,47.28373208538709],[4.999262074200952,47.28356441592298],[4.99920434569925,47.28353875490558],[4.999003346963855,47.28346117028336],[4.9989462514814065,47.28343117566776],[4.998586644335018,47.283220162250686],[4.99785792425254,47.28341768334649]]],[[[5.001285455989747,47.29061357917206],[5.00105761567516,47.290658302821996],[5.000855003568826,47.29069808832039],[5.00077148539565,47.290715828121684],[5.0006534998882985,47.29074631935077],[5.00056545106108,47.290770350792464],[5.000483351050267,47.290794189549956],[5.000395089591719,47.29082317745218],[5.000309222345374,47.29085248422352],[5.0002449218912535,47.290874485048796],[5.0002252406286996,47.290836461660334],[4.999977832404883,47.29088890483951],[4.999944498344591,47.2909001056744],[4.999933632073028,47.290906866850676],[4.999930655234956,47.29091223129854],[4.999931293314513,47.29091870413097],[5.000170891546144,47.29158420970887],[5.0004454622792815,47.291525354387694],[5.000477813970343,47.29151975365132],[5.00072717393783,47.291477001554064],[5.000818559608845,47.29162779579638],[5.001450438473552,47.29146074599291],[5.001479640086097,47.291509141191554],[5.001482572098364,47.29151323306483],[5.001502998904744,47.29150729741606],[5.001751708388319,47.29143645771396],[5.001761355136359,47.29145024954298],[5.001828544089825,47.2914311698076],[5.001865086195423,47.29142081361829],[5.001889447591329,47.29141390948567],[5.001937386785614,47.29140038488397],[5.001974322315651,47.29138993181832],[5.001767738016107,47.29093962759222],[5.001713389651599,47.29071723311924],[5.00161777761334,47.29051698312182],[5.001614838937827,47.290512711259446],[5.001604427865626,47.29051036936608],[5.00159257038958,47.29051183466011],[5.001575664996221,47.29051635878917],[5.001285455989747,47.29061357917206]]],[[[4.9993510026483525,47.29603453461799],[4.999498076880308,47.29613439078192],[4.999605320034735,47.296220344536515],[4.999682500174587,47.2962561164138],[4.99972393602768,47.29627044122682],[4.999760230964492,47.29627467862945],[4.999855571911383,47.29626493082507],[5.000071950237134,47.29623166424549],[5.000134685130693,47.29622076718069],[5.000182696088716,47.296209043235464],[5.000273531995676,47.29618496425292],[5.00034831794487,47.29616710536623],[5.000400459586798,47.29614900641307],[5.000429424689683,47.29613770073491],[5.000449305672447,47.29612772233851],[5.000486569157426,47.29610465675088],[5.000496145279894,47.296095216204705],[5.0005019385141205,47.29608016753145],[5.000503708254402,47.29607437362873],[5.000507910710705,47.296059262325876],[5.0004928861233315,47.2955492808417],[5.000506754872566,47.29547384745823],[5.0004503618320655,47.29522852454057],[5.000393254194403,47.295081281681725],[5.000239065094061,47.29471571262862],[5.000257178671932,47.29458365275149],[5.000290014908218,47.29448438855447],[5.0002849431332885,47.29438019451476],[5.00023954985277,47.29413162000109],[5.000238147609699,47.294051316814894],[5.000236162198553,47.29395535443984],[5.000234213661603,47.29386038200956],[4.998346365308119,47.29415748466202],[4.998367945230686,47.29420385054946],[4.997882242653315,47.29431982742125],[4.997891294280221,47.2943496592303],[4.997903522194314,47.294390152659474],[4.997924801791028,47.29446047789179],[4.997928431833161,47.294472662600555],[4.998003477385222,47.29460059653911],[4.998081472393849,47.294690387220626],[4.998144921816166,47.294762777928995],[4.9982317153561375,47.29479019037864],[4.998271537263548,47.294793196806026],[4.998299813800568,47.29479541145701],[4.998355742127298,47.29483641301947],[4.998403639929301,47.294853688806946],[4.998485110707423,47.294855437575826],[4.998560091268281,47.29487485840628],[4.998571025471354,47.294891239841085],[4.998577229339111,47.29489788696747],[4.998584794541281,47.294909103350754],[4.998623295408109,47.295015333163896],[4.998712164549431,47.29521588144961],[4.99873979508324,47.29526475458086],[4.998769450107941,47.2953146734704],[4.998798175877372,47.29537163249277],[4.998817248300099,47.29541461946575],[4.998843150955466,47.29545974010844],[4.998875033121168,47.295484135608596],[4.998949568514995,47.2956516109986],[4.999034505495459,47.29571444567868],[4.9990600715718845,47.29571850790487],[4.999041878385108,47.2957311585777],[4.999049633313299,47.29577947349614],[4.999184163060997,47.29575572327716],[4.999204618996345,47.29579319311923],[4.999210593691098,47.295804346810584],[4.999178468866625,47.29582678313901],[4.999341797350325,47.29598993688116],[4.9993510026483525,47.29603453461799]]],[[[4.9989611534766,47.29579216426446],[4.998555137981925,47.29506189376574],[4.998232754029914,47.29518100251402],[4.998347221226776,47.29540785598225],[4.998578383930384,47.29584666544718],[4.998717837059258,47.29582715352453],[4.9989611534766,47.29579216426446]]],[[[5.001229444243028,47.29595226560525],[5.001214635524786,47.29592784645372],[5.000662886245187,47.29608333629387],[5.000601401244503,47.29610645931275],[5.000590930858222,47.296113213694234],[5.000574129601714,47.29613124379364],[5.000569709261556,47.29614050540837],[5.000569647631491,47.29614951177332],[5.00057886867292,47.296183843111784],[5.0006968620899235,47.29661163191384],[5.000836663830404,47.297017161659674],[5.000911215991176,47.297227500762574],[5.000925329353005,47.29739313502346],[5.0025053808495,47.297039257809374],[5.002426323867455,47.296931927981944],[5.002394739713946,47.29689429048868],[5.002216082243259,47.29670375909477],[5.00167614324007,47.29612142535881],[5.00157815652927,47.29602819960851],[5.001407312099188,47.29607914458551],[5.001322880224826,47.2961045548709],[5.0012687594625,47.29601624567416],[5.001229444243028,47.29595226560525]]],[[[4.998896132330919,47.29860113489102],[4.998871636657625,47.29860452856245],[4.998875517691451,47.29882617190475],[4.998917459259997,47.298822027470486],[4.998968076890313,47.29882691896823],[4.998960629370402,47.29898959269292],[4.998972177817062,47.29906512823446],[4.99997622123782,47.29904629820787],[5.000147656917277,47.29903226708687],[5.000540466713021,47.29898019961902],[5.000726317424188,47.298937372362595],[5.001007174557365,47.29887570656088],[5.001246567027384,47.29882033840752],[5.001245960146674,47.29877208049422],[5.001226064260799,47.29866445010909],[5.0011214755093185,47.298383487393046],[5.001104517299547,47.29838666151183],[5.000992563019003,47.298174446034935],[5.001068511932279,47.29815575621303],[5.001049866402978,47.298060351423345],[5.001028732423187,47.297962107841904],[5.001010690149029,47.29779762200697],[5.000956379498774,47.29768293045739],[5.000950353937709,47.297670426937096],[5.0009473445112125,47.29766426517195],[5.0009292242606165,47.29762558467104],[5.000909153232363,47.29758783833289],[5.000886769645931,47.2975093378636],[5.000859751086199,47.297231810145895],[5.000843534896179,47.297190935526594],[5.00062786809773,47.29659309979613],[5.000596439326607,47.29650629021049],[5.000591820390335,47.296488899556344],[5.000565105810894,47.29641137420148],[5.000493188686456,47.296207743398945],[5.0004793944467005,47.29616790760536],[5.000416174356678,47.296187098100795],[5.0002844260808,47.296232234406304],[5.0002136219943605,47.29625038482713],[4.999967585231867,47.29629767077686],[4.999862133725453,47.29631317620122],[4.999778591185657,47.29631983899236],[4.999721510740391,47.296322623704505],[4.999677005748091,47.29632185972693],[4.999614516326965,47.29630735736702],[4.999484609759259,47.29618865462372],[4.999465999219252,47.29617942967389],[4.999596165463602,47.29667842171359],[4.999271728738055,47.29673191990177],[4.99906326166832,47.296764418284404],[4.999073972331748,47.296817455072734],[4.999169652448969,47.29695547891218],[4.999132645953442,47.29700681624862],[4.999032359215978,47.29708643966275],[4.998855402867956,47.29695197698708],[4.998714172045728,47.297073189402376],[4.998848396120774,47.297222526655545],[4.998850857692435,47.29722464552619],[4.999016956751439,47.29775021499594],[4.999397751112584,47.29765297152309],[5.000068760392926,47.29747895305045],[4.999840220067538,47.29692978643548],[4.999755455572952,47.29676500938565],[4.999798428548937,47.296756614336715],[5.000029854963564,47.29731932930984],[5.000101312068635,47.29748928842269],[4.998808758663541,47.297822061326244],[4.998836876298018,47.29788398368848],[4.998906069630687,47.298035881803145],[4.998908678624053,47.298041960461106],[4.999223754171469,47.297960798379115],[4.999264448240437,47.29801917202279],[4.999344317125528,47.298084435174296],[4.999471731967168,47.29804009514987],[4.999522418492398,47.298100187650235],[4.999599503400677,47.298186661036254],[4.999508834687841,47.298215329225876],[4.99952005616091,47.298228733869436],[4.999558473023193,47.29826859574837],[4.999615822919071,47.29832632207184],[4.999657330308511,47.29832119426088],[4.999671767446325,47.29835696665647],[4.9994928237201215,47.298393279492196],[4.998863621652345,47.29849588272973],[4.998879183664202,47.298540551073586],[4.998896132330919,47.29860113489102]]],[[[5.0012957402585165,47.298903689916884],[5.001275110165145,47.29902147471953],[5.001254117576026,47.299193477627455],[5.00125069762596,47.29921893153003],[5.001293638794769,47.29920963598503],[5.003802084001077,47.29867078872563],[5.0035942620160485,47.29843330503881],[5.0035004225486315,47.298323709668935],[5.003470868677979,47.29832989323607],[5.0015971823214205,47.298723067935185],[5.001097193554949,47.29804089436941],[5.001120281487826,47.29820223137268],[5.001145623711783,47.29829616987564],[5.001184631731604,47.29841580796502],[5.001218589171692,47.29849581978078],[5.001256695390209,47.298591249148195],[5.0012819754662,47.29867285143102],[5.001304866516691,47.29876494104852],[5.001305190677249,47.2987842968421],[5.0012957402585165,47.298903689916884]]],[[[5.004476264393272,47.29944359770205],[5.0043335542215255,47.299280274970855],[5.004243528844923,47.29917718818447],[5.0041282028256315,47.299045271032725],[5.0040671047487315,47.298972392626276],[5.00402285239764,47.29892524860856],[5.003961394663856,47.298853366941735],[5.003543428678542,47.298944242957525],[5.002835341638556,47.299072003596514],[5.002822096189148,47.29903630105178],[5.002066903228953,47.29918954441512],[5.0012333506999775,47.29936088392559],[5.001234527684052,47.2994244409927],[5.001230761679314,47.29960046933828],[5.001240589113956,47.29978959109036],[5.001250728727567,47.29992314480361],[5.001259439521983,47.30008229817199],[5.001259990675387,47.30008643110092],[5.001267875767677,47.30010619681646],[5.001280027142096,47.300112561132],[5.001290890605908,47.300116336122024],[5.001308037160393,47.30011820170184],[5.001323936046215,47.300118557895985],[5.001392859920698,47.30011376716322],[5.001525010368809,47.30010050161252],[5.001796050141733,47.30005233117003],[5.001804031242242,47.30007821879484],[5.002101797167048,47.29999770788772],[5.002649626236741,47.29992071584625],[5.003141789415359,47.299841980453145],[5.004384253295806,47.29964555486702],[5.004610005543636,47.29960068142507],[5.004601641301556,47.29958938917232],[5.004539378195244,47.299517251557354],[5.004476264393272,47.29944359770205]]]]}},{"type":"Feature","id":"inao-denom-806-rose","properties":{"id":"inao-denom-806-rose","name":"Marsannay Rosé","tier":"village","kind":"appellation","appellationId":199,"denominationId":806,"sourceName":"Marsannay (rosé)","communes":["21166","21200","21390"],"areaHa":466.11},"geometry":{"type":"MultiPolygon","coordinates":[[[[4.9744024889551355,47.255196971788244],[4.974636294376554,47.25512373906749],[4.974606715880018,47.25482625479241],[4.974635208552059,47.254478522126085],[4.974633350443186,47.254427943530104],[4.974623154458487,47.254355623849264],[4.974533414364048,47.25411625811629],[4.974532978142386,47.25411518489892],[4.974532541920745,47.25411411168156],[4.974349425758444,47.25413767203599],[4.973681197298841,47.254234329244916],[4.9735506827303615,47.254260414992096],[4.97376315465284,47.254416733947096],[4.973909763849698,47.254594796071],[4.974106166183213,47.25495094714475],[4.974179400728615,47.255021833373156],[4.9744024889551355,47.255196971788244]]],[[[4.972734389089995,47.25416453028872],[4.972710827386959,47.25416763276537],[4.972512826071766,47.25420729290756],[4.972229013353636,47.25428380343227],[4.972157435528055,47.25430123055559],[4.972153503042017,47.25430219797839],[4.972142558727865,47.25428509380497],[4.972093131891258,47.2542898067727],[4.972080660201013,47.25429596243596],[4.972011989573597,47.25423040053055],[4.971841257601574,47.25405436730233],[4.971692024577934,47.25392353544475],[4.971676942947157,47.25391262523618],[4.971649978093311,47.25390227730592],[4.971223563466659,47.25376544138785],[4.97101678091265,47.253699074928434],[4.970603573675897,47.253576060644264],[4.970446837999548,47.253651757868084],[4.970446058104062,47.253652131336395],[4.970425470049356,47.25366418818858],[4.9704243232996665,47.25366537837439],[4.970408143432045,47.25367862106381],[4.970341198989983,47.2537466685753],[4.970337325893954,47.25374925589443],[4.970309368333981,47.25376594063902],[4.970279368640763,47.25378103911053],[4.970247307022072,47.25379401132152],[4.9701343681186625,47.2538305109598],[4.970106338596074,47.25383440925056],[4.970068673180382,47.253835229321034],[4.970011656098155,47.25383853945595],[4.969955111419058,47.25384391277176],[4.9699153635564155,47.25385287300461],[4.969879382504938,47.25386717245108],[4.969818315134619,47.25390071928611],[4.9698137181671855,47.25390521001183],[4.969788971550084,47.253933727163876],[4.969771863306992,47.25398660915195],[4.969763129514675,47.254029803181695],[4.96975354654287,47.2540714807229],[4.969741811822859,47.2541194085194],[4.969654129320096,47.25428209408231],[4.969641388612743,47.25430257258182],[4.969631456732429,47.25432390390378],[4.969626898478659,47.254340281047014],[4.969623332065236,47.254394553935505],[4.969623351102706,47.254449216186586],[4.969624264608953,47.254474145534004],[4.969649000381897,47.254640234574715],[4.969683405111438,47.254723670209074],[4.969692511072807,47.25474476818877],[4.969832382810976,47.25478264608381],[4.969961405933821,47.25481683581673],[4.970051540441597,47.25485096570698],[4.97025160720094,47.254928884840886],[4.970272052565043,47.254934571031136],[4.970289616476027,47.25493742446263],[4.970675773411897,47.25497174656175],[4.970760284252664,47.255003990306825],[4.970863029622901,47.25504655039403],[4.971014504480589,47.25517356291646],[4.971211487415732,47.25539453808796],[4.971269752720704,47.25552259448241],[4.971381020388729,47.255765018443846],[4.971500048670506,47.2560026275543],[4.971654958549231,47.256114992166985],[4.971684690163884,47.2561358293389],[4.971876959760409,47.25627142262195],[4.971972433529704,47.25635363897489],[4.972138217208339,47.25649193360034],[4.972156257547342,47.256496939942686],[4.972175405034122,47.256499676110465],[4.9721897111629145,47.256500243275525],[4.972217824482447,47.256498594422844],[4.972264679096092,47.25648861202436],[4.972384951885522,47.25645720878656],[4.972392030636539,47.25645546741276],[4.972430613429947,47.2564471565598],[4.972470471781991,47.25644116539144],[4.972510409392588,47.25643733414916],[4.972556774631488,47.2564356448934],[4.972598850302576,47.256436009772294],[4.972640608680535,47.25643854132196],[4.972681659810139,47.256443426284214],[4.97272239035356,47.2564503879207],[4.973025012480484,47.25653286136682],[4.973197690574331,47.256577831647505],[4.9732161309122045,47.256582921074],[4.97324331556101,47.25658840201755],[4.973271610619474,47.256591702770024],[4.97333211692272,47.256586080361075],[4.973358726353911,47.25662993393958],[4.973424252455787,47.25665295318397],[4.9734575343782765,47.25666238272701],[4.973496348437635,47.25667117778591],[4.973536266295766,47.25667761264979],[4.973629218535373,47.25668026312905],[4.973884763396501,47.25661530723452],[4.97389759572846,47.25662976754846],[4.9743334886639134,47.256548502600936],[4.975078491771827,47.2565102401533],[4.975138424502163,47.25608947875979],[4.975117880801982,47.25602715127229],[4.975105163742715,47.256005034553375],[4.975089310570237,47.25598396184253],[4.97508765487029,47.25598209891533],[4.975000659413557,47.25587155381005],[4.974818956369822,47.255645731849164],[4.974714667726855,47.25548568131715],[4.974607082757413,47.25538710349887],[4.974578064191697,47.25536409362462],[4.9745443431586684,47.25534269473445],[4.974462334165037,47.25529222024033],[4.97442091002689,47.255266359741206],[4.9743271431214335,47.25519825471669],[4.974158991789368,47.25507117009855],[4.974049009504166,47.25497209227053],[4.9739861318305,47.254891483947425],[4.9739563470069355,47.25484759449174],[4.973944962487353,47.254829327275395],[4.973832988078392,47.25463275492285],[4.973779568920656,47.254561170963484],[4.973723410393962,47.25449062420074],[4.973719672886538,47.2544860950774],[4.97368381135736,47.254449603345044],[4.9736018475122314,47.25437868528498],[4.97354161479266,47.25433765536864],[4.973483708599005,47.25429514496425],[4.9734755429846365,47.25428889012349],[4.973428522176475,47.25425105732864],[4.973381802236574,47.25419619923044],[4.973353445694339,47.25418398424525],[4.973307743476316,47.25416404966408],[4.973252563700466,47.2541525613018],[4.973234857766001,47.25415304272653],[4.972946520178778,47.25414588203017],[4.972936857595512,47.25414568622646],[4.972862914257173,47.25415270780594],[4.972734389089995,47.25416453028872]]],[[[4.977439063544955,47.25343411263437],[4.977256896588181,47.25346540609592],[4.977075212030518,47.25349903244354],[4.976964118105057,47.25352082858094],[4.97701046562176,47.25364818504618],[4.977016113927104,47.25366150677102],[4.977039487708256,47.253725226610825],[4.977050961953031,47.25384300157397],[4.9770634405150895,47.25395571638875],[4.9770749777573435,47.25407520129013],[4.9770870333917525,47.254187202873894],[4.977095970874398,47.2542683691383],[4.9771084396984095,47.25438081393677],[4.977121523613094,47.25449919179748],[4.977134377255218,47.2546328827367],[4.977156839955923,47.25485520293195],[4.978472291434012,47.25464095035682],[4.978495703806856,47.25470565984937],[4.978506740648019,47.2547359998018],[4.978510385819098,47.25473800884375],[4.978520943302624,47.25476610562637],[4.978517040711968,47.254767883241186],[4.978541692547475,47.25483392238247],[4.978578789677838,47.254936220986664],[4.978266022971812,47.25500936808288],[4.978289806245754,47.25508415731351],[4.978068198080444,47.25513287486673],[4.9780269830028985,47.25501569742451],[4.977956168636637,47.25481662557576],[4.9772979580302925,47.254916014400074],[4.977164320545883,47.25493990611569],[4.977172214975322,47.255035858972136],[4.977183615068193,47.25517317682071],[4.977194818009192,47.25532670771606],[4.977216213621703,47.255595513824],[4.977234611838813,47.25576125937647],[4.9772471004403425,47.25586343762983],[4.977266251594522,47.2559202051936],[4.977395661136471,47.256223551064586],[4.977461556274482,47.25635363575207],[4.977510320903814,47.2564495219329],[4.9775229537448125,47.25648010489777],[4.977615353819104,47.256705014410215],[4.977704198788273,47.256930344691135],[4.977800088409457,47.25717455609314],[4.9778222641585295,47.25722721954423],[4.9778847116336,47.257360604718535],[4.978044141289507,47.257692345025234],[4.978105213745475,47.25780990406376],[4.978150201168611,47.257878568099315],[4.979460384521897,47.25759478403023],[4.980499226199383,47.257367490602185],[4.980504128226035,47.25734975631995],[4.980505847724769,47.2573318062317],[4.9805039914431415,47.257313737108056],[4.98049896922144,47.257295902164564],[4.980495904707232,47.257288119817886],[4.980446486760374,47.25719620834918],[4.9802543228644565,47.25685953678683],[4.980247242988911,47.25685047219722],[4.9801793363878435,47.25676292877483],[4.979986955872162,47.25649569201196],[4.979983732342134,47.25648358978004],[4.979906177834412,47.25617719987808],[4.979893989999445,47.2561479603573],[4.9798782530003995,47.25611932175865],[4.979863967599692,47.25609777263054],[4.979814702242015,47.25602071717374],[4.979753174304022,47.25592315866439],[4.979738402942356,47.255899186362605],[4.979606053403992,47.25568873862301],[4.979452234216964,47.25544479697344],[4.979369245808233,47.255303208033325],[4.97934424487173,47.25526004871223],[4.979262979131227,47.25512212249952],[4.979227838004769,47.25506220610453],[4.979192693642732,47.255002199700094],[4.979135490330306,47.254903486398526],[4.9791152164122146,47.25480549356076],[4.979159708831721,47.25479608896516],[4.978965421272698,47.254336617912806],[4.978888717997238,47.254128551594704],[4.978817107673674,47.25388635791095],[4.97881349464315,47.253874442396146],[4.9790204125573485,47.25383642028425],[4.979023912970322,47.25384527588125],[4.9788371228253325,47.25388034293125],[4.978899494537275,47.25409792944374],[4.978984181726995,47.25433962971902],[4.979043259672433,47.25448928163207],[4.979106283587348,47.25463832583723],[4.979175065058806,47.25479285507388],[4.979383193492128,47.25473373910255],[4.979500992706175,47.25470002914857],[4.979535544639472,47.25469007367459],[4.979619571618963,47.25466594554465],[4.979728022337915,47.25463698770916],[4.979909162093183,47.254588507658895],[4.9801260793670705,47.254531041329464],[4.980142875785063,47.2545238203388],[4.980384350076748,47.25442207786243],[4.980719936034389,47.254279193557025],[4.980794162751781,47.25424757737387],[4.980804589551189,47.25422902823858],[4.980805204435719,47.25418110901098],[4.980733020145475,47.253686684907734],[4.980690091222307,47.253210852388854],[4.980655441337242,47.252916607398596],[4.980607821807355,47.252571883490056],[4.980520220871514,47.25255275747279],[4.9804449935788995,47.25254638782459],[4.9803347948171,47.25253854418786],[4.980288083065221,47.25254150329189],[4.980104431507623,47.25255391532662],[4.9800434887862615,47.25256909454706],[4.979870307026821,47.25265030879558],[4.979797118261099,47.25269928713845],[4.979689803307666,47.25280207002578],[4.979519901220678,47.25294005179957],[4.979512102998902,47.25294378709373],[4.979437190301811,47.2529782959294],[4.979361869878093,47.25300173503368],[4.9791533950327125,47.253065629895964],[4.979125773778473,47.25307699789759],[4.979041967031867,47.253099861209],[4.978609322599934,47.25323250994307],[4.9785364194825465,47.25324618141882],[4.97815689433589,47.25331641514252],[4.977940090731674,47.25335532481377],[4.977622489454578,47.253404688542645],[4.977439063544955,47.25343411263437]]],[[[4.968119634387389,47.25296869216282],[4.967989473259437,47.252968289892785],[4.967982738646077,47.25296858430595],[4.9679409930675105,47.252966321068946],[4.967941934422967,47.25297035750691],[4.967942885663417,47.25297466393809],[4.967943892918229,47.252980500330935],[4.967934428641894,47.25298210182181],[4.967924964364996,47.25298370331192],[4.967894608592467,47.2529890814148],[4.967892635769368,47.25298938505868],[4.967730612619945,47.253018250375526],[4.967730206194377,47.25301798711188],[4.967730186426788,47.253017447125366],[4.967720306109705,47.252986005965184],[4.96759796173749,47.253000419507245],[4.967508979928229,47.25301210551509],[4.967492400940867,47.253014458072684],[4.9674079198147965,47.25302624773903],[4.967401344142703,47.25302365770449],[4.967340765045105,47.253030809232065],[4.967228532936575,47.25303964758376],[4.96722869476108,47.253040455321006],[4.967239499636335,47.25307548297706],[4.96723556056392,47.25307627023807],[4.967231618197624,47.253076967501165],[4.967017223137246,47.253116806364474],[4.966991146833567,47.25311986028781],[4.966822218296657,47.25313353234631],[4.966816673284436,47.25313380651232],[4.966639383857094,47.25312501666604],[4.966606748817267,47.25312232826078],[4.966538444695762,47.25312078513351],[4.966381057725562,47.25311733071755],[4.966154200369974,47.25313468580816],[4.965883849595438,47.253192401463316],[4.965620173124562,47.253251804403774],[4.965516031313071,47.25327212084783],[4.965615773470629,47.253702957394445],[4.965426822704991,47.253961282124706],[4.965780303302796,47.25408973989867],[4.965749806981637,47.25412384689382],[4.96582844427456,47.25415835503175],[4.966301711498882,47.25436141593021],[4.966260865492639,47.25439461792456],[4.966339057924988,47.25444948537552],[4.966388662117803,47.25448214409577],[4.966594515227798,47.25460995104083],[4.966624325433466,47.25458963365949],[4.96677472808155,47.25466596957384],[4.966911578556353,47.25471894114791],[4.967108399981572,47.2547842231184],[4.967167010436411,47.254813576850204],[4.967341642635605,47.254901388057505],[4.967206817203472,47.25501219008149],[4.967229987474473,47.25502728619884],[4.967474206961148,47.25519496481625],[4.967412114911677,47.255233120434056],[4.967293691170844,47.255304200779435],[4.967473595312184,47.25542758356969],[4.967563531220166,47.255488824869545],[4.967326525854456,47.25561585939571],[4.967456755020373,47.255769712625124],[4.967504474659478,47.25582671731869],[4.967532613336147,47.25589080826146],[4.967674954836009,47.256050309208575],[4.967916165511223,47.25631988855049],[4.968104046332061,47.25653093722906],[4.968111523981093,47.25654008582773],[4.968127012079599,47.256551259750374],[4.9683345420799006,47.25648614053963],[4.968405276606858,47.25661893950395],[4.96855789025078,47.256571231906044],[4.968530828672336,47.25666660776426],[4.968415132954418,47.25670387279318],[4.968550118950002,47.25700911413688],[4.968567881453218,47.25704987700586],[4.968618916450495,47.25708899436663],[4.968655994112861,47.257072065201726],[4.968757926588142,47.25721153856851],[4.968859099412684,47.25735192528038],[4.968903551920545,47.25735216110159],[4.9689157080485025,47.25748901617974],[4.9689335156997565,47.257585161147844],[4.968909043419974,47.25758872854755],[4.968828763960993,47.25750958375808],[4.968751401225195,47.25752089319165],[4.968787942385316,47.25773847248104],[4.9688087293529035,47.25785095661291],[4.968871414937801,47.25785061272284],[4.9688752954105295,47.25788071476534],[4.968912562119373,47.25816140918864],[4.968942682292088,47.25838783260413],[4.969162022276984,47.25837411219828],[4.969279646594915,47.25827026420197],[4.969331384798583,47.258133584846895],[4.969443210017593,47.25783901170927],[4.9694880753077495,47.25772054973734],[4.9695031674931265,47.25768841445185],[4.9695602101041,47.257577400165985],[4.969558683143016,47.25744909979073],[4.9695564372369105,47.25725786418232],[4.969532971051535,47.25711561791143],[4.9695291125223005,47.25709695230652],[4.969472004711909,47.256989587821145],[4.969448982368744,47.25688110407468],[4.969431451033696,47.25679251895411],[4.969391769931087,47.25659759652863],[4.96938924628568,47.25658287060268],[4.969377844161908,47.256509940745936],[4.969369617900933,47.25643704700221],[4.969452320218261,47.25620330411549],[4.969475852041414,47.25613077150543],[4.969539659391271,47.2559120281757],[4.969546789288866,47.255673445104335],[4.969548756430019,47.25566215498928],[4.96957750171538,47.2556019611829],[4.96960452878013,47.25553819440757],[4.969620641653883,47.25541481740535],[4.969624013621293,47.25539855047515],[4.96962418343363,47.25538152745466],[4.969621184073,47.25536464831996],[4.969583011263056,47.25520004830969],[4.969582629261645,47.25474564411243],[4.969546025900527,47.25472132099303],[4.9686688341102,47.25417248169171],[4.968501740039392,47.25411714390552],[4.968043906635528,47.25396732176254],[4.9676288103512105,47.25384676048422],[4.967568358395405,47.25383211697781],[4.967408748995149,47.25379691270431],[4.9672526527344525,47.25376011769771],[4.967098060536064,47.25372104562728],[4.967033957606856,47.25370421244467],[4.966691072322836,47.2536159227698],[4.966357309797402,47.253592586142716],[4.966309599148866,47.25358997320325],[4.966199010350059,47.25358230285808],[4.966089138961625,47.25357254901065],[4.965979575283141,47.25356035839545],[4.965966080692267,47.25350601472338],[4.966177892278169,47.25352565703338],[4.966695745667046,47.25355928983475],[4.966799508127383,47.25358643702554],[4.967270844326408,47.25370424596713],[4.967283321738017,47.25370907727169],[4.967515771117761,47.25376132663212],[4.967649830126138,47.253792281555086],[4.968086193537374,47.25391932585665],[4.968142828538022,47.25393808629925],[4.968713922834701,47.25412515841285],[4.969023514932645,47.25432261227703],[4.969495228323651,47.25462366512292],[4.969554172979547,47.25466210741193],[4.969584678749114,47.25464997231949],[4.969579449339967,47.254626377035386],[4.96956061096054,47.25448044988354],[4.969557359375897,47.254348396391144],[4.969565910366961,47.25432186541955],[4.9696056503216495,47.25424770659279],[4.969679260011519,47.25411245633413],[4.969702739432996,47.25401687074438],[4.969730759681063,47.25391526446374],[4.969731500009295,47.25391381102836],[4.969741275981512,47.253899056260046],[4.969754263908125,47.253885327570856],[4.9697696805859595,47.253872908425784],[4.9697754869861255,47.253868937478],[4.969815450804838,47.25384421422915],[4.969857070038834,47.253821353969755],[4.969896361971615,47.253810780535865],[4.969678414110134,47.2537536968271],[4.969668368520674,47.25375026532581],[4.969640716572046,47.25374281032552],[4.9696119541376085,47.25373753547073],[4.969371720993398,47.253721984278265],[4.969171380347438,47.253668923153725],[4.968872190931506,47.25358205906739],[4.968525513671977,47.25348780556718],[4.9685573126416775,47.25342431818523],[4.9686698887656,47.25345374552905],[4.969205268408549,47.25362998476382],[4.969390785042139,47.2536791551427],[4.969625981616888,47.25369803378093],[4.969685257534046,47.25371305641502],[4.969995377498655,47.25379495987904],[4.970090548828959,47.25379334288355],[4.970090545530362,47.253793252885885],[4.970023882336991,47.25374989899844],[4.96998243183653,47.25372322691918],[4.969908191558182,47.253678831002354],[4.9697434999512975,47.25358076872999],[4.969623289346169,47.25350905680994],[4.969470786633013,47.25344401692343],[4.969432084472943,47.253394874600524],[4.9692768484186445,47.253302144353945],[4.969225965833135,47.25329598434001],[4.969085029520857,47.25327586442005],[4.968345696549622,47.253059681279204],[4.968119634387389,47.25296869216282]]],[[[4.974845737958267,47.255521451793655],[4.97491625607881,47.25565875346445],[4.975077472794132,47.25584539062325],[4.975126215581156,47.255919214944804],[4.975195177520857,47.25602493408086],[4.9751877114407,47.25611331394709],[4.975166626596964,47.256317014489895],[4.9751473124632914,47.2565041149587],[4.975266349695626,47.25687103746206],[4.975314401765182,47.25701241376138],[4.975309262889095,47.25701295156968],[4.975351551170748,47.2571378561477],[4.975381611022466,47.25723235075593],[4.975433464059419,47.25736915955934],[4.975520627924728,47.257570565665254],[4.975565818097271,47.25767722986469],[4.975613123652329,47.25778746015354],[4.97567923559691,47.25785873696341],[4.975644082940294,47.25787401463273],[4.975702617059876,47.25794424983687],[4.975745430906387,47.25802943161286],[4.975792223905788,47.25811490578828],[4.975827592795862,47.25821345227844],[4.975888112221931,47.258326879339954],[4.975909154117434,47.25832715117423],[4.975933001850423,47.25832818567735],[4.976019208109687,47.258319962687295],[4.976345581734532,47.25828171117158],[4.976369690350528,47.25827904893602],[4.976539544353313,47.2582577829457],[4.976708922203785,47.25823436353139],[4.976931470590671,47.25830792581783],[4.9770256678447815,47.258301186810286],[4.977428391698141,47.258256497436754],[4.978213271629048,47.258168996248735],[4.97811211796806,47.25809453633737],[4.978094680001899,47.25807358111249],[4.9780531813043964,47.25799188980445],[4.977958053435652,47.257800797384796],[4.977887445251124,47.25766133774643],[4.977863654001973,47.257618697837835],[4.9778168018410645,47.25753169452704],[4.977719052770814,47.257355595541384],[4.977700962876056,47.25727377501399],[4.977696587338808,47.257273489424875],[4.977657971830242,47.257194630517795],[4.977585313769028,47.25702098520611],[4.9775518540083965,47.2569420383332],[4.977444960603915,47.25668990953818],[4.977430199234271,47.256655400498005],[4.977318603731027,47.25639407622031],[4.977250272496148,47.25625169562574],[4.977116499605388,47.25596994687064],[4.9770617245549085,47.255764567497856],[4.977068852594055,47.2557102335572],[4.977019878537371,47.255360488991116],[4.9770236328553175,47.25531152574316],[4.977025911534518,47.255287172353526],[4.977025017754326,47.255262873054455],[4.977022921740689,47.255249040499535],[4.976996272037003,47.25496681584145],[4.976981824482859,47.25481135905121],[4.976956785919021,47.25455135017781],[4.976934242750375,47.254294450616214],[4.976926005266232,47.25419994443525],[4.976910646552782,47.25399812537866],[4.9769051273679485,47.2539343712711],[4.976901856384578,47.25388858960948],[4.976895019796395,47.253842958792646],[4.9768850174687636,47.25379756205652],[4.976883579581996,47.25379083252955],[4.976851389363719,47.25367079918229],[4.976830232276404,47.25359182240599],[4.975745067361505,47.253787904509586],[4.974670621985728,47.25402755991165],[4.974635197131287,47.254035367504834],[4.974620997430866,47.25403768056142],[4.974608066722757,47.254042133297425],[4.974597188184293,47.2540484422146],[4.974588751751356,47.25405642056544],[4.974583134136092,47.254065521612375],[4.974580708745383,47.254075108620185],[4.974581865517387,47.25408499484102],[4.974584905849943,47.25409214737128],[4.974600325731855,47.25413384985709],[4.974674993295337,47.25434096280473],[4.974680912212626,47.25436166443494],[4.974697176205977,47.25446954207997],[4.974684801091377,47.25467273410431],[4.974681966742142,47.25472519368449],[4.974675808895393,47.25482759966509],[4.974701037540765,47.2548878662754],[4.9747266396528325,47.254947496142904],[4.974779351498579,47.25493498148777],[4.974802435974761,47.255012484867386],[4.9746914371917015,47.25503697873882],[4.974717009820699,47.25510660507819],[4.974764705071918,47.25523835197578],[4.9747844646374855,47.25529015659556],[4.974726719532618,47.25530608895306],[4.974797934754744,47.25546238017234],[4.974861562254568,47.25544454652204],[4.974894045199641,47.255507841415124],[4.974845737958267,47.255521451793655]]],[[[4.973293002264717,47.2590550263998],[4.973417302084587,47.259057503893835],[4.973704578776281,47.25906747357381],[4.973709939226871,47.25900812705914],[4.973698398596221,47.25900724284036],[4.973697126207375,47.25899420672245],[4.9738939513510445,47.25898329204586],[4.974263085870938,47.25896386025243],[4.974612767638287,47.25894421820316],[4.974893116317987,47.258927647023185],[4.9748451084997125,47.258722692012164],[4.975027387552968,47.2587047287653],[4.975146247835723,47.258742778183944],[4.9751683335523476,47.25883623791938],[4.975181171297902,47.25889401381273],[4.975223004325308,47.25900649871296],[4.975448389571323,47.2589844685831],[4.975726351661376,47.25895694949657],[4.975960824846899,47.258933862988364],[4.975999970891898,47.25893004406366],[4.975966210710049,47.2588321006047],[4.975941874070678,47.258763804331494],[4.975904345886591,47.25864971539271],[4.97586273580326,47.258521737668374],[4.975858898135103,47.25850370226586],[4.975834663905126,47.258427389442005],[4.975807270336939,47.25835149065756],[4.975800686415657,47.25833431252808],[4.97575952429947,47.258240097264526],[4.9757314572927545,47.25817825831186],[4.9757047057996715,47.25811981897927],[4.9753022461446355,47.2581717021581],[4.975042622855806,47.25819062301719],[4.975028008683752,47.25818168645034],[4.974978626788406,47.258133718414086],[4.974960142760517,47.258127459305285],[4.974169246539775,47.25820252336688],[4.9739695988673995,47.258244555120704],[4.9738386582038885,47.258244892897174],[4.973839576920584,47.25823749286005],[4.973882840443963,47.25823774702409],[4.973962212534192,47.25823792683278],[4.974159014714347,47.258194052407404],[4.974950637841771,47.258117174959615],[4.974962132003691,47.25811679909108],[4.974973708841377,47.258118673155394],[4.974983778735159,47.25812273417264],[4.974985398119805,47.258123607128766],[4.975038455050527,47.25817439428683],[4.975044146055691,47.25817807961193],[4.975051747198585,47.25817975122198],[4.975053340128659,47.25817990419831],[4.975314893333974,47.2581595095801],[4.975697134007779,47.2581081509505],[4.97564392564965,47.25799928202239],[4.9755890088021415,47.25788711018887],[4.975536788444826,47.25776192465498],[4.975493148172052,47.257654243452464],[4.975474758709906,47.257607368589404],[4.975415026079421,47.25745052201179],[4.975376029754576,47.2573504162143],[4.975352762212775,47.257289576047874],[4.975333394629027,47.25723767481349],[4.97529886971079,47.25712965814218],[4.975282281539588,47.25707779960519],[4.975265300137454,47.25702603781746],[4.975250979319738,47.25698188527292],[4.975215159187861,47.25687100891475],[4.9751981283056805,47.256817897151905],[4.975174831123683,47.25674544051672],[4.975141556072876,47.25663902346555],[4.975130699031882,47.25660273663208],[4.975121947798214,47.2565913588155],[4.975110460284449,47.25658110825078],[4.975096656208529,47.256572608164255],[4.975080535570206,47.25656585855511],[4.975063304605197,47.256561289145566],[4.975044960004627,47.2565588099377],[4.9750409844137105,47.256558607491165],[4.974990207305389,47.25655902207707],[4.97493991274228,47.25656176981936],[4.974918554340034,47.256563664501236],[4.974554225100545,47.25658382734164],[4.9744247097647,47.256601251785284],[4.9742964633868985,47.25662081576651],[4.974179733906714,47.256640633796586],[4.9739428311158,47.25667294372021],[4.973792419570125,47.25670486159704],[4.9736498565968486,47.256723587902826],[4.973616753048611,47.25672982472105],[4.973582373867096,47.25673374184482],[4.973576045294958,47.25673429982511],[4.973558298851907,47.25673730347717],[4.973540069920008,47.256737973942215],[4.973521761679134,47.25673648446555],[4.9735045638368565,47.25673281479925],[4.973493327741213,47.25672940388131],[4.973443532029997,47.256713321259134],[4.973394853358436,47.25669523842464],[4.973387199608262,47.25669212674572],[4.973142227004088,47.256612725679965],[4.9729887690775705,47.25657247129518],[4.972834194353573,47.25653421689226],[4.972676116810104,47.25649782295078],[4.972508977211572,47.25649562323819],[4.972212426020309,47.25656775740007],[4.972396098504349,47.25689071762346],[4.972550077412133,47.257172217669634],[4.972579937483083,47.257261403152505],[4.972609764622783,47.25734968864993],[4.972634386651076,47.25744751831769],[4.9726547558522105,47.25752677922254],[4.972669884150837,47.25758217501217],[4.972671711580107,47.257588717839795],[4.972692091184693,47.257646635846875],[4.972768568450191,47.25778419749821],[4.9727827758266105,47.25778206466678],[4.972878991479968,47.25803572978312],[4.972896645890074,47.25803020630876],[4.972934686359382,47.2581260065312],[4.97292018473087,47.25813093604821],[4.972951156399063,47.258217941221325],[4.972992710553244,47.25827973142451],[4.973019571759899,47.25831961841748],[4.973023775434611,47.25832603075433],[4.973039608542387,47.25835737017981],[4.9730400877182515,47.258359613367254],[4.973051773086272,47.25840768328306],[4.973067487060826,47.25845739566938],[4.973126648980922,47.25859885383805],[4.973177417071891,47.258717040863175],[4.973208776254295,47.258792962772105],[4.973293002264717,47.2590550263998]]],[[[4.969210558710959,47.25847495838822],[4.968941946390747,47.258866029149964],[4.968998995739696,47.25889594882774],[4.969000826608101,47.25901091603843],[4.969181805824341,47.259000728700876],[4.969175840546236,47.25923866124557],[4.969210645510411,47.25922465224446],[4.969337841399102,47.25917620471577],[4.969466699256264,47.259129800046715],[4.969596822505987,47.2590854449678],[4.969908156087052,47.258983078928985],[4.9701717158810546,47.25914718157643],[4.970196964075777,47.25916476331529],[4.970326475639994,47.25927693080646],[4.970426535264608,47.259375910471],[4.970435876571524,47.259403398171465],[4.970615151802412,47.25927094489658],[4.970645630853196,47.25924719313791],[4.9706106535595875,47.25886686111712],[4.970610237787539,47.25885552143749],[4.970596746011047,47.258704010504246],[4.970592549810491,47.25868697164031],[4.970547268419728,47.25859921849346],[4.970508170808291,47.25850694762487],[4.970487819626886,47.25844974923384],[4.970438463199535,47.25831577776544],[4.970434025573133,47.25830297551363],[4.970422295727741,47.2582644518042],[4.970414125219614,47.25822559745194],[4.97047873867608,47.258212882605164],[4.970530881073295,47.258347076880455],[4.970658191836211,47.2586698266021],[4.970678339626776,47.25888381162616],[4.970701773394715,47.259144118353895],[4.970724861216545,47.25914606738142],[4.970724258854276,47.25916210714577],[4.9707888562872835,47.2591597485768],[4.970791895827512,47.25917770762489],[4.971443012480963,47.259153672300656],[4.971364462641675,47.25937068590427],[4.97121394418383,47.259811084845055],[4.971039062200249,47.260052519132266],[4.970673428706889,47.26025423932574],[4.970635141382159,47.26030315862968],[4.970737750193783,47.2604283002705],[4.9707735741097405,47.260463712857565],[4.9708180670936795,47.26049744719522],[4.97086364431413,47.26052828137808],[4.970897747229979,47.26054922456655],[4.970947581494397,47.26057710465509],[4.970999336086984,47.26060324106796],[4.971075351973834,47.26064166263102],[4.971152601175488,47.26067042745939],[4.971197214386234,47.26068578870166],[4.971214373724841,47.26068837873578],[4.971298220463076,47.26070226255078],[4.971381743272551,47.26071813298922],[4.971463765572808,47.26073637026824],[4.971499511803993,47.26074800983785],[4.971534943988316,47.26076190607302],[4.971762534841972,47.26086465991863],[4.971844368556604,47.260899379929356],[4.971893542872751,47.260920066563344],[4.971911264023381,47.26092714961767],[4.971939527918556,47.260940357141216],[4.9719658781744,47.2609554883222],[4.971972785480313,47.26095987354053],[4.9719895149878495,47.26097237665548],[4.972003521138957,47.2609863669346],[4.972014784119106,47.261001304394824],[4.972017351948983,47.26100639377793],[4.972029556414745,47.26103617405329],[4.972040458490079,47.26107372107516],[4.972032192017927,47.261205339744514],[4.971967125987323,47.26153027849834],[4.971848446424587,47.26170276773504],[4.971780323054725,47.261792988916184],[4.971766377972343,47.261823934249826],[4.971765667307237,47.26182619766944],[4.971763191156085,47.26184524105008],[4.971764291065715,47.2618644037351],[4.971768563829483,47.26188351247312],[4.971797150665874,47.26193795902612],[4.9718100167266455,47.26195331951321],[4.971814478465119,47.26195594525396],[4.971833062503653,47.26196490477374],[4.971853566846044,47.26197212062342],[4.971875188370113,47.261977336297484],[4.971951257384278,47.261984687962894],[4.972178836762284,47.262000449593536],[4.972690743846961,47.262031906750394],[4.972847344231761,47.26203842824174],[4.97290417476195,47.262040613304755],[4.972927640692273,47.26204201516063],[4.972957002876882,47.26204187584418],[4.97298587594304,47.26203922334412],[4.973000087739432,47.26203718048697],[4.973026082123029,47.26203178529433],[4.9730508073813215,47.26202425040453],[4.973074263511897,47.26201457581837],[4.9731332096473535,47.26197710123828],[4.973182835391328,47.26194518842109],[4.973213007433824,47.26192387268789],[4.973269368860316,47.261880858696024],[4.973313114735522,47.261850936991806],[4.97337901767941,47.26180839095855],[4.973447359637228,47.26176742434341],[4.973517744004118,47.26172804389152],[4.973541199921399,47.26171836920979],[4.973574111560516,47.26170682258672],[4.973609082225106,47.261697312143184],[4.9736445288030655,47.26168995487375],[4.97368086112379,47.26168510401719],[4.97371691251336,47.26168340980359],[4.973709859450675,47.26158861343252],[4.973709069547309,47.26158871692977],[4.973704812610076,47.26153763897952],[4.973681217913647,47.26141385673442],[4.973665340557017,47.2613489282001],[4.973651581754948,47.26130926864898],[4.9736315864148,47.2612510741541],[4.973965362907482,47.26120856126094],[4.974167626101528,47.26118341529387],[4.974421592556574,47.26115054462442],[4.974625002134749,47.26112420763744],[4.974610783642193,47.261104457850855],[4.974564588952296,47.26106769208102],[4.974482253624668,47.2609977715543],[4.974408746037311,47.26091968590511],[4.974330692302311,47.26094469888749],[4.9743284348963535,47.26093726287416],[4.974270727630494,47.260759939269],[4.974236305070099,47.26065471235011],[4.974211382252864,47.26065684765936],[4.974200105289972,47.26061993756799],[4.973588436801347,47.260681229268506],[4.973587375911423,47.26067395298582],[4.9735706462697316,47.26056419225957],[4.973578558374774,47.26056351728493],[4.973565008110651,47.26048630183313],[4.9735482587237225,47.26038680753916],[4.973546563305034,47.260373058197715],[4.973554855453541,47.26037192648861],[4.973841411956682,47.26034048355856],[4.974025590554596,47.26032005821807],[4.974236231759745,47.26029621030629],[4.974227628532567,47.2602564630332],[4.9744518990769695,47.260236345049485],[4.974734690106213,47.26021045727144],[4.975022223451558,47.26018403776345],[4.975323990879135,47.26015620437995],[4.975327927252934,47.25995018469037],[4.975477164542653,47.259940077985775],[4.975447087971359,47.25979119136515],[4.975406705177458,47.2597937704073],[4.975311335178621,47.25980106834617],[4.975123381162378,47.2598158866966],[4.974822653198101,47.259839559424705],[4.974402868341834,47.2598739036401],[4.974368671484123,47.259818022261484],[4.974531776046967,47.259807320453696],[4.974528866241603,47.25971731638772],[4.974187336020979,47.25974294296352],[4.973642813761602,47.259784540974955],[4.973663300964946,47.25968324221938],[4.973721705369746,47.259598678445194],[4.9736624714111,47.25959581430093],[4.97359648552212,47.25959279487801],[4.973537747580046,47.259462946663916],[4.973631283000284,47.259448927380106],[4.973656152401929,47.25944535223686],[4.973690880326083,47.259440078385296],[4.973689340218659,47.25940894605237],[4.973686312888484,47.259348121342924],[4.97368321286941,47.25930692955494],[4.973391783978369,47.25929198745995],[4.973215557195516,47.25928030752607],[4.97314395011222,47.259275492376865],[4.973060799061318,47.25926970290393],[4.972885157008672,47.25928475843543],[4.972883085337305,47.25924994294454],[4.972728320378624,47.259260770749115],[4.972486557173479,47.259279922262095],[4.972244304737401,47.25929656008892],[4.9716860509803595,47.25932073201623],[4.9716835211617045,47.259273406864196],[4.9717205919863146,47.25927790960468],[4.9718239131030915,47.259271019730356],[4.972418232591329,47.2592456033144],[4.972833836351276,47.259216380343695],[4.972882914012725,47.259212843782734],[4.973185152887628,47.2591979755758],[4.973221913452424,47.259161598784864],[4.973186575241337,47.259052965083235],[4.973228081258543,47.259048566620706],[4.973212171930143,47.25900435085631],[4.973195872651219,47.25896032183196],[4.9731817215263066,47.258920758932675],[4.973156555567644,47.2588513956053],[4.973016288308575,47.25846799259279],[4.97298951319309,47.25840883266153],[4.972960642909133,47.258346646548034],[4.972948339004916,47.258346585725945],[4.972908827661889,47.25825396241503],[4.9728720890484865,47.25817200829715],[4.972859131250351,47.25814332153942],[4.972796946564668,47.25800596706773],[4.972727366343255,47.25785090775661],[4.972722168089239,47.25783901905759],[4.972715677707237,47.25782436067764],[4.972627217783247,47.257663048571075],[4.972616867601008,47.257640531126185],[4.972524971542587,47.25730988649632],[4.972508908302177,47.25725063428271],[4.9724859582840395,47.257176730414706],[4.972441120943778,47.25710112761222],[4.972401270462406,47.25703165366941],[4.972329348756454,47.25691004383286],[4.972299204196513,47.256856344261706],[4.972163669850994,47.256623249214556],[4.972162790857143,47.256620922769144],[4.9721512876915845,47.25659941547991],[4.972137031678219,47.25657858538426],[4.972020146602903,47.25647521047319],[4.97181387176003,47.2563040142215],[4.971797084317166,47.2562898911025],[4.971425616006425,47.25602883791442],[4.97138747317163,47.255951770089105],[4.971351818748133,47.255877631716146],[4.9713265500154336,47.255827000880565],[4.971273224038796,47.25571461994351],[4.971187040046734,47.25552859333771],[4.9711589764147535,47.25546666321387],[4.971132026107934,47.25541344936332],[4.970956555992663,47.2552056164456],[4.970818517337725,47.25508792116993],[4.970662624673603,47.25502438126761],[4.970256058270808,47.254985362909736],[4.969934235272346,47.254865836346745],[4.969687011395202,47.25480042471628],[4.9696427580627445,47.254816395504804],[4.969648935469851,47.255201540061705],[4.969690600065796,47.25538562237756],[4.969658291330792,47.25564093290423],[4.969640207172863,47.255743000678315],[4.9696132906054675,47.255874756056755],[4.969583181610149,47.25600602532372],[4.969549493493293,47.256137085205346],[4.969533313481217,47.2561828370951],[4.969436273249543,47.25644762189477],[4.969458290276963,47.25660448150735],[4.969526218682339,47.25695300580268],[4.969532112819508,47.25697307769105],[4.969592709909108,47.25708902802496],[4.969644706613869,47.25736010659158],[4.969656331858063,47.257417453351145],[4.969667269517899,47.25747769350169],[4.969685310177156,47.257569331742076],[4.969621312362578,47.25757717281136],[4.9695583855517915,47.25771170099388],[4.969529088351367,47.25780018091096],[4.96945269864414,47.2580438123959],[4.969335041662669,47.2582767078397],[4.969326480905038,47.258292162322945],[4.969199496953998,47.258400491876934],[4.969210558710959,47.25847495838822]]],[[[4.975954738108902,47.258336550504985],[4.975907598029018,47.258338794616826],[4.9758869361660665,47.25833806603821],[4.975893234522045,47.25840144657751],[4.975917710016865,47.25839796770264],[4.975923670020098,47.25843055563982],[4.976914196532145,47.25831299315829],[4.976822703875525,47.25828537549731],[4.976698694507509,47.25824759566737],[4.976071741945991,47.258324110482256],[4.975954738108902,47.258336550504985]]],[[[4.976822760256928,47.260584985536255],[4.976877410468846,47.26057108619435],[4.976894751464546,47.26056781880831],[4.976908612473044,47.260567042192996],[4.976920959925782,47.26056827255873],[4.976933796668559,47.26057201608414],[4.976944716641038,47.26057759335773],[4.976948798472201,47.260580675649564],[4.976974234946885,47.26060329574693],[4.97698647383159,47.26061236262433],[4.977001029399499,47.26061967898589],[4.977004255142443,47.260621064851186],[4.977022717091418,47.26062669364749],[4.977041892782105,47.260630148985015],[4.977061378994173,47.260631257630436],[4.977106164631108,47.26062968360188],[4.977134246851334,47.26062713358813],[4.977319681192048,47.26060848267835],[4.977359734133353,47.26060770967752],[4.9773720617385235,47.260608400011996],[4.977383285646166,47.26061145056005],[4.9774351221114586,47.260628937607045],[4.977488065615891,47.26064415441209],[4.977536914033262,47.2606559289332],[4.9776986212629115,47.26062876671508],[4.977678744328197,47.2605739027982],[4.97789749643157,47.26052244353284],[4.977920703484053,47.26051682459866],[4.977905769384783,47.26048844224537],[4.977920310937451,47.26048459207594],[4.977913412286805,47.26046967077527],[4.977925976621438,47.26045522799402],[4.977944044463618,47.26045014697828],[4.977928690590555,47.2604211414113],[4.9778775339828885,47.2604329104357],[4.977866021091163,47.260411223751845],[4.977914371707173,47.26039869210834],[4.977871321543606,47.260318017838166],[4.977973938373316,47.26029195308506],[4.978078238777796,47.26048414966793],[4.978083347507472,47.26051513104734],[4.978141459176966,47.26051981317196],[4.978512980114581,47.260403249422],[4.978457447164402,47.26029613242995],[4.978356859449909,47.26005389300929],[4.978324050715973,47.25997115304122],[4.978314188926445,47.25997276214045],[4.978293658911224,47.25997563387894],[4.978286888485436,47.25995341605866],[4.9783502958177035,47.25994026714657],[4.978380618027828,47.259933896352806],[4.978365134866479,47.25990138094684],[4.978356124012129,47.25988298360782],[4.978343209254059,47.25985555744335],[4.978310520857068,47.259786863794474],[4.978269374034244,47.25970399589054],[4.97825460136983,47.25966921700539],[4.978249811557495,47.25965768178612],[4.978196713918896,47.25953044113396],[4.97815375436815,47.2594630032971],[4.978066303126214,47.25934040101766],[4.978040330205888,47.25930320159715],[4.97811066912983,47.25927354478507],[4.978368986586285,47.25916512599666],[4.978564377178958,47.25908290529376],[4.978777355027472,47.258993359947226],[4.978895360666241,47.25894343763149],[4.9789195843728065,47.258933118335314],[4.97888009302436,47.25888444279549],[4.978955299291828,47.25885767416222],[4.978931937448074,47.25882673413196],[4.979045128331743,47.25878616935657],[4.979022926390696,47.25875439906399],[4.97895743638852,47.258678610788536],[4.978939717301264,47.25866081236652],[4.978933149971539,47.2586548908383],[4.978908956358385,47.25863369080517],[4.978815035413404,47.258561719620126],[4.9786690512851015,47.25846605205998],[4.978619845789235,47.25843375186686],[4.978397846797281,47.25828895086695],[4.978234321020922,47.25818025409296],[4.977645789134483,47.258243964764844],[4.977028031448756,47.25831150269242],[4.977017360213206,47.25831267521868],[4.976964803808673,47.25831870430762],[4.976912723419224,47.25832688654688],[4.975905193303796,47.2584460895493],[4.975922675376681,47.25851144080902],[4.9759404742050855,47.2585638189356],[4.9761973294765305,47.25931139021773],[4.976045196008837,47.259329021690164],[4.976034640360941,47.25933334403052],[4.976026527104076,47.25933933577082],[4.976020846311708,47.25934672691972],[4.976018367997326,47.25935487398073],[4.976018530131587,47.2593592838477],[4.976072068088709,47.25976847592282],[4.976102616896031,47.26001650343248],[4.976129166952454,47.2602636985197],[4.976150338075735,47.26039697734313],[4.976156407140144,47.26042172872369],[4.976168541470363,47.26046033505857],[4.976224427431548,47.2605771728408],[4.976277554001279,47.260694507888275],[4.976287522945034,47.260717391726565],[4.976295342906712,47.26072500307049],[4.976305892721861,47.260731307140546],[4.976318346100911,47.26073541748162],[4.976331919775911,47.26073761760269],[4.976345800693295,47.260737381038055],[4.976359202274976,47.26073490130016],[4.976370944655207,47.260730468658174],[4.9765431830803255,47.26065512999693],[4.976822760256928,47.260584985536255]]],[[[4.979282310386219,47.261864660343534],[4.979070906112969,47.262029554394005],[4.979018330736834,47.26207827010342],[4.9788859892285275,47.262213267530655],[4.979068847757607,47.26216764177672],[4.979440377086307,47.262072597977166],[4.979314786677519,47.261841322471916],[4.979282310386219,47.261864660343534]]],[[[4.9780616494963335,47.261672330531674],[4.978124680581224,47.261918452637346],[4.977995276105845,47.26193921092476],[4.977939289234345,47.26194917120508],[4.9778851826978014,47.26195630772571],[4.977805789379333,47.261966487037036],[4.9776288316020665,47.26198913655138],[4.977655083540668,47.26212016715203],[4.9777046186310345,47.26236624940795],[4.977396824357371,47.26243552613511],[4.977281111706554,47.26246172351158],[4.977310749308047,47.26252299495077],[4.977330966167707,47.2625655157559],[4.97771901486189,47.262487846427355],[4.978363985548314,47.26236049616399],[4.9785341644548105,47.262326164174674],[4.97857191090776,47.26231660487184],[4.978835232089277,47.26223592661801],[4.978884183187776,47.26216421911056],[4.978967015965427,47.262075003316475],[4.97902424793076,47.26202341650215],[4.979098209071804,47.26196271890153],[4.979174996001498,47.26190332382804],[4.979232172361801,47.261861013378045],[4.979186316300007,47.26177966704866],[4.9792458677686335,47.261758748826686],[4.979188921200099,47.2616564291658],[4.97914175294144,47.26157177322504],[4.978754874958275,47.261670229910266],[4.9787513485968615,47.26167146077806],[4.978676518328284,47.26169777249623],[4.9786072106312345,47.261723179457434],[4.978543402324382,47.26174705169171],[4.9783449266720465,47.26181041346907],[4.978266996964253,47.26158003483923],[4.978044603459988,47.26160814287547],[4.9780616494963335,47.261672330531674]]],[[[4.975769964372582,47.26251818698536],[4.975772674902234,47.26252714616088],[4.9757796393958635,47.26254386752006],[4.975790530301285,47.262559441341566],[4.97579217299346,47.2625609442651],[4.975810929957195,47.26257458299851],[4.975832416887455,47.26258691446761],[4.975882906543494,47.26261090901986],[4.975928041757858,47.26262959156839],[4.976035369902085,47.26266675601907],[4.976078273968548,47.26267872251109],[4.97611425695046,47.26268594403032],[4.976150150591255,47.262690735615024],[4.9761867580382635,47.262693353739856],[4.9762232761347445,47.262693541929835],[4.976131599442378,47.26241287629287],[4.97605435905449,47.26217942281173],[4.976011469075914,47.262027512828496],[4.975976202290521,47.26191023361363],[4.975964330571782,47.26191115632296],[4.975889963796466,47.2619177365823],[4.975800949033044,47.26192528678686],[4.975747946033489,47.26193006211201],[4.975757519644948,47.261985372003835],[4.97568827554762,47.26199096432058],[4.975733281222454,47.262178859788584],[4.975681537269951,47.262185504753155],[4.975738410390514,47.26242632962447],[4.975769964372582,47.26251818698536]]],[[[4.970745840501093,47.263246294778874],[4.970803588008889,47.26330591936294],[4.970924688324252,47.263437320445064],[4.970931845595251,47.26340522985936],[4.970951336485845,47.2633306946271],[4.970953960979113,47.26332650756798],[4.970971766931372,47.263303421446366],[4.970991998780406,47.2632815548396],[4.971015453059212,47.26326098426224],[4.971041339832993,47.26324181319135],[4.971253928894624,47.26310843290664],[4.971238580688541,47.26309032289843],[4.971393649181647,47.26296845628379],[4.971370425257177,47.26294120467057],[4.971411802820607,47.2629224005567],[4.97149305350808,47.262897875602874],[4.971515354331826,47.26286750870179],[4.9715211978916605,47.26286452765107],[4.9716239790646615,47.26281027916396],[4.971724701021339,47.26275399436307],[4.971910428760416,47.26263493770975],[4.972007389046669,47.26257349351134],[4.97189648657982,47.262471277523794],[4.97187471661679,47.26245120555798],[4.971798702018473,47.26238045528724],[4.971766613281259,47.26237118505439],[4.9714443230363745,47.262088763504906],[4.971361609101534,47.26196517541983],[4.971288098098843,47.261962642772986],[4.971252126634841,47.26194488332564],[4.971056527185621,47.261935420404235],[4.971026870767687,47.261938355897776],[4.970880409388419,47.26195939610156],[4.970774461842975,47.26197056218269],[4.970671581511456,47.2619787943352],[4.970459271090448,47.26197897993239],[4.970294554249784,47.26196755013164],[4.970165874067359,47.2619323641586],[4.9701147440143725,47.26194493972829],[4.969996777884633,47.261974680166354],[4.969904653054951,47.26201649895338],[4.9698489779803765,47.26203500507782],[4.969791240660149,47.26205138492163],[4.969733020935296,47.262065431541465],[4.969705062954141,47.262071399661764],[4.969704109031404,47.26209951252162],[4.969690986492669,47.26247777950293],[4.969689809965984,47.26252147537237],[4.96981440054992,47.262542502914584],[4.96977766405003,47.26273124839344],[4.970084718928154,47.26277141950318],[4.9700961987789825,47.26280310337992],[4.970096453255377,47.26285334883975],[4.970092180731229,47.26288836212946],[4.970143115873608,47.26298952730964],[4.970185053538368,47.26315919582621],[4.970468251813703,47.26302488759379],[4.970509478105879,47.26305606600432],[4.970547836542686,47.263128087310214],[4.970553150948061,47.26313231957134],[4.9705730801303405,47.263145488944446],[4.970594936303238,47.26315709466323],[4.970619106182204,47.26316685999525],[4.970622702129242,47.263167519318756],[4.970649873343107,47.263172550869164],[4.970677745390401,47.26317504900955],[4.970745840501093,47.263246294778874]]],[[[4.975762004686013,47.263165267191205],[4.976084718754861,47.26311303098368],[4.9760355809141235,47.26295312269423],[4.975315345254921,47.26304139779186],[4.9752454884503425,47.263051953197326],[4.975287088655459,47.263222796583065],[4.975559853880372,47.26319365581621],[4.975762004686013,47.263165267191205]]],[[[4.977672790579462,47.26417587844228],[4.978392346530617,47.26404725653808],[4.9783977899023775,47.264044191911346],[4.978403530500946,47.26403842060688],[4.978406454988655,47.26403161669991],[4.97833731938089,47.263792262992354],[4.978316416913753,47.263709590162705],[4.978314902884019,47.26366846150493],[4.978315575478681,47.26361126600863],[4.978351621429299,47.26330753073784],[4.978369113225228,47.26316818959334],[4.978371872967267,47.26316769224642],[4.978384265036817,47.26310543391711],[4.978411343590094,47.262989343145556],[4.978405790994179,47.26298943787039],[4.978431495561079,47.2629222696365],[4.978459207287591,47.262866503960424],[4.978496835637884,47.26278904628063],[4.978529793624415,47.26274642896079],[4.978610111371677,47.26264275774263],[4.978648647236918,47.26258995921058],[4.978679746830036,47.262539989150454],[4.978719086990095,47.262465924210076],[4.9787502904315,47.26239722119794],[4.978830877066003,47.26224698747445],[4.978554656581314,47.26233301885029],[4.977821765917111,47.26247609813809],[4.977607500181552,47.26252027629034],[4.977547576330409,47.26253111398656],[4.977374970120333,47.26256422514093],[4.977202843084989,47.26259957920444],[4.977235437196264,47.26268727600639],[4.977276856286667,47.262680446178905],[4.977298057342,47.26276050255124],[4.977335074009273,47.26275266712247],[4.977371122797344,47.26284795953705],[4.9773881636084685,47.26289044442961],[4.9774160536102485,47.262958139439384],[4.9774081743150385,47.262959714646286],[4.977030618467172,47.263031440548346],[4.976931829012629,47.263043030526994],[4.97695635159832,47.26312708273249],[4.976958933255169,47.26318647407129],[4.976956841589615,47.263194344387294],[4.976941578173458,47.26324332355471],[4.976928063399795,47.26335062761124],[4.976949511173956,47.26341582098015],[4.976971638976237,47.263413192430306],[4.977002952670267,47.263530808875444],[4.977061688245432,47.263681817963366],[4.977181685802911,47.26398775532297],[4.97724282818248,47.26418257934471],[4.977249878716108,47.26419083411732],[4.977259669189729,47.264198051586774],[4.977271779801957,47.264203608535055],[4.977285410683587,47.264207338491744],[4.9772997520307385,47.26420880499544],[4.97766923672558,47.26416558288822],[4.977672790579462,47.26417587844228]]],[[[4.971759485729982,47.264113119230814],[4.971470827282205,47.264185206406246],[4.97127582515657,47.26423552899947],[4.971386528357011,47.26441879695613],[4.97161094484979,47.2643480723426],[4.971776509231034,47.26463117697404],[4.971842367691436,47.26477117085064],[4.971894870957774,47.26488248463811],[4.97197272281687,47.26487341632722],[4.972145739398305,47.264851202903415],[4.9725149615511395,47.26481142386347],[4.972516475618495,47.264798610533276],[4.97252157608072,47.26477538006706],[4.972545252641287,47.26471761336948],[4.972626656859389,47.26455665419297],[4.972762588680369,47.26427022357087],[4.972774104700573,47.264227162259786],[4.972787816474103,47.264114182154515],[4.972788045473052,47.2640555534922],[4.972786262148495,47.26396372935165],[4.972788501898853,47.26383014204155],[4.972573816794754,47.263873957629315],[4.972269226212531,47.2639552331123],[4.972226450211632,47.26396838793372],[4.971953263725861,47.26407272249335],[4.971861097915714,47.26409185000914],[4.971759485729982,47.264113119230814]]],[[[4.979691181789612,47.267394445652286],[4.979653091977442,47.267319360829774],[4.979573002328587,47.26713845959043],[4.979503833046411,47.26703851010209],[4.979379197854998,47.266887366232375],[4.979268192767163,47.266718339139324],[4.979047260117273,47.26675434846218],[4.978604663604256,47.26682808931928],[4.978600593463061,47.26681456068159],[4.979264132411519,47.26670508051514],[4.979246051462157,47.26666675612896],[4.979205300083129,47.26657325561097],[4.979167692131942,47.26647889095354],[4.979133244166409,47.26638411214439],[4.9791023528088605,47.266288912417814],[4.979077227699439,47.26621018412993],[4.979060165753685,47.26614563675254],[4.9790105733339685,47.26595214751675],[4.978994794255028,47.265890099733674],[4.978931504649324,47.26569108075112],[4.978820668035849,47.2653432940854],[4.978774203416843,47.26521314903501],[4.978570704431321,47.26469845289289],[4.9785417315366916,47.26463374840949],[4.978463973052821,47.26445127565982],[4.978432215397933,47.26428936081208],[4.978423520276199,47.26415019628553],[4.978418645281756,47.26411479834513],[4.978418175769647,47.26411282517624],[4.978414734424831,47.264105589544286],[4.978408559796736,47.26409957123622],[4.978399665138422,47.26409513023983],[4.978389253568678,47.26409260624469],[4.978373788618373,47.26409296011436],[4.977731135521099,47.26419757697408],[4.977504563438599,47.264231068172876],[4.977272758808574,47.26426257690439],[4.9773709805525685,47.26461301152213],[4.977430166924433,47.26479778277646],[4.977443366176377,47.26486527796174],[4.977517637599783,47.26536290797],[4.977522578349115,47.265400105870924],[4.9775427154105465,47.265418853849894],[4.977543961607062,47.26542036350997],[4.9775490391241926,47.265428922066796],[4.9775505734478624,47.265438261467686],[4.977550629748501,47.265439791417066],[4.977549784279247,47.26544917139661],[4.977545365807006,47.26545852224709],[4.977525389835668,47.26551964896733],[4.977677014168263,47.26571419059118],[4.9777014662722205,47.26579626261453],[4.977663062163765,47.26584194423688],[4.977672115063391,47.2659261699748],[4.977676821625622,47.26596778447715],[4.977735928664945,47.26598856949376],[4.977764764688962,47.26608191347818],[4.977779330966809,47.26616496454166],[4.977020374588148,47.2662267135863],[4.977037071262344,47.26630297439492],[4.977054385777719,47.26637445183487],[4.977062356353901,47.2663969193763],[4.97708954388473,47.266467057810694],[4.977119478168528,47.266536338932326],[4.977152969052187,47.26660519920057],[4.97710806655424,47.26661451974628],[4.976860664511818,47.26666466423459],[4.976612782608305,47.266712565029124],[4.976610134623358,47.26670531583142],[4.977099025897991,47.26660611878701],[4.977108683650653,47.266598929981924],[4.977110715826003,47.266589439728115],[4.977094526942188,47.26654856128094],[4.977057480909737,47.26644779262853],[4.977023194933923,47.26634652664601],[4.977016136177115,47.2663164790692],[4.977008501998574,47.266281578414514],[4.976992776764846,47.26619935751488],[4.977039064197838,47.266195326551646],[4.977625996244889,47.26615046911403],[4.9776197422230295,47.26605601961271],[4.977606857481455,47.26586766734359],[4.9775968417241785,47.265768058873554],[4.977586059875537,47.26572312592699],[4.977479570738907,47.265547176110765],[4.977458850034654,47.26550178224074],[4.977453672411099,47.26547971736406],[4.977438792980567,47.265398922925094],[4.977403322763348,47.26518997322311],[4.977390832449864,47.2650986017768],[4.977360207835151,47.26483796876463],[4.977321424370916,47.26464681603499],[4.977294792294792,47.26457018429061],[4.97726571762911,47.26449188316644],[4.977245742236463,47.26441279652557],[4.97722023259749,47.264312731708095],[4.977191150845621,47.264223444152016],[4.97717082941379,47.264156520619025],[4.977121729911376,47.264040918469426],[4.977080067782264,47.263933294324644],[4.9770396612165975,47.263816643405285],[4.977008924703193,47.26373629930522],[4.976988521584672,47.263677932213014],[4.976966426758996,47.26362751866664],[4.976937191519997,47.26355561398608],[4.976919331133333,47.263512422583695],[4.976879923721546,47.263401337888006],[4.976869113799175,47.26336640127261],[4.976858953482142,47.26330596842829],[4.97685144039115,47.2632419783688],[4.976843699536912,47.26318258492114],[4.976831468217045,47.263087426700636],[4.976822100586411,47.26301617390877],[4.9760983790606135,47.26311757105582],[4.975756366465495,47.26317382827878],[4.9752719084101376,47.26323088979562],[4.975270827394915,47.26322307355279],[4.975213501257856,47.26304547383296],[4.97514935940514,47.26295237030432],[4.975117933096391,47.26290715835093],[4.974644351091112,47.26299014756436],[4.974584550385407,47.26273433319623],[4.97457191462496,47.26271446640854],[4.974559576104651,47.26268108653254],[4.974552076483034,47.2626605919712],[4.974523999339939,47.26264170851644],[4.974510583799149,47.262633021633675],[4.974489601362014,47.26252639531173],[4.974486570316504,47.262508706376394],[4.974484577174671,47.2624976637295],[4.974478244294036,47.262476518923414],[4.974475074383363,47.26245505010429],[4.974474908894196,47.2624397438247],[4.974488821976064,47.262353956103134],[4.97447929192205,47.262256590400874],[4.974506733137553,47.262204162304194],[4.974499533469503,47.262127018963284],[4.974482583956068,47.26205454429748],[4.9743845329034775,47.26207539507335],[4.9740885216044,47.26210898129392],[4.974087658966532,47.26210710485445],[4.974049693684712,47.26211072288087],[4.974047244536249,47.262098067025505],[4.974025083171944,47.26197011800028],[4.974274423338787,47.26196245141075],[4.974267968154395,47.26192717026973],[4.974252519362204,47.26184152220713],[4.974238115088313,47.261762700426864],[4.9742332002054255,47.26173693873418],[4.973970072447121,47.261747361440875],[4.973964949569584,47.26173754275309],[4.973840498129466,47.26174191239091],[4.973754880946802,47.261744720414214],[4.973634408747491,47.2617493823184],[4.973600403122567,47.261763559128],[4.9735672237401065,47.261778622401245],[4.9734885998468945,47.26182057454294],[4.973422538350614,47.26185880076937],[4.97335892579568,47.26189887640747],[4.973297748963137,47.26194044147213],[4.9732478786863314,47.26197650096136],[4.9732140412488235,47.2620060739378],[4.973183032895864,47.26203703962298],[4.973154850325697,47.262069308021864],[4.9731431039815694,47.262084456758934],[4.973116623441542,47.26211984806002],[4.9730933553843535,47.26215626533869],[4.973073296511095,47.262193618599575],[4.973056037002012,47.26223155460304],[4.9730302864000375,47.262297641697096],[4.973008082097202,47.262363038074525],[4.972995753619123,47.26240557295273],[4.972974705886791,47.26248085552425],[4.972956844203096,47.2625564440994],[4.972942889119144,47.26263034524525],[4.972929640885852,47.26273431221665],[4.972925009946391,47.262770322329416],[4.972911931515219,47.2630194525647],[4.9729094378547956,47.26313530371789],[4.972909343706701,47.26325165436551],[4.972910156465623,47.263273793684725],[4.97291374554384,47.26329588577287],[4.97292088765938,47.263317467148966],[4.97293157951238,47.26333844781511],[4.972936662706349,47.26334718657546],[4.972974413360043,47.26340255758355],[4.97301117261046,47.263452542239946],[4.973051055314632,47.263501122943524],[4.973063895674504,47.263515763304106],[4.973167216990148,47.26363836921632],[4.973204988001934,47.2636834737128],[4.973358551784885,47.26382332534023],[4.973454140497858,47.263875820902555],[4.97355904338428,47.263933380984426],[4.973692318200322,47.26400702796015],[4.973899934303306,47.264213769223296],[4.973953690418447,47.264283456158395],[4.974138304701576,47.264533814156295],[4.97422003108018,47.26468425304101],[4.974274919203613,47.26481713806153],[4.9743103122032615,47.264862282688185],[4.974348428760436,47.2649059400839],[4.974389278798041,47.2649483802375],[4.974406168821442,47.264965202845985],[4.974573988499117,47.26511480613892],[4.974730450528641,47.26534411975096],[4.9749361854891445,47.26556421913917],[4.975029357700565,47.2656804223581],[4.975093753986793,47.26578036562871],[4.975177922520541,47.26598632520191],[4.975372654958241,47.26630648043242],[4.975457633390545,47.26645884422718],[4.975498344707625,47.266540639694696],[4.975512324195506,47.266575432346905],[4.975531408612129,47.26665192281568],[4.975542754305564,47.26670143902878],[4.975550943425699,47.26675145927521],[4.9755535490242435,47.26677915133536],[4.975569842236632,47.266995632292975],[4.9755916710899335,47.26709278827128],[4.975625715824985,47.267165962065235],[4.975679276971955,47.26718702270509],[4.975731321065222,47.26721000028481],[4.975781048199204,47.26723472832651],[4.975789953087605,47.26723943950909],[4.975846248316643,47.26727008920818],[4.975899833270078,47.267302586121914],[4.975918525732149,47.26731442487184],[4.975958489578563,47.26735426803367],[4.97598898313047,47.26738481692584],[4.97612874213125,47.267537327540616],[4.976152820516413,47.26757690097902],[4.976159957882172,47.26759830212442],[4.976172284272655,47.26760970898369],[4.976187744140125,47.267619981810284],[4.976204301287932,47.267627714443776],[4.976222382150154,47.26763371009798],[4.976241573528254,47.26763752554596],[4.976261478771555,47.26763916754588],[4.976281694609511,47.26763846286217],[4.976301431052227,47.26763551500939],[4.976319894800304,47.267630337505544],[4.976327338444948,47.26762768917073],[4.9763656897872215,47.267602090867506],[4.976507567118553,47.2674668443835],[4.976554720631871,47.267443167236216],[4.976577950674676,47.26743808856823],[4.976593029883209,47.26743801168923],[4.976607788582626,47.26744001149859],[4.976621440101164,47.26744428151027],[4.976633574551584,47.267450468496726],[4.976636020642295,47.26745222787632],[4.976779790081888,47.26753028528546],[4.976804845735035,47.267542465708466],[4.976831411844306,47.2675525491532],[4.976859491718216,47.26756062561559],[4.97687709652366,47.267564468001545],[4.9773911326120865,47.26751202928012],[4.977289650148285,47.26736436083213],[4.9773466513261635,47.26736023716452],[4.9774383767509,47.26737218131581],[4.977467959687943,47.267507387429106],[4.977385315057685,47.26755886618568],[4.977250791411923,47.26760267425512],[4.976933049699272,47.267607370277645],[4.976911944569893,47.26760547868486],[4.9768800107503965,47.267600529740285],[4.9768491874230625,47.26759340057765],[4.976819481212624,47.267584271191765],[4.976769062611004,47.26756234702554],[4.976763393668248,47.267559291777765],[4.976725300988623,47.26753796799125],[4.9766895286361335,47.2675149836856],[4.976619075250571,47.26747710124835],[4.9766078665043425,47.26747450061964],[4.976596707414153,47.26747324994447],[4.976582444662507,47.267473943283164],[4.976568661314904,47.267476879784745],[4.976544155827769,47.2674904452052],[4.976495905582116,47.267527468938184],[4.976399809265185,47.26762330236945],[4.976360694416271,47.26764972417461],[4.976339989789667,47.26765872211173],[4.976316445727089,47.267666057414914],[4.976291635585479,47.26767134305926],[4.976266256681081,47.26767195561422],[4.976256247787003,47.26766960466651],[4.976219064883912,47.26766222348757],[4.976181174744424,47.26765719573504],[4.976135738857917,47.267662832782676],[4.976053389112574,47.267689991127845],[4.975986468890356,47.26771580589862],[4.975962746518052,47.26772908768845],[4.975926275554626,47.26775186216288],[4.975906391042071,47.26777237287853],[4.975877511108406,47.267839684477565],[4.975866984003411,47.26785562315586],[4.975849834143249,47.26790373365197],[4.975848997971062,47.26790617933747],[4.975850578839888,47.26792758510406],[4.975867807789027,47.26795358717131],[4.97593907580802,47.26802441570759],[4.975999742203777,47.268065977376935],[4.976040328363023,47.26811193353454],[4.976091098483204,47.26815420408472],[4.976187475344571,47.26822784658887],[4.9762448696424935,47.268266762285464],[4.97628593781317,47.2682934387292],[4.976334258327326,47.2683230533935],[4.976383339102108,47.268351754549606],[4.976429924151417,47.2683773463472],[4.976475553737664,47.26839854179441],[4.976502546654592,47.26840942852403],[4.97652707358954,47.26841801588452],[4.976558604587271,47.26842279169045],[4.97659001972738,47.2684244175949],[4.976612232369649,47.26842403904245],[4.976632008808079,47.26842217109761],[4.976809436541246,47.268379343567545],[4.976972028934722,47.26844033000981],[4.977012376457759,47.268458193256706],[4.9770902592690005,47.26850378346494],[4.9771137818067395,47.26851743081332],[4.977267105052502,47.26860694166983],[4.977399479937497,47.26866646149414],[4.977379462430413,47.26867256618688],[4.977458552392082,47.268718585840865],[4.977522750913031,47.26875900587401],[4.977182289582682,47.26859947228055],[4.977173698926641,47.268603310914585],[4.97713719527729,47.26858205022194],[4.97704433475994,47.268528520498684],[4.977004175230579,47.268504980695894],[4.976969298066145,47.26848477286771],[4.9769539338192645,47.26847711005981],[4.976935786372518,47.26846931458308],[4.976916478765694,47.26846234935869],[4.976899617308946,47.268457143504406],[4.976879192586729,47.2684521784889],[4.976858404322108,47.26844812019987],[4.976839658927185,47.26844564804846],[4.9768185567826855,47.26844384643629],[4.976799484261977,47.26844327097459],[4.97677766164614,47.26844346280858],[4.976740475446706,47.26844679819471],[4.976711301786705,47.26845215829084],[4.976602124258657,47.26848373657535],[4.976581901486235,47.26848426132075],[4.976562822333048,47.26848350582631],[4.976530127817357,47.268479470276034],[4.976525321616617,47.268478291434235],[4.976498497482077,47.268471994554226],[4.976473973837249,47.268463497184825],[4.976446590864678,47.26845279720202],[4.976423197618511,47.26844265959884],[4.976397331773134,47.268430042631444],[4.9763580188689875,47.26840792903682],[4.976282430684883,47.26835995786186],[4.976223003345832,47.26831972602389],[4.9761642998996,47.26827759070195],[4.976049871246703,47.26818795608214],[4.976035928354395,47.26817576627158],[4.975770317260698,47.267946782967435],[4.975754804435825,47.26793507013489],[4.975738147990382,47.267924637528736],[4.975719947964278,47.267915401908326],[4.975698584666057,47.26790649033031],[4.975673284648649,47.26789845628819],[4.975647270748183,47.267892595681396],[4.975598965017753,47.267884953503874],[4.975162276819292,47.267806660337236],[4.9745524920012665,47.26772699004435],[4.974202877824359,47.267663600563225],[4.974338705106132,47.26777403521671],[4.974629003173362,47.267951361057975],[4.9746542305049966,47.267968221788074],[4.974822948761664,47.26808800176399],[4.975133258705629,47.26829137125721],[4.975225000359173,47.26836851550034],[4.975351292981208,47.26851099025538],[4.975385647878778,47.26854939822493],[4.975415828547896,47.26860381671676],[4.975485055842316,47.268727091304285],[4.975589224748949,47.268915509599466],[4.975607515214789,47.268948787935095],[4.975689989486409,47.269097682054905],[4.9757150733401785,47.269143001849855],[4.975620362184637,47.26917946578009],[4.975667226750456,47.269245036785726],[4.975687725277388,47.269273594723586],[4.97586765446668,47.26952538049916],[4.975872262638703,47.26953196594029],[4.975910757728502,47.26958579239208],[4.976004088418249,47.269716850887335],[4.976208122322777,47.2696418723359],[4.976489578181165,47.269513613340266],[4.97652698908066,47.269494785049496],[4.976273092892051,47.26964932038535],[4.976141317587351,47.26971406261575],[4.976219379177918,47.269742900444655],[4.9763121615318635,47.26979427087639],[4.976362693454818,47.269862390664805],[4.976492179625945,47.26995122807439],[4.97654254734317,47.270155150952185],[4.97655237366285,47.27019568758767],[4.976564744559234,47.27028381904859],[4.976578309401447,47.27038282660668],[4.976602089228832,47.27055451318492],[4.976800202557211,47.27049116137393],[4.976928422886802,47.270329761788545],[4.976981718748584,47.27022484181842],[4.976995130582715,47.270190212852576],[4.977005035308492,47.270157354676364],[4.977013651292339,47.2700786813323],[4.977013628114016,47.27007805135422],[4.9770141935105014,47.269974750570604],[4.9770148906755045,47.26986424327134],[4.977018932729411,47.2698014972646],[4.977021344472407,47.26978074389228],[4.9770250488527745,47.26976276013905],[4.9770356507843765,47.26972727852238],[4.977044052208199,47.269707503691144],[4.977054046902683,47.2696878818073],[4.977065648111169,47.2696687728579],[4.977078449235147,47.269649913613385],[4.977092860181886,47.269631657299314],[4.977149218556361,47.269566848787086],[4.977210068511295,47.26949466935498],[4.977295601116238,47.269381364992],[4.977316876951012,47.269355517186106],[4.9773304513641214,47.26933610440544],[4.977334946361184,47.2693288235062],[4.977341325310575,47.269318808888215],[4.977353183906149,47.26929591327558],[4.977363049253974,47.26927278148322],[4.977370511449231,47.26924906028656],[4.97737225961739,47.26924263669503],[4.977406573491398,47.26913966102606],[4.977380262243955,47.26914731386973],[4.977239711866446,47.26918924340436],[4.9766588494575865,47.26943238229469],[4.977192250334725,47.26917222193113],[4.97723718403733,47.26915290494509],[4.977481735458832,47.26906813795279],[4.977601382587699,47.26899747729351],[4.977771514264375,47.26897206297063],[4.977929516735003,47.26897297071992],[4.977996271259493,47.26897498417138],[4.97809879460024,47.268978278675725],[4.9781047510995275,47.26897835719456],[4.978252093520411,47.2689807971123],[4.9781810262651,47.26887241426533],[4.978163261004807,47.268853445838346],[4.978141482803441,47.268833285103554],[4.978120613886185,47.26881626072526],[4.978095335375286,47.26879805080153],[4.978073402405582,47.268784466591036],[4.978051109231563,47.26877187910686],[4.978027255943947,47.26876003865242],[4.97800265241968,47.268749381681886],[4.977972462587406,47.268737919441065],[4.977941122550746,47.268727557448365],[4.977912641935697,47.268719398019066],[4.977864979388797,47.2687076933988],[4.977834849233918,47.26869785106609],[4.977812291993212,47.268688870175474],[4.97779936050293,47.26868260684646],[4.977786362767732,47.26867454357802],[4.977773695444908,47.2686646736063],[4.977765870806333,47.268656972389536],[4.977758383203576,47.26864764446421],[4.977752065696685,47.26863775626559],[4.977749410838563,47.2686303271057],[4.977747420111681,47.26861937453907],[4.977747016007777,47.26860839491723],[4.977748988524468,47.26859728471574],[4.9777533608466165,47.26858667391277],[4.977742860671299,47.26856019716073],[4.977778568744795,47.26854905201467],[4.977793789883237,47.26858517402554],[4.977795945405215,47.26858982004459],[4.977791090313348,47.268598097693705],[4.977788235059569,47.26860679150749],[4.97778776967558,47.26861571472835],[4.9777888942264585,47.2686247008904],[4.9777953276729034,47.26863773897849],[4.9778060812752205,47.26864953270276],[4.977818679038984,47.2686575127362],[4.977837233270719,47.26866557130081],[4.977859364037131,47.26867374897877],[4.977890674213507,47.26868330102171],[4.977933910586398,47.268693370099285],[4.977961584627714,47.268701183064934],[4.97798850843015,47.26871017951276],[4.978017504968451,47.26872157204676],[4.9780514436025225,47.26873783322449],[4.978088691338924,47.268757730144905],[4.978120746122656,47.26877672503341],[4.978156539805101,47.26880024886729],[4.978174083070787,47.26881318750469],[4.978188423270467,47.268825370289846],[4.978201203352755,47.26883830010955],[4.978214066269279,47.26885347984972],[4.9782986151834505,47.2689830654321],[4.97846124173863,47.268980201397355],[4.978589359016733,47.26897792583937],[4.978866534612503,47.26898157208634],[4.979065115583473,47.26898502787242],[4.979126620798893,47.268984608749314],[4.979147174098978,47.26898227685489],[4.979317943647906,47.268963423265234],[4.979592344464853,47.268924069594384],[4.979624678092466,47.26891829462587],[4.980045804616914,47.26884311567346],[4.980356916221605,47.268787554200756],[4.980430593467222,47.26877278815833],[4.980584842183826,47.26873647424599],[4.9806507089128,47.268725173415085],[4.980836289830462,47.26868823404349],[4.980970715210657,47.26865252832288],[4.980888328383068,47.26849562143982],[4.980847313571494,47.268416624604505],[4.9807939632685425,47.26831523500195],[4.980743972154826,47.26821883100092],[4.980639305543773,47.26801736774005],[4.980553838947421,47.26785222828507],[4.9805281459999895,47.26780124648454],[4.980483851545202,47.26770861738983],[4.98038312548654,47.267495559753236],[4.980168514841761,47.267541639253736],[4.98006087472677,47.267571753766774],[4.979894817930819,47.267686074831126],[4.979867583451139,47.26764709632078],[4.979859795134534,47.26764038520773],[4.979847369311549,47.26763348309819],[4.97983426914866,47.26762623228468],[4.979819356513961,47.26760928663344],[4.979797917240466,47.26757678308536],[4.979691181789612,47.267394445652286]]],[[[4.972696478985017,47.2660803400654],[4.972697374675241,47.26608311648357],[4.972719667848203,47.26614982702089],[4.972745114361828,47.26621594359588],[4.972798770666408,47.26635857590898],[4.972849637716559,47.266490089028856],[4.972866783880699,47.266621995633756],[4.972873007582356,47.266640170587806],[4.972887739338354,47.26665225729462],[4.972961064632548,47.26669279469189],[4.973043473158104,47.26673209688002],[4.9731271247087605,47.266762012318736],[4.9732126835597485,47.26678982402212],[4.97329975967066,47.26681571872884],[4.973304172313885,47.26681699445076],[4.97337875097888,47.26683760848114],[4.973456853219071,47.26685690176218],[4.973536462764413,47.266874008062935],[4.9735668423233665,47.266879884898174],[4.973666046124166,47.26690098024289],[4.973764532743389,47.26692415893563],[4.973827410725036,47.26693956860657],[4.973996764638334,47.2669795516763],[4.974022381272893,47.26698541940641],[4.974224600860537,47.26703411824949],[4.974321507999474,47.26705750346922],[4.974319646848008,47.26703925432326],[4.974370708452898,47.2670571161868],[4.97442327400363,47.26707270109177],[4.974476960077143,47.26708637577698],[4.974531353489527,47.26709769700845],[4.974543338811984,47.26709983434731],[4.974570856114902,47.26710341826566],[4.974618638686025,47.26710764773914],[4.9746663418948485,47.26710971726391],[4.974718841224674,47.2671126956954],[4.97502033485821,47.26713034545276],[4.9751840169072015,47.267123955862424],[4.975241599886742,47.2671248663073],[4.97529087648201,47.267126548566225],[4.975339842448762,47.26713057748237],[4.975388094531791,47.2671367798178],[4.975415648301603,47.26714135350294],[4.975470864667361,47.26714266435696],[4.975566711258345,47.26715877228898],[4.975563881420537,47.2671465732328],[4.975553114611642,47.2671128065088],[4.975539194511227,47.26707963381539],[4.9755245267050014,47.2670261217931],[4.975501442935682,47.26676527012818],[4.975463482224993,47.26660715259512],[4.975413130669218,47.26646824735843],[4.97541136546173,47.26646341454123],[4.9753186091863615,47.26629380288049],[4.975298237367797,47.26625785832905],[4.975255537086569,47.26618672296666],[4.975209696897893,47.26611654159811],[4.975144463718314,47.26601544195333],[4.975129103150712,47.26598625608665],[4.975117282556706,47.26595619945082],[4.97506594767481,47.26582289411008],[4.975051059634108,47.26578496500484],[4.974982115491046,47.26569086257634],[4.974910461301505,47.26559860732379],[4.974715131560436,47.26539165862926],[4.974539792866115,47.26514546618304],[4.974490490981806,47.26509983799846],[4.974357790134861,47.26497710302412],[4.9742764736594625,47.264902662348206],[4.974231558042544,47.26483597694124],[4.974172095622624,47.26470821276022],[4.974051608512516,47.26448576050148],[4.973959679883599,47.264360079735766],[4.973928009188869,47.26431901410605],[4.973862436909257,47.26423016678344],[4.97372197572885,47.264090543081565],[4.973658509474292,47.264026604604865],[4.973552836190885,47.26396968809435],[4.973496958872381,47.26393948047816],[4.973383158527997,47.26387738896165],[4.973313082424574,47.263838777734534],[4.9732127413418565,47.26375412379031],[4.9732062070650045,47.26374910192204],[4.972922112535781,47.26341569460905],[4.972918665875785,47.263613690682504],[4.97289742142079,47.26377011467282],[4.972892152717424,47.26378875530702],[4.972887918589509,47.263803145830295],[4.972875982535996,47.26387800316437],[4.972873495678479,47.26397242144707],[4.972868979287581,47.2640764199125],[4.972869233215109,47.26411576893181],[4.97286783063884,47.264196480642504],[4.9728595669845985,47.264241647919576],[4.972744280312152,47.26451746140612],[4.972676597168137,47.264641355453044],[4.972642446395545,47.264705694131216],[4.972624138150087,47.264736713741286],[4.972594491999796,47.26481565448111],[4.972583024402847,47.26490329135437],[4.972582052544016,47.2649092514068],[4.972588761448021,47.26511364849129],[4.972544951274674,47.26522840118818],[4.972464213296188,47.26539673328579],[4.972426997977988,47.26545328934757],[4.972444557864158,47.265499188068375],[4.972469673401079,47.265556305004914],[4.972498338878147,47.265612821239195],[4.9725064563185635,47.265628532567796],[4.972528429086561,47.26566490062065],[4.9725527552651325,47.265700508215424],[4.972564865292682,47.265727678460706],[4.972618775421397,47.26585562785789],[4.972696478985017,47.2660803400654]]],[[[4.9758703810726255,47.26775371493516],[4.9758838038316116,47.26774096884552],[4.975899662735941,47.26772971215822],[4.975931810266108,47.26770809198923],[4.97598138715944,47.26768554449264],[4.976039729997229,47.26766392826391],[4.976070340479106,47.2676436850425],[4.9760787556584845,47.26763507664857],[4.976092448244177,47.26759729109828],[4.976094635691663,47.26758122432806],[4.9760871149441,47.26756018992455],[4.976058382259808,47.267512771075474],[4.976026149774798,47.267478109373194],[4.975954326874502,47.26740296777665],[4.9758789707584095,47.26732887691699],[4.9756700163798415,47.267215817428756],[4.9756120887999895,47.2671947411093],[4.9755106295445835,47.2671771078548],[4.975433399151329,47.26717076877389],[4.9752074433645745,47.267167412885826],[4.9747182302581745,47.26713927183617],[4.9746180574330054,47.26713503385284],[4.974567452025564,47.26712959169098],[4.974502838395012,47.26712096596438],[4.974407438434779,47.2671062003565],[4.974313139186251,47.2670889844935],[4.973993561939797,47.26701121490707],[4.973945967878406,47.267001308609935],[4.973895977441114,47.26699099281163],[4.9737045899966645,47.26694544103811],[4.9734883135234575,47.266892207665094],[4.973349865319019,47.26686160388165],[4.973204925581403,47.266827148032746],[4.973061103261702,47.266790691822756],[4.973015228437411,47.26677355163597],[4.97297005110513,47.26675378802],[4.972926797543125,47.26673237070185],[4.973176304435175,47.267582551812296],[4.973324426319335,47.267563101709804],[4.973526607960124,47.267535077018856],[4.973603908073114,47.26753250090997],[4.973666426428685,47.26753810098511],[4.973731017287706,47.267546097196735],[4.973893041581987,47.267570175683446],[4.9738992391439165,47.26755521140995],[4.973928703513847,47.26755777175927],[4.974095947088702,47.267572665750386],[4.974128237609223,47.26757652874551],[4.9741681338857555,47.26758215339032],[4.974383616909556,47.26761369619624],[4.974734731365365,47.267663911801556],[4.974857210378139,47.26768109777913],[4.975378661021685,47.26775470652003],[4.975826276188108,47.267817143439764],[4.975827485992318,47.26781766315],[4.9758347051091665,47.267819701447415],[4.975858287238671,47.2677702206246],[4.9758597745636015,47.267767493685724],[4.9758703810726255,47.26775371493516]]],[[[4.977078816502604,47.26981092269342],[4.977075530735111,47.2698618588271],[4.977074453454732,47.269918880939535],[4.977071771273531,47.27010488674861],[4.977069928389164,47.27013031319474],[4.9770660955452595,47.270155593454156],[4.977060659472446,47.270180450774596],[4.977053643347477,47.270205515133874],[4.9770454239681525,47.27023023978921],[4.977043232703686,47.270235410178564],[4.977036682086421,47.27025155132432],[4.977021514719733,47.27028161749946],[4.976974888066324,47.270362829847166],[4.977015350434261,47.270502443200606],[4.9774367034221125,47.270551633795726],[4.9776779887596545,47.270604433628094],[4.978000674872433,47.27065809615437],[4.978002274806499,47.27065842908305],[4.978241710355492,47.27071486143655],[4.978289665407853,47.270723679229036],[4.978343139793869,47.270720695929725],[4.978576031089783,47.27070717773494],[4.978710584362462,47.27069632731284],[4.978744615200291,47.27069349541974],[4.978801666196439,47.27069063099789],[4.978856820004902,47.27069014030245],[4.978900936633309,47.2706917290102],[4.978939215893989,47.27069647911001],[4.978977455387247,47.27070014923567],[4.979011278473249,47.270702453849324],[4.979049835095242,47.27070395726013],[4.979083581948786,47.27070419192658],[4.979122459005443,47.27070361861883],[4.979161289653735,47.270701785343064],[4.979194937060004,47.270699320073625],[4.979228554628762,47.27069604482338],[4.979266472586502,47.27069098516594],[4.979332345303113,47.270679775089285],[4.979512855552829,47.270634279403325],[4.97961509581265,47.27061902645966],[4.979748857404395,47.27059747198696],[4.979717335670712,47.27057144427306],[4.979460960041713,47.27041075209489],[4.979441197217663,47.27039145773646],[4.979417816819816,47.270360157960795],[4.9793554036035905,47.27026054341663],[4.979313825203635,47.2702200985709],[4.979320673488564,47.27021205700811],[4.979324678800282,47.270202262893164],[4.979324304197846,47.27019209325505],[4.9793191861673565,47.27018245483081],[4.979312177625475,47.27017537016236],[4.979293483420868,47.27016353197298],[4.979272210325537,47.27014633458651],[4.979255707187554,47.27012932595923],[4.979239058203645,47.27010835747019],[4.979232079516135,47.27010208276791],[4.9792243638507525,47.270097351548536],[4.979215891317759,47.27009362383108],[4.979193812797731,47.27008688636548],[4.9791696680821325,47.27007793281876],[4.979139493828447,47.27006692087185],[4.9791266844968005,47.270063987576144],[4.979113151443147,47.27006295774893],[4.979099701257039,47.27006417784035],[4.979089077453149,47.270066700503804],[4.979072236260555,47.27007284133497],[4.979059219197992,47.27007504461829],[4.979043326033204,47.270074595373345],[4.9790297034852316,47.27007113562252],[4.97901714829937,47.2700643256837],[4.979010172958017,47.270058140964785],[4.97890488001559,47.269979699925905],[4.978792642762756,47.26976656737745],[4.97879024973637,47.269733918830546],[4.978783285060778,47.269631016593806],[4.9787842751698745,47.2696147900944],[4.978785178078723,47.26958541728962],[4.978773457385771,47.26955815097204],[4.978759462781897,47.26953380515526],[4.978721613403174,47.26948681264045],[4.978683308056322,47.2694058777682],[4.978606144303416,47.269228978503385],[4.9785597517205336,47.269122426281534],[4.978514814387924,47.269023053486414],[4.97838160670639,47.269027216856834],[4.978248286355695,47.26902832018072],[4.97817642489016,47.269027744775784],[4.978094193983,47.269025815269096],[4.9778616683787895,47.26901672299592],[4.977750696729619,47.269021136824236],[4.977622862442607,47.26905267397141],[4.977602838192827,47.269058598707936],[4.977585990522139,47.26906455933208],[4.977560991859582,47.26907552181212],[4.977537646063314,47.26908825717224],[4.977514412862872,47.26910405242182],[4.977495939560941,47.26911976651167],[4.977484159780321,47.26913401567633],[4.977471672783698,47.269150618284506],[4.9774623060668235,47.2691657268386],[4.977453025453287,47.269183175310914],[4.977441398754724,47.269212370716915],[4.977430622425268,47.26925388893212],[4.977418401087179,47.26928849767347],[4.977402983263917,47.26932253053574],[4.9773873004795135,47.2693493636448],[4.977381688363236,47.26935864476505],[4.977325883536535,47.269438482875096],[4.977297095011429,47.26947589553085],[4.977126414478237,47.269680614655535],[4.977113973602779,47.26969847717783],[4.97710272933308,47.2697164994077],[4.977093494865925,47.269735207803656],[4.9770854603184445,47.26975416590483],[4.977078816502604,47.26981092269342]]],[[[4.979800700744037,47.271595188681886],[4.979772765927735,47.27154802727891],[4.9797141574011174,47.271465548187116],[4.9796697181733505,47.27142290096362],[4.979641911667992,47.27136844301916],[4.979603976233402,47.27118988433251],[4.9796223818306595,47.271129234459025],[4.979591788717466,47.27092371454178],[4.979585380821596,47.27087906739079],[4.979755507568804,47.270853380187354],[4.979765348100775,47.2708511409953],[4.979782999381009,47.270845436507805],[4.979800551180416,47.27083703211475],[4.979814096466567,47.270827615466416],[4.979826362202708,47.27081578921659],[4.979833901035221,47.27080494418407],[4.979838686376576,47.27079477652486],[4.979841422040073,47.27078284278493],[4.979841771042994,47.27077076967698],[4.979789262992237,47.27063838696673],[4.979784290733809,47.27063270842257],[4.9797765848911855,47.27062824723124],[4.979767368633372,47.27062588304784],[4.979758618678732,47.2706254020252],[4.97961177021536,47.27064726992148],[4.979304790618413,47.27071833787498],[4.979274045872371,47.27072417567095],[4.979238531122645,47.27072982469504],[4.9792073267086225,47.27073395930334],[4.979171339032945,47.27073754514964],[4.979112317910156,47.27074080358262],[4.979053194026206,47.2707412720852],[4.979044060646574,47.27074115776408],[4.978998257852324,47.27073689627942],[4.978969184854645,47.27073424045627],[4.978911121728067,47.270731178707855],[4.97884715825689,47.27072956839548],[4.978782874344898,47.27073003474142],[4.97870164956718,47.270733941923595],[4.978654928539132,47.27073708034173],[4.978350904694967,47.270759106309306],[4.978258204338876,47.27074240659614],[4.977751148322944,47.27065100448371],[4.9772522526218035,47.27056558469564],[4.977027147278627,47.270542585996374],[4.976838413776833,47.27058038330368],[4.97683976239785,47.27074650862282],[4.976930035233927,47.27091300943827],[4.977007992482814,47.271036044262935],[4.977098139106803,47.271177512287494],[4.977135241967966,47.27123658515904],[4.977218495313102,47.27135250541065],[4.977263651174007,47.271414682882586],[4.97731135610045,47.27148140959893],[4.977418146100445,47.27168680162559],[4.977499075219681,47.27182581493487],[4.977634064082944,47.27203162653077],[4.977655513762029,47.272064400410464],[4.977955657826184,47.272001468333485],[4.978772187215144,47.27187335382754],[4.978824993684396,47.27195998474722],[4.9789662196146365,47.27193623268144],[4.979037608810175,47.27190232530755],[4.979067517852121,47.27186300202013],[4.979873890086353,47.27172865919064],[4.979841990427978,47.27167084913563],[4.979800700744037,47.271595188681886]]],[[[4.977226495683081,47.27424505839179],[4.977242457324319,47.274312056024364],[4.977260303866165,47.27438712630786],[4.977447354311706,47.274767023827856],[4.977470958167822,47.27481516008705],[4.977580283402549,47.274916677313634],[4.977646861303268,47.274978399335275],[4.977854014032577,47.27516019676373],[4.977987488062028,47.27540007375245],[4.978081371561691,47.275556516084606],[4.9784047127334485,47.2762092902265],[4.97849549533798,47.276410811662956],[4.978506707992483,47.276435024815],[4.978595476964829,47.27662496366055],[4.97861718630517,47.27679407332315],[4.978635088006254,47.276935241404246],[4.978630645578222,47.276943962276526],[4.97855933982739,47.27709889915179],[4.978623472015535,47.27723423571566],[4.978749496818286,47.277131496757825],[4.978889549841537,47.27704319699828],[4.979002969327094,47.276953910584254],[4.979043090843887,47.27692233787942],[4.979153723963116,47.27681130598618],[4.979243218063221,47.27672990192403],[4.979455573889365,47.27661083032873],[4.979487692144374,47.276588309286645],[4.979514682931766,47.27656668621204],[4.979544631879916,47.27653915919538],[4.979547319349467,47.27653668189889],[4.979573684578037,47.27650885581737],[4.979583594593799,47.276497700216446],[4.979828843995785,47.27621561065052],[4.979862355106558,47.276177036258204],[4.979888562871429,47.27613417390369],[4.97990708717315,47.27608748034567],[4.979932915520588,47.276023552011594],[4.979936097885975,47.27601296147201],[4.979937683461394,47.27600212802763],[4.9799376291339374,47.275989881723085],[4.9799361703724445,47.2759826123148],[4.9799356443213485,47.275979109219854],[4.979929060237224,47.275962021443625],[4.979918152150656,47.2759460881089],[4.979898644548133,47.275923007244536],[4.97975679863311,47.27575783925474],[4.980042269957889,47.27572712148562],[4.980111649403917,47.275713960116754],[4.98021729904354,47.27568324954104],[4.980317663979528,47.27563840068141],[4.980412326938088,47.27560040307014],[4.980781072080184,47.275416612097814],[4.980911476534994,47.27534675526662],[4.9810257385469505,47.27528050593481],[4.981155357391996,47.275200126002396],[4.980958212625588,47.27508552318881],[4.980797821761347,47.27500955564628],[4.980334621037174,47.27490300681216],[4.979702818276299,47.27486381189023],[4.97966149168907,47.27486262608105],[4.979549829577652,47.274859398677734],[4.979513686641379,47.27485884477967],[4.979472839653637,47.27485990204904],[4.979427685311963,47.274862563711345],[4.979387341115889,47.27486649407306],[4.9793430962060246,47.27487229204558],[4.979321006900998,47.27487609099177],[4.979264749336705,47.27488983848721],[4.9791983266777615,47.27490781179098],[4.979202414124154,47.27488946125038],[4.979207836422017,47.274864243890555],[4.979404257716968,47.274840810401514],[4.9794070346262975,47.274840763015455],[4.979511049947955,47.27484114929407],[4.979685043866374,47.27484466374916],[4.979773812110034,47.274840627241986],[4.980027272327938,47.27484620688879],[4.980055074584077,47.274846632842156],[4.9801149918958085,47.27478140209483],[4.9801251456136955,47.274766099823964],[4.980122756887092,47.27472282499897],[4.9801226474366,47.274719855110845],[4.980123842869356,47.27470920842335],[4.980133048589511,47.27470049621958],[4.980223545363432,47.274614121201886],[4.980346532502289,47.274429213489576],[4.980698911374287,47.27436160051578],[4.980689196839962,47.27427036234008],[4.981054205478581,47.274200821584],[4.981009681406651,47.27406983405086],[4.981009668134145,47.27406947406443],[4.981029985090557,47.274017616606564],[4.981050629020462,47.273963862440155],[4.981043985791234,47.27390210929334],[4.981059046424638,47.273826117262615],[4.980904508832867,47.27381191652873],[4.980824314417281,47.273693154948326],[4.980757468075934,47.27359190587422],[4.980714791235177,47.27352176269576],[4.980678879569874,47.27346285069572],[4.9806488932092075,47.27341392347559],[4.980622686114129,47.273370605072955],[4.979730018674735,47.27357666705057],[4.9797257897953635,47.273569625019654],[4.980614106810647,47.27336399756995],[4.980617184127531,47.27336133347861],[4.980473638310626,47.27312838516682],[4.980416751693213,47.27303885287781],[4.980377154395025,47.27297685184559],[4.9803366563280855,47.272901178077134],[4.9803366297926654,47.27290045810377],[4.980277379430801,47.272779087233445],[4.979766606830477,47.27287830982735],[4.979727193474558,47.272885916633214],[4.979137595122666,47.27300044002113],[4.978599619131775,47.273104804321655],[4.978596914225427,47.27309602524392],[4.979470669867961,47.27292622588004],[4.979722504961044,47.272877171433656],[4.980273824509056,47.272768791795],[4.98025452154681,47.272654303379696],[4.9802538389527164,47.27261424131147],[4.980253488036454,47.27258317891102],[4.980241969591764,47.27257220894719],[4.980215671010983,47.272558699657736],[4.980183633130999,47.27254024535734],[4.980175856020304,47.27252308789086],[4.980125962310117,47.27240786093499],[4.98008475530092,47.27231292776794],[4.98008099280276,47.272307768905236],[4.980002344026784,47.272198526019444],[4.9800006399516885,47.27218459684454],[4.980006900115569,47.27214981945431],[4.979986870646614,47.272090996333006],[4.979952614078654,47.27198000503114],[4.979924896859609,47.27187412518454],[4.979887021517474,47.27174032208422],[4.979112475215713,47.271865837064524],[4.979076094502013,47.27188032602234],[4.979081530867879,47.27189860413795],[4.979059830589735,47.271912932657834],[4.97900983228347,47.2719456645996],[4.978846898310626,47.27197275882745],[4.9790227209423215,47.2722417200244],[4.979001862518353,47.27224657857024],[4.978775363742562,47.27190571882168],[4.9784403232517045,47.27196951843799],[4.9783122958640496,47.271985210111794],[4.9782336612921005,47.271994836162754],[4.978067137662257,47.27203225658014],[4.977798658493032,47.272092757900865],[4.978023681696121,47.27256620298296],[4.978014997701566,47.272567521764174],[4.977985015310392,47.27257253571404],[4.978006429852152,47.27261512593174],[4.978043238294105,47.272687711519495],[4.977955145135055,47.2726992096715],[4.976880249533708,47.2728395564374],[4.976935436000476,47.273012508603586],[4.977055773054605,47.27340263922755],[4.977077033617047,47.27347341886735],[4.977094630591424,47.27353093307616],[4.977120457577413,47.27361793449817],[4.977167502396493,47.27377454556841],[4.977168550783044,47.27378146179294],[4.97717421164056,47.27390293708766],[4.977177349712668,47.27396664124359],[4.97717844257516,47.273996340161425],[4.97718133890253,47.27405347455439],[4.977226495683081,47.27424505839179]]],[[[4.976598685333178,47.28262258147757],[4.976736537498665,47.28264661820954],[4.976760622917907,47.2827401329317],[4.976985977333375,47.28281166713986],[4.97719625777743,47.28281879987722],[4.977267050806559,47.282832992389984],[4.977364635531502,47.282852401551914],[4.977394637720066,47.28285855409817],[4.977469538365889,47.28288726503913],[4.977745545578714,47.28306212556023],[4.9778306672725146,47.28309885684151],[4.9781515496059985,47.283220090353026],[4.978194622998021,47.28323619579472],[4.978206698229917,47.2832406726462],[4.9784256638716595,47.283257200695765],[4.978514096887875,47.28315744492107],[4.978739332936697,47.28305319458135],[4.979011933884626,47.28303845888093],[4.979092616957607,47.28298701313121],[4.979326408024027,47.28303957788094],[4.979264419057686,47.28296264964622],[4.9791608013196385,47.28283339039779],[4.979137078590739,47.28280371742671],[4.979130848684772,47.28279625926133],[4.978985980823759,47.282657257417476],[4.979009491306872,47.282648841661],[4.978925796631305,47.282532300020925],[4.978871251081631,47.282452633077796],[4.978840250088787,47.28240858567573],[4.978757923138669,47.28230759973989],[4.9787389356664855,47.282244796504365],[4.9787301272061235,47.28213499213552],[4.978728848963736,47.2820787308647],[4.978730788101708,47.28199125640617],[4.9787232885197685,47.28156129153472],[4.97865188558475,47.28155206323878],[4.978560384906459,47.28159000518936],[4.978523068065856,47.281600817597],[4.978481426716731,47.281612784378346],[4.978409288508108,47.28162671207409],[4.978383711765205,47.281632911631974],[4.978316826446582,47.28163855487416],[4.978284031933991,47.28164280627496],[4.978133289480484,47.281646007073554],[4.9779510437068355,47.28163461590907],[4.977798084738734,47.2816207440105],[4.977508876977345,47.28159397551625],[4.9774221234695295,47.28158834008508],[4.977069896237459,47.28157516200564],[4.976877048578759,47.281577727929836],[4.976606728411741,47.28157873184316],[4.976419173677452,47.28157409264813],[4.976054250741029,47.281561127779575],[4.975948668531784,47.28156166539811],[4.975827679213827,47.2815642663814],[4.975678232997928,47.28157032360658],[4.975573987025553,47.28158560679438],[4.975600909308826,47.28165917176778],[4.9756234272745195,47.28172092476213],[4.975697246424858,47.281720298007635],[4.9758314592557324,47.28207723305485],[4.975886948389638,47.28222586575435],[4.976099632923979,47.28222287357597],[4.9762429276150675,47.28221142740569],[4.976184104055592,47.282047722780284],[4.976141586176839,47.2819279563215],[4.976309046715295,47.28193672051766],[4.976371393393701,47.28193718930437],[4.976394124258078,47.282004701914936],[4.976624963767531,47.28202040062137],[4.976621527816006,47.28206728664944],[4.976610844227634,47.28223010413026],[4.97674823158576,47.28229548301417],[4.9769691263908395,47.282353765400266],[4.97705626859295,47.28236993074915],[4.977114687953807,47.28237154670718],[4.9771804337229515,47.28236727439123],[4.977218022973619,47.28236384212458],[4.977167287964756,47.28241999924752],[4.977111195572995,47.2824600381319],[4.977060412621667,47.2824933225946],[4.977047611743617,47.28251227173502],[4.976799810155187,47.282467235471884],[4.976593628449546,47.28247435060871],[4.976598685333178,47.28262258147757]]],[[[4.98160288527301,47.2557771944203],[4.981700143726737,47.25578904037923],[4.981776283229915,47.25583078490137],[4.981911931901546,47.25590447200415],[4.982012807891497,47.255949846002636],[4.9820938923111076,47.2559535030253],[4.982215343052764,47.25595421859976],[4.982303985397914,47.25595837665312],[4.982531673546313,47.25598843434784],[4.982675486667519,47.25602523896309],[4.982737561331175,47.256040657433175],[4.982612588777568,47.255610985434444],[4.982454223223988,47.25505049539145],[4.982355466634661,47.25471826352029],[4.982162995871241,47.254007515535726],[4.982172096545184,47.25400681963633],[4.98235701108333,47.25468482707522],[4.982452415937657,47.25501225333688],[4.982614211246193,47.25559042538268],[4.9826189451980305,47.25560043048758],[4.982639580424437,47.255665006587506],[4.982749201071369,47.256044240669986],[4.982859344671375,47.25607189495001],[4.982934344766635,47.25607196321871],[4.9830271802079675,47.25607145626442],[4.983032378684058,47.25607253806362],[4.983089571896366,47.256084707831086],[4.983160975476638,47.25611635635844],[4.983534436424268,47.25627927004821],[4.98363629160796,47.256318862457455],[4.9837356679073475,47.256355795567224],[4.983776748590358,47.25637220302492],[4.983949727925921,47.25639283771063],[4.984071072148123,47.256401387880125],[4.984172505114273,47.25640802728468],[4.984284268724041,47.25641503014355],[4.984407557161243,47.256411749616554],[4.984418670941341,47.256411829582945],[4.984504898271259,47.25641503670445],[4.984522383671066,47.256415728047166],[4.984653792775242,47.25651415937429],[4.98488117180334,47.25643903470117],[4.985090042581011,47.25638926144191],[4.985373646107862,47.25631083183316],[4.985384104005102,47.25630389872095],[4.985410768782967,47.25628453081584],[4.985434994320769,47.25626358369681],[4.985456783943699,47.256241147362445],[4.985468892183912,47.256225180578674],[4.985478971058437,47.25620798778502],[4.98548544761485,47.25618995613162],[4.985487154005606,47.25615021307519],[4.985486171840093,47.25610214102654],[4.98548162726791,47.25605431008365],[4.985473910211115,47.25600653346162],[4.9854560065430364,47.25587635168472],[4.985435249627114,47.255754863945185],[4.985407098329986,47.2555943292853],[4.985377400862945,47.25543490173381],[4.985264569471598,47.254958466301446],[4.985204287721588,47.25473373277388],[4.985146111197527,47.25452301160136],[4.985049504711275,47.25422793722377],[4.984985121042723,47.25405325380514],[4.984906611550358,47.25385062522067],[4.9848187981867005,47.25362167992648],[4.984727796448838,47.253231141959446],[4.984634660488661,47.25283649792235],[4.984620513613907,47.252818729237404],[4.984612370188118,47.25281310515805],[4.984599438401407,47.25280675254982],[4.984584600351856,47.25280250381352],[4.984569035684021,47.25280006859519],[4.984382538692924,47.2528106449706],[4.984308878942718,47.252814517160076],[4.984140629255735,47.25282496097146],[4.983972855764406,47.252837557688636],[4.9836720425094745,47.25284702706973],[4.983548277326194,47.25283716721301],[4.983449694712321,47.25282156325292],[4.983318922823016,47.252804618682916],[4.983245652364963,47.25278678049599],[4.983124242896409,47.25275472658562],[4.983041302934586,47.25273291116513],[4.982926714527862,47.2527029016901],[4.982919900349526,47.252701037034804],[4.9827009183502975,47.25268073737384],[4.982422154085275,47.25267478745289],[4.982366109548192,47.25267214349906],[4.982248452373119,47.252666500432625],[4.982192797752991,47.25266366962111],[4.982118832729522,47.25265926066359],[4.982002582560551,47.25264873037548],[4.981233208286809,47.2525732662485],[4.9810743068131895,47.252557430202046],[4.98099542769904,47.252548871953024],[4.980734176821541,47.25253361336209],[4.980711984038732,47.25253435269581],[4.980686910793274,47.25254306598739],[4.980686524205401,47.25254334275346],[4.980670109845626,47.25256091352931],[4.980657314050462,47.252579773299736],[4.980726014002849,47.25320582608819],[4.980749866810416,47.25348701753805],[4.980773328976153,47.253736066348495],[4.980787642172951,47.253844517021044],[4.980839080649874,47.25416360014465],[4.980854639517224,47.254219708145264],[4.980866355020896,47.25422536151231],[4.980879193840566,47.254229194607916],[4.980887171255441,47.25423031907967],[4.980933296983621,47.254232953120216],[4.980941700414694,47.2542564037006],[4.980870570298484,47.25426437293261],[4.980823294264542,47.25428436206906],[4.980648960212743,47.25435596125917],[4.980458489814795,47.25443116778455],[4.98022504479689,47.25452466843648],[4.980139796805146,47.254558723802006],[4.979941771380687,47.25461199524854],[4.979328807331944,47.25477618235814],[4.979258477150913,47.25479512350793],[4.9792224029696905,47.25481762237601],[4.97922010318268,47.254819822925775],[4.979207963577858,47.2548349790899],[4.979198229800548,47.254850814618834],[4.979192101456131,47.25486757919902],[4.979189162110184,47.25488473961555],[4.979189798378238,47.254902019107874],[4.979205458433935,47.254928587874765],[4.979312977170092,47.25511136311732],[4.979424680953043,47.25530001037543],[4.979582195777925,47.2555581174917],[4.979671546675656,47.25570004792536],[4.979754112185976,47.255830116971524],[4.979981519548802,47.256186539777],[4.980606102196567,47.25603574923875],[4.980678836114617,47.25601739661905],[4.9807786906559794,47.255992006737344],[4.980792857441138,47.25598879295593],[4.98082387738946,47.255979888041296],[4.980853631356569,47.25596893350446],[4.980903374468647,47.25595124365048],[4.981046882579176,47.255893678950734],[4.981182072266494,47.25585804924838],[4.981190330384766,47.255856017018715],[4.981215058292993,47.2558486603645],[4.981238120333624,47.25583917087369],[4.981384040116868,47.255803987970125],[4.98160288527301,47.2557771944203]]],[[[4.9798956272525325,47.2583791967725],[4.979933599767159,47.25832199463086],[4.9799471870261,47.25830303144376],[4.9799634376054085,47.25828096095004],[4.979982110745342,47.25826001978889],[4.979986323918579,47.25825589542829],[4.9800333160560015,47.25820655403056],[4.98005614722822,47.258190764978856],[4.98007677795897,47.2581798764027],[4.980098668044035,47.25817085744874],[4.980122220694564,47.25816388133874],[4.980128916104165,47.258162506254735],[4.980692142341987,47.25804752425084],[4.980669907061485,47.25799333141336],[4.98064539045664,47.257931072690695],[4.980642402164878,47.25792536028561],[4.980637006479434,47.2579081621066],[4.980634776773231,47.25789072974337],[4.9806273248718,47.25781773329462],[4.980592058300089,47.257528362225344],[4.980584609294622,47.25747697864387],[4.980583227224926,47.25747177912546],[4.980576618670645,47.25745397128048],[4.980566850804159,47.25743657761158],[4.980560567261646,47.257427589493524],[4.98055113767089,47.25741937554013],[4.98053938834119,47.25741282217623],[4.980526122366269,47.25740818584616],[4.98051134637763,47.25740564654387],[4.98049626004007,47.257405453940834],[4.9802674761500105,47.25745348759366],[4.98003129620796,47.25750542933934],[4.978620340144486,47.257811201597164],[4.978348303806577,47.25787014548715],[4.978177175310272,47.257921423814274],[4.978196091170217,47.25795018849487],[4.978217756590094,47.25797818583593],[4.978236784194574,47.25799920397845],[4.9783071505402265,47.25807815139444],[4.978373275403065,47.258138890214745],[4.978408100960329,47.2581686441807],[4.97845673157863,47.25820689781853],[4.978508081998643,47.25824357411721],[4.9785621621605785,47.25827894306495],[4.978590235130389,47.258297735578054],[4.9787583927499455,47.2584136471818],[4.978859094465665,47.258378788964954],[4.9790225098097896,47.25832277838583],[4.979127778979921,47.258422742561756],[4.979156184735208,47.25846134109579],[4.979048037497783,47.25849875809178],[4.9789336916771365,47.258551049586266],[4.978959841659624,47.258571495797334],[4.979277865342209,47.25845737312108],[4.979416233113975,47.25864790653294],[4.979463447216853,47.25862611806076],[4.979597538875055,47.25857123761007],[4.979811124202929,47.2585090562702],[4.979860473816727,47.25843752146689],[4.9798956272525325,47.2583791967725]]],[[[4.98011513000594,47.25817606963153],[4.980087707718405,47.258185723377395],[4.980066303724182,47.25819716548222],[4.980046948924146,47.25821037366892],[4.98003810612174,47.25821808918289],[4.979967451081533,47.258292959633785],[4.979823475805462,47.25852118276093],[4.979603118727629,47.258582669241186],[4.979461171646904,47.258639755027666],[4.979359370723381,47.258687870431416],[4.97925961881516,47.2587377518443],[4.979165818779396,47.25878762163785],[4.97917779582428,47.258821907816916],[4.979362844235818,47.25878218751002],[4.9800462921121635,47.258634178150125],[4.980107136621673,47.258734629851794],[4.980121935452454,47.258759322056875],[4.979822755092274,47.258835572888664],[4.9798465185967435,47.25887740239983],[4.979926731057933,47.25901885820004],[4.98011605652825,47.25895519941333],[4.980230983661437,47.25892946270235],[4.980587480884661,47.258857905269345],[4.980952634930419,47.258730545571424],[4.98090059194063,47.25852440083842],[4.980897744762046,47.25851175188409],[4.980883933459078,47.258460026749376],[4.980866569548317,47.2584088125682],[4.980841136643019,47.258343237550434],[4.980811464153894,47.25828106693857],[4.980796519199126,47.25825241494043],[4.98069644640901,47.258056636226236],[4.98011513000594,47.25817606963153]]],[[[4.981805987923689,47.26259854367356],[4.981816157094329,47.26259449758239],[4.982655262485921,47.262243353983614],[4.982566668979651,47.26219777047055],[4.982453064355016,47.26214117762589],[4.9823248202887305,47.26207501905621],[4.981610768755003,47.26237350338651],[4.981684534364148,47.26245824420436],[4.981759543135438,47.26254440459196],[4.981805987923689,47.26259854367356]]],[[[4.982622712112242,47.26470660923911],[4.982696831792443,47.26484384464744],[4.982758339100759,47.2649619340981],[4.9827912802123215,47.26502647971243],[4.982901249906407,47.26524252938881],[4.982942655303591,47.265321338823895],[4.982966527050227,47.26536595748956],[4.982994810152053,47.265422567912346],[4.983025451742153,47.26548931406331],[4.983100215924641,47.26563320215619],[4.983114750920803,47.26566141057027],[4.983179665131692,47.265764222469414],[4.983196602741205,47.26577149734406],[4.983220009387506,47.26578199357966],[4.983270697436984,47.265789681890986],[4.983318011195712,47.26578121822821],[4.983651445966538,47.26567510585237],[4.984371258629974,47.26544576262561],[4.984690546814723,47.265343581429654],[4.984688858360765,47.26533010226914],[4.984689280466369,47.26530929264077],[4.984692878936728,47.26528851870879],[4.98470007034075,47.26526831366624],[4.98470939445865,47.265252124542165],[4.984721564779079,47.26523777783707],[4.98473657132955,47.26522500355966],[4.984754010832049,47.26521362850293],[4.984773499952389,47.26520401944089],[4.984745015662441,47.265142009637245],[4.984774513552126,47.26513475079249],[4.9847042691495815,47.26501663175261],[4.984637568112345,47.264897731603725],[4.984601338846697,47.26483018091561],[4.984556462595556,47.26474341663437],[4.984515129531711,47.26465587127553],[4.984501740744411,47.264626472705764],[4.984468908642356,47.26455418105041],[4.984423516723268,47.264431944371914],[4.984396630872285,47.26435946089407],[4.984372898137425,47.26428638313513],[4.984367450772709,47.26426783522064],[4.98432209608964,47.26411434921383],[4.984309098698283,47.26407404742072],[4.984250804473569,47.263903312351154],[4.98423531781285,47.263860081365266],[4.984181058517409,47.263734123982594],[4.984143718390944,47.26365794698942],[4.98409643092525,47.26357032323419],[4.984067826212073,47.26352650616899],[4.9839684235773705,47.26337097288311],[4.983901507737434,47.26326765526886],[4.983858320828107,47.263205086264996],[4.983815753217833,47.263148540252914],[4.983734946501507,47.263045190000916],[4.983683990473286,47.26298716646145],[4.983627339136254,47.26292536800468],[4.983547491093948,47.26283722031214],[4.983508870932561,47.262801589198325],[4.983467517720495,47.26276717551504],[4.983425880879965,47.262735828496076],[4.983293408474334,47.26264119624426],[4.983168613238787,47.26269006829977],[4.982933051067837,47.26278081809856],[4.9821277839345175,47.26309194164964],[4.9821678357585695,47.263177168329776],[4.98222357333323,47.26330030966007],[4.982274438748892,47.263398949580285],[4.9823112200859425,47.263470814108594],[4.982341207479706,47.26353063750673],[4.982380383738389,47.26361362773366],[4.982416017108406,47.26369739893802],[4.982420821454175,47.263709293954285],[4.982451802411429,47.263860594888826],[4.982447189048216,47.26386463611262],[4.982458696782283,47.263939904388266],[4.982469326534784,47.264002129885235],[4.982462515599089,47.26412949216621],[4.98245997430154,47.26423273712271],[4.98245904206212,47.26427201646105],[4.982460896143862,47.26431151833016],[4.982465197916623,47.26434206304403],[4.982479880545335,47.264428083473696],[4.9824917646805105,47.264459759322165],[4.982507201850525,47.26449092416386],[4.982519047712029,47.26451080363302],[4.9825386702883225,47.26454784046488],[4.982562577877651,47.26459344919358],[4.982622712112242,47.26470660923911]]],[[[4.978357348216254,47.26371105321341],[4.978359317587583,47.263742988638064],[4.978364856539413,47.26377486316917],[4.978371730184117,47.26379987085951],[4.978395235879395,47.26386701005483],[4.978441794500157,47.26399976524207],[4.97846123709981,47.264053555754245],[4.97847113057953,47.26413902791666],[4.978477267566672,47.26424104396264],[4.978486584195493,47.26434318586762],[4.9784877750399,47.26435397197907],[4.9784930476994225,47.26440016955701],[4.978501490052538,47.264446223005876],[4.978507157405195,47.2644708009954],[4.978510407588573,47.26448362320573],[4.978584678484952,47.2646576003383],[4.978651791987124,47.26480963641354],[4.978690362418853,47.26489786120416],[4.9787193820269815,47.26496382560161],[4.978755803844627,47.26504758435045],[4.97883376197606,47.26522465027356],[4.978856785030423,47.26527864977622],[4.9788924625169795,47.265385294776394],[4.978930295641089,47.26549658576478],[4.978966360108816,47.265602953974096],[4.979086627934054,47.26598047731892],[4.979134454025473,47.266125998145526],[4.9791584146679435,47.26616233109242],[4.979189247424661,47.266169729636424],[4.979221461367833,47.26626850891568],[4.979178708429672,47.266282296267114],[4.97925929374414,47.26645517457607],[4.979294652320767,47.26653156689475],[4.979363997269441,47.2666147635613],[4.9794224640538145,47.266693553118024],[4.979429498196858,47.26681986817637],[4.979433445890581,47.266830066899004],[4.979504499710271,47.26693808908056],[4.979535571889755,47.266984296507836],[4.979560286690007,47.26701953585644],[4.979580849427347,47.26704980307324],[4.9796483527190425,47.26714761967079],[4.979689008828284,47.26720618090478],[4.979773622459502,47.267402133828966],[4.979829602641857,47.26748880027929],[4.979863050738466,47.26752407058969],[4.979892503366899,47.26753707583329],[4.97991242857983,47.26753925718809],[4.979932667543763,47.26753918184626],[4.979949670325631,47.267537450730835],[4.980111736011987,47.26749794210898],[4.980146035379506,47.26749168314806],[4.980262459224476,47.26747375590643],[4.980678365475903,47.26740802910186],[4.980870513751684,47.267377101061285],[4.981151816017938,47.2673314119527],[4.981537427297673,47.26727295353232],[4.981667765969922,47.26725568766016],[4.981775495797788,47.26723880796462],[4.981882349289281,47.26721969180396],[4.98198832311266,47.26719824918368],[4.9820934205747305,47.26717457010304],[4.982196858334178,47.26714893811276],[4.982211798025597,47.26714508063667],[4.982165901670823,47.267116687688784],[4.982122332114228,47.26708681410062],[4.98208108603605,47.267055369878015],[4.982042560079119,47.267022348244815],[4.982006767519251,47.26698810919107],[4.981998522639831,47.26697978505505],[4.981936206489668,47.266893588070936],[4.981929085178117,47.266883443658465],[4.98189656217854,47.266830237450364],[4.981865443258368,47.26677205429381],[4.981831184467682,47.266714825318125],[4.981813499966632,47.26668730095478],[4.981758383716844,47.266602601809666],[4.981648878539282,47.26645291274624],[4.981625848746378,47.266420346632465],[4.981534722241275,47.26629546838641],[4.981495324410252,47.266238777382426],[4.981462168238828,47.2661899044422],[4.981417622676531,47.26612276509173],[4.98137870334522,47.26603598797804],[4.981339281548992,47.26592481491366],[4.981325746640901,47.26588064972523],[4.981309043774468,47.26582591233212],[4.981288794461209,47.265771865896866],[4.981265782024466,47.26571822687531],[4.981256346024333,47.26569911660527],[4.981241388815884,47.26567019475925],[4.981223291737518,47.26564222708552],[4.981202054793166,47.265615213582656],[4.981181380397515,47.265592693145656],[4.980942800041311,47.26531129860547],[4.980896545783435,47.2652839018753],[4.980822981191889,47.2651400820159],[4.980799921169512,47.26509589934131],[4.980694552001051,47.26488598293733],[4.980705621089067,47.26488480330191],[4.980837219031255,47.265106428952464],[4.98087715461418,47.265166983299636],[4.980913947102325,47.265228401800954],[4.980927981370433,47.265253827363374],[4.980957559077397,47.26527025223185],[4.981311368971895,47.26521080654364],[4.981527934302897,47.265153434610454],[4.981614555636563,47.26513466429134],[4.98169962026121,47.26511673098885],[4.981957193567669,47.26506289003725],[4.982237211516205,47.26500425225516],[4.982671614593271,47.264913346913055],[4.982453662624203,47.264502735867644],[4.982438147356854,47.264458694680016],[4.982427564238022,47.264419251971844],[4.9824143108007455,47.26436121379822],[4.9824050037047725,47.26430256784303],[4.982398476308191,47.264243964424786],[4.982398085732903,47.264179582723266],[4.982400352962681,47.26403662877941],[4.982398877395634,47.26400738655552],[4.982393770532893,47.26394425616438],[4.982385100741095,47.26388136678222],[4.982360698245528,47.263736257144345],[4.982323388830945,47.26365008312445],[4.982260383675798,47.263512837587506],[4.982235950744981,47.26346372567437],[4.982180344144892,47.263354900654505],[4.982134125471884,47.26325311944883],[4.982088270396044,47.263150431472155],[4.982038958821471,47.26305086437676],[4.9820100971706305,47.26300002703041],[4.9819799096529875,47.26294552013429],[4.981952261186208,47.262895292415486],[4.98193309597146,47.26285986862748],[4.981861179742568,47.26274997137469],[4.98178790467292,47.26265702739681],[4.981407696349987,47.26222604315629],[4.98136625378903,47.26217839237632],[4.981346773786808,47.26215594160612],[4.981341398905153,47.262150089891286],[4.981321079258278,47.26212639271023],[4.981280493103716,47.262080438289345],[4.981259783538875,47.26205692786681],[4.981198972644496,47.26197907971293],[4.981168183928027,47.26194052238679],[4.981130274756212,47.261891820569964],[4.979888074474824,47.26221381420422],[4.979630206848998,47.262280893733966],[4.979583824723507,47.26229303224452],[4.979609990313017,47.262346167527106],[4.979682278440516,47.26248784869929],[4.979722810839159,47.26256469297651],[4.979723710148979,47.26256755934144],[4.97973610698649,47.262591662201565],[4.979751253590095,47.262614997689155],[4.97976042991806,47.262627088334675],[4.979785459904814,47.262660160997136],[4.979863165123692,47.26276572811396],[4.979922131165515,47.26284739067571],[4.979968310874164,47.2629374663924],[4.980192111229569,47.26327053593922],[4.980260420701718,47.26336878877051],[4.980369826186766,47.26351604941154],[4.9804096791073285,47.26356363761646],[4.980447366597151,47.263606309836675],[4.980492415494944,47.263654889925974],[4.980513868827608,47.263677036968836],[4.980566185806544,47.2637505278213],[4.980643651497423,47.26387104741652],[4.980651331315568,47.26388559499896],[4.980666452145712,47.26390821037895],[4.980684319480553,47.26392996836705],[4.980744030107569,47.263999460558345],[4.980774766625303,47.26403657801341],[4.980880941143756,47.26414994314372],[4.980970305712415,47.264237930029985],[4.981069564429816,47.26433592389759],[4.981062531368761,47.264338925752924],[4.980878050135773,47.26415764708244],[4.9807744576810355,47.26404973112078],[4.980655486082047,47.26391217991772],[4.9805458506991025,47.26373718694783],[4.9805378306954395,47.26372417607983],[4.980522426119007,47.26370462735265],[4.980504281704772,47.263686116002916],[4.980151438590607,47.26379309123005],[4.980148820116703,47.26378665207763],[4.980499250314561,47.26367881752743],[4.980441821939469,47.263617391066575],[4.980388789657191,47.26355679004481],[4.980338890638201,47.26349505485194],[4.980247707084697,47.26337918192185],[4.9801788252549635,47.263276166013306],[4.98014774471799,47.26322968869814],[4.980054843674634,47.26308871997616],[4.979957321747237,47.2629408058874],[4.979905863411278,47.26284748830115],[4.979869541193148,47.26279875900534],[4.979839423512673,47.262756857906176],[4.979785895452169,47.262682757029424],[4.979755817685756,47.262641935871294],[4.979725753226103,47.26260147469295],[4.97965518629091,47.26248497919297],[4.979596617390636,47.26237098045371],[4.979533477205512,47.262251386332686],[4.979444195157588,47.262079286832474],[4.979358860621019,47.26210055516462],[4.979205152671888,47.26214028066485],[4.979137132802337,47.26215756112465],[4.979087967788547,47.26216956682318],[4.978882357843601,47.26222242491465],[4.97879267028962,47.262384160726945],[4.9787309274412,47.26251804334349],[4.978716450391267,47.262545216392816],[4.978671709024141,47.26261270951575],[4.978566960191012,47.26275344942538],[4.978537251335753,47.262798082556706],[4.978510355167192,47.26284365828278],[4.9784962546518035,47.26287028455211],[4.978483171675591,47.26289221067199],[4.978473291414871,47.26291489263376],[4.978466570801923,47.2629371604761],[4.978448328085666,47.26299141380773],[4.978422557768723,47.263099917768585],[4.978411575654239,47.263146572777],[4.9783993270242135,47.263223507397925],[4.97838799417539,47.26330375837494],[4.978360656526684,47.26352062350618],[4.97835654693752,47.26358147978044],[4.978353827399634,47.26362619274929],[4.978354300687694,47.2636713915727],[4.978357348216254,47.26371105321341]]],[[[4.98491641074324,47.26546281941699],[4.984888576737397,47.26546140466199],[4.984857476608675,47.26545752429451],[4.984827096619477,47.2654516504128],[4.984797823432434,47.26544350623905],[4.984793797288717,47.265441954175344],[4.984773613391294,47.265432753905586],[4.984755352826993,47.26542189975085],[4.984739805534603,47.26540928813979],[4.984405584620907,47.26551550722535],[4.9837080802966565,47.265736364247836],[4.983501429453929,47.26580428705867],[4.983494389693005,47.26580710906598],[4.983474496847618,47.265816544700456],[4.983456260288401,47.26582784313184],[4.983441256587034,47.26584070723736],[4.983428285876004,47.26585488737739],[4.9834185280948615,47.26587009321251],[4.983412369915587,47.26588604796987],[4.983409011428124,47.26590258522264],[4.983408832661729,47.26591924820373],[4.983411234363868,47.265930553889326],[4.983417964479148,47.26595160139809],[4.98342784775264,47.26597205465964],[4.983498887896628,47.266058011641995],[4.983571548033584,47.26614484141127],[4.983728302474409,47.26633793693534],[4.983967069697932,47.26630494550861],[4.984226633157522,47.26626907628836],[4.98440368648915,47.26623795026222],[4.9844675661677655,47.26622668118551],[4.984673088071073,47.26619623831741],[4.984730453422914,47.26618769212702],[4.9849061552166445,47.26614506158169],[4.985294529199641,47.266050701777196],[4.984967801549295,47.265543258350235],[4.98491641074324,47.26546281941699]]],[[[4.983506437152105,47.266165766789136],[4.983491440720068,47.26614657167932],[4.983462430500168,47.266113297706006],[4.983430690366642,47.266081331163214],[4.983357068453928,47.26601144784031],[4.9833180030017425,47.26597456353582],[4.983244474379985,47.26590720004995],[4.983228917337716,47.26589431824834],[4.983183353127791,47.2658534025623],[4.983140115653664,47.26581100621478],[4.983100011465656,47.26576747563149],[4.983042721667639,47.265677681154955],[4.9829822504823795,47.265576954501725],[4.982925832182424,47.26547849991648],[4.982849255975513,47.265306996224346],[4.982691750262871,47.264953526823604],[4.98188645919167,47.265114258701935],[4.981190862258915,47.2652793247623],[4.981050104173208,47.2653260355913],[4.9812298980227645,47.265541524368366],[4.981362399837161,47.26570144727851],[4.981398598667763,47.26581132460184],[4.981434784373018,47.26592084192145],[4.981451301568478,47.26597053946849],[4.9814481843469025,47.26603669205561],[4.9814450889633,47.26607114540753],[4.981538239474274,47.26620787621641],[4.98159697117491,47.266293774443334],[4.981625502335541,47.26633561213772],[4.981674223803863,47.266408353433214],[4.981733448827574,47.26649685471596],[4.981795804020383,47.26658413178511],[4.981825042475861,47.26662361595198],[4.981883200870019,47.26671546736734],[4.981952503631055,47.26684044812918],[4.981961480370737,47.26685785517195],[4.982033787300278,47.26695666901252],[4.98204341463653,47.26697019262725],[4.9820891382613395,47.26701542859063],[4.982115230490912,47.267034164080755],[4.982183315662419,47.267083070252596],[4.982242447316801,47.267115199342875],[4.982340497874576,47.26709416197338],[4.982357691607281,47.26712988952181],[4.982372825781683,47.26716358103836],[4.982471001714891,47.267382624224894],[4.982531414459556,47.26750325392522],[4.982599315365171,47.26773001878393],[4.982681714210184,47.267994718457075],[4.982793134419406,47.2682714393631],[4.982966352982233,47.2682329968501],[4.983498987049808,47.26811447400963],[4.983632838508252,47.26808480854546],[4.983702120831118,47.268069305073226],[4.984096957620935,47.267981142839176],[4.984254821284486,47.267946112917116],[4.984324896548577,47.26793059549999],[4.984533148822307,47.267884346919246],[4.984420039351274,47.26768032966681],[4.984212621851261,47.26736220688837],[4.983778641960033,47.26675546506464],[4.983614165102048,47.26638545626385],[4.983606371176844,47.26636784900056],[4.9836258542768,47.2663580601422],[4.983580465418872,47.26626815243213],[4.983558894851377,47.266232139685584],[4.983506437152105,47.266165766789136]]],[[[4.981481773844097,47.26731361797696],[4.981076029483093,47.2673750316554],[4.980874051430823,47.267408469317],[4.980393765304934,47.26749348695297],[4.980540375787126,47.26779923657476],[4.980564478829835,47.26785015546947],[4.980763839372859,47.26823019865943],[4.980791572408492,47.26828267647399],[4.980868404021365,47.26842887188923],[4.980983675448611,47.26864879487812],[4.981219729097526,47.268602887987505],[4.982030599394624,47.26845206248759],[4.982412919925276,47.268379519137014],[4.982753113052053,47.26831624978132],[4.982715748197097,47.26821791970189],[4.982677986827541,47.268119596387145],[4.98265643906442,47.2680626906857],[4.9826349179107154,47.26800650495321],[4.9825751594696035,47.26784984271409],[4.9825531820713405,47.267792043799645],[4.982532100946147,47.267737021220036],[4.982511476276666,47.267683611797686],[4.982490232312177,47.267602656569395],[4.982461066759702,47.26748986772713],[4.982414347751482,47.26738539367848],[4.982318988974016,47.267170985082906],[4.982315672483269,47.26716356732217],[4.982300296311495,47.26716635162909],[4.982165863860546,47.26719098252338],[4.981884320883588,47.2672516271235],[4.9817700771063445,47.267274831919984],[4.981481773844097,47.26731361797696]]],[[[4.982971623498088,47.26988160650062],[4.983186038470989,47.26983003205928],[4.983764099413153,47.26969443190988],[4.9837615699254565,47.26969042276497],[4.983648193187363,47.26951144434355],[4.983534970701246,47.26930436647441],[4.98348815564692,47.26921889580849],[4.983449511741048,47.26915048561185],[4.9834133840790775,47.269085724567105],[4.983444484233788,47.26907879892639],[4.98366694830951,47.269030327795896],[4.9835462407630535,47.26890001349223],[4.983332848015532,47.268731840585716],[4.983170076104924,47.26858018208539],[4.983071834835246,47.26848856638861],[4.982951632455166,47.26833960176286],[4.982851974797972,47.268349410386605],[4.982634828391157,47.268380588877456],[4.982515689885144,47.26840027589276],[4.982416340808235,47.26841845384173],[4.982369887614384,47.26842879350083],[4.982073028212044,47.26849402277667],[4.982029324910548,47.268503594874794],[4.9816480635086045,47.26857260675133],[4.981437914162399,47.268610597540416],[4.981290170610037,47.26864031762934],[4.981221223784227,47.268654192939444],[4.9810541865321465,47.26868811459545],[4.980878473854433,47.26873434139296],[4.980847420013775,47.268742526302034],[4.98067139516032,47.26878029308517],[4.98060319155151,47.26879280452745],[4.980552374462438,47.26880321796612],[4.980473306542454,47.26882248875324],[4.980592510954433,47.26909529635201],[4.980630237936288,47.26918200394631],[4.980670973868617,47.26927496388438],[4.9807206113498905,47.269415590167796],[4.980739205153324,47.26946777378624],[4.980739629312597,47.26950081615365],[4.980741456265591,47.269593449937126],[4.980758609977547,47.26970347244511],[4.98078618031534,47.269794585941156],[4.980797902080938,47.269821852052765],[4.9808306049518505,47.269879918329885],[4.980869476417161,47.2699653455412],[4.980893703092319,47.27004111697742],[4.980918024193435,47.27013021470055],[4.980959696540091,47.27036697382961],[4.981046879086892,47.27035242704623],[4.981110453961378,47.270343506527325],[4.981347419337125,47.27031136213473],[4.98143319090458,47.27030161199204],[4.981533770303797,47.27028440453275],[4.981673340903942,47.270258966324434],[4.981757763008326,47.27024491643018],[4.98191856752581,47.270214072123174],[4.9820560066737105,47.27017390110317],[4.9824487815717,47.27004012299319],[4.982971623498088,47.26988160650062]]],[[[4.9792052740718065,47.270031668179584],[4.97936403273914,47.2701823198853],[4.979359451880804,47.270219590101696],[4.979361757932842,47.270239092329106],[4.979419547043303,47.27034247797315],[4.9794698347709385,47.27040384663394],[4.979704127083187,47.27054690504566],[4.979765028029856,47.27059467448074],[4.980095250619246,47.270518885926904],[4.9800653473139835,47.270482924803545],[4.9803770455213,47.270443022751316],[4.980678403348163,47.270402576006276],[4.980943549269836,47.270370401479866],[4.980904227130693,47.27013279172711],[4.980876518942547,47.270027182018886],[4.980828810299388,47.269906604792745],[4.980778890627477,47.269812180797764],[4.980770091488821,47.26978882712326],[4.980741150159911,47.269703590509636],[4.980724340068133,47.269592121276645],[4.9807243542794435,47.26947406098223],[4.98071637176406,47.26945132373003],[4.980680370913606,47.269346846162826],[4.980660408097071,47.26928982302686],[4.980620005804983,47.26919514637289],[4.980599588138486,47.26914731644364],[4.980561983961937,47.26906393871991],[4.980520395356453,47.26896937233962],[4.98045672656274,47.26882493314598],[4.979999313872949,47.26890631637595],[4.9795899108120825,47.268976522223525],[4.979403579980812,47.26900392670149],[4.9793727931302385,47.269008594568774],[4.979294159788247,47.26901813135332],[4.979245110058828,47.26902266057836],[4.979190077296702,47.26902639134508],[4.979140938054438,47.26902849061127],[4.979085802526691,47.269029431426326],[4.978767968659238,47.2690210761609],[4.9787286398194555,47.26902012617082],[4.97864488191971,47.26901984406646],[4.978533024228689,47.26902175226475],[4.97863558199501,47.26925234046192],[4.978716461647654,47.26943313866278],[4.978745635158607,47.2694924363995],[4.978770155062594,47.26952236606723],[4.978794123601206,47.269558879033156],[4.97880178260384,47.26959440950192],[4.978801508357649,47.26963007531766],[4.97880154812751,47.269631155279654],[4.978807838617496,47.26976964009961],[4.978889103190555,47.26991774222628],[4.978921850458853,47.269977068994656],[4.979023156872974,47.27005503771883],[4.979032855845024,47.27005973511084],[4.979042485212477,47.27006254256898],[4.979054428285603,47.27006350948066],[4.979065901771294,47.27006250322957],[4.9792052740718065,47.270031668179584]]],[[[4.980311956622106,47.27264026508417],[4.980321607127298,47.27267594153887],[4.980331989338513,47.27272070088397],[4.980347288317655,47.272748086048594],[4.980702184148107,47.272673675859195],[4.980863868084984,47.272634173042604],[4.9809424419323785,47.27261211889721],[4.9809644173815935,47.27260525975229],[4.980993783839825,47.272594312027685],[4.981022323736598,47.27258247787892],[4.981054340873066,47.27256806284087],[4.9811003167609575,47.27254467421009],[4.981184714832592,47.27249757564512],[4.9811963830629615,47.27249107261248],[4.981211631399026,47.27248477858812],[4.981250772139216,47.27246979155067],[4.981295483018865,47.27245515962065],[4.981391427526461,47.27243055711191],[4.981516746408439,47.272405993034255],[4.981570433110316,47.27239796166009],[4.981608728817156,47.272392354483806],[4.982086753135294,47.27233096533503],[4.982227721358865,47.27231099594014],[4.982249412721847,47.27230720321576],[4.9822750011813195,47.27230145276545],[4.982334355677859,47.27228566963433],[4.982362231242464,47.27227735858219],[4.982415132524333,47.272258803989914],[4.982460470252837,47.27223965821849],[4.982519363071489,47.27221136546015],[4.982467003078656,47.272083213881224],[4.983184196055436,47.271984772558575],[4.98325883303299,47.271974401008826],[4.983262412028349,47.27193156443974],[4.983267356563569,47.27187195458461],[4.983321005606177,47.27178764777836],[4.983327833560055,47.271779066004406],[4.98334122233681,47.27176541910642],[4.983356634359897,47.271752818251585],[4.983372129424233,47.27174246731029],[4.983383870309063,47.271737943981435],[4.983729354619692,47.2716669271728],[4.984162838635897,47.271549737477706],[4.984597473056997,47.271474491360564],[4.985098958182511,47.271393056496784],[4.98573695946799,47.27128947057779],[4.98572412314519,47.271242862508714],[4.985698953665238,47.27115251946328],[4.985680645618636,47.27108673360964],[4.985662747592122,47.27102130094687],[4.985684448169455,47.27101777756802],[4.985651316084556,47.27095899950414],[4.985618147489998,47.27089923146688],[4.985591166076746,47.27083503493273],[4.985560672158362,47.27076171306163],[4.985490395849587,47.27060000924835],[4.985467530119491,47.27055051100911],[4.98543555531212,47.27049081253583],[4.983311957374947,47.2707359782586],[4.983312445112556,47.27072768499991],[4.984648344356323,47.27057353628086],[4.984502791779338,47.27037250580057],[4.9852820496834545,47.27025722968438],[4.985157989967345,47.270079336063084],[4.98509889499526,47.26999461651588],[4.985025932334682,47.26988906174755],[4.984991124204461,47.26983859710317],[4.984940712075884,47.269763274552325],[4.984881144671489,47.26967649174866],[4.9848531421611435,47.26963833798651],[4.9848231630291835,47.26960039815023],[4.984809614442617,47.26958820261325],[4.984794968954075,47.26957854734483],[4.984778399996948,47.26957054595363],[4.984758317599594,47.26956413559317],[4.98471449201577,47.26955966243119],[4.9846703861168065,47.2695583459235],[4.984625993247147,47.269560006076404],[4.984582503384597,47.269564622528144],[4.984556069970859,47.26956894712116],[4.98442838909205,47.26959382521988],[4.984121056344403,47.269655006314075],[4.983907482810674,47.26970782887112],[4.983711929446414,47.2697542191884],[4.98346553833523,47.26981048390555],[4.983215146851184,47.26986591595599],[4.983039236226714,47.26990683619917],[4.982873001375744,47.26995182326914],[4.982708469132333,47.2699999328619],[4.982333417244736,47.27011918051859],[4.982294975569715,47.27013154447223],[4.982144184546097,47.2701863525101],[4.982035249018854,47.2702245056459],[4.981997957366439,47.27023576920461],[4.981959415946421,47.270245433144886],[4.98192395822549,47.270252612936396],[4.981673138259038,47.270296522068584],[4.981170624124165,47.27038219233304],[4.980739630574146,47.270437641843195],[4.9805844961006915,47.27046082318406],[4.980429388028885,47.27048472429129],[4.9802312498231505,47.270525749559134],[4.979837929499878,47.2706234178896],[4.979907176744343,47.270865379948035],[4.979788655965131,47.270880460766],[4.979733503192953,47.270891758286254],[4.97972564601302,47.27089396362287],[4.979716638605096,47.2708972692316],[4.979707687563828,47.270902104784575],[4.979694175397548,47.270912421387806],[4.979688834191412,47.270918275966466],[4.979684346011728,47.270925736945735],[4.979680479971351,47.270939310934146],[4.979676688405405,47.27099800038018],[4.979689305864104,47.271232734207],[4.979710273053065,47.2713170264793],[4.97972913179859,47.27137640995894],[4.979749135055689,47.2714129904056],[4.979794744407068,47.27154125834933],[4.979881841853324,47.27168592823348],[4.9799479290439175,47.27183131691144],[4.979963912480922,47.27192037697353],[4.979978843940857,47.27200243082942],[4.980019098503535,47.27212538687991],[4.980025364304785,47.27216616412605],[4.980029246708293,47.27220689200396],[4.980063733335813,47.27224871840525],[4.98010319246199,47.27229622332248],[4.980133913977158,47.27236512997231],[4.98013433055946,47.27236566318053],[4.980196062377892,47.272511306161654],[4.980268692060024,47.27256490867947],[4.980311956622106,47.27264026508417]]],[[[4.980847327604976,47.273606761062446],[4.980890713667907,47.273663834355396],[4.980934347206806,47.2737168510081],[4.980960687821172,47.273742246457125],[4.9809909124406335,47.27376532423585],[4.981013268100638,47.273779531068726],[4.981029361466061,47.27378537984019],[4.981044971869222,47.27378889547242],[4.981061315933669,47.273790777613215],[4.981077593634794,47.2737908598194],[4.981093814925711,47.27378941208082],[4.981109566520321,47.27378599118971],[4.981124468315197,47.273781053904635],[4.981434129140556,47.27365311204691],[4.981502498193732,47.27362339723503],[4.981559459359005,47.273596488812075],[4.981699354124593,47.27351503205339],[4.981740774485523,47.27346497518009],[4.981825120265864,47.27345948171043],[4.981897869051035,47.273430142091335],[4.98219749268736,47.273320740491],[4.982313714073167,47.273264722333096],[4.982485055897495,47.27313193705874],[4.982598826712589,47.2730740693621],[4.982699725775704,47.27302236509199],[4.982750388522494,47.272996914517876],[4.982823956119302,47.272968280723575],[4.983084324231424,47.27290313361642],[4.983182977685638,47.272887398601036],[4.983384241316474,47.27285559049812],[4.983465644409919,47.27283492710983],[4.983615862784102,47.27279669713546],[4.9837688411291206,47.27275796949259],[4.983877261407195,47.27268425255118],[4.984036887272793,47.272578321052535],[4.984136626309686,47.27250601309125],[4.984198444872372,47.27248172183022],[4.984690609051313,47.27227662489695],[4.984721828334144,47.27226213242347],[4.984836957812894,47.27220892197039],[4.984968678889235,47.27214281997999],[4.985091541983772,47.27208407370809],[4.985221981626888,47.27202627826636],[4.985325538919861,47.27198218066254],[4.985362327998104,47.27196804294205],[4.985405033992433,47.271952903394975],[4.985448173221547,47.27193874700415],[4.9854866453932045,47.27192719198376],[4.985525544157289,47.27191644012921],[4.985735694458428,47.27186745561568],[4.985796063868102,47.27181473137691],[4.985803376078278,47.271668899627606],[4.98579023139031,47.271560249985676],[4.985770151486757,47.271392824076464],[4.985740448820858,47.27129796592351],[4.984599815425804,47.271484177057346],[4.984165511141042,47.27155761646507],[4.983981038283372,47.27160327722084],[4.98372529019604,47.271675101494864],[4.983388849694003,47.27174380236202],[4.983375995179049,47.27175041596279],[4.983364760592494,47.27175790239649],[4.983353189119034,47.27176701555126],[4.983344387745363,47.27177590123123],[4.983337943185271,47.27178411623681],[4.983290106223879,47.271853825071126],[4.983284124760982,47.2718638332232],[4.9832837613001,47.27186473997215],[4.983278649593897,47.27187680448082],[4.983276324604154,47.27188909150031],[4.983273079188174,47.27193021135209],[4.983268999158745,47.27198098118938],[4.983188458479719,47.271992714434205],[4.98318727508351,47.27199291477458],[4.983027320552732,47.272014650813304],[4.982789558632112,47.272046902173756],[4.982704640982072,47.27205834968692],[4.982482679490865,47.27208852925518],[4.982531799662478,47.27221493513524],[4.9824408770023565,47.272257283344736],[4.982413497753257,47.27226828753513],[4.982407630532679,47.27227063914676],[4.9823735475184,47.272282838542125],[4.9823229034438254,47.27229802256325],[4.982307559005352,47.2723017068317],[4.982270569687355,47.27231044378341],[4.982245741386922,47.27231528070804],[4.982170380094843,47.27232755509183],[4.982116323429439,47.272336313495664],[4.981996027430563,47.27236790661692],[4.981945539173678,47.27236579756095],[4.981920158116955,47.27236641135169],[4.981649713289422,47.272395076320755],[4.981578205735104,47.272404222662104],[4.981500460747958,47.27241644727483],[4.981451170720437,47.272425304042386],[4.981395279763138,47.2724381458416],[4.981335111544049,47.27245340206342],[4.98132173381823,47.27245660233774],[4.981296581688524,47.27246342576143],[4.981265205397689,47.272473687469],[4.981231531952641,47.272486239738704],[4.981195994533069,47.27250206575615],[4.981123601670821,47.27254103458889],[4.9810932476240195,47.27255749246859],[4.981058953259642,47.27257473806452],[4.98101090763616,47.27259582064012],[4.980961195605161,47.27261477037479],[4.980909813852923,47.27263149726978],[4.9808575424830295,47.272645627787455],[4.980778082287301,47.272665175516686],[4.980689491637864,47.272684698996535],[4.9803515205307605,47.27275521805591],[4.980377203763589,47.27281664618001],[4.9803989586353605,47.272868415612216],[4.980440695997063,47.27296694173989],[4.980508425284538,47.27308141375781],[4.9805333890045915,47.27312331256471],[4.980537264390709,47.27313153129732],[4.980670733076887,47.27332799991922],[4.980750496278398,47.27346739117558],[4.980805843469152,47.27348283573293],[4.980794160815484,47.27353202422523],[4.980847327604976,47.273606761062446]]],[[[4.982032388168329,47.27462339129018],[4.982031164871423,47.274622511659835],[4.982024942151943,47.27461523361809],[4.982015949178842,47.27460818301766],[4.981954980277988,47.27456951127302],[4.981896177538722,47.27453575541706],[4.981873844567949,47.27452217873466],[4.981841625692517,47.274498865092184],[4.981809634249309,47.27447095483777],[4.981677904672834,47.274278780344375],[4.981718485629367,47.27427052257202],[4.98177924974991,47.274357466498365],[4.981836664546918,47.274439694793614],[4.981846977025186,47.27445023494132],[4.981870349005587,47.27447045781967],[4.981898468106227,47.27449023937143],[4.982009540468703,47.274552819698144],[4.9820180736557,47.274558167142935],[4.982033116701359,47.274567815964],[4.98204701945368,47.27457883506687],[4.982061008529608,47.27459219407855],[4.982073047315594,47.27460648694686],[4.982083519230252,47.274621346907594],[4.982094200309308,47.2746418766503],[4.9821008811998535,47.27466157421291],[4.982098760193537,47.27473320281706],[4.982094989450972,47.27484619406433],[4.982141116805193,47.27495599127934],[4.982259800234145,47.274934331556345],[4.982362854579828,47.27491942264549],[4.98262082137949,47.27488574643855],[4.982907627458274,47.27484833474323],[4.983050914780552,47.27485876284986],[4.983050519969714,47.27486957599612],[4.983119345723214,47.274895235233814],[4.983188867208462,47.27492898733434],[4.983306279503646,47.274937426070686],[4.983384583891984,47.274929513309736],[4.983721511548831,47.274884218418215],[4.983922965107116,47.274857359214145],[4.98458455250486,47.274746352956086],[4.984924622734018,47.27468947393321],[4.985218017088254,47.27464780128434],[4.985859177149921,47.27454272057209],[4.985868618078508,47.27454039766077],[4.9858772190414165,47.274536828381464],[4.985886126890746,47.274530822405765],[4.9858926146330065,47.274523777221674],[4.9858958855462125,47.2745156164164],[4.985896369593037,47.274507233163106],[4.985894136627772,47.27450051738732],[4.9858907468324745,47.274494721950845],[4.985869617288429,47.274427813803584],[4.985857919426783,47.27439055185715],[4.98583669105362,47.274310227436985],[4.9858359783657535,47.274301684564605],[4.985827633231245,47.27419403350337],[4.98581667600782,47.274069407060814],[4.98580357306332,47.27397264385218],[4.985793133719668,47.27391572870396],[4.985765845707439,47.27378958075424],[4.985745582259496,47.273735355278305],[4.985715192016121,47.273675629794724],[4.985654041647929,47.27355690556211],[4.98523832998467,47.27362903979352],[4.984106110083877,47.273807986807505],[4.983294461930469,47.273929030847306],[4.983291439248187,47.27392241858185],[4.984104250801404,47.27380063423415],[4.985234794007382,47.273619284489676],[4.985651358847533,47.27354875662595],[4.985620652862212,47.27348048144591],[4.985589811523958,47.273397800025094],[4.98552910635704,47.27322665700277],[4.9854979678892954,47.273114443111986],[4.985480566325497,47.2730087480802],[4.985458390821154,47.272870535410966],[4.985455034442993,47.272790445292976],[4.985451937462408,47.27271737490164],[4.985446202440458,47.272583653634136],[4.985472572639829,47.2724809015175],[4.985511869800694,47.27234127634727],[4.985596143222103,47.272183500911034],[4.985676694553743,47.27204316943721],[4.985778370110172,47.271894461481686],[4.985570529979057,47.27194151540121],[4.985511980148191,47.271957556599205],[4.98525544705325,47.272051100566664],[4.985177744623838,47.27208593036066],[4.984803491557575,47.27225929419966],[4.984723121460977,47.27229714108809],[4.984517952399055,47.27240583397267],[4.984186726574938,47.27255135347771],[4.9840816889533315,47.27260916346118],[4.983700687209928,47.27284720730836],[4.983671757721212,47.272859228891896],[4.9836571368151725,47.272861009841854],[4.9834825490059185,47.27288425745894],[4.983277588915747,47.27291270690595],[4.983038651606596,47.272956235468875],[4.982985870867013,47.272967313841406],[4.982787658262467,47.27306030537453],[4.9826786110990176,47.27309557917904],[4.98258507475733,47.273153191155835],[4.982455302053691,47.27323996929061],[4.9823985774634485,47.27327326791571],[4.982247316503204,47.27335861198217],[4.982195283822751,47.27337922285344],[4.982028215949934,47.27343421860884],[4.981934872502694,47.27346481073812],[4.9819223609741865,47.27346997744949],[4.981818361497402,47.27351299880731],[4.981700046064757,47.273566080461784],[4.981610336973991,47.273630650381214],[4.981553799042413,47.273658272024846],[4.981553028890824,47.273658915554655],[4.981066933506745,47.27384624454908],[4.981059896695662,47.27390300824654],[4.981059105609073,47.27396768001438],[4.981021321618361,47.274073327438416],[4.981067085584301,47.27420564459057],[4.98069966688904,47.274274416060756],[4.980709434524148,47.274367094181116],[4.98038740899945,47.274428965881945],[4.980234762407449,47.27461690146693],[4.98016106705796,47.27468524919351],[4.980134967060416,47.27470946879285],[4.98013542003116,47.27476484379489],[4.980121601126672,47.27478840347683],[4.980061927953454,47.27484948761181],[4.9802591740751,47.274869984562685],[4.980343702679173,47.27488015835396],[4.980606254460812,47.27493853282649],[4.980813406399308,47.27499082860424],[4.980851134376781,47.275002071367126],[4.981066616883609,47.27509726988994],[4.981210913066793,47.27515658195431],[4.981262481451436,47.27513408838738],[4.98128204780398,47.27512645987493],[4.981436209542438,47.275098071397565],[4.981509108375406,47.275083498253814],[4.981671524375622,47.27503137450228],[4.981672307822644,47.275031090958244],[4.98179057830666,47.275008988510294],[4.981885018346421,47.27499728901377],[4.9820109505224295,47.27498919379646],[4.982072714836576,47.274974090118704],[4.982082001590184,47.274956821310894],[4.982080396417589,47.274924069346895],[4.982059676418696,47.27484661736414],[4.982060062849568,47.27473872693174],[4.982052966856684,47.2746647343305],[4.982032388168329,47.27462339129018]]],[[[4.9811987551613335,47.27714138215394],[4.98127124148798,47.27729854765822],[4.981215205485564,47.27760901742263],[4.981198146459239,47.277609308772895],[4.981196482960126,47.277628788664344],[4.981195760725855,47.27764149849358],[4.981198605103567,47.27769710276151],[4.981212692543078,47.277723878108],[4.981229767928834,47.27774555944503],[4.981244001686242,47.27775477192489],[4.98127632538919,47.277759352886086],[4.981301224207523,47.27776712246057],[4.981331616722431,47.2778377453487],[4.981308468206844,47.277909732972674],[4.981247169776916,47.27794833207726],[4.981558775556888,47.27822766767537],[4.981736556451646,47.27838735675129],[4.982230557551198,47.278832874449904],[4.982769012810877,47.2792887068433],[4.982884587369861,47.279225585317334],[4.982965906872019,47.27918087974067],[4.983195867918289,47.279054746517716],[4.983303682923437,47.278996530023086],[4.983680693658333,47.27877818868988],[4.983749009467973,47.27873613633067],[4.983917481294103,47.278632755893454],[4.984039674884534,47.27853394894033],[4.984185470120053,47.27841852858055],[4.984278119791069,47.27833670641661],[4.984365705984498,47.27824677594404],[4.984391825737537,47.27822309540601],[4.9844700906332315,47.27816025021074],[4.984582349598304,47.27807196870372],[4.984712064044597,47.27798338843305],[4.984810907961798,47.27791884010075],[4.98383062372999,47.27718357403386],[4.984005824839921,47.27725180977976],[4.984125444957387,47.27729839258445],[4.984122014076075,47.27730223350334],[4.984164721031021,47.27731924351736],[4.984245287973334,47.27735100502344],[4.984283004311462,47.277308124895676],[4.984347394000365,47.277235070904375],[4.984473725353504,47.27728063801861],[4.984490104985958,47.2772727032803],[4.984525782982153,47.277303611558615],[4.984774394698415,47.27717760610514],[4.9846919216702235,47.2771049933903],[4.984839432557629,47.276982428488814],[4.985025057176302,47.276827782583354],[4.98482313761284,47.27671326787674],[4.985026111371388,47.276544727035734],[4.985213310813176,47.2763897836577],[4.985250809902505,47.27637329251281],[4.985483283468926,47.27617596918724],[4.985650013943476,47.27630504338694],[4.985997454559855,47.27657618958796],[4.986047743184563,47.27649761258134],[4.98611818828388,47.27640590286277],[4.98618252781995,47.27633158787692],[4.985891535099174,47.2758799995281],[4.985819939783703,47.27585465947399],[4.985414757958138,47.275223927435896],[4.985550478943208,47.27520143239994],[4.985969092370113,47.27513230943153],[4.986607063163855,47.275026738963355],[4.986600579505601,47.275023157815205],[4.986310566589587,47.27489862752066],[4.986150265194141,47.27482527726832],[4.986116203829974,47.27480586862491],[4.986085226271016,47.27478397572944],[4.986057752504046,47.27476022176714],[4.986040439095767,47.27474286773554],[4.986025079257808,47.27472466977296],[4.9859442916580345,47.27461168513247],[4.9859364716355845,47.27460416447828],[4.985923857966934,47.27459582535991],[4.985910163976324,47.27459047649795],[4.985892969553855,47.27458707868445],[4.9858766816253,47.27458672716455],[4.98556336669537,47.27462640109852],[4.985215717024363,47.274682241038064],[4.985082394032978,47.27470514493644],[4.984928948954058,47.274731364771164],[4.9848090337302615,47.27475187763593],[4.984434339199238,47.27481709324481],[4.98392260657583,47.27490140142465],[4.98353138268522,47.27495978256952],[4.983314903705106,47.27498824878768],[4.983153720308294,47.275009195354095],[4.983104867098402,47.274976170525186],[4.98305858681181,47.27494832478177],[4.982943260172202,47.274899596315834],[4.982341516231108,47.2749866068469],[4.982184404122694,47.27502108052819],[4.982178460337757,47.27504288493594],[4.982183698869466,47.275055763090386],[4.982142953285388,47.27511337301984],[4.982118406138925,47.27519042780633],[4.982105897868072,47.27528177544619],[4.982106932181514,47.275342093458136],[4.982107518209783,47.27536873920957],[4.982110413046914,47.275382647999464],[4.982124120316927,47.275431402749184],[4.982136743645143,47.27546153499451],[4.982221496498267,47.275563828088295],[4.9822742422792015,47.27562704465582],[4.982319942002898,47.27568218676521],[4.9823229214990885,47.27568762909658],[4.98233357631797,47.27570743883628],[4.982350326643729,47.27578486854161],[4.982369800212439,47.275979140819224],[4.9824201532403745,47.27606356072297],[4.982515775163665,47.276051570389306],[4.982642148859854,47.27647491207196],[4.982775936915926,47.27664732860693],[4.982885577078058,47.276789269511355],[4.982909759045279,47.276820644940045],[4.983016927703699,47.27685258292297],[4.982826514844482,47.276899153439324],[4.982767910807786,47.27692464962871],[4.982750538659911,47.27694872061361],[4.9827362738057355,47.276970937420124],[4.982723315331372,47.27699628375821],[4.982713454194172,47.27701950593031],[4.9827127670373255,47.27702239937822],[4.982706158156645,47.27707996628952],[4.982701678343658,47.277098413714334],[4.982695204975581,47.27711662505291],[4.982690296729937,47.27712346293525],[4.9826830214605895,47.27713070148698],[4.982674929505789,47.27713732362433],[4.982665614184326,47.27714306613836],[4.9826538853423985,47.27714794937038],[4.982646457296148,47.27715104808315],[4.982617355883163,47.27715847956389],[4.982591848171761,47.27716647998959],[4.982554678013083,47.27718116356057],[4.9824921280585635,47.2772180737424],[4.982432916037592,47.27724862312039],[4.982260340204122,47.2772730049117],[4.98220249400639,47.27728678093497],[4.982171184691441,47.27727741008203],[4.98212662761429,47.277264033086],[4.982029914525795,47.27726802696473],[4.982027949166747,47.27725779448167],[4.982010820324546,47.27714858246697],[4.981986568819787,47.27698618065076],[4.981949684112413,47.27698708101214],[4.981942896767536,47.27698602628596],[4.981937246455688,47.276983511281564],[4.981932753096287,47.276980075977896],[4.981930213442738,47.27697579681551],[4.981929664013006,47.276971663755695],[4.981932175431297,47.27694289387724],[4.9819351682134245,47.27690565077335],[4.981929695507166,47.276875666508346],[4.981936252101902,47.27685970512267],[4.981935579838467,47.27685224219295],[4.981941336357394,47.276836114370056],[4.981925139056324,47.276805953126306],[4.981923158791292,47.27678455429768],[4.98192239689541,47.2767746614626],[4.98191558799702,47.27676226039984],[4.981901453980944,47.27675574789319],[4.981883905577808,47.27671048078902],[4.981876675112074,47.27664360473687],[4.981874686603411,47.276568174122076],[4.981872337930261,47.27645069480797],[4.981872859139091,47.27644330153952],[4.981871396783791,47.276435942160404],[4.981868387414442,47.27642968985061],[4.981863811113185,47.276424004631075],[4.981858481223876,47.276419412924994],[4.981852377828287,47.2764153747532],[4.981844304149193,47.276411730455976],[4.98183546692289,47.27640890968215],[4.981827469597647,47.276407335303226],[4.98181791861879,47.27640668799946],[4.981808014082484,47.27640721742706],[4.9817141490562875,47.27645609896387],[4.981689911348828,47.27646623877758],[4.981683170546467,47.27646644398702],[4.9816727663838245,47.27646419028872],[4.981665843016115,47.27645944568957],[4.981649704122858,47.27642009798227],[4.981655862422812,47.27639333702896],[4.981648979000375,47.27636814966775],[4.981639122972478,47.27629465451245],[4.981634191649332,47.27625781693715],[4.981624345619753,47.27618459176684],[4.982044824251243,47.276144178319406],[4.982065634112553,47.27613796928662],[4.982325812127376,47.276002676016404],[4.982299562099304,47.27589370991136],[4.982297440680596,47.275879247591384],[4.982292738857117,47.27573028981233],[4.982288451289207,47.275710911579644],[4.982282806000155,47.275697770223076],[4.982255994048518,47.2756704019503],[4.982091824801293,47.27551363289975],[4.982088169750411,47.2755006376326],[4.982080955863727,47.275455734270025],[4.982061991797363,47.27538284501309],[4.982060409677356,47.275286154845446],[4.982071072254163,47.275187814595],[4.982117892551665,47.27501510286509],[4.9819370660298965,47.275041606474225],[4.98190515388653,47.27505890163089],[4.981864328363161,47.2750713060849],[4.981846196223351,47.27507476774342],[4.981725719703713,47.27509087436547],[4.981639832616936,47.275108461182604],[4.981534594899794,47.27513952627033],[4.981454483889351,47.27516304784481],[4.9814087433136995,47.275182109980136],[4.980909444963105,47.27543162009817],[4.980775351484009,47.275530627103635],[4.980676017018865,47.275614181656515],[4.980649781684491,47.275667040589795],[4.980648310972096,47.275670217564155],[4.9806361532814805,47.27570653648899],[4.9806336782299265,47.275714773591304],[4.9806422232176715,47.27578504929434],[4.980703946588508,47.27595185453951],[4.98071373919154,47.27598059440562],[4.980741827398792,47.27606413442267],[4.980768668768318,47.27624306205209],[4.9807766485448735,47.27628723196135],[4.980840346354582,47.2763783587262],[4.980845339164187,47.27638457719102],[4.980975423240789,47.27654283055273],[4.981013038805516,47.2765940588088],[4.981037145893124,47.27666650014022],[4.981052719607657,47.27673359395408],[4.981070399385435,47.276825506474296],[4.981106460599052,47.276942229902644],[4.981122859909932,47.276977881045426],[4.9811987551613335,47.27714138215394]]],[[[4.978537907631534,47.27754097509335],[4.978544896423531,47.27761217792993],[4.9785968832365874,47.27775186408165],[4.9787118721749914,47.27787759798582],[4.978851239634852,47.278029301469616],[4.978854116152273,47.278031953992596],[4.978905850421342,47.278078529438744],[4.978967880826102,47.278135195266124],[4.979113708963056,47.27821438555942],[4.979193795766497,47.27825471376677],[4.979217078887725,47.27827250724263],[4.9792539667768,47.27829322044923],[4.979131571556505,47.278343667175086],[4.979238054824443,47.27842163745268],[4.979391203287644,47.27852708805939],[4.979470631111169,47.27858183581695],[4.9795394589623605,47.27862901983883],[4.97959701759621,47.27859660910886],[4.9796810895281185,47.278669648301886],[4.979831075686795,47.27860306088701],[4.979833565503534,47.2786059901454],[4.979917779124373,47.27867209266732],[4.979975887098629,47.2787299956079],[4.980038951653561,47.278793127050356],[4.980067329210855,47.27877679334318],[4.980191808844655,47.27890137324618],[4.9803216356580915,47.27903099476362],[4.980345078720538,47.279053107836894],[4.9804030979968354,47.279108580650586],[4.980622663794367,47.27931411546846],[4.980736690066445,47.279424284678306],[4.981333515932908,47.27999907755405],[4.981769431430183,47.27980594215644],[4.981816276390949,47.27978442967966],[4.981884216457172,47.279753641538136],[4.981935325833953,47.279729354564616],[4.982129914197315,47.279634265835746],[4.982139293094758,47.27963023330164],[4.982141336543063,47.27963181934245],[4.982285578762377,47.279560193890326],[4.9824539880193885,47.27946573203312],[4.982550438831558,47.27941149271076],[4.9826920105589,47.27933207774369],[4.982760464023046,47.27929371582714],[4.982436686604587,47.27901837359997],[4.982208802063969,47.27882424087858],[4.982147263785936,47.27877026991308],[4.981918136375864,47.2785639106469],[4.981648357175027,47.27832087333065],[4.981570343545771,47.2782507037829],[4.981443053522056,47.27813607914617],[4.981362980468484,47.27806387341734],[4.981223774810276,47.27793828547766],[4.98126562025396,47.27792118112024],[4.981303136678741,47.277894334892785],[4.981315654865371,47.277835496487256],[4.981288394545402,47.277774455785575],[4.981267169112178,47.27776941511669],[4.981226514227484,47.27776497644203],[4.981214664124812,47.27775581330287],[4.981196566309006,47.27772793575847],[4.981178115223143,47.27767971223305],[4.981166729128911,47.27760777411887],[4.981190995143125,47.277512263556304],[4.981203111524586,47.27746405828933],[4.981224534542209,47.277323749792515],[4.981220589330509,47.27729211845983],[4.981191296021009,47.2772297616527],[4.981077235641631,47.27698937655485],[4.981073150834715,47.27697548807367],[4.981046240342573,47.276880851497666],[4.981018196565186,47.27676624246177],[4.980999933995824,47.27669081961786],[4.980980530738267,47.27663828975774],[4.980955214777342,47.27659765783288],[4.980944392529985,47.2765840645082],[4.980808540677708,47.27640933981834],[4.980755604847053,47.27635170916365],[4.980708763891396,47.27630865308435],[4.980706406886375,47.27615857466523],[4.980706329159354,47.27614569838607],[4.9806876572574845,47.27606992226166],[4.980677333821421,47.27602678294708],[4.980608403858449,47.275836776962194],[4.980591771087963,47.275805542334915],[4.98058706227388,47.27579625720132],[4.98057765566637,47.27573491147428],[4.980589994998047,47.27567121328101],[4.980586720947248,47.27563623848572],[4.980544309783567,47.2756379532018],[4.980088723681818,47.27580278369016],[4.980059987476081,47.27582011415628],[4.980036926602603,47.27582987332602],[4.980018295847184,47.27584135793581],[4.979992017149012,47.275925375842995],[4.97999072063363,47.275976368072186],[4.979992786329509,47.27600010685155],[4.9799899986441885,47.2760214069841],[4.979980807213596,47.276041285517344],[4.979978756561055,47.27606104216486],[4.9800029352260635,47.276081611849634],[4.98001548123612,47.276109674396835],[4.9799836109550455,47.27612813897274],[4.979966510547602,47.27613806654565],[4.979936252819929,47.276178746716205],[4.979906045593227,47.27619925410618],[4.979839350845257,47.27630683528428],[4.979758955356166,47.27640888684219],[4.979749402312198,47.2764189557292],[4.979699339660769,47.27647159068843],[4.979672197668642,47.276499880322405],[4.979605933794729,47.2765653091141],[4.979557162613382,47.276609907234956],[4.979505101581578,47.276651409613265],[4.979481442448994,47.27666649200564],[4.979445138160813,47.27668314096827],[4.979375307674432,47.276727197830155],[4.979320025107387,47.27675668797012],[4.979245212830226,47.27680560256857],[4.9791405428156,47.27693841572196],[4.979097655365101,47.27698111218378],[4.9790822076931285,47.27699281248049],[4.979019896410651,47.27705781325482],[4.978963717111022,47.27708452686408],[4.9789041562350675,47.2771164311591],[4.978880837096637,47.27712997671699],[4.978822935917685,47.27716383382339],[4.978679924154172,47.277258037410085],[4.9786690413940615,47.27726434665007],[4.978600984313964,47.27730269941786],[4.978502647761678,47.277381191942546],[4.978468086299056,47.2774128497207],[4.978489201568089,47.27744725007886],[4.978529614290599,47.27752058444197],[4.978537907631534,47.27754097509335]]],[[[4.980346446921354,47.28390432886773],[4.980376698864265,47.28391723036025],[4.980417726603269,47.28393165890677],[4.980485191862785,47.283941673808314],[4.980691384833588,47.283956254406064],[4.980752679638652,47.283960431006186],[4.981050554330957,47.28398497242558],[4.9813056114588,47.284011144848435],[4.981380652104987,47.2840220204451],[4.981552512346033,47.28408527412543],[4.981610553418485,47.284108867227935],[4.981677872957695,47.284136444252496],[4.981861553996328,47.28421876690095],[4.982164084416587,47.28433715117145],[4.982298636621038,47.28437915831038],[4.9824142102133635,47.28440176799495],[4.982460494764872,47.284408001243534],[4.982487078460725,47.28440754699014],[4.982557718615157,47.28439598379671],[4.9826242880597915,47.28438169848276],[4.9826838399892095,47.28436014871433],[4.982773982752802,47.28431763409276],[4.983089378075937,47.28411763901321],[4.983176705673072,47.28405265893912],[4.98321184481212,47.284025852855514],[4.983323472135351,47.2839308298466],[4.983362120269946,47.28389153641501],[4.983616452011932,47.28358623109542],[4.983833788337788,47.28331127524569],[4.983936730457135,47.283163899175825],[4.983990803939294,47.283101558303585],[4.984009520696047,47.283081606662755],[4.984040895154064,47.28304964160461],[4.984064766445975,47.283029511749724],[4.984120213627556,47.28299362290937],[4.984206544909496,47.28295549482378],[4.984264024394067,47.28293163825999],[4.984297773484435,47.28292097508349],[4.984378575310285,47.28289437817696],[4.9846442195583665,47.28280959686271],[4.984765085938341,47.28276061150368],[4.984913310620558,47.28268918498757],[4.985078319490207,47.28260999667953],[4.985447940667581,47.2823845724297],[4.985558335234624,47.28231010028641],[4.985595220579273,47.28226615344565],[4.985618455607832,47.28222883399482],[4.9856012267846435,47.28217086451142],[4.985636735121705,47.28216485358114],[4.985969146796969,47.28193177951211],[4.9860635423601884,47.28186487503017],[4.9862373969187,47.281767342806],[4.986036829516565,47.28148593845154],[4.985976003021409,47.28140845340016],[4.985919060156479,47.281339366832235],[4.985865787100826,47.281283635336926],[4.985808386120227,47.28123436825116],[4.985707660848208,47.281172965110144],[4.98536823123318,47.28100118969698],[4.98534800286221,47.28101243230892],[4.985343649035051,47.281045016003766],[4.98528571014101,47.28108860266342],[4.98524114847508,47.28111818224314],[4.98515588272809,47.28117430358388],[4.985063539554692,47.28122154064693],[4.984961184411443,47.28126642745192],[4.984775722545259,47.28133993206781],[4.984409595543367,47.28157384962285],[4.984300658260586,47.28164478369782],[4.984241368067517,47.281684070364506],[4.984131553739888,47.28175276794359],[4.983969848497118,47.28184612684358],[4.983902733720193,47.28187780257282],[4.9837993203116255,47.28191559220771],[4.983674737956078,47.28196067779924],[4.983526554198284,47.2820009437033],[4.983458872754006,47.282028036148866],[4.983447408116219,47.28201859648166],[4.98362268483095,47.28194869024673],[4.9836246519823675,47.281948206346314],[4.9838745501944635,47.28185640163403],[4.983915521253893,47.28183706001164],[4.9840767467186256,47.28174145806641],[4.98425011252879,47.281630609370914],[4.984348643415811,47.28156813822795],[4.984410723950204,47.281529163983855],[4.98456974444339,47.28142765552235],[4.9847462589380305,47.28131612180104],[4.984915829836069,47.28125306512562],[4.985006868850298,47.281213505014726],[4.985079360365413,47.28117696379469],[4.98511157210475,47.28115696113223],[4.985307189257611,47.281036004266404],[4.985307753273135,47.28102978094736],[4.9853255162702474,47.280779939687314],[4.985325379913713,47.28077624984153],[4.985329949905519,47.280749515899366],[4.985338194663601,47.280714794390576],[4.985343834172237,47.280695516555824],[4.9853611161590425,47.28063677629679],[4.9853967775572485,47.280548994527834],[4.985454914880299,47.28040337415441],[4.985463448864342,47.280376482305556],[4.985504621497654,47.28024448010736],[4.985545546863551,47.28011653450942],[4.985611297284566,47.27994061589457],[4.985612034215611,47.27993907237685],[4.9856455238692945,47.27985700101496],[4.985680834116707,47.27977048586926],[4.985720192345177,47.279675346363256],[4.9857496934614325,47.279603519242144],[4.985759944734598,47.279569393705444],[4.985747239073379,47.279451191220254],[4.985728349354053,47.2793697462437],[4.985672226352825,47.27909721527722],[4.985637490320906,47.27898443283539],[4.985564445479308,47.27886627251856],[4.985441376405283,47.2788983666432],[4.985255402250907,47.278947026327344],[4.984876768341649,47.27904608013056],[4.984860810372722,47.279033205404595],[4.984859977010956,47.27903213902495],[4.984718635185866,47.27892424212323],[4.984392396289956,47.27867920516845],[4.984977130044523,47.278205967377865],[4.984796206222191,47.27804741751468],[4.984223347576899,47.278551969928756],[4.984235605067775,47.27856139596076],[4.984128347882063,47.278656165421545],[4.9840249558239655,47.27873736068954],[4.983915746691947,47.278811541138985],[4.983639776229619,47.27894944908218],[4.983451006420621,47.27905146511997],[4.983067123560795,47.27925578476549],[4.982941923111072,47.27932699569051],[4.982817852746447,47.279396566200596],[4.982559575265187,47.279540742906335],[4.982130892537304,47.27977914456043],[4.981904717316005,47.27990043804827],[4.981650018998545,47.28002338899651],[4.981425377273204,47.28013249814282],[4.981017425596777,47.28033046776653],[4.9809394145767705,47.28036809126713],[4.980932407811177,47.28036109672227],[4.980776782196408,47.28043633678108],[4.980781342133673,47.280441572052275],[4.980617391105287,47.28051713414391],[4.980610791058782,47.28051040279563],[4.980459230156351,47.28057746824064],[4.9807132597296375,47.280834645269486],[4.980781486301378,47.28093001721041],[4.980859733203163,47.28101720329792],[4.980948757056563,47.281116722680856],[4.981104274569177,47.28139377169007],[4.981219191299024,47.281614060046664],[4.981253153588742,47.28166300919507],[4.981285432680286,47.28170937554267],[4.981520913454349,47.282012344387525],[4.981587229020116,47.28208811694555],[4.981623590788716,47.282126758960146],[4.981713927751553,47.28220797457869],[4.98183973892793,47.28231451939568],[4.981789198125615,47.282332762995395],[4.981718833042281,47.28226561475833],[4.981635707283153,47.28218616708113],[4.981591687615003,47.282144413965824],[4.981542317672609,47.282097529145304],[4.9814929444969405,47.282050554306586],[4.981210363892294,47.28168688357289],[4.981127361383316,47.28157843636884],[4.981104514913117,47.281529477468744],[4.980991916302033,47.281501232481666],[4.980959539882442,47.28144144981922],[4.981058375907024,47.28140869380739],[4.980994062628466,47.28131181435799],[4.980940255652697,47.2812306948565],[4.98088182578316,47.2811426301311],[4.9807910414872865,47.281006128968315],[4.980730560120418,47.280927014443556],[4.980688844932196,47.28087234406619],[4.980645453263449,47.28081527086521],[4.980441259994947,47.2805961458339],[4.980152882801547,47.280731825442125],[4.979649822474825,47.28096698433044],[4.979489429028136,47.281042213890565],[4.979359842187589,47.28111313537959],[4.979285568701618,47.281155286648996],[4.979232093982462,47.28119086937276],[4.979089783926305,47.281293616198596],[4.978927203286993,47.28150351140904],[4.978855447085623,47.28163558232745],[4.978822342576826,47.28192242526612],[4.978838613466524,47.2819977021365],[4.978856829616562,47.28205034253901],[4.978892740349507,47.282163016569875],[4.979062176051694,47.28207448596148],[4.9791307096159265,47.282145899486316],[4.979240550251683,47.282260914299414],[4.9792194979355315,47.282314494738095],[4.979440005905059,47.2824699461727],[4.979586338503248,47.282573261520994],[4.979825735912098,47.28279953173387],[4.9798167430979055,47.28280328731599],[4.979843156043953,47.28281976651809],[4.979953652040618,47.28288785191778],[4.980015902147749,47.28292875417628],[4.980089243784393,47.28295821048195],[4.979940840117507,47.28314346064479],[4.980073901907069,47.283231332672216],[4.979986916858813,47.28330567004813],[4.9800657239440005,47.28338645330666],[4.980364552314772,47.2836092766673],[4.980352190261397,47.283640105672006],[4.980377572378372,47.28379015080896],[4.980312154326146,47.28388951517456],[4.980346446921354,47.28390432886773]]],[[[4.984331414866467,47.284164932469054],[4.984376947770136,47.28421530378068],[4.984508037051881,47.28419577135996],[4.984639484322042,47.28400324082856],[4.984935524395756,47.283988810733774],[4.985243571789344,47.283998488735044],[4.98575464647957,47.283861866927005],[4.985907316301153,47.28380324070656],[4.986027229691961,47.28376066415168],[4.9857982662771425,47.28395711687015],[4.985732255140032,47.284169060907594],[4.985720691105337,47.28422139954514],[4.985687729272823,47.28422115322886],[4.985633544583564,47.28446306252385],[4.985643858153357,47.284570229214125],[4.985805288572085,47.28496333930819],[4.985881723882589,47.28523741310692],[4.985912173455631,47.285223383953095],[4.985937472227891,47.28528481732557],[4.986140856089959,47.28527692317703],[4.986165827265186,47.285265058960015],[4.986145212895443,47.28511556364317],[4.986089711362976,47.284677505272576],[4.986102361520242,47.28467602797441],[4.986085819311008,47.28464740413363],[4.986032131235225,47.28422615454364],[4.986011812797534,47.28422425103507],[4.9860250352004085,47.284109387158274],[4.986041284460831,47.284001225437365],[4.986055066542541,47.283933719873104],[4.986215480616025,47.28370872271014],[4.986477038023141,47.283341600732584],[4.986509225400258,47.28329944506896],[4.986513412334182,47.283069107601165],[4.986519360057992,47.28292933339025],[4.986527889469014,47.28287011250006],[4.986562234763115,47.28271454298451],[4.986607481127691,47.28247800912225],[4.986629487753293,47.28235380922461],[4.986621899289014,47.282255961359596],[4.9866125989777155,47.28222991515616],[4.986437480725713,47.281938980318685],[4.98637554274539,47.28186367577948],[4.986309393733442,47.2817925857522],[4.986241486898514,47.281824276420885],[4.986181241385558,47.281859167849],[4.986116130801397,47.281902067209536],[4.985977896040678,47.28200736441824],[4.985729223458726,47.282228919263815],[4.985674840185537,47.28228280132807],[4.985650319352789,47.282306814937336],[4.985581062094925,47.28236644477062],[4.985218729572482,47.282595707070854],[4.985082644415075,47.282673320044175],[4.9849769507424755,47.28273537399771],[4.984931434411453,47.28276064719909],[4.984902176255592,47.2827746557451],[4.984858784378884,47.282792958482695],[4.984822748025097,47.28280618244356],[4.984484344045997,47.28288806634565],[4.984370463738173,47.28292198310148],[4.98412310153095,47.283018067945704],[4.984093172484002,47.28303541971638],[4.984070444950974,47.2830542692743],[4.984044389183148,47.28307974961711],[4.983991381851034,47.283149456632245],[4.9838663715122795,47.283322785181404],[4.9837111379093955,47.28353778457446],[4.983605757366208,47.28368367118925],[4.983536492060468,47.283775448755605],[4.98351595387508,47.28379984404462],[4.983463263515662,47.28385666777774],[4.983406615334925,47.28391382930514],[4.983354171996418,47.28396659637506],[4.98330655096538,47.284010185630564],[4.983221400141495,47.28408035166952],[4.982997273293956,47.284225295719864],[4.983069120486488,47.28423568450012],[4.983093293570374,47.284234460833844],[4.983163287419594,47.284216154339774],[4.983268005656199,47.28418131483312],[4.983345409789282,47.28414865318081],[4.983492134204986,47.28406869923273],[4.983682912999304,47.28409587532364],[4.983830384309738,47.28412217069273],[4.983993740675067,47.28417007710652],[4.984172995321383,47.28415395387613],[4.984309348905676,47.28413721334175],[4.984331414866467,47.284164932469054]]],[[[4.983024642519315,47.28488068354358],[4.98333845520995,47.285132420496964],[4.983772564840021,47.28477118056401],[4.983667967224844,47.284712543468736],[4.983374577127851,47.28496016208569],[4.983251753964209,47.284881033960424],[4.983128934484665,47.28480199569871],[4.983024642519315,47.28488068354358]]],[[[4.983976247414243,47.28553467867952],[4.984574162968648,47.28509372929246],[4.984256657395401,47.28483890688662],[4.9838631469660335,47.285127592197696],[4.983793674709852,47.28518155113989],[4.983607150381572,47.28536646716286],[4.983420631415162,47.28555156286426],[4.983586527979425,47.28563589790044],[4.983976247414243,47.28553467867952]]],[[[4.984697571650041,47.28540356174558],[4.9847601101971035,47.28568850011985],[4.984828966228537,47.28612290830526],[4.984981322327291,47.28610931532587],[4.985081540005596,47.286231963806365],[4.985093137847296,47.28611604733285],[4.985088772249043,47.28584749406038],[4.984962421286554,47.28558706138857],[4.984809534135962,47.28539282121198],[4.984697571650041,47.28540356174558]]],[[[4.985586387994925,47.255839538370346],[4.9856039476784515,47.25598188332342],[4.985596426128962,47.2562938693283],[4.9859596734007745,47.2563089914182],[4.986093218116094,47.25631480900374],[4.98621821472128,47.25632554572348],[4.986289225469804,47.25633576621869],[4.986531099142193,47.256384484484435],[4.986782577296887,47.2564353790963],[4.986956493527224,47.25647058202961],[4.986996009627974,47.256476839062515],[4.987035835797465,47.256480749362474],[4.987076371922638,47.256482396130494],[4.987116824868665,47.256481792957544],[4.987157194630473,47.25647893984373],[4.987158377670383,47.25647873946161],[4.987240907011362,47.25646777937964],[4.987328555055658,47.25645574091577],[4.987437524368767,47.25644081543444],[4.987799962956669,47.256391106685406],[4.9878678757475825,47.256381927638955],[4.988190900196842,47.2563394672876],[4.988420748033597,47.256309770580096],[4.988530539840824,47.2562956404437],[4.988660459748922,47.2562785534333],[4.988739439388246,47.256268193476465],[4.988618089195071,47.25577686798646],[4.988446850200726,47.25523479680703],[4.988265010577783,47.25470641521705],[4.988198508659868,47.254474765445245],[4.988148978155621,47.25417627457043],[4.988139624547384,47.25391266617725],[4.988156090069658,47.253639069299744],[4.988072306583169,47.2536267275835],[4.987956986493382,47.25360925309044],[4.987850043816242,47.253592985674466],[4.987551135864775,47.253546778888676],[4.987374059687224,47.253511721177034],[4.987248723947988,47.253480909524434],[4.987184668233047,47.25346552743354],[4.986838275657401,47.253379878405454],[4.9867565527880835,47.25335885523748],[4.986685646379417,47.25334061847129],[4.986606336141357,47.253320454402754],[4.986474900171028,47.253285603951824],[4.986340538923596,47.25324675102949],[4.986070774532,47.253162308509026],[4.985731379804618,47.253040424639046],[4.985583165025345,47.252991722042374],[4.985533122218668,47.25297970125342],[4.985352967635109,47.252936408234504],[4.985304204296295,47.25292679690275],[4.98483426879114,47.25283713357758],[4.984820396597311,47.25283755115334],[4.984807800420693,47.252840288292546],[4.98479607042888,47.252844991794454],[4.984786396236019,47.252851641295635],[4.984783326945946,47.252854485514085],[4.984778567398451,47.25286528343152],[4.984777406604435,47.252876830233376],[4.984777443158818,47.25287782020334],[4.984778178720097,47.25291923252225],[4.984833145918539,47.25330102171472],[4.984949564670386,47.25361691988872],[4.985040581895592,47.25383590429062],[4.98516403612411,47.254202562353726],[4.985286488163626,47.254542041079176],[4.985523765651507,47.2554118632328],[4.9855566579468436,47.255625538657156],[4.985586387994925,47.255839538370346]]],[[[4.991766573988376,47.25929410762448],[4.9920297749081115,47.25924320870914],[4.9922153386223815,47.25920688097109],[4.992268907125622,47.25919605470176],[4.992385895280618,47.259172521802995],[4.992508802063256,47.25914807660052],[4.992788824406386,47.25909067316361],[4.993379541004411,47.25897902920156],[4.993461076129978,47.258962588534075],[4.993565902735465,47.25894286565799],[4.9937369243832155,47.25891038761448],[4.9939166238785635,47.25887649934349],[4.994069505868035,47.258847124386286],[4.9940027375970235,47.25871607294177],[4.993623945110173,47.257961447655816],[4.993563081566324,47.25783975012587],[4.993433706303708,47.25758270814857],[4.993427453971906,47.25757462069672],[4.993277854932936,47.25755332797022],[4.993108303936432,47.25752904598525],[4.993036520532611,47.257519473280254],[4.992959171801702,47.25750963596506],[4.992858778562125,47.25749902393929],[4.992621010952804,47.257475733490864],[4.992382930381653,47.2574546992908],[4.991972880785051,47.25741905831475],[4.991881779145306,47.257412878597904],[4.991814148596305,47.25740827684091],[4.991581451098309,47.25740398867299],[4.991516310057452,47.25740231577361],[4.991417870384723,47.25740157491692],[4.991319507404931,47.25740290390579],[4.991190745139669,47.257408447042096],[4.990967005767992,47.25742102405375],[4.9908719686583005,47.257426438049514],[4.990798353053547,47.25743166430754],[4.9906914920964445,47.25743926234046],[4.990594921970923,47.25744614329243],[4.990485688192442,47.25745396197599],[4.990376477711667,47.257462410535254],[4.989265865539022,47.2575400936584],[4.989267678332024,47.25754618623965],[4.989362854218007,47.25784470380942],[4.989430768568499,47.25806065911303],[4.989503652130379,47.25829291895687],[4.989535510516849,47.258381706024515],[4.989544454848516,47.25840892900949],[4.9895563151639335,47.25843988423529],[4.989653310787987,47.25871243471718],[4.989686855948272,47.25880389441766],[4.98974444880255,47.25896608420388],[4.989800665664524,47.259123254539645],[4.989861641804219,47.25929105961093],[4.989918709167879,47.25944974620557],[4.989975423600047,47.25960960952705],[4.989986854518065,47.25963967153076],[4.99092935802224,47.25945779430965],[4.991021549107572,47.25943973157028],[4.991118492495455,47.25942140704954],[4.991226840113333,47.25940027505256],[4.991328105789361,47.259380795485185],[4.991393505522027,47.25936796537604],[4.991468356581674,47.25935317183609],[4.991653897709666,47.25931621501996],[4.991766573988376,47.25929410762448]]],[[[4.984467406999274,47.262052332975806],[4.984394229725896,47.26206961475009],[4.984373365765573,47.26207420429079],[4.984353374766374,47.262080940181725],[4.9843436224282565,47.262085519691524],[4.984236067484788,47.262128334500865],[4.9841265260111935,47.262171093140864],[4.983951677826048,47.262240093943056],[4.983855197388293,47.262281908443015],[4.9837548271223,47.262325860635514],[4.983720057160546,47.262340773952864],[4.983684020950271,47.262353637681954],[4.983678531544893,47.26235544260143],[4.983586861145278,47.26238780899963],[4.98350029008743,47.26241855719161],[4.983419188425739,47.26244696042994],[4.9832656139463,47.26250100760517],[4.98347282934095,47.262642270156405],[4.983606963591671,47.262749661418106],[4.983700349567543,47.2628390183634],[4.9837909994289875,47.262929502684784],[4.983879319748175,47.263021377594576],[4.983891306592128,47.263034320387206],[4.983974807258644,47.26301713251575],[4.984034677195405,47.26300485155051],[4.984084304933362,47.26299463691232],[4.984142601657922,47.26298274302083],[4.984339135914443,47.26294209808083],[4.9844194899776,47.262925684154645],[4.9845777916943845,47.26289217688259],[4.984670098266274,47.26286628269798],[4.984775379941158,47.262837104547046],[4.984821744744584,47.26282451397868],[4.984888114028543,47.26280554740168],[4.984955920130675,47.26278250377201],[4.985111486743767,47.26272869041081],[4.98519223454285,47.26270146274144],[4.985464333898417,47.26261152361078],[4.985745298063168,47.26255745356389],[4.985858790087343,47.262535698341715],[4.985924784460643,47.26252808436048],[4.98599450793791,47.262524729064246],[4.986040864699732,47.262522674434614],[4.986092513745244,47.26252422135843],[4.986143456050776,47.26252812176317],[4.986158993672434,47.26252974678879],[4.986300379026681,47.26258622047255],[4.986546540076827,47.262685746058025],[4.986650729400784,47.262723675011195],[4.986949953857426,47.26283075579303],[4.987104542174912,47.262890064137984],[4.98714394173202,47.26286084196173],[4.987075699523167,47.262378331948575],[4.986998361315173,47.26192884734398],[4.9869834372812205,47.26186867689088],[4.9869367575781824,47.261711702265735],[4.986882661814947,47.26156881303163],[4.986841710697007,47.26148090160728],[4.9867912313041485,47.261392883248504],[4.98670442137818,47.26125604768211],[4.9866661250910065,47.26119699801625],[4.986511937275316,47.26096585942164],[4.9864115576828665,47.26078395896778],[4.985949644464367,47.260891830132515],[4.985897604839557,47.260793752081206],[4.98556532753949,47.26086581152909],[4.985546391952779,47.260815165242],[4.985501155671883,47.26082602579698],[4.985235626728451,47.260889466969054],[4.984906356805757,47.26096777678794],[4.98493128735706,47.26101958130864],[4.984789328374196,47.261054880716706],[4.984748024492809,47.26106477312829],[4.9846257024777305,47.26109451312231],[4.984665958399059,47.26116370597236],[4.984711325921257,47.26124235703395],[4.984753291440231,47.261314852586864],[4.984775750422668,47.26135346151893],[4.984794890384157,47.26138816488304],[4.98478346871214,47.261390521658655],[4.984728847294318,47.261297710441625],[4.984538382485066,47.26133059773412],[4.984410631444306,47.26135304597782],[4.984341273735378,47.26137701641714],[4.984315047452032,47.26132235223262],[4.984161056323314,47.261354254575586],[4.984241140955392,47.261491837381136],[4.984090214572884,47.261531521862345],[4.984018290820635,47.26155049298913],[4.9839444072594,47.26157012797499],[4.983651718485406,47.261668430601496],[4.983610438433105,47.26159655333284],[4.983298312084469,47.26167717677034],[4.983282257245182,47.26168303467692],[4.9832835300856315,47.26168526425358],[4.9833095742096,47.26172426240409],[4.983450658501247,47.261934016193045],[4.983712980599593,47.262321083169546],[4.983962443141014,47.26220920143049],[4.984239126430405,47.26210369747343],[4.984311908373074,47.26207570616022],[4.984356123446855,47.262058649857806],[4.984380123700025,47.262053016061934],[4.984548181827557,47.26201510929942],[4.984762690208881,47.26196695166423],[4.9848122836128095,47.261955836740896],[4.984819187692941,47.2619708476192],[4.984723177010103,47.26199311314616],[4.98453431496227,47.26203722967728],[4.984467406999274,47.262052332975806]]],[[[4.99591624278016,47.26405830660024],[4.995752807668049,47.26401762312907],[4.9955913157958705,47.26397582534426],[4.995320893915721,47.26386484889442],[4.995093624276803,47.263750968180496],[4.99491286852525,47.26366060151787],[4.994719551044072,47.26356324631992],[4.994668096062586,47.26354558020365],[4.994463019606,47.26347355191803],[4.994307028736066,47.263419500479365],[4.994034126975949,47.26336989054607],[4.993863496942555,47.26333842363083],[4.993595035546798,47.26329080757739],[4.993141610571778,47.26321043839347],[4.993243893129802,47.26337870245051],[4.993310274173899,47.263488508062075],[4.993350916316415,47.26355706103736],[4.993414008023777,47.26366377123669],[4.993384142196699,47.26367175907298],[4.993381395920526,47.263672616763486],[4.993372089499479,47.26365710732874],[4.993340437150147,47.26360623053843],[4.993310921493548,47.26355945949872],[4.9932855790058275,47.26351820007312],[4.993252240218502,47.263464650624314],[4.993218854766858,47.26340984121177],[4.993195689091362,47.263373767486065],[4.993137851517319,47.263280294863236],[4.9930871704473825,47.26319786591757],[4.993051591469831,47.26319091283908],[4.992844103186611,47.263139365452],[4.992633025763578,47.26308733904497],[4.992524875855197,47.2630604700234],[4.99246240033867,47.26304524364273],[4.992401037955215,47.26302792686289],[4.9923411853232915,47.26300851287194],[4.9923307332727695,47.26300491016684],[4.992305426404366,47.262996699743006],[4.9920944086232355,47.26290342661466],[4.991554520639122,47.26266370008145],[4.991394305266575,47.262591886656026],[4.991301877739815,47.26255015778864],[4.99120786725573,47.26250854608296],[4.991100945379847,47.26246121241889],[4.9909955434423825,47.26241205148407],[4.990906212715791,47.26236819790034],[4.990850014050737,47.2623402553522],[4.9907148235021666,47.26226900199856],[4.990570258021347,47.26219106530734],[4.9904546519547255,47.26213424434756],[4.990333443656922,47.26207616861545],[4.990262321223766,47.2620417278729],[4.9901031726074,47.26196647234862],[4.9900502442608525,47.26194108486688],[4.989890619661299,47.26186367593077],[4.989859944588357,47.261849793643606],[4.989831179244368,47.26183389739309],[4.989803103830344,47.26181519762443],[4.989764443511937,47.26178929503859],[4.989723456920963,47.26176487321705],[4.989703613521321,47.26175413704102],[4.989608209411793,47.261696248212516],[4.989501167582067,47.261624150325794],[4.989436008798271,47.26157925057213],[4.98933948561654,47.26151255543738],[4.989182490250682,47.2613988987535],[4.98910745718603,47.26134453241896],[4.988945976971919,47.261227620353104],[4.988678057948552,47.261033375972715],[4.98856224058874,47.260949270447924],[4.988508441202663,47.26091101950066],[4.988430976642987,47.260855253571464],[4.988293640634484,47.260768725085306],[4.988202971904983,47.26072074993365],[4.988116662560566,47.260672609921514],[4.988047719903393,47.26063263719558],[4.988030336725482,47.26062401985973],[4.987931876388401,47.26057996034213],[4.987606659171655,47.26063893691652],[4.987472515603476,47.260660147345256],[4.987160842174826,47.26070979508214],[4.986872074279449,47.26075643796171],[4.986597496875603,47.26080049561579],[4.986558440039853,47.26080674803145],[4.986598712263838,47.26086558377792],[4.9866441096909515,47.260934237640136],[4.9867886571834,47.261151492822655],[4.986823114682147,47.26120331385305],[4.986852543549181,47.26124792666204],[4.986917626600994,47.26134452007084],[4.986998251942124,47.26147506762496],[4.987034201179853,47.261556490768015],[4.987058110620904,47.26161281505042],[4.987081671539532,47.26170264535054],[4.98710050385988,47.26178265073949],[4.987127647912444,47.26192645196679],[4.987143993645912,47.26201433464042],[4.987157297586324,47.26208434870785],[4.987177218316676,47.26219378304682],[4.9871966305855455,47.26227873143563],[4.98720713964102,47.26232682023714],[4.98721993125925,47.26238297477284],[4.987235744828856,47.262456457921004],[4.987256236108703,47.262559848848646],[4.987265828920273,47.262604621348714],[4.987289367136939,47.26275821011278],[4.987309998992174,47.26285466446555],[4.987325802839632,47.26292787759697],[4.987345448572065,47.26301912571385],[4.987313746148865,47.263020389413526],[4.987371333601985,47.26317177368768],[4.987610898757725,47.26377958397676],[4.9879237448454035,47.2644585408922],[4.988009449725452,47.26443653950637],[4.98818164586222,47.26439234295169],[4.988333803752683,47.264353622756836],[4.988554750951115,47.264296972856144],[4.988697472633268,47.26426066531909],[4.988847640009264,47.26422179846086],[4.988948292514334,47.26419620803229],[4.989057590649843,47.264168307940416],[4.989365446615815,47.26409008384005],[4.989446150837796,47.26407239968155],[4.989476870684049,47.26406601919381],[4.989487389235861,47.264082138503795],[4.989550080735138,47.26417823116848],[4.989613129097502,47.26427323703058],[4.989677474176272,47.26437110233583],[4.989734273745384,47.264458110489485],[4.989760767167292,47.26449836029691],[4.989790213605505,47.264543332288156],[4.989817540347399,47.26458464843171],[4.989844040558699,47.264625078211466],[4.989890728489129,47.26469623019104],[4.990032929458312,47.26491379182315],[4.990007365341637,47.26492008398181],[4.989466111498176,47.264097002191725],[4.989273436313431,47.26414542428648],[4.989168061244927,47.26417208659605],[4.98907449478147,47.264196114822525],[4.9879383319922965,47.26448809866658],[4.988134751045855,47.264905553137396],[4.988152021179274,47.264943259786676],[4.988187697721667,47.265027929140224],[4.988238825046165,47.26514403254073],[4.98826398383785,47.26520186603843],[4.988290505720393,47.26526435895927],[4.988356918932673,47.265375247282385],[4.988452360108366,47.26547690265627],[4.988913351235624,47.26536462548978],[4.9889634207126345,47.265473542423514],[4.9885527040926885,47.26559306260498],[4.988595855416761,47.26564374343576],[4.988614119840342,47.26566540338949],[4.988640879766142,47.26570213676105],[4.988642843952119,47.26570516491044],[4.988693872899417,47.265782816821634],[4.98874433984329,47.26585957780961],[4.98885109602066,47.26605244343756],[4.988890714379605,47.266125608140165],[4.9889430613369266,47.26622097793578],[4.989813993380882,47.265968026469125],[4.99000020346963,47.26631288954458],[4.989719083696048,47.26639533917116],[4.989129070169727,47.26656053257174],[4.9891733488053305,47.26664163203448],[4.989244878360658,47.26676197779708],[4.98930631932868,47.26685638096285],[4.991257518673368,47.266269245920405],[4.991153284036661,47.266123257137394],[4.991049856572811,47.265977614620034],[4.991010925598177,47.26592307995052],[4.990977011048181,47.26587539329832],[4.990940596725382,47.265824507610304],[4.990920074739146,47.26579550234519],[4.991254284518983,47.26568926450242],[4.9916563864319174,47.26556231808356],[4.992102949313769,47.266302906181906],[4.9922531408390896,47.26655364786088],[4.992357729106181,47.266527086398455],[4.992617274531714,47.26646229134141],[4.992643225702714,47.266455721807134],[4.9928835054277245,47.266395849896625],[4.992982206936119,47.26637110003691],[4.993080911691479,47.26634644008949],[4.99316309780997,47.266325846206776],[4.9931736968476415,47.26632269227492],[4.9932819968727165,47.26628922207403],[4.993388760293674,47.26625712898874],[4.993477041945597,47.26622967606597],[4.99357238616193,47.26620003043343],[4.993737323034431,47.266141992104],[4.993995533277101,47.26605200174194],[4.9940304096501205,47.26603996525576],[4.994286642422509,47.265950188332404],[4.995878083044664,47.265413826417955],[4.997824608945138,47.264757587372955],[4.997638997833833,47.264440732380386],[4.997599001075472,47.26443241590631],[4.99756335379223,47.264423664285495],[4.997524829810469,47.26441226057911],[4.997487438844024,47.264399306425744],[4.997405265468524,47.26435605489085],[4.9971586666663015,47.264256199261666],[4.9971200994119975,47.26424362546559],[4.997033432683152,47.26421828176283],[4.996959655202048,47.26419802924627],[4.996823576957714,47.26416732247298],[4.996670664888918,47.26414284893667],[4.996548267213373,47.26412784588258],[4.996395976001447,47.26410939492285],[4.996068207260049,47.26407865494394],[4.9960561111068955,47.26408066421825],[4.996026796166386,47.26408567147047],[4.99591624278016,47.26405830660024]]],[[[4.986190659600568,47.26469661945203],[4.9862382747746725,47.26473929994771],[4.986342848082848,47.264819728012256],[4.986414317647458,47.26486353078549],[4.986543493074173,47.26493309104933],[4.986667663100549,47.26499607293757],[4.986815710965214,47.2650608069282],[4.986972881646017,47.26512538443576],[4.987056704832452,47.26515978968667],[4.987251245188134,47.26523678434518],[4.987380966803653,47.2652888639078],[4.987600161893664,47.265377862924296],[4.987718325303688,47.265428609288605],[4.987735216817739,47.26543462354731],[4.987752828361917,47.26543864427949],[4.987816158990981,47.26544476311794],[4.9879081307547715,47.26544192594019],[4.98800913179782,47.26543641240739],[4.9880978306068355,47.26543092956856],[4.988164324735571,47.26542600742446],[4.988207337729339,47.26541932649731],[4.988100496921462,47.26518116467677],[4.987888562047172,47.26468761050134],[4.987846187333701,47.264593510161305],[4.987578947946615,47.26401021911658],[4.98753815413104,47.26391591145508],[4.987458750270233,47.2637219454851],[4.987458618064147,47.26372194775078],[4.987396385934859,47.26357019286546],[4.987358661961753,47.26348375726588],[4.987310682254297,47.26334535622088],[4.987259146575248,47.263207376302574],[4.987231104277736,47.26313590380004],[4.987189326093261,47.26314373394188],[4.9871228131872085,47.26294414359997],[4.986950218086807,47.26287010480063],[4.98685635680979,47.262832449434825],[4.986550300321872,47.26272305399283],[4.986305342229956,47.262623868025145],[4.986171602119543,47.26257023518603],[4.98612515966431,47.262559233527796],[4.986047641146297,47.262555698197374],[4.98603094362345,47.26255490350519],[4.985960790242402,47.262557365646316],[4.985910537186901,47.262561378095704],[4.985860363936805,47.26256755044863],[4.9858288047408905,47.262572683608894],[4.985752344579034,47.26258705067047],[4.98561402556204,47.262613553455594],[4.98555371658617,47.26262467206878],[4.985494283929567,47.26263802699239],[4.9854765927269,47.26264256240813],[4.9854165862468856,47.26266187066739],[4.985247215207664,47.26271799199928],[4.985162141255032,47.26274628435341],[4.984909794862738,47.26283381342868],[4.984755035354493,47.26287725650941],[4.984608114793239,47.26291804372449],[4.984506962980397,47.2629408472828],[4.9844246491184,47.26295792518104],[4.984325400466751,47.262978534721555],[4.9840555777241775,47.2630334912932],[4.983912543868279,47.26306133342583],[4.983981205407499,47.263168943754],[4.984124653438672,47.263399548744246],[4.984196633772267,47.26352178092618],[4.9843460728293145,47.26375336378464],[4.9843635129213695,47.26376351160884],[4.984382476356496,47.26377192234362],[4.984390108489134,47.26377440330989],[4.984474562783223,47.26379376060604],[4.984735904953943,47.26385295632737],[4.984929487629802,47.263893499399614],[4.98497879043617,47.26390670393266],[4.9850874180029665,47.263935823113286],[4.985203807541541,47.26397093298175],[4.985268127880979,47.2639931558627],[4.985330934935143,47.264017385797416],[4.985391428817546,47.26404345637444],[4.98544353054229,47.26406795957224],[4.985575369421513,47.26413450350988],[4.985602941547881,47.2641503311762],[4.985726404308322,47.264226474001774],[4.985804613400365,47.264291594540175],[4.9858527176498955,47.26433678832087],[4.985898085525605,47.264383109584315],[4.985930775682034,47.26441929174082],[4.98607124116727,47.26457961348949],[4.986129783726195,47.26463876684182],[4.986190659600568,47.26469661945203]]],[[[4.98707726521345,47.26580170085475],[4.987217832337783,47.26576065931167],[4.987317568763587,47.26573166403043],[4.987700369291112,47.265662066270245],[4.987785266272123,47.265639628672744],[4.987918956059771,47.2656058183843],[4.988299525733684,47.2655188764704],[4.988272445305551,47.265505652558666],[4.9882430583569946,47.265494449366344],[4.9882129447515196,47.26548505969993],[4.988180927911514,47.26547786394421],[4.988148597687728,47.26547292489693],[4.988121523558733,47.2654705973518],[4.987890334231628,47.265475821046586],[4.987834455845593,47.26547803957205],[4.987741988014677,47.265467467178844],[4.987711967718729,47.26546059729071],[4.987706364951836,47.26545934250971],[4.9876657060425185,47.26544382967351],[4.987603019952033,47.2654122144872],[4.987552602318367,47.265390384985494],[4.987052743298958,47.26519218686613],[4.986907367374697,47.2651353321261],[4.986861869540353,47.265117740624994],[4.9866573652777175,47.26502884880454],[4.986637541247483,47.26501865209878],[4.986485405096045,47.26493993952455],[4.986427169678437,47.26491058888233],[4.986371254208463,47.26487957750865],[4.986311156317649,47.26484278424698],[4.986249092802158,47.26479575849041],[4.986189365910317,47.26474752198541],[4.986132348982626,47.26469743796543],[4.986078068625636,47.264646226408836],[4.986026514857119,47.26459361732894],[4.986019496182136,47.26458626305929],[4.985840462070257,47.264381034469515],[4.9858074418860125,47.26434665901487],[4.9857712820163576,47.26431323784849],[4.9857499659329445,47.26429487165049],[4.985717995160544,47.264267412342704],[4.9856832912941655,47.2642411705212],[4.985646270909276,47.26421667937372],[4.985612996392656,47.264196896930315],[4.98554370433197,47.26415827951601],[4.9854728824098276,47.264121219166896],[4.985453475510128,47.26411155544591],[4.985312984321703,47.26404714067277],[4.985270257626601,47.264029321018306],[4.985226014292993,47.264013418439376],[4.985185876820227,47.26400122781914],[4.985123996066894,47.263980584102015],[4.98506020871805,47.26396204422351],[4.985007319637771,47.26394845083866],[4.984868779387694,47.26391534085469],[4.984687991543831,47.263877370384364],[4.984535969933061,47.263844580773984],[4.984402112078034,47.26382003527459],[4.9844319251428715,47.26403628450108],[4.984476434803229,47.26417762767931],[4.98452450433474,47.264318639759146],[4.984555031934841,47.26440375846911],[4.9845997172923635,47.26452834859015],[4.984658090866284,47.26465819772374],[4.984847111788102,47.265015718081564],[4.985291102426984,47.26576456978876],[4.985353374155669,47.26587093786883],[4.985412106339381,47.26597817699194],[4.985440289262548,47.26603199690443],[4.985689407502409,47.26597487039973],[4.985810935027049,47.26596630574795],[4.98588144958984,47.265962756948056],[4.986015725915788,47.26595550469467],[4.98615389870299,47.26594629442866],[4.986324212941867,47.265926177340305],[4.986444347421388,47.265912142602176],[4.986541906944454,47.26589939495938],[4.986638683133716,47.26588693081309],[4.986734186195252,47.26587223705099],[4.986770473579444,47.2658661221482],[4.9869053737727755,47.26584354903457],[4.986994284297283,47.26582230402086],[4.98707726521345,47.26580170085475]]],[[[4.986428982127581,47.26680636898392],[4.986627551765286,47.26676676622255],[4.986750861863529,47.26674196041537],[4.986472512533533,47.26633050005314],[4.9862311236800085,47.26597396919168],[4.986142930184885,47.2659824137024],[4.985983085383485,47.26599586737524],[4.985949837868293,47.26599832782632],[4.985596050643372,47.2660261784054],[4.985432366982583,47.26606464191157],[4.985833233662105,47.26681675124478],[4.985850716518305,47.266849501595836],[4.985877478615343,47.26684336997685],[4.985907000566966,47.266836740826214],[4.986140016094721,47.266784121676956],[4.986175654908013,47.266857085219826],[4.986252484407857,47.26684181114387],[4.986428982127581,47.26680636898392]]],[[[4.989226865181399,47.26824817365366],[4.988974393482126,47.268311398693804],[4.988852877265048,47.26834184942711],[4.988848190994017,47.26833319457689],[4.988932748359701,47.26831220291105],[4.989041698196237,47.26828538964165],[4.989186830037736,47.268249580726085],[4.989222612156392,47.26824050197763],[4.989107141104439,47.26802680370808],[4.989185821641914,47.267997177421876],[4.989085279727584,47.26782221633886],[4.988955927230314,47.26761947237059],[4.988800099626208,47.26732334624864],[4.988726930191671,47.267330274305486],[4.988832589221478,47.26752559014877],[4.988638051162592,47.267577644994404],[4.988524865996644,47.267607952571346],[4.988702838638736,47.26790189822909],[4.9887716991435385,47.26801445532469],[4.9887544230819145,47.268019524408686],[4.988686085457894,47.26803906714357],[4.988535280517272,47.26808244716465],[4.988673648023356,47.268314304436096],[4.988695416948046,47.268323386815084],[4.988711542822338,47.268330134499784],[4.9888165639557345,47.26851888732895],[4.988885041890845,47.2686425275121],[4.988923752568919,47.26870183945573],[4.989028475602155,47.268871775979456],[4.989127125297254,47.26908135013728],[4.989266482424965,47.269061039388],[4.989223408283967,47.26898036961387],[4.989164211711979,47.26888232580581],[4.989282232368133,47.26885391590645],[4.989334947798883,47.26884121471293],[4.989462334554922,47.269055068556966],[4.98950397039344,47.26904327776703],[4.989723155730432,47.26898143316414],[4.989561625506655,47.26878878758425],[4.9894032536719095,47.268552771771645],[4.989226865181399,47.26824817365366]]],[[[4.988525441197278,47.26807397070572],[4.988749683563437,47.26800942960764],[4.988531104421084,47.26764782946617],[4.9883863570946225,47.267683270783415],[4.988433102364672,47.26775595320444],[4.988349682342699,47.26777548416469],[4.987901515737566,47.26788096487735],[4.987648877760925,47.267939687210365],[4.987613462266886,47.267947948707196],[4.9876004194388734,47.267949432977616],[4.987561680942549,47.26795369898947],[4.987485403865858,47.26796248057304],[4.987378510381432,47.26799123832698],[4.987903102868427,47.26879291132363],[4.988003501352252,47.26876021203039],[4.988075068163127,47.268870831979896],[4.988154853898936,47.268838846094255],[4.988238106213852,47.2688040090621],[4.988307285287791,47.268774996555344],[4.988335609486957,47.268821789169635],[4.98834447207183,47.268836045823846],[4.9883668849798095,47.26883034842194],[4.9883491731251155,47.26880219510246],[4.988607257979368,47.26872968977032],[4.98868857288,47.26870686276477],[4.988876378512942,47.26865510348276],[4.988699923033707,47.26833789825154],[4.988676927509365,47.268327846314364],[4.988663211527651,47.268321867787584],[4.988519154739421,47.26807569945477],[4.988525441197278,47.26807397070572]]],[[[4.989131836395659,47.267879052269734],[4.989167513522088,47.26794219842913],[4.989202794082705,47.2680053513789],[4.989159338972017,47.2680215859129],[4.989121366975531,47.26803583526466],[4.989285231593297,47.268323808306484],[4.989420053064011,47.26855626587349],[4.989488379458711,47.268654333067055],[4.989577011762791,47.26878627230635],[4.989769754250082,47.26901791598435],[4.989921130777966,47.26897920738951],[4.989899794893729,47.268938959218815],[4.98985799984836,47.26886069916699],[4.989770940112859,47.268717656546016],[4.98974683119559,47.26867754597372],[4.989693160390366,47.268589403578765],[4.989609068037132,47.268451442992315],[4.98945870346697,47.26820655466394],[4.989926352311551,47.2680912780396],[4.9898570292480535,47.26798773490092],[4.989814898258058,47.26792181794514],[4.9894985012902735,47.26800577259318],[4.98942429641795,47.267877548169615],[4.989352625044582,47.267753422714726],[4.989342792142627,47.267755842715985],[4.989218937479948,47.267787414619335],[4.989096262622771,47.26781869599248],[4.989131836395659,47.267879052269734]]],[[[4.98682116357224,47.269953059915544],[4.986794779760556,47.26975476357712],[4.986399009491214,47.26981791587299],[4.986104578830611,47.2698630318385],[4.986194805590498,47.269984590025146],[4.986241590613087,47.27004763683205],[4.98682116357224,47.269953059915544]]],[[[4.992985667397421,47.27392339942967],[4.993215136253816,47.27380661932491],[4.993077026651654,47.27366823865297],[4.992572274013801,47.27318017468884],[4.991804930971631,47.2724183523258],[4.991468850456123,47.27252876535194],[4.9913047629180465,47.272321127135434],[4.991119627226132,47.272391665467836],[4.991081188432336,47.27235054042422],[4.991038619479792,47.27230507363659],[4.990886068531295,47.27214091282799],[4.99085759439668,47.272154459336775],[4.990787191297223,47.27208623636421],[4.990761440574957,47.272098295248746],[4.990738836299675,47.27207743055095],[4.990662497727387,47.272148982549105],[4.990347440825985,47.27234476254872],[4.990458172100561,47.27245155710808],[4.990594025023605,47.27258286528969],[4.990651237854948,47.27263789675791],[4.990738479059881,47.27272132004017],[4.990756180015204,47.27273839658751],[4.9907648204845305,47.27274662327696],[4.990827793991186,47.272807139113596],[4.991034829854429,47.27300620608512],[4.991224582686714,47.27318872936931],[4.991414840233124,47.27337412540188],[4.9914405056621876,47.27340259197126],[4.991460169761478,47.273386945252746],[4.991619728838625,47.273258130660565],[4.991737652583746,47.27316263017623],[4.992118586149333,47.27364093714335],[4.992243953160142,47.273799709782246],[4.992345027922664,47.27392422890078],[4.9924914615492835,47.27409443645357],[4.9929681433573645,47.27393252577702],[4.992985667397421,47.27392339942967]]],[[[4.986177204983105,47.27291244131188],[4.986151554182084,47.27286281080899],[4.9859109670134725,47.272893856151825],[4.985598075293291,47.27293397339765],[4.985609999372314,47.273009594280005],[4.985630262642608,47.27313901441743],[4.9856884699750115,47.273285525514986],[4.985698505128234,47.27331002836497],[4.98571163308228,47.273343033344325],[4.985806795873113,47.273576533717026],[4.985844844624108,47.27366089275787],[4.985881937122673,47.27374085553895],[4.98589233920514,47.273764541607704],[4.985894655296818,47.2737735072975],[4.985936661084243,47.27394343936526],[4.985938172112829,47.27397358139126],[4.9866480115062055,47.273804552999295],[4.9870401460008855,47.27370670210039],[4.987734378464851,47.27358809407107],[4.988180226578497,47.273472298656344],[4.988148676594746,47.27342421054062],[4.988098577202416,47.273336096379815],[4.987911085021284,47.27337533120288],[4.9876326030905975,47.273433595306564],[4.987220967853877,47.273519264929696],[4.986556052254748,47.27365780993132],[4.986506859181127,47.273561935013674],[4.986430338365609,47.27341402691069],[4.986351762105725,47.27325345641681],[4.986309412490114,47.27317088218516],[4.986273899056711,47.27310142873313],[4.98619560316754,47.27294841781898],[4.986177204983105,47.27291244131188]]],[[[4.988449333591299,47.27383645483403],[4.988416229688385,47.27378929396365],[4.9883781523899575,47.27373645491431],[4.9882807976521395,47.27360493460865],[4.988183619886301,47.27347818402473],[4.987733014767555,47.27359415102374],[4.98732435951113,47.27366383045875],[4.9870541234110926,47.27370898415606],[4.98704544943817,47.27371057360193],[4.986648994562322,47.273809669208894],[4.986458942416652,47.273854889003054],[4.98593837502167,47.27397907117596],[4.985947040354674,47.274170556489715],[4.985952384274802,47.274293658064245],[4.985961262060008,47.27432979759172],[4.986004264806385,47.274505205796345],[4.98664073876309,47.27433788396458],[4.986673437384541,47.274395588502394],[4.986763789203678,47.27436999673287],[4.9869318011692645,47.27459819601765],[4.986712332075606,47.27467453821861],[4.986951755439324,47.27477282801623],[4.986726791960139,47.27500118444355],[4.986920113498044,47.27514087799958],[4.987030337545773,47.27512665259921],[4.987089141684376,47.27503153945309],[4.987195057419107,47.27485790308445],[4.987294788206515,47.27475317338098],[4.987554168809055,47.27450027183118],[4.987651225320517,47.27445205112121],[4.9879094000336615,47.274338301962665],[4.988139471115312,47.27423746128034],[4.988249994289245,47.27418846890892],[4.988242034135426,47.27417716856022],[4.988395507452271,47.27410888882102],[4.9884070885664595,47.27410004516119],[4.988594622811741,47.2739546357922],[4.988531739727553,47.273917981418485],[4.9884659107198175,47.273855352052195],[4.988449333591299,47.27383645483403]]],[[[4.987781405491978,47.27554595076739],[4.987719798609603,47.275565287309604],[4.987654468180841,47.27558054516511],[4.9876465973231285,47.27558239104853],[4.987566628154404,47.27560969668622],[4.987549382829179,47.27561566553878],[4.987538011520607,47.27561946251391],[4.987516449029629,47.27562676608021],[4.987458518277566,47.275595249372834],[4.9873122882465895,47.27551607628006],[4.987292415778796,47.27552614250677],[4.987281728621784,47.27551623961871],[4.98721783729019,47.2755489429326],[4.987245494454665,47.275588362777924],[4.987258061367357,47.27560615816471],[4.987271044966747,47.27562448673193],[4.987628147511111,47.27609231938568],[4.987782015893421,47.27627060004284],[4.988107160312591,47.27664694431907],[4.9881286885741245,47.276670889763174],[4.988318277186765,47.27687035043212],[4.988544233887044,47.277108540696226],[4.988642546563609,47.27721212774356],[4.9890493343685645,47.27695192323012],[4.989442792942033,47.27671779112823],[4.989545692491845,47.27666649694359],[4.989657342863595,47.276615682942136],[4.989694153971165,47.27660208385223],[4.990096397893538,47.276476673339005],[4.990303771514003,47.27640593557619],[4.990751924051607,47.276255420590545],[4.990518567001274,47.27601051736117],[4.990380918488662,47.275788105816],[4.990294379529366,47.27564874703032],[4.9901685006340735,47.27544396387896],[4.990091620304085,47.27531884778673],[4.990048126503074,47.275248451714226],[4.99006217780915,47.27524199695856],[4.991489826184409,47.27458333821888],[4.991453205581145,47.27453776946311],[4.991409900991594,47.274483220037084],[4.991235900127121,47.27426530576804],[4.991153022255012,47.27416046526101],[4.99110764142094,47.27410342986499],[4.991063067411029,47.27404674081659],[4.99100310217302,47.273971044473726],[4.99092062857096,47.27386637697175],[4.990402259225891,47.273278127894265],[4.990118850079589,47.27340690445859],[4.9896190855795926,47.27363160643457],[4.989611668418506,47.273634975586795],[4.989556664575416,47.27367176034752],[4.989551214200084,47.27367464549319],[4.989424188665356,47.273738871073455],[4.989401980416332,47.27375014844381],[4.989385619243411,47.273758533868794],[4.989256656496539,47.27382405323055],[4.989121449628553,47.27389247117777],[4.989070530574658,47.27384660657374],[4.988940951444421,47.27373464066803],[4.98870710695209,47.27395865085675],[4.9886729936982785,47.273991474870314],[4.988440631932149,47.274169801922895],[4.988536198124163,47.274295859487495],[4.9885683291881096,47.27433817411086],[4.988382282986161,47.27440584173466],[4.9883756223994,47.27440820724629],[4.98840278321284,47.27444493374265],[4.9882341636983325,47.27453301468353],[4.988432521073202,47.274776541166254],[4.9883115794113,47.274822920609935],[4.988181253267817,47.27487315296497],[4.988333256759799,47.27504399047877],[4.988421874532883,47.27514315118443],[4.98843471853094,47.27515769977792],[4.988577606437709,47.27531815698538],[4.988540302629603,47.27532915263478],[4.9885073092566214,47.275338633524534],[4.988415369823016,47.27536425384273],[4.988403578610616,47.27536742772889],[4.988360710882753,47.27537824853397],[4.9882132422875,47.27541580704052],[4.988188072996747,47.275422181968274],[4.988135447413669,47.275437492501],[4.988040797299545,47.275464960043365],[4.988024315513581,47.27547010540174],[4.987967022613018,47.275488017342475],[4.987794753635891,47.27554193978501],[4.987781405491978,47.27554595076739]]],[[[4.991879415972899,47.275851717007605],[4.992056931732134,47.27577878710889],[4.992398840486744,47.27563234138231],[4.992113115574013,47.27534556524941],[4.992054568112561,47.27528677515832],[4.992002204880679,47.275234182586374],[4.99183152022818,47.27504160734669],[4.991496113560634,47.27459232568251],[4.99137434176285,47.27464835835726],[4.9912193972934915,47.27471972913516],[4.99067141793919,47.274971828836776],[4.990065668102384,47.275250492160545],[4.990491930532384,47.275945145341254],[4.9905286480307645,47.27600404062901],[4.990765608837544,47.27624978252682],[4.9914844322186065,47.27600141374307],[4.991799582006557,47.275882625409054],[4.991879415972899,47.275851717007605]]],[[[4.992754158112252,47.27816997935326],[4.99279638933565,47.27820617580283],[4.992823931268243,47.278231638062245],[4.992863982531843,47.27827327514503],[4.992897566074388,47.278311781402394],[4.992931306567832,47.27835451746657],[4.99294380256593,47.27837033230305],[4.9929613497224965,47.27839389501018],[4.993016105118071,47.27846805888249],[4.993064575901629,47.27853332535897],[4.993115984151026,47.27860286391192],[4.993166292496632,47.27867485278401],[4.99321364357994,47.27874202955999],[4.993713673794024,47.278566387704124],[4.99445703380917,47.27830479173503],[4.995450006197097,47.27794488147268],[4.995405830382185,47.27784568192222],[4.9953659528352805,47.27775532372103],[4.9953169940103,47.27769835147091],[4.995257063156863,47.27763454374397],[4.995219471044434,47.27759502644115],[4.995162151338125,47.27753738745053],[4.9951324579586025,47.277507460051126],[4.995072401511381,47.27745094872944],[4.995011561779395,47.2773947210092],[4.994942873761775,47.27733025324834],[4.99486689221241,47.27727248478377],[4.9947918111850935,47.27721758249915],[4.994749369792304,47.27718643336479],[4.994704178163338,47.27715605193554],[4.994656946204214,47.27712417466245],[4.994564986366344,47.27706370898584],[4.99449035695855,47.277020955976504],[4.994408056450643,47.27697473266778],[4.994348823158413,47.276940360004566],[4.994151690638606,47.276827039637894],[4.99408850055489,47.27679300502655],[4.994087280351462,47.276792215520246],[4.994001400098461,47.27674578330699],[4.993951952295135,47.27671835646839],[4.993804819364575,47.27663659534516],[4.993666528091954,47.276557743901954],[4.993586629309344,47.276512019069614],[4.993416823581363,47.27640759341364],[4.993339541942047,47.27635750087085],[4.993267777665784,47.27630632288218],[4.993111641040887,47.27619580842931],[4.993010422792397,47.276121092066234],[4.992631468732092,47.27582529261067],[4.992405958259316,47.275642305123554],[4.992349280260408,47.275666062167595],[4.992059699033614,47.27578918579522],[4.991909562384783,47.27585110928903],[4.991838385936706,47.27587997792791],[4.991767559412228,47.27590757976383],[4.991697916266285,47.275934981129375],[4.991610664713925,47.2759692586817],[4.991352769515726,47.276058426597096],[4.9911427050321295,47.27613146381784],[4.990820898176517,47.27624207963645],[4.990953357913675,47.27637794828334],[4.9911394654271755,47.27656890919535],[4.991145719441721,47.276566280348],[4.9914252850492185,47.276858207477105],[4.991460845687295,47.27684300832787],[4.991511096282521,47.276892125311896],[4.991492437588475,47.276902801793284],[4.991590838972271,47.27700863625602],[4.991711570894563,47.277138581775],[4.991833796850838,47.27726598002073],[4.991958570531591,47.27739783706562],[4.992013526359211,47.27745605849437],[4.992111782957195,47.277557932660216],[4.992207646256157,47.27765948763326],[4.992253100937904,47.27770769608023],[4.992300619401649,47.27775803034849],[4.992485612616089,47.27794009300285],[4.99258965829304,47.278037454720966],[4.992598286543965,47.27804532127161],[4.992663251458064,47.278095085555115],[4.9927172379045235,47.278137834115356],[4.992754158112252,47.27816997935326]]],[[[4.989735511548031,47.278844334314634],[4.989757134647457,47.27888151567865],[4.989780244703868,47.27891596993311],[4.989800731087737,47.27894389529138],[4.98982522146316,47.278972742553194],[4.989811952614714,47.278978913671786],[4.989927680547568,47.27910237288214],[4.990013120764026,47.279201226667084],[4.990031323735218,47.27921037000644],[4.990091733658084,47.27923364809063],[4.9901578779269995,47.27925097430036],[4.990301121745896,47.27928129619687],[4.99051919159322,47.279316817866864],[4.990608793372522,47.27933509212069],[4.990640475414101,47.27934373391191],[4.990675434705461,47.279355111111094],[4.990710910794185,47.27936972135249],[4.990901317177959,47.27945146413353],[4.990983678194547,47.27947787711775],[4.9910157737908545,47.2794869619776],[4.991044618813016,47.27949403139156],[4.991057027638147,47.279496790177085],[4.991082992135716,47.279501117366515],[4.991096161079463,47.27950296256794],[4.991154841245575,47.279511681152734],[4.991204896481211,47.279512623055055],[4.991265633524774,47.27951257110188],[4.991272758064323,47.279511998541544],[4.991300466088097,47.27950981191203],[4.991332071401645,47.279505667255556],[4.991367183938013,47.279499751371496],[4.991401846358622,47.27949240234946],[4.991435661926793,47.27948362700038],[4.99161924832555,47.27942419194433],[4.99187586559983,47.2793322541158],[4.992375969518921,47.279169044342325],[4.993262005560739,47.278879250533606],[4.993175834773897,47.27875015362634],[4.993129820817815,47.27868691621412],[4.993082953419673,47.278622072484694],[4.9930285611165655,47.278547001871594],[4.992975492682232,47.27847551062736],[4.992923371404912,47.27840814554643],[4.992859214440206,47.27832666870648],[4.9928268678255865,47.278289401937876],[4.992770413493988,47.27823363806984],[4.992716166546029,47.27818386983853],[4.99265151141482,47.27813175887248],[4.9926298241531715,47.27811430081761],[4.992558358136433,47.278060505724376],[4.992553420556744,47.278055817702146],[4.992450875024968,47.27795608879655],[4.9923598819586985,47.27786813849976],[4.992261884624738,47.27777328425658],[4.992218863599663,47.27772647487335],[4.992172942134134,47.277676383307124],[4.99213737256907,47.27763782089874],[4.992086147071815,47.27758385803368],[4.992035318397027,47.27752988833223],[4.991979572368672,47.27747177053654],[4.991914714939951,47.27740345302159],[4.991852764826361,47.27733859763552],[4.991793278578272,47.2772759512485],[4.991733432450667,47.27721430159899],[4.991672356275739,47.277151592396955],[4.991617327735394,47.27709139088312],[4.991557725276315,47.27702559450216],[4.9914651314606155,47.276926504374394],[4.99117343689954,47.276617945536735],[4.9911312912182835,47.276573282018305],[4.990806846700082,47.27624853448136],[4.990059443602314,47.27649711907883],[4.989670230985725,47.27662068498139],[4.98960182264385,47.2766493246149],[4.9895074875902985,47.27669605934547],[4.989447456713049,47.27672581595111],[4.989299804315498,47.2768120978173],[4.989094276977197,47.27693278170525],[4.988649940646506,47.27721884504192],[4.988712203525389,47.27728153542947],[4.988967003810225,47.277537421182636],[4.989013902914165,47.277560391137726],[4.989167984196613,47.277701294199495],[4.989342364706623,47.27790794812988],[4.989475217902302,47.2780651542805],[4.989440589306575,47.27808411904734],[4.989586240848059,47.27831891169274],[4.989595968770853,47.278335044508246],[4.9896066334613245,47.278355033551],[4.989617411475214,47.278378082463576],[4.989625712488504,47.27839856231129],[4.989633343370205,47.27842238562649],[4.989640797500242,47.278452155494605],[4.9896457712911495,47.278479266302575],[4.989652144894435,47.278544175512884],[4.989655985061646,47.27858355301981],[4.989660628689093,47.278623186905556],[4.989667482714491,47.27865819015766],[4.989674626823726,47.27869030672621],[4.989685088087583,47.2787262386935],[4.989695829440682,47.27875901398813],[4.989706350829994,47.27878584953306],[4.9897201227238055,47.27881470055149],[4.989735511548031,47.278844334314634]]],[[[4.985820990904148,47.279459564443336],[4.985827674637465,47.279468545404946],[4.985840899069045,47.27948263748721],[4.985863561109589,47.27950503301304],[4.985867671502828,47.27950883493752],[4.985891927159425,47.27953138328403],[4.985917353082186,47.27955337127259],[4.985947639653375,47.27957797764193],[4.985967251833888,47.279593040995486],[4.985969282086664,47.27959426698386],[4.986033400195619,47.27963198224061],[4.986037850789325,47.27963424743036],[4.986120048359062,47.279677776738254],[4.986209507097685,47.27972442358407],[4.986297779108376,47.27977118073527],[4.986368882536879,47.27980454370631],[4.9864043444412856,47.279818795276746],[4.986435749147101,47.27983068487244],[4.986472334746001,47.27984311611675],[4.9865096805597915,47.27985463379966],[4.986514484669338,47.2798557222261],[4.986724831887448,47.2799078629983],[4.986773433588747,47.27991243383917],[4.986845723081275,47.27991344710243],[4.987198932902419,47.279910459009116],[4.987605832125928,47.279910062047755],[4.987607425735887,47.279910214850304],[4.98773638164205,47.279919171928846],[4.987910640906358,47.279961572793155],[4.988378082257307,47.27964476908668],[4.988540430449123,47.279536984167095],[4.9891025013097545,47.279160020554954],[4.989433219445402,47.278903550870204],[4.989497370613901,47.278834910685646],[4.989521341443472,47.27880685320488],[4.989537774670283,47.278757492294666],[4.98954967708106,47.27871442276793],[4.9895530450167564,47.278655290006874],[4.98954679149732,47.278593620657176],[4.989541224663613,47.278539774170945],[4.98951348821595,47.27845541959902],[4.989424933589777,47.27831528437021],[4.9894211364499546,47.27830922586093],[4.989302551747722,47.27814069840881],[4.9892583463597555,47.27808328198709],[4.989169945863315,47.2779687190778],[4.989125780741982,47.277912382556366],[4.989083289231651,47.27785835870895],[4.9890331368124645,47.277801134228675],[4.988889704297696,47.27763690470364],[4.988731257278245,47.277474553374006],[4.988669770935976,47.277411399418064],[4.9885321167797585,47.27728525303174],[4.988494306343743,47.277250420151546],[4.988468777200993,47.277225642822394],[4.988251753794606,47.27701431531748],[4.988243429809876,47.277003921744445],[4.987516607792619,47.276113952237516],[4.987262667108028,47.276235102174034],[4.987220411802966,47.27618737735215],[4.98718180986002,47.2762062294281],[4.986908891740195,47.276340221081696],[4.986944113234026,47.27638023185009],[4.986769852102087,47.276455529452946],[4.98650778059481,47.276142129401514],[4.98639240607973,47.27626405621492],[4.9863129153527215,47.27633655953953],[4.986150188217189,47.27649838006163],[4.986612460562049,47.276954869210904],[4.986393745910322,47.27706262625232],[4.986211716323091,47.277153365033556],[4.986122458250964,47.2771979387811],[4.986164877206846,47.2772393574466],[4.986123547012942,47.27725960665531],[4.986404930994584,47.27752620928122],[4.986153111122434,47.27765128259098],[4.98602602555205,47.27771424439823],[4.985898498725354,47.27782971467563],[4.985731535432015,47.27790929824507],[4.985890175993786,47.27805562071375],[4.986411280159321,47.27853541778918],[4.98655061595689,47.27866414934411],[4.985718868654517,47.27908101779073],[4.985774951749348,47.279234318958146],[4.985777168264274,47.27924058474187],[4.985794903307716,47.27937671178548],[4.985796158271175,47.27939992403346],[4.98579952419703,47.27941580583524],[4.98580526055191,47.2794313769002],[4.985812573868722,47.27944665081064],[4.985820990904148,47.279459564443336]]],[[[4.986704555510986,47.279949994941795],[4.986631023228596,47.27993684568759],[4.986583688998281,47.27992360797278],[4.986454468570543,47.279886017222275],[4.986337360849075,47.27984317595142],[4.986196557166632,47.27978218930982],[4.986048256566537,47.27971169515507],[4.98583157001079,47.27957393103752],[4.985683555342838,47.2799192972277],[4.98553849660536,47.28033395350266],[4.985439276511512,47.28061400599753],[4.985373973693266,47.2808020739585],[4.985362538771299,47.280868638827215],[4.985366357809078,47.28096123816068],[4.985454644421862,47.2810083559146],[4.9857004322930125,47.28113850842831],[4.98583521701857,47.28120842392923],[4.985954374181393,47.281295897007624],[4.986530517058631,47.280976429943586],[4.9870198935558205,47.28070482343603],[4.987702361601535,47.28028726214167],[4.987771140009303,47.28023628422184],[4.9878347273707995,47.28018449467556],[4.98788619884149,47.28013786563537],[4.987963333068699,47.28005522576922],[4.987956026171256,47.280029415645195],[4.987734025365702,47.27997351441444],[4.987682876615212,47.27996448495238],[4.9876485906566,47.27996056974157],[4.987573834090412,47.27995725786136],[4.987506652179623,47.279954806746176],[4.9874288715416375,47.27995559897877],[4.987153695684666,47.279953919142926],[4.986860816402209,47.27995659425707],[4.986773790960882,47.27995430246911],[4.986704555510986,47.279949994941795]]],[[[4.998284793036692,47.284028098054094],[4.998196931004289,47.28391812525046],[4.998140443523287,47.28385110782042],[4.99803695941704,47.28372672524941],[4.997981225699227,47.28365861412119],[4.99792049666694,47.283584285252886],[4.997888059702428,47.28354477008097],[4.9978011434045655,47.283438833100796],[4.9977616872239015,47.28339205438603],[4.997743342806142,47.2833685061172],[4.997705008588075,47.28330919063879],[4.997686441858686,47.28326898630687],[4.997676545144362,47.28323772807719],[4.9976747457791815,47.283221369338435],[4.997674682193705,47.283219659418336],[4.997732449618957,47.28305422714626],[4.997755591733421,47.282982596381444],[4.997786855201925,47.282883809727416],[4.997773014345771,47.28285324979423],[4.997772594160392,47.28285262665581],[4.997747664526022,47.28280145532509],[4.997734715779058,47.28278420793376],[4.997721494109074,47.28277029721785],[4.997642724579913,47.282712578523565],[4.997523230258808,47.28263800056453],[4.9973786402547775,47.28256115295282],[4.997218644115347,47.282486371458816],[4.997124843716904,47.282440798238206],[4.997029903395037,47.282396595367615],[4.996918802006737,47.282344835952834],[4.996740113632057,47.28224777215067],[4.996723411881681,47.28223635266425],[4.996657385078649,47.28219030105373],[4.996529426434978,47.282101549280775],[4.99628670354089,47.28192651988353],[4.996083311827376,47.2817628804311],[4.996080454322852,47.281760768314726],[4.995949295767791,47.28166063419254],[4.995849262455431,47.28160751266331],[4.995717468280208,47.28154368075222],[4.995616917122644,47.281508668674356],[4.995614903292669,47.28150789283534],[4.995522094402068,47.28147824075349],[4.995444412182589,47.28144967921507],[4.994807169255946,47.281202275126205],[4.99474474127218,47.28117822366153],[4.99442002745348,47.28107214029133],[4.99404613765201,47.281470119640574],[4.994025202759007,47.2814622846189],[4.993984943366546,47.28144721725882],[4.994043527731059,47.28143189181452],[4.994393934971028,47.28106439400463],[4.994099306519057,47.280977334124394],[4.993878075535296,47.28092107104739],[4.993850052923516,47.28091479866824],[4.993433695326348,47.28082100397705],[4.993037678214198,47.28063338295862],[4.992885745537594,47.28056160897147],[4.992794393223541,47.2805283275932],[4.992637144271184,47.28047375475213],[4.9923217808369555,47.280373358484894],[4.991901596507337,47.28029394259773],[4.991895201952746,47.28029279164699],[4.991746683479893,47.28025950041558],[4.991656096121607,47.28023611089362],[4.991519426500086,47.28019045874882],[4.991344409530435,47.280117007847096],[4.991268601779203,47.280085349578926],[4.991140367590734,47.28003162750848],[4.990920600067535,47.2799396726479],[4.990867763686621,47.27991725559572],[4.9907564700422435,47.27987071681166],[4.990704043873355,47.27984865286054],[4.990602432248171,47.27980627034746],[4.990601215362085,47.2798055708016],[4.9905075753586825,47.27977475835424],[4.990362663170552,47.27975302038568],[4.990263189051452,47.279736176054904],[4.9897656259771495,47.279657449690326],[4.989600224267857,47.27962912811009],[4.989503091036479,47.27961116234724],[4.9893807069535985,47.279586695423326],[4.989209518122157,47.2795521688029],[4.989110821768685,47.27952414354854],[4.989015666141713,47.279495247023796],[4.988953809387772,47.27947577542978],[4.988581914106307,47.27964956010481],[4.98854392341063,47.279674255558646],[4.988506579243334,47.27970569391329],[4.988427326461978,47.279773961963635],[4.988124841945748,47.280064164896054],[4.988394156555398,47.28018634411835],[4.988659811466292,47.28031687036688],[4.988949181434185,47.28047670701393],[4.989033966353043,47.28052568319505],[4.989129716713938,47.28058131534807],[4.9892142784977604,47.280634977997025],[4.989310996013439,47.28069527619084],[4.989387390003921,47.28074277504785],[4.989477136633323,47.28079706902441],[4.989526279147464,47.28082693442364],[4.989626197980032,47.28088789788664],[4.989690376861747,47.280927141036486],[4.98989025216636,47.28105005754443],[4.989997133198531,47.281116754738896],[4.990054027835873,47.28115225035322],[4.990177409278634,47.28122496806478],[4.990286174729781,47.28128893107456],[4.990425370079113,47.28137056265869],[4.990499628886426,47.28141395498663],[4.990837660843688,47.281611765069464],[4.991361039986482,47.28189374451905],[4.991362660353547,47.281894617238095],[4.991741827693874,47.28209883286521],[4.991918126019707,47.28219594524327],[4.992089106985881,47.28228882610843],[4.992197263181464,47.282346944372684],[4.99239094072701,47.282452312673726],[4.992426192797139,47.2824715189807],[4.9925615198937,47.28254501965495],[4.992722007128499,47.28263321696621],[4.992817339292222,47.28270947554697],[4.992920443836866,47.282791904266674],[4.993113824012601,47.28295337970736],[4.99316136069293,47.28299335716671],[4.993262996140736,47.28307896269579],[4.993369533299018,47.28316826615566],[4.993495373173801,47.28327488828822],[4.99353431792347,47.28330798907754],[4.99361841883475,47.28337039169555],[4.9936457801112635,47.283390903931455],[4.993782156642781,47.28349257187137],[4.993866354997938,47.28355758418586],[4.994009570901731,47.28366165581565],[4.994063917349542,47.28370322688634],[4.994121514838893,47.28374681327825],[4.9941803294446,47.283791099148004],[4.994219928206029,47.283820406233744],[4.9942648586966865,47.28385430442807],[4.994268526477903,47.283856852926235],[4.994367850719871,47.283933581967794],[4.9944598162547535,47.28400458396735],[4.994549021366606,47.28407608361959],[4.994626786394384,47.28413886461357],[4.9947442478648085,47.284233562335125],[4.994822129398779,47.28428877672182],[4.994947296332168,47.2843771280768],[4.9949966456925345,47.28441239086519],[4.99505209373257,47.284451511104855],[4.995159755723346,47.28452818616435],[4.9952029699549945,47.284558601441866],[4.995267566431148,47.284587478282454],[4.995408863316486,47.28465042687993],[4.995496873951651,47.284689707286645],[4.995655126686259,47.28476019858895],[4.995684595927831,47.28477328972748],[4.995759556925989,47.28481396510487],[4.995878474088226,47.28489431819534],[4.995987702983008,47.28498105152305],[4.996097005800116,47.28506976465181],[4.996114618891497,47.28508432041406],[4.996235052406625,47.28523750018438],[4.996313466536167,47.28543516875744],[4.9963623975754246,47.28546980780667],[4.996377802894617,47.28547836794834],[4.996430512019514,47.28548646628924],[4.996548270133349,47.28547147221151],[4.9966097238388345,47.28546915391148],[4.996696803422576,47.28552961198281],[4.996735246407194,47.28555623652665],[4.996812892355257,47.28561568617543],[4.996913080579462,47.28574751085457],[4.997001047396926,47.28589233337847],[4.9971120898010986,47.28610249753679],[4.997224457267004,47.28631624090746],[4.997262391026386,47.286386099628174],[4.997301639047574,47.286459267683064],[4.997335504767399,47.28652649481117],[4.997373755294018,47.28659418676244],[4.997474253150588,47.286723574190205],[4.997504681022197,47.28676240361746],[4.997523029840694,47.28678604188694],[4.997526137207038,47.28678418732276],[4.997540019524784,47.286794484548615],[4.997570804111802,47.28683222717803],[4.9975629787995315,47.28683533366494],[4.997570785496235,47.286842403519515],[4.997609366800441,47.286886946004856],[4.997651289814771,47.2869359336052],[4.997742586195358,47.28704206537983],[4.9977907390982885,47.287098420083865],[4.997848426621436,47.287165597088894],[4.998074998906933,47.287471388671484],[4.9981722015243335,47.287640185533014],[4.99824941086799,47.28782652682348],[4.998271527035302,47.287908724768066],[4.998308885569819,47.28799507279771],[4.998338259800698,47.288069581246916],[4.9983841672962885,47.288150919133365],[4.998499775418453,47.28836613634009],[4.998613875953609,47.28859416695878],[4.998628075385217,47.28862363993787],[4.99864054364078,47.28864927044619],[4.9986647636030215,47.288702615026494],[4.998697535829551,47.2887937246949],[4.998729861133783,47.28888349125282],[4.998763057174562,47.2889753140249],[4.998797904172639,47.2890688193566],[4.99889178733832,47.289340333460096],[4.998930482418104,47.28945187315107],[4.9989712554731645,47.28956589851721],[4.998991442860895,47.2896282277649],[4.999098085248666,47.28979442974945],[4.999127596909882,47.28984056884858],[4.99925096313842,47.29000801345369],[4.999302824033333,47.29007853205191],[4.999353007371158,47.290146648097085],[4.999436482003888,47.290266421311294],[4.9995274797158835,47.29038561455675],[4.999599810413592,47.29048333655265],[4.999667315936921,47.290579430649906],[4.999680317439457,47.290598027702394],[4.999781974246329,47.29075819136562],[4.999791663924987,47.29077315330312],[4.999802487097678,47.2907865647996],[4.99982061715725,47.290804262966894],[4.999845102998177,47.29082203169379],[4.999858526322942,47.29083062555097],[4.9998818834768946,47.29083940840364],[4.9999035561971725,47.29084560874152],[4.999937779626793,47.290847630409274],[4.99999576516149,47.29084798174547],[5.0000202404721295,47.29084413784875],[5.000437441595877,47.29076625408267],[5.000524820859829,47.29074556625228],[5.000850901664708,47.290662588025896],[5.001045627628377,47.29062428933339],[5.000947425861667,47.290450379032094],[5.001088227928823,47.2904141808476],[5.001049511646349,47.290355503457015],[5.001491312073545,47.29025593898371],[5.001470393882761,47.29020605009037],[5.001486132225436,47.29020217647873],[5.0014542844069885,47.290125370079195],[5.001408749513959,47.29002223404419],[5.001362138374826,47.28992217836532],[5.0012980466242185,47.28980054123005],[5.001241629793852,47.28967174752708],[5.001212095263737,47.28960372637868],[5.001182634571623,47.28953768512095],[5.001081541949828,47.28930745138083],[5.001013230180968,47.28913644760201],[5.00100140462776,47.289096127560654],[5.000966986526269,47.28898226338253],[5.000938991158878,47.28887026960144],[5.000902020650734,47.288730514062735],[5.0008685880132955,47.28858979696418],[5.000853950681218,47.28852728222279],[5.000835487942407,47.28851130095769],[5.000813421738717,47.28848385500523],[5.000810022747554,47.28847788004684],[5.000809784742566,47.288471490365666],[5.000811107117034,47.28846435335004],[5.000814760003259,47.28845582534615],[5.000834138590832,47.288432437521166],[5.000834521980921,47.28843207069645],[5.000825244608021,47.28834289778816],[5.000815872164381,47.28826183131502],[5.0008118299416555,47.28820660827976],[5.000808036655079,47.28817938753532],[5.000803873392658,47.288152893597164],[5.000785089685713,47.28797905437016],[5.000735128621004,47.28776766019449],[5.0007209634647785,47.28769649215868],[5.0007048659227,47.287616081946936],[5.000669999332454,47.287554096100315],[5.000633721225948,47.28748619106123],[5.000475908348492,47.287193357071864],[5.000294022477639,47.286968387860924],[5.000188806933362,47.2868084659524],[5.000139144448976,47.28673295685603],[5.000098189907593,47.286667383600026],[5.000060614150074,47.28660724533923],[5.000021206731917,47.286540564745316],[4.999984586955927,47.28647410624466],[4.99994798737419,47.2864081877043],[4.999913495770828,47.28634556479074],[4.999911871780105,47.28634460219708],[4.999869311566737,47.28632120151418],[4.999856619275162,47.28631088404697],[4.999854104556699,47.28630732525825],[4.999852756735591,47.28630311598219],[4.999853265514508,47.28629545267607],[4.999855307819158,47.286286322082745],[4.999863393762111,47.28626889245858],[4.999874233727406,47.286250784988674],[4.99987498038668,47.28624951137124],[4.999795378373146,47.28605231576643],[4.999764454402005,47.28596819860888],[4.999727128439644,47.28588275093239],[4.9996951851915306,47.285803244044786],[4.99966409589785,47.28572534339005],[4.999633006694318,47.28564744272451],[4.9995309532258485,47.28539101853012],[4.999449962439075,47.28518844339363],[4.999430464383009,47.285133936897836],[4.999393146842455,47.28509135437753],[4.999307743642474,47.2849942176562],[4.999241942339714,47.28495437727042],[4.999161689839061,47.28491028319368],[4.999080258964092,47.28487719588183],[4.999009541154885,47.28485815236416],[4.998907808113421,47.28483072789092],[4.998618045244807,47.28443768391944],[4.998482963172993,47.28426440675012],[4.998389152181043,47.28415462661785],[4.998284793036692,47.284028098054094]]],[[[4.996584738608576,47.28551262936447],[4.996571668350406,47.285513484662744],[4.996299072410134,47.285582023196476],[4.9961984548703935,47.28532106896821],[4.996167082348362,47.28525677037495],[4.996120944424234,47.28517975813834],[4.996075758518509,47.28511767835241],[4.996031737446765,47.28506557442566],[4.995826032005374,47.284914761916774],[4.995686990870362,47.28484844303935],[4.995454719997444,47.284730596093716],[4.995382643721975,47.28469275261557],[4.9949779903161255,47.284444590522234],[4.994922209066481,47.28440718699027],[4.994708910499944,47.28425488216203],[4.994646130606678,47.28421075477973],[4.994491846734923,47.28407598590661],[4.9943030266095265,47.28391992756059],[4.994129139229226,47.28378108258704],[4.993958324054604,47.28365010924877],[4.9937319273135135,47.28348704129161],[4.993684576808276,47.28345210384449],[4.993522409696057,47.2833294462787],[4.993345394944072,47.283181108253935],[4.993163909959441,47.28302996506145],[4.9929962864013016,47.28288857938604],[4.992895178701275,47.2828064766431],[4.992743474583279,47.28268751057778],[4.992741824125098,47.28268582791468],[4.992665470655465,47.28262887491337],[4.992108449724472,47.28233937407757],[4.991689423175885,47.282109548360374],[4.991562160206448,47.2820393302851],[4.991390327392486,47.28194484232641],[4.991235292379589,47.281864384275],[4.991092210568964,47.2817957880113],[4.990993998947497,47.28174884478853],[4.990842702599427,47.28167282472686],[4.990623318717564,47.28154853354829],[4.990542988343587,47.28150200355629],[4.990440360110208,47.28144297846551],[4.990312570237197,47.281369165965],[4.989960228961741,47.28114935668643],[4.989874071971925,47.28109554182103],[4.989791975944132,47.28104417873203],[4.989694047025982,47.2809833613849],[4.989600545849718,47.28092417903272],[4.989518833758583,47.28087244895819],[4.989171849913891,47.280657768564105],[4.989082893978867,47.280603370747194],[4.988911043725184,47.28049744274927],[4.9887836549429085,47.280423621734556],[4.988780007645369,47.28042161303636],[4.98867383273174,47.2803631875473],[4.988528531315522,47.28028805236621],[4.988431478269287,47.280240096585985],[4.988428641132112,47.28023852425688],[4.988265613682851,47.28016711460825],[4.988093741845508,47.2800927044432],[4.98775141078202,47.28035756377777],[4.987655173289538,47.28041747716204],[4.987653616290504,47.28041831431821],[4.987326480556014,47.280621855859856],[4.986812019516435,47.28092361086861],[4.986446259211874,47.28113492546355],[4.986231915665031,47.2812754762772],[4.986229598396141,47.281277226961436],[4.986180585547573,47.28131525805855],[4.986095648202924,47.28140172238715],[4.986238900959221,47.281582527997195],[4.986283082707531,47.281639315514035],[4.98646880465567,47.28188423197233],[4.98650597402814,47.2819124125244],[4.98655455535817,47.281948592487296],[4.986763611970794,47.28203002265914],[4.987070571740461,47.282150119426305],[4.987132916907443,47.2821827314388],[4.987263265241088,47.28225065009414],[4.987404440014214,47.28237511662931],[4.9875452086957415,47.282499319795285],[4.987607583477694,47.28255417418179],[4.987621946131905,47.2825668057132],[4.987678130465945,47.2826045659691],[4.9877537721710254,47.282653159413215],[4.987895544705178,47.28272934663497],[4.988006531623649,47.282778234805896],[4.988234487834288,47.282866002464196],[4.988546517279049,47.28297268067238],[4.988675393142635,47.28301144579555],[4.988893593669749,47.28305012032869],[4.989508841231365,47.28315402882079],[4.98981740443282,47.28320988305879],[4.9901686885511864,47.28327220789851],[4.9910060522406505,47.28341309216463],[4.991295687258366,47.28347232916313],[4.991271044966734,47.283493014097616],[4.9909937163506966,47.28344446228104],[4.990308672350753,47.2833321232943],[4.990175743543543,47.28331261081454],[4.989882506357778,47.283263248635045],[4.988690338883444,47.283050542834964],[4.988615544961617,47.28303561533732],[4.98852434099339,47.28300638045377],[4.988520720180301,47.28300509171808],[4.987967441874314,47.282794753993116],[4.987684988845367,47.2826718982752],[4.987557968311019,47.2825652002113],[4.98751238999788,47.282524376498905],[4.987243478372221,47.282295295186806],[4.987102615221386,47.28221143709618],[4.9870572499621115,47.28218708928778],[4.986566540819234,47.282004310255125],[4.986643612673927,47.28217751346308],[4.986666818929095,47.28231120519204],[4.986669619293773,47.28236545927766],[4.986659586776787,47.28246991260603],[4.986591870523601,47.2828288532377],[4.986582453031349,47.282907000495584],[4.986578909440774,47.28314399089979],[4.986577133213293,47.28327847059387],[4.988351626780212,47.283392156646414],[4.988377422682023,47.28330607399291],[4.988386962744083,47.28327421177742],[4.9888550624593675,47.28339271274999],[4.989009208645527,47.283449144990136],[4.989415415508561,47.283600853817596],[4.98966294200341,47.28372376410059],[4.989658917114268,47.28377588385862],[4.989813038410252,47.28385302771142],[4.989959074842829,47.283915541319445],[4.990039758450445,47.28395008859202],[4.990425953058901,47.28396867842087],[4.990541292361278,47.28397417397263],[4.991052217032272,47.284080224548354],[4.991305099461253,47.28413324825859],[4.991231982848451,47.28424932103],[4.991592976686333,47.28426275624197],[4.991872957969733,47.28432918173807],[4.992261587431382,47.28437050717422],[4.992282562371974,47.28444363041672],[4.992258106011595,47.284533563281876],[4.9925738042565655,47.284567404887746],[4.992609632929556,47.28447367449994],[4.992773063944737,47.284501935813935],[4.992872957799286,47.28451913112824],[4.992876555448247,47.28451978975616],[4.993235156589631,47.284575676073494],[4.993799275433769,47.28491656021665],[4.993842005323112,47.28489115129905],[4.993953188810519,47.28489158188205],[4.9940041907207755,47.28486440977687],[4.994051589447403,47.28490060701512],[4.9941443263824645,47.2849709656268],[4.9941049103060795,47.284989383598905],[4.994070865799589,47.28505624793452],[4.994142747653683,47.28513164776036],[4.994156389139554,47.28514618202153],[4.994466418877668,47.28536940791746],[4.994650838146155,47.285503028349765],[4.994729154465796,47.28547367532356],[4.994916724109359,47.285627953428545],[4.995128417942484,47.28588654832318],[4.995138802075531,47.28589888715543],[4.995170049538164,47.28594202563273],[4.9953325535763,47.2861660751246],[4.9954786062997485,47.28636762387198],[4.995646105169587,47.28632349852313],[4.995694949511337,47.28641991586538],[4.995746472319793,47.28652430185139],[4.995924171973098,47.28648756511288],[4.995986464213128,47.28658258030072],[4.996018024559535,47.28665191866792],[4.995758796970812,47.28672779027483],[4.995805820672518,47.28681793515553],[4.995952435545497,47.287098630431345],[4.995986733554617,47.28716684106212],[4.996017186319759,47.287227733469834],[4.9958109587994874,47.28726613172288],[4.995824446367347,47.28739404543668],[4.995831775891402,47.28746308022143],[4.995837089138163,47.287509906545516],[4.9962915646274935,47.28745264859989],[4.99632095005707,47.28750617492963],[4.996224761388587,47.287524759922825],[4.996228427365525,47.28753793467195],[4.996251354399972,47.28753519882061],[4.996285990866917,47.2876124989137],[4.996393299919186,47.28759399268838],[4.996407648382353,47.2876275157563],[4.996313853667475,47.28764641983984],[4.996320854566698,47.287663859759775],[4.99634488507074,47.28765876352096],[4.996352679569563,47.287676189784236],[4.996388180101591,47.28775536609664],[4.996111344921962,47.287827669050564],[4.995946654956605,47.28786202090348],[4.9959981517335725,47.28795497044008],[4.996078626592568,47.28794088849173],[4.996149190175794,47.28806610919792],[4.996173733206427,47.28817095913279],[4.9962020472239805,47.28830248997805],[4.996230224255292,47.288430330987936],[4.996060016288761,47.2884551422094],[4.996079662622536,47.288513699001264],[4.995953655192974,47.28853126581309],[4.995265174398999,47.28862775736084],[4.995219732453776,47.28866573074867],[4.995242184589323,47.288928119728105],[4.995336116687784,47.28916937771646],[4.995404360281008,47.28933903489971],[4.995441670028023,47.28950967430294],[4.995454133409263,47.28956727406369],[4.995255883820133,47.28961760104543],[4.9952648322484485,47.28970885107503],[4.995323520600449,47.28974953643221],[4.995469841711114,47.28976566109069],[4.99554200142455,47.28986969215756],[4.9950767394181925,47.29009679224388],[4.995151857204498,47.29028046965364],[4.995178659997211,47.29027514590793],[4.995200640117665,47.290332401926385],[4.995416054871582,47.29024170627905],[4.9954230246920694,47.290247619973684],[4.9954734947559185,47.290227390592],[4.995758474031629,47.29055559562239],[4.9958590925245305,47.29078431078176],[4.996094254309811,47.2907441542332],[4.996166853848098,47.29073173869317],[4.996261230880467,47.290920667377904],[4.996226794680979,47.29092360120827],[4.996243594131994,47.29098031579475],[4.996270250808695,47.29106720868141],[4.9962936330273795,47.29106599592289],[4.996317808882989,47.291064769505205],[4.996479897101038,47.2910563073406],[4.996482870096408,47.2910721955843],[4.9967519429239555,47.2910363171005],[4.996758290542078,47.291078893037636],[4.996786078035322,47.29127094837656],[4.996804191714555,47.291352314817345],[4.9968113785804835,47.291385420730094],[4.996778639070961,47.291412639855345],[4.996791968956728,47.29145077308083],[4.996834163657915,47.29157107830325],[4.996899698328984,47.291507453644236],[4.997083032759082,47.29147232951209],[4.997603467157106,47.29137268748842],[4.997730441593725,47.29166920762645],[4.998014120639512,47.291606058852494],[4.99801527926448,47.29160874049533],[4.998649947752656,47.2915057758862],[4.998522509879776,47.29119692735419],[4.9990346693815235,47.29109913234503],[4.999853160971985,47.2909424740454],[4.9997596883271385,47.290810175941395],[4.9997140129028415,47.29074585466825],[4.999620527541441,47.29061319645964],[4.99948344564748,47.29041870247817],[4.999364069326374,47.290251819740575],[4.999243779536362,47.29008171070537],[4.999168838045639,47.28997781980367],[4.999068438786126,47.2898406875659],[4.999032646806451,47.28978583143926],[4.998986194505247,47.289711257200395],[4.998936944581522,47.289636190820794],[4.998897599749938,47.289528534620125],[4.998854772518863,47.289412653499724],[4.99880968512445,47.289278710598],[4.998765505423054,47.28914781384869],[4.998721948759369,47.28901231363161],[4.99866643967582,47.288865042204584],[4.998632693033018,47.28876908644],[4.998603865495133,47.288698621052134],[4.998558948382464,47.288601236719956],[4.998540039307609,47.288562569371415],[4.998527157578256,47.288536495708286],[4.998522848045592,47.28852738450751],[4.998514676009593,47.288510505204265],[4.998483282111792,47.28844575734344],[4.998423585147005,47.288335299648416],[4.998364265137011,47.288224295109906],[4.998303307964954,47.288111967938164],[4.998253302241482,47.28800584590359],[4.99822964193298,47.287988873113164],[4.998213365007507,47.287978256994705],[4.9982018128133765,47.28796656891835],[4.99819483135077,47.287949669087695],[4.998193716373556,47.28794104317692],[4.998199588130261,47.28791743815192],[4.998210608177723,47.28789347430159],[4.998124329719171,47.287687477456835],[4.99808184707425,47.28758077551686],[4.998040613208801,47.2875076419251],[4.998019851481207,47.28747251846947],[4.997971237610971,47.287414460785044],[4.997905147042004,47.28732419479475],[4.997836511942954,47.287229559971614],[4.997778347247488,47.28716022989914],[4.997721540416693,47.28709537908197],[4.997665574156645,47.28703177451075],[4.997556123161763,47.286907224163414],[4.997503525694335,47.28684878460587],[4.997441373890168,47.28677898269246],[4.997368193955552,47.286722248219455],[4.997355689026895,47.28666356864892],[4.997321939796459,47.286620834016524],[4.997277024803945,47.286534075426346],[4.997184386264028,47.28634907971708],[4.997135505854982,47.286251763041996],[4.99708566811354,47.286150050212704],[4.997010431111833,47.28600590917883],[4.99687197071001,47.285763077214646],[4.996782076696722,47.28564116130261],[4.996750203366487,47.285606138803686],[4.996729358835873,47.28559010784273],[4.996656520924344,47.28553895035272],[4.996640896313593,47.28552805263518],[4.996608709188605,47.2855166294645],[4.996595495097448,47.285513614948634],[4.996584738608576,47.28551262936447]]],[[[4.984904639566194,47.286784763502794],[4.985009526891194,47.28693704960566],[4.98508164083268,47.28695454681395],[4.985153758147001,47.286972133973315],[4.985370396848224,47.287064873778064],[4.985546683319688,47.287161545658634],[4.986112988002332,47.28724001477867],[4.986257396047316,47.286979180787064],[4.9854223227905035,47.28639651284832],[4.985002686162033,47.286580016743265],[4.984904639566194,47.286784763502794]]],[[[4.996624869182729,47.26410662514964],[4.996849967303321,47.26414057228506],[4.996892346794006,47.26414893803936],[4.996903942415652,47.26415125989269],[4.996963967180756,47.26416454492812],[4.997036081215652,47.264182754841556],[4.997100649475205,47.26420082449014],[4.9971644914281175,47.26422070769309],[4.997233236699781,47.26424437874529],[4.997312158453664,47.264274898716394],[4.997389190849203,47.26430797269004],[4.997469197050423,47.26434630858638],[4.997540867616096,47.26438460789525],[4.997616128354945,47.26440204282274],[4.99738478472305,47.26400789823394],[4.997321224559232,47.26389948710633],[4.997266477020287,47.26380037985547],[4.997264204525199,47.263796186448765],[4.996299160952679,47.264024519520866],[4.99615241532192,47.26405919474732],[4.996507634347265,47.264091713276926],[4.996623269328378,47.26410629247691],[4.996624869182729,47.26410662514964]]],[[[4.9906122095605,47.26890584184123],[4.990608369762497,47.26892004618042],[4.990609439938989,47.268948935063385],[4.990616486792029,47.268999874588395],[4.990620886924345,47.26903293884427],[4.990835337850202,47.268982610198904],[4.990897112787774,47.26896804176581],[4.991253605493029,47.2688842055049],[4.991294524200285,47.26887449761104],[4.991375191614496,47.26885564219006],[4.991985080202695,47.268712159661646],[4.992665675655302,47.26854890800354],[4.99345438472869,47.26835785860204],[4.993598737217122,47.26832250778528],[4.993727000449792,47.268292116160445],[4.993823788581582,47.268269199624804],[4.994199563547746,47.26817043392224],[4.994482969608619,47.26809603907149],[4.995098052869347,47.26907641303394],[4.995218199138833,47.26903049003702],[4.995316026539324,47.26899278556199],[4.995509747781986,47.26891876043093],[4.995597405452878,47.268885102998276],[4.995686632922349,47.26885096821654],[4.9957692040522925,47.26881928930356],[4.99586508083593,47.268782518453044],[4.99595156815618,47.26874942120636],[4.996041968422689,47.268714815689485],[4.996043538323895,47.26871433840229],[4.9965980932489,47.26850271228215],[4.996702591580993,47.26846300062585],[4.99680356336769,47.26842452028801],[4.9968200020215265,47.26841829371148],[4.996899745092621,47.268385311845805],[4.99695172382067,47.26836352438572],[4.996993943421367,47.268346137471205],[4.997376792158119,47.26819221662165],[4.997636060803496,47.26808788148654],[4.9977263651918635,47.268050754750035],[4.997815343840646,47.268020674987284],[4.997899144354697,47.267979427605205],[4.998026565984699,47.267937158537336],[4.9981663639893945,47.26787549459994],[4.998292215307361,47.26783370255461],[4.9983582747709505,47.26780635864933],[4.998421194461806,47.267779969345334],[4.998894913575897,47.26758305266399],[4.999306652879631,47.26742718641803],[4.999259042731675,47.26733164930205],[4.998772604659184,47.26641824025477],[4.998729104996441,47.266337130778304],[4.998708600351931,47.26629804046693],[4.998684435641817,47.266256581767344],[4.998639426687812,47.266177569510404],[4.998596168410622,47.266102939716454],[4.9983911902907225,47.26574580529754],[4.998339814398983,47.26565564587166],[4.998288065474829,47.26556612322874],[4.998235843125124,47.26547453747553],[4.998201917512448,47.26541604652195],[4.998129768944421,47.26529022326869],[4.9980805443737975,47.26520452936594],[4.998023688799065,47.2651057289583],[4.997968926982146,47.265009864237044],[4.997918009353579,47.264921317700825],[4.997868372104324,47.26483518054574],[4.9964721427380265,47.2653049922714],[4.9950889377404355,47.26577348198287],[4.993621833478474,47.266270503164925],[4.993664788512055,47.26634784152267],[4.9937481655287055,47.26649841925439],[4.993795797822703,47.266584142225376],[4.993838723304897,47.26666067054031],[4.9938957130802235,47.266763252790234],[4.993927201586276,47.266820345941966],[4.9939731276693395,47.26690285623146],[4.994009703301846,47.26696868718278],[4.9939999175053,47.26697236753044],[4.993988948461929,47.26697624832824],[4.993971716638192,47.26698248814576],[4.993969360164957,47.26698315903677],[4.993883792270769,47.26683775220796],[4.993736368814802,47.26658696493986],[4.993347441525147,47.26668397424773],[4.993073753726505,47.26675270617416],[4.992761938188693,47.26683145816617],[4.9924886188362,47.26689946192059],[4.99209221756345,47.266998396407914],[4.991892471509831,47.26704901534767],[4.991697031444026,47.267098029074724],[4.991477205938382,47.26715304452633],[4.991273512305517,47.26720427048374],[4.990851991385222,47.26731092628186],[4.990402113680859,47.26742356044672],[4.990164989763774,47.26748310275288],[4.990281060423418,47.267627178210084],[4.990349380541248,47.26772506494022],[4.990435326934086,47.267870197526996],[4.990472815532604,47.26793934582609],[4.9905013545299175,47.267991897707134],[4.990502351181101,47.267997373882345],[4.990518664390187,47.2681056087011],[4.990519257727621,47.26811091169025],[4.990521758109021,47.26819984189763],[4.990593140999431,47.26855180762027],[4.9906220519118625,47.26880724417705],[4.99062383562725,47.2688661087111],[4.9906122095605,47.26890584184123]]],[[[4.9942303820339395,47.272733379733],[4.994398426525058,47.27269437890745],[4.994729387966016,47.27261727517465],[4.994737258146177,47.272615428808535],[4.995056094259972,47.27253249904652],[4.995422143733455,47.27240625080552],[4.995538855109337,47.27237452519277],[4.995681357286929,47.272342535826446],[4.99590519892195,47.27234174612993],[4.99617019288851,47.272348172520736],[4.996379703875329,47.27234627772788],[4.996513822098562,47.27234504991625],[4.996584854703415,47.27234454766297],[4.996665327382544,47.27234172157426],[4.996827913662936,47.27231613909124],[4.996970555397661,47.27228792798184],[4.997105556367821,47.272257056583705],[4.997116173068769,47.272254352280264],[4.997219583331923,47.272227896981924],[4.997316326882636,47.27220362762574],[4.997430626514615,47.27217113112548],[4.997640981483116,47.272106542046046],[4.9976507713110285,47.27210295139509],[4.997793005660639,47.2720531333514],[4.99786805696811,47.27202194278415],[4.997938455136146,47.271993714040136],[4.9979701376340335,47.27198110108747],[4.998046177979567,47.27194449013343],[4.998142884023941,47.271897887361796],[4.998230052921255,47.271850998539584],[4.998306322234684,47.27180988076949],[4.998395050774737,47.271762244515756],[4.998453417505576,47.271730710635325],[4.998493436615304,47.27171813400444],[4.998711931249347,47.271648359655245],[4.998826078205121,47.27161181194433],[4.9989586711853855,47.27156963304102],[4.999081057566891,47.27153051161844],[4.99929209758631,47.27146311597335],[4.999493707336444,47.27139831395475],[4.999580777502712,47.271370156988986],[4.999691430253412,47.27133573988038],[4.999886782724221,47.27127347649278],[5.000081351448202,47.2712114964435],[5.0004387090016875,47.271097539112695],[4.999410723583039,47.269434857566516],[4.999063654578717,47.26954773409209],[4.998847572336937,47.26961809812134],[4.998651888271443,47.26968198656873],[4.9985526677921985,47.269714224579026],[4.998467573035149,47.26974207663012],[4.998285997204274,47.269801128600285],[4.998254237783183,47.26975826977913],[4.998434993405927,47.269698511556555],[4.9985345838098665,47.26966554684173],[4.9986326108813435,47.26963323935557],[4.998841654018153,47.26956569866148],[4.999537011847756,47.269340735348194],[4.99914367216707,47.26879665555958],[4.998609728603072,47.26891131086503],[4.99841528699942,47.26897652837054],[4.998216541945548,47.269043440653334],[4.998120888945227,47.26907552680239],[4.998034255197716,47.26910466582479],[4.997835112538496,47.26917158428381],[4.997510681542231,47.26928487668919],[4.99740652868825,47.26932323228455],[4.997303182383346,47.269361934109746],[4.997074655730894,47.26946060593169],[4.997055547202466,47.269469760232404],[4.9969931252054005,47.26949893183386],[4.996829501244445,47.26958180686847],[4.996744581001608,47.26962505385634],[4.996661004431912,47.26967242012663],[4.996578924074283,47.26971732912247],[4.996498063658704,47.269763027542666],[4.996356890735145,47.2698412828828],[4.996216104033365,47.26991926123278],[4.995994542575374,47.27004527737786],[4.99590630166275,47.2700953349037],[4.996204442338434,47.27050283080528],[4.996161193423978,47.27051393132957],[4.996060925846423,47.27053943112871],[4.995985824267724,47.27055855421447],[4.995834434288946,47.27059691071292],[4.995639408324284,47.27064664415639],[4.995447694797733,47.27034736172272],[4.995346441049623,47.270378371154976],[4.9952418567902725,47.270405205259635],[4.995452460124918,47.27071082701258],[4.995387395126307,47.27073301896864],[4.99535251601177,47.27074505583994],[4.995300773934315,47.27076260591171],[4.995249184543375,47.270773579405336],[4.995034111018791,47.270828609628104],[4.9949830050543484,47.27084191608457],[4.994697281132193,47.2709077065352],[4.9946071636118194,47.27095005065802],[4.994811636474448,47.27122957325572],[4.994634829261928,47.27129970397493],[4.994574583426179,47.27132343354523],[4.994433755933299,47.27113314011202],[4.994388972902903,47.2711457071974],[4.99427667701575,47.271178706590995],[4.993999861678892,47.271260011449925],[4.994090570312386,47.27140469930322],[4.994033190253989,47.27142009437176],[4.993973453494292,47.271436160301725],[4.993945550105224,47.271443664179515],[4.993800926362508,47.271482622055245],[4.993796996348424,47.271483680201555],[4.993621117819779,47.27146121813132],[4.993611269726536,47.27144184573993],[4.993515205700542,47.271463038502894],[4.993521986553752,47.2714746289444],[4.9932224372765415,47.27154236429543],[4.9930901709146385,47.271604162664055],[4.992946579805559,47.27164958557695],[4.992833202097661,47.27168557389347],[4.993021035858382,47.27198753853916],[4.99314853095403,47.27219301158782],[4.993357894473386,47.27252954655677],[4.993472867017104,47.27249371046226],[4.9935799258029165,47.27245855058957],[4.993610086345572,47.272501167926556],[4.993678775334696,47.272597965728984],[4.9937380556018525,47.272665837871926],[4.993816811697939,47.27275579858055],[4.99382785612022,47.272764614103494],[4.993840063882612,47.27277268919865],[4.993852194838956,47.27277869437793],[4.993865072412622,47.27278342597016],[4.993879093287235,47.27278687715615],[4.993893050710832,47.27278861841104],[4.993910544898097,47.27278939833008],[4.993927985650983,47.27278873830597],[4.9939596435847875,47.27278612285928],[4.99398848130823,47.27278238518747],[4.994105205140114,47.2727616473877],[4.9942303820339395,47.272733379733]]],[[[4.999352066420668,47.27300011233976],[4.999375373732878,47.272997099028984],[4.999393897378496,47.27299353779422],[4.999604466075183,47.27294533130807],[5.000241992843579,47.27279718708888],[5.001146925127844,47.27257103224345],[5.001411562195697,47.27250387879756],[5.001737410253439,47.27241765760298],[5.001777859314694,47.27240597295759],[5.001806885094079,47.27239664673942],[5.001823734475094,47.27239077260212],[5.001819916238956,47.27238417450767],[5.00186541016566,47.27234808820074],[5.001901774438232,47.272269383822334],[5.001906555734802,47.27225921525929],[5.001963574324834,47.27221284395969],[5.0019507575461315,47.27219910681139],[5.001859146102304,47.27222257106283],[5.001581151262978,47.272293378128296],[5.001463126109877,47.27212989563022],[5.001901913050184,47.27201741048408],[5.001838472807894,47.27190206563787],[5.001297162740764,47.27204342578193],[5.001264366051615,47.27198347540896],[5.001233263403277,47.27192637752434],[5.001194514521038,47.27185581340894],[5.000924467650481,47.271926842016626],[5.000822237371656,47.271771731590775],[5.000805832042392,47.271746889535585],[5.000703063771225,47.271598632384475],[5.000657776763337,47.27153367416301],[5.0006120563324625,47.27146773280656],[5.000671707370303,47.27144941355512],[5.000627544806585,47.27137200848179],[5.000560891124566,47.27125554769288],[5.000557069773431,47.271248859557694],[5.001093808327309,47.27108083556042],[5.001061268359154,47.271017098425084],[5.001020648806283,47.27093891192717],[4.998458900612728,47.27175006779778],[4.9984491242918345,47.271754018502236],[4.998440994923298,47.271759561799186],[4.998435258999073,47.27176542407328],[4.998431166680353,47.271772788944354],[4.998429174892604,47.271783269509505],[4.998429559815527,47.27179361907145],[4.9984318879552125,47.2718028545066],[4.998435832926485,47.27181287256934],[4.998444638434503,47.271825508503156],[4.998450580182291,47.27183585237731],[4.998489984911336,47.271902803892914],[4.998542560407937,47.27199303251599],[4.998588340667246,47.27207131098512],[4.998610793998404,47.272109377093],[4.998628498928316,47.27213716882313],[4.998667646336211,47.27219719056511],[4.998759878841561,47.27233977745933],[4.998848324089602,47.272476576045335],[4.998888328965403,47.27253829395961],[4.998929154082073,47.27260071815534],[4.998960766797818,47.272650243293334],[4.999028143390221,47.27275417496284],[4.999128360149732,47.27290860112314],[4.999148986386611,47.27294021474017],[4.999156461557593,47.27294909128766],[4.999166296749869,47.27295738683583],[4.999176838254657,47.272963328809766],[4.999187753007292,47.272968633972766],[4.9991921902095395,47.27297053867956],[4.999216369696584,47.272980298013444],[4.999241702413392,47.272989046873086],[4.999264961299351,47.27299540001861],[4.999280942561499,47.27299818639188],[4.999304847483875,47.2730005660252],[4.999328288748388,47.27300115256875],[4.999352066420668,47.27300011233976]]],[[[4.999354738886696,47.27332795229466],[4.99840102905985,47.271837606649115],[4.99837136370248,47.27182974274484],[4.998313771822903,47.271850096552654],[4.998183626054461,47.271926092782],[4.9980815739937405,47.271978371017404],[4.99797102082485,47.272026202847684],[4.998878182022585,47.2734712463826],[4.999001563714867,47.27343742117295],[4.999122851312911,47.27340066014426],[4.999354738886696,47.27332795229466]]],[[[4.998489296178178,47.27358114893929],[4.998550977249863,47.27356396657011],[4.998600471381416,47.273549965927884],[4.998637791981614,47.27353950701278],[4.998757600432843,47.27350565358415],[4.9988691753610075,47.273474553474806],[4.998634139670021,47.273099837188184],[4.997962841169983,47.27203039616759],[4.997847777090915,47.27207434320864],[4.997729582890383,47.272119514742236],[4.9976817635595125,47.2721358275945],[4.997646880702578,47.27214777515258],[4.997586057895339,47.27216665331559],[4.997485602003772,47.27219783092123],[4.997471452017905,47.272201586697754],[4.997189712173034,47.27227857129477],[4.997067378211144,47.27230850426685],[4.996905563347924,47.272344159832315],[4.9967792743407795,47.272363804398715],[4.996749673773698,47.27236836638833],[4.996640057355098,47.27237736760064],[4.99651737048904,47.27238713400985],[4.996392993196518,47.27239413771634],[4.9962595444986,47.272392021873564],[4.996175741132826,47.27239067247206],[4.996146316518424,47.272389287729474],[4.996030887837713,47.272380737850845],[4.99609647544795,47.27245804600115],[4.996205701135079,47.27262015419272],[4.996309814056828,47.27278352097588],[4.996422512134672,47.272953583986585],[4.997108012084419,47.273967765844596],[4.997163321582612,47.27396068989776],[4.997199462705885,47.27395052192601],[4.9972653777617415,47.27392975525995],[4.997390147557279,47.273890504679436],[4.997503533556568,47.27385469193406],[4.997614966060579,47.27381972320112],[4.997731602250983,47.273785925489456],[4.997838814753932,47.273754901527575],[4.998109258191712,47.273683513337154],[4.998371457450365,47.27361460793388],[4.998489296178178,47.27358114893929]]],[[[4.995827843246801,47.27445888949961],[4.9958327027758065,47.27445079110785],[4.995834368674963,47.27444220734378],[4.995832864346564,47.27443376818072],[4.9957996722659885,47.274341674036606],[4.995799388118582,47.27433402436184],[4.99580145740072,47.27432561376468],[4.995805560302974,47.27431851898255],[4.995811270043117,47.274311936875144],[4.995819770020761,47.27430566697324],[4.995831083635809,47.274300339249464],[4.995966898133369,47.27424847279024],[4.9960557409217214,47.27421443462107],[4.996119539533507,47.2741901028932],[4.996348104183374,47.27414528498596],[4.996551127484851,47.274107480174266],[4.997050122341076,47.27394814022718],[4.996843787246087,47.273640466740524],[4.996827383185414,47.273615624141605],[4.996735367660845,47.273478795540306],[4.9966290391830075,47.27331996996452],[4.996465568457101,47.27307612650222],[4.996025155051618,47.27241874914002],[4.996016403505724,47.27240755296541],[4.996003745327951,47.27239804498444],[4.99598839062125,47.27239074469482],[4.995970746095173,47.27238591525817],[4.995885488611105,47.27237747642226],[4.995884298567907,47.272377496899644],[4.9957742942271,47.27237605772975],[4.9957588002662705,47.27237569394605],[4.995697431691021,47.27237990172904],[4.995690308144099,47.272380474562745],[4.995544975623832,47.27241107177197],[4.995454661359953,47.27243748036641],[4.995361340656169,47.272468443295026],[4.995200192538169,47.27252209573016],[4.995167252189553,47.272532928468465],[4.994934868799112,47.272603024902736],[4.994872461133307,47.27262201892603],[4.99482299695573,47.272636827949476],[4.994761545386172,47.27264950170792],[4.994686760238151,47.272666547200345],[4.994611575018387,47.272683509469594],[4.99446631789779,47.27271617523797],[4.994393892623899,47.272732639637866],[4.994283672903976,47.27275749842838],[4.994243121742763,47.27276648057093],[4.994156112536145,47.27278571706332],[4.994118644627282,47.272792214703706],[4.994040938670918,47.27280543767707],[4.993931877896822,47.27281874933094],[4.993812906630573,47.27283241134279],[4.9936250207979205,47.27261482916101],[4.993616389929408,47.27260687267304],[4.99357241688049,47.27258781664425],[4.993519786960282,47.27257080051081],[4.993483018351321,47.27256404803671],[4.993481828303077,47.27256406848944],[4.993466357675823,47.272564334373754],[4.993297434859768,47.2725796648219],[4.993495922795511,47.27284767546816],[4.993656367432091,47.27306383837341],[4.993805131700709,47.27326471260287],[4.993866571415269,47.27335866312327],[4.994099730276794,47.27371577022332],[4.994011080032772,47.27374431031112],[4.993983442233641,47.273705522022915],[4.993771871251675,47.27379110764825],[4.993776851959194,47.27379696557804],[4.993888528152053,47.27392895574951],[4.993988066951423,47.27405476065326],[4.994002655945932,47.27407351118263],[4.994124755769232,47.27422963642908],[4.994283666231605,47.27443636920191],[4.994413022667443,47.27460614759629],[4.994434723293898,47.274634681696455],[4.9945394560316,47.274772013750514],[4.994585781471038,47.27483299397835],[4.994711288578638,47.27479211271904],[4.994854833131002,47.274745247740896],[4.995097212548323,47.27466615450219],[4.995268510893028,47.27460773503651],[4.995344701528673,47.27458571209702],[4.9955495692392855,47.274533378716214],[4.995625506690578,47.274515232251794],[4.995801419470902,47.27447420300439],[4.995809259799751,47.27447154660144],[4.995820160039503,47.27446577572377],[4.995823999971918,47.274462287613666],[4.995827843246801,47.27445888949961]]],[[[4.998670245039333,47.277175767985696],[4.998801608153049,47.27713216992731],[4.998829453550851,47.27712304497119],[4.998939507744971,47.27710421847316],[4.999185241653734,47.27706180095049],[4.999237048806732,47.277045869118716],[4.999429725939017,47.27698581440929],[4.999575716160079,47.27694061252835],[4.999714329352937,47.27689986020809],[4.999836461253181,47.276864254754955],[4.999921667077691,47.27683910165916],[4.9999456220494904,47.27683211473698],[5.000075567297488,47.27679313238294],[5.000206729298962,47.27675484932879],[5.000425083381669,47.276691468449656],[5.000501668219446,47.27666934530504],[5.000574709394694,47.276648003653676],[5.000656797806587,47.27662443468145],[5.000746346586593,47.27659866573877],[5.000820967711443,47.27657711657022],[5.000880667919793,47.27655996719667],[5.000990244294968,47.276528359324715],[5.001047970896023,47.276511514068694],[5.001101780631817,47.2764960871592],[5.00116069729526,47.276479221316045],[5.0014062343987895,47.27641032658392],[5.00149228247726,47.27638650857981],[5.00157558033282,47.27636345839579],[5.00175907338914,47.27631274367219],[5.001852978215663,47.27628671857568],[5.001948066371455,47.27626049287152],[5.002071832476292,47.276226207608985],[5.002194428420359,47.27619248273152],[5.002293833078564,47.27616492147909],[5.002392844280879,47.27613745698515],[5.002522123475367,47.27610199541696],[5.002134299160451,47.275548284964714],[5.002287218327181,47.275508093012895],[5.002254837642911,47.27545939249747],[5.002388019527683,47.27541152630081],[5.002821233549894,47.27602208673218],[5.00289984359559,47.276001097697915],[5.002978060228158,47.27598020545614],[5.0031227061972645,47.27594168619103],[5.003267735243106,47.27590279991036],[5.003347911629967,47.27588124319197],[5.003472489514812,47.27584748270283],[5.00367214325149,47.275793784144305],[5.003268110245997,47.27516759369432],[5.003182180506176,47.275034807340134],[5.003142148709321,47.27497255099349],[5.003225369847126,47.27494751970113],[5.003119701957584,47.274785716601315],[5.002927534490626,47.27449708025619],[5.002905698572633,47.27446503790049],[5.0027951347218425,47.27429962683599],[5.002661485468198,47.27410057386801],[5.002596762073154,47.274004162936265],[5.002424458780323,47.27374778232585],[5.002397574748131,47.27370808238598],[5.002251733613678,47.27349068831227],[5.002141190547558,47.27332572653925],[5.002037343878546,47.27317001468865],[5.001955756070545,47.2730470584146],[5.001872901464015,47.2729220527067],[5.001711831836775,47.27267934546879],[5.001587353432311,47.27249184001573],[5.001583578800267,47.272486411862715],[5.001504926448535,47.27250614009007],[5.0012929588105495,47.272559327195644],[5.001173803302557,47.27258929973616],[5.001095944014051,47.272609013997666],[5.0005249406457475,47.2727526836864],[5.000712394938668,47.27302186348908],[5.000273494103108,47.273152896966174],[5.000067584415179,47.272867734979364],[4.999950004228263,47.272897408910524],[4.9998446172971995,47.272924080824296],[4.999722306790461,47.27295464656083],[4.999592532809989,47.272987322013606],[4.999496575549003,47.27301139959165],[4.999398654867793,47.27303605125583],[4.999285003965073,47.27306466617566],[4.999272813864868,47.27306775801065],[4.999263134474434,47.27307431866907],[4.999258282284071,47.273082597201245],[4.999258223809298,47.27309169364666],[4.999381138566199,47.27325869611558],[4.99939435345561,47.273283143078785],[4.999399516184925,47.27333654606429],[4.999377939477908,47.27334340186119],[4.9992849692678645,47.27337310115124],[4.999195142323922,47.27340193570467],[4.998957417720323,47.273477805645484],[4.998900533973212,47.273495896155545],[4.9988478865450245,47.27351049159017],[4.998791702364444,47.27352604848357],[4.9986962007309605,47.27355173848872],[4.9986321228446435,47.27356851196571],[4.998556244653491,47.27358819033905],[4.998455205875474,47.273614425814536],[4.998371084090686,47.27363658749139],[4.998290108981949,47.27365797446597],[4.9980868808935766,47.27371154531719],[4.99797049118601,47.27374128672815],[4.997848482267434,47.27378004012704],[4.997607197248001,47.27385632876655],[4.997497734740302,47.27389090335045],[4.997374175172559,47.27393067353089],[4.9971687422779985,47.27398905354859],[4.997150594763718,47.273992067619616],[4.997132373654732,47.27399310177257],[4.997115662379269,47.273992038691304],[4.997326016098058,47.27429027691508],[4.99729659182329,47.27429960883563],[4.997055310809842,47.273959577777234],[4.996550269735319,47.274127126649404],[4.996364911566098,47.274170300812195],[4.9962972251842315,47.274186144484375],[4.996236622421466,47.27420033529656],[4.996070359757502,47.2742553375997],[4.995987223283064,47.2742827036672],[4.995869188688449,47.27432165670316],[4.995841794422722,47.27433221407235],[4.995833257670808,47.27433749401787],[4.995828667815254,47.274342165729884],[4.995825684799071,47.27434735011642],[4.995823901898126,47.27435278401467],[4.995824139247775,47.274359173742894],[4.995828427128979,47.274367745119584],[4.995898535444953,47.27445983443127],[4.995896965374621,47.2744603117154],[4.995530403939657,47.27456243555038],[4.995426701951323,47.274591866015996],[4.994982612591275,47.27473350448439],[4.994742516002713,47.274809946660866],[4.995281345973342,47.27546644597875],[4.995258214490591,47.275474228259874],[4.995342777134037,47.27559209474695],[4.995516964840434,47.27583584527654],[4.995539997058134,47.27586813851942],[4.995666470297677,47.27603490332157],[4.995696104079964,47.27607392703484],[4.9957512041076555,47.2761466429235],[4.995827176109017,47.27624691629877],[4.99599449135006,47.27646583951184],[4.996303902721708,47.276342364738554],[4.996447286164327,47.276291088011476],[4.996558896360188,47.27644234829482],[4.996685981530986,47.276614774870914],[4.996773766286499,47.27673375558095],[4.997021192032128,47.27665141974994],[4.997291868057748,47.27701300773664],[4.997644813197599,47.27750519701433],[4.99765068180284,47.27751356099349],[4.997664012967601,47.27750909889888],[4.997911847677102,47.27742702435071],[4.9981894874037955,47.277335160328896],[4.998392220283444,47.277267909986186],[4.998449471435873,47.27724891295863],[4.998510642846506,47.27722858761135],[4.998542011924346,47.277218141267866],[4.998670245039333,47.277175767985696]]],[[[4.995424154437228,47.278274922128446],[4.995344690197544,47.2782837634364],[4.994617561212807,47.27851194640449],[4.994288109215312,47.27862000145809],[4.99448365855867,47.27890436042403],[4.994813912960914,47.27880718752629],[4.9957391645406375,47.27853696211825],[4.995784326739365,47.278523757751884],[4.995817314097508,47.27851409481303],[4.995630968092017,47.278338724519415],[4.995424154437228,47.278274922128446]]],[[[4.991629262948749,47.28017623581947],[4.991661019049922,47.280186857242825],[4.99194743747376,47.28026685990328],[4.991957099376529,47.28027047624238],[4.992042749183411,47.28028917748935],[4.992153163793794,47.28031195607203],[4.992265175470948,47.28033497728408],[4.992398398053816,47.28036258703862],[4.992402805587577,47.280363682034896],[4.992467061745467,47.280383560878924],[4.992589259728922,47.28042432745237],[4.992707467119266,47.280464532073296],[4.99274245428281,47.28047662861279],[4.992782292490643,47.28049107325283],[4.992821770699816,47.28050651465075],[4.992858478417403,47.280522183735194],[4.992983798629441,47.28058288811691],[4.993124472459568,47.280650803011916],[4.993206527071331,47.2806902774607],[4.993237653914134,47.280705321888256],[4.9932767991111495,47.280722479871],[4.9933114699671215,47.280736742958794],[4.9933521320600605,47.28075198373182],[4.993388726564702,47.28076459278263],[4.993418859655303,47.28077425103517],[4.993523702056541,47.28080730011769],[4.99354129903498,47.28081077996994],[4.99360167486893,47.28082234991367],[4.993840427976948,47.28086939707327],[4.993858024996233,47.28087287687739],[4.993915663841292,47.28088557434115],[4.993976563514179,47.28090055711795],[4.994045118276639,47.28091856015233],[4.994101283813359,47.28093434466492],[4.994196034616198,47.28096288383811],[4.994257511599663,47.2809827194297],[4.994345511224032,47.281011194431514],[4.994464841292285,47.28104948687563],[4.994971860977584,47.28122195647769],[4.995107459549501,47.28127068486803],[4.995252310564266,47.28132267600194],[4.995483289303854,47.28140614507435],[4.995631262620753,47.28146735754148],[4.995659889750336,47.28147920241083],[4.995934277122351,47.28160902180956],[4.996242439349583,47.28140839366118],[4.996057655530041,47.2812326369683],[4.996119517694207,47.28119870305252],[4.9964945461163275,47.280992060712],[4.996435277830434,47.280935536520346],[4.996475957288932,47.28091916714879],[4.996567084219261,47.28088220784452],[4.996820422961214,47.2811186505156],[4.996694155251456,47.28118215023553],[4.996788798643027,47.28127183547241],[4.996932434944296,47.281408585756516],[4.996991503553903,47.28145970993062],[4.99707681058017,47.281533165922816],[4.997103048906238,47.281555497765886],[4.997664129668969,47.28203906040636],[4.997749028395184,47.28211216273549],[4.997754766999689,47.282117016856205],[4.997809842322263,47.282092744588454],[4.997883280470799,47.28206050151821],[4.997957882011316,47.28202751793587],[4.998036007366488,47.281993212865515],[4.998173118228282,47.28193303703736],[4.998254357062238,47.28189705722502],[4.998328174689318,47.281864357057636],[4.998832444030494,47.28164224300115],[4.998784189483214,47.28159372507567],[4.998695093319259,47.28150385578723],[4.9984468101862225,47.28125418216995],[4.998293385842974,47.28109986175113],[4.998131819972202,47.280940098045384],[4.998070405641638,47.28087928905336],[4.998009001491115,47.28081875001492],[4.997886997130023,47.28069792815853],[4.997711018991663,47.280524183631115],[4.997657441512658,47.28047125423628],[4.99756553510601,47.28038044190721],[4.997553810257933,47.28038541663483],[4.997545974385639,47.28037753679731],[4.997557695886489,47.28037247207458],[4.997495085943832,47.28031150326661],[4.997467907356422,47.28028522534328],[4.997436624218232,47.28025532589182],[4.997275409985767,47.28009420416874],[4.997199377137608,47.28002455100443],[4.997079026908604,47.279905410860934],[4.9969915501010504,47.27981623285059],[4.996947013317368,47.27977152248436],[4.996870676952972,47.27969367946457],[4.996833845577952,47.27965333909616],[4.996797034327686,47.2796135386911],[4.996756175515046,47.27957164665839],[4.996716987320399,47.27953197719504],[4.996670773760319,47.27948486414116],[4.996566800235442,47.27937903969127],[4.996476166754586,47.2792796495293],[4.9963866769839225,47.27917897886633],[4.996244535578237,47.2790181578912],[4.994477286525687,47.27952403788328],[4.994124560206663,47.2796255583477],[4.9939699501792045,47.279674143200445],[4.993713750934556,47.2797559024588],[4.993638809300383,47.279779703747366],[4.993253820173414,47.27993193569518],[4.993140252885585,47.27980276919474],[4.993102540618711,47.27976001138313],[4.993123053452311,47.27974579072759],[4.9930576114640575,47.279672530948105],[4.992846429463456,47.279769274188695],[4.992577487626341,47.27989285446583],[4.992435816323213,47.27974444832935],[4.992278708428259,47.279822070986526],[4.992232072137928,47.27978486936562],[4.99216252457078,47.279729330073295],[4.992436290776653,47.27960737890756],[4.9927238651494905,47.27949383500502],[4.99322194581445,47.279297516668535],[4.993023022555195,47.279039779441845],[4.992438775474296,47.27922478935347],[4.9921229100518945,47.27932477007783],[4.991894154009869,47.27939722880615],[4.991805393754256,47.27944449995551],[4.991700280791696,47.27950042675619],[4.99158700632881,47.279561086294486],[4.991557088289829,47.2795786200069],[4.991438956176763,47.27964746759041],[4.9913573496924135,47.27969497578618],[4.991172992842962,47.2796158315003],[4.990963695622731,47.279538555823024],[4.990622389474218,47.279402038622955],[4.9904456460798094,47.27934617643583],[4.990171156758221,47.2792879385261],[4.990009106553827,47.27925361652202],[4.9899564645123,47.27924713517473],[4.989891270376586,47.27924474140818],[4.989736941418671,47.27924738855847],[4.989505809476513,47.279266481658325],[4.989229029162304,47.27931787572544],[4.989075392779218,47.279349957549506],[4.9889519338603705,47.27941439123053],[4.9890446215670226,47.27947313776569],[4.989105201514966,47.27949028981847],[4.989166918391255,47.27950598149231],[4.989228978722571,47.279520226391426],[4.989298557052663,47.27953380201877],[4.989457963961776,47.27956105613707],[4.98972239230223,47.27960487966355],[4.989990165014602,47.27964252159818],[4.990350234196171,47.27969613981591],[4.990408987804969,47.27970683869217],[4.990466617915627,47.27971935788296],[4.990517900276542,47.27973198596394],[4.990574066871381,47.27974786218763],[4.990651197247285,47.27977238398872],[4.9908279958550015,47.27985111848328],[4.99099915394099,47.27992760813411],[4.991129051406367,47.279983373035215],[4.991297263051588,47.280055320107685],[4.991379031863184,47.28008714619051],[4.991451088889701,47.28011400589335],[4.991534371442734,47.2801438247096],[4.991589061907416,47.28016269755359],[4.991618414203801,47.280172729882565],[4.991629262948749,47.28017623581947]]],[[[4.998332753552744,47.28304406865198],[4.999616503498024,47.282430928039524],[4.999538555722955,47.28235266423471],[4.999465546744897,47.28227908809524],[4.999396666270908,47.28220976332749],[4.999316661689383,47.2821295536481],[4.999236223754059,47.28204836079445],[4.998704445777178,47.2823314664035],[4.9984266754639375,47.282473853286625],[4.998366435920345,47.282412664002806],[4.997766174443426,47.282722700039336],[4.9978349080400255,47.28277743960752],[4.997890557275706,47.28282195826527],[4.997981798987895,47.28289477108701],[4.998060769982404,47.28295788929436],[4.9980636376701515,47.282960271348315],[4.998148188687931,47.28301329746351],[4.9981545803528045,47.28301435807258],[4.998332753552744,47.28304406865198]]],[[[4.999483068635274,47.28360320266483],[5.000219933334824,47.28397637987924],[5.000348591501928,47.284040981306475],[5.00050109434803,47.28395694342457],[5.000413007425802,47.283862375241604],[5.000234354040619,47.28369192249965],[5.000079988664994,47.283544644784016],[4.9999264478128795,47.28339816313651],[4.999760957792254,47.28347458950354],[4.999483068635274,47.28360320266483]]],[[[4.999003346963855,47.28346117028336],[4.9989462514814065,47.28343117566776],[4.998586644335018,47.283220162250686],[4.99785792425254,47.28341768334649],[4.998227226287441,47.28385735772658],[4.998497970265131,47.28417688648976],[4.998570993869001,47.28427216582164],[4.998672745876656,47.284413958074595],[4.998732365287374,47.284501093257674],[4.999010260613444,47.28479924504504],[4.999065949228381,47.28478072509596],[4.999131142015679,47.28477221738627],[4.999254409077415,47.284755954897946],[4.9996234062217955,47.28470691033668],[4.999896399387441,47.28467059610067],[5.000044932014321,47.28465047520726],[5.000060732495563,47.28464831169788],[5.000032000509036,47.2845697400949],[5.000004230224421,47.28451699724226],[5.0001559820871035,47.284508707756174],[5.000108320605815,47.28436958638235],[5.000361227325776,47.284337669701856],[5.000317172570674,47.28423144577639],[5.000539586964455,47.284180332715415],[5.0003882065927945,47.28410261525811],[4.999659774894416,47.28373208538709],[4.999262074200952,47.28356441592298],[4.99920434569925,47.28353875490558],[4.999003346963855,47.28346117028336]]],[[[5.001761355136359,47.29145024954298],[5.001828544089825,47.2914311698076],[5.001865086195423,47.29142081361829],[5.001889447591329,47.29141390948567],[5.001937386785614,47.29140038488397],[5.001974322315651,47.29138993181832],[5.001767738016107,47.29093962759222],[5.001713389651599,47.29071723311924],[5.00161777761334,47.29051698312182],[5.001614838937827,47.290512711259446],[5.001604427865626,47.29051036936608],[5.00159257038958,47.29051183466011],[5.001575664996221,47.29051635878917],[5.001285455989747,47.29061357917206],[5.00105761567516,47.290658302821996],[5.000855003568826,47.29069808832039],[5.00077148539565,47.290715828121684],[5.0006534998882985,47.29074631935077],[5.00056545106108,47.290770350792464],[5.000483351050267,47.290794189549956],[5.000395089591719,47.29082317745218],[5.000309222345374,47.29085248422352],[5.0002449218912535,47.290874485048796],[5.0002252406286996,47.290836461660334],[4.999977832404883,47.29088890483951],[4.999944498344591,47.2909001056744],[4.999933632073028,47.290906866850676],[4.999930655234956,47.29091223129854],[4.999931293314513,47.29091870413097],[5.000170891546144,47.29158420970887],[5.0004454622792815,47.291525354387694],[5.000477813970343,47.29151975365132],[5.00072717393783,47.291477001554064],[5.000818559608845,47.29162779579638],[5.001450438473552,47.29146074599291],[5.001479640086097,47.291509141191554],[5.001482572098364,47.29151323306483],[5.001502998904744,47.29150729741606],[5.001751708388319,47.29143645771396],[5.001761355136359,47.29145024954298]]],[[[4.998875033121168,47.295484135608596],[4.998949568514995,47.2956516109986],[4.999034505495459,47.29571444567868],[4.9990600715718845,47.29571850790487],[4.999041878385108,47.2957311585777],[4.999049633313299,47.29577947349614],[4.999184163060997,47.29575572327716],[4.999204618996345,47.29579319311923],[4.999210593691098,47.295804346810584],[4.999178468866625,47.29582678313901],[4.999341797350325,47.29598993688116],[4.9993510026483525,47.29603453461799],[4.999498076880308,47.29613439078192],[4.999605320034735,47.296220344536515],[4.999682500174587,47.2962561164138],[4.99972393602768,47.29627044122682],[4.999760230964492,47.29627467862945],[4.999855571911383,47.29626493082507],[5.000071950237134,47.29623166424549],[5.000134685130693,47.29622076718069],[5.000182696088716,47.296209043235464],[5.000273531995676,47.29618496425292],[5.00034831794487,47.29616710536623],[5.000400459586798,47.29614900641307],[5.000429424689683,47.29613770073491],[5.000449305672447,47.29612772233851],[5.000486569157426,47.29610465675088],[5.000496145279894,47.296095216204705],[5.0005019385141205,47.29608016753145],[5.000503708254402,47.29607437362873],[5.000507910710705,47.296059262325876],[5.0004928861233315,47.2955492808417],[5.000506754872566,47.29547384745823],[5.0004503618320655,47.29522852454057],[5.000393254194403,47.295081281681725],[5.000239065094061,47.29471571262862],[5.000257178671932,47.29458365275149],[5.000290014908218,47.29448438855447],[5.0002849431332885,47.29438019451476],[5.00023954985277,47.29413162000109],[5.000238147609699,47.294051316814894],[5.000236162198553,47.29395535443984],[5.000234213661603,47.29386038200956],[4.998346365308119,47.29415748466202],[4.998367945230686,47.29420385054946],[4.997882242653315,47.29431982742125],[4.997891294280221,47.2943496592303],[4.997903522194314,47.294390152659474],[4.997924801791028,47.29446047789179],[4.997928431833161,47.294472662600555],[4.998003477385222,47.29460059653911],[4.998081472393849,47.294690387220626],[4.998144921816166,47.294762777928995],[4.9982317153561375,47.29479019037864],[4.998271537263548,47.294793196806026],[4.998299813800568,47.29479541145701],[4.998355742127298,47.29483641301947],[4.998403639929301,47.294853688806946],[4.998485110707423,47.294855437575826],[4.998560091268281,47.29487485840628],[4.998571025471354,47.294891239841085],[4.998577229339111,47.29489788696747],[4.998584794541281,47.294909103350754],[4.998623295408109,47.295015333163896],[4.998712164549431,47.29521588144961],[4.99873979508324,47.29526475458086],[4.998769450107941,47.2953146734704],[4.998798175877372,47.29537163249277],[4.998817248300099,47.29541461946575],[4.998843150955466,47.29545974010844],[4.998875033121168,47.295484135608596]]],[[[4.998717837059258,47.29582715352453],[4.9989611534766,47.29579216426446],[4.998555137981925,47.29506189376574],[4.998232754029914,47.29518100251402],[4.998347221226776,47.29540785598225],[4.998578383930384,47.29584666544718],[4.998717837059258,47.29582715352453]]],[[[5.000925329353005,47.29739313502346],[5.0025053808495,47.297039257809374],[5.002426323867455,47.296931927981944],[5.002394739713946,47.29689429048868],[5.002216082243259,47.29670375909477],[5.00167614324007,47.29612142535881],[5.00157815652927,47.29602819960851],[5.001407312099188,47.29607914458551],[5.001322880224826,47.2961045548709],[5.0012687594625,47.29601624567416],[5.001229444243028,47.29595226560525],[5.001214635524786,47.29592784645372],[5.000662886245187,47.29608333629387],[5.000601401244503,47.29610645931275],[5.000590930858222,47.296113213694234],[5.000574129601714,47.29613124379364],[5.000569709261556,47.29614050540837],[5.000569647631491,47.29614951177332],[5.00057886867292,47.296183843111784],[5.0006968620899235,47.29661163191384],[5.000836663830404,47.297017161659674],[5.000911215991176,47.297227500762574],[5.000925329353005,47.29739313502346]]],[[[4.999522418492398,47.298100187650235],[4.999599503400677,47.298186661036254],[4.999508834687841,47.298215329225876],[4.99952005616091,47.298228733869436],[4.999558473023193,47.29826859574837],[4.999615822919071,47.29832632207184],[4.999657330308511,47.29832119426088],[4.999671767446325,47.29835696665647],[4.9994928237201215,47.298393279492196],[4.998863621652345,47.29849588272973],[4.998879183664202,47.298540551073586],[4.998896132330919,47.29860113489102],[4.998871636657625,47.29860452856245],[4.998875517691451,47.29882617190475],[4.998917459259997,47.298822027470486],[4.998968076890313,47.29882691896823],[4.998960629370402,47.29898959269292],[4.998972177817062,47.29906512823446],[4.99997622123782,47.29904629820787],[5.000147656917277,47.29903226708687],[5.000540466713021,47.29898019961902],[5.000726317424188,47.298937372362595],[5.001007174557365,47.29887570656088],[5.001246567027384,47.29882033840752],[5.001245960146674,47.29877208049422],[5.001226064260799,47.29866445010909],[5.0011214755093185,47.298383487393046],[5.001104517299547,47.29838666151183],[5.000992563019003,47.298174446034935],[5.001068511932279,47.29815575621303],[5.001049866402978,47.298060351423345],[5.001028732423187,47.297962107841904],[5.001010690149029,47.29779762200697],[5.000956379498774,47.29768293045739],[5.000950353937709,47.297670426937096],[5.0009473445112125,47.29766426517195],[5.0009292242606165,47.29762558467104],[5.000909153232363,47.29758783833289],[5.000886769645931,47.2975093378636],[5.000859751086199,47.297231810145895],[5.000843534896179,47.297190935526594],[5.00062786809773,47.29659309979613],[5.000596439326607,47.29650629021049],[5.000591820390335,47.296488899556344],[5.000565105810894,47.29641137420148],[5.000493188686456,47.296207743398945],[5.0004793944467005,47.29616790760536],[5.000416174356678,47.296187098100795],[5.0002844260808,47.296232234406304],[5.0002136219943605,47.29625038482713],[4.999967585231867,47.29629767077686],[4.999862133725453,47.29631317620122],[4.999778591185657,47.29631983899236],[4.999721510740391,47.296322623704505],[4.999677005748091,47.29632185972693],[4.999614516326965,47.29630735736702],[4.999484609759259,47.29618865462372],[4.999465999219252,47.29617942967389],[4.999596165463602,47.29667842171359],[4.999271728738055,47.29673191990177],[4.99906326166832,47.296764418284404],[4.999073972331748,47.296817455072734],[4.999169652448969,47.29695547891218],[4.999132645953442,47.29700681624862],[4.999032359215978,47.29708643966275],[4.998855402867956,47.29695197698708],[4.998714172045728,47.297073189402376],[4.998848396120774,47.297222526655545],[4.998850857692435,47.29722464552619],[4.999016956751439,47.29775021499594],[4.999397751112584,47.29765297152309],[5.000068760392926,47.29747895305045],[4.999840220067538,47.29692978643548],[4.999755455572952,47.29676500938565],[4.999798428548937,47.296756614336715],[5.000029854963564,47.29731932930984],[5.000101312068635,47.29748928842269],[4.998808758663541,47.297822061326244],[4.998836876298018,47.29788398368848],[4.998906069630687,47.298035881803145],[4.998908678624053,47.298041960461106],[4.999223754171469,47.297960798379115],[4.999264448240437,47.29801917202279],[4.999344317125528,47.298084435174296],[4.999471731967168,47.29804009514987],[4.999522418492398,47.298100187650235]]],[[[5.0035942620160485,47.29843330503881],[5.0035004225486315,47.298323709668935],[5.003470868677979,47.29832989323607],[5.0015971823214205,47.298723067935185],[5.001097193554949,47.29804089436941],[5.001120281487826,47.29820223137268],[5.001145623711783,47.29829616987564],[5.001184631731604,47.29841580796502],[5.001218589171692,47.29849581978078],[5.001256695390209,47.298591249148195],[5.0012819754662,47.29867285143102],[5.001304866516691,47.29876494104852],[5.001305190677249,47.2987842968421],[5.0012957402585165,47.298903689916884],[5.001275110165145,47.29902147471953],[5.001254117576026,47.299193477627455],[5.00125069762596,47.29921893153003],[5.001293638794769,47.29920963598503],[5.003802084001077,47.29867078872563],[5.0035942620160485,47.29843330503881]]],[[[5.004476264393272,47.29944359770205],[5.0043335542215255,47.299280274970855],[5.004243528844923,47.29917718818447],[5.0041282028256315,47.299045271032725],[5.0040671047487315,47.298972392626276],[5.00402285239764,47.29892524860856],[5.003961394663856,47.298853366941735],[5.003543428678542,47.298944242957525],[5.002835341638556,47.299072003596514],[5.002822096189148,47.29903630105178],[5.002066903228953,47.29918954441512],[5.0012333506999775,47.29936088392559],[5.001234527684052,47.2994244409927],[5.001230761679314,47.29960046933828],[5.001240589113956,47.29978959109036],[5.001250728727567,47.29992314480361],[5.001259439521983,47.30008229817199],[5.001259990675387,47.30008643110092],[5.001267875767677,47.30010619681646],[5.001280027142096,47.300112561132],[5.001290890605908,47.300116336122024],[5.001308037160393,47.30011820170184],[5.001323936046215,47.300118557895985],[5.001392859920698,47.30011376716322],[5.001525010368809,47.30010050161252],[5.001796050141733,47.30005233117003],[5.001804031242242,47.30007821879484],[5.002101797167048,47.29999770788772],[5.002649626236741,47.29992071584625],[5.003141789415359,47.299841980453145],[5.004384253295806,47.29964555486702],[5.004610005543636,47.29960068142507],[5.004601641301556,47.29958938917232],[5.004539378195244,47.299517251557354],[5.004476264393272,47.29944359770205]]]]}},{"type":"Feature","id":"commune-21166","properties":{"id":"commune-21166","name":"CHENOVE","kind":"commune","tier":"commune"},"geometry":{"type":"MultiPolygon","coordinates":[[[[5.0286115,47.2783244],[5.0286674,47.2784982],[5.0291351,47.279976],[5.0291402,47.2799917],[5.0305014,47.2826291],[5.0305345,47.2826943],[5.0305555,47.2827333],[5.030935,47.2835849],[5.0312669,47.2844319],[5.0312978,47.2844226],[5.0313661,47.284619],[5.0313049,47.2846838],[5.0312733,47.284699],[5.031017,47.2848137],[5.0308603,47.2850825],[5.0306787,47.2852398],[5.0300125,47.2851282],[5.0300057,47.2851299],[5.0298452,47.2851671],[5.0297561,47.2852946],[5.0297434,47.2853125],[5.02971,47.2853603],[5.0297036,47.2853805],[5.0295973,47.2856622],[5.0295376,47.2858201],[5.0295059,47.2859033],[5.0294223,47.2861251],[5.0291661,47.2862538],[5.0301913,47.2893749],[5.0304663,47.2898825],[5.030698,47.2903083],[5.031025,47.2909205],[5.0304769,47.291141],[5.0299819,47.2916155],[5.0294679,47.2921137],[5.0295191,47.2922972],[5.0293821,47.2927089],[5.0293606,47.2927905],[5.0293224,47.2928535],[5.0292974,47.2929153],[5.0291361,47.2931867],[5.0290306,47.2933641],[5.0288826,47.2937293],[5.0287955,47.2940437],[5.0286941,47.2944772],[5.0286947,47.2945458],[5.0286971,47.2945814],[5.0287922,47.2949962],[5.0289654,47.2954499],[5.0292188,47.2958796],[5.0295977,47.2962705],[5.028947,47.2965438],[5.0285689,47.2967044],[5.0276236,47.2975195],[5.0276052,47.2975339],[5.0275481,47.2975789],[5.0274274,47.2976738],[5.0268739,47.2981019],[5.0268321,47.2981341],[5.0267725,47.2981813],[5.0266713,47.298261],[5.0266343,47.2982901],[5.0266045,47.2983136],[5.0265432,47.2983705],[5.0263785,47.2985234],[5.0263039,47.2985842],[5.0262172,47.298655],[5.0257375,47.2990465],[5.0256716,47.2991255],[5.0256197,47.2991874],[5.0255014,47.2993284],[5.0255167,47.2993579],[5.0254707,47.299332],[5.0254503,47.2992447],[5.0254005,47.2990589],[5.0252975,47.2986367],[5.025143,47.29804],[5.0251145,47.2979298],[5.0248885,47.2970551],[5.0248602,47.2969455],[5.0247185,47.2963973],[5.0246827,47.2962548],[5.0246524,47.2962803],[5.0246094,47.2963156],[5.0245914,47.2963303],[5.0245164,47.2963917],[5.0245062,47.2964],[5.0244352,47.2964582],[5.0242646,47.2965981],[5.0242607,47.2966014],[5.0241733,47.2966728],[5.0241649,47.2966799],[5.0240612,47.2967645],[5.0239383,47.2968592],[5.0238828,47.2969043],[5.0236301,47.2971094],[5.0234466,47.2972583],[5.0232326,47.2974247],[5.0231043,47.2975413],[5.0229196,47.2976968],[5.0229209,47.2977005],[5.0228788,47.2977253],[5.0226029,47.2979593],[5.0222622,47.2981714],[5.021919,47.2983865],[5.0217428,47.2985007],[5.0213974,47.2987196],[5.0213019,47.2987621],[5.0211274,47.2988357],[5.0209753,47.2989009],[5.0208219,47.2989647],[5.0208562,47.2990041],[5.0209769,47.2991418],[5.0211625,47.2993531],[5.0211795,47.2993725],[5.0211754,47.2993744],[5.0211928,47.2993937],[5.0212063,47.299409],[5.0213728,47.299596],[5.0212398,47.2996467],[5.021639,47.3001304],[5.0218245,47.300238],[5.0220827,47.3005064],[5.0221528,47.3005793],[5.0221799,47.3006078],[5.0223227,47.3007581],[5.022467,47.3009102],[5.0224992,47.3009441],[5.0225181,47.3009639],[5.0225402,47.3009869],[5.0225673,47.3010152],[5.0226117,47.3010615],[5.0227124,47.3011666],[5.0229102,47.3013726],[5.0230583,47.3015271],[5.0230772,47.3015469],[5.0230775,47.3015484],[5.0227855,47.3018002],[5.0224979,47.3018929],[5.0217995,47.3021183],[5.0217683,47.3020651],[5.0217465,47.30203],[5.0216597,47.3018719],[5.0216498,47.3018561],[5.021532,47.3016459],[5.0214716,47.3015386],[5.0213538,47.3013287],[5.0213013,47.3012358],[5.0212453,47.3011365],[5.0211871,47.301034],[5.0210687,47.3008242],[5.0210114,47.3007236],[5.0209527,47.3006215],[5.0209199,47.3005677],[5.0207546,47.3002752],[5.0207404,47.3002484],[5.0207008,47.3001756],[5.0206671,47.3001149],[5.0206383,47.300063],[5.0206167,47.3000252],[5.0205877,47.299974],[5.020546,47.2998996],[5.0205233,47.2998598],[5.0204468,47.2997226],[5.0204465,47.2997226],[5.0204214,47.2996795],[5.0203626,47.2995752],[5.0200376,47.2996589],[5.0199954,47.2996703],[5.0199655,47.2996785],[5.019865,47.2997055],[5.0198883,47.2997424],[5.0195667,47.2998534],[5.0195076,47.2998738],[5.0193083,47.299938],[5.019224,47.2998423],[5.0190663,47.2999058],[5.0190171,47.2999256],[5.0189379,47.299948],[5.0187345,47.300002],[5.0186644,47.3000221],[5.0186576,47.3000247],[5.0185059,47.3001019],[5.0183392,47.3001654],[5.018339,47.3001655],[5.0181734,47.3002444],[5.0180846,47.3002867],[5.0179853,47.3003151],[5.0179771,47.3003194],[5.0177307,47.3004433],[5.0177037,47.3004188],[5.0171715,47.3007008],[5.0171012,47.3007473],[5.0176785,47.3012243],[5.0176123,47.3012495],[5.0171638,47.3013982],[5.0171629,47.3013985],[5.0170676,47.301432],[5.0169606,47.3014695],[5.016858,47.3015055],[5.0167543,47.3015418],[5.016629,47.301585],[5.0164835,47.301634],[5.0164597,47.301642],[5.0162552,47.3017077],[5.0162544,47.301708],[5.0162254,47.3017173],[5.016195,47.3017291],[5.0157887,47.3018349],[5.0157623,47.301843],[5.0153312,47.3019176],[5.0152925,47.3019238],[5.0152762,47.3019249],[5.0152601,47.3019266],[5.0138843,47.3021119],[5.0133995,47.3021761],[5.0125598,47.3022873],[5.0123603,47.3023138],[5.0121849,47.302337],[5.0119698,47.3023655],[5.0117995,47.3023879],[5.0116247,47.302411],[5.0114211,47.3024378],[5.0112458,47.3024611],[5.0110684,47.3024846],[5.0108963,47.3025073],[5.0106938,47.3025341],[5.0105168,47.3025575],[5.0103188,47.3025836],[5.0101382,47.3026033],[5.0095183,47.3026904],[5.0094586,47.302632],[5.0092762,47.3026507],[5.0085868,47.3018636],[5.0084619,47.3019136],[5.0081542,47.302002],[5.007933,47.302057],[5.0077822,47.3020956],[5.0074674,47.3021751],[5.0070168,47.3022957],[5.006961,47.3020402],[5.0068378,47.3019764],[5.0067547,47.3019319],[5.0066453,47.3018737],[5.0067101,47.3018397],[5.0068015,47.3017918],[5.0069226,47.3017282],[5.006807,47.3016301],[5.0067695,47.3015984],[5.006698,47.3015379],[5.0066792,47.3014755],[5.0066238,47.3014262],[5.0065174,47.3013321],[5.0064075,47.3012346],[5.0062925,47.3011327],[5.0061863,47.3010386],[5.0060676,47.3009333],[5.0059607,47.3008382],[5.0058599,47.3007482],[5.0057453,47.3006469],[5.0057398,47.3006419],[5.0056466,47.3005583],[5.0055538,47.3004751],[5.0054567,47.3003881],[5.0053767,47.3003164],[5.0051142,47.3000815],[5.0049863,47.2999642],[5.0049401,47.2999193],[5.004812,47.2997961],[5.0047633,47.2997485],[5.0047054,47.2996915],[5.0046139,47.2996026],[5.00461,47.2996006],[5.0031172,47.2998974],[5.002161,47.3000424],[5.0018148,47.3000895],[5.0017982,47.3000917],[5.001709,47.3001046],[5.001265,47.3001863],[5.0012523,47.300188],[5.0011972,47.3001994],[5.0011227,47.3002149],[5.0009045,47.3002601],[5.0006778,47.3003072],[5.0006544,47.3003118],[5.0004429,47.3003545],[5.0003226,47.3003788],[5.0003097,47.3003808],[4.9942629,47.301374],[4.993817,47.3013923],[4.9937689,47.3013994],[4.9936661,47.3014044],[4.9920118,47.3015029],[4.9917892,47.3015161],[4.9915414,47.3015264],[4.991447,47.3015303],[4.9905681,47.3015665],[4.9904368,47.3015726],[4.9903018,47.3015779],[4.9902541,47.3015798],[4.9901413,47.3015842],[4.9900884,47.3015864],[4.9895048,47.3016095],[4.9894501,47.3016117],[4.9892156,47.3016211],[4.9891662,47.301623],[4.9889229,47.3016326],[4.988875,47.3016346],[4.9880214,47.3016694],[4.9874406,47.3016933],[4.9873971,47.3016944],[4.9873433,47.3016956],[4.9871254,47.3017115],[4.9868014,47.3017351],[4.9863425,47.3017686],[4.9862786,47.3017733],[4.9862233,47.3017774],[4.9858386,47.3018054],[4.9858371,47.3018055],[4.9852966,47.301852],[4.9852585,47.3018551],[4.9848491,47.3018902],[4.9843785,47.3019306],[4.9839672,47.3019658],[4.98337,47.302017],[4.9828245,47.3020637],[4.9819181,47.3021414],[4.9818814,47.3021446],[4.9818329,47.3021675],[4.9817691,47.3022004],[4.9814826,47.3023559],[4.9805652,47.3028534],[4.9805052,47.3028803],[4.9799396,47.3031896],[4.9799342,47.3031927],[4.9793464,47.303508],[4.9786116,47.3039059],[4.9759798,47.3025494],[4.974247,47.3016163],[4.97377,47.3013563],[4.9707394,47.2996539],[4.968918,47.2986088],[4.9689724,47.2985455],[4.969234,47.298472],[4.9701649,47.2983004],[4.9702262,47.2982361],[4.9705566,47.2979874],[4.9707072,47.2978241],[4.970589,47.2976178],[4.9704744,47.2973854],[4.9713295,47.2970645],[4.9720591,47.2967244],[4.9721393,47.2966872],[4.9728968,47.2963361],[4.9739694,47.2958355],[4.9759188,47.294929],[4.976092,47.2948483],[4.9779566,47.2939807],[4.9782919,47.2938237],[4.9784155,47.2937659],[4.9791603,47.2933803],[4.9793621,47.2932778],[4.9794153,47.2932446],[4.9797321,47.2930318],[4.9801868,47.2927303],[4.9802457,47.2926913],[4.9803325,47.2926335],[4.9809223,47.2922418],[4.9809606,47.2922164],[4.9814281,47.2919059],[4.9826954,47.2910656],[4.9828944,47.2909357],[4.983868,47.290301],[4.9840383,47.2901898],[4.9846114,47.2898262],[4.9850201,47.2895727],[4.9850288,47.2895788],[4.9850362,47.2895666],[4.9850483,47.2895945],[4.9850722,47.2895861],[4.9855772,47.2893081],[4.985966,47.2891787],[4.9869797,47.2888157],[4.9877981,47.2885225],[4.987914,47.288481],[4.9884175,47.2882706],[4.9889274,47.2880625],[4.9893333,47.2878977],[4.9899008,47.2876735],[4.9906627,47.2873434],[4.9915941,47.2869315],[4.9922984,47.2867321],[4.9931147,47.286501],[4.9933783,47.2864214],[4.9935932,47.2863508],[4.9943129,47.286093],[4.9947997,47.2859331],[4.9951284,47.2858865],[4.9953497,47.285814],[4.9956915,47.2857617],[4.9957875,47.2857339],[4.9958956,47.2857011],[4.996078,47.2856381],[4.9962991,47.285582],[4.9965718,47.2855134],[4.9966096,47.2854692],[4.9978632,47.2850747],[4.9989078,47.2848308],[4.9989413,47.2848031],[4.9990103,47.2847993],[4.9990661,47.2847808],[4.9991313,47.2847722],[4.9992545,47.2847559],[4.9996235,47.2847069],[4.9998965,47.2846706],[5.0000449,47.2846504],[5.0000609,47.2846483],[5.0001205,47.2846403],[5.0002808,47.2846185],[5.0003413,47.2846102],[5.0003574,47.2846084],[5.0005009,47.2845916],[5.0006071,47.2845793],[5.0006215,47.2845776],[5.0008594,47.2845497],[5.001211,47.2845087],[5.0012914,47.2845007],[5.0014211,47.2844854],[5.0014522,47.2844818],[5.0014896,47.2844772],[5.0015486,47.2844704],[5.001568,47.284468],[5.0017433,47.2844474],[5.0018273,47.2844331],[5.0019105,47.2844192],[5.002307,47.2843124],[5.0023152,47.2843103],[5.0023687,47.2842959],[5.0026736,47.2842139],[5.0028431,47.2841683],[5.0029204,47.2841475],[5.0031227,47.2840931],[5.0031681,47.2840809],[5.0032135,47.2840686],[5.0033047,47.2840441],[5.003407,47.2840166],[5.0034868,47.2839951],[5.0035754,47.2839713],[5.003698,47.2839383],[5.0039929,47.2838607],[5.0052756,47.2835223],[5.0058021,47.2834],[5.0060303,47.283347],[5.0063622,47.2832711],[5.0064727,47.2832459],[5.0065158,47.283236],[5.0067074,47.2831923],[5.0067543,47.2831816],[5.0068349,47.2831639],[5.0068748,47.2831553],[5.0071519,47.2830998],[5.0074025,47.2830496],[5.0082073,47.2828886],[5.0084726,47.2828355],[5.0087615,47.2827777],[5.0088307,47.2827638],[5.0090372,47.2827225],[5.0090468,47.2827206],[5.009201,47.2826971],[5.009409,47.2826599],[5.0096778,47.282602],[5.0097046,47.2825962],[5.0102136,47.2824864],[5.0116314,47.2821807],[5.0118161,47.2821414],[5.0122923,47.2820481],[5.0124201,47.282022],[5.0126307,47.2819844],[5.0135038,47.2818357],[5.0136084,47.2818196],[5.0136624,47.281811],[5.0149902,47.2815973],[5.0150502,47.2815845],[5.0154758,47.281514],[5.0155501,47.2815006],[5.0166689,47.2813166],[5.0176885,47.2811509],[5.0183465,47.2810399],[5.0193575,47.2808627],[5.0194646,47.2808455],[5.0209232,47.2805919],[5.0211117,47.2805583],[5.0212438,47.2805169],[5.0212926,47.2805164],[5.0218807,47.2805024],[5.0237469,47.2802595],[5.0240579,47.2802214],[5.0256784,47.2800054],[5.0257263,47.2799992],[5.0259766,47.2799658],[5.0260433,47.2799571],[5.0263053,47.2799223],[5.0263696,47.2799138],[5.0263818,47.2799122],[5.0264429,47.2798243],[5.0264786,47.2797731],[5.0268202,47.2792831],[5.026979,47.2790552],[5.0270173,47.2790005],[5.0271134,47.2788407],[5.0276684,47.2786505],[5.0286115,47.2783244]]]]}},{"type":"Feature","id":"commune-21390","properties":{"id":"commune-21390","name":"MARSANNAY LA COTE","kind":"commune","tier":"commune"},"geometry":{"type":"MultiPolygon","coordinates":[[[[4.9996392,47.2632347],[4.9996446,47.2632615],[4.9996453,47.2632652],[4.999657,47.2633238],[4.9996775,47.2634277],[4.9996785,47.2634327],[4.9997243,47.2636642],[4.9997397,47.2637414],[4.9997405,47.2637452],[4.9997554,47.2638209],[4.9997707,47.2638984],[4.9998505,47.2643017],[4.9998518,47.2643085],[4.9998639,47.2643688],[4.999866,47.2643798],[4.9998777,47.2644385],[4.9998802,47.2644516],[4.9998995,47.2645487],[4.9999011,47.2645565],[4.9999233,47.2646686],[4.9999261,47.2646834],[4.9999478,47.2647924],[4.9999574,47.2648415],[4.9999932,47.2650219],[4.9999997,47.2650552],[5.0000377,47.2652472],[5.000043,47.2652735],[5.0001931,47.2660321],[5.0001985,47.2660586],[5.0003551,47.2669714],[5.0003593,47.2669949],[5.0003977,47.2672194],[5.0004044,47.2672578],[5.0004291,47.2674024],[5.0004319,47.2674219],[5.0004668,47.2676543],[5.0004815,47.2677686],[5.0004819,47.2677727],[5.0004933,47.2678619],[5.0004984,47.2678901],[5.0005226,47.2680556],[5.0005306,47.2681108],[5.000668,47.2685437],[5.0008813,47.2685671],[5.0009836,47.2687688],[5.0010063,47.2688138],[5.0010095,47.26882],[5.0010308,47.2688619],[5.0010545,47.2689089],[5.001087,47.2689732],[5.0011383,47.269074],[5.0011637,47.2691242],[5.0011776,47.2691516],[5.0012214,47.2691411],[5.0012315,47.2691603],[5.0012525,47.2692002],[5.0012946,47.2691899],[5.0013698,47.2693191],[5.0015663,47.2692672],[5.0017269,47.2694935],[5.0015478,47.269554],[5.0015141,47.2695653],[5.0014227,47.2695962],[5.0013769,47.2696116],[5.0014223,47.269709],[5.0014767,47.2698256],[5.0015032,47.2698822],[5.0015332,47.2699466],[5.0016085,47.2701042],[5.0017472,47.2703944],[5.0018592,47.2706282],[5.0020388,47.2709363],[5.0021972,47.271208],[5.0023302,47.2714359],[5.00244,47.2716239],[5.0024475,47.2716368],[5.0024646,47.2716658],[5.0026013,47.2718967],[5.0026732,47.2719893],[5.0027144,47.2720426],[5.00273,47.2720624],[5.0028231,47.2721822],[5.0028366,47.2722],[5.0028511,47.2722199],[5.0031541,47.2725172],[5.0031743,47.2725368],[5.0032787,47.2725634],[5.0033432,47.2725799],[5.0034838,47.2726154],[5.0039597,47.2727361],[5.004192,47.2727952],[5.0042856,47.2728209],[5.0043706,47.2728443],[5.0043814,47.2728473],[5.004795,47.2729612],[5.004945,47.2730044],[5.0053714,47.2731278],[5.0053725,47.273128],[5.005502,47.2731644],[5.0056708,47.2732118],[5.0062152,47.2733648],[5.0064064,47.2734057],[5.0068492,47.2735007],[5.0072086,47.2735777],[5.007416,47.2736333],[5.0076553,47.273703],[5.0078736,47.2737667],[5.0080666,47.2738482],[5.0082134,47.27391],[5.008247,47.2739242],[5.0084783,47.2740219],[5.0084795,47.2740224],[5.0086798,47.2741051],[5.0090455,47.2742349],[5.0091879,47.2742657],[5.009353,47.274295],[5.009669,47.2743436],[5.0096786,47.274345],[5.0097539,47.2743566],[5.0097712,47.2743586],[5.0098726,47.2743707],[5.0100287,47.2743866],[5.0100676,47.2743906],[5.0102685,47.2744021],[5.0102807,47.2744028],[5.0105343,47.2744094],[5.0105357,47.2744095],[5.0107339,47.27441],[5.0107956,47.2744087],[5.0108167,47.2744083],[5.0109137,47.2744061],[5.0109149,47.2744171],[5.0109724,47.2744107],[5.010971,47.2743957],[5.011171,47.2743681],[5.0113289,47.274345],[5.0113932,47.2743371],[5.0116342,47.2743126],[5.0116746,47.274309],[5.0118041,47.2742986],[5.0120094,47.2742825],[5.0121489,47.2742713],[5.0122,47.2742664],[5.0123044,47.2742524],[5.0124283,47.2742347],[5.0124604,47.2742301],[5.0125466,47.2742188],[5.0126367,47.274206],[5.0128331,47.2741789],[5.0128943,47.2741707],[5.0129658,47.2741613],[5.0132066,47.2741286],[5.0132591,47.2741215],[5.0134184,47.2741],[5.013643,47.274069],[5.0138683,47.2740377],[5.0140403,47.2740134],[5.0141202,47.2740027],[5.0142354,47.2739893],[5.0143156,47.2739768],[5.014378,47.2739643],[5.0145582,47.2739315],[5.0146219,47.2739183],[5.0147587,47.2738873],[5.0150238,47.273829],[5.0151913,47.2737944],[5.0155372,47.2737162],[5.0157261,47.2736726],[5.0162021,47.2735642],[5.0163111,47.2735391],[5.0163413,47.2735334],[5.016537,47.2734938],[5.0166736,47.2734752],[5.017032,47.2734236],[5.0170986,47.2734126],[5.0172311,47.2733885],[5.0172897,47.2733807],[5.0173489,47.2733789],[5.0186639,47.2734131],[5.0196599,47.2734423],[5.0196608,47.2734349],[5.0196573,47.2734284],[5.0195997,47.2732485],[5.0195524,47.2731169],[5.0194884,47.2729908],[5.0193433,47.2727642],[5.0192198,47.2725783],[5.0187375,47.2718718],[5.0187032,47.2718265],[5.0186559,47.2717695],[5.0187828,47.2716957],[5.0187629,47.2717284],[5.0189838,47.2716025],[5.0191435,47.2715097],[5.0194358,47.271344],[5.0195245,47.2712939],[5.0197699,47.2711544],[5.0198244,47.2711225],[5.0199809,47.2710289],[5.0200953,47.270964],[5.0202187,47.2708974],[5.0202797,47.2708603],[5.0204338,47.270767],[5.0205639,47.2706903],[5.0206305,47.2706456],[5.0207547,47.2705608],[5.0208132,47.2704423],[5.0208067,47.2703889],[5.0208877,47.2703752],[5.0209371,47.2703282],[5.0209728,47.2702946],[5.0210052,47.2702797],[5.0213592,47.2702273],[5.0214336,47.2702318],[5.0215425,47.2702419],[5.0215978,47.2702318],[5.0215434,47.2700967],[5.0216151,47.2700134],[5.0217588,47.2699046],[5.0217849,47.2698847],[5.0220325,47.2697105],[5.0223411,47.2694865],[5.0228078,47.269193],[5.0234551,47.2687722],[5.0238886,47.2685035],[5.0241476,47.2683412],[5.0249574,47.2678277],[5.0255283,47.2675325],[5.0263,47.2671305],[5.0266418,47.2670224],[5.026778,47.2669792],[5.0269073,47.2669383],[5.0270382,47.2668969],[5.027989,47.2665249],[5.0286113,47.2662796],[5.0292417,47.2660364],[5.0305634,47.2655213],[5.0316758,47.2651886],[5.0329255,47.2649742],[5.0340027,47.2647931],[5.0347145,47.2646761],[5.0353449,47.2645708],[5.035388,47.2648077],[5.0354915,47.265474],[5.0356207,47.2661868],[5.0358156,47.2673201],[5.0359459,47.2679838],[5.0360523,47.2685847],[5.0362011,47.2693295],[5.036257,47.269821],[5.0362889,47.2700791],[5.0363743,47.2705812],[5.036439,47.2710907],[5.0363892,47.2711143],[5.0356196,47.2714158],[5.0343333,47.2719279],[5.0335471,47.272241],[5.0329135,47.2724941],[5.0323245,47.2727302],[5.0319254,47.2728894],[5.0305941,47.2734248],[5.0305124,47.2734526],[5.030041,47.2736427],[5.0299959,47.2736607],[5.0289049,47.2741005],[5.0288479,47.2742508],[5.0288146,47.2743378],[5.0287536,47.2744983],[5.0287469,47.274516],[5.0287265,47.2745762],[5.0286869,47.2746914],[5.0286551,47.2747846],[5.028576,47.2750166],[5.0285758,47.2750174],[5.0285493,47.2750912],[5.0285016,47.2752257],[5.0283476,47.2756572],[5.0282982,47.2757963],[5.0282733,47.2758656],[5.0282524,47.275925],[5.0279699,47.2767176],[5.0275608,47.2778655],[5.0275516,47.2778916],[5.0274992,47.2780382],[5.0273612,47.2784256],[5.0272613,47.2785932],[5.0271134,47.2788407],[5.0270173,47.2790005],[5.026979,47.2790552],[5.0268202,47.2792831],[5.0264786,47.2797731],[5.0264429,47.2798242],[5.0263818,47.2799122],[5.0263696,47.2799138],[5.0263053,47.2799223],[5.0260433,47.2799571],[5.0259766,47.2799658],[5.0257263,47.2799992],[5.0256784,47.2800054],[5.0240579,47.2802214],[5.0237469,47.2802594],[5.0218807,47.2805024],[5.0212926,47.2805164],[5.0212438,47.2805169],[5.0211117,47.2805583],[5.0209232,47.2805919],[5.0194646,47.2808455],[5.0193575,47.2808627],[5.0183465,47.2810399],[5.0176885,47.2811508],[5.0166689,47.2813166],[5.01555,47.2815006],[5.0154758,47.281514],[5.01505,47.2815845],[5.0149902,47.2815973],[5.0136624,47.281811],[5.0136084,47.2818196],[5.0135038,47.2818357],[5.0126307,47.2819844],[5.0124201,47.282022],[5.0122923,47.2820481],[5.0118161,47.2821414],[5.0116314,47.2821807],[5.0102136,47.2824864],[5.0097046,47.2825962],[5.0096778,47.282602],[5.009409,47.2826599],[5.009201,47.2826971],[5.0090467,47.2827206],[5.0090372,47.2827225],[5.0088307,47.2827638],[5.0087615,47.2827777],[5.0084726,47.2828355],[5.0082073,47.2828886],[5.0074025,47.2830496],[5.0071519,47.2830998],[5.0068748,47.2831553],[5.0068349,47.2831639],[5.0067543,47.2831816],[5.0067074,47.2831923],[5.0065158,47.283236],[5.0064727,47.2832459],[5.0063622,47.2832711],[5.0060303,47.283347],[5.005802,47.2834],[5.0052756,47.2835223],[5.0039929,47.2838607],[5.003698,47.2839383],[5.0035754,47.2839713],[5.0034868,47.2839951],[5.0034069,47.2840166],[5.0033047,47.2840441],[5.0032135,47.2840686],[5.0031681,47.2840809],[5.0031227,47.2840931],[5.0029204,47.2841475],[5.0028431,47.2841683],[5.0026736,47.2842139],[5.0023687,47.2842959],[5.0023152,47.2843104],[5.0019105,47.2844192],[5.0018273,47.2844331],[5.0017433,47.2844474],[5.001568,47.284468],[5.0015486,47.2844704],[5.0014896,47.2844772],[5.0014522,47.2844818],[5.0014211,47.2844854],[5.0012914,47.2845007],[5.001211,47.2845087],[5.0006215,47.2845776],[5.0006071,47.2845792],[5.0005009,47.2845916],[5.0003574,47.2846084],[5.0003413,47.2846102],[5.0002808,47.2846185],[5.0001205,47.2846403],[5.0000609,47.2846483],[5.0000449,47.2846504],[4.9998965,47.2846706],[4.9992545,47.2847559],[4.9990661,47.2847808],[4.9990103,47.2847993],[4.9989413,47.2848031],[4.9989078,47.2848308],[4.9978632,47.2850747],[4.9966096,47.2854692],[4.9965718,47.2855134],[4.9962991,47.285582],[4.996078,47.2856381],[4.9958956,47.2857011],[4.9957875,47.2857339],[4.9956914,47.2857617],[4.9953497,47.285814],[4.9951284,47.2858865],[4.9947997,47.2859331],[4.9943129,47.286093],[4.9935932,47.2863508],[4.9933783,47.2864214],[4.9931147,47.286501],[4.9922982,47.2867321],[4.9915941,47.2869315],[4.9906627,47.2873434],[4.9899008,47.2876735],[4.9893333,47.2878977],[4.9889274,47.2880625],[4.9884173,47.2882706],[4.9879138,47.288481],[4.9877981,47.2885225],[4.9869795,47.2888157],[4.985966,47.2891787],[4.9855772,47.2893081],[4.9850722,47.2895861],[4.9850483,47.2895945],[4.9850362,47.2895666],[4.9850288,47.2895788],[4.9850201,47.2895727],[4.9846114,47.2898262],[4.9840383,47.2901898],[4.983868,47.290301],[4.9828944,47.2909357],[4.9826954,47.2910656],[4.9814281,47.2919059],[4.9809605,47.2922164],[4.9809223,47.2922418],[4.9803325,47.2926335],[4.9802457,47.2926913],[4.9801868,47.2927303],[4.9797321,47.2930318],[4.9794153,47.2932445],[4.9793621,47.2932778],[4.9791603,47.2933803],[4.9784155,47.2937659],[4.9782919,47.2938237],[4.9779566,47.2939807],[4.976092,47.2948483],[4.9759188,47.294929],[4.9739694,47.2958355],[4.9728968,47.2963361],[4.9721393,47.2966872],[4.9720591,47.2967244],[4.9713295,47.2970645],[4.9704744,47.2973854],[4.9704599,47.2973906],[4.9704346,47.297333],[4.970397,47.2970994],[4.9703688,47.2968304],[4.9702911,47.2965513],[4.9701966,47.2964019],[4.9700223,47.2962507],[4.9699373,47.2961802],[4.9698599,47.2961278],[4.9697342,47.2960474],[4.9694717,47.2959655],[4.9677934,47.2955162],[4.9673593,47.2957008],[4.9670586,47.2958535],[4.9668272,47.2959813],[4.966356,47.2962416],[4.9660398,47.2962127],[4.9656352,47.296197],[4.9648452,47.2963514],[4.9645351,47.2962616],[4.9644145,47.2962541],[4.9640148,47.2961086],[4.9634378,47.2958871],[4.9630884,47.2957925],[4.9628198,47.2957361],[4.9621387,47.2955006],[4.9616596,47.2953253],[4.9612294,47.2951626],[4.961072,47.2950917],[4.9608775,47.2950001],[4.9608092,47.2949866],[4.9607098,47.2950048],[4.96046,47.295022],[4.9603209,47.2950192],[4.9601916,47.2950206],[4.9599603,47.2948179],[4.9595372,47.2945239],[4.9590973,47.2941112],[4.958731,47.293834],[4.9587289,47.2938324],[4.9579773,47.2933429],[4.9578073,47.2932354],[4.9577116,47.2931924],[4.9576294,47.2931642],[4.9569784,47.2929598],[4.9568256,47.2929408],[4.9561879,47.2928859],[4.9558182,47.2927396],[4.9555065,47.2926128],[4.9548562,47.2924412],[4.954717,47.2924899],[4.9546287,47.2924139],[4.9546286,47.2923248],[4.9545416,47.2919258],[4.9544775,47.291807],[4.954386,47.2913652],[4.9543283,47.2911232],[4.9542863,47.2908813],[4.9534551,47.2900381],[4.9533289,47.2899795],[4.9527391,47.2895537],[4.9524002,47.2893216],[4.9517026,47.2887916],[4.9502403,47.2876298],[4.9495428,47.2870588],[4.9484236,47.2861555],[4.9479634,47.2858013],[4.9475853,47.2854951],[4.9475408,47.2853847],[4.9476666,47.2853679],[4.9477802,47.2853325],[4.9480654,47.2852295],[4.9480336,47.2851829],[4.9481285,47.2842673],[4.9481266,47.2841909],[4.9481247,47.2841184],[4.9481098,47.2839196],[4.9480491,47.2835433],[4.9479965,47.2833196],[4.947924,47.283112],[4.9478846,47.2829773],[4.9478486,47.2828256],[4.9478446,47.2827325],[4.9466626,47.2824118],[4.9462595,47.2822954],[4.9459185,47.2822324],[4.945701,47.2821721],[4.9455479,47.2821171],[4.9452634,47.282044],[4.944577,47.2818843],[4.9438773,47.2817262],[4.9434924,47.2815177],[4.9433358,47.2814297],[4.9430597,47.2813064],[4.942609,47.2811148],[4.9417603,47.2807463],[4.9414233,47.2805993],[4.9412204,47.2805079],[4.9408706,47.2803169],[4.9402374,47.2799433],[4.9398565,47.2797218],[4.9394105,47.2794217],[4.939039,47.2792039],[4.9387289,47.2788915],[4.9388316,47.2788065],[4.9386077,47.2786485],[4.9387014,47.2785579],[4.9387433,47.27849],[4.9388107,47.2783376],[4.9388584,47.2782814],[4.9397206,47.2785964],[4.9401767,47.2787125],[4.9406857,47.2788462],[4.9414392,47.2790971],[4.9416992,47.2791754],[4.9418739,47.2792316],[4.9421949,47.2793107],[4.9428572,47.2792287],[4.943323,47.2791727],[4.9449758,47.2787661],[4.9449022,47.2794479],[4.9458821,47.2795882],[4.9463293,47.2796579],[4.94698,47.2797037],[4.9473488,47.2797143],[4.9476945,47.2796868],[4.9481032,47.2796456],[4.9484211,47.2796099],[4.9490542,47.2794993],[4.94923,47.2794674],[4.949685,47.2793813],[4.9502111,47.2792616],[4.9509724,47.279086],[4.9513612,47.2789987],[4.9526752,47.2786911],[4.9530105,47.2786001],[4.9533899,47.2784925],[4.9540661,47.2783043],[4.9543718,47.2782091],[4.9541552,47.2779076],[4.9538162,47.2775061],[4.9537883,47.2774588],[4.9536131,47.2772153],[4.9534385,47.276926],[4.9532188,47.2765826],[4.9521827,47.2758581],[4.9519363,47.2754454],[4.9522329,47.2750652],[4.9522424,47.2750355],[4.952318,47.2749555],[4.9524299,47.2748724],[4.9528231,47.2745891],[4.953277,47.2742869],[4.9530403,47.274099],[4.9528372,47.2739153],[4.9532461,47.273511],[4.9533887,47.273442],[4.9533635,47.2734292],[4.9534787,47.2733979],[4.9548177,47.2731621],[4.9557327,47.2729906],[4.9559414,47.2729631],[4.9562705,47.2729295],[4.9585925,47.2727502],[4.9586522,47.2727194],[4.9590946,47.2726055],[4.9592681,47.2725627],[4.9601298,47.2723878],[4.9603069,47.2723535],[4.9604762,47.2723251],[4.9606039,47.2723333],[4.9618726,47.2724143],[4.9622765,47.2723084],[4.9629299,47.2719717],[4.9630769,47.2719187],[4.9633461,47.2718829],[4.9637092,47.2718711],[4.9640555,47.2718099],[4.9642528,47.271768],[4.9646402,47.2716239],[4.9649844,47.2715039],[4.9651999,47.2713884],[4.9653309,47.2712834],[4.9654877,47.2711006],[4.9657323,47.2707983],[4.9659324,47.2705608],[4.9661558,47.2703768],[4.9664379,47.2702351],[4.9667159,47.2701207],[4.9670354,47.2700038],[4.9676162,47.2697964],[4.967935,47.2696851],[4.9682013,47.2693302],[4.9682982,47.2692055],[4.9684299,47.2690858],[4.9685028,47.2690195],[4.968802,47.268753],[4.9691352,47.2686208],[4.9694231,47.2684483],[4.9696139,47.2683338],[4.9699566,47.2682009],[4.9703149,47.268095],[4.9705557,47.2680331],[4.9711269,47.2678781],[4.9712867,47.2678401],[4.9717192,47.2677842],[4.9722718,47.2677117],[4.972568,47.2676911],[4.972864,47.2676771],[4.9734711,47.2676413],[4.9738979,47.2676125],[4.9739143,47.267612],[4.9738926,47.2675702],[4.9739002,47.2675538],[4.9740963,47.2675709],[4.974857,47.2676796],[4.9754011,47.2677573],[4.9758265,47.2678164],[4.9758768,47.2678383],[4.9760994,47.2678416],[4.9762697,47.2678443],[4.9763744,47.2678432],[4.9765292,47.2678309],[4.976542,47.2678466],[4.9765959,47.2678542],[4.9766275,47.2678902],[4.9767808,47.2678813],[4.977032,47.2679707],[4.9772519,47.2679889],[4.9775038,47.2680113],[4.9776409,47.2680317],[4.9776964,47.2680275],[4.9780392,47.268002],[4.9780549,47.2680423],[4.9784139,47.2679829],[4.978851,47.2678871],[4.9791971,47.267828],[4.9792033,47.2678267],[4.9795889,47.2677506],[4.9798675,47.2676443],[4.9799854,47.2675596],[4.9801555,47.267514],[4.9803318,47.2674811],[4.9805614,47.267443],[4.9812878,47.2673266],[4.9817476,47.2672598],[4.9820685,47.267194],[4.9822958,47.2671453],[4.9823576,47.2671299],[4.9823413,47.2670934],[4.9829872,47.2669623],[4.9828479,47.2667084],[4.9836073,47.2663671],[4.9836297,47.2663581],[4.9838962,47.2663192],[4.9842038,47.2662768],[4.9845413,47.2662314],[4.9847345,47.2661901],[4.9853097,47.2660535],[4.9854246,47.2660513],[4.9856523,47.2659973],[4.9859755,47.265974],[4.9862174,47.2659543],[4.9866472,47.2659055],[4.9869105,47.2658559],[4.987026,47.2658278],[4.9872129,47.2657823],[4.9873538,47.2657446],[4.9875122,47.2657137],[4.9877266,47.2656733],[4.9881386,47.2655674],[4.9884,47.2655034],[4.9885801,47.265714],[4.9886385,47.2657021],[4.9888464,47.2656473],[4.9905264,47.2652075],[4.9906566,47.2651758],[4.9908099,47.2651332],[4.9914416,47.2650067],[4.9920174,47.2648907],[4.9920181,47.2648906],[4.9921058,47.2648733],[4.9921925,47.2648562],[4.9922869,47.2648376],[4.9924928,47.2647971],[4.9925641,47.264783],[4.9926391,47.2647683],[4.9928349,47.2647296],[4.9931265,47.2646723],[4.9934182,47.2646148],[4.9939451,47.264512],[4.9949761,47.2643082],[4.9956071,47.2641866],[4.9960681,47.2640786],[4.9961524,47.2640592],[4.9972611,47.2637974],[4.9975019,47.2637418],[4.9995333,47.2632598],[4.9996392,47.2632347]]]]}},{"type":"Feature","id":"commune-21200","properties":{"id":"commune-21200","name":"COUCHEY","kind":"commune","tier":"commune"},"geometry":{"type":"MultiPolygon","coordinates":[[[[5.0233972,47.2398604],[5.0238677,47.2399068],[5.0244965,47.2400085],[5.0246484,47.2400287],[5.0249277,47.2400659],[5.0251094,47.2400872],[5.0251731,47.2400947],[5.0254455,47.2401266],[5.0255804,47.2401423],[5.025626,47.2401477],[5.0257973,47.2401679],[5.0264856,47.2417115],[5.0264748,47.2417189],[5.026404,47.2417678],[5.0259738,47.2420645],[5.0259092,47.2421125],[5.0256214,47.2422972],[5.0252571,47.2425293],[5.0250898,47.2426301],[5.0237076,47.2438382],[5.0235531,47.2439577],[5.0223256,47.2448734],[5.0216424,47.2453122],[5.020382,47.2460133],[5.0201162,47.2461892],[5.0198954,47.2463889],[5.0198653,47.2464112],[5.0196532,47.246525],[5.0189578,47.2469725],[5.0186941,47.2471306],[5.0184971,47.2472436],[5.0183616,47.247308],[5.0179132,47.2475258],[5.0178548,47.2475543],[5.0159523,47.2484799],[5.0152326,47.2488744],[5.0149048,47.2490696],[5.0148439,47.2491095],[5.0146016,47.2492723],[5.0143641,47.2494385],[5.0138348,47.249746],[5.0136436,47.2498622],[5.0134433,47.2500339],[5.0129205,47.2504687],[5.0127977,47.2505413],[5.0125874,47.2506406],[5.0125648,47.2506358],[5.0125098,47.2507797],[5.0121452,47.2509481],[5.0116692,47.2512379],[5.0116302,47.2512615],[5.0115412,47.2513152],[5.0115239,47.2513118],[5.0111993,47.2515056],[5.0111604,47.2515299],[5.0106165,47.2518737],[5.0105632,47.2518776],[5.0087564,47.2529219],[5.0082419,47.2532176],[5.0083806,47.2539213],[5.0085061,47.2540267],[5.0084981,47.2540914],[5.0083588,47.2540719],[5.0083994,47.2541539],[5.0084997,47.2543154],[5.0086096,47.2544864],[5.0086314,47.2545546],[5.0086343,47.2545787],[5.0086368,47.2546204],[5.008636,47.2546622],[5.0085816,47.2547711],[5.0083281,47.255198],[5.0083072,47.2552269],[5.0081687,47.2554144],[5.0080273,47.2556011],[5.0077882,47.2558705],[5.0077011,47.2559765],[5.0075778,47.2561538],[5.0074032,47.2564006],[5.0072256,47.2566465],[5.0071529,47.2567526],[5.0070803,47.2568972],[5.006922,47.2571416],[5.0068654,47.25724],[5.0068607,47.2572491],[5.0068169,47.2573363],[5.006776,47.2574243],[5.0066983,47.2576508],[5.0066647,47.2577405],[5.0066126,47.2578716],[5.0065574,47.258002],[5.0064989,47.2581318],[5.0063421,47.2582107],[5.0060501,47.2583488],[5.0058231,47.2584418],[5.0057575,47.258465],[5.0054758,47.2585654],[5.0054066,47.25859],[5.0050337,47.2587288],[5.0047292,47.2588086],[5.0034316,47.2591859],[5.0034351,47.259207],[5.0027831,47.2597256],[5.0020146,47.2603428],[5.0008303,47.2606858],[4.9995191,47.2610551],[4.9993281,47.2611111],[4.9993887,47.2615326],[4.9994056,47.2616428],[4.9994199,47.2617382],[4.9994322,47.2618232],[4.9994449,47.2619129],[4.9994566,47.2619888],[4.9994818,47.2621673],[4.999491,47.2622337],[4.9995388,47.2625476],[4.9996409,47.2632344],[4.9975086,47.2637377],[4.9972669,47.263795],[4.9960962,47.2640693],[4.9960269,47.2640857],[4.9955951,47.2641883],[4.9949684,47.2643121],[4.9939274,47.2645163],[4.9934126,47.2646179],[4.9931251,47.2646723],[4.9928371,47.26473],[4.9926943,47.2647583],[4.9926411,47.264769],[4.9925643,47.2647842],[4.9924951,47.2647981],[4.9922887,47.2648391],[4.992196,47.2648578],[4.9921098,47.2648747],[4.9920201,47.2648921],[4.9914449,47.2650068],[4.9908122,47.2651328],[4.9905237,47.2652087],[4.9902469,47.2652825],[4.9895742,47.265458],[4.988823,47.2656547],[4.9886991,47.2656857],[4.9886431,47.2657022],[4.9885822,47.2657191],[4.9885292,47.2656584],[4.9884023,47.265504],[4.9882739,47.2655336],[4.9879975,47.2656055],[4.9877769,47.2656638],[4.9874148,47.265736],[4.9870742,47.2658232],[4.9868281,47.2658764],[4.9866194,47.2659117],[4.9863747,47.2659402],[4.9861127,47.2659654],[4.9858418,47.265986],[4.98567,47.2659965],[4.9855577,47.2660219],[4.9854585,47.2660453],[4.9853761,47.2660647],[4.9853633,47.2660401],[4.9852757,47.2660615],[4.9851937,47.2660816],[4.9849456,47.2661418],[4.9847459,47.2661909],[4.9846545,47.2662062],[4.9844235,47.26624],[4.9842132,47.266277],[4.9840701,47.2662967],[4.9839016,47.2663209],[4.9836658,47.2663554],[4.9836595,47.2663491],[4.9836404,47.2663531],[4.9836245,47.2663647],[4.9836056,47.2663685],[4.9828501,47.2667078],[4.9828928,47.2667847],[4.9829386,47.2668671],[4.9829908,47.2669626],[4.9823401,47.2670949],[4.9823329,47.267137],[4.982146,47.2671809],[4.9820127,47.2672106],[4.981808,47.2672528],[4.9815611,47.2672865],[4.9812717,47.2673296],[4.9808481,47.2673977],[4.9805494,47.2674474],[4.9802916,47.2674887],[4.9800523,47.2675448],[4.9799375,47.2676029],[4.9798993,47.2676288],[4.9798678,47.2676501],[4.9796656,47.2677226],[4.9796468,47.2677316],[4.9795141,47.2677675],[4.9792425,47.2678209],[4.9789058,47.2678776],[4.9783955,47.2679887],[4.9780587,47.2680427],[4.9780409,47.2680021],[4.9776455,47.268032],[4.9775017,47.2680113],[4.9770429,47.2679717],[4.9770167,47.2679657],[4.9767848,47.267883],[4.9766365,47.2678925],[4.9765962,47.267855],[4.9765457,47.26785],[4.9765339,47.2678335],[4.9764746,47.2678373],[4.9764109,47.2678424],[4.9763469,47.2678454],[4.9762827,47.267846],[4.9758782,47.267841],[4.9758371,47.2678195],[4.9753796,47.2677558],[4.9747349,47.2676655],[4.974383,47.2676153],[4.9741675,47.2675833],[4.9741281,47.2675774],[4.9739283,47.2675579],[4.9738986,47.2675566],[4.9738932,47.2675702],[4.9738921,47.2675878],[4.9737188,47.2675596],[4.9735856,47.2675467],[4.973527,47.2675495],[4.9733797,47.2675686],[4.9731159,47.2676047],[4.9728909,47.2676361],[4.9726149,47.2676235],[4.9720132,47.2677069],[4.9717489,47.2677543],[4.9709324,47.2679517],[4.9700233,47.2682292],[4.9697137,47.2683384],[4.9690796,47.2686812],[4.9688453,47.2687911],[4.9687863,47.2688278],[4.9684423,47.2691434],[4.9682332,47.2693469],[4.9679102,47.2697618],[4.9672561,47.2699907],[4.9666937,47.2701921],[4.9662764,47.2703986],[4.9660388,47.2705524],[4.965901,47.270693],[4.9655833,47.2710736],[4.9653066,47.2713931],[4.9652325,47.2714484],[4.9650097,47.2715374],[4.9647193,47.2716364],[4.9642332,47.2717886],[4.9640444,47.2718403],[4.963744,47.2719144],[4.9630725,47.2719723],[4.9628149,47.2720967],[4.962429,47.2722867],[4.9620201,47.2724139],[4.9619282,47.2724356],[4.9605029,47.2723683],[4.9592155,47.2726347],[4.958713,47.2727634],[4.9586535,47.2727904],[4.9582971,47.2728178],[4.957005,47.2729141],[4.9560038,47.2729977],[4.9550627,47.2731569],[4.9540431,47.2733358],[4.9535148,47.2734353],[4.9534781,47.273452],[4.953434,47.2734767],[4.9533051,47.2735126],[4.95327,47.273544],[4.9530545,47.2737473],[4.9528528,47.273957],[4.9532938,47.2743046],[4.9525722,47.2748038],[4.9523002,47.2750193],[4.951954,47.2754558],[4.9521781,47.275888],[4.9532438,47.2766296],[4.9536422,47.2773126],[4.9537813,47.2775042],[4.9539461,47.2777062],[4.9541254,47.2779025],[4.9543355,47.2782655],[4.9526442,47.2787246],[4.9499623,47.2793412],[4.9485075,47.2796259],[4.9473014,47.2797463],[4.946375,47.2796785],[4.9448886,47.2794591],[4.945022,47.2787846],[4.9433545,47.2792023],[4.9422373,47.2793321],[4.9421702,47.2793142],[4.9415977,47.2791543],[4.9410317,47.2789836],[4.9404728,47.2788027],[4.9398324,47.278653],[4.9389155,47.2783369],[4.9387191,47.2782755],[4.9382639,47.2782094],[4.9380479,47.2781594],[4.9380135,47.2781266],[4.9378937,47.2781811],[4.9378598,47.278158],[4.9378498,47.2778277],[4.9375064,47.27713],[4.9374945,47.2767375],[4.9374465,47.2764856],[4.9373605,47.2761895],[4.937197,47.2759119],[4.9372022,47.275816],[4.9372101,47.275725],[4.9372214,47.2754723],[4.9372157,47.2752194],[4.9371163,47.2746572],[4.9368985,47.2735301],[4.9368698,47.2730834],[4.9368593,47.2729674],[4.9368319,47.2727355],[4.9367963,47.2725042],[4.9367869,47.2724423],[4.936642,47.2720586],[4.9364996,47.2717087],[4.9362512,47.2710901],[4.9357199,47.2706696],[4.9355019,47.2705201],[4.9350825,47.2702256],[4.934809,47.2700129],[4.9342299,47.2695601],[4.9339175,47.2693129],[4.9332036,47.2685556],[4.9331729,47.2685229],[4.932754,47.2681347],[4.9322172,47.2676984],[4.931841,47.2673909],[4.9318,47.2673535],[4.9314036,47.2670032],[4.9309942,47.26666],[4.9306001,47.2663892],[4.9298117,47.2658814],[4.9293401,47.2655047],[4.929161,47.265426],[4.9290473,47.2654455],[4.9287463,47.2655054],[4.9284502,47.2655763],[4.9277218,47.265713],[4.9272876,47.2658311],[4.9269418,47.2659299],[4.926254,47.2661655],[4.9255682,47.2664461],[4.9244433,47.266261],[4.9227711,47.2658557],[4.9215067,47.2653543],[4.920653,47.265118],[4.919579,47.2647297],[4.9189437,47.2646114],[4.9187938,47.264579],[4.9186329,47.264556],[4.9184693,47.2645443],[4.9183047,47.2645439],[4.918141,47.264555],[4.9179798,47.2645773],[4.9179251,47.26459],[4.9176338,47.2646653],[4.9173489,47.264751],[4.9169089,47.2649135],[4.9167453,47.2650084],[4.9166754,47.2650791],[4.9165711,47.2652518],[4.9165217,47.2653577],[4.9163551,47.2657406],[4.9162045,47.2661267],[4.9161765,47.2662059],[4.9160668,47.266549],[4.9159733,47.2668945],[4.9159706,47.2671353],[4.9158855,47.2671331],[4.9154345,47.2671148],[4.914985,47.2670851],[4.9145371,47.2670441],[4.9140921,47.2669918],[4.9138706,47.2669808],[4.9132428,47.2669575],[4.9126143,47.2669457],[4.9105848,47.2669921],[4.9103959,47.2670024],[4.910296,47.2670236],[4.9099192,47.2670957],[4.9095381,47.2671567],[4.9091536,47.2672065],[4.9090855,47.2672049],[4.9088145,47.2671915],[4.9085456,47.2671665],[4.9068201,47.266767],[4.9067281,47.2661927],[4.9050363,47.2663081],[4.9049067,47.2663231],[4.9042505,47.266255],[4.9038433,47.266303],[4.9028401,47.2649431],[4.9020011,47.2643061],[4.9018943,47.2641687],[4.9011813,47.2635447],[4.9005995,47.2630988],[4.9002385,47.2627359],[4.8997947,47.2623622],[4.9006705,47.262036],[4.9008333,47.2619666],[4.9013042,47.2618757],[4.9017794,47.2617959],[4.9018781,47.2617808],[4.9029851,47.2616363],[4.9039375,47.2614396],[4.9041172,47.2613995],[4.9042909,47.2613485],[4.9043812,47.2613169],[4.9045013,47.2612621],[4.904611,47.2611982],[4.9047095,47.2611263],[4.9047179,47.2611191],[4.9049629,47.2610337],[4.9052078,47.2608263],[4.9054589,47.260739],[4.9057142,47.2605205],[4.9059543,47.2603943],[4.906184,47.2602592],[4.9064022,47.2601157],[4.9064963,47.2600488],[4.9067502,47.2601152],[4.9069976,47.2601921],[4.9072378,47.2602794],[4.9072927,47.2603012],[4.9079469,47.2602823],[4.908323,47.2602392],[4.9087905,47.2602382],[4.9090444,47.2602065],[4.9092295,47.2601755],[4.9100213,47.2599742],[4.9103449,47.2599203],[4.9106239,47.2598749],[4.910906,47.2598405],[4.9110564,47.2598268],[4.9110967,47.2598903],[4.9112089,47.2598617],[4.9114434,47.2597722],[4.9116698,47.2596732],[4.9118458,47.259586],[4.912093,47.2594144],[4.9123086,47.259229],[4.9125106,47.2590367],[4.9125176,47.2590298],[4.9134628,47.2580865],[4.9135293,47.2580372],[4.9138517,47.2578606],[4.9140068,47.257987],[4.9141487,47.2581202],[4.9142756,47.2582585],[4.9150069,47.2579934],[4.9155505,47.2577028],[4.9157248,47.2576429],[4.9159059,47.2575935],[4.9160927,47.2575549],[4.9162068,47.2575369],[4.9193535,47.2561926],[4.919799,47.2570526],[4.9199361,47.2572432],[4.9204308,47.2577543],[4.9205133,47.2579297],[4.9209237,47.2583323],[4.9210483,47.2585068],[4.921146,47.2586745],[4.921228,47.2588462],[4.9212938,47.2590209],[4.9213063,47.2590604],[4.9213512,47.2592245],[4.9214151,47.2597269],[4.9215513,47.2598481],[4.9216112,47.2598737],[4.922217,47.2594041],[4.9224401,47.2592635],[4.9233135,47.2589433],[4.9236604,47.2589549],[4.9248866,47.2587961],[4.9262554,47.2588426],[4.9264557,47.2587574],[4.9263946,47.258536],[4.9274424,47.2586488],[4.9290135,47.2589419],[4.929684,47.2589425],[4.9299509,47.2589165],[4.9301746,47.2588462],[4.9303904,47.2587655],[4.9305978,47.2586751],[4.9306072,47.2586708],[4.9321004,47.2580521],[4.9323763,47.2579521],[4.9326597,47.2578626],[4.9329395,47.2577859],[4.9336977,47.2575939],[4.934076,47.2573773],[4.9350114,47.257491],[4.9352411,47.2575369],[4.9354655,47.2575938],[4.9356799,47.25766],[4.9364619,47.2578223],[4.9378107,47.2579795],[4.9387999,47.2579416],[4.9390022,47.2579241],[4.9392631,47.2578765],[4.9402102,47.2576283],[4.9403309,47.257892],[4.9408531,47.2582815],[4.9412308,47.2580897],[4.9411928,47.2580454],[4.942661,47.257362],[4.943521,47.2568924],[4.9459964,47.2562432],[4.9472946,47.255941],[4.9482094,47.2557732],[4.9502935,47.2553713],[4.9521554,47.255017],[4.9526399,47.2549339],[4.9528378,47.2548999],[4.9529032,47.2548887],[4.9529776,47.2548759],[4.9530378,47.2548657],[4.9530993,47.2548551],[4.9532062,47.2548368],[4.953558,47.254781],[4.9566889,47.2542999],[4.958019,47.2551833],[4.9580927,47.2551906],[4.9588706,47.2551149],[4.9598685,47.2550192],[4.9599989,47.2549945],[4.9606509,47.254799],[4.9610529,47.2546621],[4.9615602,47.2544568],[4.9622175,47.2542125],[4.9632431,47.2538521],[4.9636722,47.2537507],[4.9638867,47.2536751],[4.9642738,47.2535419],[4.9646354,47.2534339],[4.9649316,47.2533469],[4.9649848,47.253332],[4.9650087,47.2533476],[4.9655041,47.2532198],[4.9655899,47.25319],[4.9655993,47.2532224],[4.9657249,47.2532148],[4.9657218,47.2531657],[4.9658819,47.2531379],[4.9660395,47.2531098],[4.9668284,47.2531297],[4.967022,47.2531131],[4.9672396,47.2530755],[4.9672254,47.2530294],[4.9673306,47.2530175],[4.9673815,47.2530114],[4.9674159,47.2530244],[4.9677197,47.2529844],[4.9677305,47.2530183],[4.9679439,47.2529804],[4.9679411,47.2529663],[4.9679891,47.2529663],[4.9681726,47.2529698],[4.9682076,47.2529772],[4.9691921,47.2532516],[4.9700951,47.2537904],[4.9701144,47.2538096],[4.9701926,47.2537921],[4.9702585,47.2537635],[4.9703111,47.2537347],[4.9703912,47.2536537],[4.970475,47.2536105],[4.9705808,47.2535578],[4.9705999,47.2535554],[4.9707127,47.2535908],[4.9709029,47.2536425],[4.9712283,47.2537454],[4.9714503,47.2538174],[4.9716552,47.2538835],[4.9716939,47.2538966],[4.9717239,47.2539176],[4.971779,47.2539647],[4.971892,47.254068],[4.9720731,47.2542444],[4.9721139,47.2542677],[4.9721943,47.254268],[4.9722514,47.2542593],[4.972618,47.2541601],[4.9728803,47.2541224],[4.9729535,47.2541188],[4.9732038,47.2541329],[4.9733902,47.2541318],[4.9734169,47.2541925],[4.9734409,47.2542252],[4.9734842,47.254258],[4.9735115,47.2542712],[4.9735505,47.2542592],[4.9738276,47.2542053],[4.973961,47.2541864],[4.9745327,47.2541141],[4.9745655,47.2541099],[4.974538,47.2540364],[4.9745631,47.254031],[4.974712,47.2539988],[4.9751341,47.2539014],[4.9756585,47.2537869],[4.975818,47.2537562],[4.9761247,47.2537015],[4.9765252,47.2536297],[4.9768248,47.2535748],[4.9769234,47.2535567],[4.9769059,47.2535129],[4.9774294,47.2534204],[4.9777573,47.2533668],[4.9779977,47.2533294],[4.9781542,47.2533005],[4.9784784,47.2532409],[4.9786472,47.2532052],[4.978942,47.2531156],[4.979371,47.2529852],[4.9794913,47.252926],[4.9796743,47.2527934],[4.9797452,47.2527222],[4.9797934,47.2526767],[4.9798514,47.2526356],[4.979987,47.2525768],[4.9800411,47.2525518],[4.9800919,47.2525428],[4.9801622,47.2525346],[4.9803095,47.2525222],[4.9806335,47.2525108],[4.9808938,47.252522],[4.9810721,47.2525394],[4.9814713,47.2525779],[4.9822375,47.2526526],[4.9824766,47.2526569],[4.9827465,47.2526679],[4.9829257,47.2526833],[4.9833312,47.2527859],[4.9834929,47.2528089],[4.9837129,47.2528277],[4.9838023,47.2528281],[4.9840984,47.2528131],[4.9844683,47.2527884],[4.9845789,47.252785],[4.9847101,47.2528024],[4.9848129,47.2528146],[4.9848998,47.2528251],[4.9851779,47.2528814],[4.9855696,47.2529721],[4.9857421,47.2530227],[4.9860938,47.2531516],[4.9864954,47.2532745],[4.9868629,47.2533687],[4.9872819,47.2534721],[4.9875227,47.2535219],[4.9878608,47.2535793],[4.9882922,47.2536406],[4.9885331,47.2536717],[4.9887899,47.2536953],[4.9891813,47.2537148],[4.9897886,47.2537098],[4.9902373,47.2536905],[4.9907901,47.2536551],[4.9913647,47.253615],[4.9914566,47.2536063],[4.9916315,47.2535779],[4.9915787,47.2534469],[4.9915281,47.2533225],[4.9914817,47.2532153],[4.9914338,47.2531046],[4.9914018,47.2530276],[4.9913537,47.2529179],[4.9913065,47.2528098],[4.9912629,47.252708],[4.991222,47.2525991],[4.9911646,47.2524538],[4.9911225,47.2523505],[4.9910671,47.252206],[4.9910221,47.2520894],[4.9909614,47.2519396],[4.9909024,47.2517912],[4.9908616,47.2516826],[4.9908022,47.2515393],[4.9907496,47.2513909],[4.990696,47.2512433],[4.9906447,47.2511087],[4.9905982,47.2509777],[4.9905457,47.2508352],[4.9904934,47.2506997],[4.9904438,47.2505576],[4.9905641,47.250552],[4.9922276,47.2504458],[4.9942403,47.2503527],[4.9943735,47.2503597],[4.9947929,47.2503326],[4.9955664,47.250245],[4.9962533,47.2501529],[4.9968304,47.250016],[4.9970318,47.2499551],[4.9971626,47.2499156],[4.9972766,47.2498808],[4.9976644,47.2497628],[4.9977224,47.2497451],[4.9979366,47.2496803],[4.9980665,47.2496396],[4.9989708,47.2494885],[4.9998744,47.249335],[5.0006709,47.2491978],[5.0009078,47.2491594],[5.0011456,47.2491233],[5.001384,47.2490894],[5.001623,47.2490578],[5.0016432,47.2490552],[5.0017702,47.2490448],[5.0020747,47.2490219],[5.0022739,47.248997],[5.0024709,47.2489728],[5.0028382,47.2489079],[5.0031156,47.2489015],[5.0031665,47.2489003],[5.003397,47.248929],[5.0038276,47.2489852],[5.0041021,47.2489631],[5.0043876,47.2489391],[5.0047674,47.2488942],[5.0051462,47.2488447],[5.0053188,47.2488206],[5.0057927,47.2487625],[5.0062218,47.2487055],[5.0066882,47.2486443],[5.007153,47.2485786],[5.0074758,47.2485302],[5.0078619,47.2484748],[5.008556,47.2484153],[5.0092754,47.2483226],[5.0093372,47.2483099],[5.0097243,47.2482284],[5.0098314,47.248237],[5.0100532,47.248256],[5.0101101,47.2482618],[5.0104566,47.2483041],[5.0107461,47.2483007],[5.0119131,47.2480379],[5.0121963,47.2475667],[5.0125696,47.247299],[5.0129621,47.2470518],[5.0131181,47.2468878],[5.0131725,47.246752],[5.0133294,47.2462898],[5.0137279,47.2459691],[5.0143812,47.2453383],[5.0146353,47.2451055],[5.0147514,47.2450034],[5.0148479,47.2449499],[5.0149602,47.2448981],[5.0150156,47.2448614],[5.015194,47.2447312],[5.0156857,47.2443728],[5.0159128,47.2442076],[5.0160469,47.244085],[5.0163376,47.2438201],[5.0163571,47.2438002],[5.0164225,47.2437285],[5.0164821,47.2436544],[5.0165104,47.2436229],[5.0165558,47.2435661],[5.0165948,47.2435071],[5.016772,47.2432219],[5.0168112,47.2431587],[5.0169262,47.2430475],[5.017087,47.2428967],[5.0172982,47.2426925],[5.0173456,47.2426067],[5.0174682,47.2423767],[5.0175457,47.2423035],[5.0169534,47.2415285],[5.0169433,47.2415151],[5.0175388,47.241278],[5.0178448,47.2411307],[5.0187561,47.2406486],[5.0187758,47.240638],[5.0189676,47.2405316],[5.019155,47.2404217],[5.0193381,47.2403085],[5.0196035,47.2402286],[5.019911,47.2401616],[5.0207897,47.2400422],[5.0212195,47.2399893],[5.0213148,47.2399829],[5.0215575,47.2399633],[5.0217994,47.2399392],[5.0222851,47.2399093],[5.0225746,47.2398919],[5.0233972,47.2398604]]]]}}]}
