{"type":"FeatureCollection","features":[{"type":"Feature","id":"inao-denom-810","properties":{"id":"inao-denom-810","name":"Mercurey","tier":"village","kind":"appellation","appellationId":203,"denominationId":810,"sourceName":"Mercurey","communes":["71294","71459"],"areaHa":790.49},"geometry":{"type":"MultiPolygon","coordinates":[[[[4.709876512380743,46.81545555888976],[4.709748993083375,46.81537672509689],[4.709715298388633,46.81534657864644],[4.709706078690958,46.815337511590585],[4.709642696151774,46.81526283956243],[4.709619026029628,46.81522027789593],[4.709582354730176,46.81519016665214],[4.709550528357596,46.815172249535536],[4.709523463180135,46.81516345675154],[4.709492119786765,46.81516085163107],[4.709367127623131,46.81516169188995],[4.709301915462972,46.81517082961065],[4.7091687023294675,46.81519427079654],[4.7091404322221875,46.815194690947365],[4.708973092728586,46.815174698856026],[4.708863917187917,46.81515793096983],[4.708799491376577,46.815144577769324],[4.708725878735778,46.81512319260164],[4.7086445417575895,46.81509272703771],[4.708466515554315,46.81501668661611],[4.708434625243107,46.81499672578723],[4.708372113920549,46.81494962548646],[4.708309506241793,46.81489946454779],[4.708135890202662,46.814727309241896],[4.708108407040365,46.814705238505084],[4.708031207206636,46.81466448927163],[4.707985621177707,46.814634518943784],[4.707911880772352,46.814609046445916],[4.707820423285505,46.814587916724825],[4.707765410801104,46.81458976036172],[4.707688209904405,46.81459601317236],[4.707640084921092,46.81458038192213],[4.707651218487142,46.81455569329287],[4.707564412447568,46.81454062737874],[4.707492521062213,46.814526366634325],[4.707441323327302,46.81450771888987],[4.70724178831371,46.814457545947604],[4.70704399452309,46.81436851300044],[4.706956140951783,46.814319752772896],[4.706864847256147,46.81425672402005],[4.70681382607375,46.81419617752947],[4.706775726596821,46.814168130972085],[4.706628199437494,46.81406813849086],[4.706353349665678,46.813989443009206],[4.7061436024267245,46.81389855056148],[4.705947663824452,46.81377372547846],[4.705918378820533,46.81374145916848],[4.705884802500485,46.81371538958518],[4.705854440963923,46.81369643206405],[4.705819846046199,46.81368467907762],[4.705796067056165,46.81368605848152],[4.705768151257352,46.81369771202965],[4.70569793281462,46.813736560684056],[4.705617785492537,46.813790884742545],[4.705542613536995,46.81381447858002],[4.7055120588882655,46.81378938175229],[4.705478528135714,46.813764338059656],[4.705435971588327,46.813736357170264],[4.705153618636891,46.81351370140364],[4.704985856345463,46.81338538588929],[4.704880697682671,46.813307241988596],[4.7047603814345536,46.81322012758676],[4.704684167137332,46.81316301568789],[4.704607760212319,46.813099773520044],[4.704531436601998,46.813039592102726],[4.7044828452290695,46.813008638286846],[4.704267349098773,46.81287694954536],[4.7041310887983085,46.81280335462283],[4.70394204280024,46.81270806276462],[4.703824109702991,46.81264951510314],[4.703709153495797,46.81259093222588],[4.703594229507546,46.812533366435275],[4.703456636943997,46.81246490586837],[4.703288941110458,46.81238564255497],[4.703176141413212,46.81234847946654],[4.703141419805977,46.81233264785792],[4.703092656095522,46.812296580624405],[4.702791545055974,46.812092587252344],[4.70270210785457,46.81204077626709],[4.7022815017288995,46.81248639610112],[4.701915406004553,46.81286682378063],[4.701891159043538,46.81285287212627],[4.701621956045173,46.81333302889913],[4.701499001283651,46.8133041918536],[4.701166142202778,46.81365347780251],[4.701209806431923,46.813669177715035],[4.700826113622789,46.81401103714614],[4.700623412525429,46.81438189282548],[4.700492007238175,46.81436850781354],[4.700357350348928,46.81434597563346],[4.700252579591818,46.814517152151296],[4.700185538793891,46.81470513426671],[4.700086751667754,46.814877239810684],[4.700202838091515,46.81492457012791],[4.700322787443419,46.814952435352104],[4.700565694637509,46.81500912961109],[4.700681089868651,46.81503399077404],[4.7007215733938414,46.8150436138582],[4.700724581801433,46.81504458704232],[4.700832497477618,46.81506854099352],[4.700906010600282,46.815086861602005],[4.700976502527307,46.815104218181716],[4.701033523610271,46.8151187029362],[4.70132148340125,46.815188013027075],[4.701495465341722,46.81523039683699],[4.7016278991313865,46.81527646619952],[4.701691533670099,46.815312305001115],[4.7017619553599355,46.81537461995775],[4.701838586594024,46.81544501139855],[4.702098323946588,46.815705825937215],[4.70228718523555,46.81593702370848],[4.702367019265313,46.8160145271482],[4.702458457618039,46.816082654646706],[4.7025827668997495,46.81615439315606],[4.702622283130611,46.816180375745475],[4.702746560330836,46.816251078870636],[4.702889890441161,46.81631231365421],[4.70316282919532,46.816424755121425],[4.703268170542127,46.816461011095114],[4.703398600234739,46.81649075330478],[4.703566410187405,46.81652607472715],[4.703621842131047,46.81653751072834],[4.703711755308596,46.81655662232324],[4.703896039589671,46.81659476124473],[4.7039601766836485,46.816598917366235],[4.70408517252781,46.81659809198524],[4.70419647220622,46.81658724764421],[4.704341629462787,46.81656466198098],[4.704608240162506,46.81652289446796],[4.7046882921860185,46.816512512798816],[4.704738467128094,46.81645148304742],[4.704802572121652,46.81645462149825],[4.704814478376121,46.81645444500155],[4.704797839632706,46.81649351641742],[4.704921206052217,46.81648760788929],[4.705042000183071,46.81649501217548],[4.705192817161753,46.81651014861232],[4.705494534567963,46.816543481691404],[4.705631950692559,46.81655881628739],[4.705705210508387,46.81656896920935],[4.705777071835329,46.81658220486059],[4.705872971004106,46.81660224366799],[4.706012688738873,46.816596082423736],[4.7061316799095705,46.8165932905298],[4.706178809897811,46.8165772721592],[4.706226987447888,46.816594947610184],[4.706341648971058,46.816596308449164],[4.706366621878121,46.81658572513774],[4.706785322263493,46.81659994652964],[4.706987148595544,46.81658059618101],[4.707393442988832,46.81653165141597],[4.707648401211028,46.81654523848239],[4.707949925885302,46.81661943716379],[4.707960047696221,46.81661009173304],[4.708218786870918,46.81669617360352],[4.708213187797107,46.816707496237804],[4.708282652995071,46.81673916515243],[4.708366840000665,46.81676549993916],[4.708537723507252,46.81666180615614],[4.708693401141099,46.81654810723059],[4.708869141014117,46.81645659792345],[4.709074555185895,46.8163626029918],[4.709249346593747,46.816288479727106],[4.709491766458775,46.81623480319924],[4.709669488461029,46.81620662029868],[4.70972295634555,46.81620275437879],[4.71003538817615,46.81615110686605],[4.710195231107262,46.816122162311345],[4.710242359201007,46.81610613327198],[4.7102922251534025,46.81608291273929],[4.710343327958044,46.81605149634941],[4.710383761734608,46.81601207017669],[4.710428118537887,46.81595520407756],[4.710473170565393,46.8158738133082],[4.710473730462913,46.8158441662603],[4.710464027329011,46.81581978726071],[4.710437895398714,46.81579360824692],[4.710343761014098,46.81573472215907],[4.710111714505542,46.815598183833224],[4.709876512380743,46.81545555888976]]],[[[4.710410756704225,46.8149336333196],[4.710365574727859,46.81491693274022],[4.710331171495252,46.81491131131954],[4.710274599496161,46.814911134985756],[4.7102049751262465,46.81492136552672],[4.710162145165444,46.81493222425574],[4.710101888084281,46.81495661695121],[4.709773796031203,46.815171992377614],[4.709750563965805,46.81519072801165],[4.709735069874085,46.81521855272374],[4.709736068556569,46.81525021194972],[4.709762489812527,46.81528558193402],[4.709846469448663,46.81535279690543],[4.710042293795082,46.815473528491005],[4.710452132522353,46.815725959626036],[4.710531010859624,46.81577281538779],[4.710633830227533,46.815823394698185],[4.710664001427895,46.8158362297457],[4.71081116451081,46.815829951884446],[4.710882188139707,46.81581663814036],[4.711071136642825,46.815766815734555],[4.71115221671142,46.81574211271512],[4.711095590691243,46.81569288192623],[4.711114544710669,46.8156803427542],[4.711097728855595,46.815666282430136],[4.711084502510338,46.815671594626046],[4.711023340792228,46.81562038692716],[4.711279443690419,46.8154816935172],[4.711399635013987,46.81542268086172],[4.711299482714198,46.81536184073877],[4.711201296043025,46.815316299486895],[4.710738750797668,46.815092249421305],[4.710738589414986,46.815087136417],[4.710410756704225,46.8149336333196]]],[[[4.704872641564205,46.816552702561815],[4.704761406364678,46.81656559096112],[4.704548039153749,46.816596338899764],[4.7042916787203115,46.81663283897103],[4.704155386735962,46.81665324884514],[4.704060355295965,46.81666079006255],[4.703960608551314,46.81666022364055],[4.703853106016138,46.81664955926374],[4.7036612579569,46.81660743460257],[4.703571344995816,46.81658833197022],[4.703511358230263,46.81657389237595],[4.703414042477802,46.81655591695106],[4.703262648205981,46.81652239654098],[4.703154536208434,46.81649232366637],[4.703035066263806,46.81662182459423],[4.70326804068117,46.816693988526794],[4.703352160960509,46.816718283579455],[4.7034315663926245,46.81673447998978],[4.7035185540791415,46.816755670420214],[4.703595143464651,46.81677701481854],[4.703681227638194,46.81681661771481],[4.703861990304265,46.816837436347],[4.703969172281013,46.816837892695766],[4.704070093249973,46.816828228941674],[4.704251860543472,46.81678670172801],[4.704432030699684,46.816741118186144],[4.704501529970083,46.81672680433675],[4.704662116223205,46.81672135311886],[4.7047633448204955,46.816721896968204],[4.7050577416942865,46.81671140856499],[4.705188337205017,46.816699250502765],[4.705252073479888,46.81664312583748],[4.705330598426101,46.81663173968401],[4.705382344100239,46.816667761788175],[4.705642905326369,46.81662302855331],[4.70531278793452,46.816586028266876],[4.705160456697214,46.81656988775436],[4.704987257852359,46.816553047744286],[4.704933609276659,46.816550772054825],[4.704872641564205,46.816552702561815]]],[[[4.711470402448699,46.81615531009158],[4.710606291343207,46.815988316791426],[4.710511412143351,46.816094981052615],[4.710449531320188,46.81616232061198],[4.7104127833627025,46.8162241799474],[4.710380752941133,46.81638814207398],[4.710374659721736,46.816478157510375],[4.710429803006311,46.81648039942801],[4.710438559400088,46.81652216506421],[4.710448348224153,46.81664361835899],[4.710472653245576,46.81680061853681],[4.710490232593681,46.81698019768718],[4.710648797802926,46.81705243582966],[4.710730525837923,46.81709516036207],[4.710789162363237,46.817113705031744],[4.710880431472486,46.81712869317572],[4.710950426307262,46.817129696236705],[4.710987498180433,46.81712505598913],[4.711030316595746,46.81711419715416],[4.71108908080445,46.817089826227225],[4.71121801212114,46.817024550725996],[4.711283740424486,46.816984747876575],[4.711439735849921,46.816881262244266],[4.711567601937135,46.8167822837495],[4.7116920585447986,46.81667007200861],[4.711833806562007,46.81653921250212],[4.711995266572416,46.816373314239954],[4.711851603602048,46.816301882805476],[4.711680907078974,46.81622267611557],[4.711617780828996,46.81620318104992],[4.711590585742145,46.81619030195419],[4.71148042663569,46.81614289474843],[4.711470402448699,46.81615531009158]]],[[[4.710142331499599,46.81623841476498],[4.7098901255786645,46.816264643821214],[4.709645354234106,46.81629076179857],[4.709467522582068,46.816315893256665],[4.709344782248817,46.81634121427934],[4.709219580769738,46.81638292662137],[4.709088812594858,46.81643698770603],[4.7090389647636295,46.816461225109556],[4.7085893928237725,46.8167427768573],[4.708492672466591,46.81683822723742],[4.708502278416999,46.81685954579508],[4.708923750700058,46.81700860091168],[4.709244878774542,46.81709068239092],[4.709289868885366,46.81710125319764],[4.709393237287767,46.817122195763744],[4.709563546433082,46.81714214318121],[4.709651645563834,46.81715105534632],[4.709712710610975,46.81715219190863],[4.709738758832531,46.817128299037364],[4.709880120533077,46.81712722407072],[4.709981330676129,46.81712673693159],[4.7100566532204535,46.8171082444096],[4.710081496690292,46.817093573491775],[4.710113581649102,46.81707266181069],[4.710132085048057,46.81704581900064],[4.71014886031682,46.816916810930344],[4.710165623623948,46.81683482329932],[4.7101932170174186,46.81676594944205],[4.710246232593151,46.81665377497612],[4.71017084560093,46.81662322197398],[4.710132530272781,46.816588028949496],[4.710065944185764,46.81655325629007],[4.710017333106357,46.816522296034556],[4.71018567831045,46.816243903255526],[4.710142331499599,46.81623841476498]]],[[[4.707823403440845,46.816619280744696],[4.707760631812747,46.81661100877356],[4.707623008982915,46.81658955571051],[4.707537694534528,46.81657446758847],[4.707516794181988,46.81657273354782],[4.707424302703888,46.81656593834094],[4.707340952707596,46.816566149091564],[4.707210312563464,46.816577283590775],[4.707056355761125,46.816604101228506],[4.70700008430052,46.81661310489866],[4.706928769504878,46.81661723443342],[4.706725029777355,46.81662332024471],[4.7064514187690865,46.81663146915487],[4.7063057347354205,46.816637719452544],[4.7060332514160255,46.81663460216636],[4.706236734542979,46.8167153750585],[4.706345299023462,46.81675974885473],[4.7064857222995204,46.81682306671591],[4.706601863619329,46.81687140755602],[4.706666548037707,46.81689292659024],[4.706757976647835,46.816913031013705],[4.706852253210138,46.816929004382274],[4.7069658387789115,46.81694366440032],[4.707052391062243,46.81695055714694],[4.707153716514706,46.8169541594953],[4.707247381921603,46.816950724718325],[4.707352696471334,46.81693894849841],[4.707481745902478,46.81692476642839],[4.7076194677854915,46.816902287016426],[4.707696382106148,46.81688683444545],[4.707767439936127,46.816874539828596],[4.708045602090132,46.81682136233921],[4.708092958949214,46.816718477093026],[4.707957456234074,46.81666939860098],[4.70795412564067,46.816658208596095],[4.7078833590681075,46.81663269188801],[4.707845753213624,46.81661996652364],[4.707823403440845,46.816619280744696]]],[[[4.709130634554095,46.81710259305124],[4.709109135332003,46.81708146029678],[4.708986168085627,46.817052631284064],[4.708909653730468,46.8170333336835],[4.708786396929067,46.81699531365166],[4.708658346761828,46.81694714291297],[4.708519608719249,46.816889935703685],[4.708468150747554,46.81686311482146],[4.70843474526721,46.81684214981271],[4.70838658572782,46.81682549268238],[4.708262362284571,46.816850843559344],[4.708259417762585,46.81685190497287],[4.70801829557922,46.81689942648792],[4.7080153189937874,46.816899470695134],[4.7077282910284755,46.816954824111725],[4.707654288827847,46.81696818910392],[4.707577277668957,46.81698057204236],[4.707384669365362,46.81700898166129],[4.707309024201131,46.81701725542283],[4.7073060476086495,46.81701729961167],[4.707175213277389,46.817022303862984],[4.707058972410622,46.817017896244565],[4.706893251615798,46.81700196575327],[4.706769190082524,46.81698541677656],[4.706689815316848,46.81697023987186],[4.706617695880139,46.81694883118159],[4.706542374863068,46.81692031920642],[4.706400598202689,46.8168611102071],[4.7063492376644165,46.816837348980116],[4.706297941502072,46.81681563113296],[4.706187850080489,46.816770262269294],[4.706014408761666,46.816698238749744],[4.7059391847442535,46.81667278698154],[4.70586868947191,46.816655442452344],[4.7057384506732785,46.81663182425318],[4.705569963359975,46.81667008585681],[4.705337608765827,46.816712365315105],[4.705229381931009,46.816726227229395],[4.705144807379473,46.8167346409749],[4.705012639249387,46.81674476893849],[4.704805871368827,46.81674886088329],[4.704627309861177,46.81675048101626],[4.704529314848557,46.816758066546015],[4.704461091382223,46.816766228434105],[4.7043148374375265,46.8168010966296],[4.704201171011106,46.81683139303092],[4.704096048729567,46.81684929657802],[4.704004103144931,46.816859863055576],[4.703909424222265,46.816878629368105],[4.703851496931142,46.81688255863695],[4.703769384624869,46.81687458003739],[4.703703444316219,46.81686022873881],[4.703653823339554,46.8168446089732],[4.703568220992976,46.8168203360909],[4.703271236560867,46.81674809410645],[4.703118071299654,46.816705404632806],[4.703116576453927,46.816705426770106],[4.702981206688599,46.816660429225244],[4.702868205702803,46.81661713566236],[4.702747096382412,46.81655250981806],[4.702582269363221,46.81647014088271],[4.702422644877903,46.81636418911845],[4.7023008763045295,46.81627812035221],[4.70219017979543,46.816213339804776],[4.702144453951071,46.81617927155547],[4.702122797245607,46.8161530244752],[4.702086520566958,46.81608816002488],[4.702086456395675,46.81608611661922],[4.702056517909874,46.8160334244848],[4.702009477558286,46.81595748886704],[4.701973438983689,46.81589978060484],[4.701939298847145,46.81585531903805],[4.70186244247489,46.81577778025206],[4.701807274622645,46.815727505762204],[4.701730803281976,46.81566221832015],[4.701674442522731,46.815621156516876],[4.70157771295446,46.81557455892479],[4.701550232032844,46.81555248662596],[4.701464991935559,46.81549243513826],[4.701358737420771,46.81542657042125],[4.701219196280971,46.81534381649759],[4.701123866346788,46.81529413579876],[4.7010378186659665,46.815255557176776],[4.700890388081176,46.815205629243806],[4.700819626730142,46.815180108180066],[4.700745966182158,46.81515667430473],[4.700645196668671,46.81512341949841],[4.700495033359237,46.8150816998935],[4.700412283487533,46.81505329382432],[4.700245192912453,46.81499343399488],[4.700133788670957,46.814953185238345],[4.700003981061955,46.814895835911564],[4.699869491404713,46.814831404909555],[4.699771443462641,46.814789940709844],[4.69966295238693,46.81474760409353],[4.6995576301754864,46.8147113536096],[4.699365202880576,46.8146508402863],[4.699332058547144,46.81463804625359],[4.699204195755649,46.81459497778734],[4.699080983193278,46.81455796453415],[4.69897604605256,46.814533973964934],[4.698884720555576,46.81451693295659],[4.69881434504196,46.81450366210258],[4.698750114615078,46.81449643349595],[4.698651834816315,46.814494823186024],[4.698552028077673,46.814492208664966],[4.69848808599225,46.81449417975112],[4.698441970512673,46.81449486084127],[4.698385782884848,46.81450693010948],[4.698312005395009,46.81452742752705],[4.698251487614678,46.814543649383985],[4.698202683870739,46.814553574172415],[4.6981035488255305,46.814572401550386],[4.698019232311376,46.814588974694324],[4.69797469458534,46.81459270333365],[4.697931523335066,46.81459231406646],[4.6976872438263,46.814586725398],[4.6975844926390735,46.81458518018266],[4.69749662350992,46.8145834061998],[4.697405746064147,46.81458065887883],[4.697261401461469,46.81458177163967],[4.697194482474533,46.81458377693369],[4.697181158913317,46.8145860179176],[4.6970582890812596,46.81460724802406],[4.69693836349404,46.81462740787306],[4.696806519103637,46.81464775246133],[4.696802948166854,46.814628388296626],[4.696777814511801,46.814633865514466],[4.696693516508587,46.81465146408535],[4.6965189930523135,46.81468673047055],[4.696282360484635,46.814735187848214],[4.696124104788694,46.81476715164594],[4.696003035517799,46.81479857581946],[4.695892313018238,46.81482779392372],[4.6958097459610855,46.81485251704253],[4.695787748275222,46.81486305417598],[4.695737864120519,46.81488626862091],[4.6955772704210785,46.81493870965266],[4.6955020925044435,46.814962296920505],[4.695420942834917,46.814984954504375],[4.695298728973141,46.81502762522401],[4.695203495109501,46.81507603116594],[4.695095192921884,46.8151348514106],[4.695048393831261,46.81516109110468],[4.694761189545308,46.815258310430394],[4.694625618900964,46.81530220392916],[4.694518190566137,46.8153415938971],[4.694451890396317,46.8153630052985],[4.694403167787248,46.81537598928034],[4.694275171873987,46.81542385044931],[4.694026646471194,46.81552049804992],[4.693901754413716,46.815572410778984],[4.693813602023038,46.81560947179789],[4.693706345098233,46.81565396483657],[4.693666774983572,46.81567396443048],[4.693631835681982,46.8156990021873],[4.693543190706649,46.81576775318124],[4.693496855637593,46.81580930450928],[4.69346245871979,46.81585170670273],[4.693425819278217,46.81591764743582],[4.693375695937304,46.815980715671024],[4.693345884766978,46.81602713900274],[4.69333399641773,46.81607533377285],[4.6933181287180865,46.816138924264656],[4.693308679368991,46.81621773936917],[4.6932973885888405,46.81638038193759],[4.693293796694132,46.816456048768465],[4.693284319586327,46.81662887736515],[4.693270352899966,46.816753743335056],[4.693248951214937,46.8168787187654],[4.693242623963963,46.81700960529451],[4.693216577434931,46.8171765537641],[4.693212752673585,46.81734009502079],[4.693214557608701,46.817445320939264],[4.693203689959991,46.817526201233086],[4.693175427310805,46.81766967677469],[4.693138982362504,46.81778976724537],[4.69311152622657,46.817863741014364],[4.693058218677246,46.81796773390524],[4.693003830517155,46.818085017434306],[4.692954507090187,46.818221652196506],[4.692957697449507,46.81832378666694],[4.692969704452461,46.81837470063583],[4.693067064793588,46.81858478099565],[4.6930822401545775,46.818641781356774],[4.693093276236316,46.818709064396245],[4.693104216451056,46.81877327781876],[4.6931292151681925,46.8188587364312],[4.693192319814767,46.81906831230643],[4.693413743808408,46.819103876883666],[4.693615635257699,46.81908660261453],[4.6937554377617445,46.81908249947894],[4.693822553738319,46.819086617412296],[4.693933419055069,46.81910950776553],[4.693983089778414,46.81912716631484],[4.694046942107146,46.81912214612555],[4.694279532019514,46.819182067764785],[4.694489529601494,46.81923313573938],[4.694616856633849,46.8192588449257],[4.694687109501262,46.8192680315151],[4.694735203102271,46.81928265096221],[4.694815011536446,46.81931212215232],[4.695066753862574,46.819365635943846],[4.6953784336082744,46.819431549438804],[4.695664447908534,46.819485574400446],[4.695728766485081,46.8194958655241],[4.695839375250937,46.819367529972425],[4.695907327390921,46.81930318015634],[4.696096956907905,46.81913178342109],[4.696149864857509,46.819062539930925],[4.696196371583127,46.8189790803663],[4.696250593705267,46.818856682336346],[4.696274635069121,46.81876845669739],[4.696286724351775,46.81867938065524],[4.696292094777119,46.818612882560124],[4.696294954637143,46.81856174061474],[4.696306205322088,46.81839808964553],[4.696307491285065,46.81824887808675],[4.696310375857324,46.81815074271447],[4.6963050692176695,46.81798119387756],[4.696285571514477,46.81788134427291],[4.69627994173911,46.81779661825319],[4.696278450612934,46.817701609432824],[4.696289920854991,46.81764012772612],[4.696299546621596,46.81761444486803],[4.696340162571525,46.81753311642897],[4.69635689041182,46.81749710705225],[4.696383403678906,46.817440518825826],[4.696392888054689,46.81741074033396],[4.696414750991697,46.81734808763734],[4.696422338269273,46.81730506234875],[4.696420551480143,46.81715283404091],[4.696438486332183,46.817107611762154],[4.696457711019028,46.817056237397935],[4.696473052690034,46.8170233104686],[4.696491179339671,46.81698421840497],[4.696525286634081,46.816932615480354],[4.696609567488807,46.81686699759418],[4.696632823825679,46.816849291021505],[4.696749322011199,46.816766842915214],[4.6968483573060205,46.81669691845556],[4.696972098071317,46.81660823919828],[4.697116213442082,46.81650494866789],[4.697200876841768,46.8164515907904],[4.6972448726629334,46.81643050698584],[4.697291844735224,46.8164093702329],[4.697375652632647,46.816376459367],[4.697495230075768,46.81634506482787],[4.697544016815541,46.81633412294767],[4.697638779742787,46.81631842267672],[4.697813672470905,46.81629437965504],[4.697871471827695,46.81628637561232],[4.6979308166237415,46.816280384070346],[4.698095508804311,46.816263650956394],[4.698274923460314,46.816241584811884],[4.698343198115348,46.816235470193185],[4.698444182717516,46.81622784577963],[4.698520020243724,46.81622570806907],[4.698786816980982,46.816237095525125],[4.699086695024304,46.816259233062524],[4.699255611897468,46.816282278247904],[4.699403661101454,46.816304613874514],[4.699617982493417,46.816351519831855],[4.699808472668051,46.81639775095189],[4.699847475330598,46.81640739624069],[4.699929842431012,46.81642354226595],[4.6999684927696865,46.81642195327779],[4.700014558888536,46.816419227975466],[4.7000415271496685,46.816424962384986],[4.700115765710997,46.816466778360805],[4.7001562952268126,46.81647741864878],[4.700226513236084,46.816485575657644],[4.700367064419302,46.81650597655338],[4.700476317552218,46.816524804712834],[4.700540825869779,46.81654122337285],[4.700598008496018,46.816560812352485],[4.7007142403245945,46.81661222875089],[4.700781012852913,46.816653137041456],[4.700818745320146,46.81666995152755],[4.700866902113148,46.8166866028253],[4.700957103007886,46.81671490739887],[4.701048785449213,46.81674318098325],[4.701077537290566,46.81675808386449],[4.7011338987797515,46.81679914594784],[4.701175024798852,46.816829193924036],[4.701203648442733,46.81684000996188],[4.701223021634957,46.81684074105847],[4.701227479960201,46.8168406751083],[4.70129010347311,46.81684383743516],[4.701340839459404,46.8168481932622],[4.701342334309792,46.81684817114799],[4.701403815651824,46.8168625897574],[4.701471378503687,46.816881007069554],[4.701555645677156,46.81691041664364],[4.701627147274327,46.81695943190461],[4.701713614966959,46.817011287702236],[4.701789254376482,46.817050019865235],[4.701806049136756,46.81706305514736],[4.701829187796483,46.8170892803544],[4.701868345053789,46.81715103121186],[4.701896628559005,46.81719863248724],[4.701915867348602,46.81724228790085],[4.701924809805336,46.817290184391766],[4.701947159784909,46.81743291343753],[4.701947287837494,46.81743699124576],[4.701952869006856,46.81747268035401],[4.701970997799511,46.81752860930529],[4.702024127380645,46.8177035744838],[4.7020413584875485,46.81773091375699],[4.702074858160643,46.81775494122376],[4.7022105639098255,46.817810156651404],[4.70226657421894,46.81783997494182],[4.70236821612008,46.81790080976382],[4.7024260293077385,46.81794082306491],[4.702605237896297,46.818101664485255],[4.702739604746021,46.81820900765424],[4.702974537919254,46.81839048470071],[4.703065210794506,46.818434099828956],[4.703140673626772,46.81846670068294],[4.703258104895391,46.8185089017252],[4.703214559243247,46.81854429164401],[4.702985168735411,46.81844448016899],[4.702936784867196,46.818420673351305],[4.702854226621684,46.81835138804633],[4.702854194661648,46.81835037084524],[4.702755046969184,46.818274180360945],[4.702680245257096,46.818215001868325],[4.7026206154506545,46.81816478480586],[4.702596173642252,46.818144712108825],[4.702564059123001,46.818117602254866],[4.702538154426421,46.8180985688766],[4.702475484321159,46.81804636140013],[4.702397366814399,46.817975992366215],[4.702378993443179,46.817959909499585],[4.702353038099145,46.81793884148201],[4.702324188865825,46.81792086931661],[4.702224189611974,46.817865134538664],[4.702145572113149,46.8178264467254],[4.70201909804387,46.81778028969233],[4.701994932141462,46.81776940788018],[4.701977444651888,46.81773390398279],[4.7019281895918,46.81758748440021],[4.701902792592952,46.817489767241604],[4.701901310837976,46.81748978916906],[4.701892220696744,46.81748481730388],[4.701890706717786,46.8174838130278],[4.701843934269444,46.81746407062704],[4.701751570019773,46.81746134866858],[4.701700820313709,46.81745699321745],[4.701699338559547,46.8174570151423],[4.701641121646297,46.81745174347336],[4.701594445406711,46.817435061577875],[4.7015537036120145,46.81741727418792],[4.7015347148390205,46.81742879457683],[4.701486204213987,46.81740090033203],[4.701446912017076,46.81738206477844],[4.701349306987105,46.81735489678747],[4.7011706225227,46.817305431504124],[4.70106395966521,46.817274308549116],[4.700975317058614,46.81724803436153],[4.70094207442162,46.81723217119224],[4.700864569139269,46.81718120895546],[4.700782399887699,46.81712417357352],[4.700746277104495,46.8171114239767],[4.700697746792212,46.817130540836345],[4.7006686025714455,46.81715037966966],[4.70064715004439,46.81717829117677],[4.700530368249036,46.817251543394335],[4.700481009937644,46.81729110693474],[4.700468583128565,46.817321946978545],[4.700458959389183,46.81734763018747],[4.700438905234151,46.817372449941814],[4.700407040890402,46.8174005153439],[4.70035136326543,46.81742892380816],[4.700310753411809,46.81751025366579],[4.700275122011157,46.817560844599655],[4.700229652645689,46.8175349492249],[4.700186279024021,46.8175754418264],[4.700147158314991,46.817609738478914],[4.70010968985275,46.81755409516279],[4.700059153412566,46.81750885777145],[4.700025782975553,46.81748891652817],[4.6998536742493675,46.817601819565155],[4.699637383352021,46.817444584039734],[4.6995566329504035,46.817385491483336],[4.699508691484831,46.817422989301505],[4.699460621805084,46.817456400286574],[4.6994358712630335,46.81747412951757],[4.699373238717193,46.81751797742221],[4.699221740599837,46.81762341520329],[4.699220258840123,46.81762343709621],[4.699207158700397,46.81763282573455],[4.69917072610399,46.817657896249074],[4.699170757994496,46.817658913451375],[4.699138668467475,46.81767982207658],[4.699339352088358,46.81781378357942],[4.699227175636497,46.817844052968944],[4.69917622471794,46.817880568419646],[4.699106463336939,46.81793473424652],[4.699097802744547,46.81794303960752],[4.6990040478954676,46.81789639590344],[4.698961802672267,46.81792563191503],[4.698897001920613,46.817948050372166],[4.698869616824494,46.81792903805561],[4.698860782812954,46.81793223057546],[4.698859333211643,46.817933278667844],[4.698818121298713,46.817948188893],[4.698794596175714,46.8179577314719],[4.698793146572442,46.81795877956346],[4.698751998669735,46.81797573317129],[4.698718235165943,46.81799054234662],[4.69867860114974,46.818008500245746],[4.698646488388376,46.81798138029529],[4.698553621019468,46.81801034614894],[4.69847573246331,46.81804214373421],[4.698432504243382,46.81808774887992],[4.698356321535378,46.81812668092488],[4.6982318433816985,46.81819186695978],[4.698079157443382,46.81825952269909],[4.698020373287092,46.8182838961669],[4.698004776119003,46.81830864966465],[4.697996147166919,46.81831797214434],[4.697951830015591,46.818328839191985],[4.697941469124312,46.81833103650856],[4.6978605293345,46.818407845443424],[4.69779770239825,46.818445562259036],[4.6976892364134875,46.81849928087751],[4.697608708739672,46.81854235624139],[4.697496231626326,46.8186104353321],[4.697468631508261,46.81863230388469],[4.69744115936634,46.81865825924425],[4.697387133649869,46.818691748216814],[4.69736567882311,46.818719659100424],[4.697353313910079,46.81875254220275],[4.69732004810338,46.81878368941104],[4.697288373014227,46.818817875157286],[4.697252055901821,46.81889402508929],[4.6972143527356325,46.81897325748471],[4.69718377344446,46.81909020073044],[4.697137150519655,46.819122562658706],[4.697124369595961,46.819142168089904],[4.697124559290364,46.819243329142324],[4.697124729963825,46.819343463794304],[4.697100626023184,46.81942965519254],[4.697097958557371,46.819486918364106],[4.697119091606858,46.819543821327684],[4.697208890067416,46.819511848964524],[4.697282642338683,46.81949031707578],[4.697323983837981,46.81947949421985],[4.697408180174195,46.81945883479428],[4.697543031803986,46.81943947200395],[4.697622705445921,46.81941683482209],[4.697699370426573,46.81939322432286],[4.697768887988406,46.81937891435809],[4.697836942740805,46.819365652623944],[4.697857244877411,46.81939600917646],[4.697975090532306,46.8193564534123],[4.698072451203151,46.819328448412264],[4.698241697953342,46.81926669027102],[4.698318074162653,46.81923387953019],[4.698431300936775,46.81918929412182],[4.698512318565783,46.81930458967729],[4.698736830036132,46.81948622009084],[4.698842183988044,46.81957049969692],[4.698895537797713,46.8196105806123],[4.698986113484839,46.81965113833439],[4.699063922064567,46.81971130143471],[4.6990809920197725,46.81973352812243],[4.699101326881326,46.81976490165416],[4.699109178470679,46.81977806944333],[4.6991339853328915,46.81980938590877],[4.69920175322205,46.819881954359936],[4.699247704440052,46.81992317116261],[4.699269009017717,46.8199381845305],[4.699381415584903,46.820010093346696],[4.699448268483088,46.82005304558511],[4.699552135972417,46.819995304599466],[4.699610825313259,46.81996786975348],[4.699670964516327,46.81993939577709],[4.699699173085555,46.81993693454935],[4.699748077675176,46.819930078748385],[4.699806529559442,46.819895496579626],[4.699869260781388,46.819854718075035],[4.699837018431047,46.819823520662354],[4.6998946608784085,46.81981040259739],[4.6999242361145885,46.81980383240928],[4.699948806154247,46.8198280014766],[4.7000420282928905,46.81981026873596],[4.700110114940079,46.81979802285997],[4.700207264188779,46.819762868446695],[4.70023381758736,46.819755325176295],[4.700291459866172,46.81974220691225],[4.700369715099536,46.819721633140915],[4.700415482523625,46.81970971705429],[4.700453814621154,46.81969791088133],[4.700531960581363,46.8196742765872],[4.700630815429844,46.819646247320456],[4.700658895559573,46.819639699048096],[4.7007404988811405,46.819631341628224],[4.70087710119587,46.81962012644173],[4.701112473494735,46.81962584041379],[4.701162660155142,46.819659843094456],[4.701197481949744,46.81967873587503],[4.701273882399253,46.819693960591565],[4.701299274247137,46.819696647013394],[4.7013483708607415,46.819695920744024],[4.701422346406042,46.81968154261746],[4.701484524425098,46.819670410009316],[4.701601739083363,46.819658454102644],[4.701614550729496,46.8196398743796],[4.7016297297448935,46.81960184277608],[4.70163964834965,46.81953833908707],[4.70164855305804,46.819490178543866],[4.701818976295209,46.81951320682853],[4.701862247601597,46.81951665524108],[4.701886112529192,46.81951834645339],[4.701920466471436,46.8195219177934],[4.70213969773264,46.81953502825173],[4.702064971628858,46.819667945425905],[4.702198879725057,46.81971297475198],[4.702200361540687,46.8197129528207],[4.702242536021134,46.81972867444123],[4.702339067905165,46.819769141406226],[4.702366147330225,46.81977793567586],[4.702507477871562,46.81982284577817],[4.702559936494982,46.819834335347416],[4.702607583353925,46.8198346476773],[4.7026358239748935,46.81983321193189],[4.70270400622194,46.81982402512472],[4.702720404033347,46.819824809039936],[4.702891732742178,46.819829423165814],[4.7030416916808875,46.81981698096777],[4.703149296803444,46.81983071569938],[4.703208709397358,46.81982677384478],[4.703239527638626,46.81976500484361],[4.703340986544573,46.81977269735397],[4.703475176586614,46.81977990498775],[4.7035050082886185,46.81978150749043],[4.703731868726135,46.81980062599097],[4.7037542200418585,46.81980132156611],[4.7037957851849255,46.81979764379374],[4.703834244808435,46.81978991429819],[4.703869663713989,46.81978019448878],[4.704008426429451,46.81974339364608],[4.704046693518682,46.81972954287335],[4.704055110035461,46.819713072340846],[4.704067278634315,46.81967406732062],[4.704077048165432,46.81965347902391],[4.704161484884135,46.81959296865961],[4.704222460532172,46.81954403631814],[4.704256787118427,46.81949958754642],[4.704272253258671,46.81947074640365],[4.704284499018312,46.81943378456624],[4.70431786187727,46.81935869373709],[4.704285135468137,46.819312176548074],[4.704302931535189,46.81930986848043],[4.704341969081352,46.81932052943815],[4.704451376390493,46.81934444900604],[4.704454160603005,46.81933828368517],[4.704680248528181,46.81933288848855],[4.704712979354179,46.81933240334921],[4.704815579189661,46.819328838189335],[4.704816463607273,46.819309408208255],[4.704880861105679,46.819321737422904],[4.704940754711319,46.819333106688056],[4.704966211138747,46.81933784470477],[4.704990204653645,46.819343622077724],[4.70501107370946,46.81934433037417],[4.7050690358327465,46.81934142672593],[4.705178700671845,46.81937351921074],[4.705291387769044,46.8194065934616],[4.705310312139712,46.81939302905656],[4.7053232510463,46.81937853572329],[4.70533784870701,46.81932211300907],[4.705378317083568,46.819330708046806],[4.7054153778256715,46.81932606979228],[4.705547555516134,46.81926893915639],[4.705601994339961,46.819248714966605],[4.705644879820772,46.819239901544584],[4.705705786500048,46.81923593622948],[4.705774128118822,46.81923185160501],[4.706004240067688,46.81916509045564],[4.706120919111543,46.81913576533329],[4.706179944752375,46.819119561532794],[4.706257939806583,46.81909081914709],[4.706284170368469,46.819073057470185],[4.706338900742373,46.81901502151767],[4.706385100033422,46.81896937824899],[4.706410816076756,46.818935278330734],[4.706413085343367,46.81891276574816],[4.706408018384535,46.81884642186208],[4.706413472774406,46.81878298389969],[4.70640351359181,46.81875043096951],[4.706386054924722,46.81871594495172],[4.706356400457456,46.8186724537827],[4.706324187102161,46.81864227537869],[4.7062877726485715,46.81862033671961],[4.706244212428358,46.81860769916307],[4.706137865730247,46.81858679793392],[4.7060346564586615,46.81857095645486],[4.7059331351006355,46.81856122291577],[4.705767634872049,46.818552438216],[4.7057212715889625,46.81863997946196],[4.705698422499457,46.8186709746736],[4.705549721190253,46.81862821313997],[4.705509156997655,46.818616557558244],[4.705416372793129,46.818600560928864],[4.705356530798292,46.81859122650429],[4.70531787935413,46.81859282630381],[4.705267545789428,46.81860174104119],[4.705198237192117,46.81862218555389],[4.705174520310963,46.818625608230036],[4.705040396902993,46.81862043697731],[4.704976289617488,46.8186173076626],[4.704930117562466,46.81871096979425],[4.704825252955069,46.818690045385644],[4.704801292026984,46.818685294179524],[4.70470907297627,46.81868767879713],[4.704618477640045,46.818694136991446],[4.704575656409241,46.81870498443317],[4.704505430625355,46.81874383230781],[4.704420000252793,46.818772692697955],[4.704274755300548,46.818840237460535],[4.704120808027476,46.81882003973474],[4.703966623038649,46.81879269458694],[4.703981511201586,46.81874547185119],[4.704042674156624,46.81874967202703],[4.704199744023691,46.818726910137926],[4.704306383687135,46.8187100017472],[4.704506769248157,46.8186917039225],[4.704537972513686,46.81869021478588],[4.704554451591876,46.818646039424124],[4.704562454100715,46.81856928000474],[4.704564659852048,46.81854472405349],[4.704580382628729,46.81852405647376],[4.704610892229327,46.818500098692255],[4.704652038697511,46.81848314299095],[4.704798554068959,46.81845644799374],[4.7048068624039185,46.81834187694316],[4.705048375757887,46.81835362482385],[4.705102475853182,46.81837019527609],[4.70509529415422,46.81842548134664],[4.70514448585794,46.818427814059945],[4.705212923079617,46.81842679937293],[4.705503934344863,46.81840306734892],[4.7056197281883,46.81839318172196],[4.705669444183881,46.8181758146923],[4.705879351979057,46.81822379228197],[4.705887451930048,46.8181030911334],[4.706060591967116,46.81811789538045],[4.706254555567883,46.81813239043219],[4.706233812876044,46.8181827713963],[4.706307010666516,46.81819088052836],[4.706369622922481,46.818194040283124],[4.706582349512518,46.81818985718892],[4.706638543923649,46.818083779466335],[4.7067086362932145,46.81808784571046],[4.706861036327457,46.81810601856622],[4.706949361688136,46.818122080204496],[4.707213094568581,46.81817743391818],[4.707175683135542,46.818265869595955],[4.707393190249382,46.81827183582953],[4.707444602853426,46.81815560689676],[4.707531028091208,46.81815840347614],[4.707531060422502,46.81815942967777],[4.707613767497071,46.818185787005696],[4.707706422868774,46.81819769506161],[4.7076855527315455,46.818243989483896],[4.707776887274052,46.818261023487324],[4.707804787435525,46.818201349841374],[4.70805088775631,46.8182171030139],[4.708060946611289,46.8181587119466],[4.708039737933944,46.81809975856978],[4.708101317328118,46.817928198674544],[4.708128688638859,46.817852177928835],[4.708152245214821,46.81779664840546],[4.708184846275706,46.817792075475346],[4.708270609223431,46.81772642685735],[4.708343775556563,46.81768651525816],[4.708357905017123,46.81766279975976],[4.708387060407576,46.81759594754691],[4.708437521902072,46.817544107004764],[4.708541743297361,46.81745059863775],[4.708710409895792,46.81751246756641],[4.70884145702487,46.817561611405885],[4.708899752884649,46.81747490915733],[4.708996055270482,46.81736618984661],[4.709152429250969,46.817368972411145],[4.709518756529375,46.8173737494877],[4.709529567546723,46.81733884369085],[4.7095583539844466,46.81730775940813],[4.7096445975812005,46.81721042852042],[4.709655781835665,46.817187774308394],[4.709525765835572,46.81717131680476],[4.709409170132835,46.817155677357405],[4.709238474632911,46.817123478306655],[4.709148623005498,46.81710641443607],[4.709130634554095,46.81710259305124]]],[[[4.714223623912219,46.817177002908096],[4.714128694136776,46.81723462428367],[4.713997157328182,46.817311172398554],[4.713984604987677,46.817290924864096],[4.713792849346874,46.817157882026905],[4.713616965455717,46.817056276478255],[4.713612410075188,46.817053273309746],[4.713477253159305,46.81696843327148],[4.713446822260453,46.81694742537046],[4.713404130187984,46.81691536965719],[4.713335433231651,46.81686121337581],[4.713340772865682,46.81684171689688],[4.713104223334086,46.816704224867834],[4.713118608807321,46.81668868237516],[4.713097463281173,46.8166787845584],[4.712953798048833,46.81660735450637],[4.712836072897712,46.81655597254507],[4.712677635367938,46.816487824207364],[4.712378884964979,46.816360452142995],[4.712168569903136,46.81625220634254],[4.712044921652289,46.81638994760799],[4.7119600365907175,46.81648318046157],[4.71164936046383,46.8167790225835],[4.7114309369138745,46.816932484177606],[4.711245659161741,46.817051733707075],[4.711027277185573,46.81715920928452],[4.711021130463008,46.81715316765431],[4.7109141089251345,46.817157821876314],[4.710882108010266,46.81718180357639],[4.710757432245322,46.817145851101486],[4.710694326772702,46.81722138641604],[4.710374215014967,46.817596050538604],[4.7105108735189765,46.817869907508594],[4.710529687317139,46.81790028406955],[4.71060355139114,46.8180238463277],[4.710792261972708,46.81843795349387],[4.710882449875261,46.81865425956355],[4.7108691050288805,46.81884452041583],[4.710962752940765,46.8190291008911],[4.711043409908787,46.81913212722983],[4.711274465996905,46.819378011212955],[4.711350234855956,46.81951482848513],[4.711350267260366,46.81951585468531],[4.711416943377991,46.81960069858059],[4.711512292150014,46.81969737290272],[4.711659639159515,46.81983824018139],[4.711792761140351,46.81999974457361],[4.712028166375644,46.81995946020142],[4.712208404810397,46.819915898913806],[4.7123085746161495,46.819882733559254],[4.712509378669239,46.819830697175114],[4.712858511792578,46.81971513869946],[4.713167545108091,46.81964922308058],[4.713182125126056,46.81963981078474],[4.713212957724648,46.81948506088161],[4.713208657239188,46.819443229075084],[4.713223020768883,46.81937965797058],[4.7132185363028345,46.81928469355862],[4.713240667755335,46.8191842262679],[4.713239857126426,46.81911168607855],[4.713255027837122,46.819073652936034],[4.713260890621414,46.81897649001782],[4.7133210181543195,46.81890100667676],[4.713689435625629,46.81864209804604],[4.713750285772351,46.81858908265264],[4.713925848918522,46.81849245286939],[4.713964722398767,46.818451004343494],[4.714053811346795,46.81839654125089],[4.713935852337476,46.818149994932874],[4.713912191790501,46.81796641809344],[4.714042341032927,46.817845941532966],[4.714197078259821,46.81774963066285],[4.714445522011451,46.81760389370953],[4.714623480343747,46.81753583912129],[4.714701390880333,46.81750504779613],[4.714707279458053,46.81750291563781],[4.714857289170271,46.81744549918725],[4.7150501163824705,46.81737722220959],[4.714902804492583,46.81728438762339],[4.714825527804328,46.81733561326083],[4.714748106155387,46.81728772097717],[4.714565843273881,46.81740794865999],[4.714223623912219,46.817177002908096]]],[[[4.710727219182019,46.81840519359018],[4.710622387748119,46.81819625596155],[4.7106001459637294,46.81815162889561],[4.710541925460954,46.81805235726961],[4.710414660474798,46.81779266214628],[4.71032877369995,46.817618178593534],[4.710284439075814,46.81753402852435],[4.71023928634233,46.8174713428671],[4.710174161197705,46.81738852860924],[4.710136617835659,46.81733083615426],[4.710093572666704,46.81728753601189],[4.71005395548022,46.81725849539705],[4.709985744822008,46.81721965812365],[4.709898160830623,46.81718009117731],[4.7098411159492,46.81716458442931],[4.709821742525118,46.81716385478432],[4.70975549752146,46.817187318592],[4.709733694981949,46.81720398858826],[4.709690541361705,46.81725164137537],[4.709660646860934,46.817342001558124],[4.709712943861072,46.81739538611246],[4.709718755325061,46.817438213243776],[4.7097314994895445,46.81746459144485],[4.709772308787506,46.81753142157742],[4.709803060909647,46.817562647450025],[4.709756543976576,46.81764508634508],[4.709682850478587,46.81771566307228],[4.709670622184986,46.817752634308036],[4.70966595776432,46.817840575049516],[4.709622256022706,46.81791786563407],[4.709619943120515,46.81798636351473],[4.709609917882541,46.81799876968788],[4.70952368597603,46.81804909810242],[4.709399466398075,46.8181694812525],[4.70940247541995,46.818217465440924],[4.709396251191802,46.8182563827499],[4.7093754145575675,46.81830369467738],[4.709338470580506,46.81835942343328],[4.709037927154155,46.81822185658279],[4.708954818745513,46.81832425576041],[4.708848489363842,46.818445390115954],[4.708801358824098,46.8184614185742],[4.708755015028591,46.818407945168175],[4.708707866138119,46.81837595396629],[4.708742703421656,46.81834784204623],[4.708593343859956,46.818284668634554],[4.7084974070758,46.81835761936239],[4.708434716142481,46.81839941978793],[4.708339552496562,46.818449879962984],[4.708177142743147,46.81853915496566],[4.70809866550631,46.818599579876135],[4.7080886721488655,46.81861301211601],[4.708066468138161,46.81866443280558],[4.708059998698062,46.818695185241054],[4.707945443518459,46.818649884297315],[4.707940907544448,46.818647907301596],[4.707889847378024,46.818633337382764],[4.707818208040395,46.818627250461596],[4.707659949295336,46.81861222787343],[4.707611949519576,46.818600683430475],[4.707555244634465,46.81859640995518],[4.7074501011045715,46.81861329916479],[4.707402551711611,46.818616049441715],[4.707257971418841,46.81861002734305],[4.70719558377285,46.81861401547633],[4.707136545873003,46.81863021999484],[4.707057166846912,46.81866205457676],[4.707011658924151,46.81868213791348],[4.706978122351077,46.8187040969148],[4.7069394233060775,46.818751673475724],[4.7069164915861395,46.818779608132424],[4.7068640177469,46.81881512296418],[4.706776480142563,46.81887160169862],[4.706728445974645,46.818906041909564],[4.706678592456606,46.81897728049497],[4.706594915159748,46.81901429392106],[4.706543745240904,46.81899665399746],[4.706373252316756,46.81906560274972],[4.706170465454378,46.81914934081786],[4.706031930718807,46.81919329167982],[4.705914123033338,46.819233863897885],[4.70583742984012,46.81925646267298],[4.705741297861924,46.81927627866135],[4.705640662165437,46.819295143685004],[4.70555659783349,46.819319895941135],[4.705463860185974,46.81935294516553],[4.705327448853385,46.819417298221204],[4.705218891805186,46.81946795432181],[4.70519549573452,46.81948158501006],[4.705206788657484,46.819509011869826],[4.705246436897471,46.819539071336784],[4.7052977866821655,46.81956284223529],[4.705340090540316,46.819582649524676],[4.705412145216878,46.81964901781141],[4.705393188773861,46.81966156503221],[4.705555905173193,46.81972352682834],[4.705588539624176,46.81971997183642],[4.705661096573748,46.81970765636066],[4.705700424218373,46.81972751666469],[4.705778050273841,46.819734533804656],[4.705797649808209,46.819742420536706],[4.705859636764304,46.819773175158666],[4.705913976616021,46.819796892432976],[4.706020601874302,46.81973196285278],[4.706100706718182,46.81977062601635],[4.70614777204496,46.819799557479264],[4.706155593328241,46.819811707587476],[4.7061743410297785,46.81984004144368],[4.706192555196349,46.81985101069179],[4.706218365374637,46.819866973635314],[4.706256166098665,46.819885829724534],[4.706333307698483,46.81992453669153],[4.706455910650137,46.8199891367156],[4.706702483668388,46.82011422738269],[4.706806886197856,46.820167857668395],[4.707026296824337,46.8202810846158],[4.707262235160075,46.820399181209744],[4.707265276309934,46.82040118042249],[4.707351529716191,46.82044588453369],[4.707369712278557,46.820455836394345],[4.707447292737778,46.82050883760343],[4.707495841260327,46.82053774651019],[4.707548462447302,46.82055433780186],[4.707606812036625,46.820563693276824],[4.707633667505052,46.82056533890495],[4.707727499953056,46.820567007739754],[4.707832969152326,46.82056033528546],[4.7078819507840075,46.82055551923285],[4.7079206358921315,46.82055494477346],[4.708041278635995,46.820557241902826],[4.708087399152393,46.82055655696502],[4.708137766129024,46.820548658197424],[4.708170240034526,46.82053999847509],[4.708190884310967,46.82053355879585],[4.708283622315623,46.820500507383336],[4.708305716334454,46.82049302847477],[4.70839132747829,46.82047029560605],[4.708398389501569,46.82045792456778],[4.708404987789317,46.82043125892731],[4.708411103385028,46.820389281290545],[4.708404777321692,46.82033010692835],[4.708376292943297,46.82027636809185],[4.7083324741852755,46.82020855552748],[4.70836925956646,46.82014772312322],[4.7083818437034495,46.82012199524999],[4.708387281918908,46.82010555961707],[4.708398095079591,46.820023651744926],[4.708400622089837,46.81996231052183],[4.708431564162387,46.819857624722964],[4.708401842731763,46.819812081692675],[4.708393763574872,46.81979176713849],[4.7083882615742025,46.819759148160834],[4.7083715888850834,46.819655169636185],[4.708365359426894,46.819599055859705],[4.708367595845296,46.819575526043316],[4.708386004202096,46.81954561393077],[4.708406538482275,46.81953611380639],[4.708439012021989,46.81952746300761],[4.708489796274295,46.819532832682604],[4.708617581600188,46.81957283017009],[4.708574425112836,46.8196204825084],[4.708680774778482,46.819641381479094],[4.708776551577569,46.81965733104923],[4.708804875046724,46.81965894558138],[4.708846568598542,46.81965935278372],[4.708890852295131,46.819647455341716],[4.70891291352413,46.819638950113976],[4.708933299918634,46.81962434570204],[4.708951965716846,46.819602607099014],[4.709008897546702,46.81952001385534],[4.709102773936374,46.8194286941445],[4.709217943806465,46.8194934017237],[4.709251093441923,46.81950619289099],[4.709341399937597,46.81953755146697],[4.709419767530273,46.819568069747326],[4.709466595893487,46.81958985265088],[4.709504474838704,46.81961074187697],[4.7095635969539815,46.81964460815495],[4.709662047934095,46.8196983243502],[4.709873491359261,46.81965328518517],[4.710014537270261,46.8196419930572],[4.710181838895147,46.81961293780317],[4.71027637805615,46.81959007073624],[4.710327484176451,46.81955865438274],[4.710394536934254,46.819513726035275],[4.710442646914922,46.81948132750315],[4.710483437740593,46.81945313552589],[4.710543054708294,46.81940830866856],[4.710593870413217,46.81936770139992],[4.710605087106261,46.81934607330908],[4.710611568293398,46.81931532054078],[4.710615414518935,46.81929585543755],[4.710633305846494,46.81924960477159],[4.710639870496915,46.81922191279384],[4.7106108690829895,46.81915184530466],[4.710553594336852,46.81903518708335],[4.710712800496672,46.81898580783821],[4.710804794170474,46.81897627101115],[4.710875337986342,46.81894762728739],[4.710862044762241,46.81890388483103],[4.7108377594423185,46.818841915664606],[4.7108282609959975,46.81877666449527],[4.710780970320152,46.818551542856596],[4.710755879131074,46.81846403567422],[4.710727219182019,46.81840519359018]]],[[[4.711682209151748,46.819987088430324],[4.711615260890112,46.819894071299686],[4.711537933226435,46.8198022352747],[4.711447378528287,46.819715711427406],[4.711327132475824,46.81958466242806],[4.711297473284616,46.81954116354131],[4.711193798503586,46.819368998672175],[4.711132998818556,46.81928202286308],[4.71107287658072,46.81921649820779],[4.710885944670835,46.8190006048185],[4.710830045271465,46.8190218709465],[4.7107835598428185,46.819058334206076],[4.710757126495651,46.81916397134403],[4.7107022812523764,46.819359955838365],[4.710644535416562,46.81951102556193],[4.710633306660174,46.819579656063965],[4.710617949806161,46.819753591883995],[4.710623054393413,46.819820961768784],[4.710703519521333,46.819964860336086],[4.710781672635999,46.82013026350155],[4.710845966493859,46.82028053558709],[4.710852532703163,46.82029985481079],[4.71086740471024,46.820346635805805],[4.710880279133279,46.82037710065596],[4.710955230668381,46.82053539157152],[4.7109145050952845,46.820612629306474],[4.710912527777319,46.820644332758846],[4.710926981041895,46.82067784515606],[4.711034194205365,46.82082032791073],[4.711078403649524,46.82090039082116],[4.7111532292523615,46.82110160598558],[4.711906440378934,46.82091259229459],[4.711971175027897,46.82088813213074],[4.711995683845762,46.82086324402183],[4.7119428866831194,46.82069950858723],[4.711886078735693,46.82045613886624],[4.711836504131103,46.820300532844406],[4.711802286792429,46.820207037656644],[4.711735607301532,46.82007519179204],[4.711682209151748,46.819987088430324]]],[[[4.7125633043024235,46.8225735133718],[4.7124116202604265,46.82224878262058],[4.71239567094957,46.822215301683606],[4.712305118643864,46.822034765007444],[4.712298648409383,46.822018506469824],[4.712233361312734,46.821836575922475],[4.7122293839144485,46.821804952088236],[4.7122199347197204,46.82174174467759],[4.712189875248384,46.82159095470046],[4.712176967664073,46.82155947280912],[4.712144469723412,46.82147310288852],[4.712135095700651,46.82136492747527],[4.712148323616602,46.821359624168345],[4.71212898889647,46.821265898531244],[4.712128956760659,46.8212648813335],[4.712098274189124,46.82114169493021],[4.712093189283972,46.821122353723275],[4.712058454559186,46.82101251145326],[4.712046848491213,46.82097487709673],[4.71204316189292,46.8209524530381],[4.712032405571447,46.82089437145331],[4.712006948079791,46.820889644004126],[4.711966060283479,46.82091477591544],[4.711627972675064,46.821003590469296],[4.711233738154421,46.82110551455699],[4.711261679109864,46.82118889048684],[4.711286256182877,46.821260050313676],[4.711421911772061,46.821219198038904],[4.711439890689571,46.821270030450115],[4.7114216784883975,46.82135306641955],[4.711424784374756,46.821357108919386],[4.711495568595594,46.82147765438573],[4.711414544633192,46.82150440100691],[4.711399825385795,46.82160373985211],[4.711363008310618,46.82161654481512],[4.711354273060646,46.82166981007532],[4.711322239221583,46.82173977685722],[4.7112767626995256,46.82176088806437],[4.711240979454122,46.82185338953106],[4.711241011573618,46.82185440672887],[4.711221370269931,46.82198651947855],[4.711224980543337,46.822053902537235],[4.711240885445281,46.822133368816445],[4.711382464867843,46.82209141081871],[4.711476842826434,46.822298458886294],[4.711513412046289,46.82237251124765],[4.711568143910765,46.82240847721429],[4.711595084247462,46.82241319170814],[4.711631901524634,46.822400377671826],[4.711697754002711,46.82241166380955],[4.711733108668734,46.8223998981889],[4.711754721094572,46.822424099823806],[4.711852041285145,46.82253607271163],[4.712015397535954,46.82271246402764],[4.712082844498374,46.82277379045796],[4.712092517184881,46.822797143076656],[4.712094031501268,46.82279814721703],[4.712081739149612,46.82283307526255],[4.71214455287463,46.82288935522893],[4.712207614577917,46.82300082011238],[4.712298517491903,46.82295655336658],[4.712329736112622,46.82295506192277],[4.712406456356585,46.823027489575985],[4.712457618874575,46.82304512706773],[4.712584743031424,46.82315767328991],[4.712778788065479,46.82312719854848],[4.712729832056915,46.822943998417614],[4.712640821083306,46.82271848119693],[4.712615921478265,46.822684106880494],[4.712598296295329,46.82264451785237],[4.7125633043024235,46.8225735133718]]],[[[4.712243310815769,46.82361236204769],[4.712230179345463,46.82362073495699],[4.712074343953922,46.82354130742406],[4.712009488210993,46.82351468747995],[4.711961579853624,46.82350620546043],[4.711908169190054,46.82351210680778],[4.711804469349832,46.82357496288488],[4.711748597723159,46.823597246630456],[4.711723784137457,46.82361294408183],[4.7116573426491675,46.82372429208046],[4.711700060344499,46.82380437693794],[4.711771343383214,46.82389324077116],[4.7118429925269405,46.82394633638175],[4.711956314705031,46.82390479831007],[4.712008553198499,46.82390912717127],[4.7120723639544515,46.823903070978986],[4.712226371431132,46.823877272878455],[4.712362885074779,46.823862974470444],[4.712505210596766,46.823844509659814],[4.712483061660609,46.8238029436179],[4.712455236155304,46.823770657190224],[4.712409510882189,46.82373660189723],[4.712415257973258,46.82373038326361],[4.712243310815769,46.82361236204769]]],[[[4.713578559290157,46.82440994089019],[4.713496672168443,46.82422110762737],[4.713441452484238,46.82416981263323],[4.713416713366931,46.824140551491666],[4.713089922581918,46.82392777160254],[4.712993394304507,46.82388833109709],[4.712915470574319,46.8238721190542],[4.712815452410964,46.82386339573245],[4.712673352831605,46.82388900831015],[4.7124175547224585,46.82389690562467],[4.712063661169269,46.82395735345745],[4.7118872378485515,46.82402741611133],[4.711841340488527,46.824035258958425],[4.711881512119074,46.82408166326864],[4.712767728941165,46.824143066571665],[4.71279919345676,46.82414974877736],[4.7128828161800955,46.82420470080605],[4.7129107257897385,46.82424004791369],[4.712962990467981,46.82433941604379],[4.7130293262135785,46.82450702902613],[4.713110379379178,46.82476332077474],[4.713123440018584,46.82484691786423],[4.713171427342799,46.82514049144554],[4.713184507504207,46.82541312367098],[4.713425191717408,46.82535027028293],[4.7134449317424325,46.82512721338649],[4.713615746154677,46.824832424723965],[4.713617883442761,46.82480582524598],[4.713634609636381,46.824534793289736],[4.713578559290157,46.82440994089019]]],[[[4.713116002759952,46.82644823698499],[4.7125299485760115,46.825899043800405],[4.7121967097450534,46.825624018025316],[4.7118105291364705,46.825416207275914],[4.711645014016153,46.825266415430356],[4.711561543032434,46.825310579984816],[4.711505908370046,46.8253400107897],[4.711134030293826,46.82572669428711],[4.711190658372949,46.82591693152223],[4.711302041601469,46.826144161170454],[4.711342096781236,46.8263285208296],[4.710933045592517,46.826386714473614],[4.710755000994989,46.826405717474074],[4.710917712601984,46.82674969390675],[4.711090646429461,46.82708739399021],[4.7111924343404805,46.827246303080024],[4.711308357143882,46.82747550950368],[4.711346747438232,46.82755975654253],[4.711447994331504,46.828031351581124],[4.710673658226621,46.828073526147016],[4.710353849998891,46.82808237048358],[4.710362286554332,46.828160921128614],[4.7100918603501105,46.828272238779235],[4.709916793681818,46.82843322010495],[4.709808589754947,46.82840111018611],[4.709677510291918,46.82863501597916],[4.709565407944827,46.82895140431757],[4.709735335671844,46.82900507594887],[4.70985775040403,46.82901552252193],[4.710247606487068,46.829008700248316],[4.7104643833088815,46.8289901489307],[4.710934373169611,46.82897499101529],[4.7111459498937505,46.828980012307746],[4.711488989648418,46.82899944115136],[4.7115063007329825,46.82888779783453],[4.711668417777787,46.82888232360825],[4.711849802622843,46.82887451806412],[4.711856837128936,46.82867311206061],[4.711939856743994,46.82852063937973],[4.712050015212434,46.828426013294205],[4.712478376605714,46.82817746651488],[4.712916866920139,46.8278725609802],[4.712789995246791,46.82786219305894],[4.712807338678967,46.82779857781922],[4.713177327545204,46.827822706634684],[4.713190750462294,46.827823524394475],[4.713257833462154,46.82782661397776],[4.713242611648983,46.8277215879179],[4.713083892829315,46.827410255816865],[4.712999603423132,46.82719283711129],[4.712878630592765,46.82689830611269],[4.7129384799875,46.82686063448224],[4.713116002759952,46.82644823698499]]],[[[4.7140061806428255,46.82701025947529],[4.713950379186781,46.82712860090108],[4.713894089010303,46.82718461923298],[4.713862613351768,46.82722493964446],[4.7138530912858885,46.827253693495884],[4.713874051352916,46.8273044720844],[4.71397591153761,46.827606437629875],[4.714008960487663,46.82780418464412],[4.7140923274563225,46.82780396006051],[4.714740782467721,46.827736053677135],[4.714904894832241,46.8277468909317],[4.715317120391252,46.827788773381855],[4.716016520901691,46.82777834171999],[4.716038610778809,46.82772385022924],[4.715982356054715,46.827686882353134],[4.715826891690499,46.827619720339904],[4.715585886568629,46.82753134602745],[4.714555535620817,46.827198267437055],[4.7140423777775355,46.82702504826693],[4.7140061806428255,46.82701025947529]]],[[[4.717131176757951,46.83340220268677],[4.716667560385852,46.83296156136504],[4.716668136467646,46.83293294081375],[4.716512417933119,46.83267061508219],[4.71640371187977,46.83238817085001],[4.71638255328738,46.83233126262587],[4.716325420973945,46.83217270941418],[4.716275990822293,46.83206922082471],[4.716138133495243,46.8318536212513],[4.7160931444257885,46.83174904865688],[4.715990395477974,46.83156051945126],[4.715931024335247,46.83147250716059],[4.715874346927574,46.83132824841323],[4.715869885323663,46.83109329520842],[4.715835557008415,46.83099673190624],[4.7157862260654415,46.83089631265905],[4.715601946181492,46.83071922091304],[4.715385945383231,46.83057427589848],[4.715334899033752,46.830513724451016],[4.715220275260044,46.83042040262449],[4.715186204175562,46.830426017021566],[4.715016216632731,46.83013529009246],[4.714925474044607,46.830137669603204],[4.714878173315859,46.83014858752324],[4.714690498467035,46.83019328092071],[4.714701849690265,46.83022274135385],[4.714659344964108,46.830243818471715],[4.71462340386926,46.83023719444889],[4.7146095277111435,46.83022207312047],[4.714349772603914,46.83034141905635],[4.7139973291976816,46.830495854796375],[4.714207286978217,46.83077883678716],[4.714596609924349,46.831272712585736],[4.714372282877025,46.831335324184415],[4.714024924447539,46.83141508769701],[4.713709702455315,46.83114593971119],[4.713538389791761,46.8313313937563],[4.713521826933348,46.83132550740927],[4.713506681871673,46.83131756459377],[4.713567158696925,46.83125228913199],[4.713669740656828,46.83115368575755],[4.713910192647094,46.83094165148736],[4.713733347115242,46.83057540187351],[4.713781968838909,46.830559349366176],[4.713775691315757,46.83054923012423],[4.714107068061354,46.83038794925007],[4.714435737252955,46.83023488515617],[4.714562707449351,46.830201318764665],[4.714625601005605,46.830165636302894],[4.714709174108363,46.83012453917026],[4.714770895599639,46.83009909587079],[4.7149359881573165,46.83004656157791],[4.715132220511409,46.82994349857064],[4.715184376299592,46.82989776311954],[4.715200332650981,46.82983723923958],[4.715033011624755,46.82958427061393],[4.715012631661363,46.829551882787264],[4.7150032602333765,46.82953771201822],[4.714990736879529,46.829518481854606],[4.714870686992809,46.82939459327442],[4.714845677652621,46.82940416120104],[4.714912602393308,46.82954315230047],[4.714629086559674,46.829616859686354],[4.714629054371985,46.829615842491606],[4.714603948040528,46.82962234977913],[4.714593630968336,46.829625565588195],[4.714454675246576,46.82965726631842],[4.714283448014299,46.82970375829517],[4.714248675373808,46.829639901831165],[4.714338738767715,46.82961608074691],[4.714268344537056,46.8295088150331],[4.714200313534045,46.82952311264882],[4.714184425620633,46.82949167541688],[4.714171689576273,46.82946529759883],[4.714072468449209,46.82948210427512],[4.713983661156744,46.829498755698886],[4.713861151601614,46.82953225501807],[4.7137803299897305,46.829566159814895],[4.71367910035998,46.82961365238173],[4.713485520635635,46.82970645161205],[4.713494730009666,46.82971550952369],[4.713384710330704,46.829767221463825],[4.7133509625278105,46.82978305227764],[4.713307650130655,46.82977859100133],[4.713217521406244,46.82980036788547],[4.713115580208039,46.82982538264254],[4.713123695074841,46.82984672300716],[4.713072483828603,46.82987507092734],[4.713075687371746,46.82988218296215],[4.713034728685986,46.82990527180066],[4.713009880142528,46.82991994330594],[4.713006066749591,46.829940443632275],[4.7129958041227855,46.82999270496683],[4.712990689022838,46.830019348731895],[4.713211608894552,46.8300375199602],[4.713245615330792,46.83002986275548],[4.713258654771487,46.83006543123874],[4.713217147003318,46.83007115581206],[4.7130740628733685,46.830066135968856],[4.712889425414708,46.83006581440128],[4.712848718034144,46.83019109009632],[4.7128487501887575,46.83019210729142],[4.712830472839276,46.8302731088946],[4.712796655686208,46.83042790257761],[4.712727170304309,46.83039623650538],[4.712761471922947,46.83025676378009],[4.712783081790597,46.83018695201209],[4.712835189236441,46.8299511565214],[4.712938548294332,46.82992407655208],[4.713034961458077,46.829818414810184],[4.713061227149404,46.82980166883422],[4.713171712560795,46.82976426075236],[4.71318074147521,46.829767197319505],[4.713258960727776,46.82974558883366],[4.713323627590329,46.82971908477015],[4.713815019691753,46.829485940181556],[4.714026465391273,46.82943986730433],[4.714104748759162,46.829420310634966],[4.7141653108690305,46.82940510669833],[4.71418010009838,46.829401815278324],[4.714237684900244,46.829386655669985],[4.7144706041208995,46.82936070550845],[4.714629066230009,46.82933382037543],[4.714648471706297,46.829288564313096],[4.714625280101224,46.829167311391735],[4.71459849752529,46.82902670412185],[4.714318178813035,46.82901350955743],[4.713737263378383,46.82900479300318],[4.713601973843356,46.82901089718032],[4.713154514141721,46.82903186352469],[4.712668414725154,46.82905545678602],[4.71248239565548,46.82905822622103],[4.712465994909223,46.82905744369936],[4.712168181437788,46.82905575279413],[4.712169372811952,46.82904653096548],[4.711997949615579,46.829039887276394],[4.711755550579236,46.82904861000685],[4.711546853538879,46.8290404669447],[4.711306850868848,46.82903075389183],[4.710733985027049,46.82904131927668],[4.710512587654932,46.82905483342827],[4.709885531976801,46.82909378562252],[4.709416984887008,46.82901287825938],[4.709252856542353,46.82904903546879],[4.7090370131509065,46.82909720022332],[4.708976611204742,46.82911751444926],[4.708843492248114,46.82914503295857],[4.7085354116316,46.829195593624135],[4.708434822914518,46.829216504436985],[4.708219365662837,46.82922992593387],[4.70806266750987,46.82921794233068],[4.707654670773691,46.82916882032117],[4.707335919303603,46.82916435669522],[4.707226025231312,46.829173138451274],[4.7070999087167245,46.829234278290585],[4.706973305064143,46.82937410120363],[4.706982157576679,46.82941893655295],[4.706994759279341,46.82948823046411],[4.707001275908285,46.82960053703169],[4.7069959626949105,46.82966805243241],[4.706991906394402,46.82972839845548],[4.7069838392100385,46.82985011650221],[4.706938339223986,46.82991823722729],[4.706916835120036,46.83003912796716],[4.706932394610958,46.830391425948406],[4.7069273194482895,46.83060813033193],[4.70695915587851,46.83072107883356],[4.707042847440017,46.83092012020601],[4.707059310733248,46.830969939962785],[4.707165760433871,46.83127695804914],[4.707172455142096,46.83130035521301],[4.70718201604678,46.83136765886084],[4.707213255075267,46.831461199328544],[4.707253413552022,46.83155461642031],[4.707495613329095,46.83186983220259],[4.707668347083654,46.83205936503],[4.707936076407844,46.83200328202762],[4.707982867279135,46.83211805257134],[4.708133149893678,46.83206779249238],[4.708089916761244,46.83192435728339],[4.708219063345904,46.83177019407731],[4.708373786860511,46.8316248369454],[4.708596189137417,46.831547964307916],[4.708558270287053,46.83147903758802],[4.708722761319525,46.83140711349355],[4.708720571225683,46.831337665117175],[4.708859166249854,46.83138874148697],[4.708895139200971,46.83139637550253],[4.708926253132019,46.83139182459126],[4.708968613408132,46.83136565442216],[4.709014853431662,46.831274025379656],[4.708997550400922,46.831197641791185],[4.708990550267552,46.830644942429544],[4.709156474394351,46.83066597382426],[4.709095874197321,46.83119925206065],[4.709118506579081,46.83130314168684],[4.709206072746265,46.8316247310387],[4.70922655833169,46.83208527916267],[4.709221833169515,46.83231320890059],[4.709220531244811,46.832413374399856],[4.709261273633462,46.832572174347995],[4.709271417057678,46.83261084828071],[4.709301307254049,46.832661494910006],[4.709353231935931,46.83265561700578],[4.709409261809789,46.83273244274785],[4.709563238305855,46.83294065069785],[4.709742206930589,46.832903246019306],[4.709866842169103,46.833078171376606],[4.710176277138132,46.83297547894784],[4.710297754241636,46.833050304641645],[4.710310470250804,46.83307566547293],[4.7103621693159194,46.83306263074205],[4.710477037093227,46.83325813518429],[4.7105411069200835,46.83340125973506],[4.710510172382518,46.83341194144991],[4.710602470756809,46.83355260188877],[4.710675259023441,46.833594441897645],[4.710702624905922,46.833659427161976],[4.710739878036487,46.83375493064872],[4.710744769803627,46.833768132674614],[4.71087734057048,46.83381726094037],[4.711094471904608,46.833808916218025],[4.711139646923543,46.8339196298826],[4.711292933338758,46.834011353898376],[4.711448928561459,46.834141871075595],[4.71137840103545,46.834454580170785],[4.7113176614972785,46.834558682887554],[4.711233072592604,46.83475613574387],[4.711247821419561,46.834845831747046],[4.711403388439541,46.835010082635975],[4.711457134725077,46.83506139150699],[4.711581228131682,46.83512494656024],[4.711740612055817,46.83512666390446],[4.711782127248805,46.835356976726416],[4.7116705778521695,46.835360680794466],[4.711477507758456,46.83542383899605],[4.711335109581601,46.83553528950157],[4.711459294917663,46.835789922494264],[4.710559012023544,46.83599643533338],[4.710505289696076,46.835851112651525],[4.710091221944769,46.835847055532454],[4.710088231798849,46.8358941019947],[4.7099892034353745,46.835870024088074],[4.709948560889834,46.835856326735644],[4.709840245248872,46.83582114732462],[4.709789232201782,46.835714617690684],[4.7096071281271605,46.835652949471914],[4.709563379274679,46.835635209449286],[4.70951821239389,46.83561952582444],[4.708308186603744,46.83658064667049],[4.708368936731666,46.83666558017632],[4.709077372481494,46.836749062263095],[4.7097080817451,46.83682348238815],[4.70999808192588,46.83685902366918],[4.710404610892182,46.83690713330209],[4.710592958729402,46.83692988286544],[4.710936725749739,46.836970755400344],[4.710977066014675,46.83697526184411],[4.71282258953244,46.837182819948175],[4.712956694737452,46.83718592971116],[4.712952073379847,46.83718089214651],[4.712900862158689,46.83711523575847],[4.712883845662758,46.83709505461413],[4.713092954619418,46.837021433574904],[4.713114670544699,46.83704870444157],[4.713493486683216,46.83697357320671],[4.713347050488832,46.836769346756356],[4.7132444699263605,46.83667993232025],[4.713093310383444,46.83656160258548],[4.713008838754554,46.83643309365224],[4.713068485540634,46.83620024829407],[4.713365566868889,46.836224436211666],[4.713428164426737,46.83617956391157],[4.713479071439181,46.8361409987448],[4.713617349113046,46.83604084636451],[4.713731719722265,46.83607899408963],[4.713926108975786,46.83615171227234],[4.714071711248126,46.836094363576514],[4.714119101042798,46.83608650678214],[4.714200352261773,46.836065879327755],[4.714263890504996,46.83609763319898],[4.7142965989011785,46.836096119140095],[4.714301136567618,46.83609809587589],[4.714427954680405,46.83615342992025],[4.714783308029613,46.83632491174342],[4.715050680593725,46.83649258870769],[4.715128175553159,46.83654150653897],[4.7151935203332815,46.8365834457288],[4.715662574161867,46.836442596337946],[4.716009418160321,46.83639246570373],[4.716284532800508,46.83633420001587],[4.716483510476045,46.836269927915396],[4.716555698664297,46.83624534530366],[4.716582257863366,46.83623779829308],[4.7165866530237945,46.83623568836146],[4.716597404751021,46.83624574069313],[4.7166636569736005,46.836222273261185],[4.716703427843067,46.83620839602637],[4.716695796351402,46.83620238585012],[4.716615879857555,46.83612387558526],[4.716600538489081,46.83610979402612],[4.716554430865834,46.83606449756303],[4.716422225687314,46.835933632178424],[4.716681815687275,46.835855171594844],[4.716516094001546,46.83560626999864],[4.716563224053735,46.83559023864913],[4.71665456522,46.83555924612536],[4.716678146466095,46.83555174352171],[4.716678211210673,46.835553786908505],[4.716939287514145,46.83552229662774],[4.717133963355748,46.835463193913014],[4.7171781802672355,46.83544925014048],[4.717189694922642,46.835295805809864],[4.7172088802081875,46.835196399825726],[4.717230888022591,46.8351388474404],[4.717374760460161,46.83488635205254],[4.7174073315514145,46.834833748316],[4.717423765560396,46.83474154308829],[4.7174537668483065,46.83465424169473],[4.717459067235604,46.83458671690111],[4.717467772443418,46.8344854319507],[4.717447379949789,46.83421801607323],[4.717444719018219,46.83418126643033],[4.717437086621288,46.834081243045084],[4.717234670721203,46.83356721419841],[4.717131176757951,46.83340220268677]],[[4.711770701536535,46.83042375704257],[4.711775109813105,46.83042165609798],[4.71201789151753,46.83047219595397],[4.712052479187516,46.8304829206311],[4.712071621052834,46.83052351379795],[4.712165790196409,46.83072340445761],[4.71226793275175,46.83094055786131],[4.7123302641448115,46.83107552999947],[4.712525052719263,46.83149158762563],[4.712632075594264,46.83157990984997],[4.712528288150988,46.83149970786566],[4.712520657785466,46.83149369740482],[4.712327480509806,46.831081704493236],[4.712137477496778,46.83067580607563],[4.712045203692327,46.83048813529158],[4.711770701536535,46.83042375704257]]],[[[4.696752547183953,46.83427168552917],[4.694956511151948,46.833879215082334],[4.6947396070706535,46.83379964629165],[4.6941479676884805,46.833734791236935],[4.6936318454087305,46.8337045748824],[4.6924626155114355,46.83373915460646],[4.69177825311019,46.83394745864837],[4.691546358948379,46.83405509388477],[4.69138862115399,46.83415346103636],[4.691218651290176,46.83428879688505],[4.691014690122905,46.83448083792462],[4.690777888467237,46.83471729199826],[4.690427137690816,46.8351199306404],[4.68980796230528,46.83589130378366],[4.6898568338657505,46.835930437022256],[4.690117868877748,46.83613607960356],[4.690458783039483,46.83627719146648],[4.69061221667532,46.836327044974226],[4.690770968807967,46.836356394750915],[4.6910611320002245,46.83639810515547],[4.691128428814712,46.836407337644005],[4.691121185599999,46.83646160556606],[4.691533180762772,46.835922156556606],[4.691502086043429,46.83564161172984],[4.691606666881785,46.8354142511483],[4.691885540712068,46.835237462179414],[4.6918838184250635,46.83518230836045],[4.692246472174486,46.83511361798588],[4.692350648776043,46.83511208555701],[4.692681007914455,46.83505817923597],[4.692793959902902,46.83533751944165],[4.692863020508397,46.83530789150208],[4.6930872932043055,46.83524226131146],[4.693172299652459,46.83529414508846],[4.6934156098844895,46.83536107113778],[4.693634998839969,46.835377258348],[4.693770849358438,46.83538854205776],[4.694333850847324,46.83520347489228],[4.694352054663705,46.835214446162915],[4.694914931759995,46.83526337840995],[4.695804076977695,46.835555800987386],[4.69547884218103,46.836582413720265],[4.6959181906497145,46.836775193801245],[4.6959151402177755,46.83696325505635],[4.695934676227467,46.83706413041025],[4.696145183063196,46.83703445971646],[4.696359387596257,46.83693218253113],[4.696785403866368,46.83655701826175],[4.696892851604302,46.836469607205046],[4.697086240709626,46.83636865328051],[4.697352380723009,46.83621349984088],[4.697540829928871,46.836002268567086],[4.697566687387709,46.83597224857551],[4.69758251406851,46.83595465164616],[4.697708434244714,46.83579134455589],[4.697894682028046,46.83546263596091],[4.6981123015057715,46.83494748278739],[4.6983167805281765,46.83463077030812],[4.698261330913893,46.8346193228042],[4.698135461401727,46.83459359568587],[4.697790439062848,46.83451183492554],[4.697604442608854,46.83446859547517],[4.696989454419049,46.83432439708204],[4.696752547183953,46.83427168552917]]],[[[4.691939297596359,46.83619616003799],[4.691815732262647,46.83643503940608],[4.691890905560274,46.836601515653875],[4.691796364383245,46.83667341309336],[4.691736108300616,46.836793852414424],[4.691677241945481,46.83695922868912],[4.69165270817872,46.83712717111846],[4.691650463777777,46.837150700498015],[4.691989921116401,46.837244827593175],[4.691991435182849,46.837245822992465],[4.692150589575664,46.83695431194777],[4.692288677303765,46.83675098105175],[4.6925849329908536,46.83665363703905],[4.692634126440532,46.836702986087985],[4.6926664848233,46.83669024398114],[4.692787822917598,46.836809029672885],[4.6928229039136395,46.83678807911347],[4.693007254376354,46.83668318550407],[4.693078930078247,46.836642279624314],[4.693094407060611,46.83661344011801],[4.693249412683264,46.83657029011296],[4.693487498133199,46.83651773964378],[4.693590914399268,46.83634863552039],[4.693705690044416,46.8362100201457],[4.694145448276878,46.83608297422275],[4.694152964702578,46.83589484729393],[4.694301692645806,46.835841566563055],[4.694461154710792,46.835798340233275],[4.694871553295125,46.83573303607415],[4.694749203067831,46.83553455615071],[4.693660992682905,46.83563743447223],[4.693227816774511,46.83583182691494],[4.6926705411269785,46.83605767301408],[4.692366755736401,46.83586595766886],[4.691939297596359,46.83619616003799]]],[[[4.706141217955097,46.83850521878005],[4.7073167267969955,46.838052488132746],[4.707364681111169,46.83801498726885],[4.707344754829168,46.83794989091133],[4.705438246282228,46.83741309972287],[4.705166051481121,46.83732822777585],[4.704021083982515,46.83695281271167],[4.703856899578901,46.836892914377984],[4.703647549641425,46.83681733888665],[4.703114304702341,46.83652787641858],[4.702496939132441,46.83593005077146],[4.702203155872757,46.835678944886276],[4.7019182309912875,46.83551966671467],[4.7014605752805645,46.83540790916143],[4.701373160336129,46.83537445710214],[4.7010537269913035,46.83525452070567],[4.700947073922003,46.83522441479556],[4.700588509320221,46.835138773852215],[4.700480810315559,46.83512299338564],[4.700358127362828,46.83510437226969],[4.700223098666421,46.83507163207869],[4.700197571139913,46.83506484963608],[4.700042925292128,46.835024221773395],[4.699693117000292,46.83493231564972],[4.699568664214904,46.83490452480584],[4.699469725501313,46.83488350762927],[4.699388748335941,46.83486528706107],[4.698708046175544,46.834714908714346],[4.698633056832209,46.83469762588067],[4.69842613326389,46.834651634719044],[4.698397628874326,46.834644904836836],[4.698242635988328,46.83483009406037],[4.6982955563070785,46.83485588030865],[4.698431608192895,46.834921317121434],[4.6985026501495355,46.83495500410641],[4.699058925885009,46.83522064190151],[4.69913148304833,46.835255332804046],[4.699210091779642,46.83529300529844],[4.699318911898117,46.83534453289221],[4.699556220881556,46.83545750992565],[4.699616945444479,46.83549441967397],[4.699762638272137,46.83558219129028],[4.699953880114889,46.835697901491514],[4.700026758792135,46.83574279980351],[4.700255443141258,46.83596013737595],[4.700514329997112,46.83614330092234],[4.701091742196076,46.83632278129197],[4.701778965310463,46.83653742373169],[4.702299034324652,46.83688225751333],[4.702690498083453,46.8371615560603],[4.7027529655872655,46.83720660677207],[4.702744642430671,46.837226146723],[4.703083929509799,46.837456143259296],[4.7032594424403324,46.837544486800006],[4.704544453948573,46.838348029694636],[4.704527037094033,46.83836258913835],[4.704924563502523,46.83854982199123],[4.70586079505499,46.8387740340578],[4.705905127058297,46.838763155021276],[4.705947976992469,46.83875230694882],[4.706141217955097,46.83850521878005]]],[[[4.711337131996147,46.837154861500075],[4.711095049603882,46.83712780596586],[4.710966609505721,46.8371154057148],[4.709772392432516,46.83697375439728],[4.709566127597041,46.836949234391525],[4.709497119164134,46.83693288734888],[4.708382024115597,46.83679719672462],[4.707926694472887,46.83676001718729],[4.707604645649573,46.8366994055704],[4.707422203933448,46.83667451914515],[4.707113291594249,46.83660553382055],[4.706685894177691,46.8365096935701],[4.706685475921641,46.836496416023806],[4.70604064480309,46.83635168141869],[4.706036493482186,46.83636196471119],[4.70561839962673,46.83627722198437],[4.705517877165408,46.836253162401775],[4.704511144615843,46.836011611510955],[4.704040600197032,46.835916391803714],[4.702322169595393,46.83553310713503],[4.702634685006201,46.83585954923848],[4.703216383188437,46.83641192696646],[4.703752008864248,46.836729956523506],[4.704093975768964,46.8368556848688],[4.705553360648977,46.83728570653345],[4.708799652753345,46.83823586175446],[4.709177038786343,46.83830382548101],[4.709587245485876,46.83832634266418],[4.709776564334075,46.838332724414954],[4.709880456556405,46.838321985365894],[4.710155072506482,46.83829439822885],[4.710293027998161,46.838278046106986],[4.710635041519645,46.8382157376659],[4.711063637758587,46.838066304938465],[4.711084223831889,46.8380578213819],[4.71133580019671,46.83796110222222],[4.711801013665427,46.83779273186917],[4.7119437740069054,46.83773951697316],[4.7120615525534815,46.8376968863924],[4.7123943987069685,46.83758055630428],[4.712781549330902,46.83743888459536],[4.712666925590429,46.83729855821705],[4.712184254128882,46.837244438983305],[4.711679160483105,46.83718758030778],[4.711677826328562,46.83719270652707],[4.7115030124162365,46.83717384608472],[4.711337131996147,46.837154861500075]]],[[[4.702724812386856,46.837211112130895],[4.7026669784185895,46.83717109918768],[4.702280231498686,46.83689990814723],[4.702129750378344,46.83680199776567],[4.701751004642579,46.83654805003512],[4.701427584744163,46.83644350164408],[4.701304289041927,46.83640547379337],[4.701147931565942,46.83635771296706],[4.70049546271117,46.836158907872644],[4.700236543640744,46.8359747180858],[4.70000631321694,46.83575536798534],[4.699839327682027,46.83565360987978],[4.699549392205914,46.83547702756381],[4.698229838642755,46.834849699725126],[4.6981461303053,46.834981728274556],[4.698072538704262,46.83515141425988],[4.697952405619895,46.83545156232187],[4.697759155808814,46.83579468474282],[4.697602460043075,46.836020775928546],[4.6973975124270035,46.83622816203908],[4.697166515521622,46.83636440709366],[4.696924910161817,46.836494675110984],[4.696829021566557,46.83657068534519],[4.696432116388571,46.836924977119985],[4.696397292625173,46.83695410236841],[4.6961683724744585,46.837061702925666],[4.695949475991627,46.83710886972409],[4.6958592322997506,46.837127572370896],[4.695723128298485,46.837156145924425],[4.695465170267911,46.83723964995777],[4.695322522946017,46.83729693121107],[4.695265947193356,46.837344766681746],[4.694765905299007,46.83763925990156],[4.694576858800104,46.837784085584936],[4.694111422614579,46.838185362369636],[4.693874605165055,46.83842182277111],[4.6938693652095616,46.83844437863536],[4.694878838065141,46.83934506068062],[4.695176051662142,46.839611471308295],[4.6954039336804545,46.83980328033869],[4.6954050523374,46.839839026271534],[4.695435195954378,46.83994586933235],[4.695436346750144,46.839982641462484],[4.695416250083775,46.84000644299237],[4.695431408679099,46.84011044485917],[4.695477841594433,46.840213985863095],[4.69552573698834,46.840269476852036],[4.695553924493981,46.84026599945722],[4.695599321653725,46.84033685526785],[4.696722122487688,46.83967144580743],[4.696462789011158,46.83942594158786],[4.696664438313206,46.83930341476747],[4.696349832228746,46.83905260136563],[4.6959743201550666,46.83885377542743],[4.696226985944541,46.83869575253143],[4.696413864353696,46.83852950406286],[4.696426522420521,46.83850582102194],[4.6964315107323396,46.83842706289672],[4.696384505532334,46.83821011031588],[4.696436141373989,46.83814701909663],[4.696616190360268,46.83790525736275],[4.696771151616558,46.837861076622964],[4.6969216207036455,46.83781594425963],[4.697205098906173,46.837691182704674],[4.697392346351291,46.83748916460326],[4.697584352045046,46.83739130133453],[4.697559337751765,46.837305844117274],[4.697583041386877,46.83725439484126],[4.697622580824655,46.83723337701236],[4.6976806905394595,46.83723456389412],[4.697715311844501,46.83724631906065],[4.69780972601534,46.83731338872763],[4.697916736401521,46.83740172449891],[4.698292215268677,46.83702935377369],[4.699219999682785,46.837603200273705],[4.699341139884722,46.83752477072816],[4.699488768440282,46.83762681551411],[4.70063026068101,46.8384611329979],[4.700386806254169,46.83858019614792],[4.70016384273368,46.83868771658705],[4.7002973904548835,46.83876748969333],[4.700558325933661,46.838920993475774],[4.700700936236854,46.83900471185256],[4.700731278501579,46.8390226624107],[4.700961764528816,46.83887006314858],[4.701083329440704,46.838757916387394],[4.7012086898816765,46.83881430407322],[4.701439189569378,46.83894679483421],[4.701594668879353,46.83901398508411],[4.7017098854293495,46.8389366673539],[4.701882680483543,46.838749156984164],[4.701933957520626,46.838674829144765],[4.7019651535270715,46.838672323324246],[4.702039250968927,46.83866100546369],[4.702288741634948,46.83868695279322],[4.702428523755284,46.83877582627059],[4.702567874515668,46.83866136136221],[4.702758156774372,46.83869839655212],[4.702853336701854,46.83874194540508],[4.702879642120683,46.83872622799148],[4.703110266048234,46.8387677808664],[4.703345158531346,46.83856606523827],[4.7033775477724244,46.83855434632305],[4.703449782377602,46.838483796173584],[4.703646644115735,46.83835110596512],[4.704021214719005,46.83809316786401],[4.704496657967698,46.83839063335905],[4.704527037094033,46.83836258913835],[4.70343183170733,46.83767579855279],[4.703243443844694,46.837556989716326],[4.703055904673566,46.83746473548554],[4.702716424999339,46.83722860868606],[4.702724812386856,46.837211112130895]]],[[[4.693665498114075,46.837496068977835],[4.693598916767315,46.83770038427784],[4.69368841969742,46.83775322818463],[4.6935726242348155,46.83790718648413],[4.69343338898072,46.838073746687996],[4.69338001191336,46.83812868478501],[4.693813580366988,46.83842272120506],[4.694103838145997,46.838133356918306],[4.694544736371914,46.83775696463392],[4.694563574112361,46.83774034146813],[4.694719099348039,46.83761849731963],[4.695052211767277,46.83741433442401],[4.694883300650356,46.83729828722588],[4.693858468847084,46.837000704426785],[4.693828423070391,46.837039980226386],[4.693762854218899,46.83718093326109],[4.693665498114075,46.837496068977835]]],[[[4.713397980302417,46.837390881271304],[4.7132241665654595,46.83740369145199],[4.713129758959222,46.83743166480024],[4.712854334378142,46.83752772536251],[4.712576170433628,46.83763098575137],[4.712473151588424,46.83766929947156],[4.712150849990394,46.8377895705619],[4.7120228168119755,46.83783745119077],[4.711887397361819,46.83788749493206],[4.711615120653422,46.83798862098505],[4.711347206027928,46.838086610465524],[4.7112309860479025,46.8381312614564],[4.7111573941645215,46.838158923538366],[4.710821886680155,46.83828551125235],[4.710503115346579,46.83837607755619],[4.710262930415293,46.83840928674408],[4.709993141448628,46.838448032789756],[4.709863912432278,46.83845813081712],[4.709749172173611,46.83845574730194],[4.709525660624728,46.838450900243316],[4.709489992038218,46.838547478524795],[4.709572106079869,46.83860143777226],[4.710126385968973,46.838942666648066],[4.710325757387028,46.839078664634],[4.710459663802768,46.83921667123292],[4.710503338206164,46.83923236770427],[4.710608244761994,46.83925328682044],[4.710792319652597,46.839235221750734],[4.710858212048394,46.83901148910121],[4.710897254729392,46.83888010628911],[4.710906638511487,46.838847275193366],[4.711002543795353,46.838772279471065],[4.7111552068574145,46.83870256356424],[4.711468725280627,46.838586523764334],[4.711545443484584,46.83856392135259],[4.7116662667502345,46.838523299277455],[4.711942909141382,46.8384190371704],[4.712234323501702,46.838310474846814],[4.71236969842028,46.83825941370526],[4.712503590766477,46.838208374467634],[4.71280929735235,46.83808120777294],[4.712903137926693,46.8380348440095],[4.712923646260894,46.83802432593327],[4.7129969333452495,46.8379874721731],[4.7130599983551695,46.837956894610514],[4.713165768773428,46.83791137967082],[4.713221202257709,46.83787479161109],[4.713248954388686,46.83785803255742],[4.71343439595435,46.83774185005124],[4.713485484907925,46.83770940625396],[4.713620579562829,46.83764915269453],[4.7138477460193196,46.83753439235868],[4.714018878189053,46.83743681217301],[4.714064205035968,46.83741058700225],[4.714057810488101,46.83739638082461],[4.713990863948765,46.83739839587856],[4.713864357325393,46.83740028049082],[4.713527496798159,46.83738997001518],[4.713397980302417,46.837390881271304]]],[[[4.710522902192578,46.83933324051728],[4.710484763839162,46.839304168988306],[4.710365831088065,46.839216021828456],[4.710266698876489,46.839141872634634],[4.710157473332578,46.83903110215333],[4.710105574125744,46.83899099563731],[4.709491216897654,46.838633295888556],[4.709140693006079,46.83842596354593],[4.70870897853691,46.83833530108694],[4.707546129206902,46.83800820572365],[4.707412698315846,46.83802654075628],[4.707332664513347,46.83808596982528],[4.706180784510115,46.83853222618691],[4.70613213742689,46.838595277613706],[4.705957248000576,46.838810410801834],[4.705925116536264,46.838830304006386],[4.705899618838034,46.83882454903213],[4.705893598913063,46.83882259394525],[4.7049046833406125,46.83858077275181],[4.704496657967698,46.83839063335905],[4.704426292893325,46.838473422559886],[4.704418094111354,46.83854404238007],[4.7043185526187425,46.838740684309464],[4.704228453547019,46.839000542917745],[4.704166231993111,46.83910569007849],[4.704167484970333,46.839145522716365],[4.704107894040856,46.839570467093075],[4.704622822188478,46.839655825279536],[4.704845687899322,46.83973426986722],[4.7051419966276,46.839780969453265],[4.7046117130663605,46.84020164051061],[4.70453508594819,46.84022729887503],[4.704484415254217,46.84017900331335],[4.704424159826104,46.84020441906478],[4.704018658870945,46.84037902518553],[4.703534375382162,46.840510856459126],[4.703306383785314,46.84026900083715],[4.703259269931846,46.84023904217489],[4.703222360526256,46.84020178173629],[4.703163198173746,46.840024862749864],[4.70307200183061,46.83968185349509],[4.702903729853634,46.83972930171907],[4.702369384747833,46.83987924150852],[4.701232164096362,46.84013108963594],[4.701154419977422,46.84045308369739],[4.700763070397773,46.840652001009936],[4.700367361259208,46.84080703254141],[4.697132650354564,46.842841212725055],[4.6971813392494965,46.84296924281975],[4.697449722962881,46.84321767397109],[4.697656933226688,46.84336687056575],[4.697637220213374,46.84340292381808],[4.697718048082435,46.84351106280142],[4.697830478622484,46.84362998377653],[4.698118543366367,46.84384030726073],[4.698212287633559,46.84393293626058],[4.6983275284747705,46.843998671509134],[4.69879673541032,46.84438208760123],[4.699900775373389,46.84515768885],[4.700132890825487,46.84529322948922],[4.7002880291997835,46.845491210279654],[4.700531128010367,46.84564497788087],[4.7007253977468135,46.8455235800908],[4.7007503528654375,46.8455119718856],[4.701117096313931,46.84538188200662],[4.701374827966589,46.845290200930926],[4.701513221826041,46.84523910843064],[4.701570794769929,46.845222929032126],[4.701798364837982,46.84516642875428],[4.702391234887832,46.845028910475364],[4.702561744425229,46.84500492660982],[4.703044762038674,46.84492625378609],[4.703299665047639,46.84488670932799],[4.703793431871318,46.8448180959107],[4.703837929772135,46.84481232165985],[4.704110989794825,46.84478171056035],[4.704357842554583,46.8447228842354],[4.704651510320748,46.84468480689891],[4.704740281350937,46.84466612836089],[4.7049828899394095,46.845087603605286],[4.705125076622381,46.845441094930706],[4.705184472910275,46.845672170884306],[4.705208313521558,46.84571983708107],[4.7054036376671675,46.84601122837504],[4.705660122829762,46.846352803278116],[4.7058113867209554,46.846521204909486],[4.7064434335443055,46.84630338281521],[4.706834946907313,46.84620357240538],[4.707523754085755,46.84608605668359],[4.708312068518715,46.84600691970937],[4.708084226622232,46.84572419319436],[4.707677117807557,46.84547068527653],[4.707123803486615,46.845162130594495],[4.70689744761306,46.84502039434148],[4.706837561415046,46.8449160305855],[4.706607523774162,46.844704867778916],[4.706348705716078,46.84438376387125],[4.7062525826939385,46.844263591456716],[4.7063965072608696,46.844199127227284],[4.706300207884171,46.844120852973354],[4.70644273282755,46.84405947144301],[4.706506712026773,46.844010494048554],[4.706528429930353,46.843990764203944],[4.706564637377267,46.84386351398509],[4.7065251015602,46.843790531039716],[4.706794984396373,46.843611795264756],[4.706843396893826,46.843541596482225],[4.7068208281444885,46.84343975014275],[4.706715240910802,46.84311331188522],[4.706590282792112,46.84307019878593],[4.706464826868876,46.84305877574959],[4.706098500696077,46.84315413216927],[4.706074689579934,46.84315448523019],[4.706026233982932,46.84308163437426],[4.705744889309787,46.84280173197775],[4.705596534069119,46.84258322324543],[4.705539820712062,46.842531946688965],[4.705466040358034,46.842553483737575],[4.705517003500239,46.842610969585806],[4.705288627737935,46.84268895050773],[4.7052557574755705,46.84263833810818],[4.705267255112791,46.842577882116345],[4.705207809451212,46.84243979285571],[4.705158552105608,46.842341412754834],[4.705149900633384,46.842113673305526],[4.70509601298291,46.8419632445621],[4.705089362705209,46.84194085534318],[4.705046375381974,46.84171056268303],[4.704765490369662,46.84177603702481],[4.7051149399156875,46.84105047559159],[4.705175879053318,46.84118853378707],[4.70529179774442,46.84127571320564],[4.705534786997523,46.84118934717138],[4.705836262280399,46.841021384450784],[4.705815979883043,46.840992055679834],[4.706241440682502,46.840836564009024],[4.706345965181492,46.84079822472041],[4.706259425500126,46.840698344597726],[4.706242539066933,46.84068224927061],[4.706058849079372,46.84052352402461],[4.705939966074233,46.84053141979941],[4.7057740930877054,46.84056044654804],[4.705548331362676,46.84062612334521],[4.705299906712814,46.84068191387072],[4.705122456032309,46.840721332981744],[4.704904777723895,46.84076032123853],[4.704900349729918,46.84076141352692],[4.703942813892068,46.84095033099811],[4.703929419856241,46.840950529356846],[4.703910070000197,46.84095081591547],[4.703854998340994,46.84095163147263],[4.70380140907598,46.84095242505163],[4.703690604928058,46.8407435705738],[4.703709858177142,46.840740214464454],[4.703739495519288,46.84073568691798],[4.704149874651302,46.84081033839194],[4.704535167367422,46.84075046944405],[4.704865632238312,46.840699598004235],[4.704873019230716,46.84069744420284],[4.704889294495011,46.84069413202163],[4.704988378368608,46.84067222934094],[4.705621212234604,46.84052899482669],[4.705741030932459,46.84050371308887],[4.70595627652661,46.84048213171581],[4.70603795557213,46.84047478758461],[4.706420879834623,46.84038736222936],[4.706599952713754,46.84035200570964],[4.706753848750765,46.84032111107677],[4.7072659211987435,46.84022052759787],[4.707436091722367,46.8401863285331],[4.707530829093033,46.84016857682413],[4.707667127379892,46.840146110494125],[4.707966369843096,46.84009671111652],[4.70817087484275,46.84006506327459],[4.708762227638995,46.840023581677535],[4.709417293975317,46.84001896633167],[4.709619174499707,46.83999859429366],[4.709842286120398,46.839943161497274],[4.710073415848067,46.83990600820764],[4.710691875556743,46.83987433548346],[4.7106915101723255,46.83967406693993],[4.710604964276173,46.839574190054684],[4.71056708277334,46.83950629014702],[4.710556022044026,46.8394860201256],[4.710549528975264,46.83937473125406],[4.710522902192578,46.83933324051728]]],[[[4.713081337204323,46.839856155357566],[4.712798308010752,46.839853218398886],[4.712474454404347,46.839877446897106],[4.71242542356173,46.83988124768758],[4.711998608720491,46.83989883884164],[4.711014153430809,46.839941068374706],[4.710977162893906,46.83994877818451],[4.710921124653242,46.839918955311894],[4.710060364155462,46.83996444356309],[4.70985140041927,46.83999616104805],[4.709783516450124,46.840015568982544],[4.709761382288167,46.84002202194055],[4.709612368041178,46.84006613184614],[4.7087519592930684,46.84007585149205],[4.70841926576796,46.84010327083749],[4.708618662170756,46.84071237977568],[4.709912869864866,46.84057564378712],[4.709974920852716,46.84046538959283],[4.71036605068339,46.8404023522152],[4.710371717110247,46.84044007488454],[4.710382636956476,46.840503269287495],[4.71015096986638,46.8405230587027],[4.710192300664493,46.84065323751232],[4.710211962190672,46.840804181864925],[4.710258141159004,46.840993547606836],[4.710387214321518,46.84130839453099],[4.710458368085477,46.841298141719946],[4.710614308076803,46.84156763138285],[4.71009003973372,46.841612213898884],[4.710127165689454,46.84203367089043],[4.71010187266912,46.842034046817986],[4.710002401653094,46.84204370257361],[4.709956673123709,46.841821620559365],[4.708730032972855,46.8419297679889],[4.70872389829383,46.84178271128997],[4.7078699641317785,46.84185670211155],[4.7075313045501295,46.84202623965273],[4.707133848458601,46.84240919724416],[4.707083146562919,46.84283195783981],[4.707258212371929,46.843567116154645],[4.707420583724099,46.843804840603546],[4.707864109378048,46.844127280464676],[4.708424168564342,46.84465031542926],[4.7085580508088265,46.844834299728376],[4.708770145484397,46.8449486594363],[4.708976974656547,46.84508455806847],[4.709095821202547,46.845216647831336],[4.709416871471008,46.84562163001483],[4.709484253787451,46.845821929232784],[4.7096720015304845,46.84615532170148],[4.7096912887211,46.846152990789605],[4.709744883043794,46.84615219446887],[4.710682749568635,46.84614029966281],[4.711099166249904,46.846168853008855],[4.711105122631923,46.84616876443548],[4.711128935040018,46.846168410334],[4.711307207635255,46.84620152169166],[4.7115324730887975,46.846213499376894],[4.711706444629192,46.84620477854972],[4.711930470362407,46.84617794036363],[4.712011802130253,46.846159357895154],[4.712019338059268,46.84616231679301],[4.712223024212205,46.846104106818466],[4.71235017243507,46.846027618708064],[4.712453957530492,46.84591878664241],[4.712595066830265,46.84571844813529],[4.712601475381092,46.84573266316829],[4.7127638991205645,46.84550033335162],[4.712930673002742,46.84516984595698],[4.713079760677329,46.84460970922556],[4.713125239769144,46.844446565166336],[4.713207737336448,46.844182723968615],[4.713371329060169,46.8437991481001],[4.713427190750471,46.843634822580505],[4.713481340026764,46.84341636984965],[4.713626530860812,46.84278067618936],[4.7138190242585365,46.84222806885236],[4.713862578148169,46.842145673220074],[4.713847604317902,46.842142825236635],[4.713878636410861,46.84208821030125],[4.71388757030416,46.84208807722514],[4.714101569442987,46.84155660103254],[4.714104783443319,46.84137569588435],[4.714173434193219,46.84105075648423],[4.714222231732259,46.84080478869685],[4.714272967613964,46.84076111045893],[4.71437726907293,46.84052760835349],[4.7144834310166654,46.840353337504745],[4.714895479768855,46.84005699814843],[4.714732728448762,46.84004306904957],[4.714665552732622,46.84003794614829],[4.714539552582074,46.84000916762996],[4.7137386264288965,46.839874978781666],[4.7134821713434585,46.83986448795501],[4.713081337204323,46.839856155357566]]],[[[4.713476664234894,46.84364532525104],[4.713408477438825,46.8438905544936],[4.713294617568662,46.84410478989193],[4.713245496167324,46.844246536152255],[4.713198599742838,46.844411745724614],[4.713127775058808,46.84466826239653],[4.7130162665646775,46.84509806433163],[4.712975108987083,46.84520903567885],[4.7129275941468425,46.84530783557061],[4.71281686893548,46.84552713003641],[4.712636417777473,46.84580162380764],[4.712536838578485,46.8459492269991],[4.7124116471552915,46.84608801619972],[4.71198971971449,46.84621486572526],[4.71165013231248,46.84626079549287],[4.711432886315533,46.846267088849935],[4.711097929969341,46.84622404165785],[4.710891790521679,46.84620462804966],[4.710690447727251,46.8461953644817],[4.710312574067764,46.84620813231096],[4.710111682642615,46.846213162419694],[4.710032273296949,46.846434032888226],[4.711018356540604,46.846863870636035],[4.711420931564029,46.84687831830862],[4.71155658878767,46.846882433642634],[4.711449134776941,46.84706387106509],[4.711383998334895,46.84735912621186],[4.7113676793361225,46.84745541702472],[4.711319130582724,46.847804586974526],[4.712008751746857,46.84790059885735],[4.712431714795922,46.847853427482896],[4.712470225546529,46.847846721350834],[4.712971747532387,46.847740146573166],[4.713176727289332,46.84767578271983],[4.713295233749628,46.84760861733741],[4.713468310903393,46.847477291595666],[4.7135152413363075,46.84731309924282],[4.713515144519689,46.84731003867067],[4.713614138069887,46.846672989432705],[4.71372871475591,46.846340216264934],[4.713797522411045,46.846020381682564],[4.713850541342711,46.845766174224735],[4.713858021920211,46.84572008754472],[4.713876279713985,46.84559105785031],[4.713888553115617,46.84550811056036],[4.713919007661824,46.845153084513385],[4.713853044615543,46.84499772408535],[4.713763506552994,46.84489790308089],[4.7137387499861925,46.84477462938832],[4.7137438863477685,46.84451296663876],[4.713808307902917,46.84443127797752],[4.713807477074572,46.844357720901556],[4.713745735118342,46.84433616168782],[4.713908968062934,46.84394135096139],[4.713790992484412,46.84393084210924],[4.713804771277939,46.843895901001936],[4.714062830759274,46.84329735022764],[4.714306847641332,46.841784481971345],[4.71419452863699,46.841764694252525],[4.71415929163484,46.8416395323452],[4.713958530480168,46.84207169209786],[4.71385176343618,46.842321585159944],[4.713701965584946,46.84276422459754],[4.713476664234894,46.84364532525104]]],[[[4.708468556686714,46.846057731251825],[4.708435423071125,46.84604595714294],[4.707538662645077,46.84613386397578],[4.706889718956881,46.84624056675387],[4.70687638801163,46.84624280884167],[4.706860143253665,46.84624713849117],[4.706467101632068,46.846345944972086],[4.705845388344822,46.84656055199051],[4.705617752300985,46.846615016862486],[4.707027276977225,46.848384354646726],[4.707039705128968,46.848400515999714],[4.707058173541049,46.84841965876041],[4.7070643554259775,46.848426717742846],[4.707213991002401,46.848306988813995],[4.707726654324034,46.84798670575518],[4.70788479032453,46.8478535660349],[4.708054227851979,46.847653839752],[4.708281136439328,46.84733983058501],[4.708499802721618,46.8470954328938],[4.7089257318108215,46.846670162085516],[4.709020912717909,46.84657168275082],[4.7090218098953915,46.84641123807362],[4.708993827287228,46.84632684497849],[4.708928669076081,46.84624402166059],[4.708886826584077,46.84619252584686],[4.708717374874163,46.846108189225035],[4.708468556686714,46.846057731251825]]],[[[4.709871046718009,46.84915856498614],[4.709685903952859,46.84862486081324],[4.709591228227434,46.84803156207972],[4.709527877896624,46.847581883425015],[4.709444003476524,46.847330738751715],[4.709214540805929,46.84647785606926],[4.70914188439782,46.84653514118364],[4.708551276588093,46.84712226273886],[4.7083444590217916,46.84736444028056],[4.7081073263144475,46.847684725358214],[4.707900311331517,46.8479207719102],[4.707734658447207,46.848051978860916],[4.707299129769262,46.84831492069838],[4.707227822662639,46.84836809580881],[4.707157043175665,46.8484375997557],[4.707119915510343,46.848488223382276],[4.707043550574815,46.84861708697264],[4.706866260238369,46.849229740648454],[4.707121982067329,46.84945177032888],[4.707441401260258,46.84961563086135],[4.707854509751705,46.849869041721995],[4.70792288885406,46.84991196668266],[4.7082649669063885,46.8500857103889],[4.708429614956056,46.85015887970632],[4.708692897978861,46.85028985213131],[4.70915404614662,46.850554811173765],[4.709649224895843,46.850860131644794],[4.7100719203310755,46.85113382672518],[4.710265863588782,46.85128524274276],[4.710415961359706,46.85136884723101],[4.711230954938031,46.85189624801304],[4.712246790091608,46.85232154511879],[4.71268309756883,46.85189406243383],[4.712109108848344,46.85154701407959],[4.711422411831521,46.850884865329384],[4.710307405730069,46.84995932509343],[4.710261762963141,46.849976349167754],[4.709871046718009,46.84915856498614]]],[[[4.720591150968938,46.820591917353475],[4.720461340793363,46.82053561739973],[4.720302006534821,46.82043989833253],[4.720208946320506,46.820368746870464],[4.720074280107179,46.820253250599436],[4.719798295740906,46.81999986907244],[4.71976600955662,46.81996766005208],[4.719715357059631,46.81991936173589],[4.719503203160157,46.81970693002115],[4.719442811013902,46.81963323617255],[4.719364550344585,46.819512816085755],[4.719243520851314,46.81935725442913],[4.719211267647012,46.819326062443785],[4.719082429925136,46.81920638919688],[4.718992447204207,46.819138252824494],[4.718851193665892,46.81904942134127],[4.718620509099838,46.81890980836795],[4.718581048007831,46.8188858746891],[4.718563706258498,46.81890248873022],[4.718504298469183,46.81900044315348],[4.718422081281761,46.81913043047839],[4.718206058058872,46.81940648585271],[4.7181520523010745,46.819486995786114],[4.718072777440263,46.819615903175034],[4.718043503355116,46.81967867101691],[4.718036334682195,46.819733957875385],[4.7180343618471365,46.81976567045922],[4.718041318933524,46.81979724064163],[4.718060590780694,46.81984191071606],[4.718087084485674,46.8198793221393],[4.718194865405134,46.82003916260258],[4.718300018673409,46.82016327939428],[4.718363257037142,46.82023284256899],[4.7184906006709895,46.820352538925704],[4.718545084152321,46.82042733921962],[4.71859667495152,46.82050524475332],[4.718612387820166,46.82053157766368],[4.718628591674878,46.82052622912903],[4.718652211478923,46.82051974309056],[4.718748818727575,46.8204682350714],[4.718765475901088,46.82047718127319],[4.7187599872228985,46.82063258079788],[4.71876281025181,46.82067443452812],[4.71872561006656,46.820768995082105],[4.718741951690313,46.820814735516805],[4.718785783961125,46.8208825441043],[4.718871038608898,46.82094258286406],[4.7189850738934975,46.821064521945594],[4.719003342765117,46.82107753275095],[4.719044462498139,46.821106547909366],[4.71908153167879,46.821148907447224],[4.719120374597027,46.82120044459428],[4.719145744217081,46.82124911207163],[4.719190411259631,46.82129647341671],[4.719204836976306,46.821328949568596],[4.719156225138801,46.82134500440746],[4.719027556851274,46.82137145091665],[4.719014588868464,46.82138492858774],[4.719084580201777,46.82147994047013],[4.719119390258284,46.821497810423914],[4.7191428115842005,46.82153220549301],[4.719161024293201,46.82159017506618],[4.719312414353542,46.82171666187762],[4.7193934389515135,46.82178391426216],[4.719525964464136,46.82187900870803],[4.719614340858106,46.82194307998349],[4.719631096030019,46.82195509564622],[4.719634105160651,46.82195606833393],[4.719653156512736,46.821946588363936],[4.719761186563138,46.82187958053658],[4.719882735006678,46.821816450174886],[4.719931360165662,46.82180039483493],[4.720010574233883,46.82176344741533],[4.720057594075405,46.82174435398677],[4.7201439323379715,46.82169707811706],[4.720277419842747,46.821634795447885],[4.7204052774330725,46.82158280963861],[4.720597593656063,46.82149818529898],[4.720688616955282,46.82145799869037],[4.720770741948237,46.821418962816516],[4.720917876443322,46.821364643646945],[4.721019200992709,46.821321231586445],[4.721090978137166,46.82128439467882],[4.721198204239848,46.8212388497802],[4.721227505248338,46.82122410974696],[4.72127388830009,46.82118458170085],[4.721300212449592,46.82116988619903],[4.721414484173908,46.82111196946526],[4.721580605815864,46.82099913239548],[4.721619799521378,46.82096788926909],[4.721644089715297,46.82093584253583],[4.721646709624876,46.82092456382059],[4.72162027786551,46.82088919661978],[4.721409924077333,46.820827970241716],[4.721062888688761,46.82072791961652],[4.7207505863487516,46.82064368520771],[4.720591150968938,46.820591917353475]]],[[[4.717553585797864,46.818498619087116],[4.7175140284853905,46.818471624446936],[4.717241437077302,46.818277454816524],[4.717131268787414,46.81823005304917],[4.717096558451697,46.81821524307141],[4.716936874770285,46.81815529653428],[4.716698673566118,46.818059741310705],[4.716618776961507,46.81802823309263],[4.716486032629547,46.81797299024151],[4.7164754915229965,46.817969058842245],[4.716431735308548,46.81795029495185],[4.7163577600764155,46.81791768050406],[4.716289557185335,46.817878846780154],[4.716183428488012,46.81781809998777],[4.715852141896349,46.81760335071872],[4.715821761298656,46.81758438704235],[4.7157097904754,46.817526789025656],[4.715685570365213,46.81751386649636],[4.715289203508904,46.817312352683004],[4.715115911918645,46.81738646281246],[4.714881573707691,46.817460465288924],[4.714819769537375,46.81748283913651],[4.714460941001944,46.817621027415846],[4.714190644579393,46.81778140064861],[4.714085689524091,46.817851428551386],[4.714061008495011,46.81787121332695],[4.713990490798622,46.817947878639785],[4.713976395896609,46.81797261202633],[4.713963095207491,46.81802287457835],[4.713961281462513,46.818059691100736],[4.713966809943271,46.818140338453],[4.713974858489313,46.81815962642485],[4.713996631924592,46.81818894066148],[4.714029172117247,46.81822932490764],[4.714064740526521,46.818271708373715],[4.714092454257271,46.818300934059245],[4.7141243810519935,46.818321919501564],[4.714169437765649,46.81833453179389],[4.7141764570470945,46.818368145619736],[4.714178778724186,46.81839467870178],[4.714171795746913,46.8184090843021],[4.714161836386532,46.81842354326994],[4.7142440535736645,46.81848157726962],[4.714370442873977,46.818524660256436],[4.71439490232662,46.818544730253834],[4.714474305018907,46.81860792145363],[4.714519685266626,46.818630750594544],[4.714660381246205,46.81870222303136],[4.714764872652063,46.81875890690462],[4.71484823071407,46.81880569299729],[4.714693524096773,46.81890303091567],[4.714683176887806,46.818905229544356],[4.714645429998595,46.81893542203339],[4.714623531431282,46.81894903235399],[4.714597258083428,46.81896576992912],[4.714614043403944,46.81897880352981],[4.714580348255367,46.81899566075396],[4.7146321666956945,46.81903371306929],[4.714770617422598,46.8191287245019],[4.714784277753913,46.81913669827219],[4.714514228585914,46.819258234569446],[4.714433519520004,46.81929520051317],[4.714438378988592,46.8193073942375],[4.714437982398503,46.81934213626711],[4.714436427494926,46.81938712637184],[4.714494910434453,46.81944755836264],[4.714526999528644,46.81947364767809],[4.714722803890402,46.81959335416026],[4.714362770055489,46.81974075493204],[4.7143565258535425,46.819731652889914],[4.71430496945164,46.81974876725421],[4.714261438630545,46.81973714993517],[4.714111685980065,46.81956771871088],[4.713935507980241,46.81936290930136],[4.713958801057983,46.819299214024035],[4.714228985127156,46.81922876804399],[4.714185547395622,46.819173209071835],[4.714202522413151,46.81914537070541],[4.714219676436872,46.819028622497434],[4.71425939892969,46.81896672662511],[4.714290869497709,46.81892640601585],[4.714375745576647,46.81888017392024],[4.714454719950391,46.818836083103626],[4.7144248778532605,46.818786454627286],[4.714407931182787,46.818768317005954],[4.714348451637482,46.8187232190254],[4.714324384226272,46.818621395757596],[4.714254391611172,46.81866739697473],[4.71423546973214,46.81868096285379],[4.713987432548477,46.818509934343645],[4.713851517948132,46.81858961850346],[4.713775700850541,46.818639794941284],[4.713692383859468,46.81868803871836],[4.713623775634495,46.818730956875946],[4.713571435451924,46.81877056156333],[4.713529262011052,46.81880184631553],[4.713399622390345,46.81889165822403],[4.7133299516340275,46.818947875864225],[4.713321538054341,46.81896434707861],[4.713304004259321,46.81902183235316],[4.713293130739637,46.81905469509128],[4.713281198514414,46.81914785970529],[4.713285079293426,46.81917641392818],[4.7132820928392185,46.81922346068464],[4.713286267538236,46.81930820791213],[4.713282829181741,46.81934095988538],[4.713270376745879,46.819370775095315],[4.713259535576297,46.81940466402688],[4.713258989994429,46.81943430186311],[4.713269276119452,46.81947706217974],[4.7132696863826204,46.81953735117376],[4.713260601548533,46.81962638463554],[4.713254057230625,46.81965509415305],[4.713248361866251,46.81966334742641],[4.713229181289956,46.81966874854823],[4.7130912094564446,46.819683060874816],[4.713014357293679,46.819700560439244],[4.712787002561214,46.81976014388091],[4.712733918563878,46.81977626260592],[4.712523283723662,46.81984683599705],[4.712387632399156,46.819887689585634],[4.712081960557175,46.819965810178736],[4.71186065415393,46.82002837275815],[4.711846028274418,46.820036758880796],[4.711880953429148,46.82010572923149],[4.7119595512683246,46.82019039537446],[4.71197261963034,46.82022698129552],[4.712021301864743,46.82044901969009],[4.711972656272103,46.82046404529722],[4.711969101063983,46.82049271023044],[4.712008807756081,46.820571822153944],[4.712056382540592,46.82066410076902],[4.712060294917111,46.82069367221958],[4.71206618654043,46.82073855139869],[4.7120775343572765,46.82076801216557],[4.712033411966459,46.82078502382555],[4.712095696341152,46.820871968063315],[4.712101682361101,46.820872905637366],[4.7122083559181425,46.82085700712847],[4.712497172232495,46.820810811312974],[4.712733174499651,46.82078890688522],[4.712787580020867,46.82076766210535],[4.712811319634709,46.82081226645393],[4.712196548124019,46.82090725618386],[4.7121152028690725,46.82092379531755],[4.712140224471805,46.821103263332546],[4.712184750284315,46.82128754737732],[4.712211940115119,46.82139443989345],[4.712217153922789,46.82141785888616],[4.712264235389601,46.82154182780298],[4.712274986734659,46.82174092511297],[4.712280641922219,46.82182565025889],[4.712314508959991,46.82195492226767],[4.712376023199063,46.82206435674982],[4.712405994359857,46.82211807250739],[4.712429766677574,46.82216370311774],[4.712448822005412,46.82220122652174],[4.7124661886554895,46.822232641991484],[4.712525885941849,46.8223318906636],[4.712541674077484,46.822360267591385],[4.712611958885573,46.82246447397425],[4.712584007601557,46.822475102950335],[4.712621624500616,46.822581840098934],[4.712637335068328,46.82260817381074],[4.712676734507846,46.82267706828286],[4.712750115843448,46.822832319404476],[4.712767612034345,46.82286782161539],[4.712800499304264,46.822966451703195],[4.712810398235239,46.8229969516451],[4.712824394317713,46.82311017354691],[4.712857327102865,46.82320982061378],[4.71290217698656,46.82335731909003],[4.71291246357459,46.823400079393686],[4.712931348288459,46.82347950107666],[4.7129504914165254,46.82356709633687],[4.712987195513333,46.82369222815518],[4.713032927979912,46.82382030554275],[4.713190644642658,46.823864958713685],[4.713432093491593,46.82377961486631],[4.713552226745141,46.82376555905296],[4.7137322415125125,46.82376185939784],[4.713904400208463,46.82374498369478],[4.713975142763172,46.823722477292925],[4.714016387068964,46.82370857885706],[4.7142648732899675,46.82365787343959],[4.714312491398855,46.82365716372433],[4.714375959033034,46.823639862886715],[4.714523752455981,46.82360598587498],[4.7145511459110105,46.82362499443539],[4.71471460773321,46.8235683956698],[4.7148754996036955,46.82352512781599],[4.714979006910696,46.82350314995202],[4.715011578351775,46.82349754889593],[4.715085393927258,46.82347805801238],[4.715387037211157,46.8233662624056],[4.715558308448439,46.823321821103065],[4.715673237480097,46.8232843350463],[4.7158667770358065,46.823237516750005],[4.715934735007892,46.8232211747307],[4.716015855935648,46.823197476526396],[4.716129335265118,46.82316104732154],[4.716161680038236,46.8231482985614],[4.7161909834486115,46.82313355981862],[4.716230485983597,46.823111509122526],[4.716274156234772,46.82308020110779],[4.7164018272017625,46.82302209858842],[4.716496991369042,46.82297163180521],[4.716610132868305,46.82292497634856],[4.716642445165966,46.82291121025639],[4.7167608418521905,46.822842006265724],[4.716828676261863,46.822774574561016],[4.716898348308101,46.82271835485926],[4.716961969453409,46.82265916340209],[4.717061720729392,46.822612716374216],[4.71718564263477,46.82257713886914],[4.717240209938656,46.82256099597685],[4.717397258965353,46.822490187520714],[4.717486856064392,46.82245206917275],[4.717541228868315,46.82242979595643],[4.7175718838732035,46.822410947943055],[4.7175796239211625,46.822420027478906],[4.717686874632983,46.8223755122607],[4.717753349093848,46.82235919129402],[4.717799017622957,46.82234419870852],[4.717840292428353,46.82233132509417],[4.717888983428638,46.822317314013176],[4.7179494392327035,46.82229903846456],[4.718051059275643,46.82226481979885],[4.718043073164247,46.82224756652503],[4.717875993330576,46.82186075095494],[4.717853517223996,46.821808968956574],[4.717845388584502,46.82178762907537],[4.717837370365643,46.82176935858904],[4.717827759873534,46.82174804083905],[4.717782698048716,46.82164142542295],[4.717930321812644,46.821602431031046],[4.717878543958873,46.82156539722783],[4.717833095353463,46.82154053503785],[4.717802077553164,46.821501146771524],[4.717786740015324,46.821487065315],[4.717817537056856,46.821472303823384],[4.717845583812365,46.821464734162824],[4.717898557526056,46.82144554369036],[4.717907196666458,46.82143621952985],[4.71786921433339,46.82131825891296],[4.717840550948576,46.821212416258625],[4.717832565059247,46.82119516296533],[4.717774413184722,46.821144940472706],[4.717705771267435,46.82109283025681],[4.71767815145107,46.821066675055846],[4.717645380020819,46.82101913549186],[4.717634611708994,46.82100805682298],[4.717549895531451,46.820965381694776],[4.717447494682929,46.82102209058951],[4.717432448915769,46.82101720885947],[4.717342200026553,46.82098790004259],[4.717327167392033,46.82098301810291],[4.717128692770301,46.820920579906485],[4.717106567565698,46.820927043312366],[4.717053386298126,46.82084608984466],[4.717033752499529,46.82083718783638],[4.717017321947818,46.82083538876531],[4.716995228991591,46.82084286934639],[4.716972683147634,46.82083605516187],[4.71695198817575,46.82084045282607],[4.716919644680502,46.82085319281455],[4.716841588221223,46.82078589443113],[4.716800994174685,46.82072621424622],[4.7167363726408436,46.82065974193368],[4.71670580261672,46.820587645925805],[4.716678953664691,46.820539000019565],[4.716633642476858,46.820471212740294],[4.716565002509485,46.820419101834304],[4.71655309542254,46.82041927954715],[4.716467701041752,46.82044916606857],[4.716389366767372,46.820466680997605],[4.716303487020665,46.82048124643322],[4.716219134669864,46.820496815695655],[4.716204969228292,46.820472494740116],[4.716211078787971,46.82043051668935],[4.7161892841566875,46.820400185496915],[4.716158449210463,46.82036692715738],[4.716142737581714,46.82034059391067],[4.716137942343108,46.82033044365721],[4.716120056531893,46.82028268156179],[4.716089727260423,46.82021774157255],[4.716067596153094,46.82017719357309],[4.716056790065797,46.82011808634962],[4.716044211450383,46.82004981945588],[4.716037772824763,46.820034587318695],[4.716031204799499,46.82001526838968],[4.716030525575187,46.81999381723551],[4.7160172735407695,46.8199511013903],[4.715959080817867,46.81980584734583],[4.715935630051785,46.81977043441562],[4.715907785182618,46.81973712239378],[4.715881681224977,46.819711970842974],[4.7155805187086495,46.81955603977031],[4.715430708213838,46.81947857128807],[4.715500310256668,46.81951431361114],[4.7155396682417114,46.81948818553569],[4.7155527013176926,46.8194767516458],[4.715633792317023,46.81940503407964],[4.715688784880222,46.81935516707353],[4.715755638586177,46.81930409640799],[4.7157647303039685,46.81930906717509],[4.715931598477078,46.81940774202156],[4.716185017563053,46.81956030490213],[4.716259402290371,46.8196061972143],[4.716277553708673,46.8196151214703],[4.716345577750035,46.81964782480044],[4.716461274186231,46.81972886328719],[4.716581526744821,46.81981290470469],[4.716777349982742,46.81993260748298],[4.71685675091889,46.819854781192056],[4.716970287435301,46.819914399134426],[4.717129549237244,46.82000807043305],[4.717158501463482,46.82002909946657],[4.717234770788402,46.82008722019098],[4.717375209204994,46.8201975271023],[4.717311203184502,46.820244467459545],[4.717515363961265,46.8203456452669],[4.71769129835844,46.82044827096334],[4.717478623306916,46.82059552498844],[4.717568134097754,46.82064834136483],[4.717743319019152,46.820774474831914],[4.7178640274386066,46.8207788050535],[4.717968118412561,46.82082220822793],[4.717980025583379,46.820822030368646],[4.7180126924118095,46.82081949805094],[4.7180277901259515,46.82082643229713],[4.718077709970047,46.82085122761581],[4.718170145597348,46.82085597985598],[4.718289307604188,46.82085828837416],[4.718414034455291,46.82084824745312],[4.718532840215104,46.820839321553336],[4.718555127065479,46.82083796185673],[4.718569965660849,46.82083672245637],[4.718575919246874,46.82083663349573],[4.71857582190634,46.82083356390412],[4.718563744266156,46.82054661505947],[4.718542555772654,46.82048868985514],[4.718511084489287,46.82043499801046],[4.718464308696323,46.820368259985685],[4.718322048742161,46.82024775977251],[4.7181813740577345,46.820083304432984],[4.718017739088348,46.81985174596193],[4.718006776890004,46.81983454614211],[4.717998583710711,46.81981116286574],[4.717994279506105,46.81976933124186],[4.717997067574262,46.81971615418569],[4.71800182311833,46.81967827595395],[4.718001143118376,46.81965682480949],[4.718015204376531,46.81963107374439],[4.718090441506058,46.81951550156332],[4.718148646778662,46.819426751474104],[4.718340934670684,46.81915309520519],[4.718431648341545,46.81900970614099],[4.718469916476189,46.81894884815137],[4.718488635130137,46.8188821491709],[4.718514259297236,46.81884497675711],[4.718201583645576,46.818748493019086],[4.718063724396599,46.81871989607655],[4.717882140521127,46.81867356183208],[4.717790510517542,46.81864733607414],[4.717749665208033,46.818626484832855],[4.717553585797864,46.818498619087116]],[[4.715729410772525,46.82237816112969],[4.715737719348712,46.82240562253466],[4.715702139268467,46.822410242005866],[4.715693862912974,46.822383797794814],[4.715729410772525,46.82237816112969]]],[[[4.723946908414118,46.821449058143145],[4.723348696588822,46.82122197559385],[4.723201099283476,46.82116798955789],[4.7229835993735385,46.82111606822284],[4.7229535845840065,46.82110834040228],[4.722896791681114,46.82110101371044],[4.722774230348574,46.82108548601342],[4.722560454463355,46.82105700478596],[4.722321025814988,46.82101767682152],[4.722118995441542,46.82098391248506],[4.7217463022468245,46.82092001092559],[4.721659717589804,46.82100611663443],[4.721524619242019,46.82111134770574],[4.721393278186579,46.821194034374926],[4.721246728442624,46.821266735682165],[4.72073393703992,46.821478772968185],[4.720140951698279,46.821744125019734],[4.720100724878739,46.82183669592539],[4.720183569632741,46.82191413335345],[4.720344824205266,46.82202309873243],[4.720461948979005,46.82210207658831],[4.7205782406890044,46.82220150140915],[4.720673740134461,46.82230225485321],[4.7207115896906595,46.82236912555231],[4.720754517612188,46.82240833487852],[4.720786728125746,46.82243850940665],[4.72091409540758,46.82255820281354],[4.720955106980161,46.82258415688721],[4.720984029477995,46.82260415874674],[4.721002507138898,46.82262329920749],[4.721025560263133,46.822646459926865],[4.721083632389226,46.82269361097151],[4.721132060632651,46.8227184363248],[4.721312208755828,46.822812816131005],[4.721372509483935,46.82288343934789],[4.721382270581489,46.82290986096844],[4.721428565488877,46.82296127682918],[4.721464026369407,46.82299957997684],[4.721598721568048,46.823116091926856],[4.721638446739393,46.823148198106765],[4.72171509313714,46.82326456112858],[4.721758149938332,46.823354859213765],[4.721927460465171,46.82371712174203],[4.7222619794494545,46.82412493038374],[4.722334385605306,46.824201504937655],[4.722354508723972,46.82422573595792],[4.722405102364142,46.82427198066475],[4.722511781332756,46.82420907026554],[4.722613912296306,46.824284181818264],[4.722616811205888,46.82428209404012],[4.722642693287015,46.82430009666876],[4.722712709143832,46.82434809472276],[4.722735602741223,46.82431913976517],[4.72291947092617,46.82438995575125],[4.722963905913784,46.824336154727305],[4.723072415150458,46.824377451864585],[4.723056665384888,46.8243971047452],[4.723165713565483,46.824455757296946],[4.7232846775066015,46.824357916969156],[4.723278561234528,46.82435290220114],[4.723331081259559,46.824319414518705],[4.7233204087453595,46.82431140597666],[4.723665044510222,46.82410085094598],[4.723683458633126,46.82411794757923],[4.723699533068334,46.8241085115571],[4.72375032273945,46.824160885841124],[4.723758050957886,46.824169965153516],[4.723626823547497,46.82420973892958],[4.723646536997961,46.82426768534711],[4.723637671059568,46.824269862570574],[4.7236849434704915,46.82439893068876],[4.723690897439404,46.82439884146347],[4.7237106433822165,46.82445780506068],[4.723602536054165,46.82447578001309],[4.723572909263488,46.82448031269508],[4.723606422652284,46.8245043338468],[4.723744278268988,46.82467291374851],[4.723745122956842,46.82469946880128],[4.723786462217172,46.824735629792805],[4.72380736623758,46.824737360873335],[4.723942993986634,46.82488247726896],[4.724054403257988,46.82496867900212],[4.72422647781763,46.825089743101316],[4.7243542358019015,46.825174681800426],[4.724448220128396,46.82522743491323],[4.724508514527919,46.82525105430003],[4.724641921684096,46.825279710522835],[4.72478704200119,46.82530205786336],[4.725089860407008,46.82532102233015],[4.725788792712238,46.82511025316335],[4.726391990757631,46.82497858442293],[4.726569762987235,46.82490438132567],[4.726630770189038,46.8248564631749],[4.726685907679598,46.82481169514838],[4.726473123380231,46.82462789743009],[4.726227931999705,46.82464179931489],[4.726141184250109,46.82467579299738],[4.726320275461998,46.82459647307378],[4.726430480713198,46.82455087865768],[4.726503968106773,46.82452116351607],[4.7265818492385145,46.82448933800714],[4.7266242949313995,46.824513224216666],[4.7267274413972515,46.824480001658614],[4.726796144062656,46.824580134787105],[4.726898020908412,46.82464705997872],[4.72754016892186,46.82424298978101],[4.728551257393558,46.823551348391],[4.728555011905935,46.82343582579999],[4.72638593972063,46.82235869099105],[4.725028976696696,46.82172507917611],[4.724328947665575,46.821526096408455],[4.724116437095781,46.82149045729986],[4.724064199680595,46.82148612493234],[4.723946908414118,46.821449058143145]],[[4.724004935470604,46.8244431816035],[4.72405712314489,46.82449246375464],[4.7240468921526215,46.824498750196376],[4.724163598491522,46.824610422462506],[4.724176858672758,46.82460614397222],[4.724232270609292,46.824663555167305],[4.7240841033265015,46.82473219545974],[4.724025798732581,46.82467788959447],[4.724038993645724,46.8246715587298],[4.723917744250615,46.82455689238993],[4.723908975638708,46.82456213021645],[4.723855338451822,46.8245138874028],[4.724004935470604,46.8244431816035]],[[4.724343603226664,46.823296719601196],[4.724338364173935,46.82327226577636],[4.72437954074558,46.823256329235925],[4.724397727158102,46.82336028312083],[4.724008977908982,46.82354083626673],[4.723388439199916,46.82382909679171],[4.723095427737529,46.8239775647825],[4.723363922164169,46.82380698514918],[4.724270486649272,46.82338466967712],[4.724352644348188,46.82334664845998],[4.724343603226664,46.823296719601196]]],[[[4.721687054470812,46.8233661452577],[4.721616493903086,46.82320676851948],[4.721554743195788,46.82313719381352],[4.721482826251173,46.82307593967844],[4.7212129694283,46.822828602798936],[4.721126330894192,46.82277267515542],[4.7208704282572,46.82258951259403],[4.720653232825871,46.82240678810455],[4.720488386974809,46.82223145760122],[4.720400855377393,46.82214693071952],[4.720279258749938,46.822068019687265],[4.72022912301677,46.822036077763926],[4.7201710291048675,46.822034902264534],[4.71996856021845,46.821846840864126],[4.719887300228105,46.82186645527534],[4.719739394178566,46.821943254591524],[4.719316092720478,46.82220810931166],[4.71942148822334,46.82238637455699],[4.719460211406971,46.822480826963684],[4.719505309789994,46.82258846789568],[4.719488809424022,46.82263162815668],[4.719416144234599,46.82282789245115],[4.719441126057084,46.82300531539366],[4.719461242762307,46.823076540290984],[4.719459052297571,46.82314809866572],[4.719395753305364,46.82326451982077],[4.719367042819527,46.823344652073295],[4.719355204079772,46.82344087799332],[4.719380695703208,46.82358763689114],[4.719414863700697,46.823679095349476],[4.71959486803917,46.82400338502635],[4.719672794735163,46.8241606084055],[4.719701499718871,46.82422046536451],[4.719637574969035,46.82427046774784],[4.71960895257535,46.824306658472416],[4.719601771772692,46.824361945556035],[4.719671197496785,46.824438566288144],[4.719974632061905,46.82471197227688],[4.720096502609347,46.82484605028325],[4.720161555009136,46.82492580717397],[4.720370028322958,46.82520880070105],[4.720381057515889,46.82522805266299],[4.720509085090956,46.82546217580466],[4.720976361363606,46.82526921157521],[4.720985584350218,46.82527826870178],[4.721011725948058,46.82530444525265],[4.721056333065875,46.82534976243173],[4.721200157488147,46.82528426216421],[4.721242655781032,46.825263182601816],[4.7212675971757365,46.825251569884095],[4.721317466818403,46.82522834462856],[4.721364340190875,46.8252041465135],[4.721344476784081,46.825188088885966],[4.7213987535251976,46.82516275327872],[4.721476424638527,46.82512378367167],[4.721557716679833,46.825199208029574],[4.721603139992731,46.825176040189945],[4.721668922359982,46.825138275079226],[4.721698192744876,46.82512250874578],[4.721816782297249,46.82505942076023],[4.721996240282702,46.82494433937826],[4.722067683771409,46.82489728514495],[4.722072025978037,46.82489313141136],[4.721884877038882,46.8247661567447],[4.7218163241144975,46.82471711861791],[4.72185278358597,46.82469306717486],[4.722243215599624,46.824424615851484],[4.722275376026302,46.824452737358605],[4.722282714669604,46.82444956543254],[4.722345986138381,46.824426139033925],[4.72235772034401,46.82437384559474],[4.722352287820017,46.824343279520654],[4.722082217035963,46.82399581008585],[4.721861831654888,46.823712997831684],[4.721698291342742,46.82339151807691],[4.721687054470812,46.8233661452577]]],[[[4.720283762646349,46.825258119890236],[4.720158982044826,46.82507911866816],[4.720141836900031,46.8250548517503],[4.719934273046548,46.82480045626895],[4.719746128875169,46.8245948167171],[4.719588548693572,46.82446126321699],[4.7194078429043955,46.82425551192456],[4.7194534611380385,46.82423848410406],[4.719468170685734,46.82423314880429],[4.719591673679278,46.82418430018069],[4.71955116237328,46.824080679451335],[4.719258786591308,46.82349851665673],[4.719296812760066,46.82333649776263],[4.719387980235326,46.823113398316686],[4.719340488291796,46.822883176479614],[4.719349734244134,46.822846248767206],[4.719377258659456,46.82272832705669],[4.719408853025822,46.8225980873284],[4.719390959372282,46.822456321222866],[4.719258590625284,46.82227232606451],[4.719244572448274,46.82225311867342],[4.7191964742229,46.82219150711055],[4.718889216622001,46.822172593749805],[4.71880120516667,46.822166758262256],[4.718477997719536,46.822208377309224],[4.718430542782101,46.822214192731025],[4.718257944520599,46.822263773641],[4.71792304341193,46.82235870117737],[4.717436948952999,46.822521277960924],[4.717386840521762,46.822537354370276],[4.71728113588303,46.82258389057492],[4.717154851802397,46.82263891136349],[4.717112450953131,46.8226630500202],[4.716988787481814,46.82270679201867],[4.716865518416701,46.82280978741688],[4.716783220100533,46.82289071887179],[4.7165108398586915,46.82303272890736],[4.716406842064253,46.82308639856585],[4.716261153727543,46.823186665797905],[4.716189112220965,46.8232153350993],[4.716061084826756,46.82326220321391],[4.715947476119877,46.82329455456426],[4.715907495409097,46.82325427284444],[4.715863288119399,46.823268216174554],[4.715506269304181,46.823370617199416],[4.715223355528788,46.82346271691484],[4.715172119218424,46.823490048622055],[4.715052924267528,46.82353372184348],[4.71484916417857,46.82358682419649],[4.714752672625057,46.823595422526125],[4.7145936502763135,46.82365092848364],[4.714581400147441,46.82363987162766],[4.714572178225022,46.82363080498196],[4.714504283976911,46.823649189589126],[4.7143016497387356,46.82369104371352],[4.714086971868989,46.82372796155925],[4.713926882534637,46.82374976408228],[4.713410644629163,46.823807519702314],[4.713163093452903,46.82388784800231],[4.713294515208678,46.82394822085725],[4.713435740244553,46.82403604185076],[4.713532253625412,46.82421648884056],[4.713623016965226,46.82435615228126],[4.7136911273571505,46.824532933577615],[4.7136857797251,46.82478745016938],[4.7136674368464755,46.8248193974807],[4.7136321040273765,46.82487919222815],[4.713584908320612,46.82494018137011],[4.7134826514491985,46.82509600414513],[4.713480352412104,46.82511749063179],[4.713490310992728,46.82524404737338],[4.713482703989647,46.825286056499195],[4.713452678929125,46.82532533754626],[4.713425191717408,46.82535027028293],[4.713406461124859,46.82536996618408],[4.713048266953692,46.82581264050409],[4.712838864221005,46.826064062635986],[4.713285674108687,46.82639972538526],[4.713636514349209,46.8266663084566],[4.71401019675528,46.82694889596526],[4.714403887094357,46.82711060309885],[4.715321364164672,46.82740552383477],[4.7158526703164165,46.827587652780075],[4.7159687008116,46.82763190643676],[4.716083637745064,46.82768844243484],[4.716302968755479,46.82779756467581],[4.7162989300913445,46.82781090875265],[4.716664130894466,46.82787187823647],[4.716857633699102,46.82787103463449],[4.717371712229927,46.82779080843814],[4.717421941934216,46.8277788190352],[4.718528681386586,46.827515012334324],[4.719257763136969,46.82731405512866],[4.719540450239319,46.8272147984194],[4.7200301087916685,46.82706953274497],[4.720046165279905,46.82705907084905],[4.720045678962304,46.82704374992795],[4.719860683881277,46.826703180774714],[4.719864073330542,46.82666941167158],[4.719902016979678,46.826645338700615],[4.719929709553057,46.82662653439877],[4.719955971852757,46.826609795836134],[4.719977612743161,46.8265880109688],[4.719996406227523,46.826570357394175],[4.720105051556754,46.82647574590333],[4.720155782684116,46.82643207370765],[4.720296776819874,46.82627770982686],[4.720374732591563,46.8262009296002],[4.720459767615129,46.826112803951254],[4.7205627294139605,46.82602644543642],[4.720616585772251,46.825987832670506],[4.720718117162862,46.82590354876996],[4.720755443901184,46.82586007681143],[4.7207835149468425,46.825806521503765],[4.720779662043412,46.82577898477876],[4.720777142156278,46.8257463217128],[4.720675909288408,46.825652804881365],[4.7204179903460375,46.82550032783954],[4.720283762646349,46.825258119890236]]],[[[4.72291440480434,46.8249796365653],[4.722794963573315,46.824875154797596],[4.72267898525004,46.824832951578706],[4.722669969757626,46.82483001555667],[4.722375497854792,46.82507353474457],[4.722076367664726,46.825358001090834],[4.721725863301454,46.825524698664644],[4.721689221564311,46.825542619697295],[4.7215565591458155,46.825584456865165],[4.721601815847211,46.825650198722784],[4.7214943671277245,46.825688587383276],[4.721491195327859,46.82568250177051],[4.721459913132511,46.82563494997777],[4.721442734630257,46.825609657061776],[4.721324470466949,46.82563595026672],[4.721265494049121,46.825654205395864],[4.7212195314789795,46.82565999958972],[4.720996587495587,46.825718515243075],[4.72089494972202,46.825752736675305],[4.720870215804446,46.82577047928397],[4.720800702803978,46.825878807648564],[4.72076485835275,46.825922266452906],[4.720577384435679,46.82606607774031],[4.720477853518753,46.826166686465015],[4.720476371534108,46.8261667086317],[4.7203396103726565,46.82631385868284],[4.720457943905574,46.8264306166585],[4.720464125027555,46.82643767496335],[4.720529809201337,46.82653683911635],[4.720578334381887,46.82661172758102],[4.720653455701866,46.82672708737049],[4.72056647446471,46.82675393846976],[4.720661265118081,46.82687922583617],[4.720932408803752,46.82679137777624],[4.721980092543244,46.82645076208422],[4.722063998234379,46.826420893902274],[4.722105209906971,46.82640596638124],[4.722705768789383,46.8261905650759],[4.722882295587117,46.826123546257506],[4.723079440326857,46.82605008521839],[4.723089736699136,46.82604584225375],[4.723222191008902,46.82599787335441],[4.72337709751693,46.825906654315915],[4.723320632652045,46.82581655771163],[4.723081669808032,46.82551154708071],[4.723006415062434,46.825392102061485],[4.722941304549612,46.82512331163611],[4.72291440480434,46.8249796365653]]],[[[4.716128505949962,46.827882941583994],[4.715920343511593,46.82789115338778],[4.715921604868533,46.827930986018345],[4.715771173528451,46.827929141239466],[4.715543757564692,46.82789370839302],[4.71529165647639,46.82787805108156],[4.715241089687341,46.82787982279042],[4.714821362720126,46.827836016538846],[4.71463512149949,46.82783163308218],[4.71444413496683,46.82786513613231],[4.714151488962864,46.82793285451485],[4.71408634434351,46.82799104922277],[4.714101765574901,46.828149198443846],[4.714256356847974,46.82832980599375],[4.714504311246211,46.82863777118728],[4.71467012685081,46.82884375183638],[4.71470752944481,46.82884931836085],[4.714833563694195,46.82883313807816],[4.715140270556541,46.828786669618886],[4.715774431907845,46.828737360904675],[4.716113142831427,46.82866690686346],[4.716253019944697,46.828664819982144],[4.716569316740979,46.82863864816307],[4.7167161770991575,46.82862214601053],[4.7168560671891875,46.828620058200265],[4.716867937250988,46.828477847765676],[4.716860138253108,46.8283257091082],[4.716823480095093,46.828155610966355],[4.716835389321996,46.82796742441115],[4.7166290320851205,46.827985823329996],[4.716447095042008,46.82792927898182],[4.716128505949962,46.827882941583994]]],[[[4.727041203213249,46.82717803939204],[4.7266609125721155,46.827064193815175],[4.726490876243795,46.827334467597694],[4.72613427257825,46.82721617602944],[4.726108487097612,46.827248246092836],[4.72606329001865,46.827231551735174],[4.726043178845283,46.82725433250048],[4.726040169018733,46.82725335098009],[4.726011534919905,46.82724254115351],[4.726024372390217,46.82722497594263],[4.726062963241492,46.827174332491985],[4.726055429186114,46.82717137449846],[4.726065484756945,46.827159984114935],[4.726035206118208,46.827144092568105],[4.725878137966726,46.827073896983],[4.72562815511684,46.8269846605106],[4.725595127183729,46.82697596086183],[4.725189802268774,46.826870663487796],[4.725089873253598,46.82681800010541],[4.725397212628208,46.82655793513403],[4.7248463311534765,46.82632299900811],[4.724806634418059,46.8262919201579],[4.724370063326554,46.82609307485642],[4.724139464546291,46.82600457132028],[4.723981797360208,46.82596196757246],[4.723838690724567,46.82595594391806],[4.72380604031544,46.825959495276486],[4.723552378788339,46.82598781981865],[4.723415830109238,46.82600110530173],[4.723308271532468,46.826036435267724],[4.722547894652465,46.826328829914225],[4.722041036301269,46.82649480764292],[4.721482549203857,46.82667585729159],[4.72095376469694,46.82685441541627],[4.720501596825793,46.82700831945506],[4.719709442516907,46.827238839694544],[4.719619482845461,46.82726573458374],[4.719575195279621,46.827277636131626],[4.718549840352193,46.82757192023779],[4.7177480254430115,46.827780083084924],[4.717746543413133,46.82778010521643],[4.718120109260291,46.828480613030344],[4.71818425601205,46.82853176350313],[4.718350962589079,46.828624304426434],[4.7185520177737095,46.82872042066755],[4.7190567843282185,46.82886308913768],[4.7194468695493565,46.82895739643988],[4.7198344328756,46.829066050650205],[4.720177027781851,46.82916515424865],[4.720340830673119,46.82921276889424],[4.720465151561679,46.82923645953783],[4.720702766556485,46.82921757722408],[4.720828410511151,46.829189130047496],[4.721172183256573,46.82909100000402],[4.721359470119534,46.829081046788346],[4.721437151961177,46.82918308391793],[4.721576657250383,46.82935675699547],[4.721787621486626,46.82971736932759],[4.721822487480321,46.82992428234464],[4.721927060100168,46.83012299217201],[4.722105339062309,46.83029811957183],[4.722221454821795,46.83043842362615],[4.722307142036506,46.830557712879774],[4.722392621935937,46.830670881105],[4.72277889216703,46.83092565810465],[4.722912042461794,46.83108614095565],[4.722944315171382,46.83121133613308],[4.7229460248511295,46.83121847028531],[4.722995651145737,46.83123407286233],[4.723577168084089,46.83140111332496],[4.7236160884146,46.83140768993792],[4.723671442447606,46.83141605565386],[4.723790627908705,46.83141835846665],[4.724033718564915,46.83138405916665],[4.724293944984593,46.83132702354969],[4.724863944254027,46.83113250460622],[4.724842530472023,46.83111442644688],[4.724770696934817,46.83105624407673],[4.724756915158144,46.83104418455188],[4.72468019943701,46.830972782484196],[4.724666417988224,46.83096073194991],[4.7246882211819745,46.830944050183334],[4.724706429997972,46.83095502566521],[4.72485791521716,46.83080254343283],[4.72494812487853,46.8307368159414],[4.725052895687891,46.83066064821567],[4.725101527751575,46.830691592997184],[4.72528094259201,46.83080845684167],[4.725323490401524,46.83083541306815],[4.725364510349717,46.83086136551196],[4.725375119388999,46.83086733046576],[4.725719724069381,46.83065473526865],[4.725910580881347,46.83052312221721],[4.726039642054863,46.83041491503261],[4.726189626802882,46.83026245345969],[4.726370592226803,46.83010134928605],[4.726605556182263,46.82990572486553],[4.726763658155995,46.82977460193658],[4.727174970118128,46.8292728357463],[4.727285834250011,46.829107676132544],[4.727281587275132,46.82906788834522],[4.727276070577687,46.82898826806344],[4.727263380300068,46.82896393527279],[4.727183864661678,46.82880470530648],[4.727169348763623,46.828676164442776],[4.72718722934717,46.82862992032111],[4.727207826291649,46.82857544895195],[4.727594431181848,46.82809346883337],[4.727606649868129,46.82805650479719],[4.727596038182078,46.82800352874075],[4.7275619672646325,46.82796214450363],[4.727025003781452,46.827697370752595],[4.727082090962076,46.82719990447796],[4.727068114559676,46.82718172406245],[4.727041203213249,46.82717803939204]],[[4.724906583419101,46.82788856326438],[4.724845993359993,46.82785575336484],[4.725005032198811,46.827941249015815],[4.724906583419101,46.82788856326438]]],[[[4.722081237652545,46.83038329875437],[4.721974736000226,46.830264311912075],[4.721840549821684,46.830118154029535],[4.721766126597585,46.82993125001561],[4.721735741855916,46.82981828340625],[4.721707163957873,46.82971551153889],[4.721665876288885,46.82963438214899],[4.721576838261661,46.82950287642548],[4.721501840680692,46.829391595098535],[4.721434669484573,46.82929246275753],[4.721359118120558,46.829210819324565],[4.721248483040391,46.82914912673119],[4.721177985835549,46.82913280903236],[4.721021412149629,46.829171941144196],[4.720844529462156,46.82922772272306],[4.720525231388677,46.82929993571929],[4.720184603437481,46.82921613191008],[4.719454574172011,46.829012460929945],[4.7188583844280725,46.82885072573841],[4.718520220659117,46.828750525389076],[4.718393726581054,46.828705412888155],[4.718184781973761,46.828595112721],[4.7180731615076335,46.828549777709746],[4.718053136022402,46.828528615554525],[4.717999279173214,46.82842622040151],[4.7179722308224745,46.828371444729434],[4.717918393130149,46.82827005792255],[4.717866277955113,46.82817581412713],[4.717855151742762,46.82815349235317],[4.717677279444093,46.82780260078407],[4.716931176418789,46.82793635604702],[4.716890318104041,46.827962515857344],[4.716893618934513,46.828254710594784],[4.716897243292313,46.82827509106325],[4.716919759917378,46.82837489245511],[4.716935383763935,46.828539171451524],[4.716943021029113,46.82859219272546],[4.716962398919556,46.8285929301705],[4.716964819376652,46.828622523708376],[4.716940005001011,46.82863822226365],[4.716762440232079,46.82867254647563],[4.71663618078806,46.82868159050751],[4.716078618982502,46.828752240185516],[4.7159513295745485,46.828775591308364],[4.715930586160815,46.82877897178047],[4.715664707389663,46.82879826579757],[4.715666577353414,46.828810495037736],[4.715651702313304,46.82890473025512],[4.715894553028259,46.82891030305186],[4.715893963465096,46.828938923826044],[4.715897068271643,46.829036970580695],[4.7158987500940555,46.82909008073865],[4.715896258008287,46.829105446079794],[4.7159378616747,46.829102781123744],[4.7159328790237325,46.829039498424436],[4.716024985770185,46.82903301803365],[4.716039702999237,46.829074694274176],[4.716057753282463,46.829127560245254],[4.71606736438696,46.829148878100845],[4.716081984465778,46.82918748474781],[4.7161006890006565,46.82921377332837],[4.716119736233355,46.829251296248785],[4.716109419606837,46.82925452119583],[4.715983869947586,46.82928602380342],[4.715930680649588,46.82929908337732],[4.715802218225482,46.829332673588766],[4.7158166118410465,46.82936413290092],[4.71583576924633,46.829404725258094],[4.715873939439921,46.82957581874438],[4.715949730245439,46.82957162615903],[4.716096606436288,46.82955512460591],[4.716163154900505,46.829540847980105],[4.716154715579584,46.82950929987768],[4.71614642480339,46.829482855945315],[4.716139020687483,46.8294839930869],[4.716122775578474,46.82944131297383],[4.716174599215012,46.82943236239947],[4.716145229379979,46.82935106235089],[4.716133909770456,46.829322619247634],[4.716119289333102,46.829284003606965],[4.716305108834978,46.82922809602959],[4.716337197491533,46.8293011870577],[4.716376833183228,46.82937723650575],[4.7166190327655775,46.82931538078077],[4.716642617025164,46.8294488846348],[4.716662907544577,46.82952522267849],[4.716738439259725,46.82951285601297],[4.716774392636856,46.8296134745481],[4.7167284456252645,46.82962029333308],[4.7166884337611386,46.82962599684531],[4.716685294781979,46.8296209373024],[4.716415586664385,46.8296607246941],[4.716438232435378,46.82976461292318],[4.7164551571196975,46.82982873508138],[4.716551368630871,46.829810953585564],[4.71653615188838,46.82984797005474],[4.716307211645214,46.82990553901758],[4.716222416885072,46.82995483298589],[4.716068845209006,46.8300889354808],[4.715979466825734,46.83018121109181],[4.7162798788386695,46.83049962950113],[4.716419118817389,46.83061812394096],[4.716526068749829,46.83070440837171],[4.716607174930054,46.83072670367828],[4.716714973202465,46.8307925317237],[4.716805451424711,46.830828988512984],[4.716906713004259,46.83087652374365],[4.717079573576917,46.83097510774389],[4.717206816445757,46.83104371613466],[4.717536312756605,46.8311992204582],[4.717637187300822,46.83123450371073],[4.717963779111193,46.831345092386925],[4.718309038659703,46.83143394908236],[4.718731328347449,46.83151040543151],[4.719039420967674,46.83150681955757],[4.7192135949176475,46.83145925883566],[4.719413694223641,46.83147772942719],[4.719798390063882,46.83149547544655],[4.719917932132466,46.83150901640022],[4.720003889328399,46.831543493954314],[4.720135240107948,46.83160079828974],[4.720287919294842,46.83167311170531],[4.720394588946828,46.83170319051833],[4.720500577862478,46.83171182717376],[4.720609141755525,46.83170815907463],[4.7207216594206445,46.83168808587981],[4.72113875630423,46.831507112146355],[4.721375886345405,46.831378894232266],[4.72142868714617,46.83135358083141],[4.721493189485864,46.831321959220666],[4.721593212522717,46.831283681917576],[4.721681858224344,46.831261920663096],[4.722100678112874,46.83122908398759],[4.722203136812891,46.83122039036419],[4.72228779655792,46.8312140164966],[4.722586078619041,46.831182982644656],[4.7227908986307225,46.83116254286575],[4.722716988862063,46.83103898887098],[4.7226535700321355,46.83096432432781],[4.722318386440694,46.83077110346893],[4.722213648910057,46.83056729006681],[4.722081237652545,46.83038329875437]]],[[[4.716050732758614,46.82984600841386],[4.716050506401832,46.82983886104865],[4.716016241915651,46.82983835452321],[4.716015788926229,46.82982405079088],[4.716009847464486,46.82982413942315],[4.715921746068089,46.8298162585499],[4.715828738242922,46.82984115147739],[4.715830711057187,46.82990345238074],[4.7158188399452206,46.829951658295386],[4.7158091696486135,46.829975299115134],[4.715792639452795,46.829970439288864],[4.715708492742334,46.82994614441924],[4.715600282363449,46.82991403996073],[4.715602217333457,46.8299283215905],[4.715613083906318,46.82994246100794],[4.7156284229873275,46.82995653372056],[4.715663399240527,46.82997951765651],[4.715852771806981,46.830082963564124],[4.715890660832908,46.83010385963005],[4.715939448798038,46.83013991226352],[4.716026497014572,46.83006811499892],[4.716174146078836,46.82993510958871],[4.716273471765465,46.829874368409804],[4.716329593500469,46.829860247258786],[4.716168594294277,46.82985345420956],[4.716168270701567,46.82984323725839],[4.716089262765393,46.82984032723388],[4.716083631762847,46.829850633017045],[4.716061373358801,46.82985300942581],[4.716050732758614,46.82984600841386]]],[[[4.725156999264504,46.83121802593153],[4.725173043162594,46.831207572530204],[4.7250852107533206,46.83116086075406],[4.725035765684815,46.83115138042658],[4.724912901882414,46.83117366638657],[4.72485515569251,46.831183727369904],[4.724501729143576,46.83130653629426],[4.7243912938979875,46.831344972235456],[4.724249524838425,46.83138184237418],[4.724172757079257,46.83140240991484],[4.723816870580216,46.83149459717197],[4.723808263500653,46.831504947944396],[4.723846188949976,46.831526858573916],[4.724092055028003,46.83167338482543],[4.724188851938935,46.83172098066854],[4.724283386848227,46.83174408703172],[4.724477683276288,46.83167372871536],[4.72469401072752,46.83159385365297],[4.724832366882408,46.83154375030973],[4.725181139552953,46.831414877103306],[4.725150631232762,46.83139183799772],[4.725153465365651,46.831387706775324],[4.725136640994463,46.83137364856315],[4.725104617919947,46.83134960547875],[4.725031301666698,46.83129144550128],[4.725156999264504,46.83121802593153]]],[[[4.719852396483728,46.831601965252446],[4.7197820585077634,46.831590750676234],[4.719719462562594,46.83158862442817],[4.719615150697149,46.83158609505935],[4.7191237936802155,46.83158526159387],[4.719037573190121,46.83158962109081],[4.718789338468375,46.8316025253927],[4.718723635530455,46.83159635631299],[4.7185276846065305,46.831567600765716],[4.718238522440776,46.831510616524284],[4.7179085572447566,46.83143481502464],[4.717629945930155,46.83133474924392],[4.717180959481705,46.83116774510452],[4.717065917036048,46.83110814967312],[4.7165441587549495,46.83080530251013],[4.716410638963971,46.83072656528267],[4.71622070717938,46.8305587539251],[4.715887875789335,46.83020403856577],[4.715794804318722,46.8301328747177],[4.715342540711062,46.829908688528384],[4.7152737255330575,46.82994547736884],[4.715192267699815,46.83005296241121],[4.71517460794604,46.83015336309812],[4.7152141698721906,46.830274371812294],[4.715362395931609,46.83044178902176],[4.715738896598782,46.830718196059806],[4.715816888172148,46.8307834518175],[4.715864744748904,46.83083689989759],[4.715935360979942,46.831092318555584],[4.715945556937377,46.831367037635296],[4.716085178162022,46.83163880836528],[4.716307143866957,46.832018682860884],[4.716410121199487,46.832214359120194],[4.716584989739139,46.83265829275904],[4.716733193641998,46.832918686184556],[4.716854945414374,46.83304868955342],[4.717166012881974,46.83332709529243],[4.717253764614986,46.83341774534631],[4.717321224582301,46.83352607076068],[4.717515608109589,46.83402182920826],[4.717530877999001,46.834080860489905],[4.717534341190997,46.83409613693925],[4.718382180013345,46.833599134922494],[4.718682661017556,46.833449542018585],[4.719140445298527,46.833236294047424],[4.719636016442219,46.83294686519575],[4.719941468612476,46.83281354040586],[4.720825491417824,46.83256632675865],[4.720837780341599,46.8325313978706],[4.720603731831108,46.83191260366147],[4.7204443833383944,46.83181791147474],[4.720347784178412,46.831776442643125],[4.7200386469074775,46.83165333351346],[4.719852396483728,46.831601965252446]]],[[[4.722795498451997,46.831260576180206],[4.722612059915413,46.83125105708797],[4.721919609291505,46.831294124880245],[4.72168803759722,46.83131598115376],[4.721682095981198,46.83131607007892],[4.721646464835023,46.83131966537988],[4.721498568367814,46.83139750195828],[4.721483551672565,46.831393637964055],[4.721397244562281,46.83144193171194],[4.721397861136746,46.83146133938197],[4.721254390550669,46.831538073715876],[4.721217958806909,46.83156315111896],[4.7211829893944985,46.831587170942576],[4.720835928355894,46.83172315700765],[4.720830038474134,46.831725289471585],[4.720774175558341,46.83174758635713],[4.720733899976283,46.83179212898299],[4.720753480033842,46.831892991258094],[4.720827137676335,46.832243401801534],[4.720936191001545,46.83253605879539],[4.721057706865443,46.83284590176419],[4.721508883092719,46.83265930161155],[4.722233266575414,46.833386220097275],[4.7222405740981825,46.83338203098996],[4.7222830591200005,46.83335993370134],[4.722273736968593,46.83334780712039],[4.722212058027757,46.833281293730344],[4.722119689183043,46.83318560105488],[4.721983980880144,46.833038448451255],[4.721917615590281,46.83296484530302],[4.722340283756706,46.8327715268322],[4.722535516519606,46.83268378535133],[4.7225201230280724,46.83266766998854],[4.722742530284276,46.832544785172516],[4.72276861126545,46.83256891788781],[4.722993962633601,46.832444970802],[4.7232682254724,46.83231414849161],[4.723292142457515,46.83231686125377],[4.723414662707178,46.83242435846291],[4.723477531960398,46.8324816582883],[4.723601723990737,46.83259424565746],[4.723945273793114,46.8323949557773],[4.723792490669947,46.8322725754036],[4.723421178277839,46.83197363739374],[4.723669909044145,46.83183604580928],[4.723888439545067,46.832012611774346],[4.724036185259982,46.83192967698123],[4.724075710550892,46.83190865003326],[4.724097644347787,46.83189605515217],[4.723696624775435,46.831552605356194],[4.723627749447756,46.8314933422749],[4.723600173357081,46.831469232150745],[4.723037201941382,46.83132337528213],[4.7228600438996455,46.83127697305923],[4.722795498451997,46.831260576180206]]],[[[4.7231939911498815,46.832648382823386],[4.722997686891515,46.83246841163172],[4.722829401725148,46.83256085675018],[4.723151509296104,46.8328574716399],[4.723315159773693,46.832759989099785],[4.7231939911498815,46.832648382823386]]],[[[4.7199753878555555,46.832849822683976],[4.719950410397347,46.832860417905366],[4.719907794803911,46.832878418561044],[4.71971986446059,46.832961957629024],[4.7196334884277995,46.83300820664684],[4.719423111780684,46.833134994202574],[4.719211012065426,46.833254656363266],[4.718970566784445,46.83337268830558],[4.718534781549155,46.833575394166665],[4.718451381022594,46.83362159781013],[4.718026014040114,46.83387114819067],[4.717960334998276,46.83391299809905],[4.717575043368496,46.834158886231904],[4.717547670007379,46.83418790686399],[4.717523468185046,46.83422300419584],[4.717527320034194,46.83425054096706],[4.717542759144422,46.834361687237816],[4.717548159015812,46.834485249510614],[4.717535098554344,46.83463667265282],[4.7180387633139125,46.8349776018929],[4.71832902467616,46.83478729364164],[4.718498269008881,46.83467746854216],[4.718664697296909,46.83457280063944],[4.718864449903884,46.834721044504974],[4.718972745233502,46.83480220025945],[4.719034145888244,46.834766537775494],[4.71951972502521,46.83449054287332],[4.719952605236313,46.834242919010826],[4.719819302975413,46.834124330937364],[4.719957021719191,46.83405380863448],[4.72000797383958,46.834017284138966],[4.720457629760678,46.83373568907069],[4.720701567014171,46.83396195420704],[4.7208419698001345,46.833882195572905],[4.720663423559104,46.83369889284306],[4.720605028669812,46.83364152460179],[4.720681282095164,46.833604621370895],[4.720741042540615,46.83365788043672],[4.720861361366541,46.83360192776178],[4.721014368359805,46.83373145032977],[4.7211508620044205,46.833669122305594],[4.721286087093597,46.833613963839404],[4.721211963190396,46.83348325241406],[4.72086538516299,46.83260353708814],[4.7208356239042315,46.83260398228312],[4.72044745844709,46.83271196990385],[4.7199753878555555,46.832849822683976]]],[[[4.7215497719965525,46.83394620227362],[4.721526830575349,46.83392712869605],[4.7214858075093575,46.833948177132804],[4.721860673920655,46.83421846509774],[4.721987292228488,46.83431364532331],[4.722028009864824,46.83428339717519],[4.722483322108512,46.83394551211487],[4.7228503470732885,46.83373462580812],[4.723216133834766,46.83353193425389],[4.7233124023419855,46.833469179468295],[4.722698850831438,46.833372098292905],[4.722646245186928,46.83335654018253],[4.7226163744751855,46.8333069142218],[4.721577097368801,46.83391615469053],[4.7215497719965525,46.83394620227362]]],[[[4.720180255034867,46.83390946441273],[4.720490537085025,46.83411532105504],[4.7207138856200315,46.83397505376587],[4.720457629760678,46.83373568907069],[4.720180255034867,46.83390946441273]]],[[[4.71747347255358,46.834853204460785],[4.7174481959252725,46.83490160160698],[4.717381558047237,46.83500682241218],[4.717293268273708,46.83518082970336],[4.717569544824434,46.835441363555375],[4.717710671265153,46.835572094461945],[4.717827310489513,46.83568172963145],[4.717859468254342,46.83566285928049],[4.717879890518234,46.83564927053829],[4.717957339443452,46.83560315626308],[4.7178255335607,46.835484543593545],[4.7181558596608495,46.8352895489028],[4.718227417470281,46.83524556676598],[4.718272818368872,46.83522138311199],[4.718397635288491,46.83516638361866],[4.718497278732043,46.83511584873058],[4.718524854407962,46.83513996005389],[4.718582022931731,46.83511152078662],[4.718277203973104,46.834843247193234],[4.718039540571169,46.83500211352728],[4.717551087227412,46.834671178959276],[4.717504949956227,46.83481288314461],[4.7174840422504705,46.834811150923585],[4.71747347255358,46.834853204460785]]],[[[4.719751583180322,46.83569692092436],[4.720285745146563,46.835496828467825],[4.720552070557631,46.83539679708639],[4.72067886749145,46.83535709364187],[4.720844284921631,46.83526776585573],[4.720408542366921,46.83486248490614],[4.719953476595125,46.83511452178803],[4.719470599437506,46.83538230962707],[4.7196249698165404,46.83555473606822],[4.719634226898785,46.835564819471394],[4.719751583180322,46.83569692092436]]],[[[4.725568963457179,46.83555157119499],[4.725397169095535,46.83497272160743],[4.7252262581504825,46.834515466279036],[4.724773860827817,46.83349427970624],[4.724636935748223,46.83340232803745],[4.724697941109405,46.83335441121822],[4.7246960555475805,46.833342173334906],[4.724664427256281,46.83319039231719],[4.7246122496838705,46.83300112123041],[4.724517042800078,46.833050568397574],[4.724523160454324,46.833102594327706],[4.7244865145183885,46.833120516214635],[4.7244653277926885,46.83315659657611],[4.724284762402285,46.83319097718514],[4.724257113759203,46.83321080849809],[4.724171378348728,46.83323048371635],[4.723998490467856,46.83327190855853],[4.723672665411685,46.833326855189505],[4.723613402159065,46.83333592056035],[4.723299574568176,46.83353374638295],[4.722774450629467,46.83382976681699],[4.722518498446192,46.83397461509341],[4.722074836798654,46.83430415747166],[4.721612276469403,46.83464828233527],[4.721353395496139,46.835076220438374],[4.721112622528197,46.83518404887856],[4.7210876439304705,46.835194635338425],[4.721046619734329,46.83521568361134],[4.721015991291153,46.83523555867866],[4.720958629482949,46.83525787800233],[4.720706496039968,46.83538324802158],[4.72066965261471,46.835395038527906],[4.720545995261464,46.83543980139154],[4.720389986569779,46.83549731403739],[4.720343039261611,46.83551947730512],[4.719780933691424,46.83573020051704],[4.719504570808382,46.835936659487935],[4.719474029502225,46.83591258371039],[4.719448694004856,46.8359119446973],[4.719281563244852,46.835994145265765],[4.718835588825179,46.83620517250228],[4.718728920943812,46.83608107888093],[4.718701215340787,46.83605288984364],[4.718349764407744,46.83623899745062],[4.718213552825912,46.83631052184398],[4.7182404757745635,46.83636121057061],[4.718193559097386,46.836384390147984],[4.71845178828915,46.83673306264863],[4.718514049880956,46.83681796845755],[4.718568472015225,46.83689072521918],[4.718613604895802,46.836952381281336],[4.718624454513516,46.83696550299987],[4.718636935207637,46.83698370673176],[4.718652471814991,46.837003918170694],[4.718107614394183,46.837195984963465],[4.7178322129538115,46.83729205725081],[4.717774815120526,46.83731334878133],[4.717809694167465,46.83738027362522],[4.717875146715546,46.83747228284728],[4.718193025428373,46.83787013832381],[4.718251905706692,46.837848815448275],[4.718253465936221,46.837850836499015],[4.718572971372634,46.837736731953235],[4.718802692343359,46.83765564184303],[4.718859704736201,46.83771610265959],[4.718633090675592,46.83780122616785],[4.718789090361008,46.83797771804677],[4.719018835962431,46.837850642721016],[4.719309344972134,46.83771449047441],[4.7193102848166975,46.83774410604133],[4.719314105258038,46.837770616533476],[4.719318870068743,46.83777974041389],[4.719134992811562,46.83785095145998],[4.718954222468877,46.83792620448931],[4.718704900911504,46.838046421386],[4.718786670127833,46.8381831441031],[4.718832193307331,46.838257060362444],[4.7188824488392145,46.83833907430654],[4.718905909567439,46.838374486458555],[4.719219983883907,46.838370820327896],[4.719383634176972,46.83831931930845],[4.719436766930904,46.838304223788114],[4.719450776210724,46.83832343126853],[4.719497309301432,46.83838199503423],[4.719534488080974,46.83842742380478],[4.719729640257639,46.83866464185423],[4.719736406167294,46.838690081623106],[4.719529661586658,46.83874426255531],[4.71948536461923,46.838756164031594],[4.719368553142731,46.838782432978405],[4.719504496206489,46.83907776007152],[4.719588857370806,46.83906117109121],[4.7195954612597,46.83908150690852],[4.719684269415233,46.83906485139246],[4.719927299811201,46.83902750026607],[4.719976460671002,46.839168798332935],[4.720163120665956,46.83913841345878],[4.720032416368946,46.83882053890253],[4.720262431583448,46.83874863662534],[4.720320189152614,46.83887959326752],[4.720401363192111,46.839137922263845],[4.720494644445328,46.83912119923333],[4.720957563086178,46.83906829139484],[4.72095092637572,46.839046938465266],[4.720999780610725,46.83903803028239],[4.721059063655156,46.83902896607557],[4.721134964514093,46.839027830657926],[4.721285329608664,46.83902660784519],[4.721331303224074,46.83902080464434],[4.7214262742253075,46.83901018863092],[4.721695384318893,46.83904396890333],[4.7217792037566895,46.83891702732784],[4.7218165386083975,46.83887355517826],[4.721916575070653,46.838835268670856],[4.722121640707698,46.83877498449522],[4.722197034654153,46.838757501125095],[4.722403938885573,46.83870841935439],[4.722580474495547,46.838640384036324],[4.723126293260979,46.838431935888345],[4.7234687883325535,46.83829192340792],[4.723713932812489,46.838180953734344],[4.723749210897473,46.838166123703225],[4.724232936632124,46.83801888641856],[4.724271243830587,46.83800604617618],[4.724655961029932,46.8378827697883],[4.725462831812726,46.83759580016712],[4.725583186904775,46.83754085980401],[4.725614088429008,46.83752915685935],[4.725831822091241,46.83744618797996],[4.726177671975278,46.837318374013414],[4.726182307978489,46.8373234198515],[4.726639348545132,46.837133650080695],[4.726689550275112,46.83707362828424],[4.726305106672588,46.83655111569764],[4.725729421627223,46.83582096489759],[4.725720586568539,46.83582416846642],[4.725683371990217,46.83577772447257],[4.725568963457179,46.83555157119499]]],[[[4.7176012052325085,46.837473301885765],[4.717477087447762,46.837503766731324],[4.71738548466497,46.83752659535218],[4.716980595794252,46.83762460738461],[4.716899900011621,46.83752158572287],[4.716427900946606,46.83771051271778],[4.716226614785273,46.83765526502078],[4.715460695701608,46.83796710840648],[4.71537212825792,46.837944923426775],[4.715287780658428,46.83796150912513],[4.714773122283851,46.838073406869114],[4.71461219193889,46.83816368538873],[4.714498717066803,46.83824814111977],[4.714407693641148,46.838430363963525],[4.714398631199818,46.83856742542321],[4.714415639954065,46.838634608502375],[4.714508590910942,46.83879569966597],[4.714339019711602,46.838801288513004],[4.714266406934679,46.8397536954238],[4.714325262888358,46.83977835933326],[4.71426731141645,46.83992329988547],[4.7147998997794,46.84000119895998],[4.715240334564748,46.839990545089556],[4.715423323875516,46.839937743874074],[4.71545139989964,46.83993120122397],[4.715553423454783,46.839908218849224],[4.715646351763062,46.83988026563577],[4.715729155164561,46.83986165840378],[4.715933396140652,46.83982183222649],[4.716066407988416,46.839790209822375],[4.716174386687215,46.83976713806559],[4.716164678088634,46.839648755593444],[4.71611345481972,46.839536098720174],[4.716065481317378,46.83943156174806],[4.716019591966263,46.83934641049662],[4.715991438757549,46.83935091909868],[4.715797240498833,46.83937833854853],[4.715734862068536,46.83938335748432],[4.715712989892571,46.839303981009465],[4.71581364612529,46.83928510747143],[4.715775661367676,46.83921414869623],[4.715824484388349,46.8392042255192],[4.715948930604403,46.83918397939626],[4.715945079206691,46.83915644260918],[4.715911335313509,46.83903125884528],[4.71590353029003,46.838926131723454],[4.715920298876754,46.83879713257414],[4.715968150955322,46.8387565675553],[4.716285788670385,46.838677233350644],[4.716807149710449,46.838588734417975],[4.7170312384281505,46.838564946823546],[4.717208162578884,46.838556182222774],[4.717757919304633,46.83847133481211],[4.718338837128675,46.83838295732205],[4.718403063433066,46.83829514460466],[4.718311778497508,46.83814016457972],[4.718086279772478,46.83783800513364],[4.718058424582142,46.83780470279645],[4.717762265660222,46.83743411692763],[4.7176012052325085,46.837473301885765]]],[[[4.722135564532759,46.83883812404092],[4.7223241221367465,46.83928899501359],[4.722729165583951,46.839336066071944],[4.722873543251921,46.83933390416764],[4.723078283505509,46.839310403547884],[4.723637200253054,46.839185539449126],[4.723186061433622,46.8384851936143],[4.723036229614688,46.83854976793547],[4.722793507669419,46.838643327321876],[4.722478141042239,46.838747159876114],[4.722135564532759,46.83883812404092]]],[[[4.718722998530853,46.83894535988772],[4.718688473739624,46.83888966945932],[4.718643460788333,46.83878509825807],[4.718630642448895,46.83875667781224],[4.718579576803458,46.838649125968466],[4.718573167522122,46.83863491124082],[4.718526575597413,46.838527301553405],[4.7184713092720205,46.8384279808101],[4.717829722888616,46.83852850425188],[4.717764529974513,46.83853868171199],[4.717570387188029,46.83856814774068],[4.717475461570601,46.83857977756867],[4.7173093741803305,46.838601673614505],[4.717207094757277,46.83861648401513],[4.717113683829032,46.838629117613245],[4.717127181234782,46.83867898926866],[4.717079743966616,46.83868582129891],[4.7170982192910555,46.83875196446918],[4.717073012020672,46.83875541170306],[4.717077970831083,46.83877066582815],[4.7171017151844685,46.838768267105365],[4.717108706406996,46.838800854373794],[4.7171174067907575,46.83884057586555],[4.717122527677317,46.83886094295099],[4.7170690702016245,46.838865829478465],[4.717066972760532,46.838846443947034],[4.717007624487115,46.838853462712855],[4.716987019306519,46.838766907803276],[4.71698539433785,46.83876284335101],[4.7169529366229215,46.83863151660448],[4.71672489209153,46.838671708870955],[4.716416796891399,46.83872330770207],[4.716282065708795,46.83874779647951],[4.716098802959127,46.83879139914729],[4.716067963385585,46.83880514291784],[4.716041791203317,46.83882495011644],[4.716020111338843,46.838845707977654],[4.716007365099775,46.83886634159557],[4.715997952186079,46.83889815591522],[4.715987146747046,46.83898006408403],[4.71599768450966,46.839030997667756],[4.716052925950669,46.83922329731762],[4.716135044965749,46.8394652691113],[4.7162079410927165,46.839604170243405],[4.716236669821106,46.83966505420561],[4.716249843010712,46.839704709026215],[4.716256866351162,46.83973832253126],[4.7162692883972746,46.839801494079644],[4.716404636801369,46.839796403975264],[4.716540147183734,46.83979642667381],[4.716641160015776,46.83978878652845],[4.716718169286852,46.83977538040638],[4.7168586642253745,46.83974467210082],[4.717039126640507,46.83970621643872],[4.717484568069225,46.83961883856734],[4.717883361089084,46.83956282074169],[4.7178866303459595,46.83957196700601],[4.718051043722071,46.83954396211673],[4.7180494511935445,46.839540923873095],[4.718073241217855,46.83953954194551],[4.718054654257496,46.839470338566976],[4.7181051344238725,46.839465496050465],[4.71810737498484,46.839488968131405],[4.718125196230663,46.83948767532486],[4.718134124427435,46.83953455307634],[4.718377676220199,46.83951354329606],[4.7184458482962235,46.83950333001618],[4.718708198204147,46.839464666273464],[4.718835232772398,46.83943211224598],[4.7189328780679345,46.83941226327611],[4.718929516102981,46.83935304530781],[4.718912423575114,46.83928381972165],[4.718868743101855,46.839174113317696],[4.718842944082656,46.83911216852247],[4.718734799181692,46.83894211257064],[4.718722998530853,46.83894535988772]],[[4.717345652289251,46.83875951081191],[4.717335294513782,46.8387147076977],[4.717436240440204,46.838705023467476],[4.717448094030655,46.83874981325105],[4.717461740458616,46.838804789021935],[4.717465106623129,46.83881699587607],[4.717483906357412,46.83889335590453],[4.717384442137548,46.83890300904759],[4.7173828953134915,46.838900996791516],[4.717357816283874,46.838814508721256],[4.717320697873357,46.83881813380336],[4.717312353449406,46.83878964644139],[4.717350954172034,46.83878599923561],[4.717345652289251,46.83875951081191]],[[4.717205419254442,46.838798393259104],[4.717206998595841,46.83880143171083],[4.7172411395070055,46.83879786011274],[4.717250196080109,46.83884881570919],[4.71718044526052,46.83885598983054],[4.717175292111694,46.838834605556144],[4.7171411645763355,46.83883818594055],[4.7171374096033345,46.83881370976702],[4.717156726385372,46.83881240379256],[4.7171564350787465,46.8388032130622],[4.717205419254442,46.838798393259104]]],[[[4.719105554197212,46.83978571800055],[4.719097111281803,46.83975416120007],[4.71908409823992,46.839719619664606],[4.719056524441468,46.839648497350076],[4.718983547804134,46.83946055268094],[4.7188755191985114,46.83948158349627],[4.718740819512468,46.83950709233833],[4.718644624057534,46.83952590181082],[4.718536582071921,46.83954693250356],[4.7182799280505945,46.83957733337468],[4.717907922937142,46.839632961609155],[4.717731416370634,46.839655004777875],[4.717712164375944,46.839658363234115],[4.717654310484585,46.839665351003376],[4.717506119349154,46.839688006780214],[4.71733890233479,46.83972115910158],[4.717179122855034,46.83975419116606],[4.717159870790869,46.83975754952983],[4.7170430043830045,46.83978177252875],[4.71695414859969,46.839797400005864],[4.716914161766003,46.83980412977383],[4.71684455830114,46.83981640784534],[4.716724552050786,46.83983557099585],[4.716605801604313,46.839847564559676],[4.716303746262252,46.83985513283367],[4.716303137689173,46.83988273613775],[4.716378877127416,46.8399705040017],[4.716327722752547,46.84000089667737],[4.716354256574114,46.84013333858974],[4.716404379932713,46.8403052799032],[4.716420984166283,46.840359184961486],[4.716441434063089,46.8403936248295],[4.716554779779362,46.84049309765059],[4.716776423004089,46.84062671710222],[4.716876576513371,46.84068550846223],[4.716964352523636,46.840730182999856],[4.717033963756362,46.84076490680297],[4.717077738318287,46.84078366134705],[4.717510619558688,46.84091003805327],[4.717787401751051,46.84095087275615],[4.7179398449568195,46.84101501557118],[4.718051407454572,46.84110530950669],[4.718179812445731,46.84106865612192],[4.718884771942735,46.8409467409846],[4.71890399204785,46.84094236514292],[4.7191319473970195,46.84089910801004],[4.719155511463175,46.84089058752321],[4.719171623942501,46.84088216936703],[4.719194202474924,46.84084300733344],[4.719196207964329,46.84081232110238],[4.719192022079155,46.84072756558017],[4.719211112674818,46.84071911192363],[4.719221217597603,46.84070873917462],[4.719230564086291,46.84067488122456],[4.71928281099222,46.840491189585634],[4.7192439695803,46.84034667505767],[4.719203321779712,46.8401919657472],[4.719196523367442,46.840165499765156],[4.719151957908792,46.83998121037381],[4.7191435800643555,46.83995170596305],[4.719105554197212,46.83978571800055]]],[[[4.717382512327498,46.84090888828168],[4.7169739400884145,46.84079747646342],[4.716958662065005,46.84078543835366],[4.716915916609881,46.84075235795728],[4.7168111083982875,46.840687503034964],[4.716508855743729,46.84050093351891],[4.716354740141598,46.84033667666696],[4.716289606182099,46.84001985542012],[4.716264762256515,46.839893521334545],[4.716257544689467,46.83985377767752],[4.716201011361234,46.83985564764445],[4.716202765482264,46.83986378987419],[4.715876116818775,46.839894211715766],[4.715471466058264,46.84000038291214],[4.714918542486028,46.84012716193465],[4.715360702639262,46.84049966684797],[4.715148341703312,46.84051816084387],[4.715002801344426,46.84053054307402],[4.714979043007449,46.840532941558095],[4.714895041449144,46.84088979327359],[4.714632354013061,46.840871229440744],[4.714578648760894,46.840867941073185],[4.714341428610211,46.84085410343066],[4.714296842099389,46.84104482913337],[4.7143777468775,46.84139001914268],[4.714407545400669,46.84153160781256],[4.714422684971705,46.841586561618165],[4.714464266160161,46.84172388600523],[4.714497010852247,46.84186441307384],[4.714502537849112,46.84189804895114],[4.714626806988142,46.84271877251788],[4.714826583285741,46.84291402498026],[4.715256598702568,46.842714492044884],[4.7153094675745715,46.8425972120731],[4.715336983757436,46.84252527669088],[4.715442400198534,46.84242152368373],[4.715601244756055,46.84231185856823],[4.715829307408184,46.84217766452293],[4.716053658559014,46.8421140328816],[4.716311355382625,46.8420693202022],[4.716953012182176,46.8420168246378],[4.716995732948617,46.842001885695055],[4.717015270515123,46.84196071615545],[4.717028600272442,46.841958481892306],[4.7170236538055805,46.84175521047028],[4.717072446361339,46.84174426057824],[4.717436463284104,46.84148337392277],[4.71748470500676,46.841455059599824],[4.7177347059882635,46.84135527909272],[4.717841513742897,46.841248431952174],[4.717985959726552,46.84115431549235],[4.7179262508386675,46.84105608754605],[4.717880558932172,46.84102406916441],[4.717778475321891,46.84099800807602],[4.717707801913532,46.84097658434634],[4.717382512327498,46.84090888828168]]],[[[4.720031195392729,46.84131483803957],[4.71969942725851,46.84137191471756],[4.719385493397768,46.841427697241066],[4.719349868568254,46.84143129162488],[4.719317319077632,46.84143791107225],[4.719287281167937,46.84114816112682],[4.719264490916775,46.84108718915117],[4.719193468788766,46.84110153417235],[4.719030676469743,46.84113360510274],[4.718930050198986,46.84115349863563],[4.718879018871324,46.84099996204925],[4.718652480462614,46.84104115315419],[4.718531041448794,46.84106238390388],[4.718545809259467,46.84110507668214],[4.718550917778445,46.84112544388736],[4.718597228684523,46.84127087370703],[4.718567624560242,46.84127642226977],[4.718366423056419,46.841318261016276],[4.718246530235117,46.84134150370563],[4.718252972013622,46.84135673563146],[4.717838287575902,46.841475330956754],[4.717842625639474,46.8415181795316],[4.717861719844289,46.84169773422399],[4.7179345447220875,46.842444626822605],[4.717941668505131,46.84257531381164],[4.71795510260818,46.84295216514267],[4.717931851301216,46.843439923008006],[4.717928913207003,46.84348799557204],[4.717926228588766,46.84359124376535],[4.71800325045458,46.84395386182267],[4.718094262313662,46.84424065702658],[4.718108531888251,46.84426803816376],[4.718194283612435,46.844389373607946],[4.718398650006272,46.844587622548396],[4.718532552847389,46.8447715954413],[4.718548221015815,46.844795884610754],[4.718551555526992,46.84480707422365],[4.718584952708333,46.844921022923465],[4.71870140776659,46.84544654535762],[4.718818830637612,46.845814692389844],[4.718878889459859,46.84592414502702],[4.71886705473429,46.84592636616194],[4.719047534619248,46.84616993745711],[4.719235087303225,46.84644812970551],[4.719371651781481,46.84662184913667],[4.719520717565884,46.846766760724904],[4.719887834574348,46.847024905060806],[4.7204512099470595,46.847412951728636],[4.720467356758644,46.847405559595956],[4.720549261625656,46.84735835064295],[4.72057434315228,46.84735082490135],[4.720377323970538,46.84691540647517],[4.720101913229746,46.84630949731372],[4.720062263792403,46.84618644743048],[4.71993298787074,46.84577352107054],[4.7199329552880585,46.84577249488008],[4.719861248947895,46.8453433797802],[4.719855762497282,46.84493575368495],[4.719895969214869,46.84474815327466],[4.720359474839958,46.84410258550509],[4.720588094505393,46.843751744601775],[4.7206793983001,46.843578716846025],[4.720776442424976,46.843117439735195],[4.7208565548378925,46.84273305635097],[4.720891777030591,46.84252918414726],[4.720821033752307,46.84203669792246],[4.720905168284748,46.841262944745544],[4.720860937361039,46.84122987898934],[4.720626085546954,46.84124361308227],[4.72033515290317,46.84127351336205],[4.7202475641818005,46.84128197368041],[4.720031195392729,46.84131483803957]]],[[[4.721747571640249,46.85005746520144],[4.721507953290221,46.84959407424178],[4.721418983849223,46.8492786393384],[4.721376872849256,46.84912497054132],[4.721341647077514,46.84900083727607],[4.721145502310855,46.84864000329203],[4.721026004989919,46.8484415074752],[4.720931457760151,46.848278409995885],[4.720755027475227,46.84792851992953],[4.72070879928555,46.84783316286023],[4.720633619073737,46.84766976652824],[4.720559961007368,46.847601387071585],[4.720495419204462,46.847538995305946],[4.720412469920279,46.84745951526326],[4.720022660500856,46.84719047233695],[4.719814086102017,46.84704746846992],[4.719408580911044,46.846753108259065],[4.719262137111618,46.84659691794269],[4.719067643899772,46.8463341485312],[4.71890857284331,46.84606165459737],[4.718807731499942,46.84593441203326],[4.718748093808641,46.84583822782602],[4.718632412915637,46.84547822310013],[4.718602905887276,46.84534582619197],[4.718518839481552,46.844949595552215],[4.718466388071671,46.844798124464575],[4.718442795204864,46.84475862552385],[4.7183354829216295,46.84461513340932],[4.718134094744106,46.84441683988957],[4.718045915456833,46.844312904105024],[4.717922104760245,46.84393055019484],[4.717848469440223,46.84358116529543],[4.717881852080214,46.843037050117175],[4.71788369653946,46.84300125997337],[4.717884919789679,46.84299306431233],[4.717860931265666,46.84247127577292],[4.717827753162871,46.84212945510739],[4.717797237021122,46.8418243839589],[4.717785866851707,46.84170091106038],[4.717664005032967,46.841708863404314],[4.717537488473205,46.84171075205263],[4.717514776898467,46.841557818865354],[4.717493904936618,46.84151010171033],[4.7171373914670065,46.84177292992119],[4.717133015002072,46.841776057257135],[4.717090016765343,46.841875818390484],[4.717115031994983,46.84205425811334],[4.7170332681834655,46.84205854933439],[4.717031481341085,46.84204938092986],[4.716700165038481,46.84207373250417],[4.716700488804533,46.84208394941987],[4.716573971335352,46.84208583700871],[4.716242913548196,46.8421183607991],[4.716160042141404,46.84213492500587],[4.716072742801548,46.8421525818708],[4.71579572007735,46.8422456108852],[4.7154963386667825,46.84247896091066],[4.715396746357048,46.84267255143984],[4.7153726662858055,46.84280574803869],[4.715442554731546,46.84294367673509],[4.715466274036271,46.842987263077156],[4.715524714184257,46.84323366782115],[4.715540308340363,46.843302925135944],[4.715577155855554,46.84338514031449],[4.7156092003200945,46.84345618768552],[4.71556340306012,46.84346810993613],[4.715595467850575,46.84377520262299],[4.715522371934048,46.84395920303635],[4.715597957171876,46.8441828732581],[4.715452332736647,46.84456925562709],[4.715345890735037,46.84506437665659],[4.715342044480284,46.84531886960993],[4.715354814527397,46.84544027734033],[4.715380418734276,46.84549610166596],[4.715922355324593,46.8454910833719],[4.716342259571054,46.84548890950926],[4.716342066416328,46.845388775402114],[4.716394708096369,46.84535835164928],[4.716510007330328,46.845331090889935],[4.716518042479443,46.84525535719001],[4.7168138733703335,46.84528567959868],[4.7168603386415064,46.84529520805447],[4.716881573907332,46.84530714828835],[4.716906260081539,46.84533437413707],[4.716920302522124,46.84535459907835],[4.716926938701993,46.84537596120514],[4.716908849824261,46.84541608237915],[4.716854518267155,46.84553440250036],[4.7168540391519365,46.84556608352496],[4.716865071239655,46.84558533571748],[4.717215023962816,46.845866223269574],[4.717308092678951,46.84603037242278],[4.717383549939227,46.84601493581765],[4.7175357815754655,46.846165944694775],[4.71766386425158,46.8463070831159],[4.7178395552380366,46.84654050596618],[4.717875346975596,46.84663601993711],[4.7178866213221,46.84675643209062],[4.718017854173543,46.84694964044704],[4.717981215860382,46.8469685775791],[4.718042089872639,46.84705656630438],[4.718089277057785,46.84713556429489],[4.718243843163716,46.84750111280768],[4.718315100661941,46.84749391572413],[4.71841034389797,46.84763249070272],[4.71843247985337,46.847626027092936],[4.718499085122585,46.84770677928201],[4.718720101522178,46.84800696035099],[4.718843012859042,46.848172697897205],[4.718889716003313,46.8482363746975],[4.7189442475232966,46.84831220062228],[4.719048655281438,46.848457779893764],[4.718894362603788,46.848523441475464],[4.718995435793736,46.84865783119569],[4.718985252642549,46.84885315989509],[4.71908282980872,46.84897125599475],[4.718962340492624,46.849070121851334],[4.718735233899469,46.84918796148895],[4.71822826311935,46.84869994504635],[4.718358387561198,46.848623414883484],[4.7183893512328385,46.848472742565804],[4.718306881614135,46.848361571018025],[4.718003163215657,46.848177071337425],[4.717813424242984,46.84801742792321],[4.71774779132421,46.84796731703142],[4.717665136856983,46.84789702572401],[4.7174010010746095,46.8476455149005],[4.7172983153254044,46.84755406116093],[4.717105861208998,46.847308630605895],[4.717216592993943,46.847278366343275],[4.7170519675931875,46.84725322878367],[4.717007507860366,46.84721302327306],[4.716992940156278,46.84712944945051],[4.716950098949969,46.847046297495126],[4.716898187148218,46.846912190207526],[4.716847085015345,46.846803620645886],[4.716666250358223,46.846595822916036],[4.716607231718271,46.84633102835625],[4.716586618099673,46.846197471678884],[4.716446916097781,46.846159704414454],[4.71642642569502,46.84607724553718],[4.716308962922901,46.84608308632095],[4.716274620466183,46.845751504761544],[4.716260606591479,46.84549727813415],[4.71536882938245,46.84550648716316],[4.715260094959744,46.845506063735336],[4.715265927228613,46.845548899066685],[4.715286531953898,46.84563544512199],[4.7152921943451265,46.84572016957067],[4.715285601472261,46.845793837302644],[4.715281774703441,46.84581433781129],[4.715245405153261,46.84593545136118],[4.7152467281599835,46.846071331132904],[4.71529940064324,46.84637096578425],[4.715340001559619,46.84680667981634],[4.715360420706247,46.84684009362412],[4.715477187188332,46.84704680413733],[4.715650208804274,46.84733749364158],[4.715809326384486,46.84756503350793],[4.715859197605751,46.84763478827999],[4.715890326192563,46.847677246362224],[4.716141200573264,46.84802705089198],[4.7161883093139485,46.84801000256131],[4.716234426797634,46.848055299022995],[4.716338211826166,46.84818147315461],[4.71636138393127,46.84820769502113],[4.716435005289806,46.84827505996429],[4.716476435818038,46.84831327553629],[4.716797857612349,46.84858641257059],[4.716837372076143,46.848611372858876],[4.717073254388991,46.848770320319105],[4.71757762341677,46.84908262983214],[4.717554489676705,46.849104427241706],[4.717761874878539,46.849256647956736],[4.717924496118081,46.84945347651342],[4.717948317626362,46.84950013183411],[4.71810540240388,46.84961631365158],[4.7182176641831814,46.84949303944485],[4.718262269733493,46.84953734002458],[4.718403925647164,46.84963637938389],[4.718698232580044,46.84980569955259],[4.719075043166563,46.84999319431035],[4.719159898425368,46.850085930563246],[4.719244734808845,46.85017764936743],[4.71936144115921,46.85028830873235],[4.719116293138285,46.85044831415627],[4.718778308862838,46.850639335155144],[4.718671800301285,46.85070938895854],[4.71980861569733,46.85161306327837],[4.720047685853989,46.85154307152313],[4.720154125875171,46.85151798408933],[4.720469548309926,46.85146013388538],[4.72051058474615,46.851439076910296],[4.720488152039241,46.85148335222435],[4.720672989027922,46.851534750347405],[4.720688098684991,46.8514946731842],[4.721345800458719,46.8512406143568],[4.722013343082081,46.850968023291074],[4.722011490138824,46.85095681161122],[4.721969765928008,46.850815403353735],[4.721954797600319,46.850766572001376],[4.721792643321225,46.850210062875085],[4.721747571640249,46.85005746520144]]],[[[4.725705661932174,46.85106292288534],[4.725192877204991,46.850722162467115],[4.72498789093259,46.85055254638269],[4.724900794741813,46.8504833533804],[4.7247692496692775,46.850374966215064],[4.724489637089638,46.850153332677095],[4.724320252452631,46.850026095242846],[4.724298864051724,46.8500090432637],[4.7240636899575925,46.849826594147316],[4.723613089449388,46.84947366482825],[4.723541297622329,46.84941751635589],[4.723486348589435,46.84937542602822],[4.72330609628515,46.84923404847491],[4.722707431713043,46.84876785877179],[4.722661828098814,46.84873891192135],[4.722371845820593,46.848565457318216],[4.722168805473049,46.848456093014825],[4.721444964410637,46.84817468090472],[4.721127610325085,46.84803023558087],[4.720895087126366,46.847883512123026],[4.720818586687479,46.84791326803093],[4.720995114574117,46.84826621856637],[4.721204328487453,46.848616644593406],[4.7213244433079105,46.84883453879214],[4.721406689991175,46.84898556287951],[4.721491933828019,46.849277548045805],[4.721571598399839,46.84958188269413],[4.721770903452958,46.84994778403968],[4.721820035635335,46.85004105288332],[4.721846901502688,46.85013669921844],[4.721863741660034,46.850197759661356],[4.721887044931491,46.850275069169115],[4.722032405557844,46.850771543739405],[4.7220406701258355,46.85079696990695],[4.722081821094731,46.85096699857667],[4.722103285164373,46.85103309614934],[4.722149808985766,46.85118465426782],[4.722153794046038,46.85121626850436],[4.722187677715589,46.85148552519463],[4.722195223735237,46.85158247822467],[4.722208573853166,46.85176825096927],[4.722231012711082,46.851864990119935],[4.722292047862901,46.852145079811045],[4.722498512934065,46.8525486795996],[4.722599929187094,46.85264628088854],[4.722883956288769,46.852865808505484],[4.723088466883197,46.85288011005989],[4.725002432752982,46.85344103768247],[4.726694080743166,46.85394190399679],[4.72858109847089,46.854496017659294],[4.7308240697418835,46.85514079656944],[4.729102464433142,46.85347045073873],[4.728415196706906,46.85289117347499],[4.726817270048732,46.85177889064731],[4.726811476084664,46.85178409296451],[4.726044872675407,46.85128467734487],[4.725705661932174,46.85106292288534]]],[[[4.729835244036504,46.82394793403426],[4.730305105290504,46.82439660733635],[4.7311285774913445,46.824403624544196],[4.729875930149458,46.82391666563518],[4.729835244036504,46.82394793403426]]],[[[4.730676916828559,46.824804849114834],[4.731134112270163,46.82536917591143],[4.731232222556538,46.825457624394716],[4.73137390451942,46.825558691823],[4.731546976414216,46.82571038670999],[4.732223454558352,46.82507688524923],[4.731566393648872,46.82459424824296],[4.731278143523814,46.8244718815508],[4.730374024207919,46.82445687452623],[4.7303755389093345,46.824457878425456],[4.730676916828559,46.824804849114834]]],[[[4.72764444000778,46.82433849947599],[4.727638616340819,46.824342675679475],[4.727460700090308,46.82445876962227],[4.7268994400733755,46.82483199513262],[4.726595273324825,46.82500414522809],[4.726110563959855,46.82511666438121],[4.725823868745828,46.82518329695898],[4.72566592533086,46.82522551824889],[4.725508339385121,46.8252789734518],[4.725287566514639,46.825358926262524],[4.725161329594203,46.82541497279543],[4.725015865461001,46.8254754052714],[4.72495573343353,46.825503892454755],[4.724932613011696,46.82552570048892],[4.724915758479045,46.825557627363],[4.724955328745281,46.82595861168495],[4.725051595645704,46.825942866449786],[4.72520265834235,46.82591812183416],[4.7252254681647825,46.825980110273875],[4.725200299735557,46.825984576492814],[4.725262591936767,46.826070496089436],[4.72528909365774,46.82610790579131],[4.725304648899148,46.82612913378088],[4.72534985865631,46.82619283057052],[4.725391051481814,46.82627088913215],[4.725487221355252,46.82625208295413],[4.72550695681262,46.82631104641038],[4.725529148280453,46.82630662478505],[4.725589523746939,46.82637929811365],[4.725682257992292,46.82648622210872],[4.725731458943943,46.82653554833417],[4.725672217572707,46.82659161690599],[4.726006105414646,46.82674499587667],[4.726122027057006,46.8266451539611],[4.726115988469048,46.826642182536624],[4.726127623415901,46.826633830485456],[4.726068548415169,46.82660201617158],[4.7261718930431105,46.82652792196878],[4.726256283109274,46.82646636930565],[4.726320012166346,46.82650423775907],[4.726315650579232,46.82650736526035],[4.726343212238275,46.82653147496276],[4.7263884088196395,46.826548169213574],[4.726457700264038,46.82652669458793],[4.726537131401482,46.826496890269006],[4.726570906002808,46.82648208176748],[4.726592804613331,46.826468469200016],[4.726634976478616,46.826437179722895],[4.726646526895577,46.82642576684345],[4.726695269410672,46.82636679331068],[4.726892748310841,46.826163544085766],[4.727195490658976,46.8259934590937],[4.727407088652537,46.825859487279466],[4.727552307839369,46.82574491130379],[4.727773239423919,46.82553006870685],[4.727887412917558,46.8254220826977],[4.728487078439859,46.82527308342302],[4.729006753473622,46.8249965333978],[4.729746381404778,46.824708495919396],[4.730243858958786,46.82448335605041],[4.729618100108036,46.8238612744382],[4.7294959975434825,46.82376706129293],[4.728976297230928,46.82357561643375],[4.728831049432442,46.82354918759439],[4.728721626522059,46.823572293601565],[4.72764444000778,46.82433849947599]]],[[[4.731660840417961,46.82596617271285],[4.731314572917824,46.826124667613],[4.730852522185256,46.826341092299515],[4.730573130965952,46.82644952276317],[4.730402566808026,46.826516463803905],[4.730249459238598,46.82661686952629],[4.730207145717244,46.82664407375595],[4.7299592703803395,46.82680720846431],[4.729911145632345,46.82683857970265],[4.729870326883031,46.82686576132135],[4.72980124711072,46.82684739222639],[4.730167510627713,46.82661503114069],[4.730272527119058,46.82654703211387],[4.730362931994542,46.82648743025668],[4.730793477506782,46.8263103066022],[4.730997376231635,46.82621526887752],[4.731287903675652,46.8260821463392],[4.7316341190876265,46.8259216169381],[4.731392268482432,46.82566775749818],[4.7310588832076235,46.82539074276989],[4.7307255299042845,46.82502177515688],[4.730289902925421,46.82452660378383],[4.729817351091173,46.82474012047198],[4.729787952822904,46.824751802102064],[4.729489504186945,46.82486972082028],[4.729049852329451,46.825040843563805],[4.728866845542448,46.825137599223154],[4.728761471629267,46.825194362872125],[4.728713139234639,46.82521961266473],[4.728572607664912,46.82529427712642],[4.72851548747202,46.82532374762644],[4.728364884155626,46.82536280029687],[4.7279897978451695,46.82545835185811],[4.727933703314148,46.82547350510442],[4.72791795470582,46.82549314964305],[4.727899392076536,46.82551795186692],[4.727877982696181,46.82554688558072],[4.727660644259487,46.825734079995975],[4.727622965276697,46.825766329075726],[4.727412507660756,46.82593604704385],[4.727074933284824,46.82613424103153],[4.726840623417172,46.82630329834416],[4.7266126522732135,46.82653050184641],[4.726601297150622,46.826548044880624],[4.72646853912,46.82677381881413],[4.726610083613415,46.826823802984144],[4.726829938138315,46.826902250148656],[4.726802866276823,46.82694046377468],[4.726741462225502,46.82702211540585],[4.727116336271441,46.827106403278535],[4.727432800741407,46.827086322934235],[4.7274408855920536,46.827059633796765],[4.727458048861672,46.826990912373006],[4.727490212283581,46.826879052042806],[4.72754157325556,46.826808799328106],[4.727604470971843,46.826727124809736],[4.727778540396328,46.82672349260536],[4.727850974251625,46.82675407870431],[4.7278826507267375,46.826766886738696],[4.727962618805863,46.82680043064113],[4.72791608884521,46.826881850480504],[4.728102852010081,46.82694955283401],[4.728376479867133,46.82703332229646],[4.7284412502349715,46.827056872411035],[4.728402577183578,46.82710445588758],[4.728512695074027,46.82714980355878],[4.728631985957906,46.827202173052825],[4.728508504262826,46.82734503576761],[4.728567321060599,46.82736868428549],[4.728712061090671,46.82742576866466],[4.728925201657461,46.82752679179728],[4.729746792134943,46.82793952367293],[4.730654484615965,46.82839080602725],[4.730694950661763,46.82839939233428],[4.730817773593475,46.828376091994286],[4.730847219212505,46.82836542710561],[4.731039589708699,46.82823582674466],[4.731536533604105,46.82794632394484],[4.731562871082589,46.82793161692221],[4.731606751644598,46.827907450663766],[4.73170618692077,46.82785078289464],[4.7317866226093015,46.82780563158465],[4.732149078103284,46.82759376521141],[4.732366970426489,46.82747092896962],[4.732457374251954,46.82741131647969],[4.73247108459561,46.827374329401614],[4.732473029250982,46.827295614521994],[4.732455531249877,46.827214130427414],[4.7324270522152725,46.82716142384025],[4.7323522643792675,46.82705730585706],[4.732105149005669,46.82663900518605],[4.732050744979397,46.82652026949592],[4.731660840417961,46.82596617271285]]],[[[4.732600556709946,46.827326394561844],[4.734154002325056,46.826416026895636],[4.733172534309826,46.825706339012555],[4.732867835479723,46.8259541284703],[4.732302438700343,46.82638364041099],[4.73211290456394,46.82646210922743],[4.732600556709946,46.827326394561844]]],[[[4.727696585040306,46.82714162974544],[4.727587802907786,46.827138157189026],[4.7275835585190915,46.82714537170539],[4.7274289303831,46.8271517826821],[4.727177643301488,46.82716168922963],[4.72717241829542,46.827184246677206],[4.727170059753872,46.82720369904126],[4.727087300651341,46.82764330899039],[4.727092508372686,46.8276667274661],[4.727140034553196,46.82770995417129],[4.72744648128338,46.827842279792556],[4.727695480291678,46.827993857740836],[4.7277551416519135,46.827904063344924],[4.72777842469392,46.82788735871854],[4.727969517047866,46.827903905217994],[4.728002168355537,46.827900352679826],[4.728026998511615,46.827885669124115],[4.728257145485838,46.82763288916896],[4.72847749564217,46.82739966386756],[4.728410884503568,46.8273649019295],[4.728255359818744,46.82729673070998],[4.728009746688046,46.8272043716467],[4.72800246005336,46.827209587517785],[4.7278254090837155,46.827166262467436],[4.727696585040306,46.82714162974544]]],[[[4.735252269530078,46.82733240721988],[4.734255344997124,46.82651260161764],[4.732290584343616,46.82764272538843],[4.732248729122886,46.82787019928353],[4.732291402521763,46.82799421793547],[4.732700881735229,46.828508166118105],[4.732785211373006,46.82863155711151],[4.732933211231256,46.82869677364249],[4.733341757582258,46.82880914635092],[4.733696309333156,46.82886205414707],[4.734196222099236,46.828898449923045],[4.734351606407943,46.82891552422833],[4.7345663456900295,46.8289265969025],[4.734754947886526,46.82891148658038],[4.734999110133354,46.82886489045891],[4.735280752216636,46.82877991212971],[4.735410009413889,46.828724826619215],[4.73558393112467,46.82867009375137],[4.735848211966518,46.82860070420073],[4.735867393737339,46.82859530832216],[4.736116307315492,46.82855783324125],[4.7361931319837405,46.828539301095546],[4.73631132979054,46.82851094924695],[4.7363600870444165,46.8284989737509],[4.736410313202881,46.828486976060226],[4.736372472599534,46.82842112782665],[4.736292725008992,46.82830174990443],[4.736277021063592,46.82827644585342],[4.736213063007115,46.82818544169165],[4.736079314964259,46.82805360379763],[4.735252269530078,46.82733240721988]]],[[[4.7320933875455164,46.827761161103595],[4.731748500036156,46.827963567645746],[4.731682675641723,46.82800032149812],[4.731416674268272,46.82815555467291],[4.730858309651476,46.82847970863529],[4.730861417395961,46.82848375060247],[4.731106467621707,46.82851173719708],[4.731317946610904,46.8285136608205],[4.731702867173805,46.82849253848123],[4.7320449773844055,46.82848228129679],[4.732164045509394,46.828481506060946],[4.7322943046023065,46.828504067873226],[4.732468223124602,46.82854232691672],[4.732556866941571,46.8285675595629],[4.73268519434639,46.82862285087907],[4.732698389208378,46.828616519027925],[4.732651686747803,46.82855284749146],[4.732225611263059,46.82803199829009],[4.732174267465429,46.82791627863933],[4.732145997080872,46.82782371722296],[4.7320933875455164,46.827761161103595]]],[[[4.729077854258237,46.827738065770816],[4.728987058844895,46.82783241759989],[4.7289323110793875,46.82788943799593],[4.72890196979321,46.82791850612643],[4.728498497335655,46.82773144485394],[4.728576508762277,46.82765670248451],[4.728555486212876,46.82765088530596],[4.728526916584196,46.82764211949106],[4.728343538035889,46.82758765080177],[4.728293151405361,46.827641543320205],[4.728133320078032,46.8278115284601],[4.728019611010315,46.827933809137384],[4.7278297402285245,46.82790907592269],[4.727516028779892,46.82829594853472],[4.727324110463785,46.82853385128746],[4.7272800344674835,46.828598888049534],[4.727253515580303,46.82865446603263],[4.727256445802644,46.828746391335194],[4.727272278327832,46.82882278567567],[4.727332706912183,46.828943477325495],[4.727378168845917,46.829015347004294],[4.727472683639969,46.82908443566465],[4.727727760114033,46.82924001103644],[4.728441283518543,46.82967173893619],[4.728540680240171,46.82970703491247],[4.728606723734684,46.82967743041256],[4.72876054077998,46.82959848678735],[4.729009051482109,46.829454753422475],[4.729171166618977,46.82935626754946],[4.730079819763716,46.82881125041993],[4.730011104181671,46.828757104074526],[4.729888891908186,46.8286598218949],[4.7300575592120495,46.828533650746785],[4.729943677177622,46.82846382874716],[4.7301990244088765,46.82825460618484],[4.7298313229720685,46.82806904680376],[4.729443888272784,46.827871534791825],[4.729174533416962,46.82773558578455],[4.729138381542547,46.82776883005856],[4.729077854258237,46.827738065770816]]],[[[4.7413692122793565,46.828059480409316],[4.741167200154283,46.827934805751674],[4.74097977532085,46.82789370215772],[4.740609352176741,46.82776340688537],[4.74036867475678,46.82777930579651],[4.740232027398838,46.827789550667],[4.739964634057583,46.827807897275555],[4.73991712431721,46.8278116869776],[4.739506479595324,46.82791292935525],[4.73905307029932,46.828073058805664],[4.738983860561505,46.828096584188366],[4.73896030546512,46.828105117766505],[4.738716535943695,46.82820995848567],[4.738688652672201,46.8282226461677],[4.738604950043331,46.82825865659471],[4.738237998177081,46.82842258236523],[4.738071745918863,46.82848436321214],[4.737700942612592,46.82862075993894],[4.737409402215514,46.82872223971183],[4.737330039311495,46.82875409489813],[4.7371122140464355,46.82883299916963],[4.737268392780972,46.82915354265597],[4.7373088517461275,46.82920810253358],[4.737432617853585,46.829353382708405],[4.737522992722573,46.82947872344428],[4.737532820186108,46.829553171921425],[4.737537262792776,46.8296450653529],[4.737548356305087,46.8297123439179],[4.737553396876306,46.82977664285545],[4.737558052795904,46.82978270563185],[4.737580649180759,46.82983754423393],[4.737641437333299,46.82992245343277],[4.73783802412992,46.829877587659965],[4.737971617244983,46.830004319500794],[4.738634216011317,46.82982059844796],[4.738627868368243,46.829808437182955],[4.739033925480386,46.82970317885219],[4.739078505729056,46.82970046051891],[4.739035165292128,46.829648997844274],[4.738875655027497,46.829457266196556],[4.739096195149538,46.829370140078275],[4.739303846615258,46.82967048575888],[4.739317860704102,46.82968969086494],[4.739700117435475,46.82967777729119],[4.740003889976968,46.82967931585985],[4.740041118730546,46.82967977040394],[4.740072340747839,46.82967828043578],[4.740305688105306,46.82966554622276],[4.740375555583204,46.829662453821186],[4.740750099604387,46.82964247596226],[4.741138375862374,46.82963251087778],[4.7412930751179,46.829628124855184],[4.74145002950782,46.82960122541759],[4.741822898452368,46.82952916048012],[4.74193821690226,46.829503917504724],[4.742056446509415,46.829476576948274],[4.742097852084778,46.829467772405444],[4.742124470100729,46.829462262861504],[4.742196999078098,46.829448907186574],[4.742318402791656,46.829427651396074],[4.742335990328876,46.82941920752256],[4.742378549637463,46.82940017255374],[4.7429184343004245,46.82928981112535],[4.742674019143616,46.82895834536839],[4.742515741970721,46.828851409773826],[4.742194839718651,46.828733653223075],[4.741896655144544,46.828627809002924],[4.7413692122793565,46.828059480409316]]],[[[4.726834060052987,46.82978784663266],[4.726737055380258,46.82987411228794],[4.726652823481982,46.82994077820873],[4.726379897053528,46.83015946043302],[4.726222170214746,46.83030283432202],[4.726173111565426,46.830351599475094],[4.726060842442547,46.83047283870124],[4.725924428797443,46.83058421825832],[4.725999175469726,46.830640320860624],[4.726015967148222,46.83065335275649],[4.726121255037139,46.830733520351785],[4.726200591757151,46.8307936426742],[4.726225436843011,46.83077895932199],[4.7264976679305635,46.8306318226225],[4.72667747599213,46.83076093559285],[4.726706747956704,46.830745168008974],[4.726720562506543,46.83075824449228],[4.726764395800269,46.83073204552028],[4.72706112499625,46.8305589897037],[4.727271473772944,46.83043218809452],[4.727363533236653,46.830377670360974],[4.727329165584832,46.83028009308252],[4.727475324995022,46.83014812182271],[4.727623162272017,46.830255234472],[4.72775034944933,46.830181798594445],[4.727727635624621,46.830169882577046],[4.727659396051677,46.830131055919786],[4.727569937741938,46.83008028171584],[4.7277838440514985,46.829924813614554],[4.727649496138851,46.82982056061833],[4.727623512176005,46.82979949856811],[4.727746659212079,46.82969239587029],[4.7278162312324845,46.82963310908633],[4.7279254905847194,46.829697887194676],[4.728149580277559,46.82953511462521],[4.727393643489906,46.829080507209554],[4.727238084762611,46.82929130501392],[4.72712767348341,46.82942375697749],[4.726953013853438,46.829643000567415],[4.726900232763378,46.82971532760104],[4.726834060052987,46.82978784663266]]],[[[4.736912910399609,46.83004687785539],[4.736909717122974,46.8300397752886],[4.736871353051087,46.83005057638759],[4.736857654114386,46.830041588075595],[4.7367822643286805,46.82991908264688],[4.736802941669293,46.829913664039495],[4.736947629609149,46.82987570747067],[4.737138085522727,46.8298258290572],[4.737122360958139,46.829799498743874],[4.736984983397565,46.829601297242284],[4.736929094396698,46.82952958861631],[4.7367650016358755,46.82933383461239],[4.7366618594754195,46.82922809404321],[4.736553212604337,46.829182731824034],[4.736561771166126,46.8291713631011],[4.736483047277325,46.829130655498616],[4.736497475057021,46.82911612712522],[4.736436974975926,46.82908639291094],[4.736408118815271,46.82911543163757],[4.736297640559181,46.829105859750975],[4.73623600622828,46.82918036927306],[4.736205233070827,46.82924213775338],[4.736104439678747,46.82934891241636],[4.736098910593526,46.82936227974818],[4.736099139592369,46.82936942707464],[4.7361479732182294,46.82940649733502],[4.736187842564947,46.82944268519408],[4.736203262449575,46.82950580082739],[4.736217528764597,46.82967215190013],[4.7362513230417,46.829751345130276],[4.736278455743997,46.82980815086019],[4.73574417022061,46.82995416826186],[4.735734289407973,46.82992467853884],[4.73548119283522,46.82969245844935],[4.735474857338683,46.82995924932449],[4.735137080353713,46.829965371484654],[4.735142063940231,46.829888655085554],[4.734893284884305,46.829884229913176],[4.734856056033529,46.829883773703344],[4.734852891446096,46.82992469074399],[4.734158037598081,46.829938239057796],[4.734179573465474,46.83000637813744],[4.734186701944873,46.83013603836948],[4.73419753553362,46.830335133162805],[4.734594366400009,46.83035980650676],[4.734757583957805,46.830389019394076],[4.734781566089187,46.830393773148714],[4.734785829224643,46.83038757575983],[4.734880235475806,46.83040658666541],[4.73508764207269,46.830420831086684],[4.735154644352459,46.830420838132305],[4.7353215501942305,46.83042548020937],[4.735479477874473,46.830429221803676],[4.735477613347306,46.83037100800609],[4.7354732853157016,46.830282174883045],[4.7354740482474105,46.830166697193455],[4.735816429862938,46.830164593313725],[4.735842656258518,46.830239812112445],[4.735857356468606,46.83028046861438],[4.735869864367749,46.830345672584365],[4.7358848916515885,46.83039653697391],[4.735831620841868,46.830406535977076],[4.735845339459523,46.83041655079851],[4.735879418245361,46.830457932554886],[4.7358133317827535,46.83048651523093],[4.735763398344845,46.830507712359896],[4.735781641553937,46.83051969427705],[4.7358923521145515,46.830629410133945],[4.735871785575157,46.830637888945866],[4.73603821225999,46.83086018570747],[4.7361411502021316,46.83100577253041],[4.736165643114884,46.83102686421835],[4.736189788906583,46.83103671262182],[4.7362255367376935,46.83103719977114],[4.73627726050543,46.83102517957927],[4.736718064035327,46.830888748716745],[4.736829984829175,46.83085027836401],[4.737116159295655,46.83076727163527],[4.737194252824006,46.83074156893128],[4.737206640197077,46.83075671011335],[4.737301626217944,46.830747098162014],[4.737409381581182,46.83071788529163],[4.737407853458557,46.83071688168479],[4.73737655439176,46.830669334285595],[4.737373478651242,46.83066630968485],[4.7371309530427625,46.83020708072656],[4.737006777885076,46.830234505932545],[4.736912910399609,46.83004687785539]]],[[[4.742975628970984,46.829355364065115],[4.742960808495294,46.829357632998025],[4.742731372939229,46.82939891654601],[4.741363527958026,46.829689389129996],[4.741205588912241,46.829685655810266],[4.740495027115288,46.829719905917344],[4.740048811715776,46.829733816314686],[4.7396172526592775,46.82974034353794],[4.739328857904028,46.82975389969083],[4.739388343645975,46.82989094559978],[4.7393930980276195,46.829900068866465],[4.739401170773793,46.82991936380069],[4.739543470035958,46.829899839380126],[4.7397863559983575,46.830416282445036],[4.739800763823879,46.830447738745924],[4.7392227787404035,46.83067004785101],[4.739161757574826,46.830577983185194],[4.73868711066479,46.83068018082695],[4.7386694108263745,46.830685563773294],[4.7386311448534215,46.83069942602192],[4.738624560188663,46.83072609332066],[4.738782243343633,46.830953624847716],[4.738251331251195,46.83106587522588],[4.73820541069449,46.831119704649396],[4.7381728617361505,46.831172305322845],[4.738469547336925,46.83146312959537],[4.7386922944675165,46.83172340549623],[4.738804313511691,46.83168798479383],[4.739159900734367,46.83154057542255],[4.739269335282444,46.83151745953637],[4.739942985538514,46.831352981139055],[4.740900691129465,46.83113208239019],[4.741067276290097,46.831080505375084],[4.741893009440927,46.83078393652227],[4.742111098377458,46.83071319674113],[4.7430315083602315,46.8304908003532],[4.743338578260361,46.83040950572026],[4.743731900011719,46.830278882629656],[4.743905502595882,46.830213920134305],[4.745345023375597,46.82960656890741],[4.74540643528922,46.82934098542072],[4.744198213025073,46.82927041316606],[4.743791235041927,46.829254104305555],[4.74350990586072,46.82925632434558],[4.743340926176981,46.82927932013204],[4.742975628970984,46.829355364065115]]],[[[4.735557275677889,46.83085926525916],[4.735525192757881,46.830787196813226],[4.735497896589765,46.830725277972824],[4.7354851173020975,46.83069788533531],[4.735377001144288,46.83071586232059],[4.735350447950859,46.83063042653064],[4.735030310924024,46.83067613383159],[4.734936492706947,46.830675504461404],[4.73487250000064,46.83067646957554],[4.734823034210912,46.830665976066435],[4.7347826832572535,46.830661469171304],[4.734748529178822,46.830664028595095],[4.734669846136086,46.83067134822739],[4.734519036159568,46.83070427876007],[4.7345160588376825,46.830704323652874],[4.734476178866004,46.83071412010824],[4.734412513143308,46.830725301863524],[4.734302979874274,46.83074534356496],[4.734138876010527,46.83078153606009],[4.734155482138121,46.83083544789698],[4.734008816985147,46.83085809343777],[4.734010495270017,46.83086420123557],[4.733967474424429,46.83086893844569],[4.7341324770231745,46.83141925833486],[4.734227710116261,46.83164978156731],[4.7344011931183605,46.8316277491337],[4.734551079482027,46.83161220533124],[4.734594231697464,46.83161155466154],[4.734590624293565,46.83154518970116],[4.734595042200766,46.831497094010146],[4.734554788911988,46.83149565660529],[4.734555728567477,46.831478278841075],[4.734525935189178,46.83147770138709],[4.73450473828205,46.8312808072883],[4.734532754931908,46.83127220738891],[4.73456581976901,46.831281930652004],[4.734578394054029,46.83125619999135],[4.734636706707219,46.83112451733527],[4.734873048465195,46.83115876951561],[4.734884849102081,46.83120150521311],[4.734896440650615,46.83123811997175],[4.734980368819205,46.83125524447174],[4.7350477841789615,46.831268529238876],[4.735059977573232,46.83132352518963],[4.73506571255647,46.83136329031079],[4.7350241080965025,46.831365962182055],[4.735029221602132,46.83138631970762],[4.7350621125557195,46.83143691475261],[4.73509511215419,46.83144459448451],[4.7352091517180295,46.83142550175629],[4.735335536249155,46.83137353084828],[4.735452408924542,46.83135030640531],[4.7354746016442855,46.831345882867616],[4.735677365941068,46.8313080784905],[4.735678249689505,46.831149685326686],[4.736107464319728,46.83106963826882],[4.735971811462565,46.83087856038305],[4.735772961917996,46.83094593604261],[4.735763748323241,46.83093687091595],[4.735603132696342,46.830989367798686],[4.735557275677889,46.83085926525916]]],[[[4.733068931682563,46.83103166363788],[4.733028972736655,46.831039416408295],[4.732248630090182,46.83117378660921],[4.732216186468203,46.83118347929489],[4.732137763330649,46.83119896171451],[4.73228439266958,46.831454253573504],[4.732387927995259,46.83147926215395],[4.733426335855712,46.83173236792557],[4.734015455698482,46.831670353804164],[4.734095306850743,46.83160681951577],[4.7339649453647015,46.83116223940313],[4.7338911356707385,46.8309027809383],[4.733446444343755,46.83096466264115],[4.733344347309273,46.83098460036617],[4.733068931682563,46.83103166363788]]],[[[4.742259303056215,46.830738537678826],[4.740929620212834,46.831198064064154],[4.739847756623007,46.83144740869862],[4.739506507800153,46.83153124602411],[4.739401382083253,46.8315491905684],[4.739273014005944,46.83158586772662],[4.739149459706731,46.83163270280778],[4.738887351679882,46.83172351923192],[4.738762189867182,46.8317673071305],[4.738756117084769,46.8317633101846],[4.738701533809884,46.83177946344063],[4.739181877092502,46.83241084658571],[4.738482062801052,46.83264214405964],[4.739003446470247,46.83325349068744],[4.739201197848537,46.83333736427913],[4.739295512250746,46.83335330198287],[4.739413699194033,46.8333709320309],[4.7398726217617755,46.833288377599615],[4.740491266705263,46.83303275873964],[4.741563898202034,46.832588378703996],[4.742401795151756,46.83225278846725],[4.742930956527,46.831993395954356],[4.743271782477028,46.83180430131907],[4.743558182109686,46.83163544757498],[4.743896929896381,46.83142799217068],[4.744342030666623,46.83119439062742],[4.744456299188534,46.83113646016446],[4.744618719954032,46.83104816043723],[4.74476606956453,46.83095396495218],[4.744869363589033,46.83087881885323],[4.745054485118971,46.83070945299004],[4.745388006724007,46.830247633485385],[4.7455273443242785,46.82990524383004],[4.7455305695429955,46.82977440008387],[4.7454841107132735,46.82962591989856],[4.7442895779694645,46.83012021593986],[4.744078053891807,46.83020925975056],[4.743533979412729,46.83042085483786],[4.742887561382515,46.83059822595379],[4.742259303056215,46.830738537678826]]],[[[4.735666830801638,46.831351160125664],[4.7355733712505055,46.831361765355126],[4.735310604407438,46.831432148855505],[4.7351065953224225,46.831524124522176],[4.735023375806476,46.83157545314977],[4.734861460943562,46.831680077345666],[4.734832962536641,46.83172035874019],[4.73479762883362,46.83177913348696],[4.734756022339924,46.83187479238184],[4.734765019920063,46.83187670106316],[4.73471084803525,46.83204510186806],[4.734683735670935,46.832128275969076],[4.734720334102495,46.83215530950307],[4.7350207704105856,46.83237763112685],[4.735068012736431,46.83241166380087],[4.7351023444623,46.832414208030066],[4.7363491842241805,46.83220124364949],[4.736477270305711,46.83210939419813],[4.736398310929155,46.83187556501485],[4.736161278738535,46.83191286112949],[4.735995446204449,46.83147699588727],[4.735864112032441,46.831513722977576],[4.735739527399762,46.83134291247358],[4.735666830801638,46.831351160125664]]],[[[4.734328863480513,46.83271709010802],[4.734309944188406,46.832637672138326],[4.734200603221584,46.8326638438672],[4.734013164629341,46.832715725077875],[4.734004310841825,46.832717902897606],[4.733986960899077,46.8326875079578],[4.733953874012735,46.832630782486646],[4.733889097776213,46.83251424840878],[4.734365864064809,46.83238443561199],[4.734282791852948,46.83211490425869],[4.734213199062458,46.831894216377485],[4.734175206462772,46.83177727866771],[4.734083154330242,46.8317388147089],[4.733606886624207,46.83179095107824],[4.73345852757553,46.83180749730892],[4.732467958634406,46.831560831132826],[4.732296877136366,46.8315184405244],[4.732242520970139,46.83154174704873],[4.732492741925834,46.832010064851396],[4.732541595534541,46.83209413866913],[4.732579434047717,46.83215998809732],[4.732791005200121,46.83253692701199],[4.7329174973764605,46.83276799803241],[4.733304665763752,46.83267632890462],[4.733401293519897,46.83285778498924],[4.73342982987927,46.832958510484616],[4.73342540309804,46.83295960387288],[4.733259829199573,46.832996834812114],[4.733067634673214,46.83303958196371],[4.733167174381117,46.83321894999298],[4.733319062709192,46.8331727212643],[4.733379161955874,46.833236190664955],[4.7335240171205655,46.833389325550975],[4.733713674309208,46.833592885167],[4.733694490554945,46.833598280679205],[4.733424600139964,46.83367898880029],[4.733486672435895,46.833757756639194],[4.733544121638192,46.833831478699246],[4.733692414053032,46.83399887212776],[4.733851167787909,46.83416712538291],[4.733930550663471,46.834228259506894],[4.734055697776754,46.83423046192897],[4.734224393960082,46.83415127788733],[4.733969004361918,46.83389456574669],[4.7339910674538705,46.83388605574231],[4.734082199581507,46.83384891923645],[4.734111569015248,46.8338362103479],[4.7341498058027,46.833821332426155],[4.734578947586483,46.83364523448688],[4.734538482950646,46.833218716586316],[4.734482355880034,46.83295388553716],[4.73435317738322,46.83296503727176],[4.734236349515158,46.83275731873299],[4.734328863480513,46.83271709010802]]],[[[4.737814488075206,46.832300716658466],[4.73780517603571,46.832288600136145],[4.73775014288153,46.83219746199356],[4.737715557098066,46.83214076018397],[4.737441982057926,46.8321990545933],[4.737371868847307,46.832194998090934],[4.7372569575020425,46.83218652067367],[4.73695236338425,46.83220644838968],[4.736555705054794,46.832233889184344],[4.736386536454613,46.83225177099334],[4.734563766456729,46.832566408242485],[4.73454655577125,46.83258710238675],[4.734750555554251,46.833982920906905],[4.734774513640319,46.83412663775872],[4.734786085999825,46.83416222611216],[4.734906394673899,46.83452520921321],[4.735075623397459,46.83474132289999],[4.735220268944219,46.8348413324423],[4.736274456467137,46.83474775925483],[4.7365847779988,46.83472059633768],[4.737135044150912,46.83460704443123],[4.738472885975425,46.83402686821178],[4.738706975886892,46.83389764247674],[4.739063096876489,46.83367359342227],[4.7391654004781385,46.83361379591733],[4.739167525571322,46.83358719602907],[4.738322968240595,46.832602652205274],[4.738087375681042,46.832684888552386],[4.7380158415801565,46.83258992011389],[4.737836181634767,46.832326956704044],[4.737814488075206,46.832300716658466]]],[[[4.733064481569351,46.83401139549054],[4.733025309118747,46.83395067272609],[4.7329550029829734,46.83384750533165],[4.732898886340237,46.83376864750619],[4.732768127440473,46.83349778918854],[4.732742687621291,46.83344708130032],[4.7331059109715,46.83335169387436],[4.733043394211035,46.833212637320116],[4.733035336642505,46.833193350761114],[4.732901106114892,46.83300020365746],[4.732888444904466,46.832976888702454],[4.732855318945418,46.83287213448933],[4.732782585250947,46.83273937378958],[4.732708715897113,46.83261786964648],[4.732304446798237,46.831848378726114],[4.732144863395676,46.831886553593314],[4.732102193840043,46.83180953727169],[4.732075638973131,46.831817087873496],[4.731845538231532,46.83188492713845],[4.731628106045311,46.83155712149559],[4.732082206500831,46.83146343113276],[4.731884003063781,46.831411235473944],[4.731713268708225,46.83138008728712],[4.731416231114813,46.83144996003237],[4.731130906091668,46.8315135136451],[4.730892585559746,46.83155695135541],[4.730601438984298,46.83148469962981],[4.730407411927502,46.83156323281421],[4.730380969261962,46.83152786772784],[4.730331051819727,46.83155007087853],[4.7301786618077095,46.831626959693196],[4.730136786287691,46.831714443396294],[4.729780410579057,46.832164302891975],[4.729690475720807,46.83214522056043],[4.729646795448026,46.83226952070204],[4.729644552831785,46.832339035711634],[4.729564465367141,46.832582411159656],[4.729776599472309,46.832930734761256],[4.729787279490699,46.83298575392682],[4.729949908695574,46.83318256616855],[4.730013209684902,46.833253139883674],[4.73001806079413,46.83326533310105],[4.7295903045078855,46.833438321994144],[4.728772548777972,46.83370811315078],[4.728605291918197,46.83373923851654],[4.728284251049591,46.83375734586456],[4.728242742041573,46.833763075852914],[4.72815228710509,46.83377465650824],[4.728135949879936,46.833775919602694],[4.72768657352768,46.833831724845595],[4.7276495044857905,46.83383636125562],[4.7276006756375715,46.83384629866288],[4.727319546048297,46.83390161108874],[4.727245427683992,46.833911919050486],[4.727196793824424,46.83392797742968],[4.727110778494699,46.83393846392041],[4.727093790128821,46.833919302050454],[4.727001105510015,46.833814422789864],[4.726860710044055,46.833707197609655],[4.726671974004152,46.833625212131096],[4.7264611746908685,46.83355174390827],[4.726333797121511,46.833479058837526],[4.72621698428675,46.83341133050444],[4.726025468061231,46.833335518784686],[4.725746621498604,46.83313533828605],[4.7257018101126205,46.833130904111066],[4.725638138487296,46.83309506976437],[4.725342026013607,46.833147540110026],[4.725252630592604,46.83314580976647],[4.7252069413138615,46.83311380322673],[4.725206927318211,46.83306679218386],[4.7252803612089345,46.83298803226986],[4.725275251214499,46.83296767432003],[4.725204780504453,46.83295238529804],[4.725165468789381,46.83293355792623],[4.724731652889257,46.83296356836704],[4.72473308331083,46.833008504804475],[4.724733701097803,46.83302791244835],[4.72473809009156,46.83316579133274],[4.724781186476515,46.833350092122444],[4.724798954137836,46.83339376593611],[4.724823489759501,46.833462888254076],[4.7249301799123735,46.83363397834806],[4.72503898439953,46.83387145577938],[4.725083778045257,46.833968877278856],[4.725288824351625,46.83446956111734],[4.725335914383333,46.83459249805431],[4.725368779689847,46.834689080656744],[4.725424932906021,46.83481597034617],[4.725433508598106,46.83485160448752],[4.725461088851582,46.83496971857919],[4.725537789337765,46.83522709392557],[4.725600516514139,46.835373292815305],[4.725657582842306,46.835575782917324],[4.725749632535724,46.83575424260783],[4.725763545906114,46.83577038876145],[4.725786814753901,46.835799669390624],[4.726002634183006,46.83607743635672],[4.726137744369914,46.83625218767883],[4.726156326015985,46.83627438781193],[4.7267530623777265,46.837057346871994],[4.7268293966691575,46.8370694849717],[4.727023774309835,46.837001174839386],[4.727072397861441,46.836985116743676],[4.7270691596357635,46.83697698792319],[4.727316392110774,46.836885404896336],[4.727338457465206,46.83687689617456],[4.727505008326158,46.83682330449888],[4.727650304954199,46.83675674792289],[4.727903620803224,46.83666915195689],[4.728087971202576,46.8366132477236],[4.728141034680352,46.83659610479744],[4.728547537288615,46.83645613295123],[4.728836825893341,46.836329169578356],[4.7291577820374355,46.83621500431981],[4.729219940573184,46.83620283057935],[4.729373681762494,46.83616782790461],[4.729654592547483,46.836105354165994],[4.729864601118342,46.836060300739454],[4.729861297574179,46.83605013761809],[4.730362401713579,46.83593530439475],[4.730372732168336,46.83593208697991],[4.730614945068173,46.83587020190205],[4.730538609834981,46.835671065879374],[4.730694999893599,46.835625799749714],[4.730707353786515,46.83563991542117],[4.730869601025604,46.835591498897905],[4.730814869787432,46.83550954822386],[4.7307961559413805,46.835483262080785],[4.7308093854770705,46.83547795664833],[4.730675477961426,46.83524801275119],[4.730620356032149,46.835153810704035],[4.7307898434234295,46.835099152268015],[4.730900609908701,46.83530389420345],[4.730951174882176,46.83539510264723],[4.730979879557996,46.8354079545993],[4.731065289506679,46.835378057425636],[4.731084473865187,46.83537265335272],[4.731153696325129,46.83534913276855],[4.731203780016234,46.835332033229776],[4.731145320559559,46.83522664216086],[4.731198348922596,46.835208471628086],[4.731202743430357,46.83520636113762],[4.731236652483669,46.835195629057104],[4.731465142100159,46.83512372681905],[4.731507754402086,46.8352457111413],[4.73156071735686,46.835225497063036],[4.73224531505602,46.83498221475248],[4.732638370006495,46.83484141285789],[4.732883219674052,46.83514120922201],[4.733752456117456,46.834851196202855],[4.73377414702382,46.834831452364355],[4.733748595442892,46.83421873564051],[4.733580451982856,46.834036322207275],[4.733515270974943,46.83395351253547],[4.733499652967579,46.83397725355114],[4.733064481569351,46.83401139549054]],[[4.730693504483385,46.83194313411646],[4.730459287608892,46.83202227198982],[4.730219539753754,46.831694808506526],[4.73023600156357,46.83165062062058],[4.730407411927502,46.83156323281421],[4.730693504483385,46.83194313411646]],[[4.730848722049856,46.83218808566714],[4.730635248463488,46.832263849736506],[4.730562017265669,46.832161742617274],[4.730797703618823,46.832082582435525],[4.730870817718657,46.832180602448325],[4.730848722049856,46.83218808566714]]],[[[4.734804193183798,46.834542078648056],[4.734772917582912,46.83444853655605],[4.734614319677072,46.83447136264126],[4.734566552786434,46.83442099178321],[4.734511760675401,46.83438401068733],[4.734452770567979,46.834355270312436],[4.734406050226817,46.83433758442327],[4.73440977097658,46.83431402264971],[4.734445359511347,46.83421641034775],[4.734678071617393,46.83413728715234],[4.734659576408978,46.834071146723225],[4.734618091933208,46.8340309029754],[4.734583399263148,46.83401711552567],[4.734547551500271,46.834013567301035],[4.734511965402925,46.834018192575485],[4.734475158761104,46.83403101369617],[4.73443568825337,46.83405408777974],[4.7344082257141755,46.83408004285601],[4.734288224904002,46.834238196252656],[4.734266782642509,46.834266104897566],[4.734216820678006,46.83433327736601],[4.734059296013609,46.83457578802312],[4.733977562821279,46.83472007135994],[4.73394548508434,46.83478800081539],[4.733936966092565,46.8348473977314],[4.73395288647159,46.83487984957461],[4.734007384558881,46.83490764023441],[4.734081263093363,46.83493616542859],[4.7341518891331145,46.834956553145574],[4.734247798458709,46.83497554200608],[4.734364439666489,46.83499115619972],[4.734507865849081,46.835006366443295],[4.7346793106728375,46.83501297658167],[4.734759678516182,46.835011764731505],[4.734857669729205,46.835003136296976],[4.734985076739027,46.83498282466278],[4.735045704353272,46.834969644133295],[4.735100148225515,46.834949415071684],[4.735137862007631,46.83491818981233],[4.735134001162097,46.83489065363632],[4.735031702272207,46.83481147566285],[4.734979605803157,46.83476525899477],[4.73493794371695,46.83471990262457],[4.734826147605644,46.83457648375189],[4.734804193183798,46.834542078648056]]],[[[4.734405187656175,46.835333877817725],[4.7343965033769315,46.83548115784754],[4.734392063003851,46.83548224246833],[4.73435486287276,46.8354828032846],[4.733908513325392,46.83549362008184],[4.73390106280298,46.835493732372925],[4.733911157636876,46.835669332372],[4.733911023984449,46.83575824164258],[4.733911448905792,46.83577151909181],[4.733919757463266,46.83584496390097],[4.733923898489195,46.835881682001634],[4.733977345712688,46.836062770674545],[4.734023848807311,46.83616629622674],[4.734273672567424,46.836109395093],[4.7344983560263705,46.836057978844245],[4.734784823278601,46.83598315153746],[4.73470323703098,46.83580658522388],[4.73479589235568,46.8360034192484],[4.734904463650504,46.836231696306214],[4.734960227365854,46.836206332024126],[4.735042429866347,46.83616932949341],[4.735300998431546,46.83615316348029],[4.735321318477583,46.83613651108155],[4.735347416864068,46.8361146561081],[4.735373876632192,46.83591807016624],[4.735409202678813,46.835812284104435],[4.73550597564235,46.83562587693737],[4.735071599506175,46.83573153997008],[4.73504449767763,46.83567575123404],[4.735014222005053,46.835613877267306],[4.735018552211702,46.83551673622827],[4.735023320711041,46.83543287243503],[4.734405187656175,46.835333877817725]]],[[[4.734895496740568,46.83632380083551],[4.735037048058276,46.83660573352144],[4.735348810781334,46.83657650802358],[4.735374638793229,46.836406490346064],[4.735366590632348,46.83624823214815],[4.735310509930048,46.83621739493531],[4.735065300952595,46.83623233279923],[4.734881253635844,46.8362974479099],[4.734895496740568,46.83632380083551]]],[[[4.746775013258043,46.83558612060764],[4.746755205079633,46.835526134963374],[4.746750218244967,46.835509855719906],[4.746738255589282,46.83546200816538],[4.746718988056285,46.83537238444879],[4.74670863900276,46.83537458594835],[4.746553675964108,46.83518687526937],[4.746255169175474,46.83516483890318],[4.745811623122195,46.8352165287775],[4.74545199607896,46.8352383405768],[4.745164991671384,46.83520386065426],[4.744714454257249,46.83513099085427],[4.743883187466297,46.83493309664549],[4.7437662645331455,46.834955303641905],[4.743481971171617,46.835004579558664],[4.743330878378592,46.83502934831418],[4.743054925250332,46.83506009746448],[4.742224407687747,46.834885676744804],[4.74186650992841,46.834683669461505],[4.741640881494505,46.834566503825066],[4.741207178838153,46.83413674502085],[4.741136425044484,46.834066290043],[4.741022489682268,46.83394947708799],[4.7408917730525655,46.83386664553453],[4.740836348205697,46.83385624473519],[4.74059271238436,46.833873215134474],[4.740446887635836,46.83387644808411],[4.74037250925985,46.83387859100489],[4.740368049581048,46.833878658472045],[4.739902770446957,46.83334616357725],[4.739476816211713,46.83343537941176],[4.739380408579606,46.833586021860334],[4.739591245614562,46.83393843662715],[4.739748542247551,46.834246693643685],[4.739921357513604,46.83448114556016],[4.740017918175396,46.83461354160388],[4.740053373232986,46.834604836880786],[4.740331316941281,46.83486732786479],[4.740365442550098,46.835002712470335],[4.740410073835174,46.83504802202495],[4.740510669203486,46.83512007032955],[4.741144402815969,46.83551921904125],[4.741472100779555,46.83589335849137],[4.741735104491542,46.83615403698428],[4.742026822686896,46.83638157023779],[4.742274964737997,46.83655050308136],[4.742632067039642,46.83681996734704],[4.743359655631293,46.83745065934266],[4.743374954930689,46.837509696137936],[4.743303812375946,46.83751996931176],[4.743296407732189,46.83752110819851],[4.743278328079097,46.8374682466244],[4.742634990785122,46.83691086586631],[4.742561893722728,46.836906866636234],[4.7423953206922524,46.837005447722134],[4.74218269790157,46.83710777894093],[4.742088288294824,46.83718176104856],[4.742040851381622,46.8372345971736],[4.741993330832567,46.837331365903154],[4.742023275753845,46.83756797791848],[4.741953654040967,46.83771821676672],[4.7418521217954455,46.83798747588609],[4.741833806360603,46.838066438747454],[4.741815415715031,46.83823531880806],[4.741906559078182,46.83856909778275],[4.741955820485094,46.83880439960345],[4.742072795452267,46.839432076840325],[4.7421527754250485,46.83941859960629],[4.742168172675684,46.8394807060864],[4.742141713871757,46.839491319550085],[4.742191068770574,46.83959071007263],[4.742241514177648,46.83958483978401],[4.742244080359347,46.83961851944037],[4.74231990756476,46.83970729621899],[4.74231033978756,46.83987298064361],[4.742331861000075,46.839894107060694],[4.742414633980253,46.83996745035944],[4.742544246645703,46.84006153652822],[4.7427506200685,46.840135051913315],[4.742814803866279,46.840186188488744],[4.7428719282590945,46.84020269577138],[4.743123601683685,46.840202971825036],[4.743520436348795,46.8400406235097],[4.743610043796567,46.840002475996755],[4.743669984801746,46.839967849068486],[4.74399790801214,46.839746248106366],[4.74424568181041,46.8395789967884],[4.744280810486267,46.83956007392984],[4.744363456431026,46.83958334432513],[4.74452729894545,46.83963092459715],[4.744738344112801,46.83971049870496],[4.744764637848354,46.83969477172267],[4.744788065449653,46.839682150245906],[4.745102508107438,46.83950469083408],[4.745414003980293,46.83932830191417],[4.745549251260949,46.83927413220324],[4.745663930583656,46.83922846087832],[4.746041842290108,46.83907966559416],[4.746090363427442,46.83906053892015],[4.746246222537762,46.839044889529085],[4.746449436146859,46.83902034363917],[4.746499946434841,46.83901651485081],[4.746799871369883,46.83898947352347],[4.747241853236496,46.83898072683152],[4.74728362755226,46.83898315446574],[4.747355001797644,46.83898002612077],[4.747330494182432,46.838728004379796],[4.747321442353215,46.8386320925549],[4.747312126942526,46.83852800725579],[4.747269318413627,46.8380780226855],[4.747217749257031,46.837448338664615],[4.747207755602623,46.83723083265652],[4.747281011695972,46.83691703966037],[4.7472965719538385,46.83684527742217],[4.747298001302773,46.83675124173042],[4.747238896499553,46.83653449056343],[4.7472264063011265,46.836516289932796],[4.747130206668145,46.836350166608206],[4.746873370317955,46.83586563347008],[4.746867019827466,46.83585346367799],[4.746775013258043,46.83558612060764]]],[[[4.740907319913069,46.83560149253187],[4.740876610672187,46.83552633368076],[4.740853975896181,46.83547047862483],[4.7407956944832845,46.83537122258328],[4.740466806620136,46.83514526632278],[4.740357619604575,46.835083560780454],[4.740229805485115,46.83490565304087],[4.739884086490115,46.83457265204107],[4.73964796932366,46.834267631517804],[4.7394322776412485,46.833903033070044],[4.7392388864056345,46.833630057559134],[4.738905025763614,46.83385173534076],[4.7380673812454965,46.834289477715],[4.737544314238615,46.83450787666152],[4.737152223997839,46.83467831077259],[4.736776159143131,46.8347453016826],[4.736442226799125,46.83477895458887],[4.736441181646151,46.834932243663694],[4.736453518605711,46.83503832837678],[4.736469800888896,46.83508202293814],[4.736030457677655,46.835218421127806],[4.735773441525472,46.83532959683048],[4.73573380711162,46.835347567411795],[4.735641354869454,46.835389831512224],[4.735604580148052,46.835403670176674],[4.735644715094562,46.83544802266811],[4.735693848608679,46.83549429275346],[4.735562928898078,46.83573026195132],[4.7354720229073335,46.835960529965895],[4.735409896517248,46.83685659193001],[4.7354452646563026,46.837495718770704],[4.735480001230458,46.83774350826426],[4.7355209448927855,46.83804534817918],[4.735613836506207,46.838156350777254],[4.735672788980625,46.838230058128396],[4.735703829346826,46.83826944139706],[4.735916099670942,46.83848081577792],[4.736049611428161,46.83860448899409],[4.73611434382351,46.83867300250865],[4.736188229068895,46.83879450426513],[4.736222337466317,46.83897587473293],[4.736223950766358,46.838979939111134],[4.736215554957071,46.83908939865094],[4.736221425021955,46.83941221117623],[4.736258012287386,46.83971718755856],[4.736231867358351,46.83983100364728],[4.7362425029221855,46.839883978538886],[4.736193683029979,46.839893910376794],[4.73618645159861,46.83994715488777],[4.736147329503774,46.84021342216117],[4.737234000526077,46.840015134266565],[4.737416041337764,46.840351632468284],[4.73746774111019,46.840338594586306],[4.737552571609181,46.84047627609503],[4.736675130824242,46.840790972495604],[4.736887651068623,46.840870529599236],[4.737067437249638,46.84090460490868],[4.737142362124055,46.840918792904944],[4.737181290937204,46.840925364911996],[4.7376204462715945,46.841013764774175],[4.737777864860388,46.841093134733654],[4.737833209600564,46.84114746956176],[4.737920910677792,46.84123505210231],[4.737973703765886,46.84130270925585],[4.737992324915392,46.841325933633314],[4.738012494029649,46.84135117898663],[4.738054412612059,46.84140469884381],[4.738109640235404,46.84145495559502],[4.738171039990857,46.84151226984167],[4.73824624044779,46.841581641732446],[4.738350788652515,46.84159130169931],[4.739011003191675,46.841328931765375],[4.739693958923157,46.8411254825867],[4.739931316986073,46.84100438306684],[4.7403061518624305,46.84066661757853],[4.740462441470944,46.84052528177906],[4.7409525881311785,46.84002228354306],[4.741074382278681,46.83996627839788],[4.741794242915469,46.83966109328662],[4.741972874996442,46.839427456645126],[4.741877093601397,46.8388106979623],[4.741866728650558,46.8387658968604],[4.741738086671209,46.83823853387694],[4.741769653787285,46.8380622945686],[4.7417783617806295,46.83800902723853],[4.741832373442935,46.83783654583719],[4.741953188248124,46.83756495040027],[4.741918488175164,46.837319215222735],[4.741963096584013,46.83722452597912],[4.742037764213656,46.83713858571758],[4.7421615103936885,46.83705087553341],[4.742325842295543,46.836974816769505],[4.742505447217945,46.83686480789555],[4.742512704744227,46.83681258012781],[4.74226688157484,46.836623178000494],[4.742004886817022,46.83644015333169],[4.741673671101439,46.836188685578925],[4.741044451727202,46.835559565670785],[4.740975515504148,46.83559228307996],[4.740907319913069,46.83560149253187]]],[[[4.736110662006678,46.83911550484298],[4.736104094233713,46.83905021138501],[4.736100821326993,46.83894807869743],[4.736095837378434,46.838931799007526],[4.736054946087055,46.83877096547134],[4.7359791633390325,46.83868321072989],[4.735822048729909,46.83852004199035],[4.735524901911038,46.838633866615794],[4.735483347553605,46.83859157085379],[4.735351025333105,46.83845869293871],[4.735403772256315,46.83819937109852],[4.735462711862728,46.838180091795046],[4.735330959716128,46.8380645688272],[4.73519945650886,46.83795721040097],[4.734862561973804,46.83757399731491],[4.734512098190683,46.83709186780913],[4.734376882724686,46.836822096189266],[4.734263972383175,46.83664395746078],[4.734028291299437,46.836398178832454],[4.733951098292263,46.83631248841642],[4.733813068544534,46.835907875679034],[4.7338031799364515,46.83583139263713],[4.733772225126821,46.8349571691219],[4.733744936859386,46.83494225214983],[4.731689012322981,46.83560573549869],[4.731800638823106,46.8357440444331],[4.731752115612401,46.8357631650986],[4.7318348937623345,46.835930520296024],[4.731712073827613,46.83595484806155],[4.7316722547953525,46.835966686909124],[4.731650255801766,46.83597723984215],[4.731631593469722,46.83599898203162],[4.731620205189735,46.83601549932637],[4.731639735842383,46.83606732305653],[4.731539515443823,46.83609948791106],[4.731544660596105,46.836120862753525],[4.731516608168888,46.8361284357241],[4.731203402287976,46.836205701535405],[4.731186542348952,46.83619062703804],[4.73112872668734,46.83619864777817],[4.731070943796472,46.836207694679224],[4.730813287319605,46.836252449482764],[4.730770578018102,46.83612740436978],[4.730721410264592,46.836033112801815],[4.730914936447201,46.835985243357605],[4.730859323897429,46.835875720605394],[4.730340909948758,46.83600817992154],[4.7292296926298,46.836275236250366],[4.727396583053783,46.836925070041836],[4.72718910646956,46.83700278158263],[4.7269417625696235,46.83709130396059],[4.7265447698908405,46.83724951747171],[4.726280579526918,46.83736996523382],[4.726259963683868,46.83737743432114],[4.726170250564168,46.83741249877849],[4.726729799344944,46.83838301597902],[4.726717953470488,46.838385238122726],[4.72615846998324,46.83741676424559],[4.725993573977609,46.83747543547945],[4.725741700878049,46.83756197879571],[4.725685885935178,46.83758632160798],[4.725544667593354,46.837640557317215],[4.725324020068454,46.837725613684405],[4.725090030329203,46.8378129050242],[4.72496929717717,46.8378555933874],[4.724495015028731,46.83801903811751],[4.724266471581501,46.838089909267744],[4.724055227996781,46.83814313918774],[4.723974204851861,46.838170920922614],[4.723878436067857,46.83820301225418],[4.723506457490905,46.83835266275428],[4.723968158021519,46.8391039490159],[4.724062511035862,46.83907392321102],[4.724079564687321,46.839095119880604],[4.724095025783649,46.839113287388926],[4.723385867814347,46.8392894418042],[4.722953851419674,46.839377659341565],[4.722818666985942,46.83938786110187],[4.722720243719714,46.83938320179586],[4.722605241333634,46.83937266657723],[4.7223795602437715,46.8393464066765],[4.722175315003711,46.839339251340384],[4.722264673982023,46.839526948924814],[4.722366290800172,46.83967870025703],[4.7224272287096785,46.83976873021983],[4.722439170847576,46.83981658024348],[4.72241018494375,46.83984153741717],[4.722379411338214,46.839857326256414],[4.722366147568885,46.839861613523524],[4.722287559915184,46.839871985043914],[4.722289334456912,46.839881153568655],[4.72221977785196,46.83989446088624],[4.722106863184551,46.839996288319114],[4.722001158970037,46.84009085698115],[4.721976113620194,46.84009940924015],[4.721953980876321,46.84010586454317],[4.72181386278312,46.839913820000206],[4.721771179707214,46.83988277577933],[4.721480563693906,46.83973487865766],[4.721382713575882,46.839701597685476],[4.721291565705734,46.83969172192003],[4.721201900222811,46.83968182390646],[4.721052552457685,46.839714714334164],[4.7208888411538705,46.83985816943135],[4.7208708219597755,46.83990033467071],[4.7208475351773,46.84005804409733],[4.720823317452545,46.840233139928436],[4.720801577668189,46.84039287054211],[4.720633234925009,46.84043728391379],[4.7206257836954055,46.84043739534515],[4.720583925084071,46.840431888264575],[4.720027553980752,46.84059041743589],[4.7200262205322625,46.84059554374722],[4.719869548019501,46.84063263078757],[4.71986790360448,46.84062754899175],[4.71973032109754,46.84065617307172],[4.719700124995104,46.84059633854294],[4.719748948256686,46.840586404702904],[4.719739476811088,46.840569182791256],[4.719728334163742,46.84054686146962],[4.719623346419168,46.84056989185304],[4.7195523768048115,46.84058628067616],[4.719560897807062,46.84061987162066],[4.7195693085547665,46.84065040218766],[4.719579311959682,46.8406839709753],[4.719568928502538,46.840685152840244],[4.719575148240391,46.84078724144135],[4.719633785778055,46.840898768374274],[4.719667762102697,46.84107810045484],[4.719498476008913,46.84109288761979],[4.719464435854078,46.84119354253442],[4.719466542975232,46.841259929947206],[4.719363967143891,46.841265542534195],[4.719378707860063,46.8414012310827],[4.719529653955095,46.841371381064185],[4.719966314466229,46.84128822270962],[4.720264263997015,46.8412449346716],[4.720629442835651,46.841208817898256],[4.720963859531905,46.841188488224425],[4.720881416506701,46.84196835823625],[4.720874818570993,46.842042026560264],[4.720878769902461,46.84207262373093],[4.720903830299681,46.84225208881155],[4.720942422220572,46.84252945334229],[4.720934017297919,46.842592926928624],[4.720905879919185,46.84273845168378],[4.720850632491944,46.84301516632105],[4.720827237177511,46.84312281312689],[4.720749939890939,46.84350204796395],[4.720733249256802,46.84358607992611],[4.72060224512381,46.843822040577805],[4.720407629715292,46.84411821130869],[4.720289197250875,46.84428143164873],[4.72026209290945,46.844318626169716],[4.720197895064547,46.8444074659708],[4.720143724454442,46.844483889730874],[4.720038276814285,46.844633631886786],[4.720016855682164,46.84466256398725],[4.719948358482889,46.84475657426728],[4.7199090828359935,46.844926779307634],[4.719914453049768,46.845330318446216],[4.7199832790978755,46.84576254760072],[4.7199982308605835,46.84581137047129],[4.72015363568695,46.846296458034345],[4.720302507027221,46.84662326455515],[4.720624428157088,46.847333730219916],[4.720708201799632,46.84762675565234],[4.72095824360185,46.84785600007813],[4.721181228723733,46.84798345827427],[4.721549817023101,46.84814654476947],[4.722213618130212,46.84841352670289],[4.722421164780777,46.848523841148385],[4.722615479013346,46.84863946869063],[4.722796452761242,46.84866332695191],[4.72353038465425,46.848653354371585],[4.724446474556405,46.848704004332454],[4.724737009226363,46.848660825481744],[4.725075605430747,46.84858319812651],[4.727700325831694,46.847664028769735],[4.7278728143448046,46.84751531719276],[4.727928440331527,46.84734485468306],[4.727775594196146,46.84661552363535],[4.727187262125142,46.84670712078601],[4.727076306243665,46.846543247658644],[4.726674019663939,46.846164055051915],[4.725932749740816,46.84645720646951],[4.7258581076689845,46.84649817736938],[4.725668578212481,46.84657969589835],[4.725916925607935,46.84680179553521],[4.7255889031785365,46.8469303578017],[4.725150900316378,46.847112676449164],[4.724950560243616,46.84718209870742],[4.724501381291559,46.8472010973226],[4.724309617355585,46.84721214844037],[4.724126904728657,46.847227143314804],[4.724191702931539,46.84753169924252],[4.723991210294333,46.84764301773876],[4.723918912601686,46.84766453537374],[4.723449967800184,46.84767054216276],[4.723018654880802,46.84764225629748],[4.722993248859035,46.84763957469047],[4.722459435168198,46.84757297016053],[4.722378723546923,46.847563956530834],[4.722132063626295,46.84753495668838],[4.721693716253941,46.84737903986907],[4.721534885346916,46.84730171360334],[4.72133946455067,46.847104362915616],[4.72113000341682,46.84683977640541],[4.721081885837247,46.84659116656405],[4.721124808318333,46.84639535675349],[4.72116360926939,46.84639784741272],[4.721314026192493,46.846069636240685],[4.721452214427791,46.845778388048224],[4.7213680732373025,46.845755123612676],[4.7215156167706285,46.84547701912159],[4.72165622396992,46.84526237502878],[4.721679042814878,46.845230359682596],[4.721717669763464,46.84518073532239],[4.721783415860317,46.84504691380338],[4.721839327020807,46.8449786406137],[4.721918432624299,46.84489059446367],[4.721928524973483,46.8448802306868],[4.721941173084102,46.84485653587991],[4.72203247441938,46.844683507103134],[4.72219471652356,46.84449306166416],[4.722255790060385,46.844400178765625],[4.722237577508322,46.84438921193778],[4.722285366771295,46.84429959888151],[4.722345379610471,46.84422001558172],[4.722424453048784,46.84408395878199],[4.722380725534053,46.84406724086234],[4.7225407559697254,46.84380733802222],[4.722429230461563,46.84376609418272],[4.722477830877524,46.84370201876802],[4.722550893295793,46.84361100055035],[4.722618181211923,46.84352620178701],[4.722847154219851,46.84318659022881],[4.72288478203646,46.843199310597086],[4.723031227861365,46.843074501578414],[4.7231705461467035,46.84296001185851],[4.723295279626521,46.84285494448839],[4.723329831669043,46.84286463974521],[4.723432268589408,46.842760923835804],[4.723527049835652,46.84279117807644],[4.7236546625572045,46.84268299613438],[4.7237158099745935,46.842592164599004],[4.723719445381635,46.84251955812171],[4.723854865185129,46.84251651163879],[4.724006527404968,46.84246212180546],[4.724080008048601,46.84243139116803],[4.724422714754383,46.84239049279502],[4.724574070348811,46.842326911705385],[4.724684267204676,46.84223329106734],[4.724664188334126,46.84211710890639],[4.724624043857295,46.84197873961401],[4.724618998313235,46.84196042506362],[4.724597378015611,46.8417962281775],[4.724635427779655,46.841728221186386],[4.724576830934317,46.84157173827418],[4.72443806503436,46.841469592091904],[4.724380164829583,46.84138156198474],[4.7241215426434735,46.841209677292525],[4.724091894377101,46.841120206015155],[4.723962493871047,46.84093821615242],[4.723854545312935,46.84063430620091],[4.723894402397579,46.84057648512118],[4.723952568672139,46.84053270016839],[4.724157898342713,46.84043356576469],[4.724196337620458,46.84042482131713],[4.724242117003479,46.84041288681601],[4.724573113695816,46.84028530971376],[4.724937242494268,46.84021649418661],[4.725050913989994,46.84018516029707],[4.725163187332453,46.840156909286996],[4.72540246034054,46.84009507970687],[4.725557469462016,46.84005290360957],[4.72576889580309,46.84005177685904],[4.725943105662706,46.84005120801285],[4.725856760288236,46.83977149891407],[4.726127325192652,46.83975721823594],[4.726167473759189,46.839755598215035],[4.726409820838979,46.83974378457779],[4.726681457749638,46.839716202694255],[4.727205368638625,46.839661336677295],[4.727206199811412,46.83964088963999],[4.727409293966989,46.839612290622256],[4.727693541916774,46.83956000271835],[4.728367245817616,46.83943952485066],[4.728473071463888,46.83939603923788],[4.728578929682865,46.83935357971709],[4.729118207115787,46.8391738042268],[4.729144733247021,46.83916522813297],[4.729342382469427,46.839059057907185],[4.729568691264096,46.838964713638084],[4.729625079608868,46.83895875054544],[4.729665762217132,46.83897346712542],[4.729763402717781,46.838953608962896],[4.730043525387526,46.83886560540807],[4.730347829594689,46.83874250138621],[4.730437248366669,46.838698233986015],[4.73049182303601,46.83886805857135],[4.7307575842780425,46.83907660224635],[4.730849750071717,46.83916514051554],[4.7310032046686725,46.839120935995396],[4.731050887715453,46.839168247506706],[4.7310865484755755,46.839212668845605],[4.731069021298317,46.839223154353505],[4.731159085062467,46.83929229809613],[4.731187237265773,46.839287794784866],[4.7312366310724085,46.83934222222769],[4.731306046817643,46.83941781863676],[4.73131530673356,46.83942790108943],[4.731266943157275,46.83945212547122],[4.731257702493237,46.83948905397518],[4.731304915861519,46.83952206193949],[4.7311402345793425,46.83958789703009],[4.7310934643315345,46.83961516840193],[4.731074865527829,46.839638944854265],[4.731112884575154,46.83966392280271],[4.731081055515223,46.839693013718616],[4.731122345816085,46.83972712855073],[4.7312126850828955,46.83980445455125],[4.731498325249139,46.84002904331956],[4.731550632860551,46.84008139142772],[4.731585962231747,46.840068602575066],[4.7317844250225125,46.84026793499446],[4.731749259008541,46.840285836847286],[4.731939175134784,46.84045056156075],[4.732064787245717,46.840560047672014],[4.732005811321015,46.840578308035646],[4.731962136057691,46.840609621873526],[4.732033846492127,46.84066372205094],[4.732194057519744,46.840783926644214],[4.732340718909415,46.840946230876995],[4.732507396905639,46.841082692548234],[4.732674133737943,46.84117418621205],[4.733002779227237,46.84148600414],[4.733315421365184,46.841762299475484],[4.733708725992687,46.84204657370487],[4.73369210051543,46.8420856580296],[4.733854771218199,46.84228246426389],[4.734163101764067,46.842470941927765],[4.734480340173042,46.842472293197474],[4.736010814578421,46.841808516434426],[4.736019463642506,46.84175321522406],[4.736014250420415,46.84172978824052],[4.736052663200775,46.84130208139906],[4.736060449251853,46.840894253535716],[4.735524068744824,46.840653014672526],[4.735561066450669,46.840599321218185],[4.735440028332045,46.84053984315438],[4.735008755337825,46.84032562855921],[4.734996628155674,46.84031866067503],[4.7350160875390275,46.840182466780846],[4.735020931000353,46.840147648615705],[4.735035363327776,46.84004013355709],[4.735192492087712,46.83997134471495],[4.7352428731572305,46.83996343412117],[4.735279651065743,46.839949595589516],[4.735383574199994,46.839939859707606],[4.735490890664203,46.83989634509051],[4.735621721262818,46.84002924535221],[4.736133147604245,46.83981716513499],[4.736155277552293,46.8397177111825],[4.736162943446305,46.83953878140422],[4.736089907334356,46.83935083858077],[4.7360947174348995,46.83931500317653],[4.736100018495783,46.83929448857381],[4.736119203389333,46.83919610573544],[4.736110662006678,46.83911550484298]],[[4.72089779551142,46.84206211741521],[4.720900643931422,46.84205799511504],[4.722175800989802,46.84225860727135],[4.722174435366651,46.842262716416066],[4.72089779551142,46.84206211741521]]],[[[4.736172254188467,46.84136260736197],[4.736110346295667,46.841800890571434],[4.736099056847394,46.84191345570772],[4.7361887456482785,46.84238827620626],[4.73627901233513,46.84288148711568],[4.736582675195842,46.84371378607071],[4.736887633462246,46.844399933453964],[4.736961725101255,46.84452757363604],[4.737020173002157,46.84463193529592],[4.7373673201573245,46.84454392916941],[4.737608733051518,46.844409489798025],[4.737791268419311,46.844389360583065],[4.737981438942406,46.844375248831504],[4.738260995088909,46.8444548176827],[4.7384523128733145,46.84447645061887],[4.7386059983927105,46.84448536802606],[4.7386063662611715,46.84445061734779],[4.7386100071771775,46.84442501233228],[4.738654093148417,46.84412802198949],[4.738781392925388,46.84382567640564],[4.7388191987494865,46.8436115459309],[4.7387931477702345,46.84335647553955],[4.738790585487858,46.84318382428483],[4.738874289874611,46.84277587551522],[4.738858072445972,46.84245628159418],[4.738825231564327,46.84231474430247],[4.738239298084681,46.841690061761796],[4.73759626603218,46.841095877398466],[4.736810669299432,46.84093096015565],[4.736172254188467,46.84136260736197]]],[[[4.739600616054828,46.856722079302685],[4.73960012394004,46.85670675858911],[4.739598168853184,46.85669248666841],[4.739590354342817,46.85663435420466],[4.739524999543082,46.85631551318622],[4.739412316742964,46.855079778433],[4.739443651713253,46.85508134918943],[4.73943500515172,46.85485872624605],[4.7393140312595685,46.854338397510176],[4.739243350312208,46.85343616682931],[4.73888624339385,46.85191699606694],[4.738815710436781,46.851482758000685],[4.738770998428959,46.85120345579597],[4.738522884891602,46.850387696521715],[4.738327394036733,46.84977244337761],[4.738089100892575,46.84944803603614],[4.738067183842877,46.849414639677875],[4.738102963922529,46.848673276340115],[4.738231019506423,46.84834742392751],[4.738707339465911,46.847689320358796],[4.739196414214607,46.84691861800947],[4.739227903460414,46.84669334358751],[4.739056339729311,46.846266765199644],[4.738877917490113,46.84581167816171],[4.738046159506039,46.845185602914505],[4.737676779946121,46.84504505957343],[4.736881567187686,46.84476788361314],[4.736760652992922,46.8443875486437],[4.736730270394277,46.84422961891377],[4.736667568441019,46.84408546981717],[4.73647722997371,46.84372252821347],[4.736331003852047,46.84329556349251],[4.73625195019403,46.843059691747825],[4.736229218657966,46.843000766338896],[4.736193265988437,46.84290117123989],[4.736053836557995,46.84222171066655],[4.735933505022361,46.842416650686204],[4.73547062742042,46.842610633677026],[4.7350056945294225,46.8427872641812],[4.734511735360668,46.842940833702144],[4.734255472610969,46.843123519357704],[4.73388562690602,46.84333959011265],[4.733152784822307,46.84352127645462],[4.732764422713519,46.84367120327919],[4.732419887021526,46.84384091247045],[4.732480826007997,46.84388392610282],[4.732694804797067,46.84414842479965],[4.732646628661133,46.84427177565702],[4.731777039182651,46.84455564945588],[4.731757884159755,46.84456207081649],[4.731281722255211,46.84471433147955],[4.731194843194949,46.84413932834151],[4.730319071869091,46.84436913114995],[4.730359699374242,46.84484878164242],[4.730405755350614,46.84484501800197],[4.730423145076192,46.84492344165502],[4.730266885285969,46.84515978460665],[4.730162891134755,46.84521448356409],[4.730168180763964,46.84542694490634],[4.730477568284763,46.84536813955286],[4.730655087576296,46.8456107112802],[4.730794041944953,46.84557796493452],[4.730847967328115,46.845634377729404],[4.730881156698622,46.84569416445121],[4.730881148346389,46.845787151219014],[4.730850561301827,46.845902059181846],[4.730595924647367,46.845809831498755],[4.7300667207151506,46.845467304181746],[4.729590603621106,46.845201635010376],[4.729334276911617,46.845056294792684],[4.729093640185448,46.84488926602992],[4.728785444537582,46.84503185030313],[4.728765053934699,46.845046458132444],[4.728734761945201,46.84540353148672],[4.728768848409521,46.84549191725911],[4.728916523021555,46.84568589344739],[4.728958245913756,46.84587328407673],[4.728601754672013,46.845996149852276],[4.728477802960528,46.84607873230147],[4.728284046534492,46.84616747846347],[4.728309488507164,46.84631117371836],[4.728474733983574,46.84668268222897],[4.728545749368408,46.84685430478752],[4.728591728848383,46.84684849869843],[4.7288708416736345,46.847240774938314],[4.729069374799466,46.847535150745806],[4.729264047811978,46.8474750015158],[4.731163007333431,46.84673116759485],[4.731106556255153,46.84645611901393],[4.730910875258061,46.84625163723058],[4.730620375219928,46.845875882785506],[4.730869963910135,46.84594978715495],[4.7311310643074345,46.84624423611342],[4.731336410913786,46.84656506431957],[4.731569237527427,46.84676695108937],[4.731594219124508,46.84675635338605],[4.731746158951496,46.84699011330997],[4.731780473535283,46.84703864339401],[4.731547884618321,46.84712389076304],[4.731665666722499,46.847407211275595],[4.731701294376304,46.84740360408341],[4.731768513386308,46.84754974099386],[4.731899157830554,46.84753653532456],[4.732136418731203,46.84773732756779],[4.73226346462684,46.84770475879044],[4.732452807601484,46.8478970766465],[4.732907446387146,46.84842158314233],[4.733089056319741,46.84869780796974],[4.7332356352588265,46.849043023526384],[4.7333956238132915,46.84934205243035],[4.733515879424518,46.8495159923867],[4.733484834212096,46.84970958401323],[4.733525045383187,46.850034949227926],[4.733464538798009,46.85009920865762],[4.733311472374683,46.850109691707516],[4.73302322067503,46.85003841899691],[4.732719786255456,46.85014414324734],[4.7323989763194145,46.85017247884279],[4.731948004983346,46.8502753156166],[4.731875067011917,46.850416411005995],[4.731900239434081,46.85064491866021],[4.731887058384857,46.850838240844915],[4.731940428373519,46.85097027554022],[4.731987044982084,46.85098388441508],[4.732303953735643,46.85092699683794],[4.732430373708907,46.850921005023935],[4.732564545356588,46.85078512946275],[4.732798696414542,46.850701901169124],[4.733703780876688,46.85064024033536],[4.7338826738839215,46.85059872035671],[4.734266025873146,46.85103538880847],[4.734618786201088,46.851399974093],[4.734764969202877,46.85159293882199],[4.734854720794836,46.85169785621846],[4.735091748204165,46.851983464279584],[4.735170842419983,46.85222035342406],[4.7351868663081635,46.85234887009441],[4.7352405196504765,46.85258205406563],[4.73522803817929,46.85270384078984],[4.735168478703185,46.852890711968975],[4.734481448213362,46.85483232457737],[4.7335785435681865,46.85431253313039],[4.73323610824279,46.85408471581916],[4.733093269473211,46.853949940413955],[4.732862351630952,46.85366935181083],[4.732689355543233,46.853429786411326],[4.732701383431147,46.853153707858475],[4.732878598463726,46.853013095307155],[4.732500849350185,46.85275208032789],[4.73218959847194,46.85252072852376],[4.732052057616194,46.85255141060999],[4.7316635654493915,46.85209334222115],[4.731607871571863,46.851655815310686],[4.731542725710218,46.85143505986741],[4.731267612229644,46.8512624211107],[4.730902715846568,46.85112281513747],[4.7305267463523215,46.850869944525364],[4.7303549165341385,46.850713122924496],[4.730208887093538,46.850571241302475],[4.7301148582939305,46.85037851360043],[4.729976525858039,46.8501976822871],[4.729942210889283,46.850149151707484],[4.7299188683706825,46.85011782866266],[4.729890627396577,46.85007328645725],[4.7298105735772005,46.849991725100125],[4.729733498092787,46.849910109915136],[4.729696270397873,46.84986366739846],[4.729725793458305,46.84985505523242],[4.729686623696873,46.84970134492966],[4.729661031073055,46.84959954801387],[4.729577832291284,46.84946591629418],[4.7295758579318115,46.84935763131419],[4.729540439309161,46.84932137431367],[4.729523782170283,46.84921944306494],[4.729406563966282,46.84904647115116],[4.729318001302891,46.8489783211268],[4.729196749402068,46.848772708988605],[4.729040364408852,46.84872601241596],[4.72845154540983,46.848149353930104],[4.728383787523621,46.8480798640284],[4.728228033846733,46.84791257612924],[4.727989011097939,46.8476096209001],[4.727012148028464,46.84794105250884],[4.726932607445085,46.847968813804535],[4.726106367839059,46.848260169954656],[4.7257749357017,46.84837549994251],[4.725222647428399,46.848570771954904],[4.725087128991236,46.84861777032459],[4.724738212485087,46.84869861441497],[4.724447580176638,46.84873873270655],[4.723516611209957,46.848688305598984],[4.72335285612079,46.84869075813187],[4.723140043422825,46.84869598939313],[4.722974773051338,46.84869743740016],[4.722799072275387,46.84869905033294],[4.722762772519887,46.848728205661466],[4.724326976776025,46.84995651363194],[4.724352936742982,46.84997655912434],[4.725582885359198,46.85090228773145],[4.725706102198466,46.850983213677424],[4.725932740649274,46.85113104262091],[4.726133516614107,46.85126188659248],[4.726396211525539,46.85141939555871],[4.726625428491807,46.85155492740238],[4.726828860735413,46.85167551759823],[4.726840450932842,46.85171212396157],[4.726842305188352,46.85172334456297],[4.726861009604947,46.85174963142888],[4.728420387833657,46.85282059696158],[4.72847508335381,46.8528545114117],[4.729168438593281,46.85343777655345],[4.731085085878934,46.85529116967791],[4.734462644699504,46.85712865783778],[4.7346219152709565,46.857218217236],[4.735597338592149,46.85776756366129],[4.735661045519547,46.85780338325186],[4.737063833135507,46.858254312064496],[4.737554553640557,46.85841346090771],[4.737583140960488,46.8584222244068],[4.737772807102358,46.858483735418815],[4.738808403707594,46.85881756178015],[4.740104409932137,46.859235313355306],[4.740104083266853,46.858715206074784],[4.740104114801073,46.85857726129144],[4.740065380643744,46.85829888724518],[4.740046542629814,46.85822254031934],[4.740043071546202,46.85820726464957],[4.739963724323623,46.858009207322205],[4.739726840656703,46.85731283583401],[4.739600616054828,46.856722079302685]],[[4.736568684985689,46.847829930197264],[4.736565839147648,46.84792704859344],[4.736510132245111,46.848140430358704],[4.7357285700889795,46.84805820859733],[4.735611508034511,46.84793735791883],[4.735514223361862,46.84792247035946],[4.735292884508094,46.847708160967585],[4.735018388032378,46.84769390989755],[4.735016162028328,46.847717440051326],[4.734768926291723,46.847810074537044],[4.7347519963083275,46.84779295724029],[4.734659031425155,46.847819899635525],[4.7346241032488425,46.84770598724181],[4.734450348316286,46.84776786566849],[4.734364203676184,46.847682310468564],[4.734508788421656,46.84759327755921],[4.733885371580945,46.84714693459576],[4.7337613927334035,46.84722850552478],[4.733573297528214,46.84712200688766],[4.73343611896668,46.84720990938622],[4.73279416711763,46.84678938081787],[4.732832210099048,46.84672137121008],[4.732224025990265,46.84586606303933],[4.7325442405618645,46.845680375090744],[4.733103638272784,46.84552276695649],[4.733654919191547,46.846135730675236],[4.734485978236407,46.84613649042304],[4.736771792589893,46.84715040765493],[4.736711120517,46.847255549595104],[4.736618447959207,46.84761663808149],[4.736491689139682,46.84761140027529],[4.736479557388402,46.84765143480995],[4.736478805470452,46.847720927287725],[4.736589465859644,46.84773458549117],[4.736568684985689,46.847829930197264]]]]}},{"type":"Feature","id":"inao-denom-811","properties":{"id":"inao-denom-811","name":"Clos Marcilly","tier":"premier_cru","kind":"vineyard","appellationId":203,"denominationId":811,"sourceName":"Mercurey premier cru Clos Marcilly","communes":["71294"],"areaHa":7.48},"geometry":{"type":"Polygon","coordinates":[[[4.7391654004781385,46.83361379591733],[4.739167525571322,46.83358719602907],[4.738322968240595,46.832602652205274],[4.738087375681042,46.832684888552386],[4.7380158415801565,46.83258992011389],[4.737836181634767,46.832326956704044],[4.737814488075206,46.832300716658466],[4.73780517603571,46.832288600136145],[4.73775014288153,46.83219746199356],[4.737715557098066,46.83214076018397],[4.737441982057926,46.8321990545933],[4.737371868847307,46.832194998090934],[4.7372569575020425,46.83218652067367],[4.73695236338425,46.83220644838968],[4.736555705054794,46.832233889184344],[4.736386536454613,46.83225177099334],[4.734563766456729,46.832566408242485],[4.73454655577125,46.83258710238675],[4.734750555554251,46.833982920906905],[4.734774513640319,46.83412663775872],[4.734786085999825,46.83416222611216],[4.734906394673899,46.83452520921321],[4.735075623397459,46.83474132289999],[4.735220268944219,46.8348413324423],[4.736274456467137,46.83474775925483],[4.7365847779988,46.83472059633768],[4.737135044150912,46.83460704443123],[4.738472885975425,46.83402686821178],[4.738705526629353,46.83389869106665],[4.739063096876489,46.83367359342227],[4.7391654004781385,46.83361379591733]]]}},{"type":"Feature","id":"inao-denom-812","properties":{"id":"inao-denom-812","name":"Clos Tonnerre","tier":"premier_cru","kind":"vineyard","appellationId":203,"denominationId":812,"sourceName":"Mercurey premier cru Clos Tonnerre","communes":["71294"],"areaHa":2.97},"geometry":{"type":"Polygon","coordinates":[[[4.7218165386083975,46.83887355517826],[4.721824303271201,46.83883664961048],[4.721794365635914,46.838784989129906],[4.721740781191996,46.83873878889819],[4.721688960296074,46.83865474620605],[4.721632814644435,46.83848086165909],[4.721638970166651,46.83825290061304],[4.721678218608102,46.83789466835964],[4.721655123816079,46.83740249563152],[4.721394283834231,46.83739413255566],[4.721114162189402,46.83724811295144],[4.720912234462663,46.83721945960276],[4.720599204959329,46.83725581549012],[4.720269411571799,46.83732716619372],[4.719907715001294,46.83747257159371],[4.719325117469704,46.837788851144026],[4.719318870068743,46.83777974041389],[4.719134992811562,46.83785095145998],[4.718954222468877,46.83792620448931],[4.718704900911504,46.838046421386],[4.718786670127833,46.8381831441031],[4.718832193307331,46.838257060362444],[4.7188824488392145,46.83833907430654],[4.718905909567439,46.838374486458555],[4.719219983883907,46.838370820327896],[4.719383634176972,46.83831931930845],[4.719436766930904,46.838304223788114],[4.719450776210724,46.83832343126853],[4.719497309301432,46.83838199503423],[4.719534488080974,46.83842742380478],[4.719729640257639,46.83866464185423],[4.719736406167294,46.838690081623106],[4.719751939534678,46.83875729506986],[4.719775150550015,46.83883153547622],[4.719802595143176,46.83889857086804],[4.720032416368946,46.83882053890253],[4.720262431583448,46.83874863662534],[4.720320189152614,46.83887959326752],[4.720800356132271,46.83880701126779],[4.7208848008639395,46.83879349110725],[4.72091377143989,46.83890852322091],[4.721103537625565,46.83888217904351],[4.721297764024785,46.83885577682697],[4.721312195679345,46.83888825256052],[4.7217792037566895,46.83891702732784],[4.7218165386083975,46.83887355517826]]]}},{"type":"Feature","id":"inao-denom-813","properties":{"id":"inao-denom-813","name":"Clos Voyens","tier":"premier_cru","kind":"vineyard","appellationId":203,"denominationId":813,"sourceName":"Mercurey premier cru Clos Voyens","communes":["71294"],"areaHa":2.48},"geometry":{"type":"Polygon","coordinates":[[[4.730437248366669,46.838698233986015],[4.731064253386756,46.838468092038475],[4.730955951606576,46.838433958720394],[4.730546900112259,46.838308291576304],[4.730290957523933,46.83812719411922],[4.730217841388284,46.838076176070665],[4.729993925061775,46.83787210838185],[4.72989080257849,46.83786037514702],[4.729495432059465,46.837882674131365],[4.728954587001432,46.83796641739294],[4.728690801812521,46.83800614397265],[4.728132273742105,46.837955266426455],[4.7279430192281575,46.837950958254204],[4.727748378966354,46.83801110540667],[4.727632338120444,46.83810787908401],[4.727712256659629,46.838232357439416],[4.727773644305126,46.838429675214236],[4.727993064766567,46.83867979015639],[4.728111080627494,46.838738312623285],[4.728388497103453,46.83931250047737],[4.728473071463888,46.83939603923788],[4.728578929682865,46.83935357971709],[4.729118174650422,46.83917278703876],[4.729144733247021,46.83916522813297],[4.729342382469427,46.839059057907185],[4.729568691264096,46.838964713638084],[4.729625079608868,46.83895875054544],[4.729665762217132,46.83897346712542],[4.729763402717781,46.838953608962896],[4.730043525387526,46.83886560540807],[4.730347829594689,46.83874250138621],[4.730437248366669,46.838698233986015]]]}},{"type":"Feature","id":"inao-denom-814","properties":{"id":"inao-denom-814","name":"Clos de Paradis","tier":"premier_cru","kind":"vineyard","appellationId":203,"denominationId":814,"sourceName":"Mercurey premier cru Clos de Paradis","communes":["71459"],"areaHa":7.5},"geometry":{"type":"MultiPolygon","coordinates":[[[[4.714042354430531,46.81784595033928],[4.714197078259821,46.81774963066285],[4.714445522011451,46.81760389370953],[4.714008408970731,46.817337581407074],[4.713997157612859,46.81731118140032],[4.713984604987677,46.817290924864096],[4.713792849346874,46.817157882026905],[4.713616997616955,46.81705729367672],[4.7136124103598,46.8170532823115],[4.713477253159305,46.81696843327148],[4.713446822545037,46.81694743437223],[4.713404130187984,46.81691536965719],[4.713335433231651,46.81686121337581],[4.713340772865682,46.81684171689688],[4.713104223618611,46.81670423386959],[4.713118622204489,46.81668869118158],[4.713095968440268,46.81667880682538],[4.712953798048833,46.81660735450637],[4.712836072897712,46.81655597254507],[4.712677635367938,46.816487824207364],[4.712378898361948,46.8163604609495],[4.7121685701875045,46.816252215344306],[4.712044921936638,46.81638995660977],[4.711960049703315,46.81648318026638],[4.71164936046383,46.8167790225835],[4.7114309371981244,46.81693249317939],[4.711245659161741,46.817051733707075],[4.711028758927812,46.81715918723952],[4.711021130463008,46.81715316765431],[4.710914096096536,46.81715783107315],[4.710882108294426,46.81718181257814],[4.710757432245322,46.817145851101486],[4.710694326772702,46.81722138641604],[4.71037272014765,46.81759607277021],[4.710510873803078,46.81786991651035],[4.710529687317139,46.81790028406955],[4.71060355139114,46.8180238463277],[4.710792261972708,46.81843795349387],[4.710882449875261,46.81865425956355],[4.7108691050288805,46.81884452041583],[4.71096276605398,46.81902910069601],[4.711043409908787,46.81913212722983],[4.711274453167842,46.819378020409836],[4.711350235140206,46.81951483748689],[4.711350267260366,46.81951585468531],[4.711416943377991,46.81960069858059],[4.711512292150014,46.81969737290272],[4.711659652272923,46.81983823998621],[4.711792761424676,46.81999975357537],[4.712028179489082,46.81995946000622],[4.712208405094791,46.81991590791556],[4.7123085746161495,46.819882733559254],[4.712509378669239,46.819830697175114],[4.712858511792578,46.81971513869946],[4.713167545392643,46.81964923208233],[4.7131821254106105,46.819639819786495],[4.713212957724648,46.81948506088161],[4.713208657239188,46.819443229075084],[4.713223020768883,46.81937965797058],[4.7132185363028345,46.81928469355862],[4.713240667755335,46.8191842262679],[4.713239857126426,46.81911168607855],[4.713255027837122,46.819073652936034],[4.713260890905977,46.81897649901958],[4.713321031267496,46.81890100648142],[4.713689435910262,46.81864210704779],[4.713750285772351,46.81858908265264],[4.713925848918522,46.81849245286939],[4.713964722398767,46.818451004343494],[4.714053798233744,46.81839654144632],[4.71393586545047,46.81814999473746],[4.713912191790501,46.81796641809344],[4.714042354430531,46.81784595033928]]],[[[4.716475491808089,46.81796906784399],[4.716193525241565,46.81818377308947],[4.715825833888225,46.81846514913199],[4.7155656504010555,46.81866318186121],[4.71525757815903,46.8188997263583],[4.715161636427248,46.81897269182949],[4.7151737693967535,46.8189796616484],[4.7153408940824075,46.81885148145025],[4.715553115324156,46.818689927532105],[4.716090797407643,46.81827726626071],[4.716430828957412,46.818015710064266],[4.716486032629547,46.81797299024151],[4.716475491808089,46.81796906784399]]]]}},{"type":"Feature","id":"inao-denom-815","properties":{"id":"inao-denom-815","name":"Clos des Barraults","tier":"premier_cru","kind":"vineyard","appellationId":203,"denominationId":815,"sourceName":"Mercurey premier cru Clos des Barraults","communes":["71294"],"areaHa":4.99},"geometry":{"type":"Polygon","coordinates":[[[4.724573113695816,46.84028530971376],[4.724937242494268,46.84021649418661],[4.724919115079267,46.84016159539025],[4.724777913283656,46.839982845345425],[4.724774805333454,46.83997880322652],[4.724762763658444,46.83992789287856],[4.724483958838177,46.839589755177975],[4.724095025783649,46.839113287388926],[4.723385867814347,46.8392894418042],[4.722953851419674,46.839377659341565],[4.722818666985942,46.83938786110187],[4.722720243719714,46.83938320179586],[4.722605241333634,46.83937266657723],[4.722379592868924,46.839347432868074],[4.722175315003711,46.839339251340384],[4.722264673982023,46.839526948924814],[4.722366290800172,46.83967870025703],[4.7224272287096785,46.83976873021983],[4.722439170847576,46.83981658024348],[4.72241018494375,46.83984153741717],[4.722379411338214,46.839857326256414],[4.722366147568885,46.839861613523524],[4.722287559915184,46.839871985043914],[4.722289367080678,46.83988217976011],[4.72221977785196,46.83989446088624],[4.722106863184551,46.839996288319114],[4.722001158970037,46.84009085698115],[4.7222570897833975,46.840599978812705],[4.722264963137364,46.84061314475028],[4.722271327878953,46.84062633326973],[4.722882684723162,46.84168192807298],[4.722979684627526,46.84182864161455],[4.723251374706696,46.841709107362504],[4.72327765532839,46.841739370041104],[4.723057377222559,46.841836673242454],[4.722995711242332,46.84186416428572],[4.723115979707124,46.84213417209115],[4.723232526280654,46.84228672575166],[4.723286375513014,46.842341098761054],[4.723395914813679,46.84241404546229],[4.723717962951027,46.842519580330055],[4.723854865185129,46.84251651163879],[4.724006527404968,46.84246212180546],[4.724080008048601,46.84243139116803],[4.724422714754383,46.84239049279502],[4.724574070348811,46.842326911705385],[4.724684267204676,46.84223329106734],[4.724664188334126,46.84211710890639],[4.724624043857295,46.84197873961401],[4.724618998313235,46.84196042506362],[4.724597378015611,46.8417962281775],[4.724635427779655,46.841728221186386],[4.724576830934317,46.84157173827418],[4.72443806503436,46.841469592091904],[4.724380164829583,46.84138156198474],[4.724121575302741,46.84121070348309],[4.724091894377101,46.841120206015155],[4.723962493871047,46.84093821615242],[4.723854545312935,46.84063430620091],[4.723894402397579,46.84057648512118],[4.723952568672139,46.84053270016839],[4.724157898342713,46.84043356576469],[4.724196337620458,46.84042482131713],[4.724242117003479,46.84041288681601],[4.724573113695816,46.84028530971376]]]}},{"type":"Feature","id":"inao-denom-816","properties":{"id":"inao-denom-816","name":"Clos des grands Voyens","tier":"premier_cru","kind":"vineyard","appellationId":203,"denominationId":816,"sourceName":"Mercurey premier cru Clos des grands Voyens","communes":["71294"],"areaHa":4.89},"geometry":{"type":"MultiPolygon","coordinates":[[[[4.732504272498855,46.837027089799584],[4.731971850811602,46.83630245055938],[4.731712073827613,46.83595484806155],[4.7316722547953525,46.835966686909124],[4.731650255801766,46.83597723984215],[4.731631593469722,46.83599898203162],[4.731620205189735,46.83601549932637],[4.731639735842383,46.83606732305653],[4.731539515443823,46.83609948791106],[4.731544660596105,46.836120862753525],[4.731516608168888,46.8361284357241],[4.731203402287976,46.836205701535405],[4.731186542348952,46.83619062703804],[4.73112872668734,46.83619864777817],[4.731070943796472,46.836207694679224],[4.730813287319605,46.836252449482764],[4.7309029050043945,46.836494290033784],[4.731047666738897,46.836877343321426],[4.731315330360673,46.83681916261453],[4.731562883728747,46.837296717276544],[4.731851817003068,46.83720551446285],[4.732504272498855,46.837027089799584]]],[[[4.731006922119263,46.83751251853666],[4.730340909948758,46.83600817992154],[4.7292296926298,46.836275236250366],[4.727396583053783,46.836925070041836],[4.727656271844568,46.83727063881067],[4.727690358542814,46.837686014203804],[4.7279018787305604,46.837874935230715],[4.728680369600437,46.8379592984922],[4.728806824924287,46.837955354015605],[4.729456586955709,46.83783216710736],[4.729679184689286,46.83780837715978],[4.730017207219124,46.837808410171974],[4.730235181593629,46.837779582270144],[4.7306364174856395,46.83766114362108],[4.731006922119263,46.83751251853666]]]]}},{"type":"Feature","id":"inao-denom-817","properties":{"id":"inao-denom-817","name":"Clos des Montaigus","tier":"premier_cru","kind":"vineyard","appellationId":203,"denominationId":817,"sourceName":"Mercurey Premier Cru Clos des Montaigus","communes":["71294","71459"],"areaHa":5.71},"geometry":{"type":"MultiPolygon","coordinates":[[[[4.713593341151329,46.82120526575422],[4.713771667917721,46.8211484557307],[4.713729239884889,46.821077562368615],[4.713719824693712,46.82106236545907],[4.713538005041171,46.82110289058498],[4.713097477648901,46.82120039538359],[4.712211940115119,46.82139443989345],[4.712217141093402,46.821417868083124],[4.712264235389601,46.82154182780298],[4.713320441099866,46.82128392793928],[4.713333798082965,46.82128271128902],[4.713593341151329,46.82120526575422]]],[[[4.714684010024654,46.822131136240415],[4.714465416358784,46.822185494835814],[4.713713387147326,46.82236529435508],[4.713087128366632,46.82252075477634],[4.713045332676025,46.82247028634193],[4.713057143194099,46.82246703939734],[4.712972273645693,46.822325243372696],[4.7135791879660065,46.82217008975798],[4.713541130594209,46.82204905794513],[4.713543526250115,46.822030632032735],[4.713505588718498,46.82196068937441],[4.713477541100291,46.821968257975826],[4.712952124072207,46.82211198458695],[4.712804527488312,46.822151989782206],[4.7124661886554895,46.822232641991484],[4.712524404058811,46.82233191272787],[4.712541674077484,46.822360267591385],[4.712611958885573,46.82246447397425],[4.7125840078860275,46.82247511195209],[4.712621624500616,46.822581840098934],[4.712637335068328,46.82260817381074],[4.712676734507846,46.82267706828286],[4.712750115843448,46.822832319404476],[4.712767612034345,46.82286782161539],[4.712800531453688,46.82296746890027],[4.712810398519749,46.822996960646854],[4.712824407431911,46.82311017335162],[4.712857327102865,46.82320982061378],[4.71290217698656,46.82335731909003],[4.712912463859119,46.823400088395424],[4.712931380725173,46.82348052727531],[4.7129504914165254,46.82356709633687],[4.712987195797877,46.82369223715691],[4.713032927979912,46.82382030554275],[4.713190677084514,46.82386598491215],[4.713432093491593,46.82377961486631],[4.713552227029778,46.8237655680547],[4.7137322415125125,46.82376185939784],[4.713902905457702,46.823745014973966],[4.713975142763172,46.823722477292925],[4.714016387068964,46.82370857885706],[4.7142648732899675,46.82365787343959],[4.714312491398855,46.82365716372433],[4.714375959317807,46.823639871888446],[4.714523752455981,46.82360598587498],[4.7145511459110105,46.82362499443539],[4.7147145946189095,46.82356839586531],[4.7148754996036955,46.82352512781599],[4.714979039101322,46.82350416714834],[4.715011578636655,46.82349755789769],[4.715085393927258,46.82347805801238],[4.7153870374960976,46.82336627140733],[4.7155583215626775,46.82332182090746],[4.715673250879312,46.823284343852414],[4.7158667770358065,46.823237516750005],[4.715934735007892,46.8232211747307],[4.71601437431541,46.82319750763735],[4.716129335265118,46.82316104732154],[4.71608197768728,46.823075917830934],[4.716061211306027,46.82303126976914],[4.7160493109926085,46.82298444506437],[4.716042645689923,46.82296206556098],[4.715974554397404,46.82283330514655],[4.715941751184962,46.82278474792345],[4.71590973161986,46.822713700051295],[4.715848273922017,46.82260630187061],[4.71578203421886,46.82248875319591],[4.715754058944424,46.82245136337378],[4.715744772619329,46.822440262426355],[4.715747453019704,46.82238402506737],[4.715547338711666,46.822034479616356],[4.715491952466135,46.821931079407065],[4.714684010024654,46.822131136240415]],[[4.715737719348712,46.82240562253466],[4.715702139268467,46.822410242005866],[4.715693862912974,46.822383797794814],[4.715729410772525,46.82237816112969],[4.715737719348712,46.82240562253466]],[[4.714580716685677,46.8228183288777],[4.714654163479351,46.82292861100154],[4.713712575835635,46.82318686829118],[4.713660888744003,46.8230588888603],[4.714580716685677,46.8228183288777]],[[4.714377841976732,46.82337007859788],[4.714847882240814,46.82326395173458],[4.714860630271299,46.82329032932627],[4.713894114198054,46.82356121680263],[4.713862387524076,46.823499359152095],[4.714377841976732,46.82337007859788]]],[[[4.714561848019011,46.825939281923006],[4.714502489777887,46.825898270895316],[4.71426983996283,46.82574437698607],[4.714130852018645,46.82558601583247],[4.714103231637747,46.825559859804684],[4.714005892245237,46.82549489124636],[4.7139408393279245,46.82546214222348],[4.713616719119501,46.82533413325116],[4.713482736437882,46.825287082697194],[4.713452678929125,46.82532533754626],[4.713425191717408,46.82535027028293],[4.713406461124859,46.82536996618408],[4.713048266953692,46.82581264050409],[4.712838864221005,46.826064062635986],[4.713285674108687,46.82639972538526],[4.713636514349209,46.8266663084566],[4.71401019675528,46.82694889596526],[4.714403887094357,46.82711060309885],[4.715285442184926,46.82659983541531],[4.714658210749882,46.82602061043427],[4.714561848019011,46.825939281923006]]]]}},{"type":"Feature","id":"inao-denom-818","properties":{"id":"inao-denom-818","name":"Clos des Myglands","tier":"premier_cru","kind":"vineyard","appellationId":203,"denominationId":818,"sourceName":"Mercurey premier cru Clos des Myglands","communes":["71294"],"areaHa":6.31},"geometry":{"type":"Polygon","coordinates":[[[4.737037043620254,46.84450803739835],[4.736989780827504,46.84451999035376],[4.737029246952625,46.84458990245654],[4.737320262409686,46.8445160276624],[4.737569179457147,46.844383519429],[4.737791879214455,46.84436175700227],[4.737971423165707,46.844341672676784],[4.738218037031028,46.84441561512475],[4.738561708271403,46.844451292117775],[4.7386063662611715,46.84445061734779],[4.7386100071771775,46.84442501233228],[4.738654093148417,46.84412802198949],[4.738781392925388,46.84382567640564],[4.7388191987494865,46.8436115459309],[4.7387931477702345,46.84335647553955],[4.738790585487858,46.84318382428483],[4.738874289874611,46.84277587551522],[4.738858072445972,46.84245628159418],[4.738825231564327,46.84231474430247],[4.738239298084681,46.841690061761796],[4.73759626603218,46.841095877398466],[4.736810669299432,46.84093096015565],[4.736172254188467,46.84136260736197],[4.736110346295667,46.841800890571434],[4.736099056847394,46.84191345570772],[4.7361887456482785,46.84238827620626],[4.73627901233513,46.84288148711568],[4.73658417077293,46.84371376349866],[4.736887633462246,46.844399933453964],[4.736962932622644,46.84437938888329],[4.737037043620254,46.84450803739835]]]}},{"type":"Feature","id":"inao-denom-819","properties":{"id":"inao-denom-819","name":"Clos du Château de Montaigu","tier":"premier_cru","kind":"vineyard","appellationId":203,"denominationId":819,"sourceName":"Mercurey Premier Cru Clos du Château de Montaigu","communes":["71294"],"areaHa":1.9},"geometry":{"type":"Polygon","coordinates":[[[4.715285442184926,46.82659983541531],[4.714658210749882,46.82602061043427],[4.714561848019011,46.825939281923006],[4.714502489777887,46.825898270895316],[4.71426983996283,46.82574437698607],[4.714130852018645,46.82558601583247],[4.714103231637747,46.825559859804684],[4.714005892245237,46.82549489124636],[4.7139408393279245,46.82546214222348],[4.713616719119501,46.82533413325116],[4.713482736437882,46.825287082697194],[4.713452678929125,46.82532533754626],[4.713425191717408,46.82535027028293],[4.713406461124859,46.82536996618408],[4.713048266953692,46.82581264050409],[4.712838864221005,46.826064062635986],[4.713285674108687,46.82639972538526],[4.713636514349209,46.8266663084566],[4.71401019675528,46.82694889596526],[4.714403887094357,46.82711060309885],[4.715285442184926,46.82659983541531]]]}},{"type":"Feature","id":"inao-denom-820","properties":{"id":"inao-denom-820","name":"Grand Clos Fortoul","tier":"premier_cru","kind":"vineyard","appellationId":203,"denominationId":820,"sourceName":"Mercurey premier cru Grand Clos Fortoul","communes":["71294"],"areaHa":2.49},"geometry":{"type":"Polygon","coordinates":[[[4.732504272498855,46.837027089799584],[4.733862402133913,46.8364722137219],[4.733917381835799,46.83642232942787],[4.733951098292263,46.83631248841642],[4.733813068544534,46.835907875679034],[4.7338031799364515,46.83583139263713],[4.733772225126821,46.8349571691219],[4.733744936859386,46.83494225214983],[4.731689012322981,46.83560573549869],[4.731800638823106,46.8357440444331],[4.731752115612401,46.8357631650986],[4.7318348937623345,46.835930520296024],[4.731712073827613,46.83595484806155],[4.731971850811602,46.83630245055938],[4.732504272498855,46.837027089799584]]]}},{"type":"Feature","id":"inao-denom-821","properties":{"id":"inao-denom-821","name":"Griffères","tier":"premier_cru","kind":"vineyard","appellationId":203,"denominationId":821,"sourceName":"Mercurey premier cru Griffères","communes":["71294"],"areaHa":0.37},"geometry":{"type":"Polygon","coordinates":[[[4.720184603437481,46.82921613191008],[4.719454574172011,46.829012460929945],[4.719145163449914,46.82934918107529],[4.719053027894818,46.829448651143245],[4.719155686389195,46.829634117139115],[4.719312295318748,46.82959601376644],[4.720525231388677,46.82929993571929],[4.720184603437481,46.82921613191008]]]}},{"type":"Feature","id":"inao-denom-822","properties":{"id":"inao-denom-822","name":"La Bondue","tier":"premier_cru","kind":"vineyard","appellationId":203,"denominationId":822,"sourceName":"Mercurey premier cru La Bondue","communes":["71294"],"areaHa":4.57},"geometry":{"type":"MultiPolygon","coordinates":[[[[4.716408899561923,46.83424372744427],[4.715366969302927,46.83331408350015],[4.714550436617652,46.83258951427293],[4.714337977097405,46.83260392003387],[4.714343290024296,46.83263040844498],[4.713710797297761,46.83245181486741],[4.713190352828328,46.83251985255273],[4.713125217477453,46.83253206198507],[4.71325532708641,46.83278558737395],[4.713191829079232,46.83327291776112],[4.713215445566037,46.83331344409786],[4.713237437278285,46.833349896916424],[4.713347391204765,46.83353117036123],[4.713653668234458,46.833893448097406],[4.714265159869602,46.83420825500729],[4.714693191346091,46.83451250954226],[4.7147532656191435,46.83452898662367],[4.715563432165134,46.83429926094291],[4.715603395727576,46.83429150524371],[4.716408899561923,46.83424372744427]]],[[[4.716408063244181,46.83515725960763],[4.716304846785858,46.83500143836142],[4.716285660800031,46.83500683096886],[4.716208109477207,46.83490886829518],[4.716216977454735,46.83490669165057],[4.716181383326273,46.83486430923541],[4.716044916356695,46.83473964006665],[4.715762825041934,46.83448327809509],[4.715589640197601,46.83432748205014],[4.714710361008254,46.83458480562399],[4.7144627300526185,46.834664110292024],[4.714068359947662,46.83481201974009],[4.7141332214953025,46.83488564965888],[4.7141826912760445,46.83494315406969],[4.714289230315544,46.835063164971416],[4.714479947557465,46.835255490969324],[4.714717971549407,46.83543689882201],[4.714991197865115,46.835601426623136],[4.7150608012448965,46.83563615166841],[4.716408063244181,46.83515725960763]]]]}},{"type":"Feature","id":"inao-denom-823","properties":{"id":"inao-denom-823","name":"La Cailloute","tier":"premier_cru","kind":"vineyard","appellationId":203,"denominationId":823,"sourceName":"Mercurey premier cru La Cailloute","communes":["71294"],"areaHa":1.73},"geometry":{"type":"Polygon","coordinates":[[[4.718472188216423,46.84587300488331],[4.718748093808641,46.84583822782602],[4.718632412915637,46.84547822310013],[4.71860438839731,46.845345804049536],[4.718518839481552,46.844949595552215],[4.718466388071671,46.844798124464575],[4.718225466883825,46.84480888202908],[4.7174832597882075,46.844791350873706],[4.716718956765452,46.84482829730271],[4.716690574262523,46.84482565873433],[4.716533732147516,46.844810626148124],[4.716518042479443,46.84525535719001],[4.7168138733703335,46.84528567959868],[4.7168603386415064,46.84529520805447],[4.716881573907332,46.84530714828835],[4.716906260081539,46.84533437413707],[4.716920302522124,46.84535459907835],[4.716926938701993,46.84537596120514],[4.716908849824261,46.84541608237915],[4.716854518267155,46.84553440250036],[4.7168540391519365,46.84556608352496],[4.716865071239655,46.84558533571748],[4.717215023962816,46.845866223269574],[4.717308092678951,46.84603037242278],[4.717383549939227,46.84601493581765],[4.717433842192213,46.8460039724643],[4.7175448756581355,46.845982898390766],[4.7180860644942575,46.84590738265822],[4.718472188216423,46.84587300488331]]]}},{"type":"Feature","id":"inao-denom-824","properties":{"id":"inao-denom-824","name":"La Chassière","tier":"premier_cru","kind":"vineyard","appellationId":203,"denominationId":824,"sourceName":"Mercurey premier cru La Chassière","communes":["71459"],"areaHa":4.42},"geometry":{"type":"Polygon","coordinates":[[[4.714764872652063,46.81875890690462],[4.71484823071407,46.81880569299729],[4.714854332751933,46.81881071741819],[4.714829567554989,46.81882743256169],[4.714940691535505,46.81890547867379],[4.714981382454876,46.818874215500934],[4.715161636427248,46.81897269182949],[4.7151737693967535,46.8189796616484],[4.715368926646724,46.819078933079524],[4.715373301380881,46.819075805791485],[4.715755638586177,46.81930409640799],[4.71576473058895,46.81930907617684],[4.715930103562081,46.81940776432537],[4.716185017563053,46.81956030490213],[4.716259402290371,46.8196061972143],[4.716277553708673,46.8196151214703],[4.716345577750035,46.81964782480044],[4.716461274471331,46.81972887228892],[4.716581526744821,46.81981290470469],[4.716777349982742,46.81993260748298],[4.71685675091889,46.819854781192056],[4.71704745511297,46.819672093460255],[4.717351026003345,46.81938758238014],[4.718063724396599,46.81871989607655],[4.717882140521127,46.81867356183208],[4.717790510802857,46.81864734507589],[4.717749652380248,46.818626494030454],[4.717553586083138,46.81849862808887],[4.717514028770657,46.81847163344868],[4.7172414242495115,46.81827746401404],[4.717131269072617,46.818230062050915],[4.717096571849892,46.81821525187736],[4.716936888168439,46.81815530534026],[4.716698673566118,46.818059741310705],[4.716618776961507,46.81802823309263],[4.716486032629547,46.81797299024151],[4.716475491808089,46.81796906784399],[4.716431735593634,46.81795030395358],[4.7163577600764155,46.81791768050406],[4.716289557185335,46.817878846780154],[4.716183428488012,46.81781809998777],[4.715852128783495,46.817603350914375],[4.715821761298656,46.81758438704235],[4.7157097904754,46.817526789025656],[4.715685570650172,46.817513875498136],[4.715289203508904,46.817312352683004],[4.715115898805842,46.817386463008],[4.714881573707691,46.817460465288924],[4.714819769822189,46.81748284813825],[4.714460941286699,46.8176210364176],[4.714190644864105,46.817781409650365],[4.714085689524091,46.817851428551386],[4.714061008495011,46.81787121332695],[4.713990490798622,46.817947878639785],[4.713976395896609,46.81797261202633],[4.713963095492167,46.818022883580106],[4.713961281462513,46.818059691100736],[4.713966809943271,46.818140338453],[4.71397485877399,46.818159635426596],[4.713996631924592,46.81818894066148],[4.714029172117247,46.81822932490764],[4.714064740811215,46.81827171737546],[4.714092454257271,46.818300934059245],[4.7141243810519935,46.818321919501564],[4.714169437765649,46.81833453179389],[4.7141764570470945,46.818368145619736],[4.714178778724186,46.81839467870178],[4.714171795746913,46.8184090843021],[4.714161836386532,46.81842354326994],[4.714244053858389,46.81848158627137],[4.7143704559870585,46.81852466006099],[4.71439490232662,46.818544730253834],[4.7144743053036695,46.818607930455386],[4.714519685266626,46.818630750594544],[4.7146603681330825,46.81870222322687],[4.714764872652063,46.81875890690462]]]}},{"type":"Feature","id":"inao-denom-825","properties":{"id":"inao-denom-825","name":"La Levrière","tier":"premier_cru","kind":"vineyard","appellationId":203,"denominationId":825,"sourceName":"Mercurey premier cru La Levrière","communes":["71294"],"areaHa":1.32},"geometry":{"type":"Polygon","coordinates":[[[4.716408063244181,46.83515725960763],[4.7150608012448965,46.83563615166841],[4.715218203363974,46.835716569794776],[4.714427954680405,46.83615342992025],[4.714783308029613,46.83632491174342],[4.715050680593725,46.83649258870769],[4.715128175553159,46.83654150653897],[4.7151935203332815,46.8365834457288],[4.715662574161867,46.836442596337946],[4.716009418160321,46.83639246570373],[4.716284532800508,46.83633420001587],[4.716483477964404,46.83626890172128],[4.716441972795308,46.836227625251105],[4.716395865204347,46.83618232872591],[4.716374407195506,46.836163241020294],[4.716205429315632,46.83599920569369],[4.716017020632802,46.835786404506095],[4.716013719702546,46.835776240986576],[4.716516094001546,46.83560626999864],[4.716563224053735,46.83559023864913],[4.71665456522,46.83555924612536],[4.716408063244181,46.83515725960763]]]}},{"type":"Feature","id":"inao-denom-826","properties":{"id":"inao-denom-826","name":"La Mission","tier":"premier_cru","kind":"vineyard","appellationId":203,"denominationId":826,"sourceName":"Mercurey premier cru La Mission","communes":["71294"],"areaHa":1.92},"geometry":{"type":"Polygon","coordinates":[[[4.724164635194513,46.82871408995908],[4.724332236756039,46.82864720283586],[4.72411454370298,46.82854317748314],[4.724013982055588,46.828471105715494],[4.723823579274957,46.82833601440117],[4.723512029718114,46.828183321092965],[4.723384290215509,46.82819238573574],[4.723201272516523,46.828149151988065],[4.722914582519021,46.82826277916773],[4.722543990733199,46.82836028949498],[4.722600305812305,46.82830529314344],[4.721923877493166,46.82805485053349],[4.721794575866883,46.82810890370828],[4.721617567600754,46.828160599715645],[4.721453979758683,46.828260123546784],[4.721468432704218,46.82857463055082],[4.721449941433688,46.82864847719965],[4.721375023071268,46.828774259232524],[4.7214244239192205,46.829063719909286],[4.721928556114809,46.82895194822707],[4.722453397214505,46.82883578449697],[4.722510977068491,46.82886761403563],[4.722623499599117,46.82889454106062],[4.722700826681546,46.82898535221574],[4.722674434152788,46.82899800462017],[4.722768876431459,46.829112056046725],[4.722902996531197,46.829303180787484],[4.723048741487998,46.82943894253945],[4.723256305788384,46.829364307689076],[4.72338822791903,46.82934597644602],[4.723467255680226,46.82930289656165],[4.723561858853045,46.829235059931946],[4.723632832689918,46.82917269268872],[4.723764222395926,46.8290440095413],[4.723869154259402,46.82897295582566],[4.723909198313179,46.82887426242572],[4.724164635194513,46.82871408995908]]]}},{"type":"Feature","id":"inao-denom-827","properties":{"id":"inao-denom-827","name":"Le Clos du Roy","tier":"premier_cru","kind":"vineyard","appellationId":203,"denominationId":827,"sourceName":"Mercurey premier cru Le Clos du Roy","communes":["71294"],"areaHa":10.81},"geometry":{"type":"Polygon","coordinates":[[[4.725369430020125,46.82722867765225],[4.72562815511684,46.8269846605106],[4.725595127183729,46.82697596086183],[4.725189802268774,46.826870663487796],[4.725089873253598,46.82681800010541],[4.724596179468911,46.82655564639766],[4.724678569092772,46.82647777001336],[4.724657501930067,46.82647093512453],[4.724095262168905,46.826299522977536],[4.723552378788339,46.82598781981865],[4.723415830109238,46.82600110530173],[4.723308271532468,46.826036435267724],[4.722547894652465,46.826328829914225],[4.722041036301269,46.82649480764292],[4.721482549203857,46.82667585729159],[4.72095376469694,46.82685441541627],[4.720501596825793,46.82700831945506],[4.719709442516907,46.827238839694544],[4.719747100065274,46.827299589455116],[4.7196512505756845,46.82732860777771],[4.719619482845461,46.82726573458374],[4.719576690410194,46.8272776137805],[4.718549840352193,46.82757192023779],[4.7177480254430115,46.827780083084924],[4.717746543413133,46.82778010521643],[4.718120109260291,46.828480613030344],[4.71818425601205,46.82853176350313],[4.718350962589079,46.828624304426434],[4.7185520177737095,46.82872042066755],[4.7190567843282185,46.82886308913768],[4.7194468695493565,46.82895739643988],[4.7198344328756,46.829066050650205],[4.720177027781851,46.82916515424865],[4.720340830673119,46.82921276889424],[4.720465151561679,46.82923645953783],[4.720702766556485,46.82921757722408],[4.720828410511151,46.829189130047496],[4.721172183256573,46.82909100000402],[4.721359470119534,46.829081046788346],[4.721338686450352,46.82898938865631],[4.721331631520504,46.82890774687795],[4.721342067525104,46.8288616151447],[4.721375023071268,46.828774259232524],[4.721449941433688,46.82864847719965],[4.721468432704218,46.82857463055082],[4.721453979758683,46.828260123546784],[4.721617567600754,46.828160599715645],[4.721794575866883,46.82810890370828],[4.721923877493166,46.82805485053349],[4.722600305812305,46.82830529314344],[4.722543990733199,46.82836028949498],[4.722914582519021,46.82826277916773],[4.723201272516523,46.828149151988065],[4.723384290215509,46.82819238573574],[4.723512029718114,46.828183321092965],[4.723823579274957,46.82833601440117],[4.724013982055588,46.828471105715494],[4.724124866890134,46.82839996251342],[4.7248819148848895,46.8279083501117],[4.7249008049410035,46.827893765322656],[4.723793546126505,46.82725127791889],[4.723800787411914,46.82724503631647],[4.724732204050881,46.827788995971176],[4.725369430020125,46.82722867765225]],[[4.721764608727858,46.8273061889217],[4.721291729411717,46.82746450376379],[4.720826277040984,46.82762166981797],[4.720571396292566,46.82775321450497],[4.720552651067238,46.827912900884385],[4.72034995018046,46.82799972433231],[4.72005214763579,46.82809205824252],[4.720048975857206,46.82808597259391],[4.720339341969844,46.82799374990882],[4.720543589764658,46.827908947700756],[4.720565422767305,46.82775228617896],[4.720823105488869,46.82761559319167],[4.721204617210145,46.82748725956119],[4.721761437088998,46.827300112320756],[4.721764608727858,46.8273061889217]]]}},{"type":"Feature","id":"inao-denom-828","properties":{"id":"inao-denom-828","name":"Le Clos l'Evêque","tier":"premier_cru","kind":"vineyard","appellationId":203,"denominationId":828,"sourceName":"Mercurey premier cru Le Clos l'Evêque","communes":["71294"],"areaHa":17.32},"geometry":{"type":"MultiPolygon","coordinates":[[[[4.736119203389333,46.83919610573544],[4.736110662006678,46.83911550484298],[4.736104094233713,46.83905021138501],[4.736100821326993,46.83894807869743],[4.736095837378434,46.838931799007526],[4.736054946087055,46.83877096547134],[4.7359791633390325,46.83868321072989],[4.735822048729909,46.83852004199035],[4.735524901911038,46.838633866615794],[4.735483347553605,46.83859157085379],[4.735351025333105,46.83845869293871],[4.735272583237983,46.83842717529553],[4.7352412487230415,46.83837860122684],[4.735228716143927,46.83835937331288],[4.7352193247882,46.8383452044227],[4.735206641870002,46.83832087237225],[4.735178206649559,46.838270210197415],[4.735146610533084,46.83821346260149],[4.7351622293281554,46.83818973039128],[4.735078847329979,46.838096974279225],[4.735139249785009,46.838076655401665],[4.73516978974781,46.838053715831165],[4.735143994957246,46.838038776649725],[4.735069588392867,46.83799391416342],[4.735048103342599,46.837973803563976],[4.734992718367638,46.837918432357114],[4.7349617441562035,46.83788109226801],[4.734899892414343,46.83790245959431],[4.734817241576808,46.83778619562026],[4.7347968138445315,46.83775278518274],[4.734651919635024,46.83764563707346],[4.734494247467437,46.83741810010145],[4.7343949987255005,46.837294935301166],[4.7343418540967415,46.83721603336376],[4.734272958086038,46.837110801145066],[4.734221982442702,46.837053318749646],[4.73416353974409,46.836901953263904],[4.734043865522857,46.836745368579045],[4.733973423025659,46.83663811513252],[4.733905860500798,46.83652775619893],[4.733578761060973,46.83663589429877],[4.733359939094324,46.83673115164384],[4.73336771666472,46.836741256271296],[4.733238242157403,46.83679020923739],[4.733267634373098,46.836824511568686],[4.733309414020523,46.83687394646698],[4.733323297100027,46.836889065512366],[4.733400424558905,46.83697271295961],[4.733732449532856,46.837436733324274],[4.7343061404096165,46.83824044569614],[4.734362243997877,46.83831827635315],[4.7345009532636,46.83851136323507],[4.734563274613087,46.83859727750366],[4.734748783597725,46.83885708641333],[4.735076227528283,46.83931708336004],[4.735221224460207,46.83952028737586],[4.735289863570966,46.839617345461654],[4.735342249981225,46.83962575045652],[4.7360947174348995,46.83931500317653],[4.736100018495783,46.83929448857381],[4.736119203389333,46.83919610573544]]],[[[4.736162943446305,46.83953878140422],[4.736089907334356,46.83935083858077],[4.7352890122058025,46.83968377752465],[4.735181469021651,46.839534170800384],[4.735038019981853,46.83933298775537],[4.73470605075424,46.83887101457477],[4.734522089667198,46.83861322662468],[4.734459768076481,46.83852730333252],[4.734321059204878,46.83833422540343],[4.734264903366027,46.8382543511536],[4.733691232674333,46.837451664965755],[4.733357725686541,46.83698766681659],[4.733262242148028,46.8368889676799],[4.733239145193216,46.83686479231457],[4.733219012801694,46.83684057228295],[4.73319120078766,46.83680930817331],[4.732979697723824,46.836900374793935],[4.732759162769688,46.83698850599941],[4.732538189385488,46.837063359528074],[4.732463238827812,46.83709412693387],[4.73224211453197,46.83716387575267],[4.731967535141088,46.83723851759605],[4.731432093371711,46.8373978056396],[4.731364383497593,46.83742233026084],[4.730951193570841,46.837585909264064],[4.730770636072601,46.83766730199234],[4.730623499680822,46.837722650712685],[4.73045397142614,46.837776291676626],[4.730297346690157,46.83781441013059],[4.729993925061775,46.83787210838185],[4.730217841388284,46.838076176070665],[4.730290957523933,46.83812719411922],[4.730546900112259,46.838308291576304],[4.730955951606576,46.838433958720394],[4.731064253386756,46.838468092038475],[4.730437248366669,46.838698233986015],[4.73049182303601,46.83886805857135],[4.7307575842780425,46.83907660224635],[4.730849750071717,46.83916514051554],[4.7310032046686725,46.839120935995396],[4.731050887715453,46.839168247506706],[4.7310865484755755,46.839212668845605],[4.731069021298317,46.839223154353505],[4.731159085062467,46.83929229809613],[4.731187237265773,46.839287794784866],[4.7312366310724085,46.83934222222769],[4.731306046817643,46.83941781863676],[4.73131530673356,46.83942790108943],[4.731266943157275,46.83945212547122],[4.731257702493237,46.83948905397518],[4.731304915861519,46.83952206193949],[4.7311402345793425,46.83958789703009],[4.7310934643315345,46.83961516840193],[4.731074865527829,46.839638944854265],[4.731112884575154,46.83966392280271],[4.731081055515223,46.839693013718616],[4.731122345816085,46.83972712855073],[4.7312126850828955,46.83980445455125],[4.731498325249139,46.84002904331956],[4.731550632860551,46.84008139142772],[4.731585962231747,46.840068602575066],[4.7317844250225125,46.84026793499446],[4.731749259008541,46.840285836847286],[4.731939175134784,46.84045056156075],[4.732064787245717,46.840560047672014],[4.732005811321015,46.840578308035646],[4.731962136057691,46.840609621873526],[4.732033846492127,46.84066372205094],[4.732194057519744,46.840783926644214],[4.732340718909415,46.840946230876995],[4.732507396905639,46.841082692548234],[4.732674133737943,46.84117418621205],[4.733002779227237,46.84148600414],[4.733315421365184,46.841762299475484],[4.733708725992687,46.84204657370487],[4.73369210051543,46.8420856580296],[4.733854771218199,46.84228246426389],[4.734163101764067,46.842470941927765],[4.734480340173042,46.842472293197474],[4.736010814578421,46.841808516434426],[4.736019463642506,46.84175321522406],[4.736014250420415,46.84172978824052],[4.736052696086067,46.84130310758621],[4.736060449251853,46.840894253535716],[4.735524068744824,46.840653014672526],[4.735561066450669,46.840599321218185],[4.735440028332045,46.84053984315438],[4.735008755337825,46.84032562855921],[4.734996628155674,46.84031866067503],[4.7350160875390275,46.840182466780846],[4.735020931000353,46.840147648615705],[4.735035363327776,46.84004013355709],[4.735192492087712,46.83997134471495],[4.7352428731572305,46.83996343412117],[4.735279651065743,46.839949595589516],[4.735383574199994,46.839939859707606],[4.735490890664203,46.83989634509051],[4.735621721262818,46.84002924535221],[4.735640373843277,46.84005349630594],[4.736123877308728,46.839853067838476],[4.736133147604245,46.83981716513499],[4.736155277552293,46.8397177111825],[4.736162943446305,46.83953878140422]]]]}},{"type":"Feature","id":"inao-denom-829","properties":{"id":"inao-denom-829","name":"Les Byots","tier":"premier_cru","kind":"vineyard","appellationId":203,"denominationId":829,"sourceName":"Mercurey premier cru Les Byots","communes":["71294"],"areaHa":2.71},"geometry":{"type":"Polygon","coordinates":[[[4.726634693215618,46.837127586874594],[4.726673244726326,46.837075917360856],[4.7262498754168245,46.8364998268264],[4.725720586568539,46.83582416846642],[4.725222400500051,46.836030897649216],[4.725241014085947,46.83605411512147],[4.724916227912525,46.83618876134075],[4.724663384068787,46.83629167180136],[4.724288878821124,46.83645464683048],[4.724204353755155,46.836606124312354],[4.724168342245504,46.83659745990078],[4.724145951328536,46.83664276229983],[4.723834844576582,46.83673938425811],[4.724655961029932,46.8378827697883],[4.725462831812726,46.83759580016712],[4.725583186904775,46.83754085980401],[4.725614088429008,46.83752915685935],[4.725831822091241,46.83744618797996],[4.726177671975278,46.837318374013414],[4.726634693215618,46.837127586874594]]]}},{"type":"Feature","id":"inao-denom-830","properties":{"id":"inao-denom-830","name":"Les Champs Martin","tier":"premier_cru","kind":"vineyard","appellationId":203,"denominationId":830,"sourceName":"Mercurey premier cru Les Champs Martin","communes":["71294"],"areaHa":12.89},"geometry":{"type":"MultiPolygon","coordinates":[[[[4.7237158099745935,46.842592164599004],[4.723353826006023,46.84244839418429],[4.723226061502214,46.84236448096261],[4.723148779441578,46.842275713870166],[4.723066387602112,46.842166588726755],[4.723055340888262,46.84214733730714],[4.7230301337131095,46.84210378372062],[4.723006246376146,46.842055094979045],[4.722986949145574,46.84201041719636],[4.722929376757147,46.84188559214403],[4.722813320902059,46.84170136588237],[4.722780305191764,46.84164668071778],[4.722209565581572,46.840650763330444],[4.722130956743811,46.84052012870866],[4.722038521157792,46.8403294060686],[4.721953980876321,46.84010586454317],[4.721813895111805,46.8399148371901],[4.721771179707214,46.83988277577933],[4.721480563693906,46.83973487865766],[4.721382713575882,46.839701597685476],[4.721291565705734,46.83969172192003],[4.721201900222811,46.83968182390646],[4.721052552457685,46.839714714334164],[4.7208888411538705,46.83985816943135],[4.720870854556687,46.83990136086256],[4.7208475351773,46.84005804409733],[4.720823317452545,46.840233139928436],[4.720801577668189,46.84039287054211],[4.720633234925009,46.84043728391379],[4.7206257836954055,46.84043739534515],[4.720583925084071,46.840431888264575],[4.720027553980752,46.84059041743589],[4.7200262205322625,46.84059554374722],[4.719869548019501,46.84063263078757],[4.719813351180413,46.8406447102418],[4.719844321817116,46.84077606746546],[4.719966314466229,46.84128822270962],[4.720264263997015,46.8412449346716],[4.720629442835651,46.841208817898256],[4.720963859531905,46.841188488224425],[4.720881416506701,46.84196835823625],[4.720906070570711,46.84199455706065],[4.720932285108151,46.84202277689169],[4.721523408468111,46.84211407119418],[4.722196830254533,46.8422174144702],[4.722230667684756,46.842204650882415],[4.722258323624412,46.842137817983286],[4.722312628118218,46.84215948398704],[4.722270353426461,46.842281715222235],[4.72224990857167,46.84234128945328],[4.72217353236719,46.842562123956114],[4.722109610307676,46.84270613130231],[4.7220302248419035,46.842878990958326],[4.721969963739732,46.8428574139617],[4.722096812650133,46.84258472442714],[4.722114864404946,46.84254358521753],[4.722202178575622,46.84229193076008],[4.722174435366651,46.842262716416066],[4.72089779551142,46.84206211741521],[4.720878769902461,46.84207262373093],[4.720903830299681,46.84225208881155],[4.720942422220572,46.84252945334229],[4.720934017297919,46.842592926928624],[4.720904384362519,46.8427384740521],[4.720850632491944,46.84301516632105],[4.720827237177511,46.84312281312689],[4.720749939890939,46.84350204796395],[4.720733249256802,46.84358607992611],[4.72060224512381,46.843822040577805],[4.720407629715292,46.84411821130869],[4.720289229839407,46.844282457839505],[4.72026209290945,46.844318626169716],[4.720197895064547,46.8444074659708],[4.7201437567545,46.84448490691995],[4.720038276814285,46.844633631886786],[4.720016855682164,46.84466256398725],[4.719948358482889,46.84475657426728],[4.7199090828359935,46.844926779307634],[4.719914453049768,46.845330318446216],[4.7199832790978755,46.84576254760072],[4.7199982308605835,46.84581137047129],[4.7200267115085826,46.845817077792795],[4.721314026192493,46.846069636240685],[4.721452214427791,46.845778388048224],[4.7213680732373025,46.845755123612676],[4.7215156167706285,46.84547701912159],[4.721656256584935,46.8452634012189],[4.721679042814878,46.845230359682596],[4.721717669763464,46.84518073532239],[4.721783415860317,46.84504691380338],[4.721839327020807,46.8449786406137],[4.721918432624299,46.84489059446367],[4.721928524973483,46.8448802306868],[4.721941173084102,46.84485653587991],[4.72203247441938,46.844683507103134],[4.72219471652356,46.84449306166416],[4.722255790060385,46.844400178765625],[4.722237577508322,46.84438921193778],[4.722285366771295,46.84429959888151],[4.722345379610471,46.84422001558172],[4.722424453048784,46.84408395878199],[4.722380725534053,46.84406724086234],[4.7225407559697254,46.84380733802222],[4.722429230461563,46.84376609418272],[4.722477830877524,46.84370201876802],[4.722550893295793,46.84361100055035],[4.722618181211923,46.84352620178701],[4.722847154219851,46.84318659022881],[4.72288478203646,46.843199310597086],[4.723031227861365,46.843074501578414],[4.7231705461467035,46.84296001185851],[4.723295279626521,46.84285494448839],[4.723329831669043,46.84286463974521],[4.723432268589408,46.842760923835804],[4.723527049835652,46.84279117807644],[4.7236546625572045,46.84268299613438],[4.7237158099745935,46.842592164599004]]],[[[4.720905168284748,46.841262944745544],[4.720860937361039,46.84122987898934],[4.720626085546954,46.84124361308227],[4.72033515290317,46.84127351336205],[4.7202475641818005,46.84128197368041],[4.720031227974591,46.84131586423127],[4.71969942725851,46.84137191471756],[4.719385493397768,46.841427697241066],[4.71934990113728,46.84143231781672],[4.719317319077632,46.84143791107225],[4.719383931205159,46.84165967788303],[4.719549869604683,46.842383717132016],[4.719670968946002,46.84263327233626],[4.71973730185295,46.84303385621046],[4.719775879358762,46.84326421916189],[4.719772294204805,46.843291857968026],[4.719796556070982,46.843727815507506],[4.719803531500257,46.843900400288575],[4.7198074558493195,46.8441649903857],[4.719781709146923,46.844292088871576],[4.719842279261254,46.844745893753974],[4.719855762497282,46.84493575368495],[4.719895969214869,46.84474815327466],[4.720359474839958,46.84410258550509],[4.720588094505393,46.843751744601775],[4.7206793983001,46.843578716846025],[4.720776442424976,46.843117439735195],[4.7208565548378925,46.84273305635097],[4.720891777030591,46.84252918414726],[4.720821033752307,46.84203669792246],[4.720905168284748,46.841262944745544]]]]}},{"type":"Feature","id":"inao-denom-831","properties":{"id":"inao-denom-831","name":"Les Combins","tier":"premier_cru","kind":"vineyard","appellationId":203,"denominationId":831,"sourceName":"Mercurey premier cru Les Combins","communes":["71294"],"areaHa":5.74},"geometry":{"type":"Polygon","coordinates":[[[4.718878889459859,46.84592414502702],[4.71990779034768,46.84577695972101],[4.71984187437041,46.8453896537127],[4.719791011974698,46.84500722901721],[4.719734879908554,46.844740348250546],[4.719668266001324,46.84433056465463],[4.719691817471706,46.84380602155596],[4.719636409582861,46.8432336030706],[4.719242324357638,46.84329773359543],[4.718802927844664,46.8433891071679],[4.718420998804709,46.843461230653496],[4.718419211681237,46.84345206227404],[4.718900256380469,46.84335905034271],[4.719271670110715,46.843284011338085],[4.719634635380267,46.84322443451336],[4.719481564395652,46.84238984429509],[4.719417989530768,46.842076072416596],[4.719306295555494,46.84146566102777],[4.719275466665526,46.84115139969293],[4.719287281167937,46.84114816112682],[4.719264523483978,46.841088215343156],[4.719193468788766,46.84110153417235],[4.719030676469743,46.84113360510274],[4.718930050198986,46.84115349863563],[4.718879018871324,46.84099996204925],[4.718652480462614,46.84104115315419],[4.718531041448794,46.84106238390388],[4.718545809259467,46.84110507668214],[4.718550917778445,46.84112544388736],[4.718597228684523,46.84127087370703],[4.718567624560242,46.84127642226977],[4.718366423056419,46.841318261016276],[4.718246530235117,46.84134150370563],[4.718252972013622,46.84135673563146],[4.717838287575902,46.841475330956754],[4.717842625639474,46.8415181795316],[4.717861719844289,46.84169773422399],[4.7179345447220875,46.842444626822605],[4.717941668505131,46.84257531381164],[4.71795510260818,46.84295216514267],[4.717931851301216,46.843439923008006],[4.717928913207003,46.84348799557204],[4.717926228588766,46.84359124376535],[4.71800325045458,46.84395386182267],[4.718094262313662,46.84424065702658],[4.718108531888251,46.84426803816376],[4.718194283612435,46.844389373607946],[4.718398650006272,46.844587622548396],[4.718532552847389,46.8447715954413],[4.718548221015815,46.844795884610754],[4.718551555526992,46.84480707422365],[4.718584952708333,46.844921022923465],[4.71870140776659,46.84544654535762],[4.718818862913588,46.84581570957893],[4.718878889459859,46.84592414502702]]]}},{"type":"Feature","id":"inao-denom-832","properties":{"id":"inao-denom-832","name":"Les Croichots","tier":"premier_cru","kind":"vineyard","appellationId":203,"denominationId":832,"sourceName":"Mercurey premier cru Les Croichots","communes":["71294"],"areaHa":7.06},"geometry":{"type":"MultiPolygon","coordinates":[[[[4.718442795204864,46.84475862552385],[4.7183354829216295,46.84461513340932],[4.718134094744106,46.84441683988957],[4.718045915456833,46.844312904105024],[4.717922104760245,46.84393055019484],[4.717848469440223,46.84358116529543],[4.717881852080214,46.843037050117175],[4.71788369653946,46.84300125997337],[4.717884919789679,46.84299306431233],[4.717860931265666,46.84247127577292],[4.717827753162871,46.84212945510739],[4.717797237021122,46.8418243839589],[4.717785866851707,46.84170091106038],[4.717664005032967,46.841708863404314],[4.717537488473205,46.84171075205263],[4.717516259305299,46.841557796736915],[4.717493904936618,46.84151010171033],[4.7171373914670065,46.84177292992119],[4.717133015002072,46.841776057257135],[4.717088534349636,46.84187584051344],[4.717115031994983,46.84205425811334],[4.7170332681834655,46.84205854933439],[4.716706444728312,46.8420838605565],[4.716749513973632,46.8425031921108],[4.7167998731450504,46.843011303486925],[4.716800164413819,46.8430204942076],[4.716796837075319,46.843056315454724],[4.716786439698552,46.84305748826187],[4.716752406469455,46.843064129099815],[4.716752658832208,46.843025291714035],[4.716792628945996,46.84301754462194],[4.716791560870652,46.84298384231199],[4.716762694267947,46.84268385279749],[4.716745085790791,46.84250427585274],[4.716700488804533,46.84208394941987],[4.716573971335352,46.84208583700871],[4.716242913548196,46.8421183607991],[4.716160042141404,46.84213492500587],[4.716072742801548,46.8421525818708],[4.71579572007735,46.8422456108852],[4.7154963386667825,46.84247896091066],[4.715396746357048,46.84267255143984],[4.7153726662858055,46.84280574803869],[4.715442554731546,46.84294367673509],[4.715466274036271,46.842987263077156],[4.715524714184257,46.84323366782115],[4.715540308340363,46.843302925135944],[4.715575673397934,46.84338516241793],[4.7156092003200945,46.84345618768552],[4.71556340306012,46.84346810993613],[4.715595467850575,46.84377520262299],[4.715522404147029,46.84396022022689],[4.715596474692435,46.84418289536182],[4.715452332736647,46.84456925562709],[4.715344408231373,46.84506439875703],[4.715342044480284,46.84531886960993],[4.715354814527397,46.84544027734033],[4.715380418734276,46.84549610166596],[4.715922355324593,46.8454910833719],[4.716342259571054,46.84548890950926],[4.716342066416328,46.845388775402114],[4.716394708096369,46.84535835164928],[4.716510007330328,46.845331090889935],[4.716518042479443,46.84525535719001],[4.716533732147516,46.844810626148124],[4.716690574262523,46.84482565873433],[4.716693979940851,46.844791889695244],[4.716738722356788,46.84479428417846],[4.716848756691455,46.84478855374915],[4.71696178851925,46.84478380516366],[4.717480611432424,46.84475460114189],[4.7177757279316,46.844762461892444],[4.7182139159625125,46.84477328291666],[4.718442795204864,46.84475862552385]]],[[[4.716586618099673,46.846197471678884],[4.716445420444834,46.846159726724785],[4.71642642569502,46.84607724553718],[4.716308962922901,46.84608308632095],[4.716274620466183,46.845751504761544],[4.716260606591479,46.84549727813415],[4.71536882938245,46.84550648716316],[4.715260094959744,46.845506063735336],[4.715265927228613,46.845548899066685],[4.715286531953898,46.84563544512199],[4.7152921943451265,46.84572016957067],[4.715285601472261,46.845793837302644],[4.715281774703441,46.84581433781129],[4.715245405153261,46.84593545136118],[4.7152467281599835,46.846071331132904],[4.715264098760074,46.8462907718664],[4.716586618099673,46.846197471678884]]]]}},{"type":"Feature","id":"inao-denom-833","properties":{"id":"inao-denom-833","name":"Les Crêts","tier":"premier_cru","kind":"vineyard","appellationId":203,"denominationId":833,"sourceName":"Mercurey premier cru Les Crêts","communes":["71294"],"areaHa":3.89},"geometry":{"type":"Polygon","coordinates":[[[4.727693541916774,46.83956000271835],[4.728367245817616,46.83943952485066],[4.7281670032820715,46.839044018192844],[4.72812002020065,46.838925169517495],[4.727529543106314,46.83824634956567],[4.726939756135924,46.83838292670967],[4.726541534828353,46.8384563491664],[4.726308193460256,46.83851707459327],[4.726149938016986,46.838551123073415],[4.72603753831396,46.838575288298955],[4.725769873468821,46.838633456504034],[4.725722600197253,46.83864540504801],[4.725441996818319,46.83871807704281],[4.725285463587337,46.83875925823595],[4.725261836626597,46.838765745604476],[4.725099412350616,46.83880905022868],[4.725018239349062,46.83883172854726],[4.724913406562772,46.83885986791426],[4.7247525422284795,46.838905193007605],[4.724630050732214,46.83893972989908],[4.724308567874204,46.8390385527849],[4.724095025783649,46.839113287388926],[4.724483958838177,46.839589755177975],[4.724762763658444,46.83992789287856],[4.724774805333454,46.83997880322652],[4.724777913283656,46.839982845345425],[4.724919115079267,46.84016159539025],[4.724937242494268,46.84021649418661],[4.725049418505515,46.84018518271928],[4.725163187332453,46.840156909286996],[4.72540246034054,46.84009507970687],[4.725557469462016,46.84005290360957],[4.72576889580309,46.84005177685904],[4.725944588024868,46.840051185775835],[4.725856760288236,46.83977149891407],[4.726127325192652,46.83975721823594],[4.726167473759189,46.839755598215035],[4.726409820838979,46.83974378457779],[4.726681457749638,46.839716202694255],[4.727205368638625,46.839661336677295],[4.727206199811412,46.83964088963999],[4.727409293966989,46.839612290622256],[4.727693541916774,46.83956000271835]]]}},{"type":"Feature","id":"inao-denom-834","properties":{"id":"inao-denom-834","name":"Les Fourneaux","tier":"premier_cru","kind":"vineyard","appellationId":203,"denominationId":834,"sourceName":"Mercurey premier cru Les Fourneaux","communes":["71459"],"areaHa":2.8},"geometry":{"type":"MultiPolygon","coordinates":[[[[4.719082429925136,46.81920638919688],[4.718992447204207,46.819138252824494],[4.718849698761978,46.81904944368302],[4.718620509385291,46.8189098173697],[4.7185810805487565,46.818886900887414],[4.718563706258498,46.81890248873022],[4.718504298754617,46.8190004521552],[4.718422081281761,46.81913043047839],[4.718206058058872,46.81940648585271],[4.7181520523010745,46.819486995786114],[4.718072777725629,46.819615912176765],[4.7180435036404775,46.81967868001864],[4.7180363349675565,46.81973396687712],[4.7180343618471365,46.81976567045922],[4.718041318933524,46.81979724064163],[4.718062072593401,46.81984188858047],[4.718087084771044,46.81987933114103],[4.718194865405134,46.82003916260258],[4.718300018673409,46.82016327939428],[4.718363257037142,46.82023284256899],[4.718490613784499,46.82035253872976],[4.718545071038796,46.82042733941558],[4.718596675236978,46.82050525375506],[4.718612401219179,46.820531586469464],[4.718628637331239,46.820527255130926],[4.71865221176439,46.8205197520923],[4.718748818727575,46.8204682350714],[4.718750313670659,46.820468212730965],[4.7188675828433295,46.82041128042529],[4.719009091831242,46.82032026722894],[4.719306793151969,46.82017889003169],[4.719415597773832,46.82013639422116],[4.719668853465684,46.82000181358881],[4.71976600955662,46.81996766005208],[4.7197153573452715,46.81991937073764],[4.719503235719033,46.81970795621899],[4.719442811299496,46.8196332451743],[4.719364550344585,46.819512816085755],[4.719243508023608,46.81935726362689],[4.719211267932565,46.81932607144552],[4.719082429925136,46.81920638919688]]],[[[4.717311203469745,46.82024447646129],[4.717515363961265,46.8203456452669],[4.71769129835844,46.82044827096334],[4.717478636420489,46.820595524792594],[4.71756816662056,46.820649367562936],[4.717743305905537,46.82077447502777],[4.7178640274386066,46.8207788050535],[4.717968118412561,46.82082220822793],[4.717980025583379,46.820822030368646],[4.71797587028152,46.82078531193758],[4.718109943049521,46.82083542690732],[4.718236261870274,46.820828424437124],[4.718491950177814,46.820676446601915],[4.718526069185949,46.820766879393645],[4.718555127350932,46.82083797085848],[4.718569965660849,46.82083672245637],[4.718575919246874,46.82083663349573],[4.718575822191796,46.82083357290585],[4.718563744266156,46.82054661505947],[4.718542555772654,46.82048868985514],[4.718511084489287,46.82043499801046],[4.718464308696323,46.820368259985685],[4.718322048742161,46.82024775977251],[4.718181374343121,46.82008331343472],[4.718017739373707,46.81985175496368],[4.718006776890004,46.81983454614211],[4.717998583710711,46.81981116286574],[4.717994279506105,46.81976933124186],[4.717997067859616,46.81971616318743],[4.71800182311833,46.81967827595395],[4.71800114340373,46.819656833811244],[4.718015204376531,46.81963107374439],[4.718090441791427,46.819515510565076],[4.718148647064039,46.81942676047584],[4.7183409349560925,46.81915310420693],[4.7184316939929,46.81901073214336],[4.718469916476189,46.81894884815137],[4.718488635130137,46.8188821491709],[4.718514259297236,46.81884497675711],[4.718201570532456,46.81874849321499],[4.718063724396599,46.81871989607655],[4.717351026003345,46.81938758238014],[4.71704745511297,46.819672093460255],[4.71685675091889,46.819854781192056],[4.716970274321893,46.81991439933019],[4.717129549522456,46.82000807943478],[4.717158501463482,46.82002909946657],[4.717234771073632,46.82008722919272],[4.717375209490248,46.82019753610403],[4.717311203469745,46.82024447646129]]]]}},{"type":"Feature","id":"inao-denom-835","properties":{"id":"inao-denom-835","name":"Les Montaigus","tier":"premier_cru","kind":"vineyard","appellationId":203,"denominationId":835,"sourceName":"Mercurey premier cru Les Montaigus","communes":["71459"],"areaHa":7.66},"geometry":{"type":"MultiPolygon","coordinates":[[[[4.714092944777239,46.82097123042483],[4.714092864102205,46.820971168585245],[4.713729733651099,46.82107741091561],[4.713729733935751,46.82107741991735],[4.714092944777239,46.82097123042483]]],[[[4.714341240827613,46.82117081290069],[4.714341011914498,46.821170627186966],[4.714328935449515,46.82117499497651],[4.714341240827613,46.82117081290069]]],[[[4.714341240827613,46.82117081290069],[4.7143553028611995,46.82118276138389],[4.71434157836732,46.821170699797634],[4.714341240827613,46.82117081290069]]],[[[4.7143665469622835,46.82119231124562],[4.7143553028611995,46.82118276138389],[4.71436627413685,46.821192396366165],[4.7143665469622835,46.82119231124562]]],[[[4.713371347930128,46.820728310731205],[4.712811319919209,46.82081227545568],[4.712196548124019,46.82090725618386],[4.7121152028690725,46.82092379531755],[4.712140224471805,46.821103263332546],[4.712184750568713,46.821287556379055],[4.712211940115119,46.82139443989345],[4.712217141093402,46.821417868083124],[4.712264235389601,46.82154182780298],[4.712274999848525,46.82174092491774],[4.712280641922219,46.82182565025889],[4.712484720472446,46.82178276041228],[4.712644228690786,46.82174854920885],[4.712827628201181,46.8217089386397],[4.712788000209235,46.82162906031206],[4.713151482833568,46.821542917166084],[4.713387936508644,46.821488303984474],[4.713347319849964,46.821333600818804],[4.713333798082965,46.82128271128902],[4.713593341151329,46.82120526575422],[4.713771667917721,46.8211484557307],[4.713729239884889,46.821077562368615],[4.713719824693712,46.82106236545907],[4.713538005041171,46.82110289058498],[4.713504249342983,46.82102369050239],[4.713504122212106,46.82102340420484],[4.7135040700419655,46.82102341398808],[4.713499072334614,46.82101182569137],[4.71346090416201,46.82092418968158],[4.713385447279739,46.82075057963546],[4.713371347930128,46.820728310731205]]],[[[4.715551721872559,46.82168761156146],[4.715496505097333,46.82161773812605],[4.715440889351417,46.82154769049577],[4.715365723232481,46.82145271764665],[4.715358066094715,46.82144292525724],[4.71531978967266,46.821356948541805],[4.7153045526765975,46.82132322319813],[4.7152792556231065,46.821265962127825],[4.71527657597135,46.821260058136914],[4.715243111753709,46.82118517705736],[4.715194518097088,46.82112556159824],[4.715180734802989,46.82110874582284],[4.715140405845703,46.821044954395475],[4.715094278664376,46.82097206330678],[4.715438095228308,46.8208542708113],[4.715385906979156,46.82078471239096],[4.715346455865659,46.82073207536835],[4.715279309413825,46.82068318359484],[4.715256754341538,46.820666948947384],[4.715226251850175,46.820623454601005],[4.7152550534662865,46.820613208537864],[4.715218265204464,46.820561792598916],[4.7150755743606645,46.82060489776115],[4.714880120198997,46.82068049056174],[4.714825791369566,46.82063032669573],[4.714807814816816,46.82061366345765],[4.714735723105618,46.82055773037366],[4.714693347316406,46.820524589681526],[4.714650529376553,46.820502352815616],[4.714647194279865,46.82049231582595],[4.714634994125084,46.8204550327847],[4.714629749218249,46.82043853995247],[4.71451114479121,46.82029747304402],[4.714449419731582,46.82022499434385],[4.714401338255366,46.82016077786957],[4.714341913823618,46.82009465907377],[4.71428317653041,46.82002952066534],[4.714084787468401,46.820095249295974],[4.713557985382228,46.82027214172368],[4.713190977145889,46.82039504724386],[4.713213204957376,46.82043830512556],[4.713200760839739,46.82044722629901],[4.7131501946691206,46.82048283268151],[4.713044684034287,46.82058986435716],[4.712982385254625,46.8206486106766],[4.712950170038912,46.82067124520637],[4.712821969296907,46.820732864183135],[4.712787385514179,46.82074697825172],[4.712788287899258,46.82076722828223],[4.7128118724258,46.82081190698815],[4.7133714097985315,46.8207281927317],[4.713386010334078,46.82075012995409],[4.713461310401024,46.820924174623485],[4.713499072334614,46.82101182569137],[4.713504122212106,46.82102340420484],[4.71367228042491,46.82098650495555],[4.713672307506196,46.82098653157001],[4.713672763638555,46.82098643471389],[4.713679810795443,46.82099852382062],[4.713682505446716,46.82100283356306],[4.713997397661973,46.82089961578962],[4.714016075470314,46.82091356690352],[4.714092864102205,46.820971168585245],[4.714093539749597,46.82097096038405],[4.714139048807091,46.821011907817855],[4.714201456650827,46.82106696792355],[4.714248285213826,46.8211081478169],[4.715025728237352,46.820858079005745],[4.715091923993894,46.82096813578358],[4.7143665469622835,46.82119231124562],[4.714367019041639,46.82119271848444],[4.714435916162549,46.821252995273184],[4.71443578644899,46.821253042236684],[4.7144358944914,46.821253139692054],[4.714357323162684,46.821279806824656],[4.714238570421438,46.821320320603476],[4.714026605973421,46.82138258593655],[4.713882943346191,46.82142492953082],[4.713846411478221,46.82143801924142],[4.713721223755318,46.82148333849264],[4.713648745960477,46.82150398839659],[4.713547746859509,46.8215334027244],[4.713422023256469,46.82157382136335],[4.713041130221681,46.821660368774886],[4.712909029847445,46.821690416863646],[4.712827754192067,46.82170918893099],[4.712644228690786,46.82174854920885],[4.712485040894473,46.82178293576113],[4.712280410138481,46.82182578879927],[4.71231415741348,46.821955422830385],[4.71237599580341,46.82206473540891],[4.7124058775017925,46.822117695995985],[4.7124291115480155,46.82216373088366],[4.712585375430723,46.822126461022066],[4.713055725730537,46.82200589112339],[4.713404096867876,46.821916450949765],[4.71347236815545,46.82189884486029],[4.713488400046262,46.8219286950171],[4.713505883223062,46.82196045983724],[4.71354089344944,46.82202579001306],[4.713543526250115,46.822030632032735],[4.7135435145593165,46.82203067723683],[4.713543667636001,46.8220309541418],[4.713543028299933,46.82203438594109],[4.713541130594209,46.82204905794513],[4.7135791879660065,46.82217008975798],[4.7135790839081775,46.82217011832625],[4.71357917084634,46.82217037820455],[4.713107616665785,46.822290643949984],[4.712972442989638,46.822325204826676],[4.713057172007937,46.82246670574683],[4.713056977289176,46.82246677168883],[4.713057143194099,46.82246703939734],[4.7130517061993045,46.82246853431475],[4.713045617176361,46.82247057029607],[4.713048128897578,46.82247365796288],[4.713087128366632,46.82252075477634],[4.713419948030495,46.822438138621465],[4.713713770604733,46.82236497343222],[4.7144365212200645,46.82219240085519],[4.714465416358784,46.822185494835814],[4.714683137940593,46.82213135637931],[4.714684010024654,46.822131136240415],[4.715336803241331,46.821969498405835],[4.715491859244076,46.821931035767534],[4.715491887181579,46.82193108938679],[4.715491952466135,46.821931079407065],[4.715547338711666,46.822034479616356],[4.71554754681894,46.822034836751875],[4.715667413894865,46.82197686941868],[4.715760069859398,46.82192802568244],[4.715909086840846,46.821881583194546],[4.715908186030463,46.82187385148122],[4.715987485329766,46.82183826550843],[4.716024221373863,46.82182168675053],[4.716029523951846,46.82181926607854],[4.7160027263928725,46.82175608359304],[4.715987007084641,46.821719573673874],[4.715973896288807,46.82168671729141],[4.715925164482043,46.82163520958402],[4.715885523892637,46.82160563090713],[4.715551721872559,46.82168761156146]],[[4.7149814829993435,46.82183138570102],[4.714943912655908,46.82184068170984],[4.714588300001444,46.821929225875394],[4.714588117830782,46.821929273621016],[4.714497666511182,46.821952452493335],[4.714461727252038,46.82196188613571],[4.714431709803159,46.82197022282556],[4.714366891370374,46.82198872364968],[4.71433519753965,46.82192789230214],[4.7143356659383775,46.82192776824274],[4.7143354700991305,46.821927383904324],[4.71480412125333,46.8218113350871],[4.714960031800055,46.82177541812316],[4.714985556946373,46.82176899450434],[4.715095909276685,46.821740790335575],[4.7152184782449895,46.821709332831084],[4.715218644158272,46.82170960053653],[4.715250595316276,46.82176153890752],[4.715249775695908,46.821761758268465],[4.715249914242147,46.82176199035803],[4.715030477588634,46.82181866816807],[4.7149814829993435,46.82183138570102]],[[4.713840387429664,46.82177607667029],[4.71381086908548,46.821730495927554],[4.713810999085392,46.82173045796652],[4.713810902733668,46.82173031530644],[4.714487091229175,46.8215377222791],[4.714813901176582,46.82144455545868],[4.7148139559104045,46.82144462669056],[4.7148141246806174,46.82144457013834],[4.714821992691644,46.8214539811669],[4.714832835736855,46.821466608006425],[4.714856402756959,46.82149408513553],[4.713840387429664,46.82177607667029]]],[[[4.71483269661223,46.821466772188536],[4.714821992691644,46.8214539811669],[4.7148139559104045,46.82144462669056],[4.714487091229175,46.8215377222791],[4.713810999085392,46.82173045796652],[4.713840629761003,46.821775856915664],[4.714855889040099,46.82149402074703],[4.71483269661223,46.821466772188536]]],[[[4.714943912655908,46.82184068170984],[4.714981181664986,46.82183139920016],[4.715030477588634,46.82181866816807],[4.715249775695908,46.821761758268465],[4.715218644158272,46.82170960053653],[4.715096704654592,46.821741048654694],[4.714985556946373,46.82176899450434],[4.714960061161251,46.82177551675123],[4.714803407111073,46.82181157088418],[4.7143356659383775,46.82192776824274],[4.714366784480488,46.82198824792559],[4.714431709803159,46.82197022282556],[4.714461316733844,46.82196176617118],[4.714497666511182,46.821952452493335],[4.714587943945554,46.82192875386591],[4.714943912655908,46.82184068170984]]],[[[4.712448822005412,46.82220122652174],[4.7124661886554895,46.822232641991484],[4.712524404058811,46.82233191272787],[4.712541674077484,46.822360267591385],[4.712611958885573,46.82246447397425],[4.7125840078860275,46.82247511195209],[4.712621624500616,46.822581840098934],[4.712637335068328,46.82260817381074],[4.712676734507846,46.82267706828286],[4.712750115843448,46.822832319404476],[4.712767612034345,46.82286782161539],[4.712800531453688,46.82296746890027],[4.712810398519749,46.822996960646854],[4.712824407431911,46.82311017335162],[4.712857327102865,46.82320982061378],[4.71290217698656,46.82335731909003],[4.712912463859119,46.823400088395424],[4.712931380725173,46.82348052727531],[4.7129504914165254,46.82356709633687],[4.712987195797877,46.82369223715691],[4.713032927979912,46.82382030554275],[4.713190677084514,46.82386598491215],[4.713432093491593,46.82377961486631],[4.713552227029778,46.8237655680547],[4.7137322415125125,46.82376185939784],[4.713902905457702,46.823745014973966],[4.713975142763172,46.823722477292925],[4.714016387068964,46.82370857885706],[4.7142648732899675,46.82365787343959],[4.714312491398855,46.82365716372433],[4.714375959317807,46.823639871888446],[4.714523752455981,46.82360598587498],[4.7145511459110105,46.82362499443539],[4.7147145946189095,46.82356839586531],[4.7148754996036955,46.82352512781599],[4.714979039101322,46.82350416714834],[4.715011578636655,46.82349755789769],[4.715085393927258,46.82347805801238],[4.7153870374960976,46.82336627140733],[4.7155583215626775,46.82332182090746],[4.715673250879312,46.823284343852414],[4.7158667770358065,46.823237516750005],[4.715934735007892,46.8232211747307],[4.71601437431541,46.82319750763735],[4.716129335265118,46.82316104732154],[4.71608197768728,46.823075917830934],[4.716061211306027,46.82303126976914],[4.7160493109926085,46.82298444506437],[4.716042645689923,46.82296206556098],[4.715974554397404,46.82283330514655],[4.715941751184962,46.82278474792345],[4.71590973161986,46.822713700051295],[4.715848273922017,46.82260630187061],[4.71578203421886,46.82248875319591],[4.715754058944424,46.82245136337378],[4.715744772619329,46.822440262426355],[4.715747453019704,46.82238402506737],[4.71554754681894,46.822034836751875],[4.715547494933153,46.82203485553777],[4.715547299369886,46.822034480203165],[4.715499916096562,46.82204132002778],[4.715316450495771,46.82207674806684],[4.714725249342336,46.822211251102445],[4.714722110975843,46.822206191495894],[4.714453213765967,46.82227048610747],[4.71428333001123,46.822311843098014],[4.713936158814871,46.822395702328784],[4.713339448914161,46.82254458171813],[4.713144473314197,46.82259244384683],[4.713087292564548,46.82252096847433],[4.713086706700468,46.82252111229005],[4.713048128897578,46.82247365796288],[4.713045332676025,46.82247028634193],[4.7130517061993045,46.82246853431475],[4.713056977289176,46.82246677168883],[4.712972273645693,46.822325243372696],[4.712972442989638,46.822325204826676],[4.712972401371353,46.82232513339865],[4.713107616665785,46.822290643949984],[4.7135790839081775,46.82217011832625],[4.713540623135431,46.82204919158919],[4.713540419616476,46.82204856420232],[4.713543028299933,46.82203438594109],[4.7135435145593165,46.82203067723683],[4.71354089344944,46.82202579001306],[4.713505588718498,46.82196068937441],[4.713488400046262,46.8219286950171],[4.713472058260264,46.82189900257878],[4.713404096867876,46.821916450949765],[4.713055972024888,46.82200621167049],[4.712584909017549,46.82212664808659],[4.712429766677574,46.82216370311774],[4.712448822005412,46.82220122652174]],[[4.715693862912974,46.822383797794814],[4.715729410772525,46.82237816112969],[4.715737719348712,46.82240562253466],[4.715702139268467,46.822410242005866],[4.715693862912974,46.822383797794814]],[[4.713712575835635,46.82318686829118],[4.713660888744003,46.8230588888603],[4.714580716685677,46.8228183288777],[4.714654163479351,46.82292861100154],[4.713712575835635,46.82318686829118]],[[4.714860630271299,46.82329032932627],[4.713894114198054,46.82356121680263],[4.713862387524076,46.823499359152095],[4.714377841976732,46.82337007859788],[4.714847882240814,46.82326395173458],[4.714860630271299,46.82329032932627]]]]}},{"type":"Feature","id":"inao-denom-836","properties":{"id":"inao-denom-836","name":"Les Naugues","tier":"premier_cru","kind":"vineyard","appellationId":203,"denominationId":836,"sourceName":"Mercurey premier cru Les Naugues","communes":["71294"],"areaHa":4.07},"geometry":{"type":"MultiPolygon","coordinates":[[[[4.727589569940961,46.83732682009307],[4.727479107443032,46.837178267977386],[4.7274400015850135,46.83707258455693],[4.72737761129521,46.83703060781688],[4.727312471301028,46.836995823077984],[4.727241000653983,46.83699586942199],[4.72718910646956,46.83700278158263],[4.7269417625696235,46.83709130396059],[4.7265447698908405,46.83724951747171],[4.726280579526918,46.83736996523382],[4.726259963683868,46.83737743432114],[4.726170250564168,46.83741249877849],[4.72615846998324,46.83741676424559],[4.725993573977609,46.83747543547945],[4.725741700878049,46.83756197879571],[4.725685885935178,46.83758632160798],[4.725544667593354,46.837640557317215],[4.725324020068454,46.837725613684405],[4.725090030329203,46.8378129050242],[4.72496929717717,46.8378555933874],[4.724495015028731,46.83801903811751],[4.724266471581501,46.838089909267744],[4.724055227996781,46.83814313918774],[4.723974172483661,46.83816990373284],[4.723878436067857,46.83820301225418],[4.723506457490905,46.83835266275428],[4.723968158021519,46.8391039490159],[4.724062511035862,46.83907392321102],[4.724431124920305,46.838959057454495],[4.724670003461001,46.83888497809545],[4.725527889023232,46.83865650288669],[4.725848457510584,46.83857608043444],[4.726286242563586,46.838482658899586],[4.726532977135616,46.83842173252843],[4.726717953470488,46.838385238122726],[4.726729799344944,46.83838301597902],[4.726846690826945,46.83835980032214],[4.727188262527701,46.83828416521744],[4.727181623457964,46.83826281264272],[4.727273353652169,46.83824406298678],[4.7273935973593195,46.83818605136687],[4.727472406930859,46.83813582150801],[4.727537364401829,46.838024486871916],[4.727562229410094,46.837963827472],[4.727570931220931,46.83767656810739],[4.727568272008175,46.8374528273956],[4.727589569940961,46.83732682009307]]],[[[4.723637200253054,46.839185539449126],[4.723186061433622,46.8384851936143],[4.723036229614688,46.83854976793547],[4.722793507669419,46.838643327321876],[4.722478141042239,46.838747159876114],[4.722135564532759,46.83883812404092],[4.7223241221367465,46.83928899501359],[4.722729165583951,46.839336066071944],[4.722873543251921,46.83933390416764],[4.723078283505509,46.839310403547884],[4.723637200253054,46.839185539449126]]]]}},{"type":"Feature","id":"inao-denom-837","properties":{"id":"inao-denom-837","name":"Les Ruelles","tier":"premier_cru","kind":"vineyard","appellationId":203,"denominationId":837,"sourceName":"Mercurey premier cru Les Ruelles","communes":["71459"],"areaHa":2.53},"geometry":{"type":"Polygon","coordinates":[[[4.719634105446288,46.82195607733565],[4.719653156512736,46.821946588363936],[4.719761186563138,46.82187958053658],[4.719882735292356,46.82181645917663],[4.719931347051808,46.82180039503103],[4.720010574519582,46.82176345641706],[4.720057594075405,46.82174435398677],[4.720143919224144,46.82169707831319],[4.720277419842747,46.821634795447885],[4.720405264319274,46.82158280983478],[4.720597593941858,46.8214981943007],[4.720688616955282,46.82145799869037],[4.720770741948237,46.821418962816516],[4.720917876443322,46.821364643646945],[4.7210206962442465,46.821321218218245],[4.721090978137166,46.82128439467882],[4.721198204525742,46.82123885878194],[4.721227505248338,46.82122410974696],[4.721273888585997,46.82118459070256],[4.721300212449592,46.82116988619903],[4.721414484459838,46.82111197846698],[4.7215805927022085,46.82099913259177],[4.721619799521378,46.82096788926909],[4.721644090001264,46.820935851537556],[4.721646709910843,46.82092457282232],[4.721620278151471,46.82088920562151],[4.721409924077333,46.820827970241716],[4.721062888688761,46.82072791961652],[4.720749091687467,46.82064371657586],[4.720591150968938,46.820591917353475],[4.720461353906909,46.82053561720357],[4.720302006820561,46.82043990733427],[4.720208946320506,46.820368746870464],[4.720074280107179,46.820253250599436],[4.719798296026561,46.819999878074164],[4.71976600955662,46.81996766005208],[4.719668853465684,46.82000181358881],[4.719415597773832,46.82013639422116],[4.719306793151969,46.82017889003169],[4.719009091831242,46.82032026722894],[4.7188675828433295,46.82041128042529],[4.718750313670659,46.820468212730965],[4.718748818727575,46.8204682350714],[4.718765475901088,46.82047718127319],[4.718758492560769,46.82063261214018],[4.71876281025181,46.82067443452812],[4.71872561035204,46.820769004083836],[4.718741951975796,46.82081474451855],[4.7187857842466165,46.82088255310603],[4.718871006346754,46.82094156566813],[4.7189850738934975,46.821064521945594],[4.719003342765117,46.82107753275095],[4.719044462498139,46.821106547909366],[4.719081518850632,46.82114891664495],[4.719120374597027,46.82120044459428],[4.719145744217081,46.82124911207163],[4.719190411259631,46.82129647341671],[4.71920483726187,46.82132895857033],[4.719156225138801,46.82134500440746],[4.719027557136808,46.82137145991839],[4.719014576040239,46.82138493778547],[4.719084580201777,46.82147994047013],[4.719119390543835,46.82149781942564],[4.7191428115842005,46.82153220549301],[4.719161024293201,46.82159017506618],[4.719312414639124,46.821716670879354],[4.71939343923711,46.821783923263894],[4.719525964464136,46.82187900870803],[4.719614341143741,46.821943088985215],[4.719631096030019,46.82195509564622],[4.719634105446288,46.82195607733565]]]}},{"type":"Feature","id":"inao-denom-838","properties":{"id":"inao-denom-838","name":"Les Vasées","tier":"premier_cru","kind":"vineyard","appellationId":203,"denominationId":838,"sourceName":"Mercurey premier cru Les Vasées","communes":["71294"],"areaHa":3.09},"geometry":{"type":"Polygon","coordinates":[[[4.724271243830587,46.83800604617618],[4.724655961029932,46.8378827697883],[4.723834844576582,46.83673938425811],[4.723732992887659,46.836767477949415],[4.723409876648446,46.83686121663716],[4.7233849630118225,46.836873855974844],[4.7230369448870215,46.83698023274808],[4.722900380090374,46.83704051957113],[4.7226569809895445,46.83715962987975],[4.72249055423185,46.83721730129839],[4.7221254987384285,46.837303486774815],[4.721914094185149,46.83735161782122],[4.721711102864729,46.83738326773143],[4.721700760631636,46.83747947114894],[4.721738060912705,46.83785699246016],[4.72169116898961,46.838302183653354],[4.7216922786669535,46.838477927468084],[4.721703773533191,46.83860547804836],[4.721877292845376,46.83881746639756],[4.721916575070653,46.838835268670856],[4.722121640707698,46.83877498449522],[4.722197034654153,46.838757501125095],[4.722403938885573,46.83870841935439],[4.722581956820491,46.838640361842614],[4.723126293260979,46.838431935888345],[4.7231137323302335,46.83841168046381],[4.723454744991735,46.83827169022498],[4.7234687883325535,46.83829192340792],[4.723713932812489,46.838180953734344],[4.723749210897473,46.838166123703225],[4.724232936632124,46.83801888641856],[4.724271243830587,46.83800604617618]]]}},{"type":"Feature","id":"inao-denom-839","properties":{"id":"inao-denom-839","name":"Les Velley","tier":"premier_cru","kind":"vineyard","appellationId":203,"denominationId":839,"sourceName":"Mercurey premier cru Les Velley","communes":["71294"],"areaHa":10.84},"geometry":{"type":"MultiPolygon","coordinates":[[[[4.71821075221842,46.82664404689257],[4.717807770545174,46.82633023622359],[4.71775578669059,46.82624007010975],[4.717705414538436,46.82615396862211],[4.717626578222478,46.82601514784239],[4.717596651670748,46.82596348609039],[4.717558550423332,46.82584143853502],[4.717525218806894,46.82572953253415],[4.717515426556998,46.8257020844096],[4.717493945875321,46.82563496832992],[4.717467734059128,46.82555974545309],[4.717408476429642,46.825380789699615],[4.7173723301224495,46.82527403206998],[4.717326243556228,46.82513473110747],[4.717218034318045,46.82496161249913],[4.7171254875251165,46.82481278327595],[4.716987483845752,46.82459208931957],[4.716885586695934,46.82461813364928],[4.716173974007788,46.82480553190587],[4.716150351754374,46.8248120084263],[4.715779429098646,46.824898271699254],[4.715222915229721,46.82495357405256],[4.714931716323842,46.82501922878476],[4.714926953373507,46.82501010469119],[4.715215239891504,46.82494653775777],[4.715767326932562,46.82489231915101],[4.7159830828910065,46.82484209832232],[4.716184095644292,46.824796176770164],[4.7169827337014185,46.824582965114296],[4.716797565359077,46.82428326298148],[4.7165659908264805,46.82402206027013],[4.7162694575419115,46.823684176783274],[4.7159279766792,46.82333674132685],[4.715874121217803,46.823281338396555],[4.715866478524015,46.82327532833993],[4.715559569432976,46.823361653786534],[4.715378273435727,46.8234185107501],[4.715225141452554,46.823471885393616],[4.715181211584863,46.823495019429686],[4.715172119218424,46.823490048622055],[4.715052924267528,46.82353372184348],[4.71484916417857,46.82358682419649],[4.714752672625057,46.823595422526125],[4.7145936502763135,46.82365092848364],[4.714581400147441,46.82363987162766],[4.714572178225022,46.82363080498196],[4.714504283976911,46.823649189589126],[4.7143016497387356,46.82369104371352],[4.714088453789559,46.82372793947486],[4.713926914705664,46.82375078127882],[4.713410644629163,46.823807519702314],[4.713163093452903,46.82388784800231],[4.713294515208678,46.82394822085725],[4.713435740244553,46.82403604185076],[4.713532253625412,46.82421648884056],[4.713623016965226,46.82435615228126],[4.7136911273571505,46.824532933577615],[4.7136857797251,46.82478745016938],[4.7136674368464755,46.8248193974807],[4.7136321040273765,46.82487919222815],[4.713584908320612,46.82494018137011],[4.7134826514491985,46.82509600414513],[4.713480352412104,46.82511749063179],[4.713490310992728,46.82524404737338],[4.713482736437882,46.825287082697194],[4.713616719119501,46.82533413325116],[4.7139408393279245,46.82546214222348],[4.714005892245237,46.82549489124636],[4.714103231637747,46.825559859804684],[4.714130852018645,46.82558601583247],[4.71426983996283,46.82574437698607],[4.714502489777887,46.825898270895316],[4.714561848019011,46.825939281923006],[4.714658210749882,46.82602061043427],[4.715285442184926,46.82659983541531],[4.71639836674184,46.82714318975165],[4.716407143536419,46.827090950187745],[4.716425064067398,46.82713972934627],[4.716491731436781,46.82727055504763],[4.716592014405101,46.827475466581625],[4.716636781305093,46.82752588942519],[4.716751298138687,46.827475133793016],[4.716780810774567,46.82746651589331],[4.716804459642156,46.82750805875168],[4.7169588963648525,46.827777563140145],[4.716855763499006,46.82785880541058],[4.717349033927077,46.827779907558664],[4.717341590659877,46.827733016472294],[4.717310108897665,46.827538317873085],[4.718147187303845,46.82675229368814],[4.7182002688929146,46.826689170372376],[4.718189944970515,46.82664538438313],[4.71821075221842,46.82664404689257]]],[[[4.720046165279905,46.82705907084905],[4.720045678962304,46.82704374992795],[4.719860683881277,46.826703180774714],[4.719864073330542,46.82666941167158],[4.719599660603105,46.826781679881336],[4.719369922079906,46.82686072843132],[4.719308064109041,46.82674108087958],[4.718493108719029,46.82700360759946],[4.718194284546937,46.82678224655981],[4.717548033018948,46.82738864348286],[4.717378913440343,46.827548530099094],[4.717411359666845,46.82772686842785],[4.717421941934216,46.8277788190352],[4.718528681386586,46.827515012334324],[4.719256268005262,46.827314077475634],[4.719540450239319,46.8272147984194],[4.7200301087916685,46.82706953274497],[4.720046165279905,46.82705907084905]]]]}},{"type":"Feature","id":"inao-denom-840","properties":{"id":"inao-denom-840","name":"Sazenay","tier":"premier_cru","kind":"vineyard","appellationId":203,"denominationId":840,"sourceName":"Mercurey premier cru Sazenay","communes":["71294"],"areaHa":13.15},"geometry":{"type":"MultiPolygon","coordinates":[[[[4.712792310597522,46.832174277079815],[4.712789203989186,46.83217023462867],[4.712739479850626,46.83210455601185],[4.712681113934743,46.831718150733],[4.712646145311734,46.83160116158509],[4.712632075594264,46.83157990984997],[4.712528288150988,46.83149970786566],[4.7109564237629105,46.83170090175461],[4.7110099085550585,46.831980083384714],[4.711033857037465,46.83221985294596],[4.711067329034767,46.83238387585794],[4.71189947381122,46.83228463318897],[4.712673704963777,46.8321903443908],[4.712792310597522,46.832174277079815]]],[[[4.715218203363974,46.835716569794776],[4.7150608012448965,46.83563615166841],[4.714991197865115,46.835601426623136],[4.714717971549407,46.83543689882201],[4.714479947557465,46.835255490969324],[4.714289230315544,46.835063164971416],[4.7141826912760445,46.83494315406969],[4.7141332214953025,46.83488564965888],[4.714068359947662,46.83481201974009],[4.7144627300526185,46.834664110292024],[4.714710361008254,46.83458480562399],[4.714515306198115,46.83444363543591],[4.714222877696708,46.83423647029968],[4.713634085449538,46.83393359115657],[4.713614415014964,46.8339236624005],[4.713510534104496,46.83379338953995],[4.713385275469987,46.83364607149923],[4.71329712310211,46.83354214077249],[4.71318987524856,46.83335264957479],[4.713139729726852,46.83327369361778],[4.713198804037516,46.83283444891345],[4.713170434565934,46.832737805181004],[4.713072521816425,46.832560440958346],[4.713053365365391,46.83251984817573],[4.712796963668143,46.832180331852314],[4.711069017613308,46.83238997479078],[4.711173687478081,46.83287583810617],[4.711163305049496,46.83287701021342],[4.711063482042634,46.83240334090779],[4.711061986767142,46.83240336314826],[4.711030623199921,46.832258734718486],[4.711026291263769,46.832215885778986],[4.711001008442066,46.83198123343292],[4.710947569214989,46.831703077800604],[4.710766677508779,46.831727220247544],[4.71059702006695,46.83149370611162],[4.710574202040192,46.831289673278405],[4.710572266315279,46.83118138743774],[4.710503546313749,46.831032207951374],[4.710587411192981,46.831189339641504],[4.710584584177409,46.83128850122382],[4.710612100240371,46.8314996059173],[4.710770892378521,46.83171898916545],[4.712520657785466,46.83149369740482],[4.712327480509806,46.831081704493236],[4.712137477496778,46.83067580607563],[4.712045203692327,46.83048813529158],[4.711770701536535,46.83042375704257],[4.711763426306548,46.830428980687024],[4.711616094594909,46.83043117295712],[4.711493032995271,46.830447305411184],[4.711401215607918,46.83050998401398],[4.71134876744968,46.830593529051015],[4.711336021372969,46.83061416219769],[4.711235217633695,46.83081695395254],[4.711096399350022,46.830852746208016],[4.710905947988029,46.830903598690874],[4.710642170837755,46.830943284165656],[4.710516465112259,46.83092267454705],[4.710451008841548,46.83092467450844],[4.710363241801202,46.83092699714859],[4.710297733359672,46.83087995136488],[4.710191179679348,46.8308059125055],[4.710086366649065,46.83074003408756],[4.710003317298904,46.830750463732414],[4.7099558994731225,46.8307573016473],[4.709816886412219,46.83073995110646],[4.709755548140946,46.8307306410302],[4.709559334393666,46.83069370582545],[4.709332587597363,46.830679711858664],[4.709156474394351,46.83066597382426],[4.709095874197321,46.83119925206065],[4.709118506579081,46.83130314168684],[4.709206072746265,46.8316247310387],[4.70922655833169,46.83208527916267],[4.709221833169515,46.83231320890059],[4.709220531244811,46.832413374399856],[4.709261273633462,46.832572174347995],[4.709271417057678,46.83261084828071],[4.709301307254049,46.832661494910006],[4.709353231935931,46.83265561700578],[4.709409261809789,46.83273244274785],[4.709563238305855,46.83294065069785],[4.709742206930589,46.832903246019306],[4.709866842169103,46.833078171376606],[4.710177772429773,46.8329754567189],[4.710297754241636,46.833050304641645],[4.710310470250804,46.83307566547293],[4.7103621693159194,46.83306263074205],[4.710477037093227,46.83325813518429],[4.7105411069200835,46.83340125973506],[4.710510172382518,46.83341194144991],[4.710602438642367,46.83355158469397],[4.710675259023441,46.833594441897645],[4.710702624905922,46.833659427161976],[4.710739878036487,46.83375493064872],[4.710744769803627,46.833768132674614],[4.71087734057048,46.83381726094037],[4.711094471904608,46.833808916218025],[4.711139646923543,46.8339196298826],[4.711292933338758,46.834011353898376],[4.711448928561459,46.834141871075595],[4.71137840103545,46.834454580170785],[4.711319156832139,46.83455866064379],[4.711233072592604,46.83475613574387],[4.711247821419561,46.834845831747046],[4.711403388439541,46.835010082635975],[4.711457134725077,46.83506139150699],[4.711581228131682,46.83512494656024],[4.711740612055817,46.83512666390446],[4.711824022437478,46.83512745815903],[4.711910731334336,46.83509143197941],[4.712259321048545,46.835002452919234],[4.712334788794888,46.83508205000334],[4.71250215139993,46.83519503313168],[4.712585884847157,46.835206043780644],[4.712691710617829,46.83530358787322],[4.712837940620256,46.83540768104819],[4.712976187834959,46.83554152248162],[4.7131059742102375,46.83569081787032],[4.713179674854902,46.83580825671824],[4.713274215558811,46.83587837410803],[4.713391004700682,46.83594612473197],[4.713617349113046,46.83604084636451],[4.713731719722265,46.83607899408963],[4.713926108975786,46.83615171227234],[4.714071711248126,46.836094363576514],[4.714119101042798,46.83608650678214],[4.714200352261773,46.836065879327755],[4.714263890504996,46.83609763319898],[4.7142965989011785,46.836096119140095],[4.714301136567618,46.83609809587589],[4.714427954680405,46.83615342992025],[4.715218203363974,46.835716569794776]]]]}},{"type":"Feature","id":"inao-denom-841","properties":{"id":"inao-denom-841","name":"Les Puillets","tier":"premier_cru","kind":"vineyard","appellationId":203,"denominationId":841,"sourceName":"Mercurey premier cru Les Puillets","communes":["71294"],"areaHa":8.52},"geometry":{"type":"Polygon","coordinates":[[[4.711132576872573,46.845953772115024],[4.711149690020535,46.845693975994976],[4.711115501308626,46.845554487358946],[4.711014333006411,46.84527498898398],[4.71096803042478,46.845034534914696],[4.710924519963652,46.84483592584774],[4.710272554812148,46.84489363774391],[4.710266611688434,46.844893726079206],[4.710231232265679,46.844669455133264],[4.710243705852244,46.844262580307856],[4.710231934206198,46.84417284014243],[4.710194459246514,46.843882172606556],[4.71025285741484,46.84370350966896],[4.710134765258517,46.84354790437962],[4.710077651062285,46.843295335532446],[4.7101347731999015,46.84265176067381],[4.710070856656037,46.842136689051536],[4.710127165689454,46.84203367089043],[4.71010187266912,46.842034046817986],[4.710002401653094,46.84204370257361],[4.709956673123709,46.841821620559365],[4.708730065057112,46.841930785181894],[4.70872389829383,46.84178271128997],[4.7078699641317785,46.84185670211155],[4.7075313045501295,46.84202623965273],[4.707133848458601,46.84240919724416],[4.707083146562919,46.84283195783981],[4.707258212371929,46.843567116154645],[4.707278884753295,46.843561703068545],[4.707433688484873,46.84379544209453],[4.707883202655129,46.844118819693655],[4.708400389753725,46.8446046842694],[4.708440283829039,46.844641898784396],[4.708577112143601,46.844824821651635],[4.70876950119311,46.84492823457808],[4.7089975637232895,46.845076074901506],[4.709294800398759,46.845434409218264],[4.709345061367488,46.845422423204454],[4.709484794980455,46.84560324851991],[4.709555123595309,46.84580248626078],[4.709736947432099,46.846136984310064],[4.709744915149607,46.8461532116604],[4.710682749568635,46.84614029966281],[4.711099166249904,46.846168853008855],[4.711132576872573,46.845953772115024]]]}},{"type":"Feature","id":"inao-denom-842","properties":{"id":"inao-denom-842","name":"Les Saumonts","tier":"premier_cru","kind":"vineyard","appellationId":203,"denominationId":842,"sourceName":"Mercurey premier cru Les Saumonts","communes":["71294"],"areaHa":4.1},"geometry":{"type":"MultiPolygon","coordinates":[[[[4.713888553115617,46.84550811056036],[4.712938075699862,46.84530972388247],[4.712926098515962,46.84530785783524],[4.71281686893548,46.84552713003641],[4.712636417777473,46.84580162380764],[4.712689897261885,46.845938771566125],[4.71271584103823,46.84600583077893],[4.712703510306517,46.84655779824874],[4.712622311130419,46.84719253738632],[4.712802490410105,46.8472389018387],[4.713515144519689,46.84731003867067],[4.713614138069887,46.846672989432705],[4.71372871475591,46.846340216264934],[4.713797522411045,46.846020381682564],[4.713850541342711,46.845766174224735],[4.713858021920211,46.84572008754472],[4.713876279713985,46.84559105785031],[4.713888553115617,46.84550811056036]]],[[[4.7135152413363075,46.84731309924282],[4.7127996735499815,46.84724405012459],[4.712614904235625,46.84719366529392],[4.712696135946269,46.84655995235404],[4.712708434307623,46.84600695869291],[4.712684005514088,46.84594090360477],[4.712546760883427,46.84598075316113],[4.712535342929739,46.84594924925862],[4.7124116471552915,46.84608801619972],[4.71198971971449,46.84621486572526],[4.71165013231248,46.84626079549287],[4.711432886315533,46.846267088849935],[4.711097929969341,46.84622404165785],[4.710891790521679,46.84620462804966],[4.710690479850842,46.846196381672954],[4.7103110915307544,46.84620815434658],[4.7102535930439275,46.846368413698464],[4.710419663623835,46.84643951462981],[4.711420931564029,46.84687831830862],[4.71155658878767,46.846882433642634],[4.711449134776941,46.84706387106509],[4.711383998334895,46.84735912621186],[4.7113676793361225,46.84745541702472],[4.711319130582724,46.847804586974526],[4.712008751746857,46.84790059885735],[4.712431714795922,46.847853427482896],[4.712470225546529,46.847846721350834],[4.712971747532387,46.847740146573166],[4.713176727289332,46.84767578271983],[4.713295233749628,46.84760861733741],[4.713468310903393,46.847477291595666],[4.7135152413363075,46.84731309924282]]]]}},{"type":"Feature","id":"inao-denom-843","properties":{"id":"inao-denom-843","name":"Mercurey Premier Cru","tier":"premier_cru","kind":"appellation","appellationId":203,"denominationId":843,"sourceName":"Mercurey premier cru","communes":["71294","71459"],"areaHa":178.02},"geometry":{"type":"MultiPolygon","coordinates":[[[[4.713984604987677,46.817290924864096],[4.713792849346874,46.817157882026905],[4.713616965455717,46.817056276478255],[4.713612410075188,46.817053273309746],[4.713477253159305,46.81696843327148],[4.713446822260453,46.81694742537046],[4.713404130187984,46.81691536965719],[4.713335433231651,46.81686121337581],[4.713340772865682,46.81684171689688],[4.713104223334086,46.816704224867834],[4.713118608807321,46.81668868237516],[4.713097463281173,46.8166787845584],[4.712953798048833,46.81660735450637],[4.712836072897712,46.81655597254507],[4.712677635367938,46.816487824207364],[4.712378884964979,46.816360452142995],[4.712168569903136,46.81625220634254],[4.712044921652289,46.81638994760799],[4.7119600365907175,46.81648318046157],[4.71164936046383,46.8167790225835],[4.7114309369138745,46.816932484177606],[4.711245659161741,46.817051733707075],[4.711027277185573,46.81715920928452],[4.711021130463008,46.81715316765431],[4.7109141089251345,46.817157821876314],[4.710882108010266,46.81718180357639],[4.710757432245322,46.817145851101486],[4.710694326772702,46.81722138641604],[4.710374215014967,46.817596050538604],[4.7105108735189765,46.817869907508594],[4.710529687317139,46.81790028406955],[4.71060355139114,46.8180238463277],[4.710792261972708,46.81843795349387],[4.710882449875261,46.81865425956355],[4.7108691050288805,46.81884452041583],[4.710962752940765,46.8190291008911],[4.711043409908787,46.81913212722983],[4.711274465996905,46.819378011212955],[4.711350234855956,46.81951482848513],[4.711350267260366,46.81951585468531],[4.711416943377991,46.81960069858059],[4.711512292150014,46.81969737290272],[4.711659639159515,46.81983824018139],[4.711792761140351,46.81999974457361],[4.712028166375644,46.81995946020142],[4.712208404810397,46.819915898913806],[4.7123085746161495,46.819882733559254],[4.712509378669239,46.819830697175114],[4.712858511792578,46.81971513869946],[4.713167545108091,46.81964922308058],[4.713182125126056,46.81963981078474],[4.713212957724648,46.81948506088161],[4.713208657239188,46.819443229075084],[4.713223020768883,46.81937965797058],[4.7132185363028345,46.81928469355862],[4.713240667755335,46.8191842262679],[4.713239857126426,46.81911168607855],[4.713255027837122,46.819073652936034],[4.713260890621414,46.81897649001782],[4.7133210181543195,46.81890100667676],[4.713689435625629,46.81864209804604],[4.713750285772351,46.81858908265264],[4.713925848918522,46.81849245286939],[4.713964722398767,46.818451004343494],[4.714053811346795,46.81839654125089],[4.713935852337476,46.818149994932874],[4.713912191790501,46.81796641809344],[4.714042341032927,46.817845941532966],[4.714197078259821,46.81774963066285],[4.714445522011451,46.81760389370953],[4.714008408686052,46.817337572405314],[4.713997157328182,46.817311172398554],[4.713984604987677,46.817290924864096]]],[[[4.717882140521127,46.81867356183208],[4.717790510517542,46.81864733607414],[4.717749665208033,46.818626484832855],[4.717553585797864,46.818498619087116],[4.7175140284853905,46.818471624446936],[4.717241437077302,46.818277454816524],[4.717131268787414,46.81823005304917],[4.717096558451697,46.81821524307141],[4.716936874770285,46.81815529653428],[4.716698673566118,46.818059741310705],[4.716618776961507,46.81802823309263],[4.716486032629547,46.81797299024151],[4.7164754915229965,46.817969058842245],[4.716431735308548,46.81795029495185],[4.7163577600764155,46.81791768050406],[4.716289557185335,46.817878846780154],[4.716183428488012,46.81781809998777],[4.715852141896349,46.81760335071872],[4.715821761298656,46.81758438704235],[4.7157097904754,46.817526789025656],[4.715685570365213,46.81751386649636],[4.715289203508904,46.817312352683004],[4.715115911918645,46.81738646281246],[4.714881573707691,46.817460465288924],[4.714819769537375,46.81748283913651],[4.714460941001944,46.817621027415846],[4.714190644579393,46.81778140064861],[4.714085689524091,46.817851428551386],[4.714061008495011,46.81787121332695],[4.713990490798622,46.817947878639785],[4.713976395896609,46.81797261202633],[4.713963095207491,46.81802287457835],[4.713961281462513,46.818059691100736],[4.713966809943271,46.818140338453],[4.713974858489313,46.81815962642485],[4.713996631924592,46.81818894066148],[4.714029172117247,46.81822932490764],[4.714064740526521,46.818271708373715],[4.714092454257271,46.818300934059245],[4.7141243810519935,46.818321919501564],[4.714169437765649,46.81833453179389],[4.7141764570470945,46.818368145619736],[4.714178778724186,46.81839467870178],[4.714171795746913,46.8184090843021],[4.714161836386532,46.81842354326994],[4.7142440535736645,46.81848157726962],[4.714370442873977,46.818524660256436],[4.71439490232662,46.818544730253834],[4.714474305018907,46.81860792145363],[4.714519685266626,46.818630750594544],[4.714660381246205,46.81870222303136],[4.714764872652063,46.81875890690462],[4.71484823071407,46.81880569299729],[4.714854345580256,46.81881070822093],[4.714829567554989,46.81882743256169],[4.714942186437056,46.81890545638285],[4.714981382454876,46.818874215500934],[4.715161636142369,46.81897268282774],[4.7151737693967535,46.8189796616484],[4.715368926646724,46.819078933079524],[4.715373301095966,46.81907579678974],[4.715755638586177,46.81930409640799],[4.7157647303039685,46.81930906717509],[4.715931598477078,46.81940774202156],[4.716185017563053,46.81956030490213],[4.716259402290371,46.8196061972143],[4.716277553708673,46.8196151214703],[4.716345577750035,46.81964782480044],[4.716461274186231,46.81972886328719],[4.716581526744821,46.81981290470469],[4.716777349982742,46.81993260748298],[4.71685675091889,46.819854781192056],[4.716970287435301,46.819914399134426],[4.717129549237244,46.82000807043305],[4.717158501463482,46.82002909946657],[4.717234770788402,46.82008722019098],[4.717375209204994,46.8201975271023],[4.717311203184502,46.820244467459545],[4.717515363961265,46.8203456452669],[4.71769129835844,46.82044827096334],[4.717478623306916,46.82059552498844],[4.717568134097754,46.82064834136483],[4.717743319019152,46.820774474831914],[4.7178640274386066,46.8207788050535],[4.717968118412561,46.82082220822793],[4.717980025583379,46.820822030368646],[4.7180126924118095,46.82081949805094],[4.7180277901259515,46.82082643229713],[4.718077709970047,46.82085122761581],[4.718170145597348,46.82085597985598],[4.718289307604188,46.82085828837416],[4.718414034455291,46.82084824745312],[4.718532840215104,46.820839321553336],[4.718555127065479,46.82083796185673],[4.718569965660849,46.82083672245637],[4.718575919246874,46.82083663349573],[4.71857582190634,46.82083356390412],[4.718563744266156,46.82054661505947],[4.718542555772654,46.82048868985514],[4.718511084489287,46.82043499801046],[4.718464308696323,46.820368259985685],[4.718322048742161,46.82024775977251],[4.7181813740577345,46.820083304432984],[4.718017739088348,46.81985174596193],[4.718006776890004,46.81983454614211],[4.717998583710711,46.81981116286574],[4.717994279506105,46.81976933124186],[4.717997067574262,46.81971615418569],[4.71800182311833,46.81967827595395],[4.718001143118376,46.81965682480949],[4.718015204376531,46.81963107374439],[4.718090441506058,46.81951550156332],[4.718148646778662,46.819426751474104],[4.718340934670684,46.81915309520519],[4.718431648341545,46.81900970614099],[4.718469916476189,46.81894884815137],[4.718488635130137,46.8188821491709],[4.718514259297236,46.81884497675711],[4.718201583645576,46.818748493019086],[4.718063724396599,46.81871989607655],[4.717882140521127,46.81867356183208]]],[[[4.7160493109926085,46.82298444506437],[4.716042645404876,46.82296205655924],[4.715974554397404,46.82283330514655],[4.7159417642990675,46.82278474772779],[4.715909731334836,46.822713691049564],[4.715848241430598,46.82260527567253],[4.71578203421886,46.82248875319591],[4.715754058944424,46.82245136337378],[4.715744772619329,46.822440262426355],[4.7157489477318695,46.82238399376421],[4.715547338426705,46.822034470614604],[4.715667572121618,46.821976479800846],[4.715759822975256,46.821928101413306],[4.715908704539933,46.82188194013172],[4.715908445743019,46.82187376655266],[4.715987694869196,46.821837839100574],[4.716024414089289,46.82182197206697],[4.71602877560811,46.82181883595021],[4.716002969000389,46.82175587283559],[4.715986920420687,46.82171932279908],[4.715973978107163,46.82168681513663],[4.715924725737379,46.8216354412795],[4.715885069757326,46.82160537650851],[4.715551249198555,46.821688014875384],[4.715496911062208,46.82161729978338],[4.7154411234054034,46.82154762396295],[4.71536517159868,46.82145269885589],[4.715357412977085,46.821442601776326],[4.715320470441148,46.82135731664051],[4.715304487115469,46.8213228099003],[4.715278875324607,46.82126596779944],[4.715277199732657,46.82125986871457],[4.715243557628367,46.821184756132304],[4.715194034322876,46.82112519956707],[4.715180128145299,46.82110906107349],[4.715140888194409,46.82104527141817],[4.715093935135769,46.82097240165118],[4.7154385145865145,46.82085384127487],[4.71538572366631,46.82078513840664],[4.715346807091312,46.820731565794475],[4.715279792329939,46.82068351862045],[4.715256923401785,46.82066648712047],[4.715225778629729,46.82062301135866],[4.715255242469624,46.820613376833016],[4.715217885480693,46.82056181627382],[4.715074850549784,46.82060482750069],[4.714880742815653,46.820680265134534],[4.714825571013348,46.820629996759514],[4.714807193339938,46.82061392489144],[4.714735461973446,46.82055777029085],[4.714692733826989,46.820524688887765],[4.714650361166062,46.820502841646885],[4.714647061138015,46.82049266904453],[4.714635453384046,46.820455034943954],[4.714630464754366,46.82043876344091],[4.714511381119165,46.820297478527024],[4.714449532627197,46.8202248305531],[4.714401377011729,46.82016117355548],[4.714341217386422,46.82009462442474],[4.714282572188404,46.82002907937365],[4.714242466139921,46.819984719248296],[4.714413772922094,46.81994129661164],[4.714527168468265,46.819902816752574],[4.714484324792347,46.81986564827753],[4.714432343915283,46.8198224829114],[4.714417040190503,46.8198094271985],[4.714405178806261,46.8198106306928],[4.714362770055489,46.81974075493204],[4.7143565258535425,46.819731652889914],[4.71430496945164,46.81974876725421],[4.714261438630545,46.81973714993517],[4.714111685980065,46.81956771871088],[4.713935507980241,46.81936290930136],[4.713958801057983,46.819299214024035],[4.714228985127156,46.81922876804399],[4.714185547395622,46.819173209071835],[4.714202522413151,46.81914537070541],[4.714219676436872,46.819028622497434],[4.71425939892969,46.81896672662511],[4.714290869497709,46.81892640601585],[4.714375745576647,46.81888017392024],[4.714454719950391,46.818836083103626],[4.7144248778532605,46.818786454627286],[4.714407931182787,46.818768317005954],[4.714348451637482,46.8187232190254],[4.714324384226272,46.818621395757596],[4.714254391611172,46.81866739697473],[4.71423546973214,46.81868096285379],[4.713987432548477,46.818509934343645],[4.713851517948132,46.81858961850346],[4.713775700850541,46.818639794941284],[4.713692383859468,46.81868803871836],[4.713623775634495,46.818730956875946],[4.713571435451924,46.81877056156333],[4.713529262011052,46.81880184631553],[4.713399622390345,46.81889165822403],[4.7133299516340275,46.818947875864225],[4.713321538054341,46.81896434707861],[4.713304004259321,46.81902183235316],[4.713293130739637,46.81905469509128],[4.713281198514414,46.81914785970529],[4.713285079293426,46.81917641392818],[4.7132820928392185,46.81922346068464],[4.713286267538236,46.81930820791213],[4.713282829181741,46.81934095988538],[4.713270376745879,46.819370775095315],[4.713259535576297,46.81940466402688],[4.713258989994429,46.81943430186311],[4.713269276119452,46.81947706217974],[4.7132696863826204,46.81953735117376],[4.713260601548533,46.81962638463554],[4.713254057230625,46.81965509415305],[4.713248361866251,46.81966334742641],[4.713229181289956,46.81966874854823],[4.7130912094564446,46.819683060874816],[4.713014357293679,46.819700560439244],[4.712787002561214,46.81976014388091],[4.712733918563878,46.81977626260592],[4.712523283723662,46.81984683599705],[4.712387632399156,46.819887689585634],[4.712081960557175,46.819965810178736],[4.71186065415393,46.82002837275815],[4.711846028274418,46.820036758880796],[4.711880953429148,46.82010572923149],[4.7119595512683246,46.82019039537446],[4.71197261963034,46.82022698129552],[4.712021301864743,46.82044901969009],[4.711972656272103,46.82046404529722],[4.711969101063983,46.82049271023044],[4.712008807756081,46.820571822153944],[4.712056382540592,46.82066410076902],[4.712060294917111,46.82069367221958],[4.71206618654043,46.82073855139869],[4.7120775343572765,46.82076801216557],[4.712033411966459,46.82078502382555],[4.712095696341152,46.820871968063315],[4.712101682361101,46.820872905637366],[4.7122083559181425,46.82085700712847],[4.712497172232495,46.820810811312974],[4.712733174499651,46.82078890688522],[4.712787580020867,46.82076766210535],[4.712811319634709,46.82081226645393],[4.712196548124019,46.82090725618386],[4.7121152028690725,46.82092379531755],[4.712140224471805,46.821103263332546],[4.712184750284315,46.82128754737732],[4.712211940115119,46.82139443989345],[4.712217153922789,46.82141785888616],[4.712264235389601,46.82154182780298],[4.712274986734659,46.82174092511297],[4.712280641922219,46.82182565025889],[4.712314508959991,46.82195492226767],[4.712376023199063,46.82206435674982],[4.712405994359857,46.82211807250739],[4.712429766677574,46.82216370311774],[4.712448822005412,46.82220122652174],[4.7124661886554895,46.822232641991484],[4.712525885941849,46.8223318906636],[4.712541674077484,46.822360267591385],[4.712611958885573,46.82246447397425],[4.712584007601557,46.822475102950335],[4.712621624500616,46.822581840098934],[4.712637335068328,46.82260817381074],[4.712676734507846,46.82267706828286],[4.712750115843448,46.822832319404476],[4.712767612034345,46.82286782161539],[4.712800499304264,46.822966451703195],[4.712810398235239,46.8229969516451],[4.712824394317713,46.82311017354691],[4.712857327102865,46.82320982061378],[4.71290217698656,46.82335731909003],[4.71291246357459,46.823400079393686],[4.712931348288459,46.82347950107666],[4.7129504914165254,46.82356709633687],[4.712987195513333,46.82369222815518],[4.713032927979912,46.82382030554275],[4.713190644642658,46.823864958713685],[4.713432093491593,46.82377961486631],[4.713552226745141,46.82376555905296],[4.7137322415125125,46.82376185939784],[4.713904400208463,46.82374498369478],[4.713975142763172,46.823722477292925],[4.714016387068964,46.82370857885706],[4.7142648732899675,46.82365787343959],[4.714312491398855,46.82365716372433],[4.714375959033034,46.823639862886715],[4.714523752455981,46.82360598587498],[4.7145511459110105,46.82362499443539],[4.71471460773321,46.8235683956698],[4.7148754996036955,46.82352512781599],[4.714979006910696,46.82350314995202],[4.715011578351775,46.82349754889593],[4.715085393927258,46.82347805801238],[4.715387037211157,46.8233662624056],[4.715558308448439,46.823321821103065],[4.715673237480097,46.8232843350463],[4.7158667770358065,46.823237516750005],[4.715934735007892,46.8232211747307],[4.716015855935648,46.823197476526396],[4.716129335265118,46.82316104732154],[4.71608197768728,46.823075917830934],[4.716061178810323,46.82303024357126],[4.7160493109926085,46.82298444506437]],[[4.715737719348712,46.82240562253466],[4.715702139268467,46.822410242005866],[4.715693862912974,46.822383797794814],[4.715729410772525,46.82237816112969],[4.715737719348712,46.82240562253466]]],[[[4.717084284020219,46.82419731676986],[4.716088473491349,46.82328726351105],[4.716061446892175,46.82326244997962],[4.715947010848384,46.823294777649274],[4.715907668462227,46.823253937041194],[4.715863507640983,46.82326810482787],[4.715505944012575,46.82337070310501],[4.715222816997124,46.82346228365239],[4.715172526046004,46.82349005156141],[4.715053213627016,46.82353415882211],[4.714848885929659,46.82358673828513],[4.714752067942762,46.82359538651102],[4.714593753766834,46.82365088191097],[4.714581609108938,46.823640255769995],[4.714572115799553,46.82363049070309],[4.714504490944335,46.82364951071943],[4.714301131999737,46.82369126757369],[4.714087110432227,46.82372777937467],[4.713926430365268,46.823749986963676],[4.713411290385823,46.82380719487341],[4.713163224905324,46.823887440775316],[4.7132950494608234,46.82394851910256],[4.713435596817877,46.82403648528037],[4.713531807470281,46.82421607220615],[4.713622831939036,46.824356110007955],[4.7136913893832135,46.82453250639271],[4.71368633082293,46.8247874509647],[4.7136676552402035,46.82481925013128],[4.713631501608753,46.824879228221064],[4.713584884653177,46.8249402627765],[4.713482211833757,46.825095794550585],[4.7134802720162305,46.825117437793566],[4.71349084269701,46.82524426460205],[4.713482971713668,46.82528580934956],[4.713452720287518,46.82532498569707],[4.713424664828946,46.82535062035873],[4.71340690190287,46.8253697975106],[4.713048272929541,46.82581282954053],[4.71283841942565,46.82606451955812],[4.713285960907766,46.82640008135239],[4.713636830554233,46.82666593450092],[4.714010540328536,46.82694855762464],[4.714404045060386,46.82711020448158],[4.715285392859138,46.826599935216606],[4.716398232454553,46.82714350696473],[4.7164070708332435,46.82709114039818],[4.716425660236385,46.82713949530079],[4.716491436054878,46.82726910048677],[4.716592452626062,46.827475631155544],[4.7166373583786845,46.8275262950882],[4.716751204050514,46.8274750631494],[4.716781112425,46.827466511391215],[4.7168047487517875,46.827508486723715],[4.716958913183079,46.82777726569177],[4.716855217503633,46.82785896666146],[4.7168582113399795,46.827870629749825],[4.717371361539999,46.82779092174569],[4.717422140367126,46.82777845583328],[4.718529119042781,46.82751515889742],[4.719257546176405,46.82731424749718],[4.719540429411605,46.827214555569086],[4.720030499388216,46.82706943684438],[4.72004592323584,46.82705929961816],[4.720045437489772,46.82704399670049],[4.719860121104515,46.82670363948878],[4.719864281456854,46.826669354523744],[4.719600162663759,46.82678137517809],[4.7193703967230825,46.82685955956412],[4.719307580257225,46.826740718866255],[4.718493202506452,46.82700325496486],[4.71819491123029,46.82678256141425],[4.718300026986761,46.82666301279965],[4.718254151412461,46.82662317116158],[4.718235305143699,46.82660814250966],[4.718181503570951,46.826566618043216],[4.717853278665036,46.82631214801891],[4.717807516710534,46.82623447937299],[4.717738118408702,46.826114835556126],[4.717663046464933,46.82598176744434],[4.717651983906324,46.825963920669835],[4.717633222616499,46.82591016491509],[4.71754443439426,46.82563410637076],[4.717541469064736,46.82562334346582],[4.717376070269758,46.82512417964812],[4.7173069596093375,46.825013537263295],[4.717288912150922,46.824982285758935],[4.71774581053912,46.824825963932575],[4.717739024971686,46.82481886047748],[4.717404966983346,46.8245041362322],[4.717084284020219,46.82419731676986]]],[[[4.716261343799121,46.83496002952589],[4.716216346696307,46.83490666503634],[4.71618087375902,46.83486396560449],[4.7160444002299915,46.83473991794426],[4.715763299821398,46.83448293779364],[4.715589103254275,46.83432793134943],[4.7155632690562,46.83429949753022],[4.7156037034018,46.834291689780606],[4.716409251436291,46.834243650146675],[4.715368044006639,46.833314454731614],[4.714549873449962,46.832589963958554],[4.714337728168941,46.832603932749414],[4.713715046414305,46.83241688049117],[4.713171679159389,46.83249702135503],[4.7131171876808455,46.83251674534944],[4.7130529738882725,46.83251950277287],[4.712796854184115,46.83218018938707],[4.712792720078016,46.832173946768606],[4.712788671339218,46.8321704046665],[4.712739346695071,46.832104494952624],[4.7126812043260315,46.831718104357456],[4.712646026383912,46.831601550611936],[4.712632227270641,46.83158014174682],[4.71252864314266,46.831499729598846],[4.712520574251498,46.83149354554706],[4.712327796119874,46.83108214108736],[4.712137814783994,46.830676098252276],[4.712045276098383,46.83048835035704],[4.711770302335245,46.83042399713786],[4.711763886537758,46.83042859558825],[4.711615676057043,46.8304308009343],[4.711492840841691,46.83044703809128],[4.711401650747669,46.83050963531383],[4.711349179201484,46.830593270758605],[4.711335405488749,46.830614189371914],[4.7112355053730575,46.83081650838027],[4.7110962436627055,46.83085280255955],[4.710906255384057,46.83090335996414],[4.710642447128427,46.83094330707493],[4.71051582213942,46.83092267510177],[4.710451581687375,46.83092453090148],[4.710363732256817,46.83092673768965],[4.710297957469668,46.830879984056736],[4.710190642204669,46.83080592950193],[4.710086206131354,46.83073993740827],[4.710003859082529,46.83075016748821],[4.709955528530523,46.83075719008382],[4.709817213411801,46.83074033350217],[4.709755227106761,46.830730447670696],[4.70955985988743,46.830693725033846],[4.709332412775941,46.830679993640935],[4.709156146722694,46.83066640197253],[4.709095542546859,46.8311995541844],[4.709118482105276,46.83130278181238],[4.709206061617692,46.831624794245705],[4.709227158507535,46.832085585453534],[4.709221226351732,46.83231352411886],[4.709220443405069,46.83241350178826],[4.709260884114079,46.83257230621879],[4.709271286744513,46.83261087723477],[4.709301761735082,46.8326617583356],[4.709352745772773,46.83265559721178],[4.709408965862071,46.83273221299077],[4.709563828836299,46.83294065092814],[4.709742418266259,46.83290287363447],[4.709867375356096,46.8330784336302],[4.710176453904592,46.83297567445092],[4.7102982301335246,46.83305041464392],[4.710310830696541,46.83307544397134],[4.710361616099457,46.83306298119313],[4.7104767074270955,46.83325850032392],[4.710541591056993,46.833401630786305],[4.710510423589054,46.83341200075645],[4.710602795789518,46.833552921269884],[4.710674961928804,46.833594176136984],[4.7107032701849585,46.833659498619994],[4.710740414929258,46.83375530992063],[4.7107447478759195,46.83376785381625],[4.7108775359011705,46.8338172130057],[4.7110951041089795,46.83380857359463],[4.7111392913479975,46.8339195901417],[4.711293091632101,46.83401096428785],[4.711449455226698,46.834141926282236],[4.71137796846053,46.83445459561172],[4.7113182768195685,46.83455905198423],[4.711232627505612,46.83475575510861],[4.711247275944392,46.83484559670025],[4.711403382184076,46.835009884598165],[4.71145749972891,46.83506131402942],[4.711581564590483,46.83512521173301],[4.711740395356582,46.835126450985946],[4.711824430171221,46.835127902389516],[4.711911205540878,46.83509148796465],[4.712258786377704,46.83500255994246],[4.712334802450621,46.8350824820857],[4.712502408022845,46.835195263466424],[4.712585415789012,46.83520573555489],[4.712692171168397,46.83530321177293],[4.712838506108074,46.83540730338499],[4.712976598762794,46.835541237178596],[4.713105993898326,46.835690610440295],[4.713179272489165,46.83580839779926],[4.713274653860819,46.835878124420134],[4.713390966225083,46.8359457380491],[4.713617063684329,46.83604053540768],[4.71373115394893,46.836079362755456],[4.713926370735045,46.836152104634586],[4.7140715193465885,46.83609410526304],[4.714118513912322,46.83608620032169],[4.714200555002677,46.83606606543189],[4.714264543523512,46.836097533409074],[4.714295996643122,46.8360961641381],[4.714301300541958,46.836097886295605],[4.714427738236999,46.83615364028261],[4.71478355555053,46.836324854018386],[4.715050034125814,46.836492895541305],[4.7151276825138435,46.836541270728475],[4.715193325851368,46.83658352067588],[4.7156626183649415,46.83644233450607],[4.716008804210816,46.83639214164084],[4.7162838703726795,46.836334002761035],[4.716483938786151,46.83626977742972],[4.716441934585011,46.836228076119056],[4.716395852656656,46.836181932650994],[4.716374266041618,46.8361633421917],[4.716205024104933,46.83599925676822],[4.716017191154888,46.835786816236656],[4.7160142255731206,46.83577605332188],[4.716516729616526,46.83560644964019],[4.716563466722984,46.83559044216538],[4.716654345935466,46.83555936647491],[4.7166777287124315,46.83555181279706],[4.7164157832209215,46.83515405538455],[4.716306968327662,46.83499177033323],[4.71628478338674,46.83499570368569],[4.716261343799121,46.83496002952589]]],[[[4.718465771475185,46.84479854794659],[4.718442183430481,46.844758373488126],[4.718335254752392,46.84461497470977],[4.71813472106007,46.84441713673945],[4.718046105122498,46.84431309039786],[4.717922401363803,46.84393038365951],[4.717848324844303,46.843581158448266],[4.717882247636401,46.84303669297962],[4.7178837581500845,46.843001547243745],[4.717884813137083,46.84299342614245],[4.717860385411482,46.84247144602963],[4.7178272364040295,46.842129714989056],[4.717797853303549,46.84182395147844],[4.717786071612732,46.8417007458963],[4.717664267691993,46.84170886848911],[4.717537016486066,46.84171076810419],[4.7175151105723625,46.84155799400342],[4.71749389152351,46.84150967863102],[4.717137353816513,46.84177257024526],[4.717133532337859,46.84177622965534],[4.717089443536008,46.84187595302835],[4.717114771040095,46.842053892764035],[4.717033548813193,46.84205870725354],[4.717031951625014,46.84204972514364],[4.716700645868956,46.842073581235006],[4.716700988176775,46.84208438326042],[4.716573736055149,46.84208628181009],[4.716242686536324,46.84211823810204],[4.71616052297393,46.842134773738984],[4.71607314035927,46.8421522877512],[4.7157952207069735,46.8422455913141],[4.715496792696348,46.84247879203438],[4.715396601200723,46.842672112312904],[4.71537327004275,46.842805748043574],[4.715441942706559,46.84294341568158],[4.71546564175886,46.84298719145043],[4.715524645162197,46.84323397505215],[4.715539959256621,46.843303092447584],[4.715576691550317,46.843385399403545],[4.715609117614274,46.84345606283555],[4.715563571322335,46.84346844965298],[4.7155955950513135,46.8437750746433],[4.715522666834715,46.84395898249709],[4.715598013925288,46.84418300750094],[4.715452726039537,46.84456882648458],[4.7153463362353225,46.845063937730494],[4.715342595501933,46.84531886139561],[4.715354315412784,46.84544026676902],[4.7153810099787705,46.84549570559679],[4.715922963673783,46.845491227400814],[4.7163415930380745,46.845488586231745],[4.716342363032727,46.845388608870934],[4.716395212058532,46.845358100971644],[4.716509865582325,46.84533117405787],[4.716517965188396,46.84525540337268],[4.716814267531302,46.84528610600263],[4.716860499785029,46.845295322727274],[4.716881861962518,46.84530671170538],[4.716906361614335,46.84533426455086],[4.71692013738866,46.84535477265512],[4.716927381919058,46.845376278805524],[4.716908957919305,46.84541617983158],[4.716854940658166,46.84553406297847],[4.71685465577816,46.845566488597626],[4.716864438644772,46.8455852550968],[4.717214623245059,46.845866418374364],[4.7173077761008715,46.84603073738493],[4.717383413898588,46.84601519902017],[4.717434238343812,46.84600363333195],[4.717545156595099,46.84598306531019],[4.718086171450371,46.84590744410282],[4.7184722886047785,46.845872859289024],[4.7187481428599485,46.84583811902207],[4.7186330163989645,46.845477799813246],[4.718602579040689,46.84534586709745],[4.718519139532669,46.844949951308585],[4.718465771475185,46.84479854794659]]],[[[4.710924973986081,46.84483617126265],[4.710273130932383,46.84489359315707],[4.71026657119319,46.844893690657436],[4.710230603432348,46.844669077225106],[4.710244024978989,46.84426271065338],[4.710231999518525,46.844172830165746],[4.710193957827056,46.84388250427243],[4.710253926936174,46.84370329564166],[4.710134816929788,46.84354746232137],[4.71007829105617,46.843295235961456],[4.71013540380851,46.84265136404632],[4.710070581492818,46.842136287874425],[4.710127716962647,46.84203367170278],[4.7101014793896825,46.84203406166915],[4.710002032337992,46.84204364502085],[4.7099569696916666,46.84182186831789],[4.708730583051329,46.8419301470745],[4.708723302840217,46.841782558026345],[4.707869891159528,46.841856469040735],[4.707531372130229,46.84202630169126],[4.707133951353901,46.842409546948375],[4.707082944104809,46.84283178072518],[4.707258358737819,46.84356676275217],[4.707420740303629,46.843804811262295],[4.707864033280973,46.844126948375234],[4.708423921910563,46.84464998587252],[4.708558369367046,46.84483441207515],[4.708770660325889,46.844948336583585],[4.708977102387939,46.84508486237257],[4.70909544561857,46.84521639223833],[4.709416680126045,46.84562138969766],[4.709484705823078,46.845822111641425],[4.709672419090758,46.84615524345008],[4.709690729968479,46.846153170204005],[4.709744521088135,46.846152370959416],[4.710682642336181,46.846140229209645],[4.711099648229947,46.84616915204293],[4.711132211550093,46.84595342631671],[4.711150261598904,46.84569378737668],[4.711115678972558,46.84555470986502],[4.711014970422552,46.84527522266561],[4.71096799191921,46.84503456250502],[4.710924973986081,46.84483617126265]]],[[[4.716260479673812,46.8454970008432],[4.715368232436685,46.845506703198645],[4.71526059463703,46.84550650658342],[4.715265870189556,46.845548755822044],[4.715287002542909,46.84563579834425],[4.715292305858368,46.845720375044785],[4.71528543092424,46.84579342557214],[4.715282150613608,46.84581418811278],[4.715245299055419,46.84593541691899],[4.715246979145367,46.846071381427194],[4.7152997948001865,46.84637139219328],[4.716587189949685,46.846197292035285],[4.716446865330147,46.84615975920734],[4.716425873524894,46.846077217749986],[4.716309250416465,46.846083460281996],[4.716275110742256,46.845751650549765],[4.716260479673812,46.8454970008432]]],[[[4.7125365630354255,46.84594964537247],[4.712412315095021,46.8460883845084],[4.711989706627695,46.846214451647555],[4.71164990042259,46.84626093403106],[4.7114335089561745,46.84626685444128],[4.7110974468116105,46.84622412088991],[4.710892067174598,46.84620465995992],[4.710690936329565,46.846195042010606],[4.710312001674227,46.84620787964709],[4.710254057115978,46.84636814562941],[4.710419073798956,46.84643954140897],[4.711421332272789,46.846878537496906],[4.711556666902238,46.84688282874121],[4.711449495026675,46.847063640559085],[4.7113840108861655,46.84735910801334],[4.7113673738390025,46.847455718763435],[4.7113193393299015,46.84780496211858],[4.712008881777976,46.84790097517132],[4.71243135514389,46.847853261722555],[4.712470516496607,46.84784637479606],[4.712971200211911,46.84773985752527],[4.713176562730123,46.847675560021734],[4.713295218044011,46.84760895079037],[4.713468267819702,46.84747758943265],[4.713515565635809,46.847312977336685],[4.713515480209365,46.84731027683183],[4.713614767824953,46.846672980054365],[4.713728926686164,46.84633986187751],[4.7137975637829985,46.84602002983524],[4.713849911598225,46.845766183604354],[4.713857642873925,46.845720138220024],[4.713875873574934,46.845591081911444],[4.713888996904038,46.84550803190282],[4.712937666716018,46.845309657923416],[4.71292711413107,46.845308013828955],[4.712817209503079,46.84552669268248],[4.712636881832878,46.84580135572894],[4.7125365630354255,46.84594964537247]]],[[[4.721062888688761,46.82072791961652],[4.7207505863487516,46.82064368520771],[4.720591150968938,46.820591917353475],[4.720461340793363,46.82053561739973],[4.720302006534821,46.82043989833253],[4.720208946320506,46.820368746870464],[4.720074280107179,46.820253250599436],[4.719798295740906,46.81999986907244],[4.71976600955662,46.81996766005208],[4.719715357059631,46.81991936173589],[4.719503203160157,46.81970693002115],[4.719442811013902,46.81963323617255],[4.719364550344585,46.819512816085755],[4.719243520851314,46.81935725442913],[4.719211267647012,46.819326062443785],[4.719082429925136,46.81920638919688],[4.718992447204207,46.819138252824494],[4.718851193665892,46.81904942134127],[4.718620509099838,46.81890980836795],[4.718581048007831,46.8188858746891],[4.718563706258498,46.81890248873022],[4.718504298469183,46.81900044315348],[4.718422081281761,46.81913043047839],[4.718206058058872,46.81940648585271],[4.7181520523010745,46.819486995786114],[4.718072777440263,46.819615903175034],[4.718043503355116,46.81967867101691],[4.718036334682195,46.819733957875385],[4.7180343618471365,46.81976567045922],[4.718041318933524,46.81979724064163],[4.718060590780694,46.81984191071606],[4.718087084485674,46.8198793221393],[4.718194865405134,46.82003916260258],[4.718300018673409,46.82016327939428],[4.718363257037142,46.82023284256899],[4.7184906006709895,46.820352538925704],[4.718545084152321,46.82042733921962],[4.71859667495152,46.82050524475332],[4.718612387820166,46.82053157766368],[4.718628591674878,46.82052622912903],[4.718652211478923,46.82051974309056],[4.718748818727575,46.8204682350714],[4.718765475901088,46.82047718127319],[4.7187599872228985,46.82063258079788],[4.71876281025181,46.82067443452812],[4.71872561006656,46.820768995082105],[4.718741951690313,46.820814735516805],[4.718785783961125,46.8208825441043],[4.718871038608898,46.82094258286406],[4.7189850738934975,46.821064521945594],[4.719003342765117,46.82107753275095],[4.719044462498139,46.821106547909366],[4.71908153167879,46.821148907447224],[4.719120374597027,46.82120044459428],[4.719145744217081,46.82124911207163],[4.719190411259631,46.82129647341671],[4.719204836976306,46.821328949568596],[4.719156225138801,46.82134500440746],[4.719027556851274,46.82137145091665],[4.719014588868464,46.82138492858774],[4.719084580201777,46.82147994047013],[4.719119390258284,46.821497810423914],[4.7191428115842005,46.82153220549301],[4.719161024293201,46.82159017506618],[4.719312414353542,46.82171666187762],[4.7193934389515135,46.82178391426216],[4.719525964464136,46.82187900870803],[4.719614340858106,46.82194307998349],[4.719631096030019,46.82195509564622],[4.719634105160651,46.82195606833393],[4.719653156512736,46.821946588363936],[4.719761186563138,46.82187958053658],[4.719882735006678,46.821816450174886],[4.719931360165662,46.82180039483493],[4.720010574233883,46.82176344741533],[4.720057594075405,46.82174435398677],[4.7201439323379715,46.82169707811706],[4.720277419842747,46.821634795447885],[4.7204052774330725,46.82158280963861],[4.720597593656063,46.82149818529898],[4.720688616955282,46.82145799869037],[4.720770741948237,46.821418962816516],[4.720917876443322,46.821364643646945],[4.721019200992709,46.821321231586445],[4.721090978137166,46.82128439467882],[4.721198204239848,46.8212388497802],[4.721227505248338,46.82122410974696],[4.72127388830009,46.82118458170085],[4.721300212449592,46.82116988619903],[4.721414484173908,46.82111196946526],[4.721580605815864,46.82099913239548],[4.721619799521378,46.82096788926909],[4.721644089715297,46.82093584253583],[4.721646709624876,46.82092456382059],[4.72162027786551,46.82088919661978],[4.721409924077333,46.820827970241716],[4.721062888688761,46.82072791961652]]],[[[4.7245961152630285,46.82655527811424],[4.7246789274304035,46.82647748545443],[4.724780896054934,46.82638319468004],[4.7248458911976146,46.82632278045535],[4.724806855079591,46.82629184480106],[4.724370154557798,46.82609305547676],[4.724139034333714,46.826004658822896],[4.723981535636048,46.825961989507185],[4.723838326086114,46.825956030436814],[4.723805624878305,46.82595922231637],[4.723551998512968,46.82598823979279],[4.723415947570384,46.826001085529796],[4.723308153445139,46.82603602276096],[4.722547238285455,46.826328407455705],[4.722040790219443,46.826494496117164],[4.721482336503715,46.82667577041494],[4.720953986545186,46.82685479034875],[4.720502240609512,46.82700834584969],[4.71970916055375,46.82723905104775],[4.719619465730998,46.82726560875578],[4.719575245480092,46.82727797760869],[4.718549278948441,46.82757159540392],[4.717747599760678,46.82777990031613],[4.717746288229815,46.827779919901545],[4.718120155157521,46.82848040520726],[4.718184764947235,46.82853167484743],[4.718350422870554,46.82862466372214],[4.718551607497933,46.828720723994444],[4.719057361392083,46.828862666238685],[4.719447469748317,46.82895770267769],[4.719834073352585,46.829066299187005],[4.720177053983523,46.82916473958154],[4.72034128829176,46.82921271702044],[4.720465375639206,46.82923607793507],[4.7207022829590946,46.82921722421856],[4.7208286756826645,46.82918921614048],[4.721171983414336,46.82909131820373],[4.721359307909492,46.829081310389334],[4.721437327000804,46.82918281111885],[4.721424371209957,46.82906412596752],[4.721928626841698,46.82895210927613],[4.7224537508089925,46.828836175465895],[4.722511177807939,46.82886773711355],[4.722623575765243,46.82889487314168],[4.72270125353479,46.828985570972954],[4.72267408284509,46.828997685665605],[4.722768272304087,46.82911245235206],[4.7229029303804655,46.829303163766305],[4.7230489590161,46.8294387681673],[4.723256548454888,46.82936451119156],[4.7233885013980865,46.829346323582456],[4.7234671612938115,46.829302816921874],[4.7235620983150275,46.82923475014024],[4.723632287218142,46.829172457700274],[4.7237646806396105,46.82904438993216],[4.723868740462014,46.82897438497391],[4.723908842989637,46.828873817451075],[4.724164887253491,46.82871417624098],[4.724332014877083,46.82864682791007],[4.72411482393724,46.82854291210901],[4.724014138067958,46.828471472623086],[4.724124696902533,46.82839956879748],[4.724881923129011,46.827908196886106],[4.724901137629298,46.82789349915988],[4.724906240481002,46.82788891964084],[4.72484613275722,46.8278555981726],[4.724732475174148,46.82778885681598],[4.723800613822231,46.827245354127825],[4.7245961152630285,46.82655527811424]]],[[[4.719053656041896,46.82944901100133],[4.719155312579363,46.82963391558813],[4.719312899237143,46.82959643702714],[4.720525142437258,46.82930002710959],[4.720185240674619,46.82921595126711],[4.719454458416766,46.829012534708085],[4.719144976139316,46.82934948107201],[4.719053656041896,46.82944901100133]]],[[[4.737835566610553,46.8323270110251],[4.737815025969003,46.832300303261846],[4.737805469214273,46.832288739803595],[4.737750059151022,46.83219771542698],[4.737715420738643,46.8321406001354],[4.737441710495003,46.83219877050217],[4.737372049750258,46.83219531957553],[4.737257591542375,46.83218624091803],[4.736952472196849,46.83220615855413],[4.73655574036471,46.832233762567085],[4.736387030259295,46.832251619443525],[4.7345638716761504,46.832566415661994],[4.734546171500385,46.83258739637314],[4.734750949921331,46.83398294197811],[4.734773924826174,46.83412669166779],[4.734785571127614,46.83416254008054],[4.73490611417331,46.83452546561154],[4.735075768403737,46.83474175300138],[4.7352206889750486,46.8348413351129],[4.736274122638751,46.83474798944335],[4.736584272497855,46.83472079309449],[4.737134429677339,46.83460711675181],[4.73847275018668,46.83402672616749],[4.738707459643324,46.83389799540611],[4.739062459938807,46.833673783171236],[4.739165515060598,46.83361368611283],[4.739167300451734,46.833587541661196],[4.738323381034267,46.83260242982312],[4.73808720360152,46.832685251393094],[4.738015908605888,46.832589964131365],[4.737835566610553,46.8323270110251]]],[[[4.7252218920792295,46.836031004339254],[4.725241001541949,46.83605413332155],[4.724915884569539,46.83618869444074],[4.724663248883667,46.836291547744224],[4.724289171127921,46.83645475952717],[4.724203445275767,46.83660644413085],[4.72416771312219,46.836597073066265],[4.724145534088996,46.83664243533164],[4.723834920244473,46.83673805024005],[4.723733491924021,46.83676748848441],[4.723409701880291,46.83686149844035],[4.723385150897636,46.836873573975204],[4.723036837135536,46.83698055857684],[4.722900935270165,46.83704023207192],[4.722656706141762,46.837160066281726],[4.7224905471243215,46.83721749053017],[4.722125801543207,46.83730310399154],[4.72191472693463,46.83735129314209],[4.721711007608629,46.83738316108534],[4.7216545732420725,46.83738310501609],[4.721407532970453,46.83737329264112],[4.721133903319078,46.83722878801715],[4.720917688399216,46.83719779972657],[4.7205946847989075,46.8372341516961],[4.720260932471967,46.8373039855411],[4.719885208365495,46.8374573007161],[4.719313752199236,46.83777024355924],[4.719319313523361,46.83778006700742],[4.719135212692776,46.83785126338302],[4.718953849173809,46.83792602094153],[4.718704388764897,46.838046825298996],[4.7187861531256425,46.83818339498769],[4.718831812338092,46.838257462316214],[4.718882947298196,46.838338652585385],[4.718906390073326,46.83837432617833],[4.719219935674986,46.83837054186356],[4.719383678101451,46.83831946274737],[4.719437004194966,46.83830425626607],[4.719450750570454,46.83832386393781],[4.719497208333901,46.83838170835252],[4.71953408368769,46.8384270876223],[4.719729298619817,46.83866462894892],[4.719736657667902,46.838689735637345],[4.719751918701579,46.83875705222035],[4.719775279158027,46.83883145250017],[4.719802346472829,46.83889859259709],[4.720032162840574,46.838820407603386],[4.720262178626514,46.838748523330054],[4.720320135506609,46.838879143771635],[4.720800818692148,46.83880711242098],[4.720884373368897,46.838793254340494],[4.7209155811154915,46.8389080638662],[4.721103736646403,46.838881833839736],[4.721297139185791,46.83885552500225],[4.7213126271810895,46.83888861534927],[4.721779431297998,46.83891675374371],[4.721816128846198,46.8388738765193],[4.721915964248205,46.83883545793198],[4.722121396858753,46.838774744984114],[4.722196965916732,46.8387574030884],[4.722404081751948,46.83870837218578],[4.7225803963124795,46.83863998894434],[4.723126304661016,46.8384318816818],[4.723468320903959,46.83829166923691],[4.7237141515191485,46.83818081536808],[4.723749111339883,46.838165882033636],[4.724232652911597,46.838019043772164],[4.724271605111524,46.83800585163622],[4.724656165532879,46.837883009884],[4.725463344044726,46.837596224771744],[4.725583646666626,46.837541285195115],[4.725613444517803,46.83752913049337],[4.725831297459314,46.83744661012486],[4.726177608606312,46.83731803273698],[4.726181715966189,46.837323374698116],[4.726638943048907,46.83713369219028],[4.726689519736717,46.83707349365285],[4.726305420993012,46.83655150724439],[4.725729638025426,46.83582075451396],[4.725720570656076,46.835824492920445],[4.7252218920792295,46.836031004339254]]],[[[4.722477489676922,46.8387468994489],[4.722135234625103,46.83883848021173],[4.7223240981439805,46.8392886531461],[4.7227285119204,46.83933573363275],[4.722874122687652,46.83933355326413],[4.723078134963889,46.83931068495745],[4.723637177397623,46.839185233588616],[4.723185741164517,46.83848502729774],[4.723036860939985,46.838549398241874],[4.72279310697556,46.8386431081727],[4.722477489676922,46.8387468994489]]],[[[4.7361187441076655,46.839195698389915],[4.73611092955877,46.83911566291369],[4.736103576575145,46.83905003007032],[4.736100316938703,46.8389483114585],[4.736095862323317,46.83893216787713],[4.736055251686172,46.83877067266804],[4.73597896470214,46.838683564961066],[4.735821490430964,46.838520230533625],[4.7355245810264535,46.83863368233027],[4.735483872126324,46.83859196821088],[4.735350992034667,46.83845888256693],[4.735404370341072,46.83819960523912],[4.73546279474812,46.83817981135877],[4.735330492379317,46.83806472897815],[4.735199732989513,46.837956827979035],[4.7348619901335285,46.837573762775875],[4.734511899699024,46.83709181676567],[4.734377269043658,46.83682186521536],[4.734263971944184,46.836644353731465],[4.734027748726394,46.83639844818438],[4.733951497150546,46.836312239242886],[4.733812579020334,46.835908162242525],[4.733803571857812,46.835831746970705],[4.733771637321342,46.83495684475832],[4.733744913660643,46.83494193728932],[4.731688719835275,46.83560602809322],[4.73180074030781,46.83574393483346],[4.731751499222561,46.835763588652846],[4.731834271328737,46.83593075481574],[4.731711688654337,46.83595511503322],[4.731672682197741,46.83596650936192],[4.7316507281398055,46.83597764700841],[4.731631713997119,46.83599864699563],[4.731620455110009,46.83601592785251],[4.7316391474622135,46.83606698067882],[4.73153912267226,46.836099106564795],[4.731545060039426,46.836120631591655],[4.731516432178215,46.836128267258964],[4.731203947288113,46.83620591848416],[4.731186405824761,46.836190872254285],[4.731128919821047,46.83619894206986],[4.731071462561498,46.836207912023355],[4.730813034064697,46.83625232720895],[4.730903437927599,46.836494128913984],[4.731048233090677,46.83687740684783],[4.731315415106146,46.83681935046508],[4.731562956967813,46.83729654506038],[4.731304621446911,46.837385089225705],[4.731277419703749,46.8373963057562],[4.731006857218802,46.837512951800704],[4.730340660145941,46.836008165666684],[4.7292297450990946,46.83627523546173],[4.727396098280771,46.83692509533246],[4.727188600339269,46.83700296029472],[4.726942064846654,46.8370913174352],[4.726544204687919,46.837249489929846],[4.726280306275663,46.837369627106696],[4.726259547573194,46.83737714336739],[4.726170125984588,46.83741270778518],[4.726729951387598,46.83838325685851],[4.726718202709507,46.83838523438208],[4.726158434857122,46.837416485587276],[4.725993647882244,46.837475695544086],[4.725741803884233,46.83756232848373],[4.725686143485634,46.83758657891818],[4.725544823929193,46.837640933223476],[4.725324403565792,46.83772529272421],[4.725089639023748,46.83781256866448],[4.724968962708399,46.83785580553958],[4.724495122773515,46.83801871228747],[4.72426639883029,46.83808968520874],[4.724055494935986,46.838143279283145],[4.723973683518514,46.83817062253149],[4.723878897424705,46.838202663114465],[4.723506998131239,46.838352330440365],[4.723967940971882,46.83910372711899],[4.7240627858820305,46.839073486805916],[4.724079215024685,46.83909485494127],[4.724095558239478,46.83911352257111],[4.723385894390986,46.839289864686585],[4.722954262610343,46.83937738300491],[4.722818092029817,46.8393875274846],[4.722720846342604,46.83938358002916],[4.7226050063527785,46.83937270611928],[4.722379742466123,46.83934635891874],[4.7221747854603935,46.83933952043982],[4.722264750733231,46.83952729900851],[4.722366690069034,46.83967887439923],[4.722427300596952,46.83976892727483],[4.722439311999655,46.83981647906474],[4.722409912848955,46.839841235287764],[4.722378915661479,46.839857009462094],[4.722365940539283,46.83986170668238],[4.7222875174126235,46.83987188661456],[4.7222891154078255,46.83988086865687],[4.7222199894605295,46.839894511754494],[4.722106413444189,46.83999617797319],[4.7220017908926035,46.84009050529674],[4.721975811856505,46.84009899948227],[4.721953711071692,46.84010563442616],[4.7218137535879725,46.83991410081915],[4.7217707739423345,46.83988322314368],[4.721479933981276,46.83973447380542],[4.721383084317216,46.83970170021017],[4.721292197056239,46.83969135223614],[4.721201338429133,46.839681904358535],[4.721052763492522,46.83971474720122],[4.720889339967253,46.839858585250624],[4.720870977948859,46.83990028730777],[4.720847121683244,46.84005824841296],[4.720823808548719,46.84023331270253],[4.720801321019755,46.840393054499785],[4.720633409433238,46.84043699311343],[4.720625538416092,46.8404371108226],[4.720583388121666,46.8404323375864],[4.72002797831395,46.84059014091367],[4.72002683795458,46.84059556153494],[4.7198692198006755,46.840633040961805],[4.71981315354689,46.840644686178095],[4.719844874479451,46.840775698966155],[4.719966140781073,46.8412881262405],[4.7202640150302395,46.84124494739996],[4.720629050708711,46.84120886879212],[4.720964399393874,46.84118854319115],[4.7208815617055935,46.84196879735637],[4.720874694783252,46.84204184829262],[4.7208782907643965,46.842072414754256],[4.720903687994568,46.84225215398163],[4.720942697466285,46.84252985449336],[4.720934204107866,46.842593023200024],[4.720906010822406,46.84273844071998],[4.720850478174823,46.843014853420684],[4.720827642974444,46.84312236576627],[4.7207504429578755,46.8435017702621],[4.720733423488703,46.84358578012416],[4.720601794497013,46.8438219032211],[4.720407766911379,46.84411839838226],[4.72028956287592,46.844281372146696],[4.720261872454037,46.844318710519154],[4.720197736745335,46.844407027046245],[4.720143724710932,46.844483484459445],[4.720038238313618,46.844633659480145],[4.720016849994123,46.84466279822686],[4.719948949142159,46.844756574444276],[4.719909716257568,46.84492647264354],[4.7199146772529375,46.845330765392205],[4.719983527256139,46.84576292214093],[4.719998190358291,46.84581133505293],[4.720027253702353,46.84581720477722],[4.721313747284077,46.84606994661507],[4.721452817399027,46.84577877528918],[4.721368050677962,46.84575482675392],[4.721515420549093,46.84547704006915],[4.721655607924365,46.845262402258165],[4.721679533672977,46.84523052345114],[4.721717318642572,46.84518042536796],[4.721783958050499,46.84504704077955],[4.7218395377904985,46.8449786644776],[4.721918131492477,46.84489103125563],[4.721928283673171,46.844880072190705],[4.721940659137306,46.844856471523485],[4.722032277298656,46.8446830867735],[4.722194252812839,46.844493338783174],[4.722255618410016,46.844400559584834],[4.722238191254147,46.844389112691935],[4.722285211297449,46.844299249976515],[4.722345693900579,46.84421999286532],[4.7224240520299645,46.84408373063019],[4.722380214742538,46.84406727552623],[4.72254126647245,46.84380729435595],[4.722429691588903,46.84376573604768],[4.722477540825193,46.8437019780803],[4.722550769498951,46.84361082228455],[4.722617638748759,46.84352606581304],[4.722847039870361,46.84318670901844],[4.722884202559455,46.84319966150028],[4.723031148809672,46.84307407948223],[4.7231705952390195,46.84296031732586],[4.7232958679742225,46.842854872634845],[4.723330292210034,46.84286426360315],[4.723432007643012,46.842760972774194],[4.723527466204403,46.84279106376803],[4.723655275708275,46.84268287887759],[4.723715382150783,46.842591918841336],[4.723719650184357,46.842519807220434],[4.723854745740934,46.84251688267272],[4.724006574782713,46.84246237326249],[4.724080406770289,46.8424315473008],[4.724422973978854,46.84239038984439],[4.72457451552849,46.84232687801491],[4.724684414090532,46.842233369919256],[4.724663662788135,46.84211750404044],[4.724623800269441,46.841978509110085],[4.7246192915101375,46.8419605647643],[4.7245969929889196,46.84179608985319],[4.724635511586232,46.84172796776318],[4.724576738880642,46.84157214492237],[4.724438293208227,46.8414697507795],[4.724380358456422,46.84138146001722],[4.724121583431506,46.841209721711145],[4.72409248155899,46.84112009815083],[4.723962011925096,46.84093833144529],[4.723853913109614,46.840634648893776],[4.723894058741608,46.84057640921651],[4.723953028329625,46.84053229701855],[4.724157261846353,46.84043377343412],[4.724196359047103,46.840425082169055],[4.724241900806979,46.84041269192469],[4.7245725213659435,46.8402852555505],[4.724937827724379,46.84021673757982],[4.725051010977396,46.84018532095037],[4.7251629682671386,46.8401566243807],[4.725402509729536,46.84009539417517],[4.725557326810818,46.84005254551019],[4.725768616664415,46.84005207824305],[4.725943146738142,46.8400512614325],[4.725856801936906,46.8397715703371],[4.7261267209711555,46.83975761455778],[4.726167329957474,46.83975520410967],[4.726409758039428,46.83974346130507],[4.726681870071474,46.839715962350965],[4.727205104266697,46.83966127760425],[4.72720575600704,46.83964055407537],[4.727409595397131,46.83961227709063],[4.727694049304642,46.8395602742845],[4.728367412045104,46.83943938726384],[4.728473659285805,46.839396363628154],[4.7285785945507115,46.83935335960266],[4.729118847411256,46.83917412782519],[4.7291448248840435,46.83916563202494],[4.72934222620283,46.839059096279954],[4.729568888608447,46.8389647286834],[4.7296251234591375,46.83895847970672],[4.729666277739511,46.83897317118369],[4.729762775929342,46.838953708446226],[4.730043450704229,46.83886573261487],[4.730347927350366,46.838742274766346],[4.730437089622248,46.83869860561906],[4.730492371977037,46.83886798727286],[4.730757582265012,46.839076539234725],[4.730849660546333,46.83916521391024],[4.731003101337955,46.83912057731056],[4.731050567530908,46.83916849548576],[4.731086112529734,46.8392129906144],[4.731069375485129,46.83922314902446],[4.731159509903974,46.83929203953607],[4.731186942741939,46.8392880243662],[4.731237234215433,46.839342204146035],[4.731306581494416,46.83941771152515],[4.73131476877757,46.83942749490919],[4.731267008574432,46.83945252975626],[4.7312576647506015,46.83948869430363],[4.731304671220295,46.8395222097166],[4.731140084814841,46.83958772816978],[4.7310937224925835,46.83961544370321],[4.731074793146942,46.83963914407498],[4.731112329298843,46.83966379606765],[4.731080454381671,46.83969309481106],[4.731122213658357,46.83972668924592],[4.73121263663739,46.839804581364014],[4.731498049478737,46.840029038463726],[4.731550908055795,46.84008137828011],[4.731585924486526,46.84006824290368],[4.731783925089093,46.84026789748943],[4.731749052450866,46.84028553375276],[4.731939372941226,46.84045018033174],[4.732064942075708,46.8405599642873],[4.7320051444672115,46.84057797584676],[4.731961520526083,46.84060925288788],[4.732034144018076,46.840663996757584],[4.732194167072154,46.840784069090645],[4.73234111344885,46.84094666622993],[4.732506903585377,46.84108286208433],[4.7326738787283995,46.84117400993258],[4.733002794361539,46.84148606695396],[4.733314819347973,46.8417623535746],[4.733708471551835,46.84204641543103],[4.733692655977729,46.84208537948038],[4.7338551646271,46.842282863604915],[4.734163062695812,46.84247095152257],[4.734480739501423,46.84247246729749],[4.73601084268427,46.84180816477666],[4.736019577960092,46.841753096421314],[4.736014892367352,46.84172975153674],[4.736052381516657,46.84130230179315],[4.736060303506938,46.84089421070485],[4.735523643189783,46.840652840971806],[4.735561296813271,46.84059913762337],[4.735439958991679,46.84053972712234],[4.7350091736814255,46.840325577220696],[4.734997136597478,46.84031855394195],[4.735016396322904,46.84018227299853],[4.73502054811989,46.84014798761133],[4.735035454147187,46.840039690893775],[4.735192079801687,46.83997158508869],[4.735243010105688,46.83996361217563],[4.735279308551129,46.83994955572545],[4.735383994558704,46.83993987137926],[4.735491520190004,46.839895921318835],[4.735621780509302,46.84002904632655],[4.7361334013131655,46.83981689112666],[4.7361551525656855,46.83971749692461],[4.736162558846433,46.83953906639381],[4.736089598847522,46.83935104136768],[4.736095004012401,46.83931493581023],[4.7360995877572005,46.83929415284552],[4.7361187441076655,46.839195698389915]],[[4.722175700573208,46.84225833859565],[4.722174531776911,46.84226285906835],[4.720897654350614,46.84206221859199],[4.720900135124445,46.842057678510734],[4.722175700573208,46.84225833859565]]],[[[4.736810894464562,46.84093061452884],[4.736172438713344,46.841362631595544],[4.73611037124197,46.84180125944072],[4.7360995178686025,46.84191309751775],[4.736188243672774,46.8423881757089],[4.7362788599488885,46.84288123724746],[4.736582505091192,46.843714211919526],[4.736888014655481,46.84440035998732],[4.736961645361642,46.844527133546336],[4.737020123541594,46.844631620832985],[4.737367753221724,46.84454351736099],[4.737608897249587,46.844409289186636],[4.737790706312696,46.84438943211441],[4.7379818720007885,46.84437483702077],[4.738261374513317,46.84445437065716],[4.738452412796966,46.844476701276946],[4.738606255000071,46.84448518402889],[4.738606469074575,46.84445095802202],[4.7386095670188055,46.84442479383323],[4.738653850646876,46.844127827521916],[4.738781980568143,46.84382599174121],[4.738819737670094,46.84361197908049],[4.738793165223244,46.84335661036573],[4.738790241505553,46.84318373942308],[4.738874290336122,46.84277629879012],[4.738857444594458,46.84245593984877],[4.7388253588789535,46.84231503057038],[4.738239606576786,46.84168985896928],[4.737595816413942,46.84109618138658],[4.736810894464562,46.84093061452884]]],[[[4.7200313077722935,46.8413150705144],[4.719699753248999,46.841372261077325],[4.719385195074662,46.84142739549674],[4.719349889114883,46.8414315254726],[4.719317292577757,46.841438316736074],[4.719287075248053,46.841147876013366],[4.7192641429788935,46.84108697820746],[4.7191937314449905,46.84110153925365],[4.719030692444666,46.841133694923585],[4.7189302509557445,46.84115320744589],[4.718879452067587,46.84099996458353],[4.718652389489733,46.841041181530954],[4.718531015514326,46.841062807570935],[4.718545476156146,46.84110491955042],[4.718551380353916,46.841125545049515],[4.7185966739921605,46.84127076491504],[4.718567984472952,46.84127659701293],[4.718365874360146,46.84131834125858],[4.718247180469252,46.84134172814986],[4.718252913272909,46.841356952651466],[4.717837998121582,46.84147572253413],[4.717841963428035,46.84151799128771],[4.717862102854953,46.84169780955906],[4.7179343350933705,46.84244422468494],[4.717941126646664,46.842575610092275],[4.717955682970867,46.84295184126932],[4.717931798266323,46.843440320061354],[4.717929375516015,46.84348808773493],[4.717926070290343,46.84359080483759],[4.718003199392117,46.843953493341445],[4.718093674501338,46.844240332583745],[4.718108990778199,46.84426802230577],[4.718194213447528,46.844389230560616],[4.718398711621429,46.844587909818365],[4.718533164319731,46.84477142420181],[4.718548366740224,46.84479551319068],[4.71855136187694,46.84480717618125],[4.718585163476368,46.84492104679333],[4.7187015791596485,46.84544615554215],[4.718818275041399,46.84581455659403],[4.718879514940413,46.8459244148677],[4.719907833394617,46.84577666188149],[4.719932646418379,46.84577268862162],[4.719861258637861,46.845343271564055],[4.719856183721634,46.844935378145294],[4.719896185698837,46.84474835717557],[4.720360023020729,46.84410290152316],[4.720587757123957,46.84375186672414],[4.720679377746915,46.84357848299866],[4.720776307265912,46.843117729946975],[4.720855958767622,46.842732885146795],[4.720891476691346,46.842528819395184],[4.720820707750651,46.842036351565916],[4.720905087034998,46.841263279181156],[4.72086070919866,46.84122972029465],[4.720626230170026,46.84124403419943],[4.7203357985714405,46.84127359376758],[4.720248132853687,46.84128210927336],[4.7200313077722935,46.8413150705144]]]]}},{"type":"Feature","id":"commune-71294","properties":{"id":"commune-71294","name":"MERCUREY","kind":"commune","tier":"commune"},"geometry":{"type":"MultiPolygon","coordinates":[[[[4.7292039,46.8172334],[4.7292215,46.8172582],[4.7296608,46.817597],[4.7304712,46.8181801],[4.7305168,46.8182108],[4.7318624,46.8191213],[4.7323079,46.8192863],[4.7326668,46.8194593],[4.7329301,46.8195862],[4.7329648,46.8196028],[4.7330441,46.8195019],[4.733678,46.8187124],[4.7346639,46.8178159],[4.7346809,46.8178339],[4.73528,46.8184705],[4.7354013,46.8184209],[4.7355229,46.8183711],[4.7358414,46.8182926],[4.7360182,46.8182491],[4.7360834,46.8182331],[4.7362901,46.8181832],[4.7364467,46.8181455],[4.7366105,46.8181062],[4.7367638,46.8180693],[4.7371445,46.8183898],[4.7373103,46.8185289],[4.7380096,46.8190496],[4.7380863,46.819108],[4.7381032,46.819121],[4.7385077,46.8189555],[4.7388054,46.8187867],[4.7396959,46.8180368],[4.7397301,46.8180585],[4.7397613,46.8180783],[4.74256,46.8198564],[4.742668,46.8197569],[4.742716,46.8197068],[4.7428351,46.8195809],[4.7429911,46.8193554],[4.7431435,46.8190749],[4.7432631,46.8188234],[4.7435852,46.8183441],[4.7441243,46.8186773],[4.7442174,46.8186129],[4.7444944,46.8183012],[4.7445277,46.8183208],[4.7462742,46.8193543],[4.7463418,46.819395],[4.7465263,46.8193053],[4.746614,46.8193299],[4.7475576,46.8195937],[4.7476415,46.8196169],[4.7477283,46.8196411],[4.748001,46.8197164],[4.7479413,46.8197637],[4.7478889,46.8198327],[4.7477541,46.8198975],[4.7477336,46.8199262],[4.7477138,46.8199542],[4.7476853,46.8199944],[4.747625,46.8200493],[4.7475564,46.8201625],[4.7474427,46.8202081],[4.747406,46.8202436],[4.7473845,46.8203283],[4.747334,46.8203536],[4.7477259,46.8205454],[4.7477627,46.8205154],[4.7485752,46.8208551],[4.7485759,46.8208704],[4.7485004,46.8210677],[4.7484908,46.8210947],[4.7484023,46.8213372],[4.7492962,46.8216864],[4.7495002,46.8217786],[4.7497195,46.8218526],[4.7499868,46.821917],[4.7501301,46.8219416],[4.7503649,46.8220259],[4.7506723,46.8220987],[4.7509023,46.8221387],[4.750884,46.8219092],[4.7509009,46.8218354],[4.7509373,46.8217362],[4.7509551,46.8216881],[4.7510574,46.8215759],[4.7512825,46.8214044],[4.7513911,46.8213518],[4.7514467,46.821325],[4.7514854,46.8213061],[4.7515283,46.8212853],[4.7515801,46.8212604],[4.751804,46.8212951],[4.7519197,46.8213131],[4.7520067,46.8213265],[4.7520051,46.8213579],[4.7521085,46.8213592],[4.7521856,46.8213797],[4.7522239,46.8213898],[4.7524346,46.8214461],[4.752424,46.8213817],[4.7524048,46.8212381],[4.7530135,46.8212848],[4.7534026,46.8213451],[4.7539766,46.8214403],[4.7540629,46.8214431],[4.7542011,46.8214301],[4.7543726,46.8214031],[4.754496,46.8213625],[4.7546029,46.8213023],[4.7546828,46.821242],[4.7547069,46.8212059],[4.7547646,46.821106],[4.7548713,46.8210487],[4.7550868,46.8209662],[4.7553654,46.8210581],[4.7559159,46.8212121],[4.7572023,46.8216277],[4.7575157,46.8217242],[4.7578699,46.821794],[4.7581996,46.8218841],[4.7585234,46.8219724],[4.7594173,46.8221299],[4.7596924,46.8221814],[4.7598819,46.8222445],[4.7599948,46.8223018],[4.7601724,46.822366],[4.7608069,46.822549],[4.7610433,46.8226307],[4.7612411,46.822726],[4.7615482,46.8228855],[4.7616453,46.822957],[4.7618395,46.8231657],[4.7620159,46.8233793],[4.7622985,46.8236229],[4.7628259,46.8239705],[4.7630891,46.8241578],[4.763157,46.824219],[4.7632466,46.8243548],[4.7633393,46.8245188],[4.7634323,46.8246903],[4.7635701,46.8248889],[4.7637381,46.8250743],[4.7638637,46.8252316],[4.7640885,46.8254651],[4.7641818,46.8254919],[4.7642515,46.8255529],[4.7644484,46.8256067],[4.7647066,46.8256783],[4.7647601,46.8256939],[4.7647965,46.8257265],[4.765025,46.825783],[4.7659066,46.8259751],[4.7666035,46.8262826],[4.767021,46.8264536],[4.7673179,46.826615],[4.7678482,46.8269415],[4.7684061,46.8271648],[4.7690287,46.8272738],[4.769307,46.827295],[4.7702251,46.8273249],[4.7719768,46.8273512],[4.7720844,46.8273469],[4.7724076,46.8273047],[4.7729339,46.8272805],[4.7733564,46.8272927],[4.7735515,46.8272863],[4.7737321,46.8272532],[4.7738659,46.8272074],[4.7745489,46.8269283],[4.7748825,46.8268041],[4.7752511,46.8266943],[4.7755128,46.8266378],[4.7755013,46.8272926],[4.7718139,46.8285955],[4.7706725,46.8284402],[4.7690734,46.8280597],[4.7692416,46.8287592],[4.7688001,46.8287635],[4.7687205,46.8287702],[4.7686811,46.8287733],[4.7682078,46.8286619],[4.7680716,46.8286297],[4.7677851,46.8285956],[4.7676976,46.8285703],[4.7671882,46.8284235],[4.7669489,46.8283924],[4.76682,46.8283611],[4.7666132,46.8283107],[4.766417,46.8282997],[4.7662875,46.8279701],[4.7661456,46.8277277],[4.7653703,46.827854],[4.7653623,46.8278994],[4.7653421,46.8280167],[4.7652631,46.828053],[4.7649269,46.8282071],[4.7639522,46.8286567],[4.7636355,46.8288038],[4.7633727,46.8289259],[4.7630684,46.8290625],[4.7627664,46.8291916],[4.7627972,46.8291983],[4.7616496,46.8297251],[4.7608756,46.8301064],[4.7606454,46.8298873],[4.7605341,46.8299178],[4.7603225,46.8299695],[4.7602526,46.8299871],[4.7601843,46.8300065],[4.7599313,46.8300671],[4.7597556,46.8301109],[4.7595086,46.8301738],[4.7594768,46.8301825],[4.7594457,46.8301898],[4.7588964,46.8303186],[4.7581062,46.8305058],[4.7578561,46.8305824],[4.7571756,46.8307931],[4.7566842,46.8309452],[4.7561171,46.8310768],[4.7559865,46.8311072],[4.7559597,46.8311144],[4.7558323,46.8311789],[4.7556637,46.8312617],[4.7555839,46.8312967],[4.7548913,46.8316995],[4.7547549,46.8317579],[4.7547339,46.8317669],[4.7544153,46.8319055],[4.7539525,46.831995],[4.7533376,46.8320305],[4.7532042,46.8320494],[4.7522587,46.8322553],[4.7521627,46.8322855],[4.7520779,46.8323074],[4.7520182,46.832318],[4.7510285,46.8324947],[4.7510095,46.832498],[4.7509076,46.8329541],[4.7508649,46.8330245],[4.7508696,46.8330793],[4.7508755,46.8331322],[4.7510095,46.8342824],[4.7510131,46.8343206],[4.7510228,46.834424],[4.751116,46.8352247],[4.7495637,46.8354628],[4.7497203,46.8359579],[4.7471307,46.8363505],[4.7472262,46.8365164],[4.747239,46.8365349],[4.7472984,46.836751],[4.7472964,46.8368455],[4.7472815,46.8369167],[4.7472075,46.8372305],[4.7472181,46.8374488],[4.7472697,46.8380782],[4.7473121,46.8385284],[4.7473218,46.8386324],[4.747331,46.8387279],[4.7473545,46.8389804],[4.7472837,46.8389833],[4.7472421,46.8389807],[4.7467998,46.8389898],[4.7464993,46.8390163],[4.7464491,46.8390208],[4.7462463,46.8390451],[4.7460901,46.8390609],[4.7460412,46.8390794],[4.7456646,46.8392281],[4.7455493,46.8392742],[4.745414,46.8393286],[4.7451023,46.8395046],[4.7447874,46.8396826],[4.7447653,46.8396949],[4.7447382,46.8397101],[4.7445279,46.8396305],[4.7443635,46.8395836],[4.7442808,46.83956],[4.7442451,46.8395787],[4.7439973,46.8397463],[4.7436699,46.8399679],[4.7436106,46.8400025],[4.7435204,46.8400405],[4.7431241,46.8402035],[4.7428726,46.8402024],[4.7428142,46.8401863],[4.7427501,46.8401347],[4.7425444,46.8400612],[4.7424152,46.8399677],[4.742332,46.8398943],[4.7423097,46.8398726],[4.7423205,46.8397075],[4.7422446,46.8396188],[4.7422421,46.8395847],[4.7421916,46.8395906],[4.7421417,46.8394916],[4.7421676,46.8394805],[4.7421522,46.839419],[4.742073,46.8394323],[4.742023,46.8394406],[4.741988,46.8395494],[4.7418192,46.8396913],[4.7414463,46.8398659],[4.7409768,46.8400511],[4.7404915,46.8405605],[4.7399471,46.8410641],[4.7397162,46.8411522],[4.739017,46.8413616],[4.7382629,46.8416497],[4.7388375,46.842279],[4.7388906,46.8425733],[4.7388891,46.8427708],[4.7388239,46.8430673],[4.7388063,46.8432602],[4.7388316,46.8436503],[4.7387586,46.8439393],[4.7386717,46.8441322],[4.73864,46.8444679],[4.7386055,46.8444856],[4.7384528,46.8444767],[4.7382613,46.844455],[4.7379817,46.8443749],[4.7377908,46.8443898],[4.7376094,46.8444097],[4.7373674,46.8445435],[4.73702,46.8446324],[4.7369422,46.8446586],[4.7370491,46.84477],[4.7372423,46.8448758],[4.7380352,46.8451331],[4.7388949,46.8457527],[4.7389169,46.8458045],[4.7389557,46.8458956],[4.7392968,46.8466972],[4.7392273,46.8469406],[4.7387373,46.8477099],[4.7382165,46.848454],[4.7381241,46.848946],[4.73817,46.849457],[4.7383664,46.8497626],[4.7388214,46.8511474],[4.7388697,46.8514791],[4.7389369,46.8519391],[4.7393108,46.8534196],[4.739359,46.8543735],[4.739497,46.8549057],[4.7394697,46.8551926],[4.7395455,46.8562535],[4.7396495,46.8566907],[4.7398196,46.8574072],[4.7401793,46.8583153],[4.7401563,46.858926],[4.7401827,46.8592587],[4.7401041,46.859235],[4.7377731,46.8584834],[4.7375835,46.8584222],[4.737555,46.858413],[4.7370642,46.8582545],[4.7356617,46.8578036],[4.7355974,46.8577674],[4.7346224,46.8572186],[4.734462,46.8571287],[4.7310858,46.8552907],[4.7310177,46.8552841],[4.7308859,46.8551467],[4.7308243,46.8551412],[4.7285815,46.8544958],[4.7266943,46.8539417],[4.725003,46.8534415],[4.7230891,46.8528797],[4.7228842,46.8528663],[4.7227202,46.8528567],[4.7227052,46.8528557],[4.7198713,46.8526719],[4.7163777,46.8524533],[4.7132389,46.85225],[4.712577,46.8524941],[4.7122471,46.8523218],[4.7112304,46.8518961],[4.7104154,46.8513689],[4.7102662,46.8512848],[4.7100712,46.8511335],[4.7096496,46.85086],[4.7091547,46.8505545],[4.7086924,46.8502897],[4.70843,46.8501586],[4.7082646,46.850086],[4.7079225,46.8499115],[4.7078543,46.8498687],[4.7074417,46.8496152],[4.7071216,46.8494513],[4.706866,46.8492302],[4.7066524,46.8491428],[4.7065982,46.8491226],[4.7062043,46.8489964],[4.7060773,46.8488658],[4.7059684,46.8487357],[4.7057034,46.8487726],[4.7050311,46.8485419],[4.7044867,46.8481591],[4.7044259,46.8480502],[4.7042189,46.8479972],[4.7035289,46.8475423],[4.7034339,46.8474947],[4.7033474,46.8473929],[4.7032383,46.8473322],[4.7030693,46.8471795],[4.7028814,46.8470472],[4.7027153,46.8469559],[4.7026362,46.8468973],[4.7025413,46.8467962],[4.7024711,46.8467465],[4.7022853,46.8466195],[4.7019475,46.8464502],[4.7014107,46.8462144],[4.7012035,46.8460865],[4.7007907,46.8458096],[4.7005305,46.8456446],[4.7002883,46.8454909],[4.7001334,46.8452931],[4.6999012,46.8451575],[4.6987966,46.8443824],[4.6983278,46.8439986],[4.6982125,46.8439331],[4.6981193,46.84384],[4.697831,46.8436303],[4.6977186,46.843511],[4.6976379,46.843403],[4.6976574,46.8433667],[4.6974491,46.8432181],[4.6971817,46.8429692],[4.6971324,46.8428411],[4.6970966,46.8427478],[4.6969327,46.8426141],[4.696868,46.842532],[4.6966909,46.8422108],[4.6966428,46.8420729],[4.6966095,46.8420784],[4.6965015,46.8418466],[4.6964736,46.8418519],[4.6964271,46.8417778],[4.6964032,46.8417807],[4.6963529,46.8416675],[4.6963234,46.8416671],[4.6962919,46.8415292],[4.6962697,46.841477],[4.6961524,46.841286],[4.6960434,46.8411299],[4.6958718,46.8409248],[4.6958686,46.8409125],[4.6958386,46.840842],[4.6957787,46.8407013],[4.6957736,46.8406895],[4.6958042,46.8406648],[4.6957344,46.8405533],[4.6956914,46.8404848],[4.6955987,46.8403368],[4.695554,46.8402655],[4.6955263,46.8402699],[4.6954784,46.8402139],[4.6954308,46.8401107],[4.695416,46.8400066],[4.6954362,46.8399821],[4.6954345,46.8399454],[4.6954051,46.839839],[4.6954034,46.8398037],[4.6951764,46.8396111],[4.6948789,46.8393452],[4.6938692,46.8384442],[4.6938129,46.8384231],[4.6933794,46.838129],[4.6926055,46.837622],[4.6920347,46.8372575],[4.6919909,46.8372454],[4.6919902,46.8372452],[4.6916504,46.8371502],[4.691652,46.8371267],[4.6916771,46.8369588],[4.6917365,46.8367939],[4.6917964,46.8366736],[4.6918912,46.8366012],[4.691865,46.8365809],[4.6918456,46.8365659],[4.691427,46.8364856],[4.6914057,46.8365025],[4.6911207,46.8364617],[4.6911281,46.8364074],[4.6910605,46.8363978],[4.6907712,46.8363568],[4.6906121,46.8363275],[4.6904594,46.8362774],[4.6901172,46.8361362],[4.6897366,46.8359797],[4.6896584,46.8359502],[4.6898497,46.8357289],[4.6897465,46.8356911],[4.6895602,46.8356498],[4.6893493,46.835636],[4.6892262,46.8356421],[4.6890005,46.8356739],[4.6884905,46.8357714],[4.6882749,46.8357941],[4.6880531,46.8358019],[4.6876704,46.8357923],[4.6874364,46.835803],[4.6873253,46.8358366],[4.687179,46.835903],[4.6867805,46.8361169],[4.686392,46.8362917],[4.6864001,46.8359455],[4.6864446,46.8355751],[4.6864048,46.8353881],[4.6863598,46.8351887],[4.6864198,46.8349749],[4.6861909,46.8345404],[4.686149,46.834411],[4.6861237,46.8341362],[4.686223,46.8340732],[4.6864452,46.8339979],[4.686757,46.8339082],[4.6868469,46.8338512],[4.6868818,46.8337677],[4.6868605,46.8336404],[4.6867391,46.8333855],[4.6866699,46.8331913],[4.6865366,46.8329236],[4.6865212,46.8329265],[4.6864179,46.8329454],[4.6862973,46.8329676],[4.686235,46.8329789],[4.6861809,46.8329888],[4.6861104,46.8330018],[4.6859057,46.8325615],[4.6847508,46.8324432],[4.6842819,46.8324137],[4.6838849,46.8323901],[4.6836692,46.8322045],[4.6835606,46.8321113],[4.6834944,46.8320544],[4.6834861,46.8320465],[4.6834237,46.8319873],[4.6833779,46.831944],[4.6832918,46.8318624],[4.683255,46.8318196],[4.6831909,46.8317448],[4.6831892,46.831742],[4.6831459,46.8316702],[4.6831307,46.8316451],[4.6829519,46.8312996],[4.6827809,46.8309611],[4.6826034,46.8308455],[4.6821099,46.8305328],[4.6820042,46.830466],[4.6819622,46.8304401],[4.6819093,46.8304079],[4.6818278,46.8303896],[4.6817021,46.830378],[4.6816957,46.8303778],[4.6815368,46.8303739],[4.6814388,46.8303759],[4.6812885,46.8303789],[4.6811334,46.8303821],[4.680902,46.8303869],[4.6807302,46.8303972],[4.6807105,46.8303984],[4.6808553,46.829994],[4.6810801,46.829667],[4.6812692,46.8293535],[4.6814616,46.8290884],[4.6815723,46.8287854],[4.6816447,46.8285279],[4.6816431,46.8284336],[4.6816184,46.8282055],[4.6820541,46.8282793],[4.6824339,46.8283539],[4.6827911,46.8284984],[4.6829598,46.8285459],[4.6831533,46.8285577],[4.6837798,46.8286264],[4.684148,46.8286745],[4.6847368,46.8288191],[4.6849943,46.8288505],[4.685644,46.8289184],[4.6856459,46.8289186],[4.6856887,46.8289024],[4.6861081,46.8287424],[4.6866317,46.8285286],[4.6871214,46.8283794],[4.6874404,46.8281248],[4.6876214,46.827965],[4.6876298,46.8279574],[4.6874404,46.8279597],[4.6870416,46.8279212],[4.6866347,46.8279045],[4.6863944,46.8279053],[4.6858465,46.8279373],[4.6856061,46.8278555],[4.685556,46.8278532],[4.6851351,46.8279312],[4.685032,46.8279308],[4.6848907,46.8278896],[4.6847842,46.8278718],[4.6845242,46.8278421],[4.6843751,46.8277785],[4.6842889,46.8277537],[4.6841177,46.8277304],[4.6841193,46.8277224],[4.6841416,46.8276047],[4.6841644,46.8274827],[4.6841709,46.8274484],[4.6841788,46.8274066],[4.6841898,46.8273481],[4.6851599,46.8273282],[4.6852646,46.8268659],[4.6855059,46.8267845],[4.6856224,46.8267451],[4.6857088,46.8267135],[4.6857623,46.8266939],[4.6859476,46.8265852],[4.6860386,46.8265332],[4.68604,46.8265324],[4.6862811,46.8263532],[4.6862834,46.82635],[4.6864288,46.8261521],[4.6864093,46.8261508],[4.6865587,46.8259327],[4.6866064,46.8258868],[4.6867789,46.8258055],[4.6871073,46.8256642],[4.6873088,46.82555],[4.6876719,46.8253119],[4.6879018,46.8251803],[4.6883988,46.8250808],[4.688399,46.8250599],[4.6883992,46.8249546],[4.6883412,46.8242073],[4.688379,46.8233786],[4.6888655,46.8234426],[4.6894663,46.8235195],[4.6897236,46.8235367],[4.6894669,46.8228215],[4.6894115,46.8225223],[4.6906785,46.8224327],[4.6916353,46.8223513],[4.6916768,46.82235],[4.6918018,46.8223559],[4.6927416,46.8221725],[4.6929336,46.8221451],[4.6933373,46.8220682],[4.6939725,46.8219459],[4.6944077,46.8219434],[4.6950137,46.8219412],[4.6954368,46.8218924],[4.6954731,46.8219938],[4.6966127,46.8220081],[4.6966292,46.8220464],[4.6967647,46.8220442],[4.6969326,46.8221071],[4.6971753,46.8222364],[4.6972588,46.8222712],[4.6976031,46.822353],[4.6976337,46.8223863],[4.697893,46.8226668],[4.6980822,46.8227221],[4.6982391,46.822732],[4.7000792,46.8227259],[4.7079692,46.8227104],[4.7084215,46.8225916],[4.7086619,46.8225456],[4.7092915,46.8224905],[4.7092961,46.8225253],[4.709741,46.8227601],[4.7100918,46.8228435],[4.7107331,46.8231448],[4.7108628,46.8232655],[4.7111575,46.823365],[4.711385,46.8235911],[4.711533,46.8236867],[4.7117378,46.8239866],[4.7118761,46.8239796],[4.7120424,46.8239408],[4.7128415,46.8238359],[4.7129845,46.8238547],[4.7131061,46.8238779],[4.7131275,46.8238981],[4.7131631,46.823888],[4.7134101,46.823807],[4.7139264,46.8237503],[4.7140876,46.8237281],[4.7143017,46.8236911],[4.7145049,46.8236497],[4.7145725,46.8236305],[4.7145819,46.8236403],[4.7147651,46.8235766],[4.7150409,46.8235227],[4.7154055,46.8233889],[4.7158992,46.8232465],[4.716202,46.8231403],[4.7167128,46.8229028],[4.7169845,46.8226822],[4.7174691,46.822484],[4.7183572,46.822188],[4.7187956,46.8221295],[4.7193401,46.8221162],[4.7199819,46.8217941],[4.7212526,46.8212372],[4.7215209,46.8210829],[4.7217147,46.8209062],[4.7220272,46.8207518],[4.7220794,46.820732],[4.7225442,46.8205559],[4.7226495,46.8205027],[4.7228162,46.8203937],[4.722941,46.8202994],[4.7231565,46.82011],[4.7234103,46.8198615],[4.7239518,46.8191285],[4.7241054,46.8189645],[4.7245627,46.8186828],[4.7251854,46.8182617],[4.7254208,46.8181313],[4.7256986,46.8180208],[4.7258334,46.817955],[4.7259132,46.8179159],[4.7260544,46.8177932],[4.7263257,46.8174089],[4.7274363,46.8173948],[4.7292039,46.8172334]]]]}},{"type":"Feature","id":"commune-71459","properties":{"id":"commune-71459","name":"SAINT-MARTIN-SOUS-MONTAIGU","kind":"commune","tier":"commune"},"geometry":{"type":"MultiPolygon","coordinates":[[[[4.7213485,46.794421],[4.7213052,46.7945083],[4.7210953,46.7947482],[4.7197703,46.7962272],[4.7195721,46.7964606],[4.719506,46.7965193],[4.7193418,46.7966306],[4.719279,46.7968285],[4.7191961,46.7969016],[4.7191028,46.7971533],[4.7190426,46.7974086],[4.7189619,46.797537],[4.7188757,46.7976666],[4.7187022,46.7978566],[4.7185915,46.7979798],[4.718388,46.7982297],[4.7183111,46.7982941],[4.7181664,46.7983913],[4.7181154,46.7984518],[4.718026,46.7985888],[4.7179684,46.7986874],[4.7179358,46.7988273],[4.7178662,46.7990046],[4.7177766,46.7991375],[4.7176653,46.7993835],[4.7174902,46.7996544],[4.717566,46.7996836],[4.7175257,46.7997827],[4.7174618,46.7998885],[4.7173424,46.800018],[4.7172456,46.8001895],[4.7171758,46.8002299],[4.7170623,46.8002896],[4.7168439,46.8006616],[4.7167788,46.8007408],[4.7166555,46.8007823],[4.7165557,46.8008867],[4.7164184,46.8009301],[4.7164699,46.8012158],[4.7166109,46.8015866],[4.7166632,46.8018946],[4.7166552,46.8020484],[4.7166484,46.8021674],[4.7166139,46.8021899],[4.7165884,46.8022846],[4.7166011,46.8024379],[4.716648,46.8026174],[4.7166624,46.80269],[4.7167184,46.8028772],[4.716701,46.8029575],[4.716723,46.8031833],[4.7166946,46.8034214],[4.7167572,46.8036249],[4.7168539,46.8037923],[4.7169259,46.8040078],[4.7169952,46.8041655],[4.7169687,46.8041762],[4.7162953,46.8045108],[4.715892,46.8047242],[4.7162047,46.8051251],[4.7162219,46.8051781],[4.7158835,46.8052828],[4.7159746,46.8054608],[4.7159523,46.8054919],[4.715974,46.8055794],[4.7161858,46.8057918],[4.7162665,46.8059334],[4.7163109,46.8060368],[4.7164263,46.8061649],[4.7164755,46.8062663],[4.7164959,46.8063212],[4.7165472,46.8063461],[4.716671,46.8065851],[4.7167069,46.8065891],[4.7167777,46.8066884],[4.7168404,46.8067765],[4.7168801,46.8068324],[4.7169268,46.8068843],[4.7170569,46.8070291],[4.7170592,46.8070318],[4.717192,46.8071833],[4.7176119,46.8076618],[4.7174999,46.8076908],[4.7175535,46.807759],[4.7176829,46.8079241],[4.7177596,46.8080005],[4.71786,46.8081006],[4.7179043,46.8081446],[4.7180443,46.8082906],[4.7181046,46.808445],[4.7182993,46.8086779],[4.7184085,46.8087873],[4.7184834,46.8088625],[4.7186023,46.8090086],[4.7186906,46.8091174],[4.7187388,46.8092095],[4.7187754,46.8092794],[4.7187887,46.8093049],[4.718832,46.809388],[4.7189075,46.8095328],[4.71893,46.8095759],[4.7189887,46.8095894],[4.7190827,46.8096305],[4.7191413,46.8096782],[4.7190169,46.8099674],[4.7190013,46.8099936],[4.7189396,46.8100973],[4.7189396,46.8101359],[4.718941,46.8104002],[4.7188842,46.8105366],[4.718805,46.8106284],[4.7187429,46.8107196],[4.7187261,46.810757],[4.7188402,46.8107774],[4.7198062,46.8109118],[4.7194702,46.8114537],[4.7193542,46.8116173],[4.7193308,46.811641],[4.7192047,46.811768],[4.7190762,46.8118491],[4.7187945,46.8119948],[4.7187937,46.8120123],[4.7188629,46.8120437],[4.7190435,46.8121258],[4.7190995,46.8121464],[4.7191646,46.8121701],[4.7191823,46.8121504],[4.7192318,46.8121763],[4.7192461,46.8121837],[4.7193517,46.812223],[4.7193844,46.812235],[4.7194444,46.8122539],[4.7195309,46.8122633],[4.7196072,46.8122585],[4.7196758,46.8122545],[4.7196888,46.8122538],[4.7197957,46.8122614],[4.7200382,46.8122897],[4.7200533,46.8122915],[4.720273,46.8123006],[4.720285,46.8123011],[4.7203557,46.8123086],[4.7203989,46.8123132],[4.7205351,46.8123387],[4.7206094,46.8123526],[4.7206069,46.8123619],[4.7207874,46.8124243],[4.7208158,46.8124339],[4.7209123,46.8124598],[4.7210281,46.8124847],[4.7210622,46.8125336],[4.7210851,46.8125367],[4.7211839,46.8125498],[4.7213783,46.8125982],[4.721487,46.8126157],[4.7216109,46.8126449],[4.7216981,46.8126637],[4.7217678,46.8126757],[4.7218481,46.8126761],[4.7218565,46.8126805],[4.7218865,46.8126958],[4.7212047,46.8131873],[4.721047,46.8132897],[4.7207328,46.8134509],[4.7204772,46.8136137],[4.7200919,46.8139332],[4.7193993,46.8144658],[4.7194806,46.8145255],[4.7197747,46.8146875],[4.7200558,46.8148204],[4.7207045,46.8150822],[4.7215425,46.8153456],[4.7227434,46.8158274],[4.7235297,46.8161527],[4.7243129,46.8165128],[4.7243793,46.8165838],[4.7248211,46.8168469],[4.7249336,46.8169101],[4.7252446,46.8170849],[4.7253883,46.8171515],[4.7256336,46.817238],[4.725983,46.8173428],[4.7263379,46.8174251],[4.7261303,46.8177279],[4.7260042,46.8178606],[4.7258501,46.8179682],[4.725657,46.8180474],[4.7255917,46.8180661],[4.7252626,46.8182316],[4.7250304,46.8183722],[4.7246337,46.8186579],[4.7242069,46.8188925],[4.7240979,46.818971],[4.7240061,46.8190581],[4.7239106,46.8191843],[4.7238268,46.8193253],[4.7233267,46.8199422],[4.7233029,46.8199714],[4.7226851,46.820466],[4.7224732,46.8205897],[4.7218412,46.8208406],[4.7216887,46.8209523],[4.7215009,46.82109],[4.7212393,46.8212391],[4.7207191,46.8214713],[4.7201277,46.8217268],[4.7196601,46.8219665],[4.7195573,46.8219988],[4.7194974,46.8220099],[4.7192633,46.8220531],[4.7192158,46.8220619],[4.7190583,46.8220921],[4.718662,46.8221679],[4.7180809,46.8222796],[4.7177489,46.8223824],[4.7173713,46.8225236],[4.7170124,46.8226618],[4.7167778,46.8228564],[4.7166575,46.8229302],[4.7163712,46.8230656],[4.7162369,46.8231461],[4.7161584,46.8231826],[4.7158592,46.8232568],[4.7155197,46.8233382],[4.7153541,46.8233875],[4.715083,46.8234876],[4.7148844,46.8235315],[4.7146804,46.8235877],[4.7145569,46.823628],[4.7145517,46.8236245],[4.7145244,46.8236055],[4.7143762,46.8236394],[4.7143122,46.8236568],[4.714265,46.8236578],[4.7140164,46.8237087],[4.7139754,46.8237221],[4.7139037,46.8237453],[4.7137322,46.8237619],[4.7135515,46.8237652],[4.7134327,46.8237797],[4.7131909,46.8238654],[4.7131364,46.8238848],[4.7129508,46.8238294],[4.7128263,46.8238168],[4.7121535,46.8239066],[4.7117738,46.8240003],[4.7115828,46.8237201],[4.7113713,46.8235874],[4.7111685,46.8233706],[4.7110782,46.8233162],[4.7109069,46.823285],[4.7108464,46.8232597],[4.7107405,46.8231267],[4.7105301,46.8230404],[4.710316,46.8229506],[4.710053,46.8228221],[4.7097663,46.8227759],[4.7094213,46.8225847],[4.709263,46.822507],[4.7092532,46.8224877],[4.7087623,46.8225289],[4.7085294,46.8225744],[4.708133,46.8226789],[4.7080182,46.822713],[4.7071299,46.8227211],[4.7067546,46.8227238],[4.7053508,46.8227295],[4.704608,46.8227325],[4.7035269,46.8227343],[4.7022824,46.8227386],[4.7010632,46.8227454],[4.7002655,46.8227496],[4.6990463,46.8227563],[4.6982391,46.8227624],[4.6981925,46.8227627],[4.6979188,46.8226086],[4.6977026,46.8223944],[4.6976618,46.8223874],[4.697411,46.8223326],[4.6968324,46.8220695],[4.6967086,46.8220518],[4.6964321,46.8220011],[4.6963492,46.8220121],[4.6961413,46.8220165],[4.695806,46.8219844],[4.695683,46.8220013],[4.695484,46.8220014],[4.6954831,46.8219123],[4.6954349,46.8219011],[4.6950968,46.8219407],[4.6948867,46.8219613],[4.6945636,46.8219332],[4.6940485,46.8219302],[4.691803,46.8223566],[4.6917684,46.8223629],[4.6915519,46.8211852],[4.6911246,46.8197692],[4.6910921,46.8196716],[4.6910772,46.8195726],[4.6911275,46.8195286],[4.6912612,46.8194566],[4.6913256,46.8193326],[4.6913652,46.8191161],[4.6913643,46.8190577],[4.6912035,46.8179323],[4.6911803,46.817811],[4.6911398,46.8176986],[4.6910808,46.8175759],[4.6910097,46.8174804],[4.6908855,46.8173641],[4.690777,46.8172732],[4.6906821,46.8171789],[4.6906209,46.8170702],[4.6905517,46.8168852],[4.6905203,46.8167826],[4.6904778,46.8164627],[4.6910011,46.8163139],[4.691978,46.8162754],[4.6920631,46.8162418],[4.692356,46.8160049],[4.6924521,46.8159507],[4.6926844,46.8158784],[4.6929564,46.8158094],[4.6932751,46.8157311],[4.6935203,46.8156831],[4.6935867,46.8156684],[4.6937372,46.8156155],[4.6938267,46.8155829],[4.69396,46.8155309],[4.6943006,46.8153965],[4.6944167,46.8153552],[4.6946546,46.8152786],[4.6949526,46.8151847],[4.6950257,46.8151504],[4.6952309,46.8150397],[4.6953597,46.8149827],[4.6955189,46.8149298],[4.6957923,46.8148391],[4.6960424,46.8147643],[4.6963104,46.8147067],[4.6966681,46.814639],[4.696922,46.8146041],[4.6971797,46.8145681],[4.697294,46.8145596],[4.6976124,46.8145652],[4.6979453,46.8145766],[4.6981349,46.8145481],[4.6984041,46.8144866],[4.6985437,46.8144765],[4.6987689,46.8144811],[4.6988739,46.8144943],[4.6989669,46.8145118],[4.6992796,46.814595],[4.6995956,46.814697],[4.6998851,46.8148078],[4.7000742,46.8148965],[4.700086,46.8148778],[4.7000865,46.8148769],[4.7001863,46.8147048],[4.7002528,46.8145168],[4.700357,46.8143461],[4.7004925,46.8143688],[4.7006227,46.8143821],[4.7008262,46.814011],[4.7012092,46.8136687],[4.7011668,46.8136533],[4.7014986,46.8133043],[4.7016215,46.8133326],[4.7018911,46.8128531],[4.7019159,46.8128671],[4.7022809,46.8124869],[4.7027025,46.8120411],[4.7027338,46.8120193],[4.7029908,46.8117562],[4.7034386,46.8113127],[4.7035424,46.8112005],[4.7035247,46.8111904],[4.7038355,46.8107737],[4.7038798,46.8106819],[4.7039941,46.8106745],[4.7046213,46.8097741],[4.7047782,46.8097632],[4.7048155,46.8097148],[4.7053026,46.8095293],[4.706038,46.8092416],[4.7062924,46.8091154],[4.7069195,46.808762],[4.7073086,46.8085247],[4.7075973,46.808089],[4.7076819,46.8080293],[4.7079905,46.8078104],[4.7080461,46.8077061],[4.7081194,46.8074611],[4.7082607,46.8072161],[4.7083565,46.8069987],[4.7083728,46.806962],[4.7085437,46.8066861],[4.7088182,46.8065732],[4.7090254,46.8065048],[4.7091959,46.8063066],[4.7093886,46.8060486],[4.7094464,46.8059711],[4.7094653,46.8059011],[4.7096051,46.8056677],[4.7097122,46.8054885],[4.7099684,46.8051284],[4.7099826,46.8051085],[4.7104019,46.804519],[4.7110636,46.8035647],[4.7114397,46.8035181],[4.7126386,46.8033694],[4.711751,46.8013468],[4.7112393,46.8001098],[4.7109158,46.7992627],[4.7106584,46.7984224],[4.7105013,46.7976292],[4.7152559,46.7966714],[4.7174248,46.7963199],[4.7188397,46.7962547],[4.7213485,46.794421]]]]}}],"overviewFills":[{"type":"Feature","id":"overview-premier_cru","properties":{"id":"overview-premier_cru","kind":"vineyard","tier":"premier_cru"},"geometry":{"type":"MultiPolygon","coordinates":[[[[4.713984604987677,46.817290924864096],[4.713792849346874,46.817157882026905],[4.713616997616955,46.81705729367672],[4.7136124103598,46.8170532823115],[4.713477253159305,46.81696843327148],[4.713446822545037,46.81694743437223],[4.713404130187984,46.81691536965719],[4.713335433231651,46.81686121337581],[4.713340772865682,46.81684171689688],[4.713104223618611,46.81670423386959],[4.713118622204489,46.81668869118158],[4.713095968440268,46.81667880682538],[4.712953798048833,46.81660735450637],[4.712836072897712,46.81655597254507],[4.712677635367938,46.816487824207364],[4.712378898361948,46.8163604609495],[4.7121685701875045,46.816252215344306],[4.712044921936638,46.81638995660977],[4.711960049703315,46.81648318026638],[4.71164936046383,46.8167790225835],[4.7114309371981244,46.81693249317939],[4.711245659161741,46.817051733707075],[4.711028758927812,46.81715918723952],[4.711021130463008,46.81715316765431],[4.710914096096536,46.81715783107315],[4.710882108294426,46.81718181257814],[4.710757432245322,46.817145851101486],[4.710694326772702,46.81722138641604],[4.71037272014765,46.81759607277021],[4.710510873803078,46.81786991651035],[4.710529687317139,46.81790028406955],[4.71060355139114,46.8180238463277],[4.710792261972708,46.81843795349387],[4.710882449875261,46.81865425956355],[4.7108691050288805,46.81884452041583],[4.71096276605398,46.81902910069601],[4.711043409908787,46.81913212722983],[4.711274453167842,46.819378020409836],[4.711350235140206,46.81951483748689],[4.711350267260366,46.81951585468531],[4.711416943377991,46.81960069858059],[4.711512292150014,46.81969737290272],[4.711659652272923,46.81983823998621],[4.711792761424676,46.81999975357537],[4.712028179489082,46.81995946000622],[4.712208405094791,46.81991590791556],[4.7123085746161495,46.819882733559254],[4.712509378669239,46.819830697175114],[4.712858511792578,46.81971513869946],[4.713167545392643,46.81964923208233],[4.7131821254106105,46.819639819786495],[4.713212957724648,46.81948506088161],[4.713208657239188,46.819443229075084],[4.713223020768883,46.81937965797058],[4.7132185363028345,46.81928469355862],[4.713240667755335,46.8191842262679],[4.713239857126426,46.81911168607855],[4.713255027837122,46.819073652936034],[4.713260890905977,46.81897649901958],[4.713321031267496,46.81890100648142],[4.713689435910262,46.81864210704779],[4.713750285772351,46.81858908265264],[4.713925848918522,46.81849245286939],[4.713964722398767,46.818451004343494],[4.714053798233744,46.81839654144632],[4.71393586545047,46.81814999473746],[4.713912191790501,46.81796641809344],[4.714042354430531,46.81784595033928],[4.714197078259821,46.81774963066285],[4.714445522011451,46.81760389370953],[4.714008408970731,46.817337581407074],[4.713997157612859,46.81731118140032],[4.713984604987677,46.817290924864096]]],[[[4.713729733651099,46.82107741091561],[4.713729733935751,46.82107741991735],[4.714092944777239,46.82097123042483],[4.714092864102205,46.820971168585245],[4.713729733651099,46.82107741091561]]],[[[4.714341240827613,46.82117081290069],[4.714341011914498,46.821170627186966],[4.714328935449515,46.82117499497651],[4.714341240827613,46.82117081290069]]],[[[4.71434157836732,46.821170699797634],[4.714341240827613,46.82117081290069],[4.7143553028611995,46.82118276138389],[4.71434157836732,46.821170699797634]]],[[[4.7143665469622835,46.82119231124562],[4.7143553028611995,46.82118276138389],[4.71436627413685,46.821192396366165],[4.7143665469622835,46.82119231124562]]],[[[4.712211940115119,46.82139443989345],[4.712217141093402,46.821417868083124],[4.712264235389601,46.82154182780298],[4.712274999848525,46.82174092491774],[4.712280641922219,46.82182565025889],[4.712484720472446,46.82178276041228],[4.712644228690786,46.82174854920885],[4.712827628201181,46.8217089386397],[4.712788000209235,46.82162906031206],[4.713151482833568,46.821542917166084],[4.713387936508644,46.821488303984474],[4.713347319849964,46.821333600818804],[4.713333798082965,46.82128271128902],[4.713593341151329,46.82120526575422],[4.713771667917721,46.8211484557307],[4.713729239884889,46.821077562368615],[4.713719824693712,46.82106236545907],[4.713538005041171,46.82110289058498],[4.713504249342983,46.82102369050239],[4.713504122212106,46.82102340420484],[4.7135040700419655,46.82102341398808],[4.713499072334614,46.82101182569137],[4.71346090416201,46.82092418968158],[4.713385447279739,46.82075057963546],[4.713371347930128,46.820728310731205],[4.712811319919209,46.82081227545568],[4.712196548124019,46.82090725618386],[4.7121152028690725,46.82092379531755],[4.712140224471805,46.821103263332546],[4.712184750568713,46.821287556379055],[4.712211940115119,46.82139443989345]]],[[[4.71531978967266,46.821356948541805],[4.7153045526765975,46.82132322319813],[4.7152792556231065,46.821265962127825],[4.71527657597135,46.821260058136914],[4.715243111753709,46.82118517705736],[4.715194518097088,46.82112556159824],[4.715180734802989,46.82110874582284],[4.715140405845703,46.821044954395475],[4.715094278664376,46.82097206330678],[4.715438095228308,46.8208542708113],[4.715385906979156,46.82078471239096],[4.715346455865659,46.82073207536835],[4.715279309413825,46.82068318359484],[4.715256754341538,46.820666948947384],[4.715226251850175,46.820623454601005],[4.7152550534662865,46.820613208537864],[4.715218265204464,46.820561792598916],[4.7150755743606645,46.82060489776115],[4.714880120198997,46.82068049056174],[4.714825791369566,46.82063032669573],[4.714807814816816,46.82061366345765],[4.714735723105618,46.82055773037366],[4.714693347316406,46.820524589681526],[4.714650529376553,46.820502352815616],[4.714647194279865,46.82049231582595],[4.714634994125084,46.8204550327847],[4.714629749218249,46.82043853995247],[4.71451114479121,46.82029747304402],[4.714449419731582,46.82022499434385],[4.714401338255366,46.82016077786957],[4.714341913823618,46.82009465907377],[4.71428317653041,46.82002952066534],[4.714084787468401,46.820095249295974],[4.713557985382228,46.82027214172368],[4.713190977145889,46.82039504724386],[4.713213204957376,46.82043830512556],[4.713200760839739,46.82044722629901],[4.7131501946691206,46.82048283268151],[4.713044684034287,46.82058986435716],[4.712982385254625,46.8206486106766],[4.712950170038912,46.82067124520637],[4.712821969296907,46.820732864183135],[4.712787385514179,46.82074697825172],[4.712788287899258,46.82076722828223],[4.7128118724258,46.82081190698815],[4.7133714097985315,46.8207281927317],[4.713386010334078,46.82075012995409],[4.713461310401024,46.820924174623485],[4.713499072334614,46.82101182569137],[4.713504122212106,46.82102340420484],[4.71367228042491,46.82098650495555],[4.713672307506196,46.82098653157001],[4.713672763638555,46.82098643471389],[4.713679810795443,46.82099852382062],[4.713682505446716,46.82100283356306],[4.713997397661973,46.82089961578962],[4.714016075470314,46.82091356690352],[4.714092864102205,46.820971168585245],[4.714093539749597,46.82097096038405],[4.714139048807091,46.821011907817855],[4.714201456650827,46.82106696792355],[4.714248285213826,46.8211081478169],[4.715025728237352,46.820858079005745],[4.715091923993894,46.82096813578358],[4.7143665469622835,46.82119231124562],[4.714367019041639,46.82119271848444],[4.714435916162549,46.821252995273184],[4.71443578644899,46.821253042236684],[4.7144358944914,46.821253139692054],[4.714357323162684,46.821279806824656],[4.714238570421438,46.821320320603476],[4.714026605973421,46.82138258593655],[4.713882943346191,46.82142492953082],[4.713846411478221,46.82143801924142],[4.713721223755318,46.82148333849264],[4.713648745960477,46.82150398839659],[4.713547746859509,46.8215334027244],[4.713422023256469,46.82157382136335],[4.713041130221681,46.821660368774886],[4.712909029847445,46.821690416863646],[4.712827754192067,46.82170918893099],[4.712644228690786,46.82174854920885],[4.712485040894473,46.82178293576113],[4.712280410138481,46.82182578879927],[4.71231415741348,46.821955422830385],[4.71237599580341,46.82206473540891],[4.7124058775017925,46.822117695995985],[4.7124291115480155,46.82216373088366],[4.712585375430723,46.822126461022066],[4.713055725730537,46.82200589112339],[4.713404096867876,46.821916450949765],[4.713055972024888,46.82200621167049],[4.712584909017549,46.82212664808659],[4.712429766677574,46.82216370311774],[4.712448822005412,46.82220122652174],[4.7124661886554895,46.822232641991484],[4.712524404058811,46.82233191272787],[4.712541674077484,46.822360267591385],[4.712611958885573,46.82246447397425],[4.7125840078860275,46.82247511195209],[4.712621624500616,46.822581840098934],[4.712637335068328,46.82260817381074],[4.712676734507846,46.82267706828286],[4.712750115843448,46.822832319404476],[4.712767612034345,46.82286782161539],[4.712800531453688,46.82296746890027],[4.712810398519749,46.822996960646854],[4.712824407431911,46.82311017335162],[4.712857327102865,46.82320982061378],[4.71290217698656,46.82335731909003],[4.712912463859119,46.823400088395424],[4.712931380725173,46.82348052727531],[4.7129504914165254,46.82356709633687],[4.712987195797877,46.82369223715691],[4.713032927979912,46.82382030554275],[4.713190677084514,46.82386598491215],[4.713432093491593,46.82377961486631],[4.713552227029778,46.8237655680547],[4.7137322415125125,46.82376185939784],[4.713902905457702,46.823745014973966],[4.713975142763172,46.823722477292925],[4.714016387068964,46.82370857885706],[4.7142648732899675,46.82365787343959],[4.714312491398855,46.82365716372433],[4.714375959317807,46.823639871888446],[4.714523752455981,46.82360598587498],[4.7145511459110105,46.82362499443539],[4.7147145946189095,46.82356839586531],[4.7148754996036955,46.82352512781599],[4.714979039101322,46.82350416714834],[4.715011578636655,46.82349755789769],[4.715085393927258,46.82347805801238],[4.7153870374960976,46.82336627140733],[4.7155583215626775,46.82332182090746],[4.715673250879312,46.823284343852414],[4.7158667770358065,46.823237516750005],[4.715934735007892,46.8232211747307],[4.71601437431541,46.82319750763735],[4.716129335265118,46.82316104732154],[4.71608197768728,46.823075917830934],[4.716061211306027,46.82303126976914],[4.7160493109926085,46.82298444506437],[4.716042645689923,46.82296206556098],[4.715974554397404,46.82283330514655],[4.715941751184962,46.82278474792345],[4.71590973161986,46.822713700051295],[4.715848273922017,46.82260630187061],[4.71578203421886,46.82248875319591],[4.715754058944424,46.82245136337378],[4.715744772619329,46.822440262426355],[4.715747453019704,46.82238402506737],[4.71554754681894,46.822034836751875],[4.715667413894865,46.82197686941868],[4.715760069859398,46.82192802568244],[4.715909086840846,46.821881583194546],[4.715908186030463,46.82187385148122],[4.715987485329766,46.82183826550843],[4.716024221373863,46.82182168675053],[4.716029523951846,46.82181926607854],[4.7160027263928725,46.82175608359304],[4.715987007084641,46.821719573673874],[4.715973896288807,46.82168671729141],[4.715925164482043,46.82163520958402],[4.715885523892637,46.82160563090713],[4.715551721872559,46.82168761156146],[4.715496505097333,46.82161773812605],[4.715440889351417,46.82154769049577],[4.715365723232481,46.82145271764665],[4.715358066094715,46.82144292525724],[4.71531978967266,46.821356948541805]],[[4.71347236815545,46.82189884486029],[4.713488400046262,46.8219286950171],[4.713472058260264,46.82189900257878],[4.713404096867876,46.821916450949765],[4.71347236815545,46.82189884486029]],[[4.713505883223062,46.82196045983724],[4.713540363342556,46.82202480081832],[4.713505588718498,46.82196068937441],[4.713488400046262,46.8219286950171],[4.713505883223062,46.82196045983724]],[[4.71554754379637,46.82203483784623],[4.715547338711666,46.822034479616356],[4.71554754681894,46.822034836751875],[4.71554754379637,46.82203483784623]],[[4.713543667636001,46.8220309541418],[4.713543061015677,46.82203421033099],[4.713543519265935,46.82203068575078],[4.713543667636001,46.8220309541418]],[[4.7135790839081775,46.82217011832625],[4.713579083329841,46.82217011650787],[4.7135791879660065,46.82217008975798],[4.7135790839081775,46.82217011832625]],[[4.71357917084634,46.82217037820455],[4.713108003992186,46.82229054516681],[4.713157667361435,46.82227784913527],[4.7135790839081775,46.82217011832625],[4.71357917084634,46.82217037820455]],[[4.712972442989638,46.822325204826676],[4.712972440583304,46.82232520069677],[4.713101276344152,46.822292265032544],[4.712972442989638,46.822325204826676]],[[4.713057172007937,46.82246670574683],[4.713056982005407,46.82246677009166],[4.712972273645693,46.822325243372696],[4.712972442989638,46.822325204826676],[4.713057172007937,46.82246670574683]],[[4.7130517061993045,46.82246853431475],[4.713051709225716,46.822468533302725],[4.713057143194099,46.82246703939734],[4.7130517061993045,46.82246853431475]],[[4.713045617176361,46.82247057029607],[4.713048128897578,46.82247365796288],[4.713045332676025,46.82247028634193],[4.7130517061993045,46.82246853431475],[4.713045617176361,46.82247057029607]],[[4.713087128366632,46.82252075477634],[4.713048342666817,46.8224739209194],[4.713048128897578,46.82247365796288],[4.713087128366632,46.82252075477634]],[[4.713713387147326,46.82236529435508],[4.713421718212634,46.822437697828676],[4.713713770604733,46.82236497343222],[4.7144365212200645,46.82219240085519],[4.714465416358784,46.822185494835814],[4.713713387147326,46.82236529435508]],[[4.715340257109892,46.82196864165441],[4.715491859244076,46.821931035767534],[4.715491887181579,46.82193108938679],[4.715491952466135,46.821931079407065],[4.715340257109892,46.82196864165441]],[[4.714461727252038,46.82196188613571],[4.714431709803159,46.82197022282556],[4.714366891370374,46.82198872364968],[4.71433519753965,46.82192789230214],[4.7143356659383775,46.82192776824274],[4.7143354700991305,46.821927383904324],[4.71480412125333,46.8218113350871],[4.714960031800055,46.82177541812316],[4.714985556946373,46.82176899450434],[4.715095909276685,46.821740790335575],[4.7152184782449895,46.821709332831084],[4.715218644158272,46.82170960053653],[4.715250595316276,46.82176153890752],[4.715249775695908,46.821761758268465],[4.715249914242147,46.82176199035803],[4.715030477588634,46.82181866816807],[4.7149814829993435,46.82183138570102],[4.714943912655908,46.82184068170984],[4.714588300001444,46.821929225875394],[4.714588117830782,46.821929273621016],[4.714497666511182,46.821952452493335],[4.714461727252038,46.82196188613571]],[[4.714813901176582,46.82144455545868],[4.7148139559104045,46.82144462669056],[4.7148141246806174,46.82144457013834],[4.714821992691644,46.8214539811669],[4.714832835736855,46.821466608006425],[4.714856402756959,46.82149408513553],[4.713840387429664,46.82177607667029],[4.71381086908548,46.821730495927554],[4.713810999085392,46.82173045796652],[4.713810902733668,46.82173031530644],[4.714487091229175,46.8215377222791],[4.714813901176582,46.82144455545868]],[[4.715737719348712,46.82240562253466],[4.715702139268467,46.822410242005866],[4.715693862912974,46.822383797794814],[4.715729410772525,46.82237816112969],[4.715737719348712,46.82240562253466]],[[4.714580716685677,46.8228183288777],[4.714654163479351,46.82292861100154],[4.713712575835635,46.82318686829118],[4.713660888744003,46.8230588888603],[4.714580716685677,46.8228183288777]],[[4.713894114198054,46.82356121680263],[4.713862387524076,46.823499359152095],[4.714377841976732,46.82337007859788],[4.714847882240814,46.82326395173458],[4.714860630271299,46.82329032932627],[4.713894114198054,46.82356121680263]]],[[[4.714855889040099,46.82149402074703],[4.71483269661223,46.821466772188536],[4.714821992691644,46.8214539811669],[4.7148139559104045,46.82144462669056],[4.714487091229175,46.8215377222791],[4.713810999085392,46.82173045796652],[4.713840629761003,46.821775856915664],[4.714855889040099,46.82149402074703]]],[[[4.713425191717408,46.82535027028293],[4.713406461124859,46.82536996618408],[4.713048266953692,46.82581264050409],[4.712838864221005,46.826064062635986],[4.713285674108687,46.82639972538526],[4.713636514349209,46.8266663084566],[4.71401019675528,46.82694889596526],[4.714403887094357,46.82711060309885],[4.715285442184926,46.82659983541531],[4.71639836674184,46.82714318975165],[4.716407143536419,46.827090950187745],[4.716425064067398,46.82713972934627],[4.716491731436781,46.82727055504763],[4.716592014405101,46.827475466581625],[4.716636781305093,46.82752588942519],[4.716751298138687,46.827475133793016],[4.716780810774567,46.82746651589331],[4.716804459642156,46.82750805875168],[4.7169588963648525,46.827777563140145],[4.716855763499006,46.82785880541058],[4.717349033927077,46.827779907558664],[4.717341590659877,46.827733016472294],[4.717310108897665,46.827538317873085],[4.718147187303845,46.82675229368814],[4.7182002688929146,46.826689170372376],[4.718189944970515,46.82664538438313],[4.71821075221842,46.82664404689257],[4.717807770545174,46.82633023622359],[4.71775578669059,46.82624007010975],[4.717705414538436,46.82615396862211],[4.717626578222478,46.82601514784239],[4.717596651670748,46.82596348609039],[4.717558550423332,46.82584143853502],[4.717525218806894,46.82572953253415],[4.717515426556998,46.8257020844096],[4.717493945875321,46.82563496832992],[4.717467734059128,46.82555974545309],[4.717408476429642,46.825380789699615],[4.7173723301224495,46.82527403206998],[4.717326243556228,46.82513473110747],[4.717218034318045,46.82496161249913],[4.7171254875251165,46.82481278327595],[4.716987483845752,46.82459208931957],[4.716885586695934,46.82461813364928],[4.716173974007788,46.82480553190587],[4.716150351754374,46.8248120084263],[4.715779429098646,46.824898271699254],[4.715222915229721,46.82495357405256],[4.714931716323842,46.82501922878476],[4.714926953373507,46.82501010469119],[4.715215239891504,46.82494653775777],[4.715767326932562,46.82489231915101],[4.7159830828910065,46.82484209832232],[4.716184095644292,46.824796176770164],[4.7169827337014185,46.824582965114296],[4.716797565359077,46.82428326298148],[4.7165659908264805,46.82402206027013],[4.7162694575419115,46.823684176783274],[4.7159279766792,46.82333674132685],[4.715874121217803,46.823281338396555],[4.715866478524015,46.82327532833993],[4.715559569432976,46.823361653786534],[4.715378273435727,46.8234185107501],[4.715225141452554,46.823471885393616],[4.715181211584863,46.823495019429686],[4.715172119218424,46.823490048622055],[4.715052924267528,46.82353372184348],[4.71484916417857,46.82358682419649],[4.714752672625057,46.823595422526125],[4.7145936502763135,46.82365092848364],[4.714581400147441,46.82363987162766],[4.714572178225022,46.82363080498196],[4.714504283976911,46.823649189589126],[4.7143016497387356,46.82369104371352],[4.714088453789559,46.82372793947486],[4.713926914705664,46.82375078127882],[4.713410644629163,46.823807519702314],[4.713163093452903,46.82388784800231],[4.713294515208678,46.82394822085725],[4.713435740244553,46.82403604185076],[4.713532253625412,46.82421648884056],[4.713623016965226,46.82435615228126],[4.7136911273571505,46.824532933577615],[4.7136857797251,46.82478745016938],[4.7136674368464755,46.8248193974807],[4.7136321040273765,46.82487919222815],[4.713584908320612,46.82494018137011],[4.7134826514491985,46.82509600414513],[4.713480352412104,46.82511749063179],[4.713490310992728,46.82524404737338],[4.713482736437882,46.825287082697194],[4.713452678929125,46.82532533754626],[4.713425191717408,46.82535027028293]]],[[[4.712632075594264,46.83157990984997],[4.712528288150988,46.83149970786566],[4.7109564237629105,46.83170090175461],[4.7110099085550585,46.831980083384714],[4.711033857037465,46.83221985294596],[4.711067329034767,46.83238387585794],[4.71189947381122,46.83228463318897],[4.712673704963777,46.8321903443908],[4.712792310597522,46.832174277079815],[4.712789203989186,46.83217023462867],[4.712739479850626,46.83210455601185],[4.712681113934743,46.831718150733],[4.712646145311734,46.83160116158509],[4.712632075594264,46.83157990984997]]],[[[4.714515306198115,46.83444363543591],[4.714222877696708,46.83423647029968],[4.713634085449538,46.83393359115657],[4.713614415014964,46.8339236624005],[4.713510534104496,46.83379338953995],[4.713385275469987,46.83364607149923],[4.71329712310211,46.83354214077249],[4.71318987524856,46.83335264957479],[4.713139729726852,46.83327369361778],[4.713198804037516,46.83283444891345],[4.713170434565934,46.832737805181004],[4.713072521816425,46.832560440958346],[4.713053365365391,46.83251984817573],[4.712796963668143,46.832180331852314],[4.711069017613308,46.83238997479078],[4.711173687478081,46.83287583810617],[4.711163305049496,46.83287701021342],[4.711063482042634,46.83240334090779],[4.711061986767142,46.83240336314826],[4.711030623199921,46.832258734718486],[4.711026291263769,46.832215885778986],[4.711001008442066,46.83198123343292],[4.710947569214989,46.831703077800604],[4.710766677508779,46.831727220247544],[4.71059702006695,46.83149370611162],[4.710574202040192,46.831289673278405],[4.710572266315279,46.83118138743774],[4.710503546313749,46.831032207951374],[4.710587411192981,46.831189339641504],[4.710584584177409,46.83128850122382],[4.710612100240371,46.8314996059173],[4.710770892378521,46.83171898916545],[4.712520657785466,46.83149369740482],[4.712327480509806,46.831081704493236],[4.712137477496778,46.83067580607563],[4.712045203692327,46.83048813529158],[4.711770701536535,46.83042375704257],[4.711763426306548,46.830428980687024],[4.711616094594909,46.83043117295712],[4.711493032995271,46.830447305411184],[4.711401215607918,46.83050998401398],[4.71134876744968,46.830593529051015],[4.711336021372969,46.83061416219769],[4.711235217633695,46.83081695395254],[4.711096399350022,46.830852746208016],[4.710905947988029,46.830903598690874],[4.710642170837755,46.830943284165656],[4.710516465112259,46.83092267454705],[4.710451008841548,46.83092467450844],[4.710363241801202,46.83092699714859],[4.710297733359672,46.83087995136488],[4.710191179679348,46.8308059125055],[4.710086366649065,46.83074003408756],[4.710003317298904,46.830750463732414],[4.7099558994731225,46.8307573016473],[4.709816886412219,46.83073995110646],[4.709755548140946,46.8307306410302],[4.709559334393666,46.83069370582545],[4.709332587597363,46.830679711858664],[4.709156474394351,46.83066597382426],[4.709095874197321,46.83119925206065],[4.709118506579081,46.83130314168684],[4.709206072746265,46.8316247310387],[4.70922655833169,46.83208527916267],[4.709221833169515,46.83231320890059],[4.709220531244811,46.832413374399856],[4.709261273633462,46.832572174347995],[4.709271417057678,46.83261084828071],[4.709301307254049,46.832661494910006],[4.709353231935931,46.83265561700578],[4.709409261809789,46.83273244274785],[4.709563238305855,46.83294065069785],[4.709742206930589,46.832903246019306],[4.709866842169103,46.833078171376606],[4.710177772429773,46.8329754567189],[4.710297754241636,46.833050304641645],[4.710310470250804,46.83307566547293],[4.7103621693159194,46.83306263074205],[4.710477037093227,46.83325813518429],[4.7105411069200835,46.83340125973506],[4.710510172382518,46.83341194144991],[4.710602438642367,46.83355158469397],[4.710675259023441,46.833594441897645],[4.710702624905922,46.833659427161976],[4.710739878036487,46.83375493064872],[4.710744769803627,46.833768132674614],[4.71087734057048,46.83381726094037],[4.711094471904608,46.833808916218025],[4.711139646923543,46.8339196298826],[4.711292933338758,46.834011353898376],[4.711448928561459,46.834141871075595],[4.71137840103545,46.834454580170785],[4.711319156832139,46.83455866064379],[4.711233072592604,46.83475613574387],[4.711247821419561,46.834845831747046],[4.711403388439541,46.835010082635975],[4.711457134725077,46.83506139150699],[4.711581228131682,46.83512494656024],[4.711740612055817,46.83512666390446],[4.711824022437478,46.83512745815903],[4.711910731334336,46.83509143197941],[4.712259321048545,46.835002452919234],[4.712334788794888,46.83508205000334],[4.71250215139993,46.83519503313168],[4.712585884847157,46.835206043780644],[4.712691710617829,46.83530358787322],[4.712837940620256,46.83540768104819],[4.712976187834959,46.83554152248162],[4.7131059742102375,46.83569081787032],[4.713179674854902,46.83580825671824],[4.713274215558811,46.83587837410803],[4.713391004700682,46.83594612473197],[4.713617349113046,46.83604084636451],[4.713731719722265,46.83607899408963],[4.713926108975786,46.83615171227234],[4.714071711248126,46.836094363576514],[4.714119101042798,46.83608650678214],[4.714200352261773,46.836065879327755],[4.714263890504996,46.83609763319898],[4.7142965989011785,46.836096119140095],[4.714301136567618,46.83609809587589],[4.714427954680405,46.83615342992025],[4.714783308029613,46.83632491174342],[4.715050680593725,46.83649258870769],[4.715128175553159,46.83654150653897],[4.7151935203332815,46.8365834457288],[4.715662574161867,46.836442596337946],[4.716009418160321,46.83639246570373],[4.716284532800508,46.83633420001587],[4.716483477964404,46.83626890172128],[4.716441972795308,46.836227625251105],[4.716395865204347,46.83618232872591],[4.716374407195506,46.836163241020294],[4.716205429315632,46.83599920569369],[4.716017020632802,46.835786404506095],[4.716013719702546,46.835776240986576],[4.716516094001546,46.83560626999864],[4.716563224053735,46.83559023864913],[4.71665456522,46.83555924612536],[4.716408063244181,46.83515725960763],[4.716304846785858,46.83500143836142],[4.716285660800031,46.83500683096886],[4.716208109477207,46.83490886829518],[4.716216977454735,46.83490669165057],[4.716181383326273,46.83486430923541],[4.716044916356695,46.83473964006665],[4.715762825041934,46.83448327809509],[4.715589640197601,46.83432748205014],[4.714710361008254,46.83458480562399],[4.714515306198115,46.83444363543591]]],[[[4.710272554812148,46.84489363774391],[4.710266611688434,46.844893726079206],[4.710231232265679,46.844669455133264],[4.710243705852244,46.844262580307856],[4.710231934206198,46.84417284014243],[4.710194459246514,46.843882172606556],[4.71025285741484,46.84370350966896],[4.710134765258517,46.84354790437962],[4.710077651062285,46.843295335532446],[4.7101347731999015,46.84265176067381],[4.710070856656037,46.842136689051536],[4.710127165689454,46.84203367089043],[4.71010187266912,46.842034046817986],[4.710002401653094,46.84204370257361],[4.709956673123709,46.841821620559365],[4.708730065057112,46.841930785181894],[4.70872389829383,46.84178271128997],[4.7078699641317785,46.84185670211155],[4.7075313045501295,46.84202623965273],[4.707133848458601,46.84240919724416],[4.707083146562919,46.84283195783981],[4.707258212371929,46.843567116154645],[4.707278884753295,46.843561703068545],[4.707433688484873,46.84379544209453],[4.707883202655129,46.844118819693655],[4.708400389753725,46.8446046842694],[4.708440283829039,46.844641898784396],[4.708577112143601,46.844824821651635],[4.70876950119311,46.84492823457808],[4.7089975637232895,46.845076074901506],[4.709294800398759,46.845434409218264],[4.709345061367488,46.845422423204454],[4.709484794980455,46.84560324851991],[4.709555123595309,46.84580248626078],[4.709736947432099,46.846136984310064],[4.709744915149607,46.8461532116604],[4.710682749568635,46.84614029966281],[4.711099166249904,46.846168853008855],[4.711132576872573,46.845953772115024],[4.711149690020535,46.845693975994976],[4.711115501308626,46.845554487358946],[4.711014333006411,46.84527498898398],[4.71096803042478,46.845034534914696],[4.710924519963652,46.84483592584774],[4.710272554812148,46.84489363774391]]],[[[4.712689897261885,46.845938771566125],[4.71271584103823,46.84600583077893],[4.712703510306517,46.84655779824874],[4.712622311130419,46.84719253738632],[4.712802490410105,46.8472389018387],[4.713515144519689,46.84731003867067],[4.713614138069887,46.846672989432705],[4.71372871475591,46.846340216264934],[4.713797522411045,46.846020381682564],[4.713850541342711,46.845766174224735],[4.713858021920211,46.84572008754472],[4.713876279713985,46.84559105785031],[4.713888553115617,46.84550811056036],[4.712938075699862,46.84530972388247],[4.712926098515962,46.84530785783524],[4.71281686893548,46.84552713003641],[4.712636417777473,46.84580162380764],[4.712689897261885,46.845938771566125]]],[[[4.712546760883427,46.84598075316113],[4.712535342929739,46.84594924925862],[4.7124116471552915,46.84608801619972],[4.71198971971449,46.84621486572526],[4.71165013231248,46.84626079549287],[4.711432886315533,46.846267088849935],[4.711097929969341,46.84622404165785],[4.710891790521679,46.84620462804966],[4.710690479850842,46.846196381672954],[4.7103110915307544,46.84620815434658],[4.7102535930439275,46.846368413698464],[4.710419663623835,46.84643951462981],[4.711420931564029,46.84687831830862],[4.71155658878767,46.846882433642634],[4.711449134776941,46.84706387106509],[4.711383998334895,46.84735912621186],[4.7113676793361225,46.84745541702472],[4.711319130582724,46.847804586974526],[4.712008751746857,46.84790059885735],[4.712431714795922,46.847853427482896],[4.712470225546529,46.847846721350834],[4.712971747532387,46.847740146573166],[4.713176727289332,46.84767578271983],[4.713295233749628,46.84760861733741],[4.713468310903393,46.847477291595666],[4.7135152413363075,46.84731309924282],[4.7127996735499815,46.84724405012459],[4.712614904235625,46.84719366529392],[4.712696135946269,46.84655995235404],[4.712708434307623,46.84600695869291],[4.712684005514088,46.84594090360477],[4.712546760883427,46.84598075316113]]],[[[4.715373301380881,46.819075805791485],[4.715755638586177,46.81930409640799],[4.71576473058895,46.81930907617684],[4.715930103562081,46.81940776432537],[4.716185017563053,46.81956030490213],[4.716259402290371,46.8196061972143],[4.716277553708673,46.8196151214703],[4.716345577750035,46.81964782480044],[4.716461274471331,46.81972887228892],[4.716581526744821,46.81981290470469],[4.716777349982742,46.81993260748298],[4.71685675091889,46.819854781192056],[4.716970274321893,46.81991439933019],[4.717129549522456,46.82000807943478],[4.717158501463482,46.82002909946657],[4.717234771073632,46.82008722919272],[4.717375209490248,46.82019753610403],[4.717311203469745,46.82024447646129],[4.717515363961265,46.8203456452669],[4.71769129835844,46.82044827096334],[4.717478636420489,46.820595524792594],[4.71756816662056,46.820649367562936],[4.717743305905537,46.82077447502777],[4.7178640274386066,46.8207788050535],[4.717968118412561,46.82082220822793],[4.717980025583379,46.820822030368646],[4.71797587028152,46.82078531193758],[4.718109943049521,46.82083542690732],[4.718236261870274,46.820828424437124],[4.718491950177814,46.820676446601915],[4.718526069185949,46.820766879393645],[4.718555127350932,46.82083797085848],[4.718569965660849,46.82083672245637],[4.718575919246874,46.82083663349573],[4.718575822191796,46.82083357290585],[4.718563744266156,46.82054661505947],[4.718542555772654,46.82048868985514],[4.718511084489287,46.82043499801046],[4.718464308696323,46.820368259985685],[4.718322048742161,46.82024775977251],[4.718181374343121,46.82008331343472],[4.718017739373707,46.81985175496368],[4.718006776890004,46.81983454614211],[4.717998583710711,46.81981116286574],[4.717994279506105,46.81976933124186],[4.717997067859616,46.81971616318743],[4.71800182311833,46.81967827595395],[4.71800114340373,46.819656833811244],[4.718015204376531,46.81963107374439],[4.718090441791427,46.819515510565076],[4.718148647064039,46.81942676047584],[4.7183409349560925,46.81915310420693],[4.7184316939929,46.81901073214336],[4.718469916476189,46.81894884815137],[4.718488635130137,46.8188821491709],[4.718514259297236,46.81884497675711],[4.718201570532456,46.81874849321499],[4.718063724396599,46.81871989607655],[4.717882140521127,46.81867356183208],[4.717790510802857,46.81864734507589],[4.717749652380248,46.818626494030454],[4.717553586083138,46.81849862808887],[4.717514028770657,46.81847163344868],[4.7172414242495115,46.81827746401404],[4.717131269072617,46.818230062050915],[4.717096571849892,46.81821525187736],[4.716936888168439,46.81815530534026],[4.716698673566118,46.818059741310705],[4.716618776961507,46.81802823309263],[4.716486032629547,46.81797299024151],[4.716475491808089,46.81796906784399],[4.716431735593634,46.81795030395358],[4.7163577600764155,46.81791768050406],[4.716289557185335,46.817878846780154],[4.716183428488012,46.81781809998777],[4.715852128783495,46.817603350914375],[4.715821761298656,46.81758438704235],[4.7157097904754,46.817526789025656],[4.715685570650172,46.817513875498136],[4.715289203508904,46.817312352683004],[4.715115898805842,46.817386463008],[4.714881573707691,46.817460465288924],[4.714819769822189,46.81748284813825],[4.714460941286699,46.8176210364176],[4.714190644864105,46.817781409650365],[4.714085689524091,46.817851428551386],[4.714061008495011,46.81787121332695],[4.713990490798622,46.817947878639785],[4.713976395896609,46.81797261202633],[4.713963095492167,46.818022883580106],[4.713961281462513,46.818059691100736],[4.713966809943271,46.818140338453],[4.71397485877399,46.818159635426596],[4.713996631924592,46.81818894066148],[4.714029172117247,46.81822932490764],[4.714064740811215,46.81827171737546],[4.714092454257271,46.818300934059245],[4.7141243810519935,46.818321919501564],[4.714169437765649,46.81833453179389],[4.7141764570470945,46.818368145619736],[4.714178778724186,46.81839467870178],[4.714171795746913,46.8184090843021],[4.714161836386532,46.81842354326994],[4.714244053858389,46.81848158627137],[4.7143704559870585,46.81852466006099],[4.71439490232662,46.818544730253834],[4.7144743053036695,46.818607930455386],[4.714519685266626,46.818630750594544],[4.7146603681330825,46.81870222322687],[4.714764872652063,46.81875890690462],[4.71484823071407,46.81880569299729],[4.714854332751933,46.81881071741819],[4.714829567554989,46.81882743256169],[4.714940691535505,46.81890547867379],[4.714981382454876,46.818874215500934],[4.715161636427248,46.81897269182949],[4.7151737693967535,46.8189796616484],[4.715368926646724,46.819078933079524],[4.715373301380881,46.819075805791485]]],[[[4.718504298754617,46.8190004521552],[4.718422081281761,46.81913043047839],[4.718206058058872,46.81940648585271],[4.7181520523010745,46.819486995786114],[4.718072777725629,46.819615912176765],[4.7180435036404775,46.81967868001864],[4.7180363349675565,46.81973396687712],[4.7180343618471365,46.81976567045922],[4.718041318933524,46.81979724064163],[4.718062072593401,46.81984188858047],[4.718087084771044,46.81987933114103],[4.718194865405134,46.82003916260258],[4.718300018673409,46.82016327939428],[4.718363257037142,46.82023284256899],[4.718490613784499,46.82035253872976],[4.718545071038796,46.82042733941558],[4.718596675236978,46.82050525375506],[4.718612401219179,46.820531586469464],[4.718628637331239,46.820527255130926],[4.71865221176439,46.8205197520923],[4.718748818727575,46.8204682350714],[4.718765475901088,46.82047718127319],[4.718758492560769,46.82063261214018],[4.71876281025181,46.82067443452812],[4.71872561035204,46.820769004083836],[4.718741951975796,46.82081474451855],[4.7187857842466165,46.82088255310603],[4.718871006346754,46.82094156566813],[4.7189850738934975,46.821064521945594],[4.719003342765117,46.82107753275095],[4.719044462498139,46.821106547909366],[4.719081518850632,46.82114891664495],[4.719120374597027,46.82120044459428],[4.719145744217081,46.82124911207163],[4.719190411259631,46.82129647341671],[4.71920483726187,46.82132895857033],[4.719156225138801,46.82134500440746],[4.719027557136808,46.82137145991839],[4.719014576040239,46.82138493778547],[4.719084580201777,46.82147994047013],[4.719119390543835,46.82149781942564],[4.7191428115842005,46.82153220549301],[4.719161024293201,46.82159017506618],[4.719312414639124,46.821716670879354],[4.71939343923711,46.821783923263894],[4.719525964464136,46.82187900870803],[4.719614341143741,46.821943088985215],[4.719631096030019,46.82195509564622],[4.719634105446288,46.82195607733565],[4.719653156512736,46.821946588363936],[4.719761186563138,46.82187958053658],[4.719882735292356,46.82181645917663],[4.719931347051808,46.82180039503103],[4.720010574519582,46.82176345641706],[4.720057594075405,46.82174435398677],[4.720143919224144,46.82169707831319],[4.720277419842747,46.821634795447885],[4.720405264319274,46.82158280983478],[4.720597593941858,46.8214981943007],[4.720688616955282,46.82145799869037],[4.720770741948237,46.821418962816516],[4.720917876443322,46.821364643646945],[4.7210206962442465,46.821321218218245],[4.721090978137166,46.82128439467882],[4.721198204525742,46.82123885878194],[4.721227505248338,46.82122410974696],[4.721273888585997,46.82118459070256],[4.721300212449592,46.82116988619903],[4.721414484459838,46.82111197846698],[4.7215805927022085,46.82099913259177],[4.721619799521378,46.82096788926909],[4.721644090001264,46.820935851537556],[4.721646709910843,46.82092457282232],[4.721620278151471,46.82088920562151],[4.721409924077333,46.820827970241716],[4.721062888688761,46.82072791961652],[4.720749091687467,46.82064371657586],[4.720591150968938,46.820591917353475],[4.720461353906909,46.82053561720357],[4.720302006820561,46.82043990733427],[4.720208946320506,46.820368746870464],[4.720074280107179,46.820253250599436],[4.719798296026561,46.819999878074164],[4.71976600955662,46.81996766005208],[4.7197153573452715,46.81991937073764],[4.719503235719033,46.81970795621899],[4.719442811299496,46.8196332451743],[4.719364550344585,46.819512816085755],[4.719243508023608,46.81935726362689],[4.719211267932565,46.81932607144552],[4.719082429925136,46.81920638919688],[4.718992447204207,46.819138252824494],[4.718849698761978,46.81904944368302],[4.718620509385291,46.8189098173697],[4.7185810805487565,46.818886900887414],[4.718563706258498,46.81890248873022],[4.718504298754617,46.8190004521552]]],[[[4.714985556946373,46.82176899450434],[4.714960061161251,46.82177551675123],[4.714803407111073,46.82181157088418],[4.7143356659383775,46.82192776824274],[4.714366784480488,46.82198824792559],[4.714431709803159,46.82197022282556],[4.714461316733844,46.82196176617118],[4.714497666511182,46.821952452493335],[4.714587943945554,46.82192875386591],[4.714943912655908,46.82184068170984],[4.714981181664986,46.82183139920016],[4.715030477588634,46.82181866816807],[4.715249775695908,46.821761758268465],[4.715218644158272,46.82170960053653],[4.715096704654592,46.821741048654694],[4.714985556946373,46.82176899450434]]],[[[4.719308064109041,46.82674108087958],[4.718493108719029,46.82700360759946],[4.718194284546937,46.82678224655981],[4.717548033018948,46.82738864348286],[4.717378913440343,46.827548530099094],[4.717411359666845,46.82772686842785],[4.717421941934216,46.8277788190352],[4.718528681386586,46.827515012334324],[4.719256268005262,46.827314077475634],[4.719540450239319,46.8272147984194],[4.7200301087916685,46.82706953274497],[4.720046165279905,46.82705907084905],[4.720045678962304,46.82704374992795],[4.719860683881277,46.826703180774714],[4.719864073330542,46.82666941167158],[4.719599660603105,46.826781679881336],[4.719369922079906,46.82686072843132],[4.719308064109041,46.82674108087958]]],[[[4.719312295318748,46.82959601376644],[4.720525231388677,46.82929993571929],[4.720184603437481,46.82921613191008],[4.719454574172011,46.829012460929945],[4.719145163449914,46.82934918107529],[4.719053027894818,46.829448651143245],[4.719155686389195,46.829634117139115],[4.719312295318748,46.82959601376644]]],[[[4.713190352828328,46.83251985255273],[4.713125217477453,46.83253206198507],[4.71325532708641,46.83278558737395],[4.713191829079232,46.83327291776112],[4.713215445566037,46.83331344409786],[4.713237437278285,46.833349896916424],[4.713347391204765,46.83353117036123],[4.713653668234458,46.833893448097406],[4.714265159869602,46.83420825500729],[4.714693191346091,46.83451250954226],[4.7147532656191435,46.83452898662367],[4.715563432165134,46.83429926094291],[4.715603395727576,46.83429150524371],[4.716408899561923,46.83424372744427],[4.715366969302927,46.83331408350015],[4.714550436617652,46.83258951427293],[4.714337977097405,46.83260392003387],[4.714343290024296,46.83263040844498],[4.713710797297761,46.83245181486741],[4.713190352828328,46.83251985255273]]],[[[4.721638970166651,46.83825290061304],[4.721678218608102,46.83789466835964],[4.721655123816079,46.83740249563152],[4.721394283834231,46.83739413255566],[4.721114162189402,46.83724811295144],[4.720912234462663,46.83721945960276],[4.720599204959329,46.83725581549012],[4.720269411571799,46.83732716619372],[4.719907715001294,46.83747257159371],[4.719325117469704,46.837788851144026],[4.719318870068743,46.83777974041389],[4.719134992811562,46.83785095145998],[4.718954222468877,46.83792620448931],[4.718704900911504,46.838046421386],[4.718786670127833,46.8381831441031],[4.718832193307331,46.838257060362444],[4.7188824488392145,46.83833907430654],[4.718905909567439,46.838374486458555],[4.719219983883907,46.838370820327896],[4.719383634176972,46.83831931930845],[4.719436766930904,46.838304223788114],[4.719450776210724,46.83832343126853],[4.719497309301432,46.83838199503423],[4.719534488080974,46.83842742380478],[4.719729640257639,46.83866464185423],[4.719736406167294,46.838690081623106],[4.719751939534678,46.83875729506986],[4.719775150550015,46.83883153547622],[4.719802595143176,46.83889857086804],[4.720032416368946,46.83882053890253],[4.720262431583448,46.83874863662534],[4.720320189152614,46.83887959326752],[4.720800356132271,46.83880701126779],[4.7208848008639395,46.83879349110725],[4.72091377143989,46.83890852322091],[4.721103537625565,46.83888217904351],[4.721297764024785,46.83885577682697],[4.721312195679345,46.83888825256052],[4.7217792037566895,46.83891702732784],[4.7218165386083975,46.83887355517826],[4.721824303271201,46.83883664961048],[4.721794365635914,46.838784989129906],[4.721740781191996,46.83873878889819],[4.721688960296074,46.83865474620605],[4.721632814644435,46.83848086165909],[4.721638970166651,46.83825290061304]]],[[[4.71969942725851,46.84137191471756],[4.719385493397768,46.841427697241066],[4.71934990113728,46.84143231781672],[4.719317319077632,46.84143791107225],[4.719383931205159,46.84165967788303],[4.719549869604683,46.842383717132016],[4.719670968946002,46.84263327233626],[4.71973730185295,46.84303385621046],[4.719775879358762,46.84326421916189],[4.719772294204805,46.843291857968026],[4.719796556070982,46.843727815507506],[4.719803531500257,46.843900400288575],[4.7198074558493195,46.8441649903857],[4.719781709146923,46.844292088871576],[4.719842279261254,46.844745893753974],[4.719855762497282,46.84493575368495],[4.719895969214869,46.84474815327466],[4.720359474839958,46.84410258550509],[4.720588094505393,46.843751744601775],[4.7206793983001,46.843578716846025],[4.720776442424976,46.843117439735195],[4.7208565548378925,46.84273305635097],[4.720891777030591,46.84252918414726],[4.720821033752307,46.84203669792246],[4.720905168284748,46.841262944745544],[4.720860937361039,46.84122987898934],[4.720626085546954,46.84124361308227],[4.72033515290317,46.84127351336205],[4.7202475641818005,46.84128197368041],[4.720031227974591,46.84131586423127],[4.71969942725851,46.84137191471756]]],[[[4.719668266001324,46.84433056465463],[4.719691817471706,46.84380602155596],[4.719636409582861,46.8432336030706],[4.719242324357638,46.84329773359543],[4.718802927844664,46.8433891071679],[4.718420998804709,46.843461230653496],[4.718419211681237,46.84345206227404],[4.718900256380469,46.84335905034271],[4.719271670110715,46.843284011338085],[4.719634635380267,46.84322443451336],[4.719481564395652,46.84238984429509],[4.719417989530768,46.842076072416596],[4.719306295555494,46.84146566102777],[4.719275466665526,46.84115139969293],[4.719287281167937,46.84114816112682],[4.719264523483978,46.841088215343156],[4.719193468788766,46.84110153417235],[4.719030676469743,46.84113360510274],[4.718930050198986,46.84115349863563],[4.718879018871324,46.84099996204925],[4.718652480462614,46.84104115315419],[4.718531041448794,46.84106238390388],[4.718545809259467,46.84110507668214],[4.718550917778445,46.84112544388736],[4.718597228684523,46.84127087370703],[4.718567624560242,46.84127642226977],[4.718366423056419,46.841318261016276],[4.718246530235117,46.84134150370563],[4.718252972013622,46.84135673563146],[4.717838287575902,46.841475330956754],[4.717842625639474,46.8415181795316],[4.717861719844289,46.84169773422399],[4.7179345447220875,46.842444626822605],[4.717941668505131,46.84257531381164],[4.71795510260818,46.84295216514267],[4.717931851301216,46.843439923008006],[4.717928913207003,46.84348799557204],[4.717926228588766,46.84359124376535],[4.71800325045458,46.84395386182267],[4.718094262313662,46.84424065702658],[4.718108531888251,46.84426803816376],[4.718194283612435,46.844389373607946],[4.718398650006272,46.844587622548396],[4.718532552847389,46.8447715954413],[4.718548221015815,46.844795884610754],[4.718551555526992,46.84480707422365],[4.718584952708333,46.844921022923465],[4.71870140776659,46.84544654535762],[4.718818862913588,46.84581570957893],[4.718878889459859,46.84592414502702],[4.71990779034768,46.84577695972101],[4.71984187437041,46.8453896537127],[4.719791011974698,46.84500722901721],[4.719734879908554,46.844740348250546],[4.719668266001324,46.84433056465463]]],[[[4.717881852080214,46.843037050117175],[4.71788369653946,46.84300125997337],[4.717884919789679,46.84299306431233],[4.717860931265666,46.84247127577292],[4.717827753162871,46.84212945510739],[4.717797237021122,46.8418243839589],[4.717785866851707,46.84170091106038],[4.717664005032967,46.841708863404314],[4.717537488473205,46.84171075205263],[4.717516259305299,46.841557796736915],[4.717493904936618,46.84151010171033],[4.7171373914670065,46.84177292992119],[4.717133015002072,46.841776057257135],[4.717088534349636,46.84187584051344],[4.717115031994983,46.84205425811334],[4.7170332681834655,46.84205854933439],[4.716706444728312,46.8420838605565],[4.716749513973632,46.8425031921108],[4.7167998731450504,46.843011303486925],[4.716800164413819,46.8430204942076],[4.716796837075319,46.843056315454724],[4.716786439698552,46.84305748826187],[4.716752406469455,46.843064129099815],[4.716752658832208,46.843025291714035],[4.716792628945996,46.84301754462194],[4.716791560870652,46.84298384231199],[4.716762694267947,46.84268385279749],[4.716745085790791,46.84250427585274],[4.716700488804533,46.84208394941987],[4.716573971335352,46.84208583700871],[4.716242913548196,46.8421183607991],[4.716160042141404,46.84213492500587],[4.716072742801548,46.8421525818708],[4.71579572007735,46.8422456108852],[4.7154963386667825,46.84247896091066],[4.715396746357048,46.84267255143984],[4.7153726662858055,46.84280574803869],[4.715442554731546,46.84294367673509],[4.715466274036271,46.842987263077156],[4.715524714184257,46.84323366782115],[4.715540308340363,46.843302925135944],[4.715575673397934,46.84338516241793],[4.7156092003200945,46.84345618768552],[4.71556340306012,46.84346810993613],[4.715595467850575,46.84377520262299],[4.715522404147029,46.84396022022689],[4.715596474692435,46.84418289536182],[4.715452332736647,46.84456925562709],[4.715344408231373,46.84506439875703],[4.715342044480284,46.84531886960993],[4.715354814527397,46.84544027734033],[4.715380418734276,46.84549610166596],[4.715922355324593,46.8454910833719],[4.716342259571054,46.84548890950926],[4.716342066416328,46.845388775402114],[4.716394708096369,46.84535835164928],[4.716510007330328,46.845331090889935],[4.716518042479443,46.84525535719001],[4.7168138733703335,46.84528567959868],[4.7168603386415064,46.84529520805447],[4.716881573907332,46.84530714828835],[4.716906260081539,46.84533437413707],[4.716920302522124,46.84535459907835],[4.716926938701993,46.84537596120514],[4.716908849824261,46.84541608237915],[4.716854518267155,46.84553440250036],[4.7168540391519365,46.84556608352496],[4.716865071239655,46.84558533571748],[4.717215023962816,46.845866223269574],[4.717308092678951,46.84603037242278],[4.717383549939227,46.84601493581765],[4.717433842192213,46.8460039724643],[4.7175448756581355,46.845982898390766],[4.7180860644942575,46.84590738265822],[4.718472188216423,46.84587300488331],[4.718748093808641,46.84583822782602],[4.718632412915637,46.84547822310013],[4.71860438839731,46.845345804049536],[4.718518839481552,46.844949595552215],[4.718466388071671,46.844798124464575],[4.718225466883825,46.84480888202908],[4.7174832597882075,46.844791350873706],[4.716718956765452,46.84482829730271],[4.716690574262523,46.84482565873433],[4.716693979940851,46.844791889695244],[4.716738722356788,46.84479428417846],[4.716848756691455,46.84478855374915],[4.71696178851925,46.84478380516366],[4.717480611432424,46.84475460114189],[4.7177757279316,46.844762461892444],[4.7182139159625125,46.84477328291666],[4.718442795204864,46.84475862552385],[4.7183354829216295,46.84461513340932],[4.718134094744106,46.84441683988957],[4.718045915456833,46.844312904105024],[4.717922104760245,46.84393055019484],[4.717848469440223,46.84358116529543],[4.717881852080214,46.843037050117175]]],[[[4.71536882938245,46.84550648716316],[4.715260094959744,46.845506063735336],[4.715265927228613,46.845548899066685],[4.715286531953898,46.84563544512199],[4.7152921943451265,46.84572016957067],[4.715285601472261,46.845793837302644],[4.715281774703441,46.84581433781129],[4.715245405153261,46.84593545136118],[4.7152467281599835,46.846071331132904],[4.715264098760074,46.8462907718664],[4.716586618099673,46.846197471678884],[4.716445420444834,46.846159726724785],[4.71642642569502,46.84607724553718],[4.716308962922901,46.84608308632095],[4.716274620466183,46.845751504761544],[4.716260606591479,46.84549727813415],[4.71536882938245,46.84550648716316]]],[[[4.724678569092772,46.82647777001336],[4.724657501930067,46.82647093512453],[4.724095262168905,46.826299522977536],[4.723552378788339,46.82598781981865],[4.723415830109238,46.82600110530173],[4.723308271532468,46.826036435267724],[4.722547894652465,46.826328829914225],[4.722041036301269,46.82649480764292],[4.721482549203857,46.82667585729159],[4.72095376469694,46.82685441541627],[4.720501596825793,46.82700831945506],[4.719709442516907,46.827238839694544],[4.719747100065274,46.827299589455116],[4.7196512505756845,46.82732860777771],[4.719619482845461,46.82726573458374],[4.719576690410194,46.8272776137805],[4.718549840352193,46.82757192023779],[4.7177480254430115,46.827780083084924],[4.717746543413133,46.82778010521643],[4.718120109260291,46.828480613030344],[4.71818425601205,46.82853176350313],[4.718350962589079,46.828624304426434],[4.7185520177737095,46.82872042066755],[4.7190567843282185,46.82886308913768],[4.7194468695493565,46.82895739643988],[4.7198344328756,46.829066050650205],[4.720177027781851,46.82916515424865],[4.720340830673119,46.82921276889424],[4.720465151561679,46.82923645953783],[4.720702766556485,46.82921757722408],[4.720828410511151,46.829189130047496],[4.721172183256573,46.82909100000402],[4.721359470119534,46.829081046788346],[4.721338686450352,46.82898938865631],[4.721331631520504,46.82890774687795],[4.721342067525104,46.8288616151447],[4.721375023071268,46.828774259232524],[4.7214244239192205,46.829063719909286],[4.721928556114809,46.82895194822707],[4.722453397214505,46.82883578449697],[4.722510977068491,46.82886761403563],[4.722623499599117,46.82889454106062],[4.722700826681546,46.82898535221574],[4.722674434152788,46.82899800462017],[4.722768876431459,46.829112056046725],[4.722902996531197,46.829303180787484],[4.723048741487998,46.82943894253945],[4.723256305788384,46.829364307689076],[4.72338822791903,46.82934597644602],[4.723467255680226,46.82930289656165],[4.723561858853045,46.829235059931946],[4.723632832689918,46.82917269268872],[4.723764222395926,46.8290440095413],[4.723869154259402,46.82897295582566],[4.723909198313179,46.82887426242572],[4.724164635194513,46.82871408995908],[4.724332236756039,46.82864720283586],[4.72411454370298,46.82854317748314],[4.724013982055588,46.828471105715494],[4.724124866890134,46.82839996251342],[4.7248819148848895,46.8279083501117],[4.7249008049410035,46.827893765322656],[4.723793546126505,46.82725127791889],[4.723800787411914,46.82724503631647],[4.724732204050881,46.827788995971176],[4.725369430020125,46.82722867765225],[4.72562815511684,46.8269846605106],[4.725595127183729,46.82697596086183],[4.725189802268774,46.826870663487796],[4.725089873253598,46.82681800010541],[4.724596179468911,46.82655564639766],[4.724678569092772,46.82647777001336]],[[4.72005214763579,46.82809205824252],[4.720048975857206,46.82808597259391],[4.720339341969844,46.82799374990882],[4.720543589764658,46.827908947700756],[4.720565422767305,46.82775228617896],[4.720823105488869,46.82761559319167],[4.721204617210145,46.82748725956119],[4.721761437088998,46.827300112320756],[4.721764608727858,46.8273061889217],[4.721291729411717,46.82746450376379],[4.720826277040984,46.82762166981797],[4.720571396292566,46.82775321450497],[4.720552651067238,46.827912900884385],[4.72034995018046,46.82799972433231],[4.72005214763579,46.82809205824252]]],[[[4.737814488075206,46.832300716658466],[4.73780517603571,46.832288600136145],[4.73775014288153,46.83219746199356],[4.737715557098066,46.83214076018397],[4.737441982057926,46.8321990545933],[4.737371868847307,46.832194998090934],[4.7372569575020425,46.83218652067367],[4.73695236338425,46.83220644838968],[4.736555705054794,46.832233889184344],[4.736386536454613,46.83225177099334],[4.734563766456729,46.832566408242485],[4.73454655577125,46.83258710238675],[4.734750555554251,46.833982920906905],[4.734774513640319,46.83412663775872],[4.734786085999825,46.83416222611216],[4.734906394673899,46.83452520921321],[4.735075623397459,46.83474132289999],[4.735220268944219,46.8348413324423],[4.736274456467137,46.83474775925483],[4.7365847779988,46.83472059633768],[4.737135044150912,46.83460704443123],[4.738472885975425,46.83402686821178],[4.738705526629353,46.83389869106665],[4.739063096876489,46.83367359342227],[4.7391654004781385,46.83361379591733],[4.739167525571322,46.83358719602907],[4.738322968240595,46.832602652205274],[4.738087375681042,46.832684888552386],[4.7380158415801565,46.83258992011389],[4.737836181634767,46.832326956704044],[4.737814488075206,46.832300716658466]]],[[[4.7338031799364515,46.83583139263713],[4.733772225126821,46.8349571691219],[4.733744936859386,46.83494225214983],[4.731689012322981,46.83560573549869],[4.731800638823106,46.8357440444331],[4.731752115612401,46.8357631650986],[4.7318348937623345,46.835930520296024],[4.731712073827613,46.83595484806155],[4.7316722547953525,46.835966686909124],[4.731650255801766,46.83597723984215],[4.731631593469722,46.83599898203162],[4.731620205189735,46.83601549932637],[4.731639735842383,46.83606732305653],[4.731539515443823,46.83609948791106],[4.731544660596105,46.836120862753525],[4.731516608168888,46.8361284357241],[4.731203402287976,46.836205701535405],[4.731186542348952,46.83619062703804],[4.73112872668734,46.83619864777817],[4.731070943796472,46.836207694679224],[4.730813287319605,46.836252449482764],[4.7309029050043945,46.836494290033784],[4.731047666738897,46.836877343321426],[4.731315330360673,46.83681916261453],[4.731562883728747,46.837296717276544],[4.731851817003068,46.83720551446285],[4.732504272498855,46.837027089799584],[4.733862402133913,46.8364722137219],[4.733917381835799,46.83642232942787],[4.733951098292263,46.83631248841642],[4.733813068544534,46.835907875679034],[4.7338031799364515,46.83583139263713]]],[[[4.724916227912525,46.83618876134075],[4.724663384068787,46.83629167180136],[4.724288878821124,46.83645464683048],[4.724204353755155,46.836606124312354],[4.724168342245504,46.83659745990078],[4.724145951328536,46.83664276229983],[4.723834844576582,46.83673938425811],[4.723732992887659,46.836767477949415],[4.723409876648446,46.83686121663716],[4.7233849630118225,46.836873855974844],[4.7230369448870215,46.83698023274808],[4.722900380090374,46.83704051957113],[4.7226569809895445,46.83715962987975],[4.72249055423185,46.83721730129839],[4.7221254987384285,46.837303486774815],[4.721914094185149,46.83735161782122],[4.721711102864729,46.83738326773143],[4.721700760631636,46.83747947114894],[4.721738060912705,46.83785699246016],[4.72169116898961,46.838302183653354],[4.7216922786669535,46.838477927468084],[4.721703773533191,46.83860547804836],[4.721877292845376,46.83881746639756],[4.721916575070653,46.838835268670856],[4.722121640707698,46.83877498449522],[4.722197034654153,46.838757501125095],[4.722403938885573,46.83870841935439],[4.722581956820491,46.838640361842614],[4.723126293260979,46.838431935888345],[4.7231137323302335,46.83841168046381],[4.723454744991735,46.83827169022498],[4.7234687883325535,46.83829192340792],[4.723713932812489,46.838180953734344],[4.723749210897473,46.838166123703225],[4.724232936632124,46.83801888641856],[4.724271243830587,46.83800604617618],[4.724655961029932,46.8378827697883],[4.725462831812726,46.83759580016712],[4.725583186904775,46.83754085980401],[4.725614088429008,46.83752915685935],[4.725831822091241,46.83744618797996],[4.726177671975278,46.837318374013414],[4.726634693215618,46.837127586874594],[4.726673244726326,46.837075917360856],[4.7262498754168245,46.8364998268264],[4.725720586568539,46.83582416846642],[4.725222400500051,46.836030897649216],[4.725241014085947,46.83605411512147],[4.724916227912525,46.83618876134075]]],[[[4.7279018787305604,46.837874935230715],[4.728680369600437,46.8379592984922],[4.728806824924287,46.837955354015605],[4.729456586955709,46.83783216710736],[4.729679184689286,46.83780837715978],[4.730017207219124,46.837808410171974],[4.730235181593629,46.837779582270144],[4.7306364174856395,46.83766114362108],[4.731006922119263,46.83751251853666],[4.730340909948758,46.83600817992154],[4.7292296926298,46.836275236250366],[4.727396583053783,46.836925070041836],[4.727656271844568,46.83727063881067],[4.727690358542814,46.837686014203804],[4.7279018787305604,46.837874935230715]]],[[[4.72718910646956,46.83700278158263],[4.7269417625696235,46.83709130396059],[4.7265447698908405,46.83724951747171],[4.726280579526918,46.83736996523382],[4.726259963683868,46.83737743432114],[4.726170250564168,46.83741249877849],[4.72615846998324,46.83741676424559],[4.725993573977609,46.83747543547945],[4.725741700878049,46.83756197879571],[4.725685885935178,46.83758632160798],[4.725544667593354,46.837640557317215],[4.725324020068454,46.837725613684405],[4.725090030329203,46.8378129050242],[4.72496929717717,46.8378555933874],[4.724495015028731,46.83801903811751],[4.724266471581501,46.838089909267744],[4.724055227996781,46.83814313918774],[4.723974172483661,46.83816990373284],[4.723878436067857,46.83820301225418],[4.723506457490905,46.83835266275428],[4.723968158021519,46.8391039490159],[4.724062511035862,46.83907392321102],[4.724431124920305,46.838959057454495],[4.724670003461001,46.83888497809545],[4.725527889023232,46.83865650288669],[4.725848457510584,46.83857608043444],[4.726286242563586,46.838482658899586],[4.726532977135616,46.83842173252843],[4.726717953470488,46.838385238122726],[4.726729799344944,46.83838301597902],[4.726846690826945,46.83835980032214],[4.727188262527701,46.83828416521744],[4.727181623457964,46.83826281264272],[4.727273353652169,46.83824406298678],[4.7273935973593195,46.83818605136687],[4.727472406930859,46.83813582150801],[4.727537364401829,46.838024486871916],[4.727562229410094,46.837963827472],[4.727570931220931,46.83767656810739],[4.727568272008175,46.8374528273956],[4.727589569940961,46.83732682009307],[4.727479107443032,46.837178267977386],[4.7274400015850135,46.83707258455693],[4.72737761129521,46.83703060781688],[4.727312471301028,46.836995823077984],[4.727241000653983,46.83699586942199],[4.72718910646956,46.83700278158263]]],[[[4.7359791633390325,46.83868321072989],[4.735822048729909,46.83852004199035],[4.735524901911038,46.838633866615794],[4.735483347553605,46.83859157085379],[4.735351025333105,46.83845869293871],[4.735272583237983,46.83842717529553],[4.7352412487230415,46.83837860122684],[4.735228716143927,46.83835937331288],[4.7352193247882,46.8383452044227],[4.735206641870002,46.83832087237225],[4.735178206649559,46.838270210197415],[4.735146610533084,46.83821346260149],[4.7351622293281554,46.83818973039128],[4.735078847329979,46.838096974279225],[4.735139249785009,46.838076655401665],[4.73516978974781,46.838053715831165],[4.735143994957246,46.838038776649725],[4.735069588392867,46.83799391416342],[4.735048103342599,46.837973803563976],[4.734992718367638,46.837918432357114],[4.7349617441562035,46.83788109226801],[4.734899892414343,46.83790245959431],[4.734817241576808,46.83778619562026],[4.7347968138445315,46.83775278518274],[4.734651919635024,46.83764563707346],[4.734494247467437,46.83741810010145],[4.7343949987255005,46.837294935301166],[4.7343418540967415,46.83721603336376],[4.734272958086038,46.837110801145066],[4.734221982442702,46.837053318749646],[4.73416353974409,46.836901953263904],[4.734043865522857,46.836745368579045],[4.733973423025659,46.83663811513252],[4.733905860500798,46.83652775619893],[4.733578761060973,46.83663589429877],[4.733359939094324,46.83673115164384],[4.73336771666472,46.836741256271296],[4.733238242157403,46.83679020923739],[4.733267634373098,46.836824511568686],[4.733309414020523,46.83687394646698],[4.733323297100027,46.836889065512366],[4.733400424558905,46.83697271295961],[4.733732449532856,46.837436733324274],[4.7343061404096165,46.83824044569614],[4.734362243997877,46.83831827635315],[4.7345009532636,46.83851136323507],[4.734563274613087,46.83859727750366],[4.734748783597725,46.83885708641333],[4.735076227528283,46.83931708336004],[4.735221224460207,46.83952028737586],[4.735289863570966,46.839617345461654],[4.735342249981225,46.83962575045652],[4.7360947174348995,46.83931500317653],[4.736100018495783,46.83929448857381],[4.736119203389333,46.83919610573544],[4.736110662006678,46.83911550484298],[4.736104094233713,46.83905021138501],[4.736100821326993,46.83894807869743],[4.736095837378434,46.838931799007526],[4.736054946087055,46.83877096547134],[4.7359791633390325,46.83868321072989]]],[[[4.728690801812521,46.83800614397265],[4.728132273742105,46.837955266426455],[4.7279430192281575,46.837950958254204],[4.727748378966354,46.83801110540667],[4.727632338120444,46.83810787908401],[4.727712256659629,46.838232357439416],[4.727773644305126,46.838429675214236],[4.727993064766567,46.83867979015639],[4.728111080627494,46.838738312623285],[4.728388497103453,46.83931250047737],[4.728473071463888,46.83939603923788],[4.728578929682865,46.83935357971709],[4.729118174650422,46.83917278703876],[4.729144733247021,46.83916522813297],[4.729342382469427,46.839059057907185],[4.729568691264096,46.838964713638084],[4.729625079608868,46.83895875054544],[4.729665762217132,46.83897346712542],[4.729763402717781,46.838953608962896],[4.730043525387526,46.83886560540807],[4.730347829594689,46.83874250138621],[4.730437248366669,46.838698233986015],[4.73049182303601,46.83886805857135],[4.7307575842780425,46.83907660224635],[4.730849750071717,46.83916514051554],[4.7310032046686725,46.839120935995396],[4.731050887715453,46.839168247506706],[4.7310865484755755,46.839212668845605],[4.731069021298317,46.839223154353505],[4.731159085062467,46.83929229809613],[4.731187237265773,46.839287794784866],[4.7312366310724085,46.83934222222769],[4.731306046817643,46.83941781863676],[4.73131530673356,46.83942790108943],[4.731266943157275,46.83945212547122],[4.731257702493237,46.83948905397518],[4.731304915861519,46.83952206193949],[4.7311402345793425,46.83958789703009],[4.7310934643315345,46.83961516840193],[4.731074865527829,46.839638944854265],[4.731112884575154,46.83966392280271],[4.731081055515223,46.839693013718616],[4.731122345816085,46.83972712855073],[4.7312126850828955,46.83980445455125],[4.731498325249139,46.84002904331956],[4.731550632860551,46.84008139142772],[4.731585962231747,46.840068602575066],[4.7317844250225125,46.84026793499446],[4.731749259008541,46.840285836847286],[4.731939175134784,46.84045056156075],[4.732064787245717,46.840560047672014],[4.732005811321015,46.840578308035646],[4.731962136057691,46.840609621873526],[4.732033846492127,46.84066372205094],[4.732194057519744,46.840783926644214],[4.732340718909415,46.840946230876995],[4.732507396905639,46.841082692548234],[4.732674133737943,46.84117418621205],[4.733002779227237,46.84148600414],[4.733315421365184,46.841762299475484],[4.733708725992687,46.84204657370487],[4.73369210051543,46.8420856580296],[4.733854771218199,46.84228246426389],[4.734163101764067,46.842470941927765],[4.734480340173042,46.842472293197474],[4.736010814578421,46.841808516434426],[4.736019463642506,46.84175321522406],[4.736014250420415,46.84172978824052],[4.736052696086067,46.84130310758621],[4.736060449251853,46.840894253535716],[4.735524068744824,46.840653014672526],[4.735561066450669,46.840599321218185],[4.735440028332045,46.84053984315438],[4.735008755337825,46.84032562855921],[4.734996628155674,46.84031866067503],[4.7350160875390275,46.840182466780846],[4.735020931000353,46.840147648615705],[4.735035363327776,46.84004013355709],[4.735192492087712,46.83997134471495],[4.7352428731572305,46.83996343412117],[4.735279651065743,46.839949595589516],[4.735383574199994,46.839939859707606],[4.735490890664203,46.83989634509051],[4.735621721262818,46.84002924535221],[4.735640373843277,46.84005349630594],[4.736123877308728,46.839853067838476],[4.736133147604245,46.83981716513499],[4.736155277552293,46.8397177111825],[4.736162943446305,46.83953878140422],[4.736089907334356,46.83935083858077],[4.7352890122058025,46.83968377752465],[4.735181469021651,46.839534170800384],[4.735038019981853,46.83933298775537],[4.73470605075424,46.83887101457477],[4.734522089667198,46.83861322662468],[4.734459768076481,46.83852730333252],[4.734321059204878,46.83833422540343],[4.734264903366027,46.8382543511536],[4.733691232674333,46.837451664965755],[4.733357725686541,46.83698766681659],[4.733262242148028,46.8368889676799],[4.733239145193216,46.83686479231457],[4.733219012801694,46.83684057228295],[4.73319120078766,46.83680930817331],[4.732979697723824,46.836900374793935],[4.732759162769688,46.83698850599941],[4.732538189385488,46.837063359528074],[4.732463238827812,46.83709412693387],[4.73224211453197,46.83716387575267],[4.731967535141088,46.83723851759605],[4.731432093371711,46.8373978056396],[4.731364383497593,46.83742233026084],[4.730951193570841,46.837585909264064],[4.730770636072601,46.83766730199234],[4.730623499680822,46.837722650712685],[4.73045397142614,46.837776291676626],[4.730297346690157,46.83781441013059],[4.729993925061775,46.83787210838185],[4.72989080257849,46.83786037514702],[4.729495432059465,46.837882674131365],[4.728954587001432,46.83796641739294],[4.728690801812521,46.83800614397265]]],[[[4.7223241221367465,46.83928899501359],[4.722729165583951,46.839336066071944],[4.722873543251921,46.83933390416764],[4.723078283505509,46.839310403547884],[4.723637200253054,46.839185539449126],[4.723186061433622,46.8384851936143],[4.723036229614688,46.83854976793547],[4.722793507669419,46.838643327321876],[4.722478141042239,46.838747159876114],[4.722135564532759,46.83883812404092],[4.7223241221367465,46.83928899501359]]],[[[4.726541534828353,46.8384563491664],[4.726308193460256,46.83851707459327],[4.726149938016986,46.838551123073415],[4.72603753831396,46.838575288298955],[4.725769873468821,46.838633456504034],[4.725722600197253,46.83864540504801],[4.725441996818319,46.83871807704281],[4.725285463587337,46.83875925823595],[4.725261836626597,46.838765745604476],[4.725099412350616,46.83880905022868],[4.725018239349062,46.83883172854726],[4.724913406562772,46.83885986791426],[4.7247525422284795,46.838905193007605],[4.724630050732214,46.83893972989908],[4.724308567874204,46.8390385527849],[4.724095025783649,46.839113287388926],[4.723385867814347,46.8392894418042],[4.722953851419674,46.839377659341565],[4.722818666985942,46.83938786110187],[4.722720243719714,46.83938320179586],[4.722605241333634,46.83937266657723],[4.722379592868924,46.839347432868074],[4.722175315003711,46.839339251340384],[4.722264673982023,46.839526948924814],[4.722366290800172,46.83967870025703],[4.7224272287096785,46.83976873021983],[4.722439170847576,46.83981658024348],[4.72241018494375,46.83984153741717],[4.722379411338214,46.839857326256414],[4.722366147568885,46.839861613523524],[4.722287559915184,46.839871985043914],[4.722289367080678,46.83988217976011],[4.72221977785196,46.83989446088624],[4.722106863184551,46.839996288319114],[4.722001158970037,46.84009085698115],[4.7222570897833975,46.840599978812705],[4.722264963137364,46.84061314475028],[4.722271327878953,46.84062633326973],[4.722882684723162,46.84168192807298],[4.722979684627526,46.84182864161455],[4.723251374706696,46.841709107362504],[4.72327765532839,46.841739370041104],[4.723057377222559,46.841836673242454],[4.722995711242332,46.84186416428572],[4.723115979707124,46.84213417209115],[4.723232526280654,46.84228672575166],[4.723286375513014,46.842341098761054],[4.723395914813679,46.84241404546229],[4.723717962951027,46.842519580330055],[4.723854865185129,46.84251651163879],[4.724006527404968,46.84246212180546],[4.724080008048601,46.84243139116803],[4.724422714754383,46.84239049279502],[4.724574070348811,46.842326911705385],[4.724684267204676,46.84223329106734],[4.724664188334126,46.84211710890639],[4.724624043857295,46.84197873961401],[4.724618998313235,46.84196042506362],[4.724597378015611,46.8417962281775],[4.724635427779655,46.841728221186386],[4.724576830934317,46.84157173827418],[4.72443806503436,46.841469592091904],[4.724380164829583,46.84138156198474],[4.724121575302741,46.84121070348309],[4.724091894377101,46.841120206015155],[4.723962493871047,46.84093821615242],[4.723854545312935,46.84063430620091],[4.723894402397579,46.84057648512118],[4.723952568672139,46.84053270016839],[4.724157898342713,46.84043356576469],[4.724196337620458,46.84042482131713],[4.724242117003479,46.84041288681601],[4.724573113695816,46.84028530971376],[4.724937242494268,46.84021649418661],[4.725049418505515,46.84018518271928],[4.725163187332453,46.840156909286996],[4.72540246034054,46.84009507970687],[4.725557469462016,46.84005290360957],[4.72576889580309,46.84005177685904],[4.725944588024868,46.840051185775835],[4.725856760288236,46.83977149891407],[4.726127325192652,46.83975721823594],[4.726167473759189,46.839755598215035],[4.726409820838979,46.83974378457779],[4.726681457749638,46.839716202694255],[4.727205368638625,46.839661336677295],[4.727206199811412,46.83964088963999],[4.727409293966989,46.839612290622256],[4.727693541916774,46.83956000271835],[4.728367245817616,46.83943952485066],[4.7281670032820715,46.839044018192844],[4.72812002020065,46.838925169517495],[4.727529543106314,46.83824634956567],[4.726939756135924,46.83838292670967],[4.726541534828353,46.8384563491664]]],[[[4.7230301337131095,46.84210378372062],[4.723006246376146,46.842055094979045],[4.722986949145574,46.84201041719636],[4.722929376757147,46.84188559214403],[4.722813320902059,46.84170136588237],[4.722780305191764,46.84164668071778],[4.722209565581572,46.840650763330444],[4.722130956743811,46.84052012870866],[4.722038521157792,46.8403294060686],[4.721953980876321,46.84010586454317],[4.721813895111805,46.8399148371901],[4.721771179707214,46.83988277577933],[4.721480563693906,46.83973487865766],[4.721382713575882,46.839701597685476],[4.721291565705734,46.83969172192003],[4.721201900222811,46.83968182390646],[4.721052552457685,46.839714714334164],[4.7208888411538705,46.83985816943135],[4.720870854556687,46.83990136086256],[4.7208475351773,46.84005804409733],[4.720823317452545,46.840233139928436],[4.720801577668189,46.84039287054211],[4.720633234925009,46.84043728391379],[4.7206257836954055,46.84043739534515],[4.720583925084071,46.840431888264575],[4.720027553980752,46.84059041743589],[4.7200262205322625,46.84059554374722],[4.719869548019501,46.84063263078757],[4.719813351180413,46.8406447102418],[4.719844321817116,46.84077606746546],[4.719966314466229,46.84128822270962],[4.720264263997015,46.8412449346716],[4.720629442835651,46.841208817898256],[4.720963859531905,46.841188488224425],[4.720881416506701,46.84196835823625],[4.720906070570711,46.84199455706065],[4.720932285108151,46.84202277689169],[4.721523408468111,46.84211407119418],[4.722196830254533,46.8422174144702],[4.722230667684756,46.842204650882415],[4.722258323624412,46.842137817983286],[4.722312628118218,46.84215948398704],[4.722270353426461,46.842281715222235],[4.72224990857167,46.84234128945328],[4.72217353236719,46.842562123956114],[4.722109610307676,46.84270613130231],[4.7220302248419035,46.842878990958326],[4.721969963739732,46.8428574139617],[4.722096812650133,46.84258472442714],[4.722114864404946,46.84254358521753],[4.722202178575622,46.84229193076008],[4.722174435366651,46.842262716416066],[4.72089779551142,46.84206211741521],[4.720878769902461,46.84207262373093],[4.720903830299681,46.84225208881155],[4.720942422220572,46.84252945334229],[4.720934017297919,46.842592926928624],[4.720904384362519,46.8427384740521],[4.720850632491944,46.84301516632105],[4.720827237177511,46.84312281312689],[4.720749939890939,46.84350204796395],[4.720733249256802,46.84358607992611],[4.72060224512381,46.843822040577805],[4.720407629715292,46.84411821130869],[4.720289229839407,46.844282457839505],[4.72026209290945,46.844318626169716],[4.720197895064547,46.8444074659708],[4.7201437567545,46.84448490691995],[4.720038276814285,46.844633631886786],[4.720016855682164,46.84466256398725],[4.719948358482889,46.84475657426728],[4.7199090828359935,46.844926779307634],[4.719914453049768,46.845330318446216],[4.7199832790978755,46.84576254760072],[4.7199982308605835,46.84581137047129],[4.7200267115085826,46.845817077792795],[4.721314026192493,46.846069636240685],[4.721452214427791,46.845778388048224],[4.7213680732373025,46.845755123612676],[4.7215156167706285,46.84547701912159],[4.721656256584935,46.8452634012189],[4.721679042814878,46.845230359682596],[4.721717669763464,46.84518073532239],[4.721783415860317,46.84504691380338],[4.721839327020807,46.8449786406137],[4.721918432624299,46.84489059446367],[4.721928524973483,46.8448802306868],[4.721941173084102,46.84485653587991],[4.72203247441938,46.844683507103134],[4.72219471652356,46.84449306166416],[4.722255790060385,46.844400178765625],[4.722237577508322,46.84438921193778],[4.722285366771295,46.84429959888151],[4.722345379610471,46.84422001558172],[4.722424453048784,46.84408395878199],[4.722380725534053,46.84406724086234],[4.7225407559697254,46.84380733802222],[4.722429230461563,46.84376609418272],[4.722477830877524,46.84370201876802],[4.722550893295793,46.84361100055035],[4.722618181211923,46.84352620178701],[4.722847154219851,46.84318659022881],[4.72288478203646,46.843199310597086],[4.723031227861365,46.843074501578414],[4.7231705461467035,46.84296001185851],[4.723295279626521,46.84285494448839],[4.723329831669043,46.84286463974521],[4.723432268589408,46.842760923835804],[4.723527049835652,46.84279117807644],[4.7236546625572045,46.84268299613438],[4.7237158099745935,46.842592164599004],[4.723353826006023,46.84244839418429],[4.723226061502214,46.84236448096261],[4.723148779441578,46.842275713870166],[4.723066387602112,46.842166588726755],[4.723055340888262,46.84214733730714],[4.7230301337131095,46.84210378372062]]],[[[4.737971423165707,46.844341672676784],[4.738218037031028,46.84441561512475],[4.738561708271403,46.844451292117775],[4.7386063662611715,46.84445061734779],[4.7386100071771775,46.84442501233228],[4.738654093148417,46.84412802198949],[4.738781392925388,46.84382567640564],[4.7388191987494865,46.8436115459309],[4.7387931477702345,46.84335647553955],[4.738790585487858,46.84318382428483],[4.738874289874611,46.84277587551522],[4.738858072445972,46.84245628159418],[4.738825231564327,46.84231474430247],[4.738239298084681,46.841690061761796],[4.73759626603218,46.841095877398466],[4.736810669299432,46.84093096015565],[4.736172254188467,46.84136260736197],[4.736110346295667,46.841800890571434],[4.736099056847394,46.84191345570772],[4.7361887456482785,46.84238827620626],[4.73627901233513,46.84288148711568],[4.73658417077293,46.84371376349866],[4.736887633462246,46.844399933453964],[4.736962932622644,46.84437938888329],[4.737037043620254,46.84450803739835],[4.736989780827504,46.84451999035376],[4.737029246952625,46.84458990245654],[4.737320262409686,46.8445160276624],[4.737569179457147,46.844383519429],[4.737791879214455,46.84436175700227],[4.737971423165707,46.844341672676784]]]]}}]}
