{"type":"FeatureCollection","features":[{"type":"Feature","id":"inao-denom-914","properties":{"id":"inao-denom-914","name":"Monthélie","tier":"village","kind":"appellation","appellationId":206,"denominationId":914,"sourceName":"Monthélie","communes":["21428"],"areaHa":140.58},"geometry":{"type":"MultiPolygon","coordinates":[[[[4.761183417388613,46.989880700899874],[4.761165502251181,46.98983499145712],[4.761141115578561,46.98977405315819],[4.761121714351855,46.98972837539769],[4.761108704644199,46.98969587441979],[4.7611054521463725,46.98968774692473],[4.76109721619949,46.989618393957144],[4.761084862172093,46.989514360001195],[4.761081043665774,46.98948886922254],[4.761077391829799,46.98946849111569],[4.761071887354309,46.98943690222025],[4.761067636057038,46.98939813469482],[4.761057379525348,46.98935844119012],[4.761051675252158,46.98932072248643],[4.761028645267296,46.98916371805857],[4.761011872465808,46.98906179581405],[4.761009420405232,46.98903219560294],[4.761001184681533,46.988962842613994],[4.760994182147527,46.98888529365847],[4.760981360818784,46.988812939724724],[4.7609598959750254,46.98870393858179],[4.760802056417983,46.988717586623785],[4.760499441452805,46.98873344364603],[4.760499940695705,46.988748763666116],[4.760135045000198,46.988777835755094],[4.75995920211096,46.98878868635854],[4.759382198469613,46.988815885178596],[4.759214714809247,46.98880821761575],[4.758889178439507,46.98880807462597],[4.758630242120595,46.988789534658],[4.758647030594996,46.98889248359379],[4.758650814506575,46.988916948322036],[4.758663798883066,46.988994406187494],[4.758667582809377,46.98901887091439],[4.758746220414845,46.98909532800677],[4.758767807780512,46.98911645941801],[4.758786056567132,46.98912640265803],[4.75885093455438,46.98914686512317],[4.7589550835570735,46.98918103884912],[4.759054647410728,46.98921222046521],[4.759347982156186,46.98927825315457],[4.7594106960799465,46.98927832347601],[4.759479225706546,46.989319163747616],[4.759626963520768,46.98940785882254],[4.759680330439001,46.98944177973181],[4.7597352970086435,46.98947874714878],[4.759784158432064,46.989511719089684],[4.7599018035924,46.98959371330559],[4.759920019320067,46.98960263022956],[4.760083829383164,46.98968085815149],[4.7601338582404455,46.98970359972173],[4.760203476249152,46.98973216626853],[4.760273027753512,46.98975868950417],[4.760354623608265,46.98978809986499],[4.760454322557988,46.98982336680501],[4.760516249385128,46.98984490002612],[4.760641669392494,46.98988998675308],[4.760765610285553,46.98993612256401],[4.760824651042791,46.98996076159085],[4.760906447309551,46.98999630136483],[4.7609852907607655,46.990032903789654],[4.761140058511802,46.99010819732418],[4.76120408508072,46.990148096697276],[4.761203074269402,46.99007147395533],[4.761200743679852,46.98999998657279],[4.761198146643863,46.98992032611559],[4.761183417388613,46.989880700899874]]],[[[4.766224368412186,46.98886563016936],[4.766115879507401,46.9888816009355],[4.766007356994486,46.988896545465906],[4.765912077686605,46.988905154331746],[4.765615301640804,46.988916846830314],[4.7653274502728475,46.98892738436931],[4.765204996379395,46.988927213641155],[4.764665777743062,46.98892217883914],[4.763854377359817,46.9889049576314],[4.763816904987062,46.98890041527789],[4.763320850629356,46.98884566943622],[4.762727151655565,46.98877299712617],[4.762728331131234,46.98885472355605],[4.762746780395457,46.98896275285261],[4.762762277118445,46.98902587096106],[4.762777453672742,46.98907877252575],[4.762792550429988,46.9891296310207],[4.7628109998019745,46.98919167736235],[4.762836541163738,46.98924237626973],[4.76287002067762,46.98930725488211],[4.762967347564732,46.989406928420145],[4.763056382878017,46.98948117950313],[4.763108419279123,46.989520234410485],[4.763158982461517,46.989559311808314],[4.763253977245088,46.98963347167238],[4.7632677745697904,46.989644499886936],[4.763340527323728,46.989723088168425],[4.763423505434167,46.98984035255888],[4.763443175438983,46.989894202998634],[4.763473017824221,46.99003066904027],[4.763478524057829,46.99006226681635],[4.76347945726439,46.990090854549656],[4.7634788710992435,46.99011845687058],[4.763474699233968,46.990173698351654],[4.763450705150197,46.99030791629298],[4.763425557964784,46.9904523732755],[4.763424871574209,46.990476906192484],[4.763465869616263,46.990955507018704],[4.763465978552651,46.99118744621913],[4.763473884568832,46.99124659165372],[4.763548902607425,46.99157752887585],[4.763624797492309,46.991615201254106],[4.7636861939619175,46.99162038663589],[4.76401446799829,46.991658289277645],[4.764019539731268,46.991630618385955],[4.764023078585877,46.99160195328927],[4.764025417026801,46.991536527414645],[4.764076335248243,46.99154085514562],[4.76412572060442,46.99154418865096],[4.764185630832697,46.99154940549615],[4.764235116151457,46.99155579935228],[4.7642756097805625,46.991561313037565],[4.764296612857635,46.99156405380811],[4.764358042847926,46.9915702649658],[4.764410948303178,46.99158989880888],[4.764446835833281,46.99159139429908],[4.7644767510406005,46.991592981110145],[4.764544053150218,46.991596031438256],[4.764618847909833,46.99160000278832],[4.7646771918419235,46.99160319904844],[4.764722071103942,46.99160557457135],[4.764765450710967,46.9916079730141],[4.764814517614352,46.99146417653119],[4.764826363683137,46.99132400225954],[4.764878268050475,46.99131299591253],[4.765006684505007,46.99126709292466],[4.765042238036303,46.99125837190397],[4.765134448646108,46.991246748847466],[4.76537811663673,46.991163320717924],[4.7655107845161995,46.991110201605174],[4.76553137394907,46.99110069176395],[4.765771517604985,46.990954979463424],[4.765830479423849,46.99093159894904],[4.765865966104743,46.990920843409874],[4.765929647236277,46.99090454111758],[4.765993361580095,46.990889255921886],[4.766082618486223,46.99087869494335],[4.766367293846859,46.99086208044928],[4.766374585398169,46.99085685360039],[4.766387715860902,46.99084745779227],[4.76639929302594,46.99083604147515],[4.766413308952167,46.99080824252614],[4.766603156790092,46.99044872925533],[4.766676159836476,46.99030660062256],[4.766708509619705,46.990245821297066],[4.7667351475479895,46.99010134062684],[4.766757332916031,46.98995794576398],[4.766759784692435,46.989941562920016],[4.766758825881198,46.989775017634464],[4.766724459504449,46.98977452623421],[4.766717315007762,46.98969289111586],[4.766716947636362,46.98968165765776],[4.766729189309889,46.98955374270291],[4.766747553591004,46.98938486622538],[4.766747152951442,46.98937261563419],[4.766738091295801,46.989323709477254],[4.766751672162745,46.98928262474765],[4.766766619250057,46.98923743952285],[4.766815678380609,46.98909363307918],[4.766840134592628,46.98901969118278],[4.766871624666384,46.98879543584876],[4.766806155803962,46.98875658829753],[4.766285261416717,46.988855503179394],[4.766224368412186,46.98886563016936]]],[[[4.763424813951989,46.99134441367416],[4.763417474767699,46.991302631499096],[4.763414641730967,46.991261807099534],[4.763413008057104,46.991211760581535],[4.7633890321745245,46.99120906508666],[4.763273544996664,46.99119345811827],[4.763052369559417,46.9911886608113],[4.762780656094091,46.99119076806382],[4.762779056493693,46.991141747669566],[4.7626524251393505,46.99110485885814],[4.762120539846083,46.99091373292148],[4.761951317167624,46.9908529623936],[4.7619241088460775,46.99084315645961],[4.761755661490927,46.990714939427335],[4.7617265138035245,46.99069086207202],[4.76155424888193,46.99053716299178],[4.761487003461353,46.990444179553336],[4.7614480653894935,46.99039471154562],[4.761435787880997,46.99038467755624],[4.7613775334848105,46.99033856634093],[4.761277954250703,46.990261404021545],[4.761250360104156,46.99023934711929],[4.761219813051461,46.99021835292542],[4.761198477585995,46.990205395253405],[4.761152713977778,46.99017544754073],[4.7611145619870205,46.9901504808323],[4.760990074599159,46.990088008455224],[4.760959660941769,46.99007110072802],[4.760924828208598,46.99005630472254],[4.760891561713305,46.99004352908788],[4.760767474411277,46.98999331607885],[4.760738726835112,46.9899814890781],[4.760587412208933,46.98992045231727],[4.760294660251555,46.98982682048498],[4.760269019229711,46.98981904354837],[4.760182817703369,46.989785614821486],[4.76015562339474,46.98977580826654],[4.760069109433682,46.98973318944515],[4.7599370659422,46.989667769299956],[4.759780681560172,46.989588410274784],[4.759656585751339,46.9894922133338],[4.759607604472956,46.98945515459911],[4.759546366593286,46.989409087985685],[4.759534122790108,46.989400070925],[4.7593647749683266,46.98933521903685],[4.759260691948439,46.98930308895215],[4.759052991705195,46.98925312238838],[4.758698134282199,46.989131822464216],[4.758674113291645,46.98912810905395],[4.758648685243163,46.98912645236456],[4.758629282618769,46.98912674811116],[4.75865061619903,46.98932362880046],[4.758658815848909,46.98939196481471],[4.758663929548477,46.98945727693686],[4.758668411788578,46.98950319149444],[4.758671893164034,46.98956444893332],[4.758681389531272,46.98967261520164],[4.758710857434544,46.98975186607409],[4.75874014582305,46.98982600446263],[4.758740907308381,46.98989548048932],[4.758740617626012,46.98993226399957],[4.75878020437347,46.9900931049335],[4.758802653357524,46.99018677275515],[4.758804618347175,46.9902010437803],[4.758833547985079,46.990355914291],[4.758839164333477,46.990390572487975],[4.75884983854259,46.990443543126936],[4.758859006042119,46.9904955100883],[4.7588824660875,46.990619817718],[4.758898689983693,46.9907053942694],[4.758900951323586,46.99077484741448],[4.7588295765119195,46.99078410358598],[4.758136373488704,46.9908662004236],[4.757761515539123,46.99091073516195],[4.75783488493771,46.991100690257525],[4.757924727764066,46.99133740380487],[4.757934470675221,46.99136177774502],[4.757972099259358,46.99141638204459],[4.75802529707293,46.99149118292736],[4.7580879321704295,46.99158014996472],[4.758145848742813,46.99166202937736],[4.758214676047243,46.99175805247741],[4.758298600624677,46.99185895167522],[4.758325040413623,46.99189124826815],[4.758335950738646,46.99190538297343],[4.758430221240019,46.99200306249377],[4.758656193564098,46.9922468955515],[4.758982628668649,46.99218265343508],[4.759059777801466,46.992167167316474],[4.759138712979017,46.99216085768913],[4.759387356111298,46.992137650408665],[4.759705263889807,46.99208682859012],[4.759784078611756,46.992076422783974],[4.75991967150922,46.992067204196],[4.760018010110889,46.99206059800368],[4.760116295268681,46.99205194825943],[4.760149063643074,46.992049404104016],[4.760265186168189,46.9920384378411],[4.760286009765747,46.99203607587393],[4.760353012710214,46.99202993844315],[4.760394673337628,46.9920252232738],[4.760539091094747,46.992011771740806],[4.760582238208688,46.992007033822055],[4.760705619655717,46.99198982350135],[4.760895571047493,46.99195319856693],[4.761027911117989,46.991935860182416],[4.761091827899362,46.99192670749914],[4.761224167548525,46.99190935988823],[4.761274753097914,46.99190348152131],[4.7613134270719355,46.991898802601966],[4.7615279534621076,46.991883261953205],[4.761584611113607,46.9918803526706],[4.7616207984535635,46.99189103923927],[4.761803089642446,46.991894388786434],[4.76200631729945,46.99189843596621],[4.762237873951956,46.99190103248356],[4.762360088259415,46.99189405962969],[4.762816515988167,46.99183190953794],[4.762985209008853,46.99178437585818],[4.763018996805331,46.99176750531239],[4.763221443476924,46.99165610069884],[4.763261070358621,46.991635061283695],[4.763454471838128,46.99161268936039],[4.763467869796556,46.99161146695016],[4.763464250120422,46.99159210606502],[4.763446165227376,46.991495310435816],[4.763424813951989,46.99134441367416]]],[[[4.764244660472346,46.99257948919544],[4.764222723065933,46.99254815171058],[4.764202285369369,46.99251679129126],[4.764194359305136,46.99250260248367],[4.7641785278394835,46.99247526020197],[4.764170335166835,46.99245290733422],[4.764153601789716,46.992352002584184],[4.764131078378393,46.99234825838317],[4.763995552216274,46.992359525183566],[4.763988012581838,46.992311622264275],[4.764032692232139,46.9923078682595],[4.764015992665232,46.99220798961799],[4.764018631245457,46.99215175394884],[4.764031662201061,46.992139289014354],[4.764035033265458,46.992059537366515],[4.7640260746997845,46.99205967432963],[4.764027340988837,46.99205250447424],[4.763970583060477,46.99205234555749],[4.763970483126517,46.99204928516018],[4.7639525791532105,46.9920495588746],[4.763952179127623,46.99203730828411],[4.763929755793065,46.99203662444075],[4.763928855527169,46.99200905386094],[4.763952765071786,46.99200970597769],[4.763952231606741,46.991993368856456],[4.763928355281876,46.99199373387166],[4.76393209329717,46.99192521568203],[4.763933079564428,46.991909872966986],[4.764060012906755,46.99190997666265],[4.764065818310194,46.99190477268838],[4.764107877358574,46.99186632387306],[4.764073442951464,46.99186378841834],[4.764089779268551,46.99181551145169],[4.764062450075492,46.991801628294255],[4.764100455565055,46.9917305418902],[4.764068840458227,46.99172284811367],[4.764038792039341,46.99171718366725],[4.764019255070047,46.991713393789006],[4.7638244527491205,46.99169286708245],[4.7635832384397885,46.991668969888906],[4.763512962987406,46.99166595543928],[4.763435382150387,46.99166815880902],[4.7633593213088075,46.99167136554217],[4.7633399512913845,46.991672688214095],[4.763347856946791,46.991731824647],[4.763360168900051,46.99178885845868],[4.763189156489966,46.99181088808082],[4.763119414379992,46.991824219518584],[4.7630404335147976,46.99182950593688],[4.7629945009252985,46.99184042920163],[4.762850550689922,46.9918681776692],[4.762711352552614,46.991904021489376],[4.762628365523948,46.991923678817834],[4.762572641024222,46.99190920244232],[4.762419365346408,46.99192585375775],[4.762197080074936,46.99193231078132],[4.762096975999101,46.9919307776689],[4.761981907544109,46.99192844634359],[4.761547102739305,46.99192077534736],[4.761415683524372,46.99192073736826],[4.761402252277911,46.991920942407276],[4.76116430223556,46.99195114133367],[4.760945802168936,46.99198206956992],[4.760623530344315,46.99203704999249],[4.760531430602988,46.99205173864232],[4.76023815493746,46.992079717874056],[4.759946312074546,46.992105630218006],[4.759828656236504,46.99211559289856],[4.759641057602992,46.9921327639916],[4.759551830789708,46.992144346118025],[4.759473161887149,46.992158829099154],[4.759422808676794,46.99217185361262],[4.759424049777306,46.99225562325528],[4.7593905236540595,46.99232663970553],[4.759349993699189,46.992366081062215],[4.759344254044869,46.992373319064995],[4.759313148471869,46.99242692668227],[4.759306840747976,46.992462793297165],[4.759322147681973,46.99251977279232],[4.759352492829772,46.992580620556325],[4.759384616789487,46.99264960931214],[4.759431453940634,46.99280421554731],[4.759459857390828,46.992896765754274],[4.759500136364172,46.99303306441462],[4.759532593551803,46.99311226945499],[4.759568090489701,46.993193472413076],[4.7596199722513575,46.99327340785544],[4.759709539006204,46.99340998143698],[4.759756093706695,46.99350940522953],[4.759763018117006,46.993538937209486],[4.75978541653463,46.99363055226832],[4.759815809119624,46.99369241682096],[4.759843517596078,46.993717543241694],[4.760077478381257,46.99365675281294],[4.760536510640758,46.99358231562407],[4.760773034811617,46.99355417515826],[4.761377419417934,46.99349488834718],[4.7617599178567485,46.99345533167508],[4.7619180372981464,46.993449846404516],[4.761917925613682,46.99335482046026],[4.7618975437641184,46.9932335373564],[4.761876562515042,46.99309387385337],[4.761906578591339,46.99309853072918],[4.761923141244739,46.99319432311607],[4.761933932007518,46.99325035361929],[4.7619840752770966,46.99346007705403],[4.761970101807148,46.99358086711737],[4.761989051465147,46.99365823349189],[4.762048396091167,46.993738044925834],[4.762104235617157,46.99375559074355],[4.7621607819174425,46.993749611982295],[4.762214355371113,46.99374368760097],[4.762348685487103,46.99374163599556],[4.762476989516654,46.9937376319963],[4.762567971575911,46.993734197966226],[4.7626544807781865,46.99373083219215],[4.762785624530007,46.99372269590208],[4.762825899559682,46.99372106296485],[4.762842284042756,46.99371978600371],[4.76291528197331,46.993714591176364],[4.762980866823347,46.99371051820017],[4.763019608629811,46.99370788197648],[4.763058383923466,46.99370627187272],[4.763095725892748,46.993706718935044],[4.763268877524987,46.9937040730599],[4.763324204166957,46.99370629850482],[4.763428851112064,46.99370980545875],[4.763487263956501,46.9937150455828],[4.763502061949113,46.99371073085148],[4.763599283292368,46.99371537778462],[4.7636139347023505,46.993706976711245],[4.763634723957389,46.9936116312696],[4.763658166690917,46.99355200672602],[4.7637364215527676,46.99343330476906],[4.763719670404059,46.993423348403105],[4.7637221896778374,46.993408999905164],[4.763742713587912,46.99339744712554],[4.763763817570381,46.9934032573888],[4.763770976580948,46.99339395318082],[4.763673888374507,46.99334741004684],[4.763733206433004,46.993289281402646],[4.763772280541265,46.993250878373274],[4.763866395557206,46.99329746687498],[4.763937891745119,46.993246302448895],[4.764011221118761,46.993205331372614],[4.764216423965365,46.993086732485565],[4.764254631697146,46.99306775873233],[4.764216374970274,46.99299374979703],[4.764207400782944,46.992901930215766],[4.764205265993537,46.99283656375126],[4.764203798512545,46.99279162993184],[4.7642040841968525,46.992754837440394],[4.764089060561055,46.99275353414856],[4.764090298141048,46.99265439892831],[4.764215779918121,46.99265554231181],[4.764282916944635,46.99265349813115],[4.764271224478397,46.99261587114911],[4.764260345676314,46.992602754139995],[4.764244660472346,46.99257948919544]]],[[[4.766625147143167,46.99372426758558],[4.766573488310785,46.99365148222326],[4.7665233832885106,46.99358072634132],[4.766483205608801,46.99353944709248],[4.766269670923623,46.99340273193311],[4.7662453598846986,46.99338982071829],[4.766205115752651,46.99334649810703],[4.766151627371684,46.99330951106367],[4.7661224095220085,46.993283391575496],[4.766100637600145,46.993257158112165],[4.766078878854718,46.993230924443175],[4.7660526677250985,46.99320578556284],[4.7660418884251365,46.99319572911854],[4.765905294854605,46.99322029782341],[4.7658037708981125,46.99326680781599],[4.765742387824793,46.99330759723645],[4.765679672066171,46.99335352223206],[4.765660083298623,46.99339367204297],[4.765640879242348,46.99340008975715],[4.765634475280572,46.99343288731094],[4.765618057411089,46.99343313853635],[4.765558291675745,46.99343200876351],[4.765551702802177,46.99336773710874],[4.765557642077282,46.99336662858998],[4.765550568096653,46.99333301963163],[4.765546893932373,46.99331161535763],[4.765514761710478,46.99324262833199],[4.765208815840655,46.99324832685487],[4.765223482196758,46.99328590825038],[4.765181170039937,46.99317927110698],[4.764938011348592,46.99323305320236],[4.764717841530255,46.99325889884698],[4.764711333298928,46.99337957516995],[4.764775451422252,46.993376550242594],[4.764770846886326,46.99341851499826],[4.764766042085927,46.99345434996153],[4.764501509409031,46.99344817412572],[4.764500189857187,46.99345330951907],[4.764175843844325,46.99339900278136],[4.763833935003432,46.99376696871933],[4.763690032466318,46.993750769812856],[4.76367913493622,46.99382859215606],[4.76365672568573,46.99391987379245],[4.763637349313923,46.99401213570928],[4.7635856437738076,46.99412123700878],[4.763533298726794,46.99430187096046],[4.763510668864713,46.99438600543023],[4.763504377969735,46.994513828765754],[4.763490188256546,46.99471941955606],[4.763476918475289,46.99490763337214],[4.763477618736108,46.99492908314009],[4.763478685731316,46.99496176635735],[4.763489278342132,46.99501166689259],[4.763494418061309,46.9950320221673],[4.763511483861929,46.99509716039549],[4.763529950706054,46.99525117199702],[4.7635404867974085,46.995573890585284],[4.763540334799022,46.99566075240898],[4.763536009537413,46.995756863774226],[4.763530117774463,46.99585095479458],[4.763522172785944,46.99592771429825],[4.763514247826055,46.99600549113147],[4.763510088698342,46.99606073230869],[4.7635019442293025,46.996177344850416],[4.763492232533444,46.99624595421372],[4.763480380945732,46.99634013629629],[4.763466762989198,46.99642617724562],[4.763443999733971,46.9965981817731],[4.763417849944964,46.99675798135128],[4.763405378960102,46.99692472236187],[4.763408313737695,46.997060581722586],[4.763419306931115,46.99712274180427],[4.763442166176024,46.9971826762668],[4.763493137426322,46.99727998681115],[4.763671832333962,46.99762978179539],[4.763714898066594,46.99771392974],[4.763780736122323,46.99780896864751],[4.764036210854331,46.99813204047588],[4.764086868362976,46.99812819514811],[4.764133608182719,46.99791291211205],[4.764145839981807,46.99787593705275],[4.764177263140633,46.99778656192584],[4.764211719073261,46.997698158057865],[4.764231343993711,46.997659034679515],[4.764290444527689,46.997547775901324],[4.7643525513712595,46.99743748875765],[4.7644161580731295,46.997327187645084],[4.76448018506273,46.99723016339442],[4.7645412049887765,46.997132158440195],[4.76472316416437,46.996850425872296],[4.764816752423411,46.99669777169195],[4.764894575495833,46.99656579236817],[4.764942361844748,46.9964741224101],[4.764973230341334,46.99641335742822],[4.765010924424076,46.99633308085266],[4.765047098526879,46.99625180987208],[4.765077646390794,46.99618083734817],[4.765098636380973,46.99613760433807],[4.765145941458897,46.996031631650354],[4.765169016482429,46.995960773405585],[4.765194510726952,46.99587251524453],[4.765226629487565,46.995758597686184],[4.765272478986294,46.99560769996769],[4.765338469735984,46.99538802408201],[4.765408745729173,46.99516214972039],[4.765411398487484,46.995151896719555],[4.76543293978931,46.99508004421706],[4.765439711210916,46.99505848013462],[4.765479088210158,46.9949383275633],[4.76553231297608,46.9948762026811],[4.765627163885299,46.994762351733925],[4.7656573323413784,46.99472612863488],[4.765690533786766,46.99469088576087],[4.7657267544732305,46.99465660530821],[4.765764528786156,46.994624354358564],[4.765956939891925,46.994480399145786],[4.7660654042420525,46.99441743756977],[4.766137233856626,46.994376488112145],[4.7662764998377485,46.99429670059035],[4.766420137917363,46.99421377503072],[4.76651303504543,46.99413163511552],[4.766570597053344,46.99406535473625],[4.766652634148797,46.99397111525025],[4.766728945582426,46.99388412286936],[4.766701631349416,46.99382527481114],[4.766679805258134,46.99379699799767],[4.766625147143167,46.99372426758558]]],[[[4.764177940703502,47.00375176868694],[4.764017459061731,47.00350286566396],[4.763981228843426,47.00344517103244],[4.763937391913733,47.003383513104204],[4.763434892631711,47.00350154739264],[4.76281238369294,47.003648996851204],[4.76243442066128,47.00373855780115],[4.76237499699658,47.00374866000547],[4.76234799528151,47.00374498378663],[4.762326700843903,47.00373305230842],[4.762304959742815,47.00370783534591],[4.762284606600269,47.0035875788441],[4.762347245272681,47.00340167381459],[4.762316490934393,47.00332857649804],[4.762177192244298,47.00317948110594],[4.762050041200931,47.00303632390367],[4.762020653569248,47.00300509981137],[4.761976973465796,47.002902571246516],[4.761960940709707,47.002823116239966],[4.761924288464062,47.00266120532442],[4.761903349164385,47.00256854191635],[4.761863177565792,47.002390339491036],[4.761829102996778,47.002399036802906],[4.761825696299407,47.002385805511715],[4.761817256804907,47.00235630584045],[4.761850898250173,47.00233433184427],[4.761780294951796,47.00204726565327],[4.761764795640687,47.00198414767651],[4.761744243610984,47.00190374398061],[4.761737137414033,47.0018691087501],[4.7617268911799595,47.00182941526279],[4.761709858874756,47.00176530304242],[4.761685600631475,47.00166247786204],[4.761686908629982,47.00161136896436],[4.761699843413876,47.001549861188174],[4.761723679265387,47.001456514198374],[4.7617733082040665,47.001375030100114],[4.761810389892987,47.00132133078036],[4.761844451629785,47.00126665991579],[4.761876979897674,47.001210985809145],[4.761883720327611,47.00118840484822],[4.761885861815673,47.00111684943671],[4.761884017787102,47.000968716953174],[4.761882806820384,47.00083999093871],[4.761889222437078,47.00071625467386],[4.761893463390523,47.00066305669767],[4.761896804006669,47.000628261966774],[4.761904052580505,47.000530061953405],[4.761907406338684,47.000495267019836],[4.7619068609064215,47.000432947364985],[4.761901941911437,47.00037375639819],[4.761894770121306,47.00029110412879],[4.761886331588895,47.000215621669916],[4.761862172548287,47.00016183063952],[4.761753325441681,46.99989272002058],[4.761745586805875,46.999838687286285],[4.761716965442028,46.9996020689221],[4.761705641308243,46.999483709635925],[4.76170204287757,46.99941939229211],[4.761691861127835,46.999198837619026],[4.761658978408221,46.99906038264888],[4.7616434011772455,46.998949238742384],[4.761637649151856,46.99891050325386],[4.761630377852846,46.9988247815353],[4.761618087333244,46.9987227912054],[4.761554972927287,46.99857354965554],[4.7615355678969244,46.9985278630922],[4.761521002783911,46.9984933506855],[4.761493258914182,46.998421224776074],[4.761483499967663,46.998396851392386],[4.7614155456928815,46.998282427390755],[4.7613966070077876,46.99825103463734],[4.761377522221387,46.99821556455707],[4.7612937499093615,46.99807379765723],[4.761230469219497,46.997965426047514],[4.761092676728054,46.99772434077989],[4.761021672715093,46.99756194502572],[4.761005175220262,46.99751416971928],[4.761010415729498,46.99749161167085],[4.761019962705344,46.9974638726988],[4.761051104323401,46.99736530802543],[4.761056478032888,46.997346836500796],[4.7610712654244,46.99729653947106],[4.761083066604112,46.997246297017846],[4.76109338080906,46.99719606825022],[4.761095434922299,46.9971674259832],[4.761094402781129,46.99713576889942],[4.761091870534632,46.99710412570368],[4.76108426619509,46.9970541794039],[4.761059832789527,46.996900258655195],[4.761042083506188,46.996813679132984],[4.7610223336042985,46.99675778534011],[4.761002763287987,46.996706995001325],[4.760975320639253,46.99664405911328],[4.760955970248219,46.99660041588895],[4.760946311644021,46.99657910284106],[4.760922921337367,46.99654881358858],[4.760893404373181,46.996513493614685],[4.760819192846321,46.99643595277906],[4.760704925957588,46.996321208398385],[4.760674009811596,46.9962889896486],[4.760612210196144,46.99622555125253],[4.760524087844354,46.996133912514225],[4.76038061913152,46.99599305571157],[4.760345017119461,46.99595476651483],[4.760216701084612,46.9958208288318],[4.761360532049874,46.9952669354663],[4.761327716607576,46.995222480185625],[4.761255892996273,46.995126504631365],[4.761223077431893,46.995082040317754],[4.761190262215005,46.99503758499536],[4.761123012112756,46.99494461047982],[4.7610948827142705,46.99490620745314],[4.761030785668375,46.994818290963735],[4.760999603741559,46.99477789922496],[4.760970107991038,46.9947436055846],[4.76093448638241,46.99470429922155],[4.760869489258062,46.99463478591115],[4.760684381414271,46.99449967108953],[4.760595686932347,46.99443562542189],[4.760387657257485,46.99428451462924],[4.760317201117371,46.99423041191151],[4.76024521194839,46.99417530589477],[4.760177675819371,46.99411911426747],[4.75997973029128,46.99391062705345],[4.759924126778678,46.99385425327495],[4.759862331121975,46.993790823428995],[4.759616621125896,46.993903899245296],[4.759420752902729,46.9939886302528],[4.759270433491786,46.99405018836964],[4.759137732289805,46.99410228292483],[4.758839333183443,46.994202876965396],[4.758697439267332,46.99424795163709],[4.758265537961522,46.99437612787964],[4.758120690185234,46.99442227347892],[4.758034977289355,46.99445014605799],[4.757918393063983,46.99449279885667],[4.757835732773309,46.99452266905804],[4.757687897611545,46.99456885060481],[4.757574099745469,46.99460532776215],[4.757551808387902,46.99460872921463],[4.757413488275545,46.99462616356554],[4.757243793555682,46.994689040702696],[4.7571472022860695,46.99470379495736],[4.757047690791588,46.9947206288711],[4.7569393867916325,46.994742720782476],[4.756832615240913,46.99476579788991],[4.756739142967871,46.994784592869735],[4.756618959480205,46.9948089006084],[4.756482437143573,46.99483550121487],[4.756364522424686,46.99483729608482],[4.756178765051954,46.994865672379056],[4.756029062888939,46.99490065014986],[4.755862855543837,46.99493280796068],[4.755558545789681,46.994989553796664],[4.755413328706785,46.99502445351335],[4.755271164485833,46.995061359888794],[4.755139399269571,46.995097081269606],[4.755152048087304,46.99507236654049],[4.755189059266521,46.995062608820284],[4.755638221697746,46.99495973066798],[4.755753986266007,46.99493753548034],[4.755869850219533,46.994918400577895],[4.755911446753543,46.99491163476214],[4.756049568807796,46.994888072409154],[4.756169640074765,46.99486070506298],[4.756295915996171,46.99484038461916],[4.75637316949568,46.99482796971222],[4.7565355141215075,46.99481425946417],[4.75659641564639,46.994804137606245],[4.756820271435519,46.9947537291571],[4.757171881847773,46.99468195869918],[4.757300611832634,46.99464525453936],[4.7573877124410355,46.99461429946591],[4.757540685124708,46.994588464845904],[4.75761047872311,46.99457616272526],[4.757783458341054,46.99452243875708],[4.758004761594978,46.994439367376984],[4.758152629236834,46.99439420255539],[4.758340406309184,46.994336163702876],[4.758687848791232,46.99422869065218],[4.758851847039959,46.99417407529003],[4.759151552883933,46.9940683460856],[4.759372619398917,46.993978125137296],[4.759468676634812,46.9939470318849],[4.759710013974928,46.993837084998],[4.759774621319764,46.993803400181264],[4.75970597241646,46.99352958579507],[4.759695782661586,46.99349193548852],[4.759630990856067,46.993382568380504],[4.759534387253432,46.99321340254138],[4.759516017289998,46.993199381699114],[4.759509911672585,46.99319538623985],[4.759490164385263,46.993139483118796],[4.759447331546311,46.993016506731905],[4.759409583193952,46.99291183332558],[4.759393288190089,46.99287018751959],[4.759352474404242,46.99276352555837],[4.759326435700356,46.992697505931105],[4.759238350324692,46.99246894378339],[4.759238885587854,46.99243930703763],[4.7593443393370825,46.99219246630917],[4.759325889776752,46.9921763933636],[4.75914127697244,46.99219351811119],[4.759056435881419,46.99220196205971],[4.759028306274893,46.992209541387155],[4.758636786088032,46.99229316518818],[4.758630547893161,46.99228509214606],[4.758308220223305,46.99192522173768],[4.758256973341202,46.99186469222307],[4.7581808402044965,46.99177389568206],[4.758057647350246,46.991613301917745],[4.757968386821073,46.99148591718604],[4.757897695095916,46.991378683298834],[4.757694578194146,46.99142367198892],[4.757498953164185,46.99146957284314],[4.757298987775549,46.99151961902299],[4.756836891067779,46.99163701114737],[4.756688584972325,46.99166889777077],[4.756589258328477,46.99169084378013],[4.756118956218789,46.991785879812355],[4.755896465755851,46.991832177787096],[4.755791385551767,46.99186137014214],[4.755553744454548,46.99190074751506],[4.755571589126434,46.99194441452859],[4.755581696157179,46.99198002214789],[4.755598386085809,46.99203391912333],[4.755623199013028,46.99210813530416],[4.755682797203836,46.9921041665482],[4.755732926963526,46.992221926994915],[4.755736145747283,46.992229037500444],[4.7557510646911325,46.99232076707977],[4.755756745676798,46.99235746867479],[4.755768313360288,46.99243801020535],[4.755777372891928,46.99253289986107],[4.7557788333579065,46.99257783379112],[4.755778276291122,46.992606453185104],[4.755777613588726,46.99267798605832],[4.755781298413285,46.9927913560135],[4.755755464374004,46.99282342195383],[4.755757821232257,46.992895935517026],[4.7557521474512825,46.992905216609365],[4.7557513449199735,46.992926689257985],[4.755748531816083,46.99297782105098],[4.755708356886933,46.9929825209234],[4.7557065785767225,46.993019327009115],[4.7557035530426655,46.993064329191554],[4.755713773285937,46.99310300599099],[4.755762893907722,46.99309816999613],[4.755766345042103,46.993112427440785],[4.755772610088373,46.99316750064697],[4.755780806681444,46.99323583678178],[4.755765019591546,46.99325549316228],[4.755751097314939,46.99328636020038],[4.755724095362343,46.99332866529461],[4.755709927600029,46.993352385585716],[4.755708972029875,46.99336874535731],[4.755713943793976,46.99347595386169],[4.755709134276965,46.99360375398928],[4.755672981251448,46.99368604824648],[4.755635374605968,46.99376938224258],[4.755611790110919,46.99382491861415],[4.755574382490507,46.99391438239326],[4.755568675514747,46.993922646339705],[4.7555620129123515,46.99394727005319],[4.755544068848761,46.99399249919305],[4.755536271865439,46.994028388201095],[4.7555048635495485,46.99416476107901],[4.755498154384966,46.9941883588521],[4.755470070636489,46.9942889287643],[4.755457767018036,46.99432385067661],[4.755438854209073,46.99438544876015],[4.755591269992419,46.99438823609822],[4.755582882444579,46.99445171834619],[4.755377621678002,46.994477319181684],[4.755369372881251,46.99449890509248],[4.755336191918795,46.99458115399049],[4.755307078669584,46.99465005768876],[4.755304357622283,46.99465826719037],[4.755276923212324,46.994687295416526],[4.755204480918412,46.9946638750398],[4.7551957541242595,46.99467115825685],[4.755153766096306,46.99471164685782],[4.755079990122166,46.99478531839391],[4.754966422235446,46.99482893991681],[4.754749585667328,46.994911937439056],[4.754538350046141,46.994937627606255],[4.754400167888009,46.99491316203049],[4.754359938197476,46.99491581796164],[4.7543383027190105,46.99498562533154],[4.754368418591896,46.99499334456788],[4.754379499392224,46.9951505314508],[4.754382491856364,46.995196468693464],[4.754386764792126,46.995282236373036],[4.754518251309611,46.995330299469394],[4.754561580533426,46.9953306672775],[4.754684533405025,46.9953461695127],[4.754708982091384,46.995317186846655],[4.755136891144122,46.99529535135863],[4.7551306794596195,46.99533426911281],[4.755289269847043,46.995343095805254],[4.755625496847229,46.995303245981646],[4.755804972846951,46.995357736951],[4.755859245541352,46.995373256333075],[4.755912051855578,46.99538982464622],[4.756133503708847,46.9954487825447],[4.756307889873259,46.995483934063],[4.75638454099361,46.99549911258694],[4.756511855951757,46.995556440696774],[4.756519448230525,46.99556041368176],[4.756628546260782,46.99560882421813],[4.756735393822637,46.99563376421243],[4.756852687282596,46.99565854506816],[4.756948922947059,46.99567853123569],[4.75693433153771,46.995734957564046],[4.757038146557358,46.99575891681395],[4.757420324476631,46.99584608000021],[4.757428572659608,46.995824493952156],[4.7574716654718,46.99572574825826],[4.757579933791659,46.995748621561006],[4.7576927417116135,46.99577346989325],[4.75779501747655,46.99579541664136],[4.757841619121105,46.99580491912227],[4.757891240870399,46.99581541122382],[4.757897279875696,46.99581735449789],[4.757951720023435,46.995837985559945],[4.758060587287679,46.99587924780709],[4.758115127169533,46.9959029391903],[4.758150182368742,46.99592488314735],[4.7581775917905125,46.99594081075217],[4.75818833677438,46.995949841788544],[4.7582540873497,46.99599686700292],[4.758358045964842,46.996070894229604],[4.758431422445048,46.99612290933629],[4.758451259796465,46.99613589035057],[4.758538401374262,46.99619791702153],[4.758604152263158,46.996244933031555],[4.758637821180836,46.996269968893756],[4.7586500995071335,46.99628000316191],[4.7586546722093095,46.996282995387205],[4.758663930705503,46.99629204903562],[4.758674675840528,46.9963010800257],[4.758680881389341,46.99630813592288],[4.758744577501831,46.996383803083916],[4.758874400941859,46.99656370214562],[4.758781345410474,46.99659577569258],[4.758817744820308,46.99665857554536],[4.758888245677837,46.99675967889232],[4.758702126748117,46.99682279939498],[4.758775371520686,46.99687072774016],[4.758790623312326,46.996880716673594],[4.758885405405589,46.99694773283244],[4.758921931480232,46.99692265373354],[4.758874716720283,46.996894762507566],[4.7588825118995155,46.99685887330698],[4.758978175606503,46.99681552990231],[4.758993939173745,46.996840829594326],[4.759047576109819,46.99692890659744],[4.758930787726505,46.99696543059026],[4.758908728500447,46.99697598823017],[4.758975674896696,46.99710575660347],[4.759064890627105,46.99727707967832],[4.759095251020507,46.99733791821548],[4.759230657597597,46.99732257065875],[4.759248108034123,46.99735398644191],[4.759295453317999,46.99743193785337],[4.759358260806318,46.99757199050475],[4.759401378747507,46.99756621790205],[4.759439066535559,46.997622865079585],[4.759498517436873,46.99761379049948],[4.759508241920408,46.99763713792447],[4.759543775221539,46.99771936690483],[4.759568063690568,46.99777723598967],[4.759522012199842,46.99778508865544],[4.759579180168674,46.99793543956455],[4.759418706132831,46.99796037346473],[4.759435887607491,46.99802958996164],[4.759453248822361,46.9981039189142],[4.759493513769283,46.99810227834166],[4.759500584606167,46.9981358876198],[4.7592533603653,46.99815702876939],[4.759296263683131,46.99828205729057],[4.759491277274673,46.998262738787716],[4.759519384030449,46.998346089630694],[4.759563874505374,46.99847415577116],[4.759449437529023,46.99849122822854],[4.759451656358879,46.99851368146102],[4.759454120859688,46.99854327241363],[4.759472111403974,46.99868298164922],[4.759482066452902,46.99875946778616],[4.759437314299959,46.998761167756705],[4.759407139419981,46.99879738918273],[4.759402819531341,46.998802570244166],[4.759406936968005,46.9988372421861],[4.759414729590829,46.99884734476677],[4.759466821695692,46.9988414443377],[4.7594934954103065,46.99892686130321],[4.759441449808207,46.99893378767583],[4.759456745854197,46.99899077623663],[4.759467235848143,46.99903761668206],[4.759404730532615,46.99904470251433],[4.7594099822349705,46.99906812713951],[4.759408615186935,46.99907222753257],[4.759412267335823,46.99909261463072],[4.759431317716264,46.99912705889374],[4.759562275658687,46.99911280549209],[4.759565006498391,46.99915056948926],[4.759570544510617,46.99918318449045],[4.759581367164712,46.99924023223689],[4.75959189074374,46.99928809879935],[4.7597228821719915,46.99927486234715],[4.759733106467829,46.99931353871348],[4.759529262509517,46.999337080758224],[4.759544092826501,46.99937976645892],[4.759577239506093,46.99948042128647],[4.759608533329876,46.99956985632464],[4.759785343091746,46.999587602970294],[4.7598104978106734,46.99967202538315],[4.759880596902192,46.999668912091174],[4.759891642356548,46.99968713313934],[4.7598623966212745,46.99979793412811],[4.759850594042146,46.999848185416425],[4.75982413504361,46.99995281105627],[4.759829806148845,46.99998950356032],[4.759837709472115,47.00004864907701],[4.759910271516758,47.000121109471976],[4.75992311173627,47.00024046336685],[4.759940984352059,47.00037609472927],[4.759945202268746,47.00041383602817],[4.7599496399137635,47.00045872444378],[4.759961162454297,47.00053723088302],[4.75993967827714,47.00061112550001],[4.759973971748854,47.0006095758578],[4.759997064107475,47.000630684086104],[4.760038409104734,47.0006617263137],[4.760040106520679,47.00071381598956],[4.7600424917042785,47.00074136384749],[4.760048052007507,47.000865943935935],[4.75997828398152,47.00087926463616],[4.759983955582027,47.000915966122854],[4.760047949748723,47.000908857305895],[4.760074505684992,47.000990196357414],[4.760111262476963,47.00106422935235],[4.760152929799442,47.001059505282804],[4.760190520782811,47.001113082758394],[4.760193707241932,47.00111916698796],[4.760211425530292,47.001158746631816],[4.7602323745385045,47.0012514101883],[4.760237380442524,47.00126767904448],[4.7602559976507965,47.00133483820702],[4.7602795008082195,47.00141417949548],[4.760326316676345,47.00152177604774],[4.76040337901243,47.001503228686175],[4.760449553292214,47.00149945339988],[4.7604754444150785,47.00156036873436],[4.760500234971238,47.001633557508356],[4.760506741224263,47.00164981247019],[4.760534205867272,47.00171376569887],[4.760555244051172,47.00176350702177],[4.760539023434657,47.00176988730651],[4.760587939223624,47.00189584120394],[4.760660103687038,47.00200203326818],[4.760640896269893,47.00200845913371],[4.760642762411325,47.00201966968306],[4.7606342349823105,47.002033083075986],[4.760448787813747,47.00207167347936],[4.760471623690663,47.002176564847446],[4.760527992628791,47.00216446592091],[4.760538939053507,47.002179626502176],[4.760549985536713,47.00219785647374],[4.760554971332904,47.002213098979595],[4.760541704179465,47.00221841656974],[4.760548596687041,47.00224692228904],[4.760565862531533,47.002272198839705],[4.760543634802184,47.00227764412218],[4.760549994780558,47.00228981275788],[4.760591073168388,47.00235866447055],[4.7605989128344035,47.00236978388873],[4.760644531815449,47.002440619594275],[4.760683857195861,47.0025013209122],[4.760690097170824,47.002509402817985],[4.760729442947152,47.00257113045048],[4.76077188881258,47.00263588168854],[4.760826435130559,47.002705554475455],[4.760915055048824,47.00281251293899],[4.760935627970623,47.00284796035654],[4.760938847778908,47.00285506169151],[4.760983979527669,47.002956550834156],[4.760888395285588,47.00295699167585],[4.760866588407021,47.003112635369334],[4.760844903036627,47.00322638304293],[4.760811060155675,47.00342512213388],[4.760781679441223,47.003577819426454],[4.760741541736798,47.003629520686225],[4.760661133171155,47.00372884564344],[4.760606373788586,47.00378996465408],[4.761245455902686,47.00392121440304],[4.761139744349053,47.004068943802515],[4.761323896630089,47.00408248769921],[4.760742097280283,47.00442549187059],[4.760256423777157,47.004647468316826],[4.760282671206223,47.00467363455111],[4.760402449583067,47.00477399430971],[4.760478094104509,47.0048034865607],[4.760503442986027,47.004802082250166],[4.760776946501357,47.004761121883625],[4.7612347385735525,47.00469180871549],[4.761238879457439,47.00468153315151],[4.761262108229183,47.00466073590811],[4.761395266880786,47.004850802564576],[4.761832283974463,47.00478589264546],[4.761959514821577,47.00474818897811],[4.7621151475489825,47.00471106915852],[4.762143303261274,47.00470450643845],[4.762566383985542,47.00457849621696],[4.762740924215046,47.00452576821224],[4.762929584965454,47.004448292923534],[4.763071815650711,47.004458385864744],[4.763096744524678,47.004581634235194],[4.763013771656179,47.00460231789002],[4.763064482658548,47.004737438067224],[4.763080184042733,47.004760702880205],[4.763132701724803,47.004768077681554],[4.763288900595526,47.00474831946702],[4.763417417056589,47.00470446170326],[4.763537306251177,47.00467095700651],[4.763672562988909,47.0046504916311],[4.763836922481865,47.00465206836177],[4.763993741456256,47.004651715835394],[4.764150540362197,47.0046503457669],[4.764307225831713,47.00464590630085],[4.764339801398221,47.004637231195396],[4.764352981951011,47.00462885258708],[4.76437551336593,47.00449567513568],[4.76439367122094,47.00436563545497],[4.764359500218043,47.00405144718975],[4.764286758539399,47.0039278943226],[4.764177940703502,47.00375176868694]]],[[[4.763954081904515,46.99817825211309],[4.763822830867854,46.99800042464333],[4.763788445182363,46.99795394976487],[4.763753972486033,46.997904405281496],[4.763683674335692,46.99780943452807],[4.763568131510698,46.997655889062074],[4.763585716935425,46.997645398897674],[4.763565444313763,46.997619142070825],[4.76352094577587,46.997537060250906],[4.763434535053146,46.99736058234056],[4.7633435186518795,46.997180095186515],[4.763335412095383,46.9971148290696],[4.763324904860888,46.996976023507244],[4.763368284045234,46.996474682670744],[4.763382955379553,46.996375342308724],[4.76339794013168,46.996285200923914],[4.763417430793903,46.996195999307176],[4.763424342778129,46.99608759174489],[4.7634290817037375,46.99604970460359],[4.763443486282727,46.995942200169395],[4.763453384285999,46.995833737956225],[4.763444967878965,46.995484411324725],[4.763394936380166,46.995186818696496],[4.763395589345895,46.99516125968429],[4.7634067681427235,46.99513759310291],[4.763418080042914,46.995118004046226],[4.763418899902554,46.99509755769285],[4.763411026587678,46.995039429458615],[4.7634082397201745,46.99499962203792],[4.763405206388084,46.994952667895404],[4.763406692363203,46.99490666232565],[4.763413956512286,46.99471752266318],[4.763417328649384,46.99463777109916],[4.763420581159664,46.99459991566047],[4.76344703513615,46.99431238411537],[4.763457766485284,46.99422945814637],[4.763501100377847,46.994138874407625],[4.763531802835667,46.99407301510703],[4.763571564023381,46.99401007926553],[4.763587081659461,46.99398224876508],[4.7635896867882,46.99387901313978],[4.763599331226083,46.993808360451915],[4.763436571151447,46.993808803721855],[4.7634359708283345,46.99379041434202],[4.76343692406617,46.993774054508734],[4.763365346263768,46.99377719268456],[4.763260565800476,46.99376959914404],[4.763155738718351,46.99376097957646],[4.7631213495022084,46.993759460769894],[4.762797616400661,46.993769522213555],[4.762314362657843,46.993788143081936],[4.762206895841231,46.99378978438696],[4.761982603444624,46.99378094390959],[4.7619483894096115,46.99369359821484],[4.761938530996274,46.993666155434006],[4.7619240332880794,46.993633677288585],[4.7619080693508975,46.99360224817446],[4.761879307421419,46.993544447802286],[4.761866529442302,46.993519093878156],[4.7618297746577225,46.99349104413552],[4.761456168499489,46.993528430011246],[4.760775599859132,46.993586835529456],[4.760631244253558,46.99360232161666],[4.760494427428189,46.99361973678222],[4.76035614423709,46.99363820079922],[4.760217960382529,46.99365971604822],[4.760035494800141,46.99369724320308],[4.759964482610105,46.993717742533924],[4.759876084906657,46.99375485223427],[4.759913005133009,46.99378800626232],[4.7600100352042265,46.99387849195363],[4.76009685271502,46.993976274824874],[4.760208280198662,46.99409616931465],[4.76034645180214,46.99421156713239],[4.760627824497195,46.994413683610475],[4.760753220119291,46.99450372687477],[4.7609093322200975,46.99461987691898],[4.760955678650352,46.994667187739275],[4.760999025961687,46.99471455331812],[4.761037880118632,46.99476096081105],[4.761312807109945,46.99513175974411],[4.761404868326747,46.995252975361105],[4.7614220860135354,46.995277234909636],[4.760294454335028,46.995823731290514],[4.760395107272501,46.99593356855565],[4.76043222908116,46.99597285218872],[4.7605760108652255,46.996122907918505],[4.760661166863634,46.99621560951702],[4.760718426570113,46.996277063874196],[4.760750876269081,46.99631029486101],[4.760931948751388,46.996504737302985],[4.760978496657458,46.99655817787774],[4.760998867691143,46.9965875045645],[4.761016285171017,46.99661788495398],[4.761030749973494,46.99664934605099],[4.7610355558455835,46.99665948510479],[4.761092793746649,46.996811887583526],[4.761106670608258,46.99687093291586],[4.761117860971073,46.996939223011665],[4.761142359873706,46.99714116982862],[4.761140605429171,46.99717900228209],[4.761137364322288,46.99721685742439],[4.761130936873764,46.99724862835497],[4.761098608441788,46.99735640592735],[4.761052612860127,46.997503224377176],[4.761051479282425,46.99751448071413],[4.761069510099675,46.99756325925699],[4.761123883661929,46.9976738021694],[4.761282547119173,46.99795952499805],[4.761336335310436,46.998051687230756],[4.761393243473643,46.99814789037517],[4.7615198259087625,46.998365641695315],[4.761539164231032,46.99840928500121],[4.7615719142051525,46.998497679712685],[4.761669078776956,46.998729163250815],[4.761672364223448,46.99878429063158],[4.761678182052848,46.998871052175396],[4.7617019640045894,46.999050522665435],[4.761718929093906,46.99911260068226],[4.761744906081948,46.99922255015889],[4.7617504366851815,46.99934610409481],[4.761758353610963,46.99949721486017],[4.7617607519944505,46.99957074527548],[4.7617661369942,46.999644230093395],[4.761774542092698,46.9997186954448],[4.761785787086724,46.99978901987447],[4.7617993117565645,46.999882823208445],[4.761848348918638,47.00001286337177],[4.7618647477991365,47.00005756912689],[4.761925211420654,47.000217072341336],[4.761945063355854,47.000276026308505],[4.76194612952946,47.000308709483775],[4.761951248530469,47.00037403023284],[4.761955034128593,47.00044447753276],[4.761959199055674,47.00052614906312],[4.761954758506637,47.000573226262716],[4.76193931547812,47.000741029841414],[4.761936840467254,47.00084836072433],[4.761936910307515,47.00103329929967],[4.7619373546867205,47.001184524070986],[4.7618818112960835,47.001313089926136],[4.761857596880293,47.001349220966475],[4.761757365740756,47.0014815399065],[4.761712688747376,47.00162323207706],[4.761713055159344,47.001634465508054],[4.761716674880748,47.001653826385706],[4.76172176107388,47.00167213823479],[4.761762519135228,47.00182274754343],[4.761782924703822,47.00189906491894],[4.761801843833116,47.00197541398794],[4.761817376363953,47.00203954908931],[4.761900139049027,47.00237853618106],[4.761920845120524,47.00246405268737],[4.761946504297196,47.00256379450243],[4.761970477078621,47.002657438231374],[4.762008382818107,47.00281217052374],[4.762039149060607,47.00293125046689],[4.762063476024169,47.00299014505955],[4.762065196012923,47.002997269264874],[4.762144305110883,47.00308700018146],[4.762271256512914,47.003224027500835],[4.76232715884065,47.00328959034369],[4.7623828407042295,47.003393979777194],[4.76234263025963,47.00353457725539],[4.762327909016969,47.00358691760555],[4.7623319156754595,47.0036185292032],[4.762336369018668,47.003663426280845],[4.762338635314888,47.00368688734702],[4.762352735927552,47.00370710578413],[4.7623890646928535,47.00372187858834],[4.762421573627464,47.003711169764266],[4.7627741215312875,47.00362097041253],[4.762802256554698,47.00361339019984],[4.763227514300143,47.003508804512734],[4.763919770411526,47.00334700344817],[4.763900915582522,47.00331868074547],[4.763880473703779,47.0032873113766],[4.763803814702296,47.00318119894424],[4.76379870730809,47.00316186086513],[4.763778831936532,47.00310188094097],[4.763772124637724,47.00307950539795],[4.763748615625805,47.0030001648634],[4.763728106629843,47.00292077847461],[4.763710571321376,47.002841346635314],[4.763666686290014,47.00264072345641],[4.7636364029103415,47.00249098133675],[4.763631467343305,47.00233983420335],[4.76363310549098,47.00220697610269],[4.763620366396436,47.00181684866566],[4.763617050861472,47.00166975629462],[4.763613682076986,47.00152062945734],[4.763614906774106,47.001375511966835],[4.763616426253612,47.001330532619626],[4.763600615313498,47.00102934664597],[4.7636000143620665,47.00096498354914],[4.76361707299619,47.00084721732158],[4.7636315248497585,47.000740729957975],[4.763642457055289,47.00066392492138],[4.763652202861128,47.00059634177341],[4.763655642566122,47.00056461638124],[4.763659595378248,47.0005482017349],[4.763675967347545,47.000454968322686],[4.763678507310722,47.000441646189714],[4.763695045869231,47.000353516421],[4.763713904393529,47.000244926403354],[4.763745061846999,47.000101395647405],[4.763749567813141,47.00005637063308],[4.7637510201273505,47.000009339003675],[4.763757331429851,46.99988254221211],[4.763773136032706,46.999771945553995],[4.763811484755196,46.99952818013505],[4.763825721564901,46.99936958033616],[4.763827807821179,46.99934196417139],[4.763839591747149,46.99919975609558],[4.76385870101516,46.999007364676174],[4.763877345113302,46.99889263600222],[4.763899055575161,46.99877990472994],[4.7639237527942555,46.99866713679919],[4.763996191832001,46.99841569062191],[4.764013229579904,46.998342880708016],[4.764007808141422,46.99826836983306],[4.76397797411906,46.99817788689219],[4.763954081904515,46.99817825211309]]],[[[4.767164593160145,46.99414515406552],[4.7667922523388375,46.99399349993684],[4.76673061848239,46.994072099486786],[4.766590471909491,46.994216282545196],[4.766558437262716,46.994241295412436],[4.766186306731333,46.994461560935136],[4.766005227546406,46.99458695355077],[4.765872901176262,46.99469626313762],[4.765807798427798,46.9947606142448],[4.765745761516829,46.99482695367518],[4.765676819866861,46.994910779645075],[4.765648191548198,46.99494902346329],[4.765625615829625,46.994989218943985],[4.765607546272649,46.9950303631084],[4.7656034740396755,46.995042691124546],[4.765576147466942,46.99512076503681],[4.765520254229792,46.99528408229785],[4.765417392649942,46.995609562512364],[4.76536176583267,46.99578106172016],[4.765329246388986,46.995882710742364],[4.7652873493897925,46.99601721174638],[4.765253730525015,46.996131143254665],[4.765231921471947,46.99619482265224],[4.765205593214933,46.996257562543015],[4.7651887891481275,46.99629153676649],[4.76515802067864,46.996355353199334],[4.765090945093473,46.996496372102904],[4.765019315858868,46.99663540731886],[4.764941693280407,46.996773516508604],[4.764920469396122,46.99680960256633],[4.764850757900427,46.99691590880327],[4.764781012898718,46.99702119786426],[4.764745403693855,46.99707385814549],[4.7647111807960965,46.997123426286656],[4.764639982118906,46.99722976412203],[4.764572922553295,46.99732581720078],[4.764395600869064,46.9976125847467],[4.764378562418055,46.99763941192328],[4.7643273871331395,46.997718867707604],[4.764307363500276,46.99779172334398],[4.764286000848869,46.997914661832766],[4.764279262125525,46.997937251958916],[4.764222010161582,46.99815066049956],[4.764215350981982,46.99817528467905],[4.764158230723139,46.99834679689324],[4.764112808482495,46.998464996934416],[4.764108622245289,46.99847425569332],[4.764040355603865,46.998670460586375],[4.764033796227227,46.99869814514203],[4.7640144388472185,46.998791424311634],[4.764005341899187,46.99892439659765],[4.763985467050043,46.99913927783919],[4.763979274748866,46.999178204821355],[4.763934115120884,46.999487473409324],[4.763917777401261,46.99958173301796],[4.763905945883572,46.99967693237392],[4.763901686929467,46.99972911311027],[4.763889337049652,46.999899940735276],[4.76386730665527,47.00004843823938],[4.763855175119238,47.00013445640748],[4.763826452384834,47.000352534674875],[4.763809361147887,47.000469283822824],[4.763796129570523,47.00056757545536],[4.763780291272962,47.000677145957845],[4.76377039303861,47.00078560803014],[4.763742518184992,47.001121178792495],[4.763730600432436,47.00125930925281],[4.763725441466534,47.00132989321253],[4.763726275954703,47.00140140320799],[4.763731130319065,47.00145855081821],[4.763756017222575,47.0018546254771],[4.76375351134419,47.00191494748284],[4.763750825638343,47.0019701660418],[4.763748153084451,47.00202538439866],[4.763745947302702,47.002094896564934],[4.763742275979301,47.00221144052734],[4.763751717997624,47.00231756268069],[4.763765547465979,47.00246652960976],[4.763773421950912,47.00252464867982],[4.763781096567371,47.00257664697401],[4.763786870872903,47.00261640864078],[4.763801219261743,47.00268975634747],[4.763813734374902,47.00275291968502],[4.763828249510851,47.00283137103024],[4.7638432843717515,47.0028801859051],[4.763878161437702,47.00298796356256],[4.76389744974641,47.00302956294908],[4.763915204888203,47.00307016812952],[4.764006532155906,47.00321386192191],[4.7640316476278235,47.003251283660994],[4.764091285925026,47.00333926662833],[4.764166579505937,47.00344949731025],[4.76420424287701,47.003505116694875],[4.764248246926325,47.00357187816262],[4.76437231939464,47.003757991915876],[4.76441317028633,47.003819695335594],[4.764491366461494,47.003972793254555],[4.764519517428851,47.0040571688554],[4.764523638844378,47.004091849557085],[4.764533168270333,47.00415505845494],[4.764536723703925,47.004218349684315],[4.7645353719492105,47.00426844164453],[4.76452704134336,47.00437892397859],[4.764509970419769,47.00449669040754],[4.764486652966885,47.004651331311116],[4.764996057771257,47.00460778062841],[4.765115441215427,47.00446699795126],[4.765138021274779,47.00442680269302],[4.765188418581601,47.00427787126086],[4.765239583179877,47.00415242374856],[4.765270153432429,47.00403649496843],[4.765273341227844,47.00390565743153],[4.765785152521586,47.00375273794899],[4.76577385713154,47.003727361791604],[4.765760887959623,47.00369588741185],[4.765502848673858,47.003752968394814],[4.7654815843973655,47.00369607190533],[4.765198595091194,47.0037208344319],[4.765180939089038,47.00368329884338],[4.765127239045664,47.003594207955885],[4.765223009401723,47.00355391085297],[4.7652019973160025,47.00345920481304],[4.765199460513353,47.003381588047304],[4.765196992644507,47.0033519972636],[4.765192201198376,47.00325091027945],[4.76513261178696,47.003255910262595],[4.7651162071541595,47.00316522228894],[4.76510551112866,47.00311225264737],[4.765069429865036,47.002967705732225],[4.765073988584513,47.002924724166554],[4.765078526919351,47.00288071626952],[4.7650888235679725,47.00278451370379],[4.765089907667727,47.00272624868266],[4.765090373046004,47.002694568749874],[4.765224089162723,47.002627133620706],[4.765172293118476,47.00245932237786],[4.765126651443795,47.00229654118278],[4.76493211085343,47.002285206575685],[4.764918226511305,47.00218017906267],[4.764912037650052,47.00212815809954],[4.7648334409472435,47.00209973153236],[4.764796211434249,47.00205738000453],[4.76492807438488,47.00202471726754],[4.764908531725284,47.00197494480571],[4.764887222380587,47.001917031246734],[4.7647295787267465,47.001937831506346],[4.764729296775788,47.00188367592619],[4.76472722805531,47.00182036191949],[4.764865898060469,47.00181313513492],[4.7648832190945,47.0014746545547],[4.7646989430133315,47.00150301256215],[4.764697808684975,47.001468295167385],[4.7648110137989965,47.001367447984165],[4.764759652450592,47.001349843910006],[4.764929960260142,47.00130534518424],[4.764932479580035,47.00129099669624],[4.764939437496497,47.00122958890685],[4.764766827375553,47.0012036177229],[4.7647658594735915,47.00117399497078],[4.764833926481866,47.00115456453971],[4.764919481350154,47.00116755708306],[4.764968541418317,47.00097777841559],[4.764824499255801,47.000957503243484],[4.76483726354689,47.000890891455924],[4.765005219328149,47.00091182751053],[4.765064938798286,47.00072800958296],[4.765130703081623,47.000501187271425],[4.765177907935637,47.00030019779005],[4.764867320493911,47.000256921062146],[4.764884357648405,47.0001841110628],[4.764930811006463,47.00018851581972],[4.765085097494891,47.000202501302056],[4.765100382570254,47.00016752374653],[4.765176455270941,47.0001643158746],[4.7652908590599825,46.999963316049914],[4.765257685747099,46.99995361110403],[4.765112413116998,46.999941523264404],[4.765037106432893,46.99992224130051],[4.765011292865315,46.99990935279351],[4.765003098720658,46.999887000038164],[4.7651727849023775,46.99991505982306],[4.765159234283126,46.999820239555035],[4.765228866812511,46.999665907391936],[4.765161220441042,46.999652632172],[4.765170645567724,46.99962081515659],[4.765078906406337,46.99960178457814],[4.76512532671243,46.99946824131072],[4.7652120117324355,46.999469977274444],[4.765239626045388,46.99935511114138],[4.765125207289458,46.999327232767314],[4.765130533110469,46.99930773513545],[4.7651500061300185,46.99930948155649],[4.765401735271965,46.99933424173396],[4.765502701035183,46.99908746435861],[4.765529084252016,46.99902677691934],[4.765470463024229,46.99896943426819],[4.765551140756471,46.99883332238658],[4.765559165688711,46.998804588667824],[4.765576769017356,46.99874914174131],[4.76561422771124,46.998615735323135],[4.765636769185311,46.99852853996435],[4.765665768763054,46.998410590557626],[4.765676466530442,46.998372621161465],[4.765686709886341,46.99832034874143],[4.765710236997868,46.998217810661],[4.765728572123586,46.998138856760065],[4.765754551230236,46.998019926883735],[4.765784482488354,46.99788459126496],[4.765793693392881,46.997846644600685],[4.765934941522975,46.9978730940681],[4.766008305104759,46.997650243209215],[4.76592974759352,46.9976228344772],[4.765930330112572,46.99754925839916],[4.765949799737984,46.99750502187345],[4.765963617217618,46.99747109325674],[4.765983487313632,46.99743910728659],[4.766000658512526,46.9974163663925],[4.766083282559713,46.99733949042593],[4.766101886694049,46.99731468330107],[4.766117471078414,46.99728890475162],[4.766122996765769,46.99727553684298],[4.766147871347624,46.997213845648176],[4.766153343366508,46.99719843427577],[4.766094626011427,46.99718400533459],[4.766145114285213,46.99703814252884],[4.766191549854872,46.99690561605372],[4.766188310576304,46.996806549407474],[4.766177144404122,46.99669330310678],[4.765974363205652,46.99665758328031],[4.766032059318051,46.996549406918646],[4.766085888897812,46.99655164499009],[4.766084486557809,46.9965087545092],[4.765905784508134,46.99647878988156],[4.765920400295036,46.99642338856398],[4.7660329596936455,46.996440064493356],[4.766038931202902,46.99630305112518],[4.7659005066969184,46.99627145241615],[4.766017722941327,46.99624819806063],[4.766045534306823,46.99613946140005],[4.766066841489171,46.99606046188753],[4.7660276305207905,46.996048796302055],[4.766035053847905,46.99600168217235],[4.76596727826443,46.99598432088623],[4.765968410785802,46.99597306449547],[4.765975300038667,46.99590961327703],[4.765942814114058,46.9958753666247],[4.7659492838568065,46.995707690359154],[4.765935104030734,46.99568542924895],[4.765839145074885,46.99567361441959],[4.765846501718842,46.995624457034495],[4.766098598774463,46.995615492652895],[4.766071680857706,46.99538599921049],[4.766144243385247,46.99532153379573],[4.766149766202839,46.9952621920326],[4.766083357954887,46.9952407303326],[4.766104597628018,46.99515967852719],[4.765917939877399,46.9951145081099],[4.76604706439825,46.99495313175709],[4.766217750625525,46.99501182977964],[4.766326984678548,46.9948814128124],[4.766409543628608,46.994894449991165],[4.766440659940228,46.9948868231544],[4.766471663006501,46.99487613611827],[4.766498105905002,46.99486244795551],[4.76650980409724,46.99485510936614],[4.766554382584038,46.99480232014424],[4.7665611403675525,46.994780756195496],[4.766543920531428,46.99475649740984],[4.767059449996902,46.99471999275836],[4.767234550130941,46.99486853422561],[4.767264049925981,46.99490282626342],[4.7672891305130305,46.994939230263576],[4.767311438199872,46.99498180057874],[4.767361662409851,46.995010668962486],[4.767510091643978,46.99498284638008],[4.767538875657516,46.99467587070587],[4.767518371332634,46.99436862335689],[4.767495591637132,46.99426576738069],[4.767164593160145,46.99414515406552]]],[[[4.772428106894667,46.98989140501827],[4.772337144222298,46.98984989023432],[4.771126776040781,46.98955171951507],[4.771081168326066,46.989617809914385],[4.770703115784425,46.99015699226234],[4.770697324362595,46.99016219637149],[4.77049908907018,46.990447251475736],[4.770307968567706,46.99072095792598],[4.7710210428887905,46.990516896901454],[4.771052122387572,46.99050824267902],[4.771154695038275,46.9904944114232],[4.771242999467182,46.99050020636619],[4.771287643765174,46.99049543241994],[4.771512238093908,46.99046847941619],[4.771620762241219,46.99045352971628],[4.771733658519151,46.99043545084258],[4.771845034597434,46.9904163685542],[4.77197119414525,46.99039297953952],[4.772055929692175,46.99038145669853],[4.772313169317497,46.990347876863744],[4.772484407869702,46.990332980625155],[4.772712489730605,46.99032129937119],[4.772812591420217,46.99032283227721],[4.773254856455411,46.99033033699702],[4.772641623064045,46.990027091603295],[4.772437400270147,46.989901483711606],[4.772428106894667,46.98989140501827]]],[[[4.770239603750676,46.98922711733631],[4.770236918869867,46.98923635333637],[4.769875276054569,46.98904572165064],[4.769836638186233,46.989051420574874],[4.769588068911646,46.988984727780334],[4.769582330988028,46.98899196630009],[4.769493708022765,46.98897596256267],[4.7687175323910225,46.98884889727564],[4.7683592068817395,46.98875936191201],[4.7682628920098455,46.988736315615505],[4.767582637291231,46.98871097774405],[4.767549737587922,46.98870943748221],[4.767425584062644,46.98870316228783],[4.767301510562826,46.98869893002391],[4.76707313377606,46.988701410394405],[4.766970787742447,46.98876836810299],[4.766969321778315,46.98886035654801],[4.766933827132352,46.989008034916154],[4.7669165625115495,46.98907369855007],[4.7668944076061965,46.98917212768071],[4.7668575300555105,46.98936888110604],[4.76718323677317,46.989374105278834],[4.7671726163374535,46.989506084052216],[4.767170632575531,46.9895367697626],[4.766847690040118,46.989524343696864],[4.766846440887762,46.989577496317665],[4.7668467081930626,46.98958566937851],[4.7668469787533185,46.98963981636737],[4.766850515830429,46.98970209048703],[4.766853772748344,46.98975620074762],[4.766859935196212,46.98999009184323],[4.7668580047772515,46.99011376031916],[4.766854587884005,46.9902374515532],[4.766803456811025,46.99031793475667],[4.76673704434341,46.99043339581926],[4.7671772753883,46.99042460967753],[4.767236917301219,46.990421651882656],[4.7672355719806125,46.99051771801163],[4.767003102480434,46.990532517533794],[4.76686008952628,46.99054288480042],[4.766670644452228,46.990548847636774],[4.7666440866000706,46.990604432042225],[4.766586431323108,46.99071362604744],[4.766576587571683,46.99073216634851],[4.766556853926977,46.99076823901869],[4.766544758725442,46.990809291945695],[4.76651536425361,46.99091498227337],[4.766503837062916,46.99097340744296],[4.766496448095688,46.99102153881028],[4.766498218249885,46.991075671816525],[4.766520576677102,46.991211225080406],[4.766609094778342,46.99149801524615],[4.766699772246555,46.99148538776839],[4.766728000488861,46.99148086696474],[4.766845440031356,46.991464767657654],[4.766913263568066,46.991575102184264],[4.767004074764024,46.99156656099544],[4.767038713339929,46.99162120826749],[4.7670824274944295,46.99172476142059],[4.767116314680483,46.99180189833127],[4.7671211883973035,46.99181408941215],[4.7673924197109345,46.9917516864],[4.767836991842619,46.99164678591059],[4.768014859100639,46.99160625473936],[4.7681971117333735,46.991562594155354],[4.768354422646707,46.99153258990623],[4.7685309364261395,46.99149616724659],[4.768638982032429,46.991466917716416],[4.76885201314071,46.99140541233504],[4.768888885521647,46.99139156368434],[4.768784230950126,46.990977294927845],[4.76877728907731,46.990947772668015],[4.768734331186268,46.99077574733544],[4.768864247986694,46.99077579997067],[4.76922280304455,46.990826497918995],[4.769128581710187,46.990958732128654],[4.769192052085845,46.99102724673287],[4.769255990762882,46.991110055139266],[4.7693138568336995,46.99118988569571],[4.769378388101124,46.991154152211514],[4.769936956793556,46.99088298850108],[4.770211889975851,46.99075104310147],[4.7702531607448675,46.990689099215764],[4.770278717329357,46.990648856958586],[4.770397018406281,46.990476402117714],[4.770636377150981,46.99012531683415],[4.770643635147118,46.990119081584695],[4.770666485842761,46.990087048907505],[4.770731892327194,46.98998693755653],[4.770770376776933,46.9899311690867],[4.771048160722681,46.989522270933215],[4.770983324164363,46.989502832257216],[4.770662262658253,46.98941170529952],[4.770239603750676,46.98922711733631]],[[4.770152550383853,46.99062627020824],[4.7701620917479834,46.99059853942031],[4.7701155795523755,46.99059210249381],[4.770105254527282,46.990641305839915],[4.770101504955468,46.990663841545796],[4.770044519524302,46.99074747798858],[4.770003396596698,46.990768551745475],[4.769987280669232,46.990777993773776],[4.769962306667465,46.990790633617145],[4.769846843845114,46.99086699884608],[4.769795089201417,46.9908371373775],[4.769775284686998,46.99082518442307],[4.769772231633022,46.99082318696339],[4.769676261361737,46.99076539259592],[4.769761870253074,46.99064350245059],[4.7698793962565045,46.99049353823513],[4.769924576220238,46.99050511091902],[4.7699315461081415,46.99048967633003],[4.769934565824501,46.99049065665488],[4.769996653035223,46.99038036622504],[4.769965693069487,46.99043806327288],[4.7703554940615565,46.99048521642657],[4.7703101059630635,46.99055846262278],[4.770278717329357,46.990648856958586],[4.770152550383853,46.99062627020824]]],[[[4.766100456667037,46.99178986770178],[4.766101509116935,46.99177656823174],[4.766038792284888,46.991776501546596],[4.766037886740349,46.9915660259192],[4.7660347803214975,46.9913341234545],[4.76603397904261,46.99130961328115],[4.766034706763922,46.99110320119793],[4.766034875130475,46.99101736557861],[4.766034274248298,46.99099898519707],[4.766034304936387,46.990954028420724],[4.765867183623487,46.991003586883465],[4.765768616684156,46.991049034044295],[4.7654181068703885,46.99124445329238],[4.765043906453785,46.99130943553014],[4.764980971775761,46.99134820404572],[4.7649098329397495,46.99141060280797],[4.764844597819279,46.99160778907687],[4.765113160083389,46.99160060998463],[4.765219102717124,46.99159797158223],[4.7652341043544215,46.99169174321822],[4.765262984543548,46.991798594882475],[4.765265153196889,46.99200190063122],[4.765268940322944,46.992026365118065],[4.765297222583357,46.99202388813099],[4.765295668762421,46.99215878975294],[4.76530239541992,46.992182182618805],[4.765335145807698,46.99222460254934],[4.765325570400432,46.99229728968122],[4.765312388027419,46.992350624787996],[4.765305948005092,46.99247334444378],[4.7653021113897305,46.992538793269034],[4.76527776994645,46.99257084760154],[4.765273550833228,46.99257908028753],[4.765513953633877,46.9926694122115],[4.765565358143978,46.99264307657979],[4.765622601766599,46.992612572007275],[4.765634913803936,46.99262362267542],[4.765723692976944,46.99259875933413],[4.765766552561503,46.992584820088524],[4.765769505530079,46.99258375725785],[4.765891651395655,46.99252875451539],[4.765885345001722,46.992518629601086],[4.765854211705667,46.99243429972197],[4.7658304170094095,46.992345768951395],[4.765815249703243,46.992292867642114],[4.765791575263184,46.992208414587886],[4.765779527804299,46.99215955409985],[4.765777841212451,46.99215345605772],[4.765771034114621,46.99212801115533],[4.765792637869983,46.9920122188866],[4.765850982316641,46.99201541455285],[4.765847464498412,46.99204509703462],[4.7661259225892625,46.99206638418033],[4.766327746719377,46.991890611058416],[4.7663289791470715,46.9918824150448],[4.766255570318597,46.99187536165271],[4.766227422987213,46.99179098614495],[4.766100456667037,46.99178986770178]]],[[[4.775191055011654,46.99217556664293],[4.7750602952192995,46.99205904544452],[4.774978241515637,46.991970394928785],[4.774937924303544,46.99192503208448],[4.774781296768228,46.99174862441078],[4.774679102171694,46.99163779628055],[4.774618643982555,46.991570264909704],[4.774548825073752,46.99149062073001],[4.774516302960473,46.99145535931353],[4.774482327805724,46.991421137878],[4.774471513882241,46.99141006508614],[4.774439092393581,46.991377864035854],[4.774402064377692,46.99134165424098],[4.774354054606432,46.991289258980686],[4.77431173559952,46.991228599021944],[4.774220759403709,46.99114110283439],[4.774126696575157,46.99105058309775],[4.774045014838432,46.99097316531978],[4.7739307651123,46.99085945996545],[4.773844443479237,46.99077699815406],[4.7737797028304065,46.99071566506991],[4.773728775203663,46.99066535870611],[4.773568375649682,46.990555424390266],[4.7734568434090745,46.99052443910662],[4.773310669036264,46.99048377369858],[4.773163048876676,46.99044516561329],[4.773014022971127,46.99040863224114],[4.772994058885233,46.99043755010138],[4.772955475634616,46.99049024991159],[4.772869639644662,46.9906049955189],[4.772784004151544,46.99072586184009],[4.772749457394351,46.990765216160355],[4.7727451859597965,46.990771414662255],[4.772729372089187,46.99079004724743],[4.772661433716163,46.99076759521277],[4.772501345930966,46.99071283250509],[4.772610379909436,46.99053131384272],[4.7726058608119155,46.99053036562825],[4.772647208869149,46.99047046394118],[4.772696798383247,46.990388984062925],[4.772546214388618,46.990396403781716],[4.772498496934566,46.99039816349498],[4.77245523858475,46.990399845681964],[4.772310760775089,46.990411259871365],[4.772189120708988,46.990435606489264],[4.771947233683715,46.99048224265477],[4.771816601350286,46.99050570032546],[4.771663878688677,46.99076656271939],[4.771417891106376,46.99073356039498],[4.771319732611004,46.99097314164351],[4.771262942445325,46.99097196918302],[4.771210638042923,46.99097072783344],[4.771097037531725,46.99096736544489],[4.771067155822742,46.99096679748003],[4.771086737895284,46.99060784553758],[4.770947012903014,46.990627362210574],[4.770943611750821,46.99066011405264],[4.770936033158793,46.99074810783662],[4.77093145351679,46.99083604658164],[4.770918197436402,46.99106922706209],[4.770622180311261,46.991104416439015],[4.770626063457153,46.99122288962951],[4.770645908721604,46.99128185147289],[4.770654418279034,46.99131339386519],[4.770458637100624,46.991354204034266],[4.7704647096893895,46.99135717278502],[4.7704768086737,46.99136210235818],[4.770487454500829,46.99136807187026],[4.770510613688928,46.99139121231826],[4.770506208014102,46.99139332421226],[4.770391260358579,46.99144004436468],[4.770079237620406,46.99107801221373],[4.770018718858983,46.991008435158605],[4.769956747390253,46.990939907005064],[4.7699506076359945,46.99093488596349],[4.76987104612558,46.99096778840551],[4.769796170807352,46.99100674277273],[4.769865801721791,46.991081286386176],[4.769868955060081,46.991086344236365],[4.769889027463982,46.991106470223514],[4.7699386329523605,46.99116191373399],[4.769983551623841,46.9912112872477],[4.770003724685947,46.991234482608135],[4.769880400536301,46.99129870270748],[4.769834891598378,46.99132290560298],[4.769767340669425,46.99135765901163],[4.769795139684057,46.99138584365626],[4.769682059081279,46.99144377354174],[4.7696263724210795,46.99147630060286],[4.769572118711048,46.991506770375835],[4.7696059233293635,46.991535880599606],[4.769627395204256,46.99155292323623],[4.7695322514842715,46.99161160450865],[4.769575382607787,46.991651810791865],[4.769478538211917,46.9917043852312],[4.769659024541296,46.99188043390819],[4.769723694969954,46.99193972601922],[4.769763539532681,46.99197079685236],[4.7698410594061205,46.99201251985981],[4.769971399935143,46.99207080451035],[4.770086542295941,46.99212115402348],[4.7701378632773395,46.9921377386491],[4.770360502655388,46.99218745632675],[4.77048984660058,46.992261083358585],[4.770677268080159,46.992329730424714],[4.770835738323192,46.99238043192672],[4.770924769174492,46.99240869418208],[4.771018353284446,46.99243893977694],[4.77105609637782,46.99245164382919],[4.7711790806791194,46.99251310198747],[4.771236763605955,46.992541854209975],[4.771340934360107,46.992621999605],[4.771387087500314,46.99266318548539],[4.771419407288996,46.99269231798853],[4.771547710307744,46.99282522621934],[4.7716296054551695,46.9929087752979],[4.771719542144063,46.992964616447914],[4.771988185188141,46.99300544749897],[4.772031881164345,46.993017042177634],[4.772063497867006,46.99302472476823],[4.772133976655065,46.993033863789215],[4.772274893281946,46.99305008903689],[4.772385780169603,46.99306166917322],[4.772617865540255,46.993080591141634],[4.772673157959886,46.99308177697346],[4.77274630104998,46.99308065324249],[4.772995365469532,46.993070702539185],[4.773049205026838,46.9930729371632],[4.773203574050504,46.993089981214574],[4.7733190142295685,46.99310353477451],[4.773394012660063,46.993113621211506],[4.773449472979302,46.99311991931968],[4.773621860186003,46.99313974780938],[4.7737015998665555,46.99315793832932],[4.773879043402163,46.99319506067636],[4.773928497973465,46.993200433243615],[4.774114484750374,46.99322515814633],[4.774285151247075,46.99323786159653],[4.774728893435416,46.99333526009031],[4.7748914069996795,46.993372610533626],[4.775076734236563,46.99342289317799],[4.7751900285266276,46.9934620270283],[4.775249291027249,46.99344783188011],[4.775816708204546,46.99299155384037],[4.775992135860279,46.992876453781214],[4.775444646989762,46.99239441154584],[4.77530636036693,46.992275971149944],[4.775191055011654,46.99217556664293]],[[4.772763774667546,46.992293603313506],[4.772695679769803,46.992266038457075],[4.772566989815347,46.992212837700414],[4.772459518413657,46.992168514663604],[4.772420174809093,46.99215276471497],[4.77199167035661,46.99197337892593],[4.771926616298362,46.99194781121516],[4.771775886372982,46.99190516950975],[4.7715312384981114,46.991822075194555],[4.771313339917399,46.99178045515016],[4.771220205548996,46.99176349528492],[4.771112039779745,46.99174369514098],[4.770960112690566,46.991710265562524],[4.770961096958156,46.99169492278642],[4.771013582824658,46.991701276701015],[4.771097524213337,46.9917112273313],[4.771154482484585,46.99171750352562],[4.771293962721579,46.99173579625954],[4.771486451618365,46.991776779813954],[4.771524026991967,46.99178438006374],[4.771564635054597,46.991792951379935],[4.771646240127144,46.991822353737206],[4.771756575764936,46.99186255395945],[4.771813989941169,46.991883123854855],[4.7719256782949655,46.991919214566146],[4.772048327538674,46.99197046450616],[4.7725059183775675,46.99217188145329],[4.772578599638088,46.99220244689905],[4.772698217123958,46.99225271609071],[4.772767891889034,46.99228230096238],[4.772810221883586,46.992298004910296],[4.772920311348016,46.99233104830551],[4.772985165152219,46.99235048567348],[4.773053005496588,46.99236988611821],[4.773143704689781,46.99240322726563],[4.773264575358799,46.99244633511584],[4.773370339983448,46.99248353313596],[4.773364736347845,46.992494858354725],[4.773056561300788,46.99238719443674],[4.772804618149818,46.99230933010254],[4.772763774667546,46.992293603313506]]],[[[4.7682188931296485,46.991680784035324],[4.768131034806936,46.991688263288395],[4.768117565721846,46.99164146907889],[4.767978258053341,46.99167425006091],[4.767627029019955,46.99175626962603],[4.767295035208475,46.991832878260574],[4.767304414927817,46.99184601795713],[4.767297089762644,46.991850218730804],[4.767310721509168,46.99185614279608],[4.767333228482858,46.991904842939284],[4.767349416035475,46.991943427443815],[4.767362746844525,46.991940152317],[4.767367667061635,46.991953360316536],[4.767380701200389,46.991986877897865],[4.76739388250488,46.99202449080361],[4.76740536331123,46.992055987888065],[4.767430705737337,46.99205457304934],[4.767446071055401,46.99206762104708],[4.767439033402087,46.99208101221494],[4.767415290763919,46.99208546447805],[4.767418577633535,46.992094608920056],[4.7673517088143464,46.992104827978345],[4.767410993895577,46.99227354167869],[4.767425828500624,46.99231622646317],[4.767434724297922,46.99236002886234],[4.767439945258594,46.9923824270401],[4.767452395385322,46.99244354692926],[4.767454249454616,46.992454757604385],[4.767446857365974,46.99245691512377],[4.7674760257952,46.99252697370588],[4.767517518898463,46.99251714330803],[4.767494790521002,46.99246128708787],[4.767653256959228,46.99242105371822],[4.767798358690707,46.992383069176675],[4.767844337506345,46.9923731699322],[4.767875891087728,46.9924248022983],[4.7678947774862,46.992454141581604],[4.767912197805679,46.99248452997164],[4.767918557996237,46.99249668923841],[4.767936091951976,46.99253014681744],[4.767975906554115,46.99260616601451],[4.767999667060534,46.99264769632027],[4.768026547573045,46.992693267387835],[4.768049655256407,46.99266940850679],[4.768103075464122,46.99261341218151],[4.76815802883207,46.99255841898096],[4.768215954847955,46.992503371191056],[4.76835260069381,46.992297946990455],[4.768404587433818,46.99224401676545],[4.768488118237232,46.992149752935205],[4.7684802579926,46.9921376076829],[4.768573264034664,46.992013569888044],[4.768717553382363,46.99181415188263],[4.768471809660118,46.99178828100534],[4.768291990245398,46.99176958545887],[4.768281422358611,46.991674719545024],[4.7682188931296485,46.991680784035324]]],[[[4.771430777182678,46.99276571082588],[4.7713152436351915,46.992658155550835],[4.771273810795167,46.9926240476898],[4.771212726717757,46.99258309096563],[4.771147103004084,46.99254015960473],[4.771113732223093,46.99252432653651],[4.770998989967482,46.992486237620206],[4.770869082562995,46.99244123083402],[4.770739121552996,46.99239418043795],[4.770557424468956,46.99231828611418],[4.770433536716215,46.99227420411682],[4.770356638849556,46.992251888195774],[4.770315541730115,46.99222799629351],[4.77030037625909,46.99222106946179],[4.770179595884977,46.99218102809865],[4.770066890298743,46.992159261336525],[4.769946827012068,46.9920957039157],[4.76973773435142,46.99200388326283],[4.769707283556984,46.99198596072115],[4.769560601796262,46.99183903136093],[4.769429788034807,46.99172046050823],[4.76930985496611,46.99161501504222],[4.769190457409545,46.99152590654752],[4.769123957513726,46.99154736007816],[4.768779627882772,46.99197668933214],[4.768758107536233,46.99200358597033],[4.768726576516214,46.9920439104241],[4.768636323266362,46.99216076465083],[4.768488030253813,46.992329588568374],[4.768438849484727,46.99237836960715],[4.768343352975474,46.992471790125926],[4.768286846766647,46.99252477193643],[4.768211537981373,46.992596422435476],[4.768139282388721,46.992670079386684],[4.7681336443451645,46.99268038722011],[4.768135431685027,46.992689554621016],[4.768357465966523,46.99294874833395],[4.768479301188823,46.99306643133121],[4.7686815437046235,46.993222731800714],[4.768734519251348,46.993244406913],[4.7690287859106,46.99306414104805],[4.769074584785341,46.993049137863636],[4.76912038333986,46.993034125659854],[4.769234584780248,46.993009896467115],[4.769350640599598,46.99299687780388],[4.769434462993271,46.99300274291497],[4.769652780904726,46.99301166051155],[4.769792980829549,46.99300643924823],[4.769928340184789,46.992990061989396],[4.770032765144965,46.99298641584046],[4.770071372182978,46.9929796907266],[4.7701426473882425,46.9929673582164],[4.770212355909168,46.99295300540916],[4.770283543909054,46.992937612218995],[4.770320048826206,46.99291252968265],[4.7703590239261615,46.992917037907425],[4.770392394728542,46.9929328711919],[4.770417972014585,46.99293861161151],[4.770524954598703,46.99296762538206],[4.770577662453214,46.992981117605474],[4.770697675126966,46.992997674545016],[4.77091772721985,46.993013713646235],[4.770976005769189,46.99301485445862],[4.771064100468025,46.993014528955186],[4.771152127877275,46.99301215112289],[4.771249114278803,46.993009644701466],[4.771366937312834,46.9930047740307],[4.771483159974463,46.99299685687322],[4.771611548770829,46.99299590330935],[4.77162023972335,46.99298760171771],[4.771627430683912,46.992979314150716],[4.771630316547309,46.99297620790998],[4.771626894888622,46.99296297707009],[4.771581972963857,46.99291359522256],[4.771541858923383,46.99287436098645],[4.771430777182678,46.99276571082588]]],[[[4.769224620948204,46.99443851971546],[4.76905443938581,46.99361960478716],[4.769019602148192,46.99360481124196],[4.768983311976289,46.99359106660783],[4.768959200937638,46.993584285749556],[4.768919422557189,46.99355525791613],[4.768802806903691,46.99345997351035],[4.768763507106359,46.993354309038786],[4.768736926851635,46.99331793733062],[4.768686235471713,46.99327477569881],[4.768611654177102,46.993231980229766],[4.7685370192612,46.99318714124845],[4.768465324259928,46.99314123952038],[4.768434772763073,46.993120247255916],[4.768308948580738,46.992971979049095],[4.768204741743472,46.99302772710152],[4.768201835542011,46.9930298159244],[4.768169488373866,46.99304563927081],[4.76815635768677,46.99305503527506],[4.76812996283514,46.993069749755755],[4.768081611994393,46.99309807502813],[4.768056703350822,46.993112757711906],[4.7680083860178115,46.99314210908485],[4.767980558256411,46.993158889772594],[4.767899505430348,46.993191804608294],[4.767925838000491,46.99322102979524],[4.76797392328305,46.99327547075788],[4.767913326681382,46.99329479780497],[4.767811403108762,46.99332904998977],[4.767783341304749,46.993338683711855],[4.767903560014243,46.99349827742428],[4.767745679234492,46.99355690068418],[4.767691088058429,46.993577153242164],[4.767556862848207,46.99362825432944],[4.767422670663413,46.99368037239029],[4.767284109720852,46.99378161106368],[4.767247669653779,46.9938087358949],[4.767211680452504,46.99380418088397],[4.767155338701382,46.993862265772776],[4.76707353247131,46.99382673047216],[4.767041565118135,46.9938537867389],[4.766934519433487,46.993959648549655],[4.766974330316297,46.99398969419401],[4.767140131227056,46.994082182857525],[4.76720535255653,46.99411285690354],[4.767258294812808,46.9941335065557],[4.767336914774931,46.994162957676025],[4.767441212523317,46.99420121021178],[4.767586574266601,46.994262329394694],[4.767624264120797,46.99427299109869],[4.76775767698969,46.99428831919434],[4.76783637596216,46.99422887384596],[4.7679098707462275,46.99419300395886],[4.7679304609316455,46.99418349369897],[4.767942205521846,46.994177180892606],[4.767953052245209,46.994189280417814],[4.768117524750958,46.9943778334884],[4.768190491582761,46.99446254837704],[4.768455440254817,46.99457292303311],[4.768502557735976,46.9945977499693],[4.768513404669269,46.994609849440224],[4.768685455207775,46.99475639122076],[4.7687926259407805,46.99483649288275],[4.76894692197407,46.994942438728216],[4.769093538111787,46.99504134261314],[4.76911344454654,46.9950563650595],[4.769232323979396,46.99503819708763],[4.769342310921821,46.995022200627986],[4.769338756134132,46.99500489220963],[4.769338622279568,46.99500080568918],[4.769224620948204,46.99443851971546]]],[[[4.774364645937999,46.99329386129661],[4.774277534453953,46.993278855524046],[4.774205521580281,46.99326871474303],[4.774133576135721,46.99326062617676],[4.773928172056638,46.99323619982593],[4.773850220511617,46.993227176773786],[4.773611524711964,46.9931889516313],[4.773293747281013,46.99315296804113],[4.773193137746668,46.99313612461159],[4.772979919708886,46.99310056857082],[4.772787701789748,46.993113743440716],[4.772678817142771,46.993117460596494],[4.772602587041356,46.993115560770995],[4.772427716712607,46.993111096577195],[4.772183049956955,46.99307296022189],[4.771957888184918,46.99303759475393],[4.771929391475617,46.99303394379458],[4.771786854419926,46.99301365443127],[4.771575011039823,46.993019969124],[4.771224943494653,46.99304680393387],[4.770745448594717,46.99304292438599],[4.770615860911678,46.99305308117128],[4.7705352924297575,46.99305534413897],[4.770451228686161,46.99299634103491],[4.770384908953466,46.99297795138832],[4.770353506266525,46.99297638891761],[4.770239305398759,46.993000619217874],[4.770134076294014,46.99302471176658],[4.770055161607424,46.99303205524588],[4.769897211433159,46.99304265531843],[4.7696075177023225,46.99304301001642],[4.769323917137947,46.99304735912942],[4.769261332670686,46.99305138071869],[4.769161728060243,46.99306517369601],[4.769081861666532,46.99308887639388],[4.769024820231669,46.99312551246252],[4.7688976734428445,46.993210223863706],[4.768770593453719,46.99329698738529],[4.768867226124555,46.99346614548724],[4.768956759420095,46.99350972921156],[4.769038633028152,46.99354729744102],[4.769117654610637,46.993589006921695],[4.76936448115207,46.99373848978804],[4.769442705868104,46.99380166277939],[4.769523863273317,46.99386274645739],[4.769545289572224,46.99387877216852],[4.769756143201083,46.993978734356105],[4.769848616669666,46.99406621098048],[4.769902563807653,46.99411749932646],[4.769957943531276,46.994166712380064],[4.770005516558629,46.99420583272926],[4.7700313622162005,46.99421974627362],[4.77005866083688,46.99423261087716],[4.770076846475139,46.99424050905499],[4.770184387002095,46.99428687754152],[4.770347489022809,46.99438758024049],[4.770502958861045,46.99439234532713],[4.770611980176421,46.99439271674557],[4.770649335838048,46.99439316116179],[4.770686611662281,46.9943915715091],[4.77070296282129,46.99438927630289],[4.77075511637445,46.994385414030404],[4.770874127452917,46.99437132188196],[4.770991605389751,46.994356235499644],[4.771034686173286,46.994349441415636],[4.771126331467339,46.994320450376165],[4.771187162704631,46.99430827755754],[4.771357878392813,46.99427704593366],[4.771356914389113,46.99429340603163],[4.771351029318518,46.9943415236368],[4.771223193202324,46.99435983131684],[4.771199014542642,46.994351007668634],[4.77105669554881,46.99438282984817],[4.770742876438328,46.9944223810322],[4.770483125898733,46.99442534923598],[4.770362192597782,46.99442617809858],[4.770225672462879,46.99436185578241],[4.769967778692531,46.994239111202056],[4.769929519483307,46.99421108705055],[4.769869995477315,46.99412617603115],[4.769843647963947,46.994096942496924],[4.769749821765997,46.99401357519099],[4.769681679465809,46.99398498264216],[4.769602791035518,46.99394736907565],[4.769461432194689,46.99387188100856],[4.769436919393184,46.993852840685314],[4.769433498216125,46.993839609784104],[4.769392186358253,46.993809587984046],[4.7693494215949395,46.993780615095126],[4.769306736662603,46.99375367624829],[4.76915807392474,46.99368341503612],[4.769094050447903,46.993643519919736],[4.769283326947614,46.99454388645911],[4.769375864949849,46.99499819032949],[4.769379319503154,46.995012438357016],[4.769382807670194,46.99502771251503],[4.76938467538446,46.99503892294815],[4.769118653308012,46.99507876334367],[4.7691442036668645,46.99512946976052],[4.769398883491069,46.99533605418743],[4.7695749171314406,46.995421223025104],[4.7695961765722386,46.99543213606869],[4.769617536576624,46.995446118498585],[4.769635956698222,46.9954611636514],[4.769647305662893,46.99548857395869],[4.769647941441457,46.99550798042542],[4.769648443341184,46.995523300372646],[4.769638800582128,46.99554797068545],[4.769634695613003,46.99555927271136],[4.7696077120583364,46.995510641671174],[4.7695967308238005,46.99549445578712],[4.7695858036721095,46.99548032236461],[4.769570450022504,46.99546727446427],[4.769555116545068,46.995455243892906],[4.769437946104657,46.995388588622625],[4.7692693718223795,46.99530329620036],[4.769231225615517,46.99527833201477],[4.769149932573871,46.9952131616383],[4.769105981215635,46.995193401635106],[4.769107696705842,46.99515455190709],[4.769056769245213,46.995104243553],[4.76901850989589,46.99507621910723],[4.768874893007558,46.99497726014564],[4.768775027187429,46.99489194036936],[4.768689094945368,46.9948217255727],[4.768601710229371,46.99475256862813],[4.768474566930515,46.99465540097082],[4.76842896230885,46.994630550837144],[4.768205031280423,46.9945420257137],[4.7680008527129,46.994463409938746],[4.767790851920543,46.99434401530055],[4.767657138169146,46.994319497066726],[4.767629275819487,46.99433524253088],[4.76761771161463,46.99434666775825],[4.767609120267352,46.994358038437895],[4.767602095511665,46.99437142940435],[4.7676013001428705,46.994803659426196],[4.767602875961388,46.99498857558433],[4.767600044873828,46.99508467335098],[4.767583614442683,46.99517586421949],[4.767583050446737,46.99520448384787],[4.767582599750426,46.99523616366549],[4.767584404414393,46.995291313711995],[4.7675941361597465,46.995360643318065],[4.767630102743327,46.99554708591683],[4.767629952809642,46.99558795590432],[4.767633845625379,46.99566146351678],[4.76763880375592,46.995721671458604],[4.767714199706045,46.995971882463294],[4.767746073201351,46.99607867860882],[4.767762442480749,46.996122366452774],[4.767959371621253,46.996527044619896],[4.767983668863189,46.99658492095667],[4.768055507951792,46.9967718223931],[4.768068343330039,46.99679921906683],[4.76814809323613,46.99695433533571],[4.7682693126488305,46.996961672629396],[4.768329149237147,46.996964844256475],[4.76838714913651,46.99700277882673],[4.768450257596044,46.99706005127895],[4.768496466065741,46.997103281717756],[4.768650431565075,46.997243976871204],[4.7687166810226715,46.99730630724829],[4.768750556011691,46.99733746992872],[4.768823092766123,46.99740889865301],[4.768849340827422,46.997435063000246],[4.768866796893601,46.997466477327684],[4.768865883811974,46.9975298371283],[4.7688640529651805,46.997610591916775],[4.768864387233282,46.997620799209535],[4.768867708288705,46.997630969724],[4.768872415496934,46.99763804806067],[4.76889482606391,46.997683687421556],[4.769009869190983,46.99782190781626],[4.7690481692162185,46.997896932176445],[4.769073237388856,46.9979782922288],[4.769113979549456,46.99812787299026],[4.769124860642612,46.998140989518575],[4.769199220284648,46.998222611487],[4.76923180992853,46.99825991758351],[4.769346989303354,46.99840223313383],[4.76956568083724,46.998832114938345],[4.769553835161946,46.99883536751469],[4.769517200823889,46.99876542398949],[4.769478899531549,46.9986903998059],[4.7694309693540085,46.9985950804122],[4.769397409271043,46.99852816063862],[4.7693654826887535,46.99846529537155],[4.76933365672515,46.99840549948193],[4.769325849154684,46.99839539777132],[4.769213824135358,46.998258158058334],[4.769185854426505,46.998224860689696],[4.769102200628788,46.99813315977813],[4.769086794415865,46.9980731120934],[4.769059704432268,46.99797543777157],[4.7690411648078594,46.99791134954681],[4.769018834097955,46.99786775327451],[4.7690027309459575,46.99783223866751],[4.768878293539009,46.99768087892457],[4.7688540416055725,46.99762402872481],[4.768852240824161,46.99761486155122],[4.7688502524636105,46.99759956439948],[4.768850998137427,46.99753109195274],[4.768851897785452,46.9974677233528],[4.768847023462806,46.997455541368225],[4.768839229276931,46.99744543941994],[4.768836075663869,46.99744038155193],[4.768744863551477,46.99734572531476],[4.7687017285002025,46.997305518794484],[4.768637086074341,46.997247243341704],[4.768604744618829,46.99721708377012],[4.768415418305312,46.99704525756768],[4.768372350632342,46.997007094179864],[4.768305671793905,46.9969774607327],[4.768247422323226,46.996977335702475],[4.768164329335279,46.99699393659116],[4.76791050978158,46.99704175516831],[4.767904989010731,46.99710110598295],[4.76794665708059,46.997142361912616],[4.76799953570975,46.99716096794507],[4.768080277773967,46.99716381940007],[4.768102870055229,46.99716959708293],[4.768124243516322,46.99718357957979],[4.768130337065275,46.99718757477975],[4.768188537723762,46.99723163922548],[4.768147174891614,46.997245556368625],[4.768158340641624,46.99731281964302],[4.768207798413368,46.997318194654675],[4.768247244737613,46.99733700640176],[4.768247378515411,46.99734109292041],[4.768265965978275,46.99736124193041],[4.768270572896772,46.99736525990388],[4.768279966970222,46.99737839929626],[4.76828172119255,46.997386549552],[4.768275465003227,46.99742342452616],[4.768311461501524,46.99747396201391],[4.768346018151946,46.99752554820035],[4.768360119404684,46.997545765943656],[4.768322010433161,46.99756781041813],[4.768398690782259,46.997674946373216],[4.768409288469567,46.99772484641334],[4.768421874716282,46.9977900526111],[4.768444791160824,46.9978969858047],[4.768465920124013,46.997994751609966],[4.7684393222522585,46.99800333636185],[4.7684562660779735,46.998110370083545],[4.76846623344646,46.998186846458026],[4.7684760624040194,46.99821326251145],[4.768477615986936,46.99821528298622],[4.768499223959729,46.998236412313474],[4.768524630649257,46.99837396256818],[4.76853028735158,46.99840963733288],[4.7685457985374855,46.998518737272036],[4.768544851758109,46.998581079920086],[4.768623507137222,46.998565564453415],[4.768640834703438,46.99863887508372],[4.768639648934265,46.998648088031175],[4.7685302559233955,46.998682455124815],[4.768537070135156,46.9987538826059],[4.768537571750012,46.998769202541965],[4.768543763422956,46.99882121436582],[4.768546253359772,46.99885183145245],[4.76855403225476,46.99890688987733],[4.768554266265973,46.99891403678017],[4.768555871336991,46.99896305697211],[4.7685607305912585,46.99902020442398],[4.768563287449831,46.999052864766284],[4.768567578190142,46.99909264902392],[4.768529300810285,46.999109580910385],[4.768561527716654,46.99918163655585],[4.768465901106506,46.9992260140003],[4.768477435760186,46.999304519620026],[4.7684800726388055,46.999339223017444],[4.768476722891092,46.9993740091537],[4.768469219115126,46.999464045586016],[4.768467269026621,46.9994957483491],[4.7684992620738225,46.9995606571015],[4.7684967280003665,46.9996199531253],[4.768496962301807,46.999627109027735],[4.768514719487792,46.99966770454402],[4.768574371532222,46.999664746066664],[4.768583202566349,46.999706505016455],[4.7684524667047965,46.99972792475475],[4.7684595769255305,46.99976255959561],[4.768464819172388,46.999785975003675],[4.768567824387838,46.999784396431146],[4.768598253730453,46.99993822390217],[4.768617215110935,47.00001558903017],[4.768628832142217,47.00005117242679],[4.768718795920369,47.00015299835988],[4.768735167221017,47.00019668600863],[4.768929137457756,47.00023662480106],[4.768984221573145,47.00027664806931],[4.76888902847887,47.0003343115193],[4.768879016620702,47.0003477483177],[4.7689310242901435,47.00047671354313],[4.7689518359477985,47.00051931545791],[4.768975834759181,47.00056799235541],[4.769002753349655,47.00061458020753],[4.76911787392493,47.000617921653514],[4.769123284002854,47.00064644966742],[4.7691425382567605,47.00082395304531],[4.7691436271630225,47.00090260970847],[4.769146269759988,47.00098328683355],[4.76922555129306,47.000987186606764],[4.769300325785374,47.0009901287819],[4.769306332460211,47.00099105432813],[4.769379586586344,47.00099299311772],[4.769493208368685,47.000996366187266],[4.76955448247272,47.000997470920076],[4.76962172993519,47.00099848402268],[4.769696437516473,47.00099938268507],[4.769736771259932,47.000999781796615],[4.769774131483234,47.00100022649517],[4.769842865713629,47.00100121666837],[4.769919060062738,47.00100209238524],[4.769972807107058,47.001001268055425],[4.77000866771082,47.00100174468412],[4.770098241728527,47.001000370784915],[4.770219122487956,47.00099748994374],[4.770232555957609,47.000997283879165],[4.770496590723378,47.000987109519436],[4.7705063542044,47.001011482120546],[4.770619124539553,47.00130810920889],[4.770666771398636,47.001212350509896],[4.770764790513569,47.00105860595564],[4.771037823320639,47.000639561649116],[4.771039243071969,47.000637495576754],[4.77125536578142,47.00030516593564],[4.771335046617074,47.00018439280681],[4.771531344229369,46.999885057391324],[4.771600999596035,46.999777721294585],[4.7716763732576375,46.99966212922398],[4.771744608057595,46.99955685011267],[4.771818548256924,46.99944332422483],[4.771964960929174,46.999217303451665],[4.771897460679639,46.999208118487815],[4.771816949802734,46.99921241660065],[4.771798922182912,46.99916364856227],[4.77177525657432,46.99912518851035],[4.771760315979377,46.99907943499347],[4.771763583118483,46.99904259670338],[4.771758238830657,46.999016112054704],[4.77175284802726,46.99898861048004],[4.771720256202847,46.998951305104136],[4.771717676588074,46.998872662240395],[4.771714648972923,46.99882570817293],[4.7716686503620025,46.99874365235223],[4.771660674904346,46.99872844716017],[4.7716623213546505,46.99868754518072],[4.771502466477043,46.99868591971841],[4.771490324736532,46.99858903407702],[4.771484444524744,46.99854620335868],[4.771518702994663,46.99854363315757],[4.771505737187484,46.99842122010427],[4.77150154470904,46.99838449633185],[4.771605766077413,46.99837472819871],[4.771619142424623,46.998190600172045],[4.771513488588317,46.99820243459965],[4.771500081962208,46.998157684139564],[4.771580343432472,46.99814623054871],[4.771565537599256,46.99810457250713],[4.7715523317034805,46.99806594282134],[4.7715293492625195,46.998002940798415],[4.771426582212848,46.99801167791504],[4.771435098872298,46.99795228090155],[4.771606294753758,46.99793534274521],[4.7716110875488456,46.99780856846636],[4.771611963759605,46.99774418252061],[4.77154283185171,46.99773094285812],[4.771476652819355,46.997716631178065],[4.77143193556074,46.99771936192918],[4.771383582289913,46.997747688542695],[4.7713434051746,46.99775239385074],[4.771335154855312,46.997683041793465],[4.771371809366903,46.99766203627414],[4.77140848464085,46.997642066075365],[4.771459267710975,46.99759632121451],[4.771483213472579,46.99759799789911],[4.7715071928895325,46.997600700707935],[4.771520739037899,46.997603554676544],[4.771598273662454,46.99755433713645],[4.771582202563424,46.99751984901499],[4.771762181336212,46.99745168661962],[4.771844188660604,46.997402400231266],[4.771920236337963,46.99735321430005],[4.771971454248722,46.99732074588086],[4.77208332617697,46.997271009719995],[4.7720498181341116,46.99725109043218],[4.7721001929517675,46.99723906875948],[4.772251244056108,46.99719996982343],[4.772232031591896,46.99716041481008],[4.772484481871476,46.99711668728127],[4.7724900406310224,46.99714930148134],[4.772516771538845,46.997144802307574],[4.772583678997793,46.99713559740084],[4.772663985551594,46.997125168979586],[4.77277706292452,46.99711219276543],[4.772778214276715,46.997101953641945],[4.7729380314159515,46.99710256921148],[4.77293221421801,46.997152721109515],[4.773073991748248,46.997149525081596],[4.77307634118083,46.99713007275565],[4.773099216711889,46.99700812669184],[4.7731095224667435,46.99686695753512],[4.773118996342701,46.99683718330129],[4.7731532024273635,46.99674162983901],[4.773160091967385,46.996724152031106],[4.773146492035613,46.99671925479507],[4.773150629747243,46.99670896977633],[4.773174499453642,46.99666262902987],[4.773195382390946,46.99661632516813],[4.773213245472225,46.99656905006601],[4.773220034209075,46.99654850286757],[4.773241757919804,46.99643679588283],[4.773257855321933,46.996290431461475],[4.773327460166203,46.99613609423816],[4.773357371409978,46.99600075657421],[4.77336294201817,46.995988414240465],[4.773566549614503,46.99563991729796],[4.7735600533118,46.995623662838895],[4.773494792860281,46.99559196626987],[4.773452225736663,46.99556912469021],[4.7735621586987635,46.99541518508943],[4.773594818701123,46.99536359388916],[4.773696285440802,46.99517912894036],[4.7738260149612675,46.99499117648718],[4.7739587630183715,46.99480418609279],[4.774003387836719,46.994753428451766],[4.774017749541649,46.9947358447003],[4.773969411228435,46.99471921590245],[4.773976602059116,46.99471092819368],[4.774192124914857,46.99445216841179],[4.774262237483822,46.99435912432545],[4.77444942777876,46.994101817289135],[4.77488849827652,46.993420682600245],[4.774692679051135,46.99336953438142],[4.7744789895637725,46.99331968730665],[4.774364645937999,46.99329386129661]]]]}},{"type":"Feature","id":"inao-denom-915","properties":{"id":"inao-denom-915","name":"La Taupine","tier":"premier_cru","kind":"vineyard","appellationId":206,"denominationId":915,"sourceName":"Monthélie premier cru La Taupine","communes":["21428"],"areaHa":0.93},"geometry":{"type":"Polygon","coordinates":[[[4.7711192075506315,46.99123371042255],[4.771210638042923,46.99097072783344],[4.771097037531725,46.99096736544489],[4.771067155822742,46.99096679748003],[4.771086737895284,46.99060784553758],[4.770947012903014,46.990627362210574],[4.770943611750821,46.99066011405264],[4.770936033158793,46.99074810783662],[4.77093145351679,46.99083604658164],[4.770918197436402,46.99106922706209],[4.770622180311261,46.991104416439015],[4.770626063457153,46.99122288962951],[4.770645908721604,46.99128185147289],[4.770654418279034,46.99131339386519],[4.770458637100624,46.991354204034266],[4.7704647096893895,46.99135717278502],[4.7704768086737,46.99136210235818],[4.770487454500829,46.99136807187026],[4.770510613688928,46.99139121231826],[4.770506208014102,46.99139332421226],[4.770391260358579,46.99144004436468],[4.770079237620406,46.99107801221373],[4.770018718858983,46.991008435158605],[4.769956747390253,46.990939907005064],[4.7699506076359945,46.99093488596349],[4.76987104612558,46.99096778840551],[4.769796170807352,46.99100674277273],[4.769865801721791,46.991081286386176],[4.769868955060081,46.991086344236365],[4.769889027463982,46.991106470223514],[4.7699386329523605,46.99116191373399],[4.769983551623841,46.9912112872477],[4.770003724685947,46.991234482608135],[4.769880400536301,46.99129870270748],[4.769834891598378,46.99132290560298],[4.769767340669425,46.99135765901163],[4.769795139684057,46.99138584365626],[4.769682059081279,46.99144377354174],[4.7696263724210795,46.99147630060286],[4.769572118711048,46.991506770375835],[4.7696059233293635,46.991535880599606],[4.769627395204256,46.99155292323623],[4.7695322514842715,46.99161160450865],[4.769575382607787,46.991651810791865],[4.769478538211917,46.9917043852312],[4.769659024541296,46.99188043390819],[4.769723694969954,46.99193972601922],[4.769763539532681,46.99197079685236],[4.7698410594061205,46.99201251985981],[4.769971399935143,46.99207080451035],[4.770086542295941,46.99212115402348],[4.7701378632773395,46.9921377386491],[4.770360502655388,46.99218745632675],[4.770400904115686,46.99209895901803],[4.770445523725006,46.99200222881624],[4.7705665394164685,46.99173061574947],[4.7706152962298605,46.99162360052769],[4.770627803211409,46.99159479755198],[4.770650681806129,46.99160977412647],[4.770682665992941,46.99162869953858],[4.7707146835422165,46.99164864207195],[4.770729935771844,46.99165862044302],[4.770740460887943,46.99166050320613],[4.770760031945474,46.99166531807792],[4.770960112690566,46.991710265562524],[4.770961096958156,46.99169492278642],[4.770959007889275,46.99167656525043],[4.771024756670959,46.99149572162236],[4.7711192075506315,46.99123371042255]]]}},{"type":"Feature","id":"inao-denom-916","properties":{"id":"inao-denom-916","name":"Le Cas Rougeot","tier":"premier_cru","kind":"vineyard","appellationId":206,"denominationId":916,"sourceName":"Monthélie premier cru Le Cas Rougeot","communes":["21428"],"areaHa":0.56},"geometry":{"type":"Polygon","coordinates":[[[4.771627430683912,46.992979314150716],[4.771630316547309,46.99297620790998],[4.771626894888622,46.99296297707009],[4.771581972963857,46.99291359522256],[4.771541858923383,46.99287436098645],[4.771430777182678,46.99276571082588],[4.7713152436351915,46.992658155550835],[4.771273810795167,46.9926240476898],[4.771212726717757,46.99258309096563],[4.771147103004084,46.99254015960473],[4.771113732223093,46.99252432653651],[4.770998989967482,46.992486237620206],[4.770869082562995,46.99244123083402],[4.770739121552996,46.99239418043795],[4.770557424468956,46.99231828611418],[4.770433536716215,46.99227420411682],[4.770356638849556,46.992251888195774],[4.770315541730115,46.99222799629351],[4.77030037625909,46.99222106946179],[4.770179595884977,46.99218102809865],[4.770236679689359,46.992419253049974],[4.770267605222674,46.99254241751764],[4.770271026521857,46.99255564839964],[4.770310536067174,46.992713425052294],[4.7703590239261615,46.992917037907425],[4.770392394728542,46.9929328711919],[4.770417972014585,46.99293861161151],[4.770524954598703,46.99296762538206],[4.770577662453214,46.992981117605474],[4.770697675126966,46.992997674545016],[4.77091772721985,46.993013713646235],[4.770976005769189,46.99301485445862],[4.771064100468025,46.993014528955186],[4.771152127877275,46.99301215112289],[4.771249114278803,46.993009644701466],[4.771366937312834,46.9930047740307],[4.771483159974463,46.99299685687322],[4.771611548770829,46.99299590330935],[4.77162023972335,46.99298760171771],[4.771627430683912,46.992979314150716]]]}},{"type":"Feature","id":"inao-denom-917","properties":{"id":"inao-denom-917","name":"Le Château Gaillard","tier":"premier_cru","kind":"vineyard","appellationId":206,"denominationId":917,"sourceName":"Monthélie premier cru Le Château Gaillard","communes":["21428"],"areaHa":0.5},"geometry":{"type":"Polygon","coordinates":[[[4.768573264034664,46.992013569888044],[4.768717553382363,46.99181415188263],[4.768471809660118,46.99178828100534],[4.768291990245398,46.99176958545887],[4.768281422358611,46.991674719545024],[4.7682188931296485,46.991680784035324],[4.768131034806936,46.991688263288395],[4.768117565721846,46.99164146907889],[4.767978258053341,46.99167425006091],[4.767627029019955,46.99175626962603],[4.767693722443079,46.99187786010551],[4.767709622668964,46.99190725417452],[4.767741275996886,46.99196194697927],[4.767875113263855,46.99194456876551],[4.767895987376812,46.991989205249205],[4.767900760835384,46.99199832690131],[4.767816322616351,46.99201903686842],[4.767678580616968,46.99205384677196],[4.767823597021057,46.99233261997035],[4.767844337506345,46.9923731699322],[4.767875891087728,46.9924248022983],[4.7678947774862,46.992454141581604],[4.767912197805679,46.99248452997164],[4.767918557996237,46.99249668923841],[4.767936091951976,46.99253014681744],[4.767975906554115,46.99260616601451],[4.767999667060534,46.99264769632027],[4.768026547573045,46.992693267387835],[4.768049655256407,46.99266940850679],[4.768103075464122,46.99261341218151],[4.76815802883207,46.99255841898096],[4.768215954847955,46.992503371191056],[4.76835260069381,46.992297946990455],[4.768404587433818,46.99224401676545],[4.768488118237232,46.992149752935205],[4.7684802579926,46.9921376076829],[4.768573264034664,46.992013569888044]]]}},{"type":"Feature","id":"inao-denom-918","properties":{"id":"inao-denom-918","name":"Le Clos Gauthey","tier":"premier_cru","kind":"vineyard","appellationId":206,"denominationId":918,"sourceName":"Monthélie premier cru Le Clos Gauthey","communes":["21428"],"areaHa":1.81},"geometry":{"type":"Polygon","coordinates":[[[4.770320048826206,46.99291252968265],[4.7703590239261615,46.992917037907425],[4.770310536067174,46.992713425052294],[4.770271026521857,46.99255564839964],[4.770267605222674,46.99254241751764],[4.770236679689359,46.992419253049974],[4.770179595884977,46.99218102809865],[4.770066890298743,46.992159261336525],[4.769946827012068,46.9920957039157],[4.76973773435142,46.99200388326283],[4.769707283556984,46.99198596072115],[4.769560601796262,46.99183903136093],[4.769429788034807,46.99172046050823],[4.76930985496611,46.99161501504222],[4.769190457409545,46.99152590654752],[4.769123957513726,46.99154736007816],[4.768779627882772,46.99197668933214],[4.768758107536233,46.99200358597033],[4.768726576516214,46.9920439104241],[4.768636323266362,46.99216076465083],[4.768488030253813,46.992329588568374],[4.768438849484727,46.99237836960715],[4.768343352975474,46.992471790125926],[4.768286846766647,46.99252477193643],[4.768211537981373,46.992596422435476],[4.768139282388721,46.992670079386684],[4.7681336443451645,46.99268038722011],[4.768135431685027,46.992689554621016],[4.768357465966523,46.99294874833395],[4.768479301188823,46.99306643133121],[4.7686815437046235,46.993222731800714],[4.768734519251348,46.993244406913],[4.7690287859106,46.99306414104805],[4.769074584785341,46.993049137863636],[4.76912038333986,46.993034125659854],[4.769234584780248,46.993009896467115],[4.769350640599598,46.99299687780388],[4.769434462993271,46.99300274291497],[4.769652780904726,46.99301166051155],[4.769792980829549,46.99300643924823],[4.769928340184789,46.992990061989396],[4.770032765144965,46.99298641584046],[4.770071372182978,46.9929796907266],[4.7701426473882425,46.9929673582164],[4.770212355909168,46.99295300540916],[4.770283543909054,46.992937612218995],[4.770320048826206,46.99291252968265]]]}},{"type":"Feature","id":"inao-denom-919","properties":{"id":"inao-denom-919","name":"Le Meix Bataille","tier":"premier_cru","kind":"vineyard","appellationId":206,"denominationId":919,"sourceName":"Monthélie premier cru Le Meix Bataille","communes":["21428"],"areaHa":2.22},"geometry":{"type":"MultiPolygon","coordinates":[[[[4.769342310921821,46.995022200627986],[4.769338756134132,46.99500489220963],[4.769338622279568,46.99500080568918],[4.769224620948204,46.99443851971546],[4.76905443938581,46.99361960478716],[4.769019602148192,46.99360481124196],[4.768983311976289,46.99359106660783],[4.768959200937638,46.993584285749556],[4.768919422557189,46.99355525791613],[4.768802806903691,46.99345997351035],[4.768763507106359,46.993354309038786],[4.768736926851635,46.99331793733062],[4.768686235471713,46.99327477569881],[4.768611654177102,46.993231980229766],[4.7685370192612,46.99318714124845],[4.768465324259928,46.99314123952038],[4.768434772763073,46.993120247255916],[4.768308948580738,46.992971979049095],[4.768204741743472,46.99302772710152],[4.768201835542011,46.9930298159244],[4.768169488373866,46.99304563927081],[4.76815635768677,46.99305503527506],[4.76812996283514,46.993069749755755],[4.768081611994393,46.99309807502813],[4.768056703350822,46.993112757711906],[4.7680083860178115,46.99314210908485],[4.767980558256411,46.993158889772594],[4.767899505430348,46.993191804608294],[4.767925838000491,46.99322102979524],[4.76797392328305,46.99327547075788],[4.767913326681382,46.99329479780497],[4.767811403108762,46.99332904998977],[4.767783341304749,46.993338683711855],[4.767903560014243,46.99349827742428],[4.767745679234492,46.99355690068418],[4.767691088058429,46.993577153242164],[4.767556862848207,46.99362825432944],[4.767422670663413,46.99368037239029],[4.767623730794192,46.99389187049874],[4.7679098707462275,46.99419300395886],[4.7679304609316455,46.99418349369897],[4.767942205521846,46.994177180892606],[4.767953052245209,46.994189280417814],[4.768117524750958,46.9943778334884],[4.768190491582761,46.99446254837704],[4.768455440254817,46.99457292303311],[4.768502557735976,46.9945977499693],[4.768513404669269,46.994609849440224],[4.768685455207775,46.99475639122076],[4.7687926259407805,46.99483649288275],[4.76894692197407,46.994942438728216],[4.769093538111787,46.99504134261314],[4.76911344454654,46.9950563650595],[4.769232323979396,46.99503819708763],[4.769342310921821,46.995022200627986]]],[[[4.769927820030353,46.99497950389281],[4.769925965361139,46.99496829326647],[4.769749821765997,46.99401357519099],[4.769681679465809,46.99398498264216],[4.769602791035518,46.99394736907565],[4.769461432194689,46.99387188100856],[4.769436919393184,46.993852840685314],[4.769433498216125,46.993839609784104],[4.769392186358253,46.993809587984046],[4.7693494215949395,46.993780615095126],[4.769306736662603,46.99375367624829],[4.76915807392474,46.99368341503612],[4.769094050447903,46.993643519919736],[4.769283326947614,46.99454388645911],[4.769375864949849,46.99499819032949],[4.769379319503154,46.995012438357016],[4.76944035270658,46.995006396242445],[4.7694999326202305,46.99500139402214],[4.769544634571124,46.994998664218954],[4.7696669014203605,46.9949927005616],[4.769793641477867,46.99498667717161],[4.769927820030353,46.99497950389281]]]]}},{"type":"Feature","id":"inao-denom-920","properties":{"id":"inao-denom-920","name":"Le Village","tier":"premier_cru","kind":"vineyard","appellationId":206,"denominationId":920,"sourceName":"Monthélie premier cru Le Village","communes":["21428"],"areaHa":0.2},"geometry":{"type":"Polygon","coordinates":[[[4.767816322616351,46.99201903686842],[4.767900760835384,46.99199832690131],[4.767895987376812,46.991989205249205],[4.767875113263855,46.99194456876551],[4.767741275996886,46.99196194697927],[4.767709622668964,46.99190725417452],[4.767693722443079,46.99187786010551],[4.767627029019955,46.99175626962603],[4.767295035208475,46.991832878260574],[4.767304414927817,46.99184601795713],[4.767297089762644,46.991850218730804],[4.767310721509168,46.99185614279608],[4.767333228482858,46.991904842939284],[4.767349416035475,46.991943427443815],[4.767362746844525,46.991940152317],[4.767367667061635,46.991953360316536],[4.767380701200389,46.991986877897865],[4.76739388250488,46.99202449080361],[4.76740536331123,46.992055987888065],[4.767430705737337,46.99205457304934],[4.767446071055401,46.99206762104708],[4.767439033402087,46.99208101221494],[4.767415290763919,46.99208546447805],[4.767418577633535,46.992094608920056],[4.7673517088143464,46.992104827978345],[4.767410993895577,46.99227354167869],[4.767425828500624,46.99231622646317],[4.767434724297922,46.99236002886234],[4.767439945258594,46.9923824270401],[4.767452395385322,46.99244354692926],[4.767454249454616,46.992454757604385],[4.767446857365974,46.99245691512377],[4.7674760257952,46.99252697370588],[4.767517518898463,46.99251714330803],[4.767494790521002,46.99246128708787],[4.767653256959228,46.99242105371822],[4.767798358690707,46.992383069176675],[4.767844337506345,46.9923731699322],[4.767823597021057,46.99233261997035],[4.767678580616968,46.99205384677196],[4.767816322616351,46.99201903686842]]]}},{"type":"Feature","id":"inao-denom-921","properties":{"id":"inao-denom-921","name":"Les Champs Fulliots","tier":"premier_cru","kind":"vineyard","appellationId":206,"denominationId":921,"sourceName":"Monthélie premier cru Les Champs Fulliots","communes":["21428"],"areaHa":7.82},"geometry":{"type":"Polygon","coordinates":[[[4.775992135860279,46.992876453781214],[4.775444646989762,46.99239441154584],[4.77530636036693,46.992275971149944],[4.775191055011654,46.99217556664293],[4.7750602952192995,46.99205904544452],[4.774978241515637,46.991970394928785],[4.774937924303544,46.99192503208448],[4.774781296768228,46.99174862441078],[4.774679102171694,46.99163779628055],[4.774618643982555,46.991570264909704],[4.774548825073752,46.99149062073001],[4.774516302960473,46.99145535931353],[4.774482327805724,46.991421137878],[4.774471513882241,46.99141006508614],[4.774439092393581,46.991377864035854],[4.774402064377692,46.99134165424098],[4.774354054606432,46.991289258980686],[4.77431173559952,46.991228599021944],[4.774220759403709,46.99114110283439],[4.774126696575157,46.99105058309775],[4.7740443860149915,46.991090681240834],[4.7739476943220085,46.991147345757796],[4.773730363556983,46.99130498143542],[4.773585534963469,46.9914420769606],[4.773479729643089,46.99135787909283],[4.773363043615339,46.99126055596807],[4.773352867012798,46.99126888954342],[4.773304699539768,46.991257364099],[4.7732625046542765,46.99124575584916],[4.772904180394578,46.991111268890286],[4.772831567767632,46.99108275590083],[4.7728459154280864,46.99106516347553],[4.772898077146235,46.99101633465441],[4.772926987003338,46.99098728836596],[4.7730123631430486,46.99090423181593],[4.773170085833242,46.99075057549201],[4.773202061436034,46.99072351729873],[4.773204377156736,46.990703047800324],[4.773082056155072,46.99061603245875],[4.772994058885233,46.99043755010138],[4.772955475634616,46.99049024991159],[4.772869639644662,46.9906049955189],[4.772784004151544,46.99072586184009],[4.772749457394351,46.990765216160355],[4.7727451859597965,46.990771414662255],[4.772729372089187,46.99079004724743],[4.772661433716163,46.99076759521277],[4.772501345930966,46.99071283250509],[4.772610379909436,46.99053131384272],[4.7726058608119155,46.99053036562825],[4.772647208869149,46.99047046394118],[4.772696798383247,46.990388984062925],[4.772546214388618,46.990396403781716],[4.772498496934566,46.99039816349498],[4.77245523858475,46.990399845681964],[4.772310760775089,46.990411259871365],[4.772189120708988,46.990435606489264],[4.771947233683715,46.99048224265477],[4.771816601350286,46.99050570032546],[4.771663878688677,46.99076656271939],[4.771417891106376,46.99073356039498],[4.771319732611004,46.99097314164351],[4.771262942445325,46.99097196918302],[4.771210638042923,46.99097072783344],[4.7711192075506315,46.99123371042255],[4.771024756670959,46.99149572162236],[4.770959007889275,46.99167656525043],[4.770961096958156,46.99169492278642],[4.771013582824658,46.991701276701015],[4.771097524213337,46.9917112273313],[4.771154482484585,46.99171750352562],[4.771293962721579,46.99173579625954],[4.771486451618365,46.991776779813954],[4.771524026991967,46.99178438006374],[4.771564635054597,46.991792951379935],[4.771646240127144,46.991822353737206],[4.771756575764936,46.99186255395945],[4.771813989941169,46.991883123854855],[4.7719256782949655,46.991919214566146],[4.772048327538674,46.99197046450616],[4.7725059183775675,46.99217188145329],[4.772578599638088,46.99220244689905],[4.772698217123958,46.99225271609071],[4.772767891889034,46.99228230096238],[4.772810221883586,46.992298004910296],[4.772920311348016,46.99233104830551],[4.772985165152219,46.99235048567348],[4.773053005496588,46.99236988611821],[4.773143704689781,46.99240322726563],[4.773264575358799,46.99244633511584],[4.773370339983448,46.99248353313596],[4.773364736347845,46.992494858354725],[4.773056561300788,46.99238719443674],[4.772804618149818,46.99230933010254],[4.772763774667546,46.992293603313506],[4.772695679769803,46.992266038457075],[4.772566989815347,46.992212837700414],[4.772459518413657,46.992168514663604],[4.772420174809093,46.99215276471497],[4.77199167035661,46.99197337892593],[4.771926616298362,46.99194781121516],[4.771775886372982,46.99190516950975],[4.7715312384981114,46.991822075194555],[4.771313339917399,46.99178045515016],[4.771220205548996,46.99176349528492],[4.771112039779745,46.99174369514098],[4.770960112690566,46.991710265562524],[4.770760031945474,46.99166531807792],[4.770740460887943,46.99166050320613],[4.770729935771844,46.99165862044302],[4.7707146835422165,46.99164864207195],[4.770682665992941,46.99162869953858],[4.770650681806129,46.99160977412647],[4.770627803211409,46.99159479755198],[4.7706152962298605,46.99162360052769],[4.7705665394164685,46.99173061574947],[4.770445523725006,46.99200222881624],[4.770400904115686,46.99209895901803],[4.770360502655388,46.99218745632675],[4.77048984660058,46.992261083358585],[4.770677268080159,46.992329730424714],[4.770835738323192,46.99238043192672],[4.770924769174492,46.99240869418208],[4.771018353284446,46.99243893977694],[4.77105609637782,46.99245164382919],[4.7711790806791194,46.99251310198747],[4.771236763605955,46.992541854209975],[4.771340934360107,46.992621999605],[4.771387087500314,46.99266318548539],[4.771419407288996,46.99269231798853],[4.771547710307744,46.99282522621934],[4.7716296054551695,46.9929087752979],[4.771719542144063,46.992964616447914],[4.771988185188141,46.99300544749897],[4.772031881164345,46.993017042177634],[4.772063497867006,46.99302472476823],[4.772133976655065,46.993033863789215],[4.772274893281946,46.99305008903689],[4.772385780169603,46.99306166917322],[4.772617865540255,46.993080591141634],[4.772673157959886,46.99308177697346],[4.77274630104998,46.99308065324249],[4.772995365469532,46.993070702539185],[4.773049205026838,46.9930729371632],[4.773203574050504,46.993089981214574],[4.7733190142295685,46.99310353477451],[4.773394012660063,46.993113621211506],[4.773449472979302,46.99311991931968],[4.773621860186003,46.99313974780938],[4.7737015998665555,46.99315793832932],[4.773879043402163,46.99319506067636],[4.773928497973465,46.993200433243615],[4.774114484750374,46.99322515814633],[4.774285151247075,46.99323786159653],[4.774728893435416,46.99333526009031],[4.7748914069996795,46.993372610533626],[4.775076734236563,46.99342289317799],[4.7751900285266276,46.9934620270283],[4.775249291027249,46.99344783188011],[4.775816708204546,46.99299155384037],[4.775992135860279,46.992876453781214]]]}},{"type":"Feature","id":"inao-denom-922","properties":{"id":"inao-denom-922","name":"Les Duresses","tier":"premier_cru","kind":"vineyard","appellationId":206,"denominationId":922,"sourceName":"Monthélie premier cru Les Duresses","communes":["21428"],"areaHa":6.6},"geometry":{"type":"MultiPolygon","coordinates":[[[[4.759138712979017,46.99216085768913],[4.7591182047443805,46.99203548751205],[4.75910218275221,46.991910057937005],[4.7590876338976384,46.991784596891144],[4.759076782907752,46.99168053992867],[4.759072333553972,46.99163565155363],[4.759062902593418,46.99152952865368],[4.759053784080793,46.991432595756486],[4.759035893587092,46.991341929437596],[4.75902859091702,46.991301164117154],[4.75901461781208,46.99123904902607],[4.759006394050798,46.99121566964801],[4.758978225265002,46.991130275220904],[4.758929356092911,46.99100533733994],[4.758905573372703,46.990916805101484],[4.758900951323586,46.99077484741448],[4.7588295765119195,46.99078410358598],[4.758136373488704,46.9908662004236],[4.757761515539123,46.99091073516195],[4.75783488493771,46.991100690257525],[4.757924727764066,46.99133740380487],[4.757934470675221,46.99136177774502],[4.757972099259358,46.99141638204459],[4.75802529707293,46.99149118292736],[4.7580879321704295,46.99158014996472],[4.758145848742813,46.99166202937736],[4.758214676047243,46.99175805247741],[4.758298600624677,46.99185895167522],[4.758325040413623,46.99189124826815],[4.758335950738646,46.99190538297343],[4.758430221240019,46.99200306249377],[4.758656193564098,46.9922468955515],[4.758982628668649,46.99218265343508],[4.759059777801466,46.992167167316474],[4.759138712979017,46.99216085768913]]],[[[4.759774621319764,46.993803400181264],[4.75970597241646,46.99352958579507],[4.759695782661586,46.99349193548852],[4.759630990856067,46.993382568380504],[4.759534387253432,46.99321340254138],[4.759516017289998,46.993199381699114],[4.759509911672585,46.99319538623985],[4.759490164385263,46.993139483118796],[4.759447331546311,46.993016506731905],[4.759409583193952,46.99291183332558],[4.759393288190089,46.99287018751959],[4.759352474404242,46.99276352555837],[4.759326435700356,46.992697505931105],[4.759238350324692,46.99246894378339],[4.759238885587854,46.99243930703763],[4.7593443393370825,46.99219246630917],[4.759325889776752,46.9921763933636],[4.75914127697244,46.99219351811119],[4.759056435881419,46.99220196205971],[4.759028306274893,46.992209541387155],[4.758636786088032,46.99229316518818],[4.758630547893161,46.99228509214606],[4.758308220223305,46.99192522173768],[4.758256973341202,46.99186469222307],[4.7581808402044965,46.99177389568206],[4.758057647350246,46.991613301917745],[4.757968386821073,46.99148591718604],[4.757897695095916,46.991378683298834],[4.757694578194146,46.99142367198892],[4.757498953164185,46.99146957284314],[4.757298987775549,46.99151961902299],[4.756836891067779,46.99163701114737],[4.756688584972325,46.99166889777077],[4.756734933566298,46.9917622020296],[4.756847913124986,46.99202205976844],[4.75690101839189,46.99213977444256],[4.75672566240856,46.99216594912708],[4.7565622709829345,46.99219295903546],[4.756391420461834,46.99222008225415],[4.7565173150420215,46.992555355040864],[4.756615662878736,46.99282463045017],[4.756798725941986,46.992805498112105],[4.756813585680635,46.99284921038812],[4.756822511023466,46.99284804784992],[4.756855213876008,46.992843470362764],[4.756889515661021,46.99284192143284],[4.756888348233264,46.992852160611925],[4.7568770423667,46.99291772272224],[4.756881166249689,46.99299838650046],[4.756886107225083,46.99310457783331],[4.756889134787849,46.9931515321748],[4.756890529740905,46.99319442281328],[4.756895304762556,46.99329551046833],[4.756904499327408,46.993394486546464],[4.756909146390739,46.99344550478508],[4.756922573136118,46.99349128314171],[4.75694965208415,46.99358896025137],[4.756954722746907,46.993607272558236],[4.756958207310618,46.993622547098475],[4.756963092054927,46.99363473840085],[4.756982591002368,46.993683486206386],[4.756985776662041,46.99368957053903],[4.7570004705010716,46.993728170107566],[4.757013578251358,46.99376373190833],[4.75703772960353,46.99381752406401],[4.75707325633963,46.99389974490451],[4.757102412095837,46.99396980607563],[4.7571063950538335,46.99400040061869],[4.757129782410293,46.99403069967056],[4.757150017178731,46.99405593152344],[4.757231754354595,46.994181387111745],[4.757287986718663,46.99425716872389],[4.757540685124708,46.994588464845904],[4.75761047872311,46.99457616272526],[4.757783458341054,46.99452243875708],[4.758004761594978,46.994439367376984],[4.758152629236834,46.99439420255539],[4.758340406309184,46.994336163702876],[4.758687848791232,46.99422869065218],[4.758851847039959,46.99417407529003],[4.759151552883933,46.9940683460856],[4.759372619398917,46.993978125137296],[4.759468676634812,46.9939470318849],[4.759710013974928,46.993837084998],[4.759774621319764,46.993803400181264]]]]}},{"type":"Feature","id":"inao-denom-923","properties":{"id":"inao-denom-923","name":"Les Riottes","tier":"premier_cru","kind":"vineyard","appellationId":206,"denominationId":923,"sourceName":"Monthélie premier cru Les Riottes","communes":["21428"],"areaHa":3.97},"geometry":{"type":"Polygon","coordinates":[[[4.7701097915581965,46.99679550596862],[4.770516800981743,46.996773934145786],[4.770389364036966,46.99634878670106],[4.770343015032399,46.996210531362905],[4.7703376919009,46.99618506395506],[4.770320845547708,46.996081099832395],[4.770306985659134,46.99597708988711],[4.770296145847751,46.99587406025039],[4.77029387612864,46.995850590280405],[4.770110279979571,46.99576246759003],[4.7699064559488855,46.99564910580293],[4.76988223044454,46.995639264955116],[4.769853565281838,46.99563050983807],[4.769794748077277,46.99561301338228],[4.769762908886691,46.995598174065606],[4.769746523997593,46.99559945200851],[4.769616930289472,46.99560961666495],[4.769634695613003,46.99555927271136],[4.7696077120583364,46.995510641671174],[4.7695967308238005,46.99549445578712],[4.7695858036721095,46.99548032236461],[4.769570450022504,46.99546727446427],[4.769555116545068,46.995455243892906],[4.769437946104657,46.995388588622625],[4.7692693718223795,46.99530329620036],[4.769231225615517,46.99527833201477],[4.769149932573871,46.9952131616383],[4.769105981215635,46.995193401635106],[4.769107696705842,46.99515455190709],[4.769056769245213,46.995104243553],[4.76901850989589,46.99507621910723],[4.768874893007558,46.99497726014564],[4.768775027187429,46.99489194036936],[4.768689094945368,46.9948217255727],[4.768601710229371,46.99475256862813],[4.768474566930515,46.99465540097082],[4.76842896230885,46.994630550837144],[4.768205031280423,46.9945420257137],[4.7680008527129,46.994463409938746],[4.767790851920543,46.99434401530055],[4.767657138169146,46.994319497066726],[4.767629275819487,46.99433524253088],[4.76761771161463,46.99434666775825],[4.767609120267352,46.994358038437895],[4.767602095511665,46.99437142940435],[4.7676013001428705,46.994803659426196],[4.767602875961388,46.99498857558433],[4.767600044873828,46.99508467335098],[4.767583614442683,46.99517586421949],[4.767583050446737,46.99520448384787],[4.767582599750426,46.99523616366549],[4.767584404414393,46.995291313711995],[4.7675941361597465,46.995360643318065],[4.767630102743327,46.99554708591683],[4.767629952809642,46.99558795590432],[4.767633845625379,46.99566146351678],[4.76763880375592,46.995721671458604],[4.767714199706045,46.995971882463294],[4.767746073201351,46.99607867860882],[4.767762442480749,46.996122366452774],[4.767959371621253,46.996527044619896],[4.767983668863189,46.99658492095667],[4.768055507951792,46.9967718223931],[4.768068343330039,46.99679921906683],[4.76814809323613,46.99695433533571],[4.7682693126488305,46.996961672629396],[4.768329149237147,46.996964844256475],[4.768455492397905,46.99694655378154],[4.7688557949824615,46.996902612501685],[4.7691313206619546,46.99687897244866],[4.769763883961241,46.99681307733262],[4.7701097915581965,46.99679550596862]]]}},{"type":"Feature","id":"inao-denom-924","properties":{"id":"inao-denom-924","name":"Les Vignes Rondes","tier":"premier_cru","kind":"vineyard","appellationId":206,"denominationId":924,"sourceName":"Monthélie premier cru Les Vignes Rondes","communes":["21428"],"areaHa":2.69},"geometry":{"type":"Polygon","coordinates":[[[4.771841661659075,46.993546183148],[4.771957888184918,46.99303759475393],[4.771929391475617,46.99303394379458],[4.771786854419926,46.99301365443127],[4.771575011039823,46.993019969124],[4.771224943494653,46.99304680393387],[4.770745448594717,46.99304292438599],[4.770615860911678,46.99305308117128],[4.7705352924297575,46.99305534413897],[4.770451228686161,46.99299634103491],[4.770384908953466,46.99297795138832],[4.770353506266525,46.99297638891761],[4.770239305398759,46.993000619217874],[4.770134076294014,46.99302471176658],[4.770055161607424,46.99303205524588],[4.769897211433159,46.99304265531843],[4.7696075177023225,46.99304301001642],[4.769323917137947,46.99304735912942],[4.769261332670686,46.99305138071869],[4.769161728060243,46.99306517369601],[4.769081861666532,46.99308887639388],[4.769024820231669,46.99312551246252],[4.7688976734428445,46.993210223863706],[4.768770593453719,46.99329698738529],[4.768867226124555,46.99346614548724],[4.768956759420095,46.99350972921156],[4.769038633028152,46.99354729744102],[4.769117654610637,46.993589006921695],[4.76936448115207,46.99373848978804],[4.769442705868104,46.99380166277939],[4.769523863273317,46.99386274645739],[4.769545289572224,46.99387877216852],[4.769756143201083,46.993978734356105],[4.769848616669666,46.99406621098048],[4.769902563807653,46.99411749932646],[4.769957943531276,46.994166712380064],[4.770005516558629,46.99420583272926],[4.7700313622162005,46.99421974627362],[4.77005866083688,46.99423261087716],[4.770076846475139,46.99424050905499],[4.770184387002095,46.99428687754152],[4.770347489022809,46.99438758024049],[4.770502958861045,46.99439234532713],[4.770611980176421,46.99439271674557],[4.770649335838048,46.99439316116179],[4.770686611662281,46.9943915715091],[4.77070296282129,46.99438927630289],[4.77075511637445,46.994385414030404],[4.770874127452917,46.99437132188196],[4.770991605389751,46.994356235499644],[4.771034686173286,46.994349441415636],[4.771126331467339,46.994320450376165],[4.771187162704631,46.99430827755754],[4.771357878392813,46.99427704593366],[4.771571708164572,46.99424004590253],[4.7716594492879025,46.994228477315346],[4.771693671651545,46.99422488992964],[4.7716962225002915,46.99421156739165],[4.771841661659075,46.993546183148]]]}},{"type":"Feature","id":"inao-denom-925","properties":{"id":"inao-denom-925","name":"Sur la Velle","tier":"premier_cru","kind":"vineyard","appellationId":206,"denominationId":925,"sourceName":"Monthélie premier cru Sur la Velle","communes":["21428"],"areaHa":6.14},"geometry":{"type":"Polygon","coordinates":[[[4.77444942777876,46.994101817289135],[4.77488849827652,46.993420682600245],[4.774692679051135,46.99336953438142],[4.7744789895637725,46.99331968730665],[4.774364645937999,46.99329386129661],[4.774277534453953,46.993278855524046],[4.774205521580281,46.99326871474303],[4.774133576135721,46.99326062617676],[4.773928172056638,46.99323619982593],[4.773850220511617,46.993227176773786],[4.773611524711964,46.9931889516313],[4.773293747281013,46.99315296804113],[4.773193137746668,46.99313612461159],[4.772979919708886,46.99310056857082],[4.772787701789748,46.993113743440716],[4.772678817142771,46.993117460596494],[4.772602587041356,46.993115560770995],[4.772427716712607,46.993111096577195],[4.772183049956955,46.99307296022189],[4.771957888184918,46.99303759475393],[4.771841661659075,46.993546183148],[4.7716962225002915,46.99421156739165],[4.771693671651545,46.99422488992964],[4.7716594492879025,46.994228477315346],[4.771571708164572,46.99424004590253],[4.771357878392813,46.99427704593366],[4.771356914389113,46.99429340603163],[4.771351029318518,46.9943415236368],[4.771223193202324,46.99435983131684],[4.771199014542642,46.994351007668634],[4.77105669554881,46.99438282984817],[4.770742876438328,46.9944223810322],[4.770483125898733,46.99442534923598],[4.770362192597782,46.99442617809858],[4.770225672462879,46.99436185578241],[4.769967778692531,46.994239111202056],[4.769929519483307,46.99421108705055],[4.769869995477315,46.99412617603115],[4.769843647963947,46.994096942496924],[4.769749821765997,46.99401357519099],[4.769925965361139,46.99496829326647],[4.769927820030353,46.99497950389281],[4.769951206917288,46.995100739702465],[4.770200582336714,46.99509998520585],[4.77028267410858,46.99509872579656],[4.770414067427862,46.99509772754756],[4.7705260227004755,46.99509600976621],[4.770556040339468,46.995100655388185],[4.770577065589938,46.99510442134473],[4.770775237381238,46.99513612422689],[4.77080078211212,46.99514083842738],[4.770875916871807,46.99515501301276],[4.771059491914622,46.995197151857575],[4.771321436427748,46.99526057456865],[4.771548261326071,46.99530103107718],[4.771552747445988,46.99530096220282],[4.771838188876724,46.99535277492525],[4.771985385670335,46.995378098964316],[4.772009431155862,46.99538284492916],[4.772212111152211,46.99541549377954],[4.772697730597599,46.99551430134364],[4.772739761201843,46.99552080613991],[4.772837053656535,46.99552748854602],[4.7730779744646465,46.99554217641043],[4.773176398010087,46.99553760206835],[4.773264630666601,46.99554135239952],[4.773434240406343,46.99556735682008],[4.773452225736663,46.99556912469021],[4.7735621586987635,46.99541518508943],[4.773594818701123,46.99536359388916],[4.773696285440802,46.99517912894036],[4.7738260149612675,46.99499117648718],[4.7739587630183715,46.99480418609279],[4.774003387836719,46.994753428451766],[4.774017749541649,46.9947358447003],[4.773969411228435,46.99471921590245],[4.773976602059116,46.99471092819368],[4.774192124914857,46.99445216841179],[4.774262237483822,46.99435912432545],[4.77444942777876,46.994101817289135]]]}},{"type":"Feature","id":"inao-denom-926","properties":{"id":"inao-denom-926","name":"Monthélie Premier Cru","tier":"premier_cru","kind":"appellation","appellationId":206,"denominationId":926,"sourceName":"Monthélie premier cru","communes":["21428"],"areaHa":40.11},"geometry":{"type":"MultiPolygon","coordinates":[[[[4.772197874139019,46.9900196073644],[4.771704737723976,46.98982690334656],[4.771464216668546,46.98973250651158],[4.771409777513723,46.989711881783535],[4.771262174270883,46.989673280056294],[4.77118915050076,46.98981438548687],[4.771179676792735,46.989844159629186],[4.771148016297691,46.990017329687234],[4.771144213664295,46.99003783096827],[4.772055929692175,46.99038145669853],[4.772313169317497,46.990347876863744],[4.772484407869702,46.990332980625155],[4.772712489730605,46.99032129937119],[4.772689568052962,46.990214366765706],[4.772197874139019,46.9900196073644]]],[[[4.75910218275221,46.991910057937005],[4.7590876338976384,46.991784596891144],[4.759076782907752,46.99168053992867],[4.759072333553972,46.99163565155363],[4.759062902593418,46.99152952865368],[4.759053784080793,46.991432595756486],[4.759035893587092,46.991341929437596],[4.75902859091702,46.991301164117154],[4.75901461781208,46.99123904902607],[4.759006394050798,46.99121566964801],[4.758978225265002,46.991130275220904],[4.758929356092911,46.99100533733994],[4.758905573372703,46.990916805101484],[4.758900951323586,46.99077484741448],[4.7588295765119195,46.99078410358598],[4.758136373488704,46.9908662004236],[4.757761515539123,46.99091073516195],[4.75783488493771,46.991100690257525],[4.757924727764066,46.99133740380487],[4.757934470675221,46.99136177774502],[4.757972099259358,46.99141638204459],[4.75802529707293,46.99149118292736],[4.7580879321704295,46.99158014996472],[4.758145848742813,46.99166202937736],[4.758214676047243,46.99175805247741],[4.758298600624677,46.99185895167522],[4.758325040413623,46.99189124826815],[4.758335950738646,46.99190538297343],[4.758430221240019,46.99200306249377],[4.758656193564098,46.9922468955515],[4.758982628668649,46.99218265343508],[4.759059777801466,46.992167167316474],[4.759138712979017,46.99216085768913],[4.7591182047443805,46.99203548751205],[4.75910218275221,46.991910057937005]]],[[[4.77530636036693,46.992275971149944],[4.775191055011654,46.99217556664293],[4.7750602952192995,46.99205904544452],[4.774978241515637,46.991970394928785],[4.774937924303544,46.99192503208448],[4.774781296768228,46.99174862441078],[4.774679102171694,46.99163779628055],[4.774618643982555,46.991570264909704],[4.774548825073752,46.99149062073001],[4.774516302960473,46.99145535931353],[4.774482327805724,46.991421137878],[4.774471513882241,46.99141006508614],[4.774439092393581,46.991377864035854],[4.774402064377692,46.99134165424098],[4.774354054606432,46.991289258980686],[4.77431173559952,46.991228599021944],[4.774220759403709,46.99114110283439],[4.774126696575157,46.99105058309775],[4.7740443860149915,46.991090681240834],[4.7739476943220085,46.991147345757796],[4.773730363556983,46.99130498143542],[4.773585534963469,46.9914420769606],[4.773479729643089,46.99135787909283],[4.773363043615339,46.99126055596807],[4.773352867012798,46.99126888954342],[4.773304699539768,46.991257364099],[4.7732625046542765,46.99124575584916],[4.772904180394578,46.991111268890286],[4.772831567767632,46.99108275590083],[4.7728459154280864,46.99106516347553],[4.772898077146235,46.99101633465441],[4.772926987003338,46.99098728836596],[4.7730123631430486,46.99090423181593],[4.773170085833242,46.99075057549201],[4.773202061436034,46.99072351729873],[4.773204377156736,46.990703047800324],[4.773082056155072,46.99061603245875],[4.772994058885233,46.99043755010138],[4.772955475634616,46.99049024991159],[4.772869639644662,46.9906049955189],[4.772784004151544,46.99072586184009],[4.772749457394351,46.990765216160355],[4.7727451859597965,46.990771414662255],[4.772729372089187,46.99079004724743],[4.772661433716163,46.99076759521277],[4.772501345930966,46.99071283250509],[4.772610379909436,46.99053131384272],[4.7726058608119155,46.99053036562825],[4.772647208869149,46.99047046394118],[4.772696798383247,46.990388984062925],[4.772546214388618,46.990396403781716],[4.772498496934566,46.99039816349498],[4.77245523858475,46.990399845681964],[4.772310760775089,46.990411259871365],[4.772189120708988,46.990435606489264],[4.771947233683715,46.99048224265477],[4.771816601350286,46.99050570032546],[4.771663878688677,46.99076656271939],[4.771417891106376,46.99073356039498],[4.771319732611004,46.99097314164351],[4.771262942445325,46.99097196918302],[4.771210638042923,46.99097072783344],[4.771097037531725,46.99096736544489],[4.771067155822742,46.99096679748003],[4.771086737895284,46.99060784553758],[4.770947012903014,46.990627362210574],[4.770943611750821,46.99066011405264],[4.770936033158793,46.99074810783662],[4.77093145351679,46.99083604658164],[4.770918197436402,46.99106922706209],[4.770622180311261,46.991104416439015],[4.770626063457153,46.99122288962951],[4.770645908721604,46.99128185147289],[4.770654418279034,46.99131339386519],[4.770458637100624,46.991354204034266],[4.7704647096893895,46.99135717278502],[4.7704768086737,46.99136210235818],[4.770487454500829,46.99136807187026],[4.770510613688928,46.99139121231826],[4.770506208014102,46.99139332421226],[4.770391260358579,46.99144004436468],[4.770079237620406,46.99107801221373],[4.770018718858983,46.991008435158605],[4.769956747390253,46.990939907005064],[4.7699506076359945,46.99093488596349],[4.76987104612558,46.99096778840551],[4.769796170807352,46.99100674277273],[4.769865801721791,46.991081286386176],[4.769868955060081,46.991086344236365],[4.769889027463982,46.991106470223514],[4.7699386329523605,46.99116191373399],[4.769983551623841,46.9912112872477],[4.770003724685947,46.991234482608135],[4.769880400536301,46.99129870270748],[4.769834891598378,46.99132290560298],[4.769767340669425,46.99135765901163],[4.769795139684057,46.99138584365626],[4.769682059081279,46.99144377354174],[4.7696263724210795,46.99147630060286],[4.769572118711048,46.991506770375835],[4.7696059233293635,46.991535880599606],[4.769627395204256,46.99155292323623],[4.7695322514842715,46.99161160450865],[4.769575382607787,46.991651810791865],[4.769478538211917,46.9917043852312],[4.769659024541296,46.99188043390819],[4.769723694969954,46.99193972601922],[4.769763539532681,46.99197079685236],[4.7698410594061205,46.99201251985981],[4.769971399935143,46.99207080451035],[4.770086542295941,46.99212115402348],[4.7701378632773395,46.9921377386491],[4.770360502655388,46.99218745632675],[4.77048984660058,46.992261083358585],[4.770677268080159,46.992329730424714],[4.770835738323192,46.99238043192672],[4.770924769174492,46.99240869418208],[4.771018353284446,46.99243893977694],[4.77105609637782,46.99245164382919],[4.7711790806791194,46.99251310198747],[4.771236763605955,46.992541854209975],[4.771340934360107,46.992621999605],[4.771387087500314,46.99266318548539],[4.771419407288996,46.99269231798853],[4.771547710307744,46.99282522621934],[4.7716296054551695,46.9929087752979],[4.771719542144063,46.992964616447914],[4.771988185188141,46.99300544749897],[4.772031881164345,46.993017042177634],[4.772063497867006,46.99302472476823],[4.772133976655065,46.993033863789215],[4.772274893281946,46.99305008903689],[4.772385780169603,46.99306166917322],[4.772617865540255,46.993080591141634],[4.772673157959886,46.99308177697346],[4.77274630104998,46.99308065324249],[4.772995365469532,46.993070702539185],[4.773049205026838,46.9930729371632],[4.773203574050504,46.993089981214574],[4.7733190142295685,46.99310353477451],[4.773394012660063,46.993113621211506],[4.773449472979302,46.99311991931968],[4.773621860186003,46.99313974780938],[4.7737015998665555,46.99315793832932],[4.773879043402163,46.99319506067636],[4.773928497973465,46.993200433243615],[4.774114484750374,46.99322515814633],[4.774285151247075,46.99323786159653],[4.774728893435416,46.99333526009031],[4.7748914069996795,46.993372610533626],[4.775076734236563,46.99342289317799],[4.7751900285266276,46.9934620270283],[4.775249291027249,46.99344783188011],[4.775816708204546,46.99299155384037],[4.775992135860279,46.992876453781214],[4.775444646989762,46.99239441154584],[4.77530636036693,46.992275971149944]],[[4.772804618149818,46.99230933010254],[4.772763774667546,46.992293603313506],[4.772695679769803,46.992266038457075],[4.772566989815347,46.992212837700414],[4.772459518413657,46.992168514663604],[4.772420174809093,46.99215276471497],[4.77199167035661,46.99197337892593],[4.771926616298362,46.99194781121516],[4.771775886372982,46.99190516950975],[4.7715312384981114,46.991822075194555],[4.771313339917399,46.99178045515016],[4.771220205548996,46.99176349528492],[4.771112039779745,46.99174369514098],[4.770960112690566,46.991710265562524],[4.770961096958156,46.99169492278642],[4.771013582824658,46.991701276701015],[4.771097524213337,46.9917112273313],[4.771154482484585,46.99171750352562],[4.771293962721579,46.99173579625954],[4.771486451618365,46.991776779813954],[4.771524026991967,46.99178438006374],[4.771564635054597,46.991792951379935],[4.771646240127144,46.991822353737206],[4.771756575764936,46.99186255395945],[4.771813989941169,46.991883123854855],[4.7719256782949655,46.991919214566146],[4.772048327538674,46.99197046450616],[4.7725059183775675,46.99217188145329],[4.772578599638088,46.99220244689905],[4.772698217123958,46.99225271609071],[4.772767891889034,46.99228230096238],[4.772810221883586,46.992298004910296],[4.772920311348016,46.99233104830551],[4.772985165152219,46.99235048567348],[4.773053005496588,46.99236988611821],[4.773143704689781,46.99240322726563],[4.773264575358799,46.99244633511584],[4.773370339983448,46.99248353313596],[4.773364736347845,46.992494858354725],[4.773056561300788,46.99238719443674],[4.772804618149818,46.99230933010254]]],[[[4.768291990245398,46.99176958545887],[4.768281422358611,46.991674719545024],[4.7682188931296485,46.991680784035324],[4.768131034806936,46.991688263288395],[4.768117565721846,46.99164146907889],[4.767978258053341,46.99167425006091],[4.767627029019955,46.99175626962603],[4.767295035208475,46.991832878260574],[4.767304414927817,46.99184601795713],[4.767297089762644,46.991850218730804],[4.767310721509168,46.99185614279608],[4.767333228482858,46.991904842939284],[4.767349416035475,46.991943427443815],[4.767362746844525,46.991940152317],[4.767367667061635,46.991953360316536],[4.767380701200389,46.991986877897865],[4.76739388250488,46.99202449080361],[4.76740536331123,46.992055987888065],[4.767430705737337,46.99205457304934],[4.767446071055401,46.99206762104708],[4.767439033402087,46.99208101221494],[4.767415290763919,46.99208546447805],[4.767418577633535,46.992094608920056],[4.7673517088143464,46.992104827978345],[4.767410993895577,46.99227354167869],[4.767425828500624,46.99231622646317],[4.767434724297922,46.99236002886234],[4.767439945258594,46.9923824270401],[4.767452395385322,46.99244354692926],[4.767454249454616,46.992454757604385],[4.767446857365974,46.99245691512377],[4.7674760257952,46.99252697370588],[4.767517518898463,46.99251714330803],[4.767494790521002,46.99246128708787],[4.767653256959228,46.99242105371822],[4.767798358690707,46.992383069176675],[4.767844337506345,46.9923731699322],[4.767875891087728,46.9924248022983],[4.7678947774862,46.992454141581604],[4.767912197805679,46.99248452997164],[4.767918557996237,46.99249668923841],[4.767936091951976,46.99253014681744],[4.767975906554115,46.99260616601451],[4.767999667060534,46.99264769632027],[4.768026547573045,46.992693267387835],[4.768049655256407,46.99266940850679],[4.768103075464122,46.99261341218151],[4.76815802883207,46.99255841898096],[4.768215954847955,46.992503371191056],[4.76835260069381,46.992297946990455],[4.768404587433818,46.99224401676545],[4.768488118237232,46.992149752935205],[4.7684802579926,46.9921376076829],[4.768573264034664,46.992013569888044],[4.768717553382363,46.99181415188263],[4.768471809660118,46.99178828100534],[4.768291990245398,46.99176958545887]]],[[[4.771581972963857,46.99291359522256],[4.771541858923383,46.99287436098645],[4.771430777182678,46.99276571082588],[4.7713152436351915,46.992658155550835],[4.771273810795167,46.9926240476898],[4.771212726717757,46.99258309096563],[4.771147103004084,46.99254015960473],[4.771113732223093,46.99252432653651],[4.770998989967482,46.992486237620206],[4.770869082562995,46.99244123083402],[4.770739121552996,46.99239418043795],[4.770557424468956,46.99231828611418],[4.770433536716215,46.99227420411682],[4.770356638849556,46.992251888195774],[4.770315541730115,46.99222799629351],[4.77030037625909,46.99222106946179],[4.770179595884977,46.99218102809865],[4.770066890298743,46.992159261336525],[4.769946827012068,46.9920957039157],[4.76973773435142,46.99200388326283],[4.769707283556984,46.99198596072115],[4.769560601796262,46.99183903136093],[4.769429788034807,46.99172046050823],[4.76930985496611,46.99161501504222],[4.769190457409545,46.99152590654752],[4.769123957513726,46.99154736007816],[4.768779627882772,46.99197668933214],[4.768758107536233,46.99200358597033],[4.768726576516214,46.9920439104241],[4.768636323266362,46.99216076465083],[4.768488030253813,46.992329588568374],[4.768438849484727,46.99237836960715],[4.768343352975474,46.992471790125926],[4.768286846766647,46.99252477193643],[4.768211537981373,46.992596422435476],[4.768139282388721,46.992670079386684],[4.7681336443451645,46.99268038722011],[4.768135431685027,46.992689554621016],[4.768357465966523,46.99294874833395],[4.768479301188823,46.99306643133121],[4.7686815437046235,46.993222731800714],[4.768734519251348,46.993244406913],[4.7690287859106,46.99306414104805],[4.769074584785341,46.993049137863636],[4.76912038333986,46.993034125659854],[4.769234584780248,46.993009896467115],[4.769350640599598,46.99299687780388],[4.769434462993271,46.99300274291497],[4.769652780904726,46.99301166051155],[4.769792980829549,46.99300643924823],[4.769928340184789,46.992990061989396],[4.770032765144965,46.99298641584046],[4.770071372182978,46.9929796907266],[4.7701426473882425,46.9929673582164],[4.770212355909168,46.99295300540916],[4.770283543909054,46.992937612218995],[4.770320048826206,46.99291252968265],[4.7703590239261615,46.992917037907425],[4.770392394728542,46.9929328711919],[4.770417972014585,46.99293861161151],[4.770524954598703,46.99296762538206],[4.770577662453214,46.992981117605474],[4.770697675126966,46.992997674545016],[4.77091772721985,46.993013713646235],[4.770976005769189,46.99301485445862],[4.771064100468025,46.993014528955186],[4.771152127877275,46.99301215112289],[4.771249114278803,46.993009644701466],[4.771366937312834,46.9930047740307],[4.771483159974463,46.99299685687322],[4.771611548770829,46.99299590330935],[4.77162023972335,46.99298760171771],[4.771627430683912,46.992979314150716],[4.771630316547309,46.99297620790998],[4.771626894888622,46.99296297707009],[4.771581972963857,46.99291359522256]]],[[[4.759695782661586,46.99349193548852],[4.759630990856067,46.993382568380504],[4.759534387253432,46.99321340254138],[4.759516017289998,46.993199381699114],[4.759509911672585,46.99319538623985],[4.759490164385263,46.993139483118796],[4.759447331546311,46.993016506731905],[4.759409583193952,46.99291183332558],[4.759393288190089,46.99287018751959],[4.759352474404242,46.99276352555837],[4.759326435700356,46.992697505931105],[4.759238350324692,46.99246894378339],[4.759238885587854,46.99243930703763],[4.7593443393370825,46.99219246630917],[4.759325889776752,46.9921763933636],[4.75914127697244,46.99219351811119],[4.759056435881419,46.99220196205971],[4.759028306274893,46.992209541387155],[4.758636786088032,46.99229316518818],[4.758630547893161,46.99228509214606],[4.758308220223305,46.99192522173768],[4.758256973341202,46.99186469222307],[4.7581808402044965,46.99177389568206],[4.758057647350246,46.991613301917745],[4.757968386821073,46.99148591718604],[4.757897695095916,46.991378683298834],[4.757694578194146,46.99142367198892],[4.757498953164185,46.99146957284314],[4.757298987775549,46.99151961902299],[4.756836891067779,46.99163701114737],[4.756688584972325,46.99166889777077],[4.756734933566298,46.9917622020296],[4.756847913124986,46.99202205976844],[4.75690101839189,46.99213977444256],[4.75672566240856,46.99216594912708],[4.7565622709829345,46.99219295903546],[4.756391420461834,46.99222008225415],[4.7565173150420215,46.992555355040864],[4.756615662878736,46.99282463045017],[4.756798725941986,46.992805498112105],[4.756813585680635,46.99284921038812],[4.756822511023466,46.99284804784992],[4.756855213876008,46.992843470362764],[4.756889515661021,46.99284192143284],[4.756888348233264,46.992852160611925],[4.7568770423667,46.99291772272224],[4.756881166249689,46.99299838650046],[4.756886107225083,46.99310457783331],[4.756889134787849,46.9931515321748],[4.756890529740905,46.99319442281328],[4.756895304762556,46.99329551046833],[4.756904499327408,46.993394486546464],[4.756909146390739,46.99344550478508],[4.756922573136118,46.99349128314171],[4.75694965208415,46.99358896025137],[4.756954722746907,46.993607272558236],[4.756958207310618,46.993622547098475],[4.756963092054927,46.99363473840085],[4.756982591002368,46.993683486206386],[4.756985776662041,46.99368957053903],[4.7570004705010716,46.993728170107566],[4.757013578251358,46.99376373190833],[4.75703772960353,46.99381752406401],[4.75707325633963,46.99389974490451],[4.757102412095837,46.99396980607563],[4.7571063950538335,46.99400040061869],[4.757129782410293,46.99403069967056],[4.757150017178731,46.99405593152344],[4.757231754354595,46.994181387111745],[4.757287986718663,46.99425716872389],[4.757540685124708,46.994588464845904],[4.75761047872311,46.99457616272526],[4.757783458341054,46.99452243875708],[4.758004761594978,46.994439367376984],[4.758152629236834,46.99439420255539],[4.758340406309184,46.994336163702876],[4.758687848791232,46.99422869065218],[4.758851847039959,46.99417407529003],[4.759151552883933,46.9940683460856],[4.759372619398917,46.993978125137296],[4.759468676634812,46.9939470318849],[4.759710013974928,46.993837084998],[4.759774621319764,46.993803400181264],[4.75970597241646,46.99352958579507],[4.759695782661586,46.99349193548852]]],[[[4.769338622279568,46.99500080568918],[4.769224620948204,46.99443851971546],[4.76905443938581,46.99361960478716],[4.769019602148192,46.99360481124196],[4.768983311976289,46.99359106660783],[4.768959200937638,46.993584285749556],[4.768919422557189,46.99355525791613],[4.768802806903691,46.99345997351035],[4.768763507106359,46.993354309038786],[4.768736926851635,46.99331793733062],[4.768686235471713,46.99327477569881],[4.768611654177102,46.993231980229766],[4.7685370192612,46.99318714124845],[4.768465324259928,46.99314123952038],[4.768434772763073,46.993120247255916],[4.768308948580738,46.992971979049095],[4.768204741743472,46.99302772710152],[4.768201835542011,46.9930298159244],[4.768169488373866,46.99304563927081],[4.76815635768677,46.99305503527506],[4.76812996283514,46.993069749755755],[4.768081611994393,46.99309807502813],[4.768056703350822,46.993112757711906],[4.7680083860178115,46.99314210908485],[4.767980558256411,46.993158889772594],[4.767899505430348,46.993191804608294],[4.767925838000491,46.99322102979524],[4.76797392328305,46.99327547075788],[4.767913326681382,46.99329479780497],[4.767811403108762,46.99332904998977],[4.767783341304749,46.993338683711855],[4.767903560014243,46.99349827742428],[4.767745679234492,46.99355690068418],[4.767691088058429,46.993577153242164],[4.767556862848207,46.99362825432944],[4.767422670663413,46.99368037239029],[4.767623730794192,46.99389187049874],[4.7679098707462275,46.99419300395886],[4.7679304609316455,46.99418349369897],[4.767942205521846,46.994177180892606],[4.767953052245209,46.994189280417814],[4.768117524750958,46.9943778334884],[4.768190491582761,46.99446254837704],[4.768455440254817,46.99457292303311],[4.768502557735976,46.9945977499693],[4.768513404669269,46.994609849440224],[4.768685455207775,46.99475639122076],[4.7687926259407805,46.99483649288275],[4.76894692197407,46.994942438728216],[4.769093538111787,46.99504134261314],[4.76911344454654,46.9950563650595],[4.769232323979396,46.99503819708763],[4.769342310921821,46.995022200627986],[4.769338756134132,46.99500489220963],[4.769338622279568,46.99500080568918]]],[[[4.761223077431893,46.995082040317754],[4.761190262215005,46.99503758499536],[4.761123012112756,46.99494461047982],[4.7610948827142705,46.99490620745314],[4.761030785668375,46.994818290963735],[4.760999603741559,46.99477789922496],[4.760970107991038,46.9947436055846],[4.76093448638241,46.99470429922155],[4.760869489258062,46.99463478591115],[4.760684381414271,46.99449967108953],[4.760595686932347,46.99443562542189],[4.760387657257485,46.99428451462924],[4.760317201117371,46.99423041191151],[4.76024521194839,46.99417530589477],[4.760177675819371,46.99411911426747],[4.75997973029128,46.99391062705345],[4.759924126778678,46.99385425327495],[4.759862331121975,46.993790823428995],[4.759616621125896,46.993903899245296],[4.759420752902729,46.9939886302528],[4.759270433491786,46.99405018836964],[4.759137732289805,46.99410228292483],[4.758839333183443,46.994202876965396],[4.758697439267332,46.99424795163709],[4.758265537961522,46.99437612787964],[4.758313947085545,46.994440789181716],[4.758121429124661,46.99504147197637],[4.758082301401244,46.995169786098096],[4.758190269735486,46.99518346863319],[4.758305141708317,46.99522565678441],[4.758516781555653,46.9953041758141],[4.7586952726571035,46.9953740049404],[4.758769416767203,46.99540353005943],[4.7590122056880375,46.99552142337595],[4.75908968893566,46.99556212742417],[4.7592531602484645,46.995675105555165],[4.759311218938936,46.995715087967504],[4.759343301262227,46.99573707689507],[4.759379956603069,46.99576206701177],[4.759413592156302,46.99578607651821],[4.759508838704651,46.99586738604521],[4.7595352041388415,46.99585165641749],[4.759854514596374,46.99565980286457],[4.759934197315911,46.995721933255],[4.76006187640812,46.99565255158552],[4.760092825260729,46.99568579663899],[4.760119234558705,46.99571706664815],[4.760181099302221,46.99578253958239],[4.760216701084612,46.9958208288318],[4.761360532049874,46.9952669354663],[4.761327716607576,46.995222480185625],[4.761255892996273,46.995126504631365],[4.761223077431893,46.995082040317754]]],[[[4.774364645937999,46.99329386129661],[4.774277534453953,46.993278855524046],[4.774205521580281,46.99326871474303],[4.774133576135721,46.99326062617676],[4.773928172056638,46.99323619982593],[4.773850220511617,46.993227176773786],[4.773611524711964,46.9931889516313],[4.773293747281013,46.99315296804113],[4.773193137746668,46.99313612461159],[4.772979919708886,46.99310056857082],[4.772787701789748,46.993113743440716],[4.772678817142771,46.993117460596494],[4.772602587041356,46.993115560770995],[4.772427716712607,46.993111096577195],[4.772183049956955,46.99307296022189],[4.771957888184918,46.99303759475393],[4.771929391475617,46.99303394379458],[4.771786854419926,46.99301365443127],[4.771575011039823,46.993019969124],[4.771224943494653,46.99304680393387],[4.770745448594717,46.99304292438599],[4.770615860911678,46.99305308117128],[4.7705352924297575,46.99305534413897],[4.770451228686161,46.99299634103491],[4.770384908953466,46.99297795138832],[4.770353506266525,46.99297638891761],[4.770239305398759,46.993000619217874],[4.770134076294014,46.99302471176658],[4.770055161607424,46.99303205524588],[4.769897211433159,46.99304265531843],[4.7696075177023225,46.99304301001642],[4.769323917137947,46.99304735912942],[4.769261332670686,46.99305138071869],[4.769161728060243,46.99306517369601],[4.769081861666532,46.99308887639388],[4.769024820231669,46.99312551246252],[4.7688976734428445,46.993210223863706],[4.768770593453719,46.99329698738529],[4.768867226124555,46.99346614548724],[4.768956759420095,46.99350972921156],[4.769038633028152,46.99354729744102],[4.769117654610637,46.993589006921695],[4.76936448115207,46.99373848978804],[4.769442705868104,46.99380166277939],[4.769523863273317,46.99386274645739],[4.769545289572224,46.99387877216852],[4.769756143201083,46.993978734356105],[4.769848616669666,46.99406621098048],[4.769902563807653,46.99411749932646],[4.769957943531276,46.994166712380064],[4.770005516558629,46.99420583272926],[4.7700313622162005,46.99421974627362],[4.77005866083688,46.99423261087716],[4.770076846475139,46.99424050905499],[4.770184387002095,46.99428687754152],[4.770347489022809,46.99438758024049],[4.770502958861045,46.99439234532713],[4.770611980176421,46.99439271674557],[4.770649335838048,46.99439316116179],[4.770686611662281,46.9943915715091],[4.77070296282129,46.99438927630289],[4.77075511637445,46.994385414030404],[4.770874127452917,46.99437132188196],[4.770991605389751,46.994356235499644],[4.771034686173286,46.994349441415636],[4.771126331467339,46.994320450376165],[4.771187162704631,46.99430827755754],[4.771357878392813,46.99427704593366],[4.771356914389113,46.99429340603163],[4.771351029318518,46.9943415236368],[4.771223193202324,46.99435983131684],[4.771199014542642,46.994351007668634],[4.77105669554881,46.99438282984817],[4.770742876438328,46.9944223810322],[4.770483125898733,46.99442534923598],[4.770362192597782,46.99442617809858],[4.770225672462879,46.99436185578241],[4.769967778692531,46.994239111202056],[4.769929519483307,46.99421108705055],[4.769869995477315,46.99412617603115],[4.769843647963947,46.994096942496924],[4.769749821765997,46.99401357519099],[4.769681679465809,46.99398498264216],[4.769602791035518,46.99394736907565],[4.769461432194689,46.99387188100856],[4.769436919393184,46.993852840685314],[4.769433498216125,46.993839609784104],[4.769392186358253,46.993809587984046],[4.7693494215949395,46.993780615095126],[4.769306736662603,46.99375367624829],[4.76915807392474,46.99368341503612],[4.769094050447903,46.993643519919736],[4.769283326947614,46.99454388645911],[4.769375864949849,46.99499819032949],[4.769379319503154,46.995012438357016],[4.769382807670194,46.99502771251503],[4.76938467538446,46.99503892294815],[4.769118653308012,46.99507876334367],[4.7691442036668645,46.99512946976052],[4.769398883491069,46.99533605418743],[4.7695749171314406,46.995421223025104],[4.7695961765722386,46.99543213606869],[4.769617536576624,46.995446118498585],[4.769635956698222,46.9954611636514],[4.769647305662893,46.99548857395869],[4.769647941441457,46.99550798042542],[4.769648443341184,46.995523300372646],[4.769638800582128,46.99554797068545],[4.769634695613003,46.99555927271136],[4.7696077120583364,46.995510641671174],[4.7695967308238005,46.99549445578712],[4.7695858036721095,46.99548032236461],[4.769570450022504,46.99546727446427],[4.769555116545068,46.995455243892906],[4.769437946104657,46.995388588622625],[4.7692693718223795,46.99530329620036],[4.769231225615517,46.99527833201477],[4.769149932573871,46.9952131616383],[4.769105981215635,46.995193401635106],[4.769107696705842,46.99515455190709],[4.769056769245213,46.995104243553],[4.76901850989589,46.99507621910723],[4.768874893007558,46.99497726014564],[4.768775027187429,46.99489194036936],[4.768689094945368,46.9948217255727],[4.768601710229371,46.99475256862813],[4.768474566930515,46.99465540097082],[4.76842896230885,46.994630550837144],[4.768205031280423,46.9945420257137],[4.7680008527129,46.994463409938746],[4.767790851920543,46.99434401530055],[4.767657138169146,46.994319497066726],[4.767629275819487,46.99433524253088],[4.76761771161463,46.99434666775825],[4.767609120267352,46.994358038437895],[4.767602095511665,46.99437142940435],[4.7676013001428705,46.994803659426196],[4.767602875961388,46.99498857558433],[4.767600044873828,46.99508467335098],[4.767583614442683,46.99517586421949],[4.767583050446737,46.99520448384787],[4.767582599750426,46.99523616366549],[4.767584404414393,46.995291313711995],[4.7675941361597465,46.995360643318065],[4.767630102743327,46.99554708591683],[4.767629952809642,46.99558795590432],[4.767633845625379,46.99566146351678],[4.76763880375592,46.995721671458604],[4.767714199706045,46.995971882463294],[4.767746073201351,46.99607867860882],[4.767762442480749,46.996122366452774],[4.767959371621253,46.996527044619896],[4.767983668863189,46.99658492095667],[4.768055507951792,46.9967718223931],[4.768068343330039,46.99679921906683],[4.76814809323613,46.99695433533571],[4.7682693126488305,46.996961672629396],[4.768329149237147,46.996964844256475],[4.768455492397905,46.99694655378154],[4.7688557949824615,46.996902612501685],[4.7691313206619546,46.99687897244866],[4.769763883961241,46.99681307733262],[4.7701097915581965,46.99679550596862],[4.770516800981743,46.996773934145786],[4.770389364036966,46.99634878670106],[4.770343015032399,46.996210531362905],[4.7703376919009,46.99618506395506],[4.770320845547708,46.996081099832395],[4.770306985659134,46.99597708988711],[4.770296145847751,46.99587406025039],[4.77029387612864,46.995850590280405],[4.770301482618067,46.99585456215647],[4.770368094198001,46.995882151202196],[4.770387666456654,46.995886957129485],[4.7705516713154985,46.99592429084494],[4.770747294934803,46.99596931627198],[4.770827050979738,46.99598750855971],[4.770942952227229,46.9960153584955],[4.770976057447727,46.99602302756216],[4.771110044608659,46.99605570597005],[4.771272831861399,46.99610123451037],[4.771316362531758,46.99610771680195],[4.7713553736699925,46.99611325081536],[4.771416662473811,46.99611537189189],[4.771587203438879,46.99612399280362],[4.771596162659299,46.99612385525372],[4.771711361344988,46.99613026370759],[4.7717564457371795,46.99613876626569],[4.771780504697137,46.99614351207507],[4.771803117450016,46.996150315367075],[4.7718166969091875,46.99615419543187],[4.7719441170216905,46.99621456709278],[4.77200178380136,46.996242292567274],[4.772413789529033,46.9964188610806],[4.772469622035765,46.99643640206986],[4.77253296029929,46.996454836372386],[4.7725692199199745,46.99646756274952],[4.772674330190283,46.99653032061465],[4.772712411815344,46.99655324039489],[4.772824981923042,46.996615883524484],[4.772983332619829,46.996662495493595],[4.772999919253629,46.996667355863735],[4.773072304876185,46.99668872179753],[4.773138918899583,46.996716309236604],[4.773146492035613,46.99671925479507],[4.773150629747243,46.99670896977633],[4.773174499453642,46.99666262902987],[4.773195382390946,46.99661632516813],[4.773213245472225,46.99656905006601],[4.773220034209075,46.99654850286757],[4.773241757919804,46.99643679588283],[4.773257855321933,46.996290431461475],[4.773327460166203,46.99613609423816],[4.773357371409978,46.99600075657421],[4.77336294201817,46.995988414240465],[4.773566549614503,46.99563991729796],[4.7735600533118,46.995623662838895],[4.773494792860281,46.99559196626987],[4.773452225736663,46.99556912469021],[4.7735621586987635,46.99541518508943],[4.773594818701123,46.99536359388916],[4.773696285440802,46.99517912894036],[4.7738260149612675,46.99499117648718],[4.7739587630183715,46.99480418609279],[4.774003387836719,46.994753428451766],[4.774017749541649,46.9947358447003],[4.773969411228435,46.99471921590245],[4.773976602059116,46.99471092819368],[4.774192124914857,46.99445216841179],[4.774262237483822,46.99435912432545],[4.77444942777876,46.994101817289135],[4.77488849827652,46.993420682600245],[4.774692679051135,46.99336953438142],[4.7744789895637725,46.99331968730665],[4.774364645937999,46.99329386129661]]]]}},{"type":"Feature","id":"inao-denom-1992","properties":{"id":"inao-denom-1992","name":"Clos des Toisières","tier":"premier_cru","kind":"vineyard","appellationId":206,"denominationId":1992,"sourceName":"Monthélie premier cru Clos des Toisières","communes":["21428"],"areaHa":0.45},"geometry":{"type":"Polygon","coordinates":[[[4.771409777513723,46.989711881783535],[4.771262174270883,46.989673280056294],[4.77118915050076,46.98981438548687],[4.771179676792735,46.989844159629186],[4.771148016297691,46.990017329687234],[4.771144213664295,46.99003783096827],[4.772055929692175,46.99038145669853],[4.772313169317497,46.990347876863744],[4.772484407869702,46.990332980625155],[4.772712489730605,46.99032129937119],[4.772689568052962,46.990214366765706],[4.772197874139019,46.9900196073644],[4.771704737723976,46.98982690334656],[4.771464216668546,46.98973250651158],[4.771409777513723,46.989711881783535]]]}},{"type":"Feature","id":"inao-denom-1993","properties":{"id":"inao-denom-1993","name":"Le Clou des Chênes","tier":"premier_cru","kind":"vineyard","appellationId":206,"denominationId":1993,"sourceName":"Monthélie premier cru Le Clou des Chênes","communes":["21428"],"areaHa":1.63},"geometry":{"type":"Polygon","coordinates":[[[4.773566549614503,46.99563991729796],[4.7735600533118,46.995623662838895],[4.773494792860281,46.99559196626987],[4.773452225736663,46.99556912469021],[4.773434240406343,46.99556735682008],[4.773264630666601,46.99554135239952],[4.773176398010087,46.99553760206835],[4.7730779744646465,46.99554217641043],[4.772837053656535,46.99552748854602],[4.772739761201843,46.99552080613991],[4.772697730597599,46.99551430134364],[4.772212111152211,46.99541549377954],[4.772009431155862,46.99538284492916],[4.771985385670335,46.995378098964316],[4.771838188876724,46.99535277492525],[4.771552747445988,46.99530096220282],[4.771548261326071,46.99530103107718],[4.771321436427748,46.99526057456865],[4.771322039156088,46.99527895489756],[4.771354971640505,46.99610099126541],[4.7713553736699925,46.99611325081536],[4.771416662473811,46.99611537189189],[4.771587203438879,46.99612399280362],[4.771596162659299,46.99612385525372],[4.771711361344988,46.99613026370759],[4.7717564457371795,46.99613876626569],[4.771780504697137,46.99614351207507],[4.771803117450016,46.996150315367075],[4.7718166969091875,46.99615419543187],[4.7719441170216905,46.99621456709278],[4.77200178380136,46.996242292567274],[4.772413789529033,46.9964188610806],[4.772469622035765,46.99643640206986],[4.77253296029929,46.996454836372386],[4.7725692199199745,46.99646756274952],[4.772674330190283,46.99653032061465],[4.772712411815344,46.99655324039489],[4.772824981923042,46.996615883524484],[4.772983332619829,46.996662495493595],[4.772999919253629,46.996667355863735],[4.773072304876185,46.99668872179753],[4.773138918899583,46.996716309236604],[4.773146492035613,46.99671925479507],[4.773150629747243,46.99670896977633],[4.773174499453642,46.99666262902987],[4.773195382390946,46.99661632516813],[4.773213245472225,46.99656905006601],[4.773220034209075,46.99654850286757],[4.773241757919804,46.99643679588283],[4.773257855321933,46.996290431461475],[4.773327460166203,46.99613609423816],[4.773357371409978,46.99600075657421],[4.77336294201817,46.995988414240465],[4.773566549614503,46.99563991729796]]]}},{"type":"Feature","id":"inao-denom-1994","properties":{"id":"inao-denom-1994","name":"Les Barbières","tier":"premier_cru","kind":"vineyard","appellationId":206,"denominationId":1994,"sourceName":"Monthélie premier cru Les Barbières","communes":["21428"],"areaHa":1.21},"geometry":{"type":"Polygon","coordinates":[[[4.771316362531758,46.99610771680195],[4.7713553736699925,46.99611325081536],[4.771354971640505,46.99610099126541],[4.771322039156088,46.99527895489756],[4.771321436427748,46.99526057456865],[4.771059491914622,46.995197151857575],[4.770875916871807,46.99515501301276],[4.77080078211212,46.99514083842738],[4.770775237381238,46.99513612422689],[4.770577065589938,46.99510442134473],[4.770556040339468,46.995100655388185],[4.7705260227004755,46.99509600976621],[4.770414067427862,46.99509772754756],[4.77028267410858,46.99509872579656],[4.770200582336714,46.99509998520585],[4.769951206917288,46.995100739702465],[4.769927820030353,46.99497950389281],[4.769793641477867,46.99498667717161],[4.7696669014203605,46.9949927005616],[4.769544634571124,46.994998664218954],[4.7694999326202305,46.99500139402214],[4.76944035270658,46.995006396242445],[4.769379319503154,46.995012438357016],[4.769382807670194,46.99502771251503],[4.76938467538446,46.99503892294815],[4.769118653308012,46.99507876334367],[4.7691442036668645,46.99512946976052],[4.769398883491069,46.99533605418743],[4.7695749171314406,46.995421223025104],[4.7695961765722386,46.99543213606869],[4.769617536576624,46.995446118498585],[4.769635956698222,46.9954611636514],[4.769647305662893,46.99548857395869],[4.769647941441457,46.99550798042542],[4.769648443341184,46.995523300372646],[4.769638800582128,46.99554797068545],[4.769634695613003,46.99555927271136],[4.769616930289472,46.99560961666495],[4.769746523997593,46.99559945200851],[4.769762908886691,46.995598174065606],[4.769794748077277,46.99561301338228],[4.769853565281838,46.99563050983807],[4.76988223044454,46.995639264955116],[4.7699064559488855,46.99564910580293],[4.770110279979571,46.99576246759003],[4.77029387612864,46.995850590280405],[4.770301482618067,46.99585456215647],[4.770368094198001,46.995882151202196],[4.770387666456654,46.995886957129485],[4.7705516713154985,46.99592429084494],[4.770747294934803,46.99596931627198],[4.770827050979738,46.99598750855971],[4.770942952227229,46.9960153584955],[4.770976057447727,46.99602302756216],[4.771110044608659,46.99605570597005],[4.771272831861399,46.99610123451037],[4.771316362531758,46.99610771680195]]]}},{"type":"Feature","id":"inao-denom-1995","properties":{"id":"inao-denom-1995","name":"Les Clous","tier":"premier_cru","kind":"vineyard","appellationId":206,"denominationId":1995,"sourceName":"Monthélie premier cru Les Clous","communes":["21428"],"areaHa":3.38},"geometry":{"type":"Polygon","coordinates":[[[4.760216701084612,46.9958208288318],[4.761360532049874,46.9952669354663],[4.761327716607576,46.995222480185625],[4.761255892996273,46.995126504631365],[4.761223077431893,46.995082040317754],[4.761190262215005,46.99503758499536],[4.761123012112756,46.99494461047982],[4.7610948827142705,46.99490620745314],[4.761030785668375,46.994818290963735],[4.760999603741559,46.99477789922496],[4.760970107991038,46.9947436055846],[4.76093448638241,46.99470429922155],[4.760869489258062,46.99463478591115],[4.760684381414271,46.99449967108953],[4.760595686932347,46.99443562542189],[4.760387657257485,46.99428451462924],[4.760317201117371,46.99423041191151],[4.76024521194839,46.99417530589477],[4.760177675819371,46.99411911426747],[4.75997973029128,46.99391062705345],[4.759924126778678,46.99385425327495],[4.759862331121975,46.993790823428995],[4.759616621125896,46.993903899245296],[4.759420752902729,46.9939886302528],[4.759270433491786,46.99405018836964],[4.759137732289805,46.99410228292483],[4.758839333183443,46.994202876965396],[4.758697439267332,46.99424795163709],[4.758265537961522,46.99437612787964],[4.758313947085545,46.994440789181716],[4.758121429124661,46.99504147197637],[4.758082301401244,46.995169786098096],[4.758190269735486,46.99518346863319],[4.758305141708317,46.99522565678441],[4.758516781555653,46.9953041758141],[4.7586952726571035,46.9953740049404],[4.758769416767203,46.99540353005943],[4.7590122056880375,46.99552142337595],[4.75908968893566,46.99556212742417],[4.7592531602484645,46.995675105555165],[4.759311218938936,46.995715087967504],[4.759343301262227,46.99573707689507],[4.759379956603069,46.99576206701177],[4.759413592156302,46.99578607651821],[4.759508838704651,46.99586738604521],[4.7595352041388415,46.99585165641749],[4.759854514596374,46.99565980286457],[4.759934197315911,46.995721933255],[4.76006187640812,46.99565255158552],[4.760092825260729,46.99568579663899],[4.760119234558705,46.99571706664815],[4.760181099302221,46.99578253958239],[4.760216701084612,46.9958208288318]]]}},{"type":"Feature","id":"commune-21428","properties":{"id":"commune-21428","name":"MONTHELIE","kind":"commune","tier":"commune"},"geometry":{"type":"MultiPolygon","coordinates":[[[[4.7617681,46.9885745],[4.7621329,46.9886135],[4.7626398,46.9886962],[4.7637312,46.9888303],[4.7642535,46.9888561],[4.7653898,46.9888665],[4.7658921,46.9888461],[4.7662422,46.9888043],[4.7669569,46.988664],[4.7672507,46.9886122],[4.768214,46.9886515],[4.7688774,46.9887989],[4.7697154,46.9889374],[4.7698398,46.9889734],[4.7705519,46.989312],[4.7707385,46.989374],[4.7710982,46.9894722],[4.771596,46.9896079],[4.7723843,46.9897926],[4.7726815,46.9899226],[4.7732462,46.9902119],[4.7735811,46.9904074],[4.7738188,46.9906206],[4.7739984,46.990794],[4.7742836,46.9910867],[4.7745373,46.9913713],[4.7750439,46.9919248],[4.7751875,46.9920852],[4.7755089,46.9923689],[4.7758584,46.9926706],[4.7760806,46.9928757],[4.7759468,46.9929295],[4.7758656,46.9929775],[4.775655,46.9931514],[4.7753282,46.993415],[4.7752367,46.9934931],[4.7749269,46.9933976],[4.7748749,46.9934823],[4.7746389,46.9938375],[4.7745062,46.9940453],[4.7743166,46.9943079],[4.7742703,46.9943695],[4.774183,46.9944826],[4.7740933,46.994595],[4.7740012,46.9947063],[4.774017,46.9947248],[4.7740021,46.9947423],[4.7739587,46.994793],[4.7738256,46.9949806],[4.7736952,46.9951688],[4.7735946,46.9953528],[4.7735617,46.9954045],[4.7734509,46.9955585],[4.7734942,46.9955807],[4.77356,46.9956129],[4.7735658,46.9956292],[4.7733619,46.9959779],[4.7733574,46.9959895],[4.7733276,46.9961249],[4.7732579,46.99628],[4.7732416,46.9964264],[4.7732197,46.9965376],[4.7732128,46.9965577],[4.7731948,46.996605],[4.7731739,46.9966517],[4.7731506,46.9966978],[4.7731455,46.9967082],[4.7731594,46.996713],[4.7731531,46.9967303],[4.7731178,46.9968261],[4.7731097,46.9968557],[4.7730981,46.996997],[4.7730752,46.9971194],[4.7730732,46.997139],[4.7730771,46.9972743],[4.7730807,46.9974525],[4.7725174,46.998342],[4.7719649,46.9992064],[4.7718176,46.9994321],[4.7717441,46.9995465],[4.7716765,46.999651],[4.7716011,46.9997669],[4.7715303,46.9998738],[4.7713348,47.000174],[4.7712551,47.0002947],[4.771039,47.0006268],[4.7710378,47.0006287],[4.7707641,47.0010478],[4.7706668,47.001201],[4.7706184,47.0012971],[4.7706584,47.0014657],[4.7707162,47.0015495],[4.7708509,47.0016432],[4.7710439,47.001756],[4.7711568,47.0017991],[4.7711729,47.0018052],[4.7711967,47.0018536],[4.7713139,47.0019055],[4.7713524,47.0018926],[4.7714218,47.0019293],[4.7712568,47.0020122],[4.7711228,47.0020664],[4.7709862,47.0021171],[4.7708469,47.0021647],[4.7707053,47.0022086],[4.7705612,47.0022491],[4.7704618,47.0022749],[4.770075,47.0023781],[4.7699342,47.0024114],[4.7697915,47.002441],[4.7696329,47.0024693],[4.769589,47.0025447],[4.7695502,47.0026216],[4.7695362,47.0026523],[4.7694903,47.0027405],[4.7694078,47.002852],[4.7693493,47.0029307],[4.7692859,47.0030077],[4.7692688,47.0030273],[4.7691731,47.0031204],[4.7691095,47.0031727],[4.7690342,47.0031851],[4.7688974,47.0032074],[4.7688747,47.0034208],[4.7671467,47.004271],[4.7667955,47.0044459],[4.7666533,47.0045282],[4.7662808,47.0047565],[4.76618,47.0047609],[4.7660742,47.0050879],[4.7660205,47.0051588],[4.7659328,47.005233],[4.7657561,47.0054056],[4.765756,47.0054271],[4.7657229,47.0055183],[4.7656929,47.0055706],[4.7657885,47.0056027],[4.7657479,47.0057665],[4.7657265,47.0059464],[4.7656255,47.0059245],[4.7654886,47.0061362],[4.7653795,47.0062248],[4.7652739,47.0064509],[4.7652167,47.0065526],[4.7649409,47.0070042],[4.7648642,47.0070862],[4.7646038,47.0072833],[4.7643476,47.0074831],[4.7642139,47.0075896],[4.7640755,47.0077876],[4.7639419,47.0079873],[4.7638756,47.00809],[4.7637642,47.0089249],[4.7635814,47.0104166],[4.7636085,47.0106904],[4.7635553,47.0107674],[4.7631065,47.0113876],[4.7627486,47.0118975],[4.7626938,47.0119755],[4.7626426,47.0120496],[4.7615138,47.0123667],[4.7598078,47.012831],[4.7597339,47.0127769],[4.7597022,47.0127729],[4.7595793,47.0126002],[4.7595171,47.0124474],[4.7594348,47.0122504],[4.759347,47.0120445],[4.7592641,47.0118366],[4.7592384,47.0116997],[4.7592041,47.0114884],[4.7591787,47.0114055],[4.7591233,47.0112562],[4.7590618,47.0111216],[4.7589956,47.0109935],[4.7589436,47.0109368],[4.7588335,47.0108346],[4.7586237,47.0107124],[4.7584882,47.0106489],[4.7581905,47.0105125],[4.7576802,47.0102831],[4.7573061,47.0101139],[4.7569428,47.0099515],[4.7563838,47.0097049],[4.7556086,47.0093779],[4.7555698,47.0093662],[4.7544787,47.0097631],[4.753637,47.0100862],[4.7535686,47.0101312],[4.7535319,47.0101785],[4.7528807,47.0104205],[4.74986,47.0112363],[4.7498586,47.0112094],[4.7498304,47.0109902],[4.7498193,47.0109048],[4.7498039,47.0108009],[4.749767,47.0106963],[4.7497388,47.0106159],[4.7497179,47.0105568],[4.7496365,47.0103126],[4.7495098,47.0098995],[4.7494437,47.0096806],[4.7496251,47.0093953],[4.7497829,47.0091571],[4.7499667,47.0088735],[4.7507619,47.007664],[4.7510236,47.0072636],[4.7512259,47.006958],[4.7514211,47.0066601],[4.75158,47.0064205],[4.7516852,47.0062632],[4.7518843,47.00595],[4.7520778,47.0056589],[4.7522132,47.0054483],[4.7523248,47.0052784],[4.7525629,47.0049176],[4.7525763,47.0048149],[4.7525935,47.0046796],[4.7526064,47.0045769],[4.7526189,47.0044958],[4.7526291,47.0044491],[4.7526418,47.0043377],[4.7526545,47.0042257],[4.7526627,47.0041518],[4.7526664,47.0041129],[4.752677,47.0040016],[4.7526844,47.0039237],[4.7526947,47.0038435],[4.7527035,47.0037773],[4.7527122,47.0037117],[4.7527183,47.0036643],[4.7527311,47.0035672],[4.7527734,47.0032451],[4.7528041,47.0029861],[4.7528661,47.0023943],[4.7528768,47.0022813],[4.752902,47.0020408],[4.7529329,47.0017683],[4.752957,47.0015321],[4.7529649,47.0013895],[4.7529657,47.0012457],[4.7529757,47.0009826],[4.7529785,47.0007559],[4.7529829,47.0005324],[4.7529853,47.0002828],[4.7529838,46.9999706],[4.7529945,46.9996714],[4.753016,46.9988552],[4.7530099,46.9986641],[4.7530126,46.9986232],[4.7531642,46.9982558],[4.7532382,46.997994],[4.7532771,46.9977524],[4.7532801,46.9975073],[4.7532684,46.9972525],[4.7532679,46.9970015],[4.7532489,46.9968424],[4.7531932,46.9965768],[4.753073,46.9962827],[4.7529134,46.9959269],[4.7527848,46.995606],[4.7527225,46.9953393],[4.752713,46.9950442],[4.7527078,46.9947794],[4.7527195,46.9946509],[4.7527932,46.9945351],[4.7531083,46.9942625],[4.7533436,46.9940491],[4.7535441,46.993858],[4.7536418,46.9936621],[4.7537748,46.9934192],[4.7538735,46.9932564],[4.7540408,46.9930174],[4.7541579,46.9927806],[4.7542157,46.9924771],[4.754275,46.9924585],[4.7544083,46.9924045],[4.754789,46.9922309],[4.7553027,46.9919933],[4.7555528,46.9918902],[4.7557908,46.9918501],[4.7558953,46.9918213],[4.7561185,46.9917748],[4.7565887,46.9916797],[4.7568365,46.9916263],[4.7572989,46.9915092],[4.7574985,46.991459],[4.7576947,46.9914131],[4.7578968,46.991368],[4.7579338,46.9913509],[4.7579247,46.9913269],[4.7578351,46.9910898],[4.7577613,46.9908996],[4.7581354,46.990855],[4.758829,46.9907731],[4.7589008,46.9907643],[4.7588974,46.9906943],[4.7588819,46.9906088],[4.7588589,46.9904847],[4.7588492,46.9904327],[4.7588393,46.9903797],[4.758833,46.9903455],[4.7588043,46.9901907],[4.7588016,46.9901757],[4.7587794,46.9900824],[4.7587403,46.9899218],[4.75874,46.9898847],[4.7587393,46.9898147],[4.7587108,46.9897411],[4.7586803,46.9896619],[4.7586718,46.989554],[4.7586672,46.989492],[4.7586637,46.9894462],[4.758658,46.989381],[4.7586504,46.9893131],[4.7586283,46.9891155],[4.7586579,46.9890896],[4.7585939,46.9886911],[4.7591595,46.9887475],[4.7594617,46.988756],[4.7608662,46.9886575],[4.7617681,46.9885745]]]]}}],"overviewFills":[{"type":"Feature","id":"overview-premier_cru","properties":{"id":"overview-premier_cru","kind":"vineyard","tier":"premier_cru"},"geometry":{"type":"MultiPolygon","coordinates":[[[[4.759076782907752,46.99168053992867],[4.759072333553972,46.99163565155363],[4.759062902593418,46.99152952865368],[4.759053784080793,46.991432595756486],[4.759035893587092,46.991341929437596],[4.75902859091702,46.991301164117154],[4.75901461781208,46.99123904902607],[4.759006394050798,46.99121566964801],[4.758978225265002,46.991130275220904],[4.758929356092911,46.99100533733994],[4.758905573372703,46.990916805101484],[4.758900951323586,46.99077484741448],[4.7588295765119195,46.99078410358598],[4.758136373488704,46.9908662004236],[4.757761515539123,46.99091073516195],[4.75783488493771,46.991100690257525],[4.757924727764066,46.99133740380487],[4.757934470675221,46.99136177774502],[4.757972099259358,46.99141638204459],[4.75802529707293,46.99149118292736],[4.7580879321704295,46.99158014996472],[4.758145848742813,46.99166202937736],[4.758214676047243,46.99175805247741],[4.758298600624677,46.99185895167522],[4.758325040413623,46.99189124826815],[4.758335950738646,46.99190538297343],[4.758430221240019,46.99200306249377],[4.758656193564098,46.9922468955515],[4.758982628668649,46.99218265343508],[4.759059777801466,46.992167167316474],[4.759138712979017,46.99216085768913],[4.7591182047443805,46.99203548751205],[4.75910218275221,46.991910057937005],[4.7590876338976384,46.991784596891144],[4.759076782907752,46.99168053992867]]],[[[4.767297089762644,46.991850218730804],[4.767310721509168,46.99185614279608],[4.767333228482858,46.991904842939284],[4.767349416035475,46.991943427443815],[4.767362746844525,46.991940152317],[4.767367667061635,46.991953360316536],[4.767380701200389,46.991986877897865],[4.76739388250488,46.99202449080361],[4.76740536331123,46.992055987888065],[4.767430705737337,46.99205457304934],[4.767446071055401,46.99206762104708],[4.767439033402087,46.99208101221494],[4.767415290763919,46.99208546447805],[4.767418577633535,46.992094608920056],[4.7673517088143464,46.992104827978345],[4.767410993895577,46.99227354167869],[4.767425828500624,46.99231622646317],[4.767434724297922,46.99236002886234],[4.767439945258594,46.9923824270401],[4.767452395385322,46.99244354692926],[4.767454249454616,46.992454757604385],[4.767446857365974,46.99245691512377],[4.7674760257952,46.99252697370588],[4.767517518898463,46.99251714330803],[4.767494790521002,46.99246128708787],[4.767653256959228,46.99242105371822],[4.767798358690707,46.992383069176675],[4.767844337506345,46.9923731699322],[4.767875891087728,46.9924248022983],[4.7678947774862,46.992454141581604],[4.767912197805679,46.99248452997164],[4.767918557996237,46.99249668923841],[4.767936091951976,46.99253014681744],[4.767975906554115,46.99260616601451],[4.767999667060534,46.99264769632027],[4.768026547573045,46.992693267387835],[4.768049655256407,46.99266940850679],[4.768103075464122,46.99261341218151],[4.76815802883207,46.99255841898096],[4.768215954847955,46.992503371191056],[4.76835260069381,46.992297946990455],[4.768404587433818,46.99224401676545],[4.768488118237232,46.992149752935205],[4.7684802579926,46.9921376076829],[4.768573264034664,46.992013569888044],[4.768717553382363,46.99181415188263],[4.768471809660118,46.99178828100534],[4.768291990245398,46.99176958545887],[4.768281422358611,46.991674719545024],[4.7682188931296485,46.991680784035324],[4.768131034806936,46.991688263288395],[4.768117565721846,46.99164146907889],[4.767978258053341,46.99167425006091],[4.767627029019955,46.99175626962603],[4.767295035208475,46.991832878260574],[4.767304414927817,46.99184601795713],[4.767297089762644,46.991850218730804]]],[[[4.770066890298743,46.992159261336525],[4.769946827012068,46.9920957039157],[4.76973773435142,46.99200388326283],[4.769707283556984,46.99198596072115],[4.769560601796262,46.99183903136093],[4.769429788034807,46.99172046050823],[4.76930985496611,46.99161501504222],[4.769190457409545,46.99152590654752],[4.769123957513726,46.99154736007816],[4.768779627882772,46.99197668933214],[4.768758107536233,46.99200358597033],[4.768726576516214,46.9920439104241],[4.768636323266362,46.99216076465083],[4.768488030253813,46.992329588568374],[4.768438849484727,46.99237836960715],[4.768343352975474,46.992471790125926],[4.768286846766647,46.99252477193643],[4.768211537981373,46.992596422435476],[4.768139282388721,46.992670079386684],[4.7681336443451645,46.99268038722011],[4.768135431685027,46.992689554621016],[4.768357465966523,46.99294874833395],[4.768479301188823,46.99306643133121],[4.7686815437046235,46.993222731800714],[4.768734519251348,46.993244406913],[4.7690287859106,46.99306414104805],[4.769074584785341,46.993049137863636],[4.76912038333986,46.993034125659854],[4.769234584780248,46.993009896467115],[4.769350640599598,46.99299687780388],[4.769434462993271,46.99300274291497],[4.769652780904726,46.99301166051155],[4.769792980829549,46.99300643924823],[4.769928340184789,46.992990061989396],[4.770032765144965,46.99298641584046],[4.770071372182978,46.9929796907266],[4.7701426473882425,46.9929673582164],[4.770212355909168,46.99295300540916],[4.770283543909054,46.992937612218995],[4.770320048826206,46.99291252968265],[4.7703590239261615,46.992917037907425],[4.770392394728542,46.9929328711919],[4.770417972014585,46.99293861161151],[4.770524954598703,46.99296762538206],[4.770577662453214,46.992981117605474],[4.770697675126966,46.992997674545016],[4.77091772721985,46.993013713646235],[4.770976005769189,46.99301485445862],[4.771064100468025,46.993014528955186],[4.771152127877275,46.99301215112289],[4.771249114278803,46.993009644701466],[4.771366937312834,46.9930047740307],[4.771483159974463,46.99299685687322],[4.771611548770829,46.99299590330935],[4.77162023972335,46.99298760171771],[4.771627430683912,46.992979314150716],[4.771630316547309,46.99297620790998],[4.771626894888622,46.99296297707009],[4.771581972963857,46.99291359522256],[4.771541858923383,46.99287436098645],[4.771430777182678,46.99276571082588],[4.7713152436351915,46.992658155550835],[4.771273810795167,46.9926240476898],[4.771212726717757,46.99258309096563],[4.771147103004084,46.99254015960473],[4.771113732223093,46.99252432653651],[4.770998989967482,46.992486237620206],[4.770869082562995,46.99244123083402],[4.770739121552996,46.99239418043795],[4.770557424468956,46.99231828611418],[4.770433536716215,46.99227420411682],[4.770356638849556,46.992251888195774],[4.770315541730115,46.99222799629351],[4.77030037625909,46.99222106946179],[4.770179595884977,46.99218102809865],[4.770066890298743,46.992159261336525]]],[[[4.759534387253432,46.99321340254138],[4.759516017289998,46.993199381699114],[4.759509911672585,46.99319538623985],[4.759490164385263,46.993139483118796],[4.759447331546311,46.993016506731905],[4.759409583193952,46.99291183332558],[4.759393288190089,46.99287018751959],[4.759352474404242,46.99276352555837],[4.759326435700356,46.992697505931105],[4.759238350324692,46.99246894378339],[4.759238885587854,46.99243930703763],[4.7593443393370825,46.99219246630917],[4.759325889776752,46.9921763933636],[4.75914127697244,46.99219351811119],[4.759056435881419,46.99220196205971],[4.759028306274893,46.992209541387155],[4.758636786088032,46.99229316518818],[4.758630547893161,46.99228509214606],[4.758308220223305,46.99192522173768],[4.758256973341202,46.99186469222307],[4.7581808402044965,46.99177389568206],[4.758057647350246,46.991613301917745],[4.757968386821073,46.99148591718604],[4.757897695095916,46.991378683298834],[4.757694578194146,46.99142367198892],[4.757498953164185,46.99146957284314],[4.757298987775549,46.99151961902299],[4.756836891067779,46.99163701114737],[4.756688584972325,46.99166889777077],[4.756734933566298,46.9917622020296],[4.756847913124986,46.99202205976844],[4.75690101839189,46.99213977444256],[4.75672566240856,46.99216594912708],[4.7565622709829345,46.99219295903546],[4.756391420461834,46.99222008225415],[4.7565173150420215,46.992555355040864],[4.756615662878736,46.99282463045017],[4.756798725941986,46.992805498112105],[4.756813585680635,46.99284921038812],[4.756822511023466,46.99284804784992],[4.756855213876008,46.992843470362764],[4.756889515661021,46.99284192143284],[4.756888348233264,46.992852160611925],[4.7568770423667,46.99291772272224],[4.756881166249689,46.99299838650046],[4.756886107225083,46.99310457783331],[4.756889134787849,46.9931515321748],[4.756890529740905,46.99319442281328],[4.756895304762556,46.99329551046833],[4.756904499327408,46.993394486546464],[4.756909146390739,46.99344550478508],[4.756922573136118,46.99349128314171],[4.75694965208415,46.99358896025137],[4.756954722746907,46.993607272558236],[4.756958207310618,46.993622547098475],[4.756963092054927,46.99363473840085],[4.756982591002368,46.993683486206386],[4.756985776662041,46.99368957053903],[4.7570004705010716,46.993728170107566],[4.757013578251358,46.99376373190833],[4.75703772960353,46.99381752406401],[4.75707325633963,46.99389974490451],[4.757102412095837,46.99396980607563],[4.7571063950538335,46.99400040061869],[4.757129782410293,46.99403069967056],[4.757150017178731,46.99405593152344],[4.757231754354595,46.994181387111745],[4.757287986718663,46.99425716872389],[4.757540685124708,46.994588464845904],[4.75761047872311,46.99457616272526],[4.757783458341054,46.99452243875708],[4.758004761594978,46.994439367376984],[4.758152629236834,46.99439420255539],[4.758340406309184,46.994336163702876],[4.758687848791232,46.99422869065218],[4.758851847039959,46.99417407529003],[4.759151552883933,46.9940683460856],[4.759372619398917,46.993978125137296],[4.759468676634812,46.9939470318849],[4.759710013974928,46.993837084998],[4.759774621319764,46.993803400181264],[4.75970597241646,46.99352958579507],[4.759695782661586,46.99349193548852],[4.759630990856067,46.993382568380504],[4.759534387253432,46.99321340254138]]],[[[4.76905443938581,46.99361960478716],[4.769019602148192,46.99360481124196],[4.768983311976289,46.99359106660783],[4.768959200937638,46.993584285749556],[4.768919422557189,46.99355525791613],[4.768802806903691,46.99345997351035],[4.768763507106359,46.993354309038786],[4.768736926851635,46.99331793733062],[4.768686235471713,46.99327477569881],[4.768611654177102,46.993231980229766],[4.7685370192612,46.99318714124845],[4.768465324259928,46.99314123952038],[4.768434772763073,46.993120247255916],[4.768308948580738,46.992971979049095],[4.768204741743472,46.99302772710152],[4.768201835542011,46.9930298159244],[4.768169488373866,46.99304563927081],[4.76815635768677,46.99305503527506],[4.76812996283514,46.993069749755755],[4.768081611994393,46.99309807502813],[4.768056703350822,46.993112757711906],[4.7680083860178115,46.99314210908485],[4.767980558256411,46.993158889772594],[4.767899505430348,46.993191804608294],[4.767925838000491,46.99322102979524],[4.76797392328305,46.99327547075788],[4.767913326681382,46.99329479780497],[4.767811403108762,46.99332904998977],[4.767783341304749,46.993338683711855],[4.767903560014243,46.99349827742428],[4.767745679234492,46.99355690068418],[4.767691088058429,46.993577153242164],[4.767556862848207,46.99362825432944],[4.767422670663413,46.99368037239029],[4.767623730794192,46.99389187049874],[4.7679098707462275,46.99419300395886],[4.7679304609316455,46.99418349369897],[4.767942205521846,46.994177180892606],[4.767953052245209,46.994189280417814],[4.768117524750958,46.9943778334884],[4.768190491582761,46.99446254837704],[4.768455440254817,46.99457292303311],[4.768502557735976,46.9945977499693],[4.768513404669269,46.994609849440224],[4.768685455207775,46.99475639122076],[4.7687926259407805,46.99483649288275],[4.76894692197407,46.994942438728216],[4.769093538111787,46.99504134261314],[4.76911344454654,46.9950563650595],[4.769232323979396,46.99503819708763],[4.769342310921821,46.995022200627986],[4.769338756134132,46.99500489220963],[4.769338622279568,46.99500080568918],[4.769224620948204,46.99443851971546],[4.76905443938581,46.99361960478716]]],[[[4.769602791035518,46.99394736907565],[4.769461432194689,46.99387188100856],[4.769436919393184,46.993852840685314],[4.769433498216125,46.993839609784104],[4.769392186358253,46.993809587984046],[4.7693494215949395,46.993780615095126],[4.769306736662603,46.99375367624829],[4.76915807392474,46.99368341503612],[4.769094050447903,46.993643519919736],[4.769283326947614,46.99454388645911],[4.769375864949849,46.99499819032949],[4.769379319503154,46.995012438357016],[4.769382807670194,46.99502771251503],[4.76938467538446,46.99503892294815],[4.769118653308012,46.99507876334367],[4.7691442036668645,46.99512946976052],[4.769398883491069,46.99533605418743],[4.7695749171314406,46.995421223025104],[4.7695961765722386,46.99543213606869],[4.769617536576624,46.995446118498585],[4.769635956698222,46.9954611636514],[4.769647305662893,46.99548857395869],[4.769647941441457,46.99550798042542],[4.769648443341184,46.995523300372646],[4.769638800582128,46.99554797068545],[4.769634695613003,46.99555927271136],[4.7696077120583364,46.995510641671174],[4.7695967308238005,46.99549445578712],[4.7695858036721095,46.99548032236461],[4.769570450022504,46.99546727446427],[4.769555116545068,46.995455243892906],[4.769437946104657,46.995388588622625],[4.7692693718223795,46.99530329620036],[4.769231225615517,46.99527833201477],[4.769149932573871,46.9952131616383],[4.769105981215635,46.995193401635106],[4.769107696705842,46.99515455190709],[4.769056769245213,46.995104243553],[4.76901850989589,46.99507621910723],[4.768874893007558,46.99497726014564],[4.768775027187429,46.99489194036936],[4.768689094945368,46.9948217255727],[4.768601710229371,46.99475256862813],[4.768474566930515,46.99465540097082],[4.76842896230885,46.994630550837144],[4.768205031280423,46.9945420257137],[4.7680008527129,46.994463409938746],[4.767790851920543,46.99434401530055],[4.767657138169146,46.994319497066726],[4.767629275819487,46.99433524253088],[4.76761771161463,46.99434666775825],[4.767609120267352,46.994358038437895],[4.767602095511665,46.99437142940435],[4.7676013001428705,46.994803659426196],[4.767602875961388,46.99498857558433],[4.767600044873828,46.99508467335098],[4.767583614442683,46.99517586421949],[4.767583050446737,46.99520448384787],[4.767582599750426,46.99523616366549],[4.767584404414393,46.995291313711995],[4.7675941361597465,46.995360643318065],[4.767630102743327,46.99554708591683],[4.767629952809642,46.99558795590432],[4.767633845625379,46.99566146351678],[4.76763880375592,46.995721671458604],[4.767714199706045,46.995971882463294],[4.767746073201351,46.99607867860882],[4.767762442480749,46.996122366452774],[4.767959371621253,46.996527044619896],[4.767983668863189,46.99658492095667],[4.768055507951792,46.9967718223931],[4.768068343330039,46.99679921906683],[4.76814809323613,46.99695433533571],[4.7682693126488305,46.996961672629396],[4.768329149237147,46.996964844256475],[4.768455492397905,46.99694655378154],[4.7688557949824615,46.996902612501685],[4.7691313206619546,46.99687897244866],[4.769763883961241,46.99681307733262],[4.7701097915581965,46.99679550596862],[4.770516800981743,46.996773934145786],[4.770389364036966,46.99634878670106],[4.770343015032399,46.996210531362905],[4.7703376919009,46.99618506395506],[4.770320845547708,46.996081099832395],[4.770306985659134,46.99597708988711],[4.770296145847751,46.99587406025039],[4.77029387612864,46.995850590280405],[4.770301482618067,46.99585456215647],[4.770368094198001,46.995882151202196],[4.770387666456654,46.995886957129485],[4.7705516713154985,46.99592429084494],[4.770747294934803,46.99596931627198],[4.770827050979738,46.99598750855971],[4.770942952227229,46.9960153584955],[4.770976057447727,46.99602302756216],[4.771110044608659,46.99605570597005],[4.771272831861399,46.99610123451037],[4.771316362531758,46.99610771680195],[4.7713553736699925,46.99611325081536],[4.771416662473811,46.99611537189189],[4.771587203438879,46.99612399280362],[4.771596162659299,46.99612385525372],[4.771711361344988,46.99613026370759],[4.7717564457371795,46.99613876626569],[4.771780504697137,46.99614351207507],[4.771803117450016,46.996150315367075],[4.7718166969091875,46.99615419543187],[4.7719441170216905,46.99621456709278],[4.77200178380136,46.996242292567274],[4.772413789529033,46.9964188610806],[4.772469622035765,46.99643640206986],[4.77253296029929,46.996454836372386],[4.7725692199199745,46.99646756274952],[4.772674330190283,46.99653032061465],[4.772712411815344,46.99655324039489],[4.772824981923042,46.996615883524484],[4.772983332619829,46.996662495493595],[4.772999919253629,46.996667355863735],[4.773072304876185,46.99668872179753],[4.773138918899583,46.996716309236604],[4.773146492035613,46.99671925479507],[4.773150629747243,46.99670896977633],[4.773174499453642,46.99666262902987],[4.773195382390946,46.99661632516813],[4.773213245472225,46.99656905006601],[4.773220034209075,46.99654850286757],[4.773241757919804,46.99643679588283],[4.773257855321933,46.996290431461475],[4.773327460166203,46.99613609423816],[4.773357371409978,46.99600075657421],[4.77336294201817,46.995988414240465],[4.773566549614503,46.99563991729796],[4.7735600533118,46.995623662838895],[4.773494792860281,46.99559196626987],[4.773452225736663,46.99556912469021],[4.7735621586987635,46.99541518508943],[4.773594818701123,46.99536359388916],[4.773696285440802,46.99517912894036],[4.7738260149612675,46.99499117648718],[4.7739587630183715,46.99480418609279],[4.774003387836719,46.994753428451766],[4.774017749541649,46.9947358447003],[4.773969411228435,46.99471921590245],[4.773976602059116,46.99471092819368],[4.774192124914857,46.99445216841179],[4.774262237483822,46.99435912432545],[4.77444942777876,46.994101817289135],[4.77488849827652,46.993420682600245],[4.774692679051135,46.99336953438142],[4.7744789895637725,46.99331968730665],[4.774364645937999,46.99329386129661],[4.774277534453953,46.993278855524046],[4.774205521580281,46.99326871474303],[4.774133576135721,46.99326062617676],[4.773928172056638,46.99323619982593],[4.773850220511617,46.993227176773786],[4.773611524711964,46.9931889516313],[4.773293747281013,46.99315296804113],[4.773193137746668,46.99313612461159],[4.772979919708886,46.99310056857082],[4.772787701789748,46.993113743440716],[4.772678817142771,46.993117460596494],[4.772602587041356,46.993115560770995],[4.772427716712607,46.993111096577195],[4.772183049956955,46.99307296022189],[4.771957888184918,46.99303759475393],[4.771929391475617,46.99303394379458],[4.771786854419926,46.99301365443127],[4.771575011039823,46.993019969124],[4.771224943494653,46.99304680393387],[4.770745448594717,46.99304292438599],[4.770615860911678,46.99305308117128],[4.7705352924297575,46.99305534413897],[4.770451228686161,46.99299634103491],[4.770384908953466,46.99297795138832],[4.770353506266525,46.99297638891761],[4.770239305398759,46.993000619217874],[4.770134076294014,46.99302471176658],[4.770055161607424,46.99303205524588],[4.769897211433159,46.99304265531843],[4.7696075177023225,46.99304301001642],[4.769323917137947,46.99304735912942],[4.769261332670686,46.99305138071869],[4.769161728060243,46.99306517369601],[4.769081861666532,46.99308887639388],[4.769024820231669,46.99312551246252],[4.7688976734428445,46.993210223863706],[4.768770593453719,46.99329698738529],[4.768867226124555,46.99346614548724],[4.768956759420095,46.99350972921156],[4.769038633028152,46.99354729744102],[4.769117654610637,46.993589006921695],[4.76936448115207,46.99373848978804],[4.769442705868104,46.99380166277939],[4.769523863273317,46.99386274645739],[4.769545289572224,46.99387877216852],[4.769756143201083,46.993978734356105],[4.769848616669666,46.99406621098048],[4.769902563807653,46.99411749932646],[4.769957943531276,46.994166712380064],[4.770005516558629,46.99420583272926],[4.7700313622162005,46.99421974627362],[4.77005866083688,46.99423261087716],[4.770076846475139,46.99424050905499],[4.770184387002095,46.99428687754152],[4.770347489022809,46.99438758024049],[4.770502958861045,46.99439234532713],[4.770611980176421,46.99439271674557],[4.770649335838048,46.99439316116179],[4.770686611662281,46.9943915715091],[4.77070296282129,46.99438927630289],[4.77075511637445,46.994385414030404],[4.770874127452917,46.99437132188196],[4.770991605389751,46.994356235499644],[4.771034686173286,46.994349441415636],[4.771126331467339,46.994320450376165],[4.771187162704631,46.99430827755754],[4.771357878392813,46.99427704593366],[4.771356914389113,46.99429340603163],[4.771351029318518,46.9943415236368],[4.771223193202324,46.99435983131684],[4.771199014542642,46.994351007668634],[4.77105669554881,46.99438282984817],[4.770742876438328,46.9944223810322],[4.770483125898733,46.99442534923598],[4.770362192597782,46.99442617809858],[4.770225672462879,46.99436185578241],[4.769967778692531,46.994239111202056],[4.769929519483307,46.99421108705055],[4.769869995477315,46.99412617603115],[4.769843647963947,46.994096942496924],[4.769749821765997,46.99401357519099],[4.769681679465809,46.99398498264216],[4.769602791035518,46.99394736907565]]],[[[4.761223077431893,46.995082040317754],[4.761190262215005,46.99503758499536],[4.761123012112756,46.99494461047982],[4.7610948827142705,46.99490620745314],[4.761030785668375,46.994818290963735],[4.760999603741559,46.99477789922496],[4.760970107991038,46.9947436055846],[4.76093448638241,46.99470429922155],[4.760869489258062,46.99463478591115],[4.760684381414271,46.99449967108953],[4.760595686932347,46.99443562542189],[4.760387657257485,46.99428451462924],[4.760317201117371,46.99423041191151],[4.76024521194839,46.99417530589477],[4.760177675819371,46.99411911426747],[4.75997973029128,46.99391062705345],[4.759924126778678,46.99385425327495],[4.759862331121975,46.993790823428995],[4.759616621125896,46.993903899245296],[4.759420752902729,46.9939886302528],[4.759270433491786,46.99405018836964],[4.759137732289805,46.99410228292483],[4.758839333183443,46.994202876965396],[4.758697439267332,46.99424795163709],[4.758265537961522,46.99437612787964],[4.758313947085545,46.994440789181716],[4.758121429124661,46.99504147197637],[4.758082301401244,46.995169786098096],[4.758190269735486,46.99518346863319],[4.758305141708317,46.99522565678441],[4.758516781555653,46.9953041758141],[4.7586952726571035,46.9953740049404],[4.758769416767203,46.99540353005943],[4.7590122056880375,46.99552142337595],[4.75908968893566,46.99556212742417],[4.7592531602484645,46.995675105555165],[4.759311218938936,46.995715087967504],[4.759343301262227,46.99573707689507],[4.759379956603069,46.99576206701177],[4.759413592156302,46.99578607651821],[4.759508838704651,46.99586738604521],[4.7595352041388415,46.99585165641749],[4.759854514596374,46.99565980286457],[4.759934197315911,46.995721933255],[4.76006187640812,46.99565255158552],[4.760092825260729,46.99568579663899],[4.760119234558705,46.99571706664815],[4.760181099302221,46.99578253958239],[4.760216701084612,46.9958208288318],[4.761360532049874,46.9952669354663],[4.761327716607576,46.995222480185625],[4.761255892996273,46.995126504631365],[4.761223077431893,46.995082040317754]]],[[[4.771148016297691,46.990017329687234],[4.771144213664295,46.99003783096827],[4.772055929692175,46.99038145669853],[4.772313169317497,46.990347876863744],[4.772484407869702,46.990332980625155],[4.772712489730605,46.99032129937119],[4.772689568052962,46.990214366765706],[4.772197874139019,46.9900196073644],[4.771704737723976,46.98982690334656],[4.771464216668546,46.98973250651158],[4.771409777513723,46.989711881783535],[4.771262174270883,46.989673280056294],[4.77118915050076,46.98981438548687],[4.771179676792735,46.989844159629186],[4.771148016297691,46.990017329687234]]],[[[4.770947012903014,46.990627362210574],[4.770943611750821,46.99066011405264],[4.770936033158793,46.99074810783662],[4.77093145351679,46.99083604658164],[4.770918197436402,46.99106922706209],[4.770622180311261,46.991104416439015],[4.770626063457153,46.99122288962951],[4.770645908721604,46.99128185147289],[4.770654418279034,46.99131339386519],[4.770458637100624,46.991354204034266],[4.7704647096893895,46.99135717278502],[4.7704768086737,46.99136210235818],[4.770487454500829,46.99136807187026],[4.770510613688928,46.99139121231826],[4.770506208014102,46.99139332421226],[4.770391260358579,46.99144004436468],[4.770079237620406,46.99107801221373],[4.770018718858983,46.991008435158605],[4.769956747390253,46.990939907005064],[4.7699506076359945,46.99093488596349],[4.76987104612558,46.99096778840551],[4.769796170807352,46.99100674277273],[4.769865801721791,46.991081286386176],[4.769868955060081,46.991086344236365],[4.769889027463982,46.991106470223514],[4.7699386329523605,46.99116191373399],[4.769983551623841,46.9912112872477],[4.770003724685947,46.991234482608135],[4.769880400536301,46.99129870270748],[4.769834891598378,46.99132290560298],[4.769767340669425,46.99135765901163],[4.769795139684057,46.99138584365626],[4.769682059081279,46.99144377354174],[4.7696263724210795,46.99147630060286],[4.769572118711048,46.991506770375835],[4.7696059233293635,46.991535880599606],[4.769627395204256,46.99155292323623],[4.7695322514842715,46.99161160450865],[4.769575382607787,46.991651810791865],[4.769478538211917,46.9917043852312],[4.769659024541296,46.99188043390819],[4.769723694969954,46.99193972601922],[4.769763539532681,46.99197079685236],[4.7698410594061205,46.99201251985981],[4.769971399935143,46.99207080451035],[4.770086542295941,46.99212115402348],[4.7701378632773395,46.9921377386491],[4.770360502655388,46.99218745632675],[4.77048984660058,46.992261083358585],[4.770677268080159,46.992329730424714],[4.770835738323192,46.99238043192672],[4.770924769174492,46.99240869418208],[4.771018353284446,46.99243893977694],[4.77105609637782,46.99245164382919],[4.7711790806791194,46.99251310198747],[4.771236763605955,46.992541854209975],[4.771340934360107,46.992621999605],[4.771387087500314,46.99266318548539],[4.771419407288996,46.99269231798853],[4.771547710307744,46.99282522621934],[4.7716296054551695,46.9929087752979],[4.771719542144063,46.992964616447914],[4.771988185188141,46.99300544749897],[4.772031881164345,46.993017042177634],[4.772063497867006,46.99302472476823],[4.772133976655065,46.993033863789215],[4.772274893281946,46.99305008903689],[4.772385780169603,46.99306166917322],[4.772617865540255,46.993080591141634],[4.772673157959886,46.99308177697346],[4.77274630104998,46.99308065324249],[4.772995365469532,46.993070702539185],[4.773049205026838,46.9930729371632],[4.773203574050504,46.993089981214574],[4.7733190142295685,46.99310353477451],[4.773394012660063,46.993113621211506],[4.773449472979302,46.99311991931968],[4.773621860186003,46.99313974780938],[4.7737015998665555,46.99315793832932],[4.773879043402163,46.99319506067636],[4.773928497973465,46.993200433243615],[4.774114484750374,46.99322515814633],[4.774285151247075,46.99323786159653],[4.774728893435416,46.99333526009031],[4.7748914069996795,46.993372610533626],[4.775076734236563,46.99342289317799],[4.7751900285266276,46.9934620270283],[4.775249291027249,46.99344783188011],[4.775816708204546,46.99299155384037],[4.775992135860279,46.992876453781214],[4.775444646989762,46.99239441154584],[4.77530636036693,46.992275971149944],[4.775191055011654,46.99217556664293],[4.7750602952192995,46.99205904544452],[4.774978241515637,46.991970394928785],[4.774937924303544,46.99192503208448],[4.774781296768228,46.99174862441078],[4.774679102171694,46.99163779628055],[4.774618643982555,46.991570264909704],[4.774548825073752,46.99149062073001],[4.774516302960473,46.99145535931353],[4.774482327805724,46.991421137878],[4.774471513882241,46.99141006508614],[4.774439092393581,46.991377864035854],[4.774402064377692,46.99134165424098],[4.774354054606432,46.991289258980686],[4.77431173559952,46.991228599021944],[4.774220759403709,46.99114110283439],[4.774126696575157,46.99105058309775],[4.7740443860149915,46.991090681240834],[4.7739476943220085,46.991147345757796],[4.773730363556983,46.99130498143542],[4.773585534963469,46.9914420769606],[4.773479729643089,46.99135787909283],[4.773363043615339,46.99126055596807],[4.773352867012798,46.99126888954342],[4.773304699539768,46.991257364099],[4.7732625046542765,46.99124575584916],[4.772904180394578,46.991111268890286],[4.772831567767632,46.99108275590083],[4.7728459154280864,46.99106516347553],[4.772898077146235,46.99101633465441],[4.772926987003338,46.99098728836596],[4.7730123631430486,46.99090423181593],[4.773170085833242,46.99075057549201],[4.773202061436034,46.99072351729873],[4.773204377156736,46.990703047800324],[4.773082056155072,46.99061603245875],[4.772994058885233,46.99043755010138],[4.772955475634616,46.99049024991159],[4.772869639644662,46.9906049955189],[4.772784004151544,46.99072586184009],[4.772749457394351,46.990765216160355],[4.7727451859597965,46.990771414662255],[4.772729372089187,46.99079004724743],[4.772661433716163,46.99076759521277],[4.772501345930966,46.99071283250509],[4.772610379909436,46.99053131384272],[4.7726058608119155,46.99053036562825],[4.772647208869149,46.99047046394118],[4.772696798383247,46.990388984062925],[4.772546214388618,46.990396403781716],[4.772498496934566,46.99039816349498],[4.77245523858475,46.990399845681964],[4.772310760775089,46.990411259871365],[4.772189120708988,46.990435606489264],[4.771947233683715,46.99048224265477],[4.771816601350286,46.99050570032546],[4.771663878688677,46.99076656271939],[4.771417891106376,46.99073356039498],[4.771319732611004,46.99097314164351],[4.771262942445325,46.99097196918302],[4.771210638042923,46.99097072783344],[4.771097037531725,46.99096736544489],[4.771067155822742,46.99096679748003],[4.771086737895284,46.99060784553758],[4.770947012903014,46.990627362210574]],[[4.771154482484585,46.99171750352562],[4.771293962721579,46.99173579625954],[4.771486451618365,46.991776779813954],[4.771524026991967,46.99178438006374],[4.771564635054597,46.991792951379935],[4.771646240127144,46.991822353737206],[4.771756575764936,46.99186255395945],[4.771813989941169,46.991883123854855],[4.7719256782949655,46.991919214566146],[4.772048327538674,46.99197046450616],[4.7725059183775675,46.99217188145329],[4.772578599638088,46.99220244689905],[4.772698217123958,46.99225271609071],[4.772767891889034,46.99228230096238],[4.772810221883586,46.992298004910296],[4.772920311348016,46.99233104830551],[4.772985165152219,46.99235048567348],[4.773053005496588,46.99236988611821],[4.773143704689781,46.99240322726563],[4.773264575358799,46.99244633511584],[4.773370339983448,46.99248353313596],[4.773364736347845,46.992494858354725],[4.773056561300788,46.99238719443674],[4.772804618149818,46.99230933010254],[4.772763774667546,46.992293603313506],[4.772695679769803,46.992266038457075],[4.772566989815347,46.992212837700414],[4.772459518413657,46.992168514663604],[4.772420174809093,46.99215276471497],[4.77199167035661,46.99197337892593],[4.771926616298362,46.99194781121516],[4.771775886372982,46.99190516950975],[4.7715312384981114,46.991822075194555],[4.771313339917399,46.99178045515016],[4.771220205548996,46.99176349528492],[4.771112039779745,46.99174369514098],[4.770960112690566,46.991710265562524],[4.770961096958156,46.99169492278642],[4.771013582824658,46.991701276701015],[4.771097524213337,46.9917112273313],[4.771154482484585,46.99171750352562]]]]}}]}
