{"type":"FeatureCollection","features":[{"type":"Feature","id":"inao-denom-476","properties":{"id":"inao-denom-476","name":"Charlemagne","tier":"grand_cru","kind":"vineyard","appellationId":152,"denominationId":476,"sourceName":"Charlemagne","communes":["21010","21480"],"areaHa":63.11},"geometry":{"type":"MultiPolygon","coordinates":[[[[4.859432196133212,47.06938094692079],[4.859420702412255,47.069351503188265],[4.859244377868095,47.06913874447791],[4.859206499995321,47.06908110520307],[4.85909754592998,47.068870324173595],[4.858949716036991,47.0684864668891],[4.858764307159308,47.06813999313923],[4.858537450008165,47.068196775837734],[4.8584163289422655,47.06824061841132],[4.85835877633471,47.0682630045959],[4.858212678949514,47.06831950537854],[4.85806962910459,47.06837801025916],[4.858047559787462,47.06838857758802],[4.858006482146367,47.068411716306564],[4.857965439812421,47.06843588108955],[4.8578719341787675,47.06849971290784],[4.857819457975374,47.06853938914608],[4.857624692439515,47.06870293866228],[4.85757945190559,47.068735338942666],[4.857463805646223,47.068807703500845],[4.857441806700009,47.06882032287094],[4.85743400778006,47.06881125344241],[4.85727872581733,47.06886176777022],[4.857037558183954,47.068937167047814],[4.856848174509201,47.068996415004214],[4.856704664104165,47.06904163315429],[4.856474306180393,47.06912707896825],[4.856375854638914,47.069004004173465],[4.856064426126326,47.06860232888836],[4.855867924441627,47.06867190201887],[4.855705405114706,47.06872968997083],[4.855469650140369,47.06887550443315],[4.855387606180508,47.06896878778511],[4.855096112229324,47.069146151744],[4.8550097771039535,47.0692016888882],[4.854923455283844,47.06925723475606],[4.854869346742926,47.06929283822247],[4.854537283694711,47.06898652708365],[4.854511190906368,47.06901044165791],[4.854505420901298,47.069016667125005],[4.853986159373146,47.06948582888341],[4.853833308664566,47.06956389283691],[4.85381279717465,47.06957648763015],[4.853773393990046,47.06960470413907],[4.853715108271358,47.06964957784737],[4.853632265986935,47.06971936788385],[4.85340889079744,47.06992117467797],[4.8529296050985815,47.06959575991085],[4.852903265811526,47.06961252755743],[4.8521370948774,47.07025219929308],[4.852010703480635,47.07036049188647],[4.851376330862981,47.070919354203234],[4.851098549512433,47.07114860359334],[4.850847159403726,47.071406031498555],[4.850739918984692,47.07154977726861],[4.850687382551418,47.071631345346965],[4.85067616957938,47.071652985396184],[4.850561625971895,47.07193274319081],[4.850540850390975,47.07198110302887],[4.8504680627937296,47.072126341024315],[4.850474148874139,47.07212930548386],[4.8504517791550406,47.07217461990224],[4.850377769561365,47.07232805451968],[4.8503687409731215,47.072326154811],[4.850287401287809,47.07248379529389],[4.850293452508266,47.07248574268316],[4.8501956401034745,47.07268655875023],[4.850131331793404,47.072817350734084],[4.8500750889124955,47.07296539443815],[4.850067448066857,47.07300434010313],[4.850058301186084,47.07308623078022],[4.850054040909004,47.07318030890766],[4.850047888668603,47.073306081165164],[4.85004566894989,47.073328603794586],[4.850062237678652,47.07341927752194],[4.850081004463003,47.073486411325334],[4.850112333757776,47.073527803992995],[4.850370866945342,47.07352162024932],[4.850497887410655,47.07351856863162],[4.850717625703318,47.07351504963023],[4.8510090072110055,47.07350731172758],[4.851221297501573,47.073504937712805],[4.851249979989336,47.07351400327414],[4.851248865661199,47.07352390324022],[4.850122794352839,47.0735276365161],[4.850198851941998,47.07365210154315],[4.850244416529592,47.07371574433969],[4.850289757777072,47.073773257851784],[4.850415807714994,47.07391633843282],[4.8504877894989065,47.074009186686176],[4.850618495871504,47.07424414910259],[4.8506648323102715,47.07433025745873],[4.850686910415252,47.074363630011256],[4.850731394598405,47.074439546600516],[4.8507743904641645,47.074515496014705],[4.85084039733519,47.07465237826995],[4.850904999072715,47.07479132727263],[4.850965108504798,47.07493034819201],[4.850987502422059,47.07497291038828],[4.851113955407144,47.075127213801814],[4.851204480545133,47.07523714546614],[4.851249543577656,47.075286485943316],[4.851379776825991,47.07542030372203],[4.851459928045485,47.075489515778756],[4.8514904182055965,47.075506399164105],[4.851604768499029,47.075569966003386],[4.851717713293604,47.07563559052831],[4.85183064549694,47.07570122415318],[4.851930651909836,47.07578238340635],[4.852186957175302,47.07597241937821],[4.852399553834428,47.07615293401869],[4.852523950527326,47.07629092365791],[4.852635836746097,47.07641276848689],[4.852738586707344,47.07639988219649],[4.852750707672589,47.07623006661118],[4.852763552202239,47.076081699858875],[4.85280071075699,47.07581339336512],[4.852837434937522,47.075532837111176],[4.852863112502431,47.075365875022825],[4.852911533158773,47.07503403311991],[4.852947986817229,47.07487609295685],[4.852960175494849,47.0748391184573],[4.8530782094976255,47.074530682545394],[4.853119126864067,47.07441559163038],[4.85321265738752,47.07413411511027],[4.853182912471986,47.07412470205233],[4.8531849346487865,47.07411106395319],[4.853311644621238,47.0736635223416],[4.853345982988087,47.0735311649041],[4.853368035551265,47.073345862138446],[4.8533908328462845,47.07309515736151],[4.853401483674892,47.07305718080209],[4.853415208463716,47.0730211992212],[4.8534304219422815,47.072985193760715],[4.853487435147487,47.072903561628124],[4.853532799973217,47.07287422302043],[4.853588366120928,47.07283756126433],[4.853717209837257,47.07275682106879],[4.854031163674708,47.07257910083978],[4.854173478845976,47.07249916160421],[4.85426440456689,47.072446613506955],[4.854383123718477,47.07237624740701],[4.854500283622978,47.072303861917604],[4.8545985030054775,47.0722460902816],[4.85495474033955,47.07203703351227],[4.8552866775165,47.07181712667332],[4.855380486257701,47.07176146943599],[4.855471606929572,47.07171504105765],[4.855557216612643,47.071681993458746],[4.855650401171993,47.07165188607746],[4.855994792848516,47.071576876365825],[4.856276655241598,47.071510020609125],[4.856829904291075,47.07137646632493],[4.85709976760682,47.07130878369529],[4.85713553468864,47.07130513793024],[4.857177247733938,47.07130037894971],[4.857294939337988,47.07128724826836],[4.857414168051544,47.07127511940488],[4.857602421192462,47.07131296098052],[4.857683384315447,47.07131880991296],[4.857702640175213,47.07131339413072],[4.857730713599044,47.0713037480125],[4.8577557743536355,47.07129312367574],[4.857875707054384,47.071214566192246],[4.858176937404545,47.071015578295075],[4.858478095445414,47.07081455544409],[4.8586128021758,47.070730644306636],[4.85879145902479,47.07062047691847],[4.858810397836018,47.070605871249924],[4.85887130556798,47.07055073131287],[4.858908971848389,47.070515390478526],[4.858946567354687,47.07047799747506],[4.8589882080308495,47.07038434395698],[4.859042137507557,47.07025677545512],[4.85909304093714,47.070128228957245],[4.859162765330364,47.0699380779527],[4.859215332694236,47.0698146108253],[4.859230682246427,47.06978269087382],[4.859251625409216,47.06973944182795],[4.8592911544518245,47.0696713622445],[4.859305367440565,47.069649682015125],[4.859322592391946,47.069628961953974],[4.859388986899285,47.069559441396],[4.859446669282184,47.06949720249836],[4.8594442050884625,47.06942571903549],[4.859440721677287,47.069411465064306],[4.859432196133212,47.06938094692079]],[[4.851742112986591,47.073670103277706],[4.851705178285636,47.07365862925269],[4.851392156072543,47.07355894016023],[4.851661294830004,47.073644004820274],[4.851742112986591,47.073670103277706]]],[[[4.861897561439559,47.071699557049236],[4.86188073246749,47.0716885891206],[4.861860912991754,47.071677669374054],[4.8618411286315695,47.07166776670033],[4.8618169005192415,47.0716589622692],[4.861666836863178,47.07160109599153],[4.861515319965672,47.07154427057598],[4.861525498086115,47.07153592945328],[4.861473593418518,47.071505092630154],[4.861359156743036,47.07143950152517],[4.8612667812417545,47.071406245580604],[4.8611593828835815,47.071371187241134],[4.861052033241956,47.07133715466652],[4.860931114360242,47.07130027859043],[4.860717186439064,47.07121175761481],[4.860224820599552,47.070985699475784],[4.859785665183234,47.07078431398542],[4.859601914663709,47.07070349144995],[4.859416710805412,47.07062370065143],[4.859354581400246,47.07060017794065],[4.859168932796756,47.07055105823971],[4.859008193330995,47.07053013953424],[4.8584611973532965,47.07088839457282],[4.858041257062732,47.07115774422951],[4.857748526481291,47.071343311728256],[4.857685787448499,47.07134533800663],[4.857582191063518,47.071333720058306],[4.8574785596981,47.071321084939406],[4.85744401302827,47.07131653404538],[4.857435182261785,47.07132076456801],[4.857438981415064,47.07134419929146],[4.857448339722219,47.07135528793848],[4.857457474091194,47.071360256329115],[4.8576094678946875,47.07138744166464],[4.8576912867884765,47.07137488725748],[4.857743191685045,47.0713617870746],[4.857868669469842,47.07135772542087],[4.857901481379119,47.07135515357828],[4.857960198562472,47.07136647521425],[4.858210923324002,47.07148097623326],[4.858655718625408,47.071715985169305],[4.859287946397946,47.07213803248703],[4.859422505146023,47.07222374469952],[4.859559997292989,47.07230735626105],[4.859630267590652,47.07235016409951],[4.859883064870819,47.072524912202525],[4.8600977971407175,47.07267983863276],[4.860159660037534,47.07273912678726],[4.860565479880167,47.07266719421126],[4.861173886278294,47.07257156357828],[4.861266752121596,47.07253226199017],[4.861405656316342,47.07244011188833],[4.8617123057511575,47.0721817610987],[4.861808394091941,47.07210562794221],[4.861923921891446,47.07198626040546],[4.861991275478942,47.07190138627474],[4.861999048313558,47.07186651711228],[4.861978143810449,47.071781020818364],[4.861912972277876,47.07171259211527],[4.861897561439559,47.071699557049236]]],[[[4.860057994430105,47.072696824622525],[4.859950758126008,47.07262293908476],[4.85985888414495,47.07256106291656],[4.859590619033142,47.072371236026214],[4.859262030418198,47.072167060494166],[4.8586418700286345,47.07174788086662],[4.858175929831742,47.07150707903989],[4.857955532274447,47.071404356048944],[4.857920761206304,47.0713936760423],[4.857883210780623,47.07138917357406],[4.857728425616267,47.07141106934716],[4.857694195370296,47.071415708228876],[4.857606008561612,47.07141712593002],[4.857508076583727,47.071396222065275],[4.857481021373849,47.07139256839761],[4.857446509682532,47.071389034582104],[4.857395367930556,47.0713806618532],[4.8573817765633995,47.07137679174503],[4.857368150175187,47.07137190455757],[4.857355977118388,47.07136596736201],[4.8573452358545985,47.07135797187004],[4.857335982945257,47.071349943448475],[4.857329650180153,47.071339823802745],[4.857334927935209,47.071319305107494],[4.857246706253986,47.07131970545679],[4.857112700946872,47.07133718684779],[4.8564097919779075,47.07151094372447],[4.8562941505509265,47.07154038584115],[4.85617999797524,47.07156981292956],[4.85601086965685,47.071609308707345],[4.855659170801491,47.07168955102486],[4.855620693699222,47.07170140798258],[4.855495153487274,47.07174736252749],[4.855405345595152,47.071788654628136],[4.855298507723297,47.07185678678843],[4.854986942297901,47.072060021357814],[4.8546247588091935,47.07227019129773],[4.854516324779615,47.07233527738069],[4.854406459177227,47.07240243961985],[4.854199559144065,47.072518159322186],[4.854058697387614,47.07259704862476],[4.853741788222743,47.072775842980946],[4.853621811078048,47.072853379054024],[4.853572050416928,47.072884832492385],[4.8535633242561795,47.07289212295249],[4.8535097379153616,47.0729430539178],[4.853486773769344,47.07297100657432],[4.853469567285621,47.07299274303143],[4.853457133793984,47.073022571058075],[4.853447726142293,47.073053377195265],[4.8534395965624455,47.07307802998192],[4.853412222529771,47.0732388867359],[4.853421517267147,47.07329187101059],[4.85342524491581,47.07331327169363],[4.853384812625533,47.0735295154953],[4.853401394869216,47.07353333810502],[4.853360113361703,47.07368114354184],[4.853329692961332,47.07379709288295],[4.853300247954196,47.07389769894894],[4.853277360518446,47.0739716331671],[4.853257112959989,47.074035312634244],[4.853227386876555,47.07412774604692],[4.853224817438246,47.074140052947854],[4.853278160366821,47.07415448472972],[4.853250512230192,47.07414781800814],[4.8531285816804175,47.07451659145557],[4.852999532393526,47.07485278835061],[4.8529623420211525,47.07498927989155],[4.8529056710610226,47.075385626461824],[4.852899260121143,47.075460323009594],[4.852820047819052,47.07607159932381],[4.852815320614367,47.07619531357869],[4.852811069283682,47.07637624204554],[4.852813656597668,47.0765386623341],[4.85288377129242,47.07662030002787],[4.852944563140868,47.076691874764165],[4.852991271361832,47.07674527676494],[4.853107275325145,47.07685684272916],[4.8532064637823735,47.07695743018898],[4.853330127339347,47.07707397029957],[4.853399318183507,47.07712906487023],[4.853482289970951,47.07719312413255],[4.853615937915534,47.077295202855815],[4.8536939613830405,47.077346067023896],[4.853753631802896,47.07738495985257],[4.853819389170737,47.077426816927876],[4.853831563206008,47.0774327544835],[4.853948735441248,47.077491158599656],[4.854184490648758,47.07760488193202],[4.854392592004852,47.077697597093554],[4.854547363028808,47.07780545966377],[4.85479460102109,47.07794863508169],[4.854900035938155,47.07801335947635],[4.855077198864198,47.07811984432026],[4.855255864826902,47.07822631377688],[4.855269611204242,47.07823426121873],[4.855370378768164,47.078293953923676],[4.855459125892723,47.07835179525154],[4.855526479907175,47.07839668766611],[4.85559526607881,47.078439521772324],[4.855848759301834,47.07859076267832],[4.855983025603701,47.078667288809655],[4.856002520959344,47.078625081470996],[4.856100350476863,47.078556076061616],[4.856369480088016,47.078379070147385],[4.856509168560183,47.078352303886646],[4.856568959914251,47.07835134337495],[4.85666872255513,47.07838141353607],[4.8567511727428805,47.07843015128809],[4.856755828499005,47.07843519169448],[4.856760448929985,47.07843920602458],[4.856768003085075,47.07844112893876],[4.8567755087386715,47.07844202598807],[4.8567829443593915,47.07844088888612],[4.856790357828938,47.078438725495964],[4.856796220762738,47.07843556037351],[4.856799070965204,47.0784314260172],[4.8568003742267285,47.07838236033018],[4.856838672512436,47.0782346107482],[4.856822100822528,47.07818787653483],[4.856767143203141,47.078112121466496],[4.856732897923884,47.078029909766556],[4.856703042492401,47.07785770614075],[4.856659613900323,47.07776950910865],[4.856497497949597,47.077578987377194],[4.85648355374226,47.077564910411205],[4.856427706037717,47.0775065413761],[4.856351603159507,47.07742500194114],[4.856267783742974,47.07733642691342],[4.856193358989537,47.07725996662491],[4.856166959420076,47.07723177970128],[4.856127072763631,47.0772027917528],[4.856045810447909,47.07714483072419],[4.855982936891453,47.07709985764945],[4.8558492631290635,47.07699676436839],[4.855692378954592,47.07687155653845],[4.855667622423231,47.07684743168521],[4.855885243029387,47.07673868806525],[4.8557946140177455,47.07662570868358],[4.855746154934428,47.07656517639518],[4.855653813634677,47.07644609155481],[4.855452447685757,47.07611417054138],[4.855433449399002,47.076083829344675],[4.855425535408136,47.07602775214833],[4.855410129511704,47.07592786567572],[4.855408254295997,47.07591665673177],[4.855295647782725,47.07559966459622],[4.855229374034757,47.07536877902298],[4.855091484438499,47.07483864152713],[4.855186431036441,47.07485959542664],[4.855159305437541,47.07463625842594],[4.855162685281599,47.07457398532684],[4.855172173266547,47.07457576800648],[4.855174882835433,47.07456754737439],[4.855197416534333,47.07448339701973],[4.855212032024974,47.074430029023766],[4.855222660025268,47.0743910350252],[4.8552467525990615,47.07430890391047],[4.855283712415049,47.07420919429887],[4.855296825831814,47.07415585040007],[4.855346012004133,47.07393333246226],[4.855382282236365,47.07377028808289],[4.85535880514625,47.07374000976819],[4.855182472331566,47.07370094644516],[4.8551586792998584,47.07366147838841],[4.855175872141722,47.07363974189634],[4.855136550558962,47.07362708981598],[4.855186702265231,47.07356293889684],[4.855206780423561,47.073538094154095],[4.855239760707354,47.07349668799632],[4.855338556835903,47.073412339828046],[4.85539378437586,47.07336547022047],[4.855516939563705,47.073250075514586],[4.85555261601121,47.073200457831604],[4.85561443456243,47.073127933218736],[4.855680662264249,47.0730533024847],[4.855785732123574,47.0729770212835],[4.855906044771537,47.07290969895846],[4.856027590942507,47.07283417954901],[4.856205404160549,47.07274242855256],[4.856248079889248,47.07272232682815],[4.856466408401608,47.07267794278068],[4.85652299222955,47.07267090986939],[4.856763344004054,47.072657844345215],[4.856817358913953,47.072663109274885],[4.856873965495062,47.07270000545406],[4.856925389780555,47.072716551031434],[4.857018598605502,47.07273038082026],[4.857093195890246,47.07272509342768],[4.857277349810962,47.072687389906974],[4.8572831552209434,47.07268219038728],[4.857650299945048,47.07274679420947],[4.858505725802486,47.07287506785083],[4.858644964262319,47.072922899898295],[4.858961123556151,47.073070055102214],[4.859236343399723,47.073157593214944],[4.859249407282188,47.07314614395048],[4.859817173969593,47.07343333007588],[4.860327059027251,47.07368976336078],[4.860447220791049,47.07374811281975],[4.860456333622701,47.07375205468058],[4.860466864705462,47.07375392942],[4.860475836586001,47.07375378497428],[4.860486262109278,47.07375259948354],[4.860495163512055,47.07375041188383],[4.860898211601622,47.073468033333235],[4.860519119878562,47.073144097595055],[4.860317999168709,47.07295012934166],[4.860057994430105,47.072696824622525]],[[4.85472525917026,47.074497108894505],[4.8547527101365615,47.07450095576847],[4.854702814783905,47.074494551479376],[4.85472525917026,47.074497108894505]]],[[[4.867275054192146,47.07591557728],[4.867267406930292,47.075910585617365],[4.867258293547936,47.075906653297174],[4.8672477262850915,47.075903753104186],[4.867237194547015,47.07590187898398],[4.867226720369864,47.075902048222574],[4.8672163301025755,47.07590426039421],[4.867205975357479,47.07590749863864],[4.867197144293478,47.075911720899775],[4.867189851020327,47.07591695396703],[4.867184152161859,47.075925214198456],[4.867103587196497,47.07588769238791],[4.866814787309826,47.07575441803292],[4.866700794306308,47.07570209926935],[4.866580692136506,47.07564579949878],[4.866478803896467,47.07559737358214],[4.866348086678649,47.075537156442586],[4.866039446523036,47.07539193488077],[4.86598318428586,47.07536525896506],[4.865974070777851,47.07536131754222],[4.8659783381951405,47.075355115768076],[4.865981081655761,47.07534792095928],[4.865980834405756,47.075340774441564],[4.865980586844417,47.075333618923175],[4.865975860118342,47.07532654473561],[4.865969666950817,47.075320520873944],[4.865962019894111,47.07531552912395],[4.86595290639605,47.07531158769936],[4.865943828397962,47.07530867234839],[4.865933332319808,47.07530782418336],[4.865922871428837,47.0753079930911],[4.86591246773619,47.07531019635803],[4.865902113026857,47.07531343448634],[4.8658947842112505,47.075317641398584],[4.865887490580697,47.07532286538406],[4.865749127970694,47.07525766480654],[4.865653363965567,47.075213227881875],[4.865563639016101,47.0751707376778],[4.865048382421165,47.07493280328652],[4.864879668805973,47.07485479914432],[4.864883901142044,47.07484758033532],[4.864886715368061,47.074842428700286],[4.864887886374094,47.07483321500484],[4.864886185684499,47.074827109582806],[4.864882983066853,47.074821028398404],[4.864876754601384,47.07481397840228],[4.864867570622875,47.07480799374237],[4.864859994696192,47.07480505406829],[4.864849427778083,47.07480215365497],[4.864840420568791,47.07480128136592],[4.86483141304859,47.07480040007552],[4.86481953414212,47.07480263605688],[4.86481066821785,47.07480585006373],[4.864803303909466,47.07480903083262],[4.864794543790149,47.07481530506155],[4.864183589839179,47.0745349724219],[4.863707916419737,47.07431682752626],[4.863712254614988,47.07431266898368],[4.863716464783819,47.07430442392822],[4.863717635978046,47.07429521024291],[4.8637159354378605,47.07428910480252],[4.863714222034389,47.074283008575236],[4.86370799347277,47.07427594951417],[4.863698787745955,47.074268947473044],[4.863692700697508,47.0742659837121],[4.863683622686518,47.07426305918192],[4.86367461558609,47.07426218680187],[4.8636626306975,47.07426135343914],[4.863649236773133,47.07426361373493],[4.863641837327124,47.07426577735564],[4.863632971420922,47.074268991272746],[4.863624259570709,47.07427628227645],[4.8630861602277475,47.074026441992224],[4.86259366595528,47.07379732472505],[4.862597969071469,47.073792149148304],[4.862600677469394,47.07378392833995],[4.86260196769801,47.0737777746784],[4.862601756336913,47.07377165422551],[4.8625969815822545,47.07376355403238],[4.862592325994382,47.07375852285383],[4.862586168196806,47.07375350688222],[4.862576984963774,47.07374753103878],[4.862567942533916,47.07374563249638],[4.862558913279253,47.07374373374092],[4.862546950781525,47.07374392655066],[4.862533534680692,47.07374516042927],[4.862526135261048,47.073747323978935],[4.8625187932203815,47.07375153089174],[4.86251003300709,47.0737578049498],[4.862508579403219,47.073758846019594],[4.862358085876028,47.073688721773514],[4.861704469238534,47.073384541433214],[4.861708666778,47.07337630566116],[4.861709921681783,47.073369125932345],[4.8617111637214405,47.07336195541643],[4.8617093578086585,47.073352789716864],[4.861704548119025,47.07334367241002],[4.861699892650619,47.07333864119477],[4.861692211164148,47.073332632083186],[4.861680037189035,47.07332669534707],[4.861672461644081,47.07332375546259],[4.861658904585728,47.07332090293568],[4.861643916471854,47.07332012675556],[4.861634944666566,47.07332027129199],[4.8616245546672605,47.07332248296291],[4.861611244584269,47.07332678596311],[4.86160395080809,47.07333200968187],[4.8616010307244615,47.073334101011824],[4.861537083446395,47.07338826464666],[4.861468775504235,47.07344556041625],[4.8614033746536345,47.07350077403246],[4.861297373194592,47.07354948206097],[4.861423736739097,47.07357094245127],[4.861664075854873,47.073687647755996],[4.861888608604019,47.073822996833705],[4.862251828987413,47.07407667856161],[4.862388039980102,47.0741664403623],[4.862525647662689,47.07425311756663],[4.862894875856411,47.07446378846148],[4.863271788786648,47.074680467165834],[4.863665091509697,47.074938765750346],[4.86391529579874,47.07508084749407],[4.864114178590807,47.075209455571745],[4.864227230758969,47.07527813731677],[4.864331099205299,47.07534083424816],[4.864471809511639,47.07543052107497],[4.864600380968909,47.07551529737836],[4.864733679728007,47.0756071567748],[4.864851777873984,47.07569210180512],[4.864897155349181,47.07570669719361],[4.865001201870682,47.07577449688414],[4.865033429226078,47.075754569548366],[4.8650978678833185,47.0758015478405],[4.865141773421096,47.07586010558607],[4.865930657085163,47.0764410338828],[4.866020971973713,47.07650088624676],[4.866108154897745,47.0765567005392],[4.866155600669881,47.07658760735155],[4.866294577344657,47.07649748564957],[4.866612001405961,47.07629106407575],[4.866899440897657,47.07612600275668],[4.86711567170896,47.076064269660876],[4.867266573194309,47.075972936418346],[4.867261916668631,47.075967896431074],[4.867270734250059,47.07596366537729],[4.8672780057955505,47.07595742401972],[4.867282273110086,47.07595122219873],[4.867285016427109,47.075944027360485],[4.867286257473357,47.0759368477904],[4.867284486051653,47.07592870825982],[4.867279758790824,47.075921625126384],[4.867275054192146,47.07591557728]]],[[[4.85342309651114,47.07721144535966],[4.853272984446499,47.0771086128102],[4.853232748402521,47.077069408089045],[4.853152276490022,47.07699099860311],[4.853074725419465,47.07691049794716],[4.8529244193058805,47.07675861434533],[4.852717885777683,47.076537135840596],[4.852588383264495,47.0764247682528],[4.852355244816445,47.07616897185047],[4.852078171925588,47.07594043675055],[4.851872562567347,47.07578944713108],[4.8517868142483,47.07573155507457],[4.851704197148464,47.07567770134459],[4.851618624701549,47.0756249215527],[4.851424788722792,47.07551153919236],[4.851349327111947,47.07544837581853],[4.8513154959497315,47.07542133352356],[4.851210262271188,47.07531879704865],[4.85118373917684,47.07528652244287],[4.850985265833227,47.07503833617174],[4.850899917010398,47.074904825716295],[4.850858177657203,47.074821714753064],[4.850746200591337,47.07456600985318],[4.85073319972051,47.07453556286205],[4.850690589640052,47.074470855302124],[4.85056278574383,47.07427671409608],[4.850504236917619,47.07413971225458],[4.850475021854374,47.07407274583374],[4.8504322370530195,47.074002925771886],[4.850241815779864,47.07377096355524],[4.850086714217918,47.07356601985441],[4.8500059719607895,47.07356629487092],[4.849963949467704,47.07373657988358],[4.8498870720288965,47.07406784932793],[4.849877351221055,47.07413340390302],[4.849869097115267,47.074197908353575],[4.849855356111998,47.07432074011002],[4.849852793979193,47.07450777422877],[4.849869936573015,47.0745279336105],[4.849870969634849,47.07460148414152],[4.849885931242487,47.074775972046595],[4.849959774235067,47.074966889231476],[4.850010016069159,47.075123440443306],[4.850061357256881,47.07522479648717],[4.850112558464928,47.075322066189315],[4.850241514714626,47.07550596798838],[4.850279107147755,47.07555543744394],[4.850335436536248,47.07562810258973],[4.850393233141604,47.07569972657861],[4.8504837222578745,47.07580862370607],[4.850567880324334,47.0759074187597],[4.850620917561071,47.075970941732834],[4.8506734861969365,47.07602118887202],[4.850703113371073,47.076012537290616],[4.850794911477048,47.07598552715815],[4.850935629693502,47.07594546774818],[4.851017709000784,47.076070853406826],[4.850763013616491,47.07614543778693],[4.851065053087097,47.07653501109219],[4.851111864345792,47.07659147408928],[4.851147991566388,47.076641993380804],[4.851425336386124,47.076573169170736],[4.851672287929929,47.076534477833],[4.851760006470267,47.07669348973266],[4.851687886921245,47.076727344789525],[4.851734880292219,47.076832858332565],[4.8517378358681205,47.076831784331894],[4.851785964722574,47.076969979127426],[4.851870613332508,47.07721385521298],[4.8519203878447765,47.0773131912712],[4.85199587786349,47.07746423082665],[4.852005341200102,47.07747838012318],[4.852096018179105,47.07763632670936],[4.852165683707365,47.07774863620101],[4.852199220470378,47.07781042671598],[4.852251916832161,47.077907671521835],[4.852256690400133,47.07791577213067],[4.852333680303936,47.077979928071784],[4.85238299440349,47.078022058508225],[4.852401206848697,47.0780299346996],[4.852463482136715,47.078057547396675],[4.852602833737473,47.07810844686857],[4.852708856224949,47.07814659717662],[4.852867741177797,47.078156315611736],[4.853107515721532,47.078169843009874],[4.8533802952177485,47.078185902530265],[4.853324731074726,47.0781357046234],[4.853295060859219,47.078099392400816],[4.853319859827773,47.07803768433078],[4.85356221174628,47.07769047559516],[4.853758307467883,47.077433929572635],[4.8537445041566905,47.07742392958285],[4.853591540498616,47.07732523173723],[4.85342309651114,47.07721144535966]]],[[[4.86870862341904,47.079388986172255],[4.868652763428763,47.07928771099391],[4.868552638015411,47.07911767270111],[4.868539931216497,47.07909641762135],[4.86849858585469,47.07902556301344],[4.868454284930413,47.07895577381573],[4.868422230875684,47.0788939637592],[4.868326139621033,47.07871056767187],[4.868300585156198,47.078663980167185],[4.868260742472197,47.078593101181525],[4.868217931065138,47.07852328781426],[4.868192495965108,47.078479760286],[4.868134142107405,47.07839282618438],[4.868074817348654,47.07832124441489],[4.868018744013886,47.078256751561995],[4.867876763642156,47.07808738921558],[4.867737581229718,47.077955778306],[4.867499478777393,47.07773176451366],[4.867285999154308,47.07752779528708],[4.867104978520241,47.07735394758866],[4.867019970863075,47.0772745940668],[4.866739168008696,47.07702674613274],[4.866508893513332,47.07685574641468],[4.866125122795299,47.07661466625563],[4.865981640806347,47.076531149997535],[4.86591141753319,47.076490389442505],[4.865859258352235,47.07645240812656],[4.865062150149503,47.07585015156385],[4.865045460544272,47.07584327040817],[4.864932406149973,47.07577458947685],[4.8648239728407985,47.07570992244491],[4.864712632878398,47.075647346504105],[4.864478477923261,47.07549376841611],[4.8641375710197305,47.07528060130314],[4.863912708977127,47.07513606699041],[4.863865349548499,47.0751072021789],[4.863799728111515,47.075069428083914],[4.863705115288418,47.075014758571406],[4.863611955961063,47.07495903889655],[4.863266316366866,47.07473879510113],[4.863034165418901,47.074599491873805],[4.862838736646224,47.07448410967917],[4.86247090477283,47.0742703541741],[4.86236831764037,47.0742015021022],[4.8622735180966865,47.07414171923579],[4.862128101872257,47.074044955132614],[4.8618447845368635,47.07385333158863],[4.861657126246671,47.0737459994064],[4.8616144601532145,47.0737231909513],[4.8614272123645,47.0736281085139],[4.861090699041175,47.07354157170539],[4.8610542037104505,47.07356769955334],[4.861209298363488,47.073727673000576],[4.861178537610215,47.073746558018776],[4.861144856710631,47.07376753434679],[4.861117064619464,47.073785353894486],[4.861085070518631,47.07376849722699],[4.86105620806147,47.07375567869119],[4.861027381022125,47.07374388622452],[4.860980799192639,47.07373747688986],[4.8610000290992685,47.07368812231626],[4.861059898877053,47.07368920242005],[4.86101617593494,47.07363575546113],[4.86092083709249,47.07351671387047],[4.860529244748392,47.07378459804053],[4.860611057681271,47.07381496274622],[4.860690372848545,47.073859659612665],[4.86073452769931,47.07388245343687],[4.861277808543538,47.074326356276146],[4.861890167001119,47.07482125951122],[4.862213392166988,47.07508580720181],[4.862717626932067,47.07548128779302],[4.863130923754372,47.075798541222994],[4.863215901092394,47.075876871357984],[4.863192539503975,47.075893593305956],[4.863188165694905,47.075896725751754],[4.863430397196366,47.076154398799495],[4.863492373787399,47.07621675432281],[4.8637045991106325,47.076384998048134],[4.864299417533079,47.07684747217629],[4.864514551539363,47.07696967557319],[4.864853121159845,47.07715835691886],[4.865053432014347,47.07728489611612],[4.865329596111782,47.07744188361937],[4.865570702542047,47.07758002018535],[4.865627178915985,47.07761282572133],[4.86571269785297,47.077663560959024],[4.865795260983801,47.07771535249112],[4.865877824584571,47.07776715296396],[4.866047856108348,47.07788294027431],[4.866183765041641,47.07796350782645],[4.866415833007142,47.078099753347935],[4.866652129775685,47.07827168263423],[4.86668280290162,47.078293665358885],[4.866748213772904,47.07836822044027],[4.8667364272201805,47.078373526047145],[4.866828548908678,47.07848545544496],[4.866855025387276,47.07851568306631],[4.866969501932058,47.07862520695283],[4.866954759662001,47.078631577970334],[4.8669108951129525,47.07870380962019],[4.866922593921758,47.078739382160705],[4.866959311905397,47.07884914451279],[4.866984269261203,47.07892230867163],[4.86700419454552,47.078979208822474],[4.86710794235584,47.079167588446175],[4.867233656633828,47.079342329708695],[4.867354737238324,47.079513057131884],[4.867504186764025,47.07972521139801],[4.867683636923994,47.079982872615524],[4.867823169231337,47.07995200662263],[4.8680086656226935,47.079909158463195],[4.868192624419283,47.07986531721466],[4.868376511821061,47.0798194235287],[4.868560363670426,47.07977251247814],[4.8686793962194015,47.07975424259897],[4.868779312533682,47.07974547649863],[4.868770287219143,47.07965774506849],[4.868773190458136,47.079568803111094],[4.868762355435111,47.0795148271905],[4.86870862341904,47.079388986172255]]],[[[4.854777722696426,47.07797956117282],[4.85457325650111,47.07786226598809],[4.854383464767354,47.07773656687008],[4.8539241623824525,47.07751607516437],[4.853811364600065,47.07745453893472],[4.85362707153843,47.07766286866492],[4.853360405680965,47.07804214930752],[4.8533385491947545,47.07810278355634],[4.853479318645088,47.07819452683253],[4.853623277261522,47.07829236063552],[4.8536578836383075,47.07821107903339],[4.853997335123289,47.0782955552093],[4.854160181246041,47.07833381024139],[4.854235594238643,47.078352016463796],[4.85434418774557,47.0783778583633],[4.854454292320082,47.07840470255806],[4.854473867028503,47.07840847701464],[4.85475704722881,47.07850918153578],[4.854822512494429,47.078542865625195],[4.854935713539602,47.078615642472236],[4.85501833836546,47.078669493837644],[4.855011135621715,47.07867778657104],[4.855250640191511,47.078769987178475],[4.855219053154581,47.078808299923395],[4.855568853929993,47.07893245539265],[4.855741378583669,47.07899098664063],[4.8558307727441345,47.07902429494281],[4.855817780970513,47.078950936479025],[4.855880571309264,47.078776218346555],[4.855938948344905,47.07869047474366],[4.855531051980755,47.07844259706936],[4.8553370089121675,47.07832411821163],[4.855229943442659,47.07825533181819],[4.854777722696426,47.07797956117282]]]]}},{"type":"Feature","id":"inao-denom-549","properties":{"id":"inao-denom-549","name":"Corton","tier":"grand_cru","kind":"appellation","appellationId":165,"denominationId":549,"sourceName":"Corton","communes":["21010","21480","21606"],"areaHa":160.55},"geometry":{"type":"MultiPolygon","coordinates":[[[[4.859158692574962,47.06530735682695],[4.859174565629013,47.0651170452621],[4.859172325064223,47.06509562975347],[4.85911139448897,47.06484626990778],[4.858998096914568,47.064552787173284],[4.858972042479032,47.06449087796896],[4.858949739206863,47.06445138661893],[4.858934133112067,47.064432221433485],[4.858827958217325,47.06447582416121],[4.858721866721576,47.06452146973885],[4.858623173363787,47.06456495191224],[4.858338795620412,47.06473097129141],[4.858218526417875,47.06479932263007],[4.857735771673098,47.06502370866009],[4.857454636436817,47.06515390302349],[4.857176512466751,47.06528508392673],[4.856916095010404,47.06540882004191],[4.8566026614247075,47.06555690329809],[4.8565600264996975,47.06557802228279],[4.856449579689407,47.06562782425529],[4.856342171030676,47.0656785949479],[4.856273046092661,47.06571240516356],[4.856460219098577,47.06589332099196],[4.856924186449761,47.066382456716426],[4.857031113094753,47.06649109385886],[4.857135120277983,47.06660182212029],[4.857172361115731,47.066641073687514],[4.857268569974937,47.066742723369316],[4.857494985384588,47.06697716695289],[4.857719922896085,47.067212651509514],[4.857780429095032,47.067276051299075],[4.857826958185745,47.067324348122376],[4.858123114333738,47.067238867935366],[4.858446812302598,47.06704156166618],[4.858687722267596,47.06687215301272],[4.858872944003979,47.0666924006574],[4.85887446789451,47.066693402789255],[4.858861486209069,47.06666397392101],[4.858858977252181,47.0666343855718],[4.858810149808986,47.066562621276546],[4.858784950652598,47.066569159542034],[4.858758614662894,47.066585928540455],[4.8587066091618665,47.066595968963284],[4.858675793721511,47.06652595914935],[4.858660138596816,47.06650576807274],[4.858633778354522,47.06647860768794],[4.858607769811047,47.06646165408996],[4.858613879687254,47.066421705637744],[4.858643909530654,47.066425311156976],[4.858673868979118,47.06642687350963],[4.858703793074204,47.06642740977483],[4.858724724630311,47.0664270730522],[4.858816643219641,47.066404142777365],[4.858821029375604,47.06640100127416],[4.858823879097311,47.06639687585149],[4.858825191454502,47.066391739507395],[4.858823597478988,47.06638870321682],[4.858884490147358,47.06637648447204],[4.858892134972088,47.066381467704915],[4.858901211087046,47.06638438361867],[4.858913264560288,47.066387260635985],[4.859015936690057,47.06637232535034],[4.859028493168387,47.066215784552746],[4.8589314146710425,47.06621939076015],[4.8589294204310525,47.06620512181011],[4.85892740400564,47.06618982656831],[4.858946798417785,47.06618848788605],[4.858944804174868,47.06617421893614],[4.858952004644782,47.066165925921936],[4.8589728878752965,47.06616457228726],[4.858970765669244,47.06614620780753],[4.858957316326311,47.06614642419519],[4.858931906157051,47.06614683301739],[4.858906460938792,47.06614622475497],[4.858879421439561,47.06614257119617],[4.858867249396306,47.06613663414912],[4.858845719665668,47.066119608547794],[4.858844161054612,47.066117598336994],[4.858836551318976,47.06611363217958],[4.858825867802859,47.066107671180866],[4.858812277661401,47.06610380123392],[4.8587987228785945,47.06610095736518],[4.858785203143513,47.06609913057393],[4.858771753811572,47.06609934694003],[4.85872121480533,47.06610832813227],[4.858684934196828,47.066053742920374],[4.85865193800305,47.066007264017365],[4.858694818690431,47.06599329082023],[4.858737712528276,47.0659793173952],[4.858770204471282,47.06596755558603],[4.85876070602371,47.06595238070749],[4.858804982873357,47.06593532307285],[4.858808113875095,47.06593936128522],[4.8588160402456495,47.06595251715983],[4.858827860220882,47.06594823841776],[4.858826288132624,47.06594621941783],[4.858894332526805,47.065924690791306],[4.858904663979042,47.06592043598931],[4.858907794987377,47.065924474199015],[4.858955083837612,47.06590838568946],[4.859051105895666,47.06587414107924],[4.859040154237732,47.06586001625302],[4.858988337067701,47.06578830012564],[4.859059300970764,47.06576468013143],[4.859045147912019,47.065744473940335],[4.859067321106355,47.06573695764883],[4.859141240036909,47.065712272412334],[4.859155393123195,47.06573247859188],[4.859332767031395,47.065672402186905],[4.8592763757866955,47.065554785729105],[4.859236483909229,47.06548185115386],[4.859156899173191,47.0653421296476],[4.859158692574962,47.06530735682695]]],[[[4.8595820102017955,47.06700286326873],[4.859509083544309,47.066926380886514],[4.8595607019871725,47.066905107235826],[4.859535688768899,47.066873836788126],[4.859693719624793,47.06681611550005],[4.859646837120135,47.06675760363041],[4.859598523757053,47.0667011680683],[4.859490935768131,47.066573127595376],[4.859478517211965,47.06656004406045],[4.859428189174934,47.06657515503489],[4.859356332549491,47.06652931070561],[4.859340020561008,47.06653366178608],[4.8592837605917705,47.06654989480395],[4.859229059537196,47.06656814700036],[4.859214319647675,47.06657451705706],[4.859184817666657,47.06658623087329],[4.859155386090237,47.066599987840306],[4.859128979784185,47.06661471376462],[4.859106876343108,47.06662426422333],[4.859087587245504,47.06662866316942],[4.85907121796388,47.06663097084151],[4.859053276564142,47.066631259514885],[4.859032815631877,47.066644872114125],[4.859019528867769,47.06665019211652],[4.8590001342914615,47.06665153081077],[4.858990097214309,47.0666639490411],[4.858965742646075,47.06669499624547],[4.858938410984007,47.066726091341515],[4.858908040517946,47.06675620867142],[4.858829934747478,47.0668330860007],[4.85871257059239,47.06694225880976],[4.858541676087423,47.067060469707165],[4.858363404323758,47.067181869926515],[4.85827049944956,47.06726306444034],[4.8582801034126915,47.06728129958956],[4.8583695853242075,47.06740451711806],[4.858375495488813,47.067402377771074],[4.858576448541626,47.06767912326913],[4.858697756871924,47.067858024075974],[4.858760752031333,47.067949994387504],[4.858790923545949,47.06795768618184],[4.8588144807977045,47.06794708576188],[4.858908701318828,47.0679036755319],[4.8597833852800045,47.06750847054796],[4.859971915735744,47.06742471786594],[4.859751327641025,47.067186105596875],[4.859715621332486,47.067147847775935],[4.859654937066041,47.06707934560296],[4.8595820102017955,47.06700286326873]]],[[[4.856261296273155,47.06571872680535],[4.856119107377342,47.065801729038526],[4.855940518150182,47.06591393585003],[4.855894997771113,47.06593816285899],[4.85583609864208,47.06596465803578],[4.855787890946113,47.06599812296555],[4.855444606141494,47.0662345688335],[4.855370166630939,47.0662878710664],[4.855303279691879,47.066343105269],[4.855145542958334,47.066539773406944],[4.855120610833531,47.0665973957913],[4.855110889217473,47.06661901240874],[4.855052440327019,47.066745634062244],[4.854977357092688,47.06695425825306],[4.8549038157019915,47.06707703352743],[4.854795597919328,47.06723510929399],[4.854748349854845,47.06729615173045],[4.854490917334578,47.06759456221426],[4.854446027050191,47.067637177082524],[4.853967822174632,47.06808217544469],[4.854011969456679,47.0681049718823],[4.853997346885953,47.06811440129907],[4.853931453300552,47.068155308665624],[4.853754282959518,47.06826543575161],[4.853471745281777,47.06844265194265],[4.853417566706505,47.068476220579555],[4.8532865847918245,47.06858152644877],[4.853175903089908,47.068668108003756],[4.853033252425865,47.06878176884763],[4.852983657315431,47.068818325688845],[4.852483457570262,47.0690153839491],[4.852477617163005,47.069019566154275],[4.852370921095857,47.069091772993666],[4.851998407984615,47.069479899435024],[4.85182028111005,47.06978009414674],[4.851796201580712,47.06981931244899],[4.851808006730914,47.069857946656875],[4.85185187397304,47.06987257126374],[4.851672208266822,47.07017177269535],[4.851344982036169,47.07057245431484],[4.851052081295783,47.07092761978635],[4.851117373079701,47.07095620245108],[4.851185795657028,47.07098882349053],[4.8522862481839955,47.07002296489857],[4.852693411541151,47.06968538018772],[4.852844685604366,47.069561360144576],[4.852988616774875,47.06944154621174],[4.853105667044049,47.069366101823185],[4.853472764937213,47.069125202099634],[4.853674507680471,47.06899014989764],[4.853781223582311,47.06891895914321],[4.853931987208836,47.06882355676627],[4.853972996686906,47.06879837633933],[4.854094522818554,47.06872285006674],[4.8542145253695566,47.06864633947319],[4.854256987896345,47.068620108975956],[4.854523434875112,47.06845337054179],[4.854546865864464,47.068438684462386],[4.854697543370867,47.068341238122564],[4.854904567144363,47.06822961268294],[4.855001886866357,47.06818921787711],[4.855183471293303,47.068120903347264],[4.855418986507657,47.06805479345991],[4.855654404825642,47.06802956139754],[4.855915325797673,47.068006972151856],[4.855933197374452,47.06800464080647],[4.8559852621851185,47.06799665400813],[4.856035768110258,47.06798664793823],[4.856099407616556,47.06796723607666],[4.85615257409975,47.067947983414726],[4.856351536203481,47.0678630515484],[4.85648857094073,47.06780362779631],[4.856612717896547,47.06776075626692],[4.857262694343085,47.06752756395421],[4.857813649279631,47.067328650694115],[4.85746765097564,47.066965340640266],[4.856909270663575,47.0663837230803],[4.856449830317394,47.06589553220336],[4.856261296273155,47.06571872680535]]],[[[4.859244377868095,47.06913874447791],[4.859206499995321,47.06908110520307],[4.85909754592998,47.068870324173595],[4.858949716036991,47.0684864668891],[4.858764307159308,47.06813999313923],[4.858537450008165,47.068196775837734],[4.8584163289422655,47.06824061841132],[4.85835877633471,47.0682630045959],[4.858212678949514,47.06831950537854],[4.85806962910459,47.06837801025916],[4.858047559787462,47.06838857758802],[4.858006482146367,47.068411716306564],[4.857965439812421,47.06843588108955],[4.8578719341787675,47.06849971290784],[4.857819457975374,47.06853938914608],[4.857624692439515,47.06870293866228],[4.85757945190559,47.068735338942666],[4.857463805646223,47.068807703500845],[4.857441806700009,47.06882032287094],[4.85743400778006,47.06881125344241],[4.857421602380913,47.06879816948472],[4.857448080267343,47.06878547811869],[4.857512470193343,47.06874459289788],[4.85758269999952,47.068699525177315],[4.857592926700087,47.06869221026027],[4.857677145478448,47.0686193331916],[4.8577526523096575,47.0685537466352],[4.857807943147713,47.06850891895362],[4.857951110372177,47.06841056238816],[4.8579789492561565,47.06839376943628],[4.8580141869871305,47.06837481321324],[4.858049494761129,47.06835789113641],[4.858185238283835,47.06830461900488],[4.858441975094177,47.068203417712276],[4.858506997126369,47.068180920348105],[4.858585363198526,47.06815513736777],[4.858743645082334,47.06810456395556],[4.858700631980637,47.067984687794514],[4.858596488951694,47.06782696242269],[4.858446838708465,47.06760661392651],[4.858320898687947,47.067423689769264],[4.858219666919937,47.06730679404136],[4.858169806323584,47.067292268228904],[4.857962430510739,47.0673497542071],[4.857894348917102,47.067370265195486],[4.857897479933954,47.06737430343053],[4.857693150984606,47.06743378421212],[4.857616344447825,47.06746158582096],[4.857510105343273,47.06750314392224],[4.857375852036878,47.0675564003477],[4.8573696604116146,47.06755036700849],[4.856784846745524,47.06776514083978],[4.856702234639474,47.06779815034205],[4.856627034140771,47.06782898739659],[4.8564530491624796,47.06790127072555],[4.85635723247742,47.06794163362976],[4.856237963498366,47.06799566559247],[4.8561774899323025,47.06802013289013],[4.856073852425264,47.068050408750715],[4.856030710352291,47.06805723462021],[4.855933874226995,47.068067984864115],[4.855671767051444,47.06809977898546],[4.855423285268967,47.0681364689365],[4.85527744473022,47.06815720931832],[4.855172409954871,47.068190568720986],[4.854949535645172,47.06827589138577],[4.854856905097755,47.06832233472556],[4.854755540496391,47.06837505104937],[4.854718870118011,47.06839607354419],[4.854243742135952,47.06871330507369],[4.854211563446189,47.068734255318056],[4.85407102776633,47.06882234345761],[4.853931980222944,47.06891040753956],[4.853835430498718,47.06897326719265],[4.853537291075665,47.06917525618387],[4.8529296050985815,47.06959575991085],[4.852903265811526,47.06961252755743],[4.8521370948774,47.07025219929308],[4.852010703480635,47.07036049188647],[4.851376330862981,47.070919354203234],[4.851098549512433,47.07114860359334],[4.850847159403726,47.071406031498555],[4.850739918984692,47.07154977726861],[4.850687382551418,47.071631345346965],[4.85067616957938,47.071652985396184],[4.850561625971895,47.07193274319081],[4.850540850390975,47.07198110302887],[4.8504680627937296,47.072126341024315],[4.850474148874139,47.07212930548386],[4.8504517791550406,47.07217461990224],[4.850377769561365,47.07232805451968],[4.8503687409731215,47.072326154811],[4.850287401287809,47.07248379529389],[4.850293452508266,47.07248574268316],[4.8501956401034745,47.07268655875023],[4.850131331793404,47.072817350734084],[4.8500750889124955,47.07296539443815],[4.850067448066857,47.07300434010313],[4.850058301186084,47.07308623078022],[4.850054040909004,47.07318030890766],[4.850047888668603,47.073306081165164],[4.85004566894989,47.073328603794586],[4.850062237678652,47.07341927752194],[4.850081004463003,47.073486411325334],[4.850112333757776,47.073527803992995],[4.850370866945342,47.07352162024932],[4.850497887410655,47.07351856863162],[4.850717625703318,47.07351504963023],[4.8510090072110055,47.07350731172758],[4.851221297501573,47.073504937712805],[4.851249979989336,47.07351400327414],[4.851248865661199,47.07352390324022],[4.850122794352839,47.0735276365161],[4.850198851941998,47.07365210154315],[4.850244416529592,47.07371574433969],[4.850289757777072,47.073773257851784],[4.850415807714994,47.07391633843282],[4.8504877894989065,47.074009186686176],[4.850618495871504,47.07424414910259],[4.8506648323102715,47.07433025745873],[4.850686910415252,47.074363630011256],[4.850731394598405,47.074439546600516],[4.8507743904641645,47.074515496014705],[4.85084039733519,47.07465237826995],[4.850904999072715,47.07479132727263],[4.850965108504798,47.07493034819201],[4.850987502422059,47.07497291038828],[4.851113955407144,47.075127213801814],[4.851204480545133,47.07523714546614],[4.851249543577656,47.075286485943316],[4.851379776825991,47.07542030372203],[4.851459928045485,47.075489515778756],[4.8514904182055965,47.075506399164105],[4.851604768499029,47.075569966003386],[4.851717713293604,47.07563559052831],[4.85183064549694,47.07570122415318],[4.851930651909836,47.07578238340635],[4.852186957175302,47.07597241937821],[4.852399553834428,47.07615293401869],[4.852523950527326,47.07629092365791],[4.852635836746097,47.07641276848689],[4.852738586707344,47.07639988219649],[4.852750707672589,47.07623006661118],[4.852763552202239,47.076081699858875],[4.85280071075699,47.07581339336512],[4.852837434937522,47.075532837111176],[4.852863112502431,47.075365875022825],[4.852911533158773,47.07503403311991],[4.852947986817229,47.07487609295685],[4.852960175494849,47.0748391184573],[4.8530782094976255,47.074530682545394],[4.853119126864067,47.07441559163038],[4.85321265738752,47.07413411511027],[4.853182912471986,47.07412470205233],[4.8531849346487865,47.07411106395319],[4.853311644621238,47.0736635223416],[4.853345982988087,47.0735311649041],[4.853368035551265,47.073345862138446],[4.8533908328462845,47.07309515736151],[4.853401483674892,47.07305718080209],[4.853415208463716,47.0730211992212],[4.8534304219422815,47.072985193760715],[4.853487435147487,47.072903561628124],[4.853532799973217,47.07287422302043],[4.853588366120928,47.07283756126433],[4.853717209837257,47.07275682106879],[4.854031163674708,47.07257910083978],[4.854173478845976,47.07249916160421],[4.85426440456689,47.072446613506955],[4.854383123718477,47.07237624740701],[4.854500283622978,47.072303861917604],[4.8545985030054775,47.0722460902816],[4.85495474033955,47.07203703351227],[4.8552866775165,47.07181712667332],[4.855380486257701,47.07176146943599],[4.855471606929572,47.07171504105765],[4.855557216612643,47.071681993458746],[4.855650401171993,47.07165188607746],[4.855994792848516,47.071576876365825],[4.856276655241598,47.071510020609125],[4.856829904291075,47.07137646632493],[4.85709976760682,47.07130878369529],[4.85713553468864,47.07130513793024],[4.857177247733938,47.07130037894971],[4.857294939337988,47.07128724826836],[4.857414168051544,47.07127511940488],[4.857602421192462,47.07131296098052],[4.857683384315447,47.07131880991296],[4.857702640175213,47.07131339413072],[4.857730713599044,47.0713037480125],[4.8577557743536355,47.07129312367574],[4.857875707054384,47.071214566192246],[4.858176937404545,47.071015578295075],[4.858478095445414,47.07081455544409],[4.8586128021758,47.070730644306636],[4.85879145902479,47.07062047691847],[4.858810397836018,47.070605871249924],[4.85887130556798,47.07055073131287],[4.858908971848389,47.070515390478526],[4.858946567354687,47.07047799747506],[4.8589882080308495,47.07038434395698],[4.859042137507557,47.07025677545512],[4.85909304093714,47.070128228957245],[4.859162765330364,47.0699380779527],[4.859215332694236,47.0698146108253],[4.859230682246427,47.06978269087382],[4.859251625409216,47.06973944182795],[4.8592911544518245,47.0696713622445],[4.859305367440565,47.069649682015125],[4.859322592391946,47.069628961953974],[4.859388986899285,47.069559441396],[4.859446669282184,47.06949720249836],[4.8594442050884625,47.06942571903549],[4.859440721677287,47.069411465064306],[4.859432196133212,47.06938094692079],[4.859420702412255,47.069351503188265],[4.859244377868095,47.06913874447791]],[[4.851742112986591,47.073670103277706],[4.851705178285636,47.07365862925269],[4.851392156072543,47.07355894016023],[4.851661294830004,47.073644004820274],[4.851742112986591,47.073670103277706]]],[[[4.861860912991754,47.071677669374054],[4.8618411286315695,47.07166776670033],[4.8618169005192415,47.0716589622692],[4.861666836863178,47.07160109599153],[4.861515319965672,47.07154427057598],[4.861525498086115,47.07153592945328],[4.861473593418518,47.071505092630154],[4.861359156743036,47.07143950152517],[4.8612667812417545,47.071406245580604],[4.8611593828835815,47.071371187241134],[4.861052033241956,47.07133715466652],[4.860931114360242,47.07130027859043],[4.860717186439064,47.07121175761481],[4.860224820599552,47.070985699475784],[4.859785665183234,47.07078431398542],[4.859601914663709,47.07070349144995],[4.859416710805412,47.07062370065143],[4.859354581400246,47.07060017794065],[4.859168932796756,47.07055105823971],[4.859008193330995,47.07053013953424],[4.8584611973532965,47.07088839457282],[4.858041257062732,47.07115774422951],[4.857748526481291,47.071343311728256],[4.857685787448499,47.07134533800663],[4.857582191063518,47.071333720058306],[4.8574785596981,47.071321084939406],[4.85744401302827,47.07131653404538],[4.857435182261785,47.07132076456801],[4.857438981415064,47.07134419929146],[4.857448339722219,47.07135528793848],[4.857457474091194,47.071360256329115],[4.8576094678946875,47.07138744166464],[4.8576912867884765,47.07137488725748],[4.857743191685045,47.0713617870746],[4.857868669469842,47.07135772542087],[4.857901481379119,47.07135515357828],[4.857960198562472,47.07136647521425],[4.858210923324002,47.07148097623326],[4.858655718625408,47.071715985169305],[4.859287946397946,47.07213803248703],[4.859422505146023,47.07222374469952],[4.859559997292989,47.07230735626105],[4.859630267590652,47.07235016409951],[4.859883064870819,47.072524912202525],[4.8600977971407175,47.07267983863276],[4.860159660037534,47.07273912678726],[4.860565479880167,47.07266719421126],[4.861173886278294,47.07257156357828],[4.861266752121596,47.07253226199017],[4.861405656316342,47.07244011188833],[4.8617123057511575,47.0721817610987],[4.861808394091941,47.07210562794221],[4.861923921891446,47.07198626040546],[4.861991275478942,47.07190138627474],[4.861999048313558,47.07186651711228],[4.861978143810449,47.071781020818364],[4.861912972277876,47.07171259211527],[4.861897561439559,47.071699557049236],[4.86188073246749,47.0716885891206],[4.861860912991754,47.071677669374054]]],[[[4.859950758126008,47.07262293908476],[4.85985888414495,47.07256106291656],[4.859590619033142,47.072371236026214],[4.859262030418198,47.072167060494166],[4.8586418700286345,47.07174788086662],[4.858175929831742,47.07150707903989],[4.857955532274447,47.071404356048944],[4.857920761206304,47.0713936760423],[4.857883210780623,47.07138917357406],[4.857728425616267,47.07141106934716],[4.857694195370296,47.071415708228876],[4.857606008561612,47.07141712593002],[4.857508076583727,47.071396222065275],[4.857481021373849,47.07139256839761],[4.857446509682532,47.071389034582104],[4.857395367930556,47.0713806618532],[4.8573817765633995,47.07137679174503],[4.857368150175187,47.07137190455757],[4.857355977118388,47.07136596736201],[4.8573452358545985,47.07135797187004],[4.857335982945257,47.071349943448475],[4.857329650180153,47.071339823802745],[4.857334927935209,47.071319305107494],[4.857246706253986,47.07131970545679],[4.857112700946872,47.07133718684779],[4.8564097919779075,47.07151094372447],[4.8562941505509265,47.07154038584115],[4.85617999797524,47.07156981292956],[4.85601086965685,47.071609308707345],[4.855659170801491,47.07168955102486],[4.855620693699222,47.07170140798258],[4.855495153487274,47.07174736252749],[4.855405345595152,47.071788654628136],[4.855298507723297,47.07185678678843],[4.854986942297901,47.072060021357814],[4.8546247588091935,47.07227019129773],[4.854516324779615,47.07233527738069],[4.854406459177227,47.07240243961985],[4.854199559144065,47.072518159322186],[4.854058697387614,47.07259704862476],[4.853741788222743,47.072775842980946],[4.853621811078048,47.072853379054024],[4.853572050416928,47.072884832492385],[4.8535633242561795,47.07289212295249],[4.8535097379153616,47.0729430539178],[4.853486773769344,47.07297100657432],[4.853469567285621,47.07299274303143],[4.853457133793984,47.073022571058075],[4.853447726142293,47.073053377195265],[4.8534395965624455,47.07307802998192],[4.853412222529771,47.0732388867359],[4.853421517267147,47.07329187101059],[4.85342524491581,47.07331327169363],[4.853384812625533,47.0735295154953],[4.853401394869216,47.07353333810502],[4.853360113361703,47.07368114354184],[4.853329692961332,47.07379709288295],[4.853300247954196,47.07389769894894],[4.853277360518446,47.0739716331671],[4.853257112959989,47.074035312634244],[4.853227386876555,47.07412774604692],[4.853224817438246,47.074140052947854],[4.853278160366821,47.07415448472972],[4.853250512230192,47.07414781800814],[4.8531285816804175,47.07451659145557],[4.852999532393526,47.07485278835061],[4.8529623420211525,47.07498927989155],[4.8529056710610226,47.075385626461824],[4.852899260121143,47.075460323009594],[4.852820047819052,47.07607159932381],[4.852815320614367,47.07619531357869],[4.852811069283682,47.07637624204554],[4.852813656597668,47.0765386623341],[4.85288377129242,47.07662030002787],[4.852944563140868,47.076691874764165],[4.852991271361832,47.07674527676494],[4.853107275325145,47.07685684272916],[4.8532064637823735,47.07695743018898],[4.853330127339347,47.07707397029957],[4.853399318183507,47.07712906487023],[4.853482289970951,47.07719312413255],[4.853615937915534,47.077295202855815],[4.8536939613830405,47.077346067023896],[4.853753631802896,47.07738495985257],[4.853819389170737,47.077426816927876],[4.853831563206008,47.0774327544835],[4.853948735441248,47.077491158599656],[4.854184490648758,47.07760488193202],[4.854392592004852,47.077697597093554],[4.854547363028808,47.07780545966377],[4.85479460102109,47.07794863508169],[4.854900035938155,47.07801335947635],[4.855077198864198,47.07811984432026],[4.855255864826902,47.07822631377688],[4.855269611204242,47.07823426121873],[4.855370378768164,47.078293953923676],[4.855459125892723,47.07835179525154],[4.855526479907175,47.07839668766611],[4.85559526607881,47.078439521772324],[4.855848759301834,47.07859076267832],[4.855983025603701,47.078667288809655],[4.856002520959344,47.078625081470996],[4.856100350476863,47.078556076061616],[4.856369480088016,47.078379070147385],[4.856509168560183,47.078352303886646],[4.856568959914251,47.07835134337495],[4.85666872255513,47.07838141353607],[4.8567511727428805,47.07843015128809],[4.856755828499005,47.07843519169448],[4.856760448929985,47.07843920602458],[4.856768003085075,47.07844112893876],[4.8567755087386715,47.07844202598807],[4.8567829443593915,47.07844088888612],[4.856790357828938,47.078438725495964],[4.856796220762738,47.07843556037351],[4.856799070965204,47.0784314260172],[4.8568003742267285,47.07838236033018],[4.856838672512436,47.0782346107482],[4.856822100822528,47.07818787653483],[4.856767143203141,47.078112121466496],[4.856732897923884,47.078029909766556],[4.856703042492401,47.07785770614075],[4.856659613900323,47.07776950910865],[4.856497497949597,47.077578987377194],[4.85648355374226,47.077564910411205],[4.856427706037717,47.0775065413761],[4.856351603159507,47.07742500194114],[4.856267783742974,47.07733642691342],[4.856193358989537,47.07725996662491],[4.856166959420076,47.07723177970128],[4.856127072763631,47.0772027917528],[4.856045810447909,47.07714483072419],[4.855982936891453,47.07709985764945],[4.8558492631290635,47.07699676436839],[4.855692378954592,47.07687155653845],[4.855667622423231,47.07684743168521],[4.855885243029387,47.07673868806525],[4.8557946140177455,47.07662570868358],[4.855746154934428,47.07656517639518],[4.855653813634677,47.07644609155481],[4.855452447685757,47.07611417054138],[4.855433449399002,47.076083829344675],[4.855425535408136,47.07602775214833],[4.855410129511704,47.07592786567572],[4.855408254295997,47.07591665673177],[4.855295647782725,47.07559966459622],[4.855229374034757,47.07536877902298],[4.855091484438499,47.07483864152713],[4.855186431036441,47.07485959542664],[4.855159305437541,47.07463625842594],[4.855162685281599,47.07457398532684],[4.855172173266547,47.07457576800648],[4.855174882835433,47.07456754737439],[4.855197416534333,47.07448339701973],[4.855212032024974,47.074430029023766],[4.855222660025268,47.0743910350252],[4.8552467525990615,47.07430890391047],[4.855283712415049,47.07420919429887],[4.855296825831814,47.07415585040007],[4.855346012004133,47.07393333246226],[4.855382282236365,47.07377028808289],[4.85535880514625,47.07374000976819],[4.855182472331566,47.07370094644516],[4.8551586792998584,47.07366147838841],[4.855175872141722,47.07363974189634],[4.855136550558962,47.07362708981598],[4.855186702265231,47.07356293889684],[4.855206780423561,47.073538094154095],[4.855239760707354,47.07349668799632],[4.855338556835903,47.073412339828046],[4.85539378437586,47.07336547022047],[4.855516939563705,47.073250075514586],[4.85555261601121,47.073200457831604],[4.85561443456243,47.073127933218736],[4.855680662264249,47.0730533024847],[4.855785732123574,47.0729770212835],[4.855906044771537,47.07290969895846],[4.856027590942507,47.07283417954901],[4.856205404160549,47.07274242855256],[4.856248079889248,47.07272232682815],[4.856466408401608,47.07267794278068],[4.85652299222955,47.07267090986939],[4.856763344004054,47.072657844345215],[4.856817358913953,47.072663109274885],[4.856873965495062,47.07270000545406],[4.856925389780555,47.072716551031434],[4.857018598605502,47.07273038082026],[4.857093195890246,47.07272509342768],[4.857277349810962,47.072687389906974],[4.8572831552209434,47.07268219038728],[4.857650299945048,47.07274679420947],[4.858505725802486,47.07287506785083],[4.858644964262319,47.072922899898295],[4.858961123556151,47.073070055102214],[4.859236343399723,47.073157593214944],[4.859249407282188,47.07314614395048],[4.859817173969593,47.07343333007588],[4.860327059027251,47.07368976336078],[4.860447220791049,47.07374811281975],[4.860456333622701,47.07375205468058],[4.860466864705462,47.07375392942],[4.860475836586001,47.07375378497428],[4.860486262109278,47.07375259948354],[4.860495163512055,47.07375041188383],[4.860898211601622,47.073468033333235],[4.860519119878562,47.073144097595055],[4.860317999168709,47.07295012934166],[4.860057994430105,47.072696824622525],[4.859950758126008,47.07262293908476]],[[4.854702814783905,47.074494551479376],[4.85472525917026,47.074497108894505],[4.8547527101365615,47.07450095576847],[4.854702814783905,47.074494551479376]]],[[[4.853272984446499,47.0771086128102],[4.853232748402521,47.077069408089045],[4.853152276490022,47.07699099860311],[4.853074725419465,47.07691049794716],[4.8529244193058805,47.07675861434533],[4.852717885777683,47.076537135840596],[4.852588383264495,47.0764247682528],[4.852355244816445,47.07616897185047],[4.852078171925588,47.07594043675055],[4.851872562567347,47.07578944713108],[4.8517868142483,47.07573155507457],[4.851704197148464,47.07567770134459],[4.851618624701549,47.0756249215527],[4.851424788722792,47.07551153919236],[4.851349327111947,47.07544837581853],[4.8513154959497315,47.07542133352356],[4.851210262271188,47.07531879704865],[4.85118373917684,47.07528652244287],[4.850985265833227,47.07503833617174],[4.850899917010398,47.074904825716295],[4.850858177657203,47.074821714753064],[4.850746200591337,47.07456600985318],[4.85073319972051,47.07453556286205],[4.850690589640052,47.074470855302124],[4.85056278574383,47.07427671409608],[4.850504236917619,47.07413971225458],[4.850475021854374,47.07407274583374],[4.8504322370530195,47.074002925771886],[4.850241815779864,47.07377096355524],[4.850086714217918,47.07356601985441],[4.8500059719607895,47.07356629487092],[4.849963949467704,47.07373657988358],[4.8498870720288965,47.07406784932793],[4.849877351221055,47.07413340390302],[4.849869097115267,47.074197908353575],[4.849855356111998,47.07432074011002],[4.849852793979193,47.07450777422877],[4.849869936573015,47.0745279336105],[4.849870969634849,47.07460148414152],[4.849885931242487,47.074775972046595],[4.849959774235067,47.074966889231476],[4.850010016069159,47.075123440443306],[4.850061357256881,47.07522479648717],[4.850112558464928,47.075322066189315],[4.850241514714626,47.07550596798838],[4.850279107147755,47.07555543744394],[4.850335436536248,47.07562810258973],[4.850393233141604,47.07569972657861],[4.8504837222578745,47.07580862370607],[4.850567880324334,47.0759074187597],[4.850620917561071,47.075970941732834],[4.8506734861969365,47.07602118887202],[4.850703113371073,47.076012537290616],[4.850794911477048,47.07598552715815],[4.850935629693502,47.07594546774818],[4.851017709000784,47.076070853406826],[4.850763013616491,47.07614543778693],[4.851065053087097,47.07653501109219],[4.851111864345792,47.07659147408928],[4.851147991566388,47.076641993380804],[4.851425336386124,47.076573169170736],[4.851672287929929,47.076534477833],[4.851760006470267,47.07669348973266],[4.851687886921245,47.076727344789525],[4.851734880292219,47.076832858332565],[4.8517378358681205,47.076831784331894],[4.851785964722574,47.076969979127426],[4.851870613332508,47.07721385521298],[4.8519203878447765,47.0773131912712],[4.85199587786349,47.07746423082665],[4.852005341200102,47.07747838012318],[4.852096018179105,47.07763632670936],[4.852165683707365,47.07774863620101],[4.852199220470378,47.07781042671598],[4.852251916832161,47.077907671521835],[4.852256690400133,47.07791577213067],[4.852333680303936,47.077979928071784],[4.85238299440349,47.078022058508225],[4.852401206848697,47.0780299346996],[4.852463482136715,47.078057547396675],[4.852602833737473,47.07810844686857],[4.852708856224949,47.07814659717662],[4.852867741177797,47.078156315611736],[4.853107515721532,47.078169843009874],[4.8533802952177485,47.078185902530265],[4.853324731074726,47.0781357046234],[4.853295060859219,47.078099392400816],[4.853319859827773,47.07803768433078],[4.85356221174628,47.07769047559516],[4.853758307467883,47.077433929572635],[4.8537445041566905,47.07742392958285],[4.853591540498616,47.07732523173723],[4.85342309651114,47.07721144535966],[4.853272984446499,47.0771086128102]]],[[[4.85457325650111,47.07786226598809],[4.854383464767354,47.07773656687008],[4.8539241623824525,47.07751607516437],[4.853811364600065,47.07745453893472],[4.85362707153843,47.07766286866492],[4.853360405680965,47.07804214930752],[4.8533385491947545,47.07810278355634],[4.853479318645088,47.07819452683253],[4.853623277261522,47.07829236063552],[4.8536578836383075,47.07821107903339],[4.853997335123289,47.0782955552093],[4.854160181246041,47.07833381024139],[4.854235594238643,47.078352016463796],[4.85434418774557,47.0783778583633],[4.854454292320082,47.07840470255806],[4.854473867028503,47.07840847701464],[4.85475704722881,47.07850918153578],[4.854822512494429,47.078542865625195],[4.854935713539602,47.078615642472236],[4.85501833836546,47.078669493837644],[4.855011135621715,47.07867778657104],[4.855250640191511,47.078769987178475],[4.855219053154581,47.078808299923395],[4.855568853929993,47.07893245539265],[4.855741378583669,47.07899098664063],[4.8558307727441345,47.07902429494281],[4.855817780970513,47.078950936479025],[4.855880571309264,47.078776218346555],[4.855938948344905,47.07869047474366],[4.855531051980755,47.07844259706936],[4.8553370089121675,47.07832411821163],[4.855229943442659,47.07825533181819],[4.854777722696426,47.07797956117282],[4.85457325650111,47.07786226598809]]],[[[4.861987749545514,47.067813230672584],[4.861984688723177,47.0678112357047],[4.86189559963861,47.067743192398694],[4.861820892350555,47.06757171204713],[4.86178383192238,47.067494653118814],[4.861737193213008,47.06744328865693],[4.86156800077595,47.06730704783215],[4.86137715948013,47.06715072160733],[4.86137691287752,47.06714357505963],[4.861239338346414,47.06705689606367],[4.860452680123624,47.067532439742806],[4.860755358238976,47.06780957893664],[4.860478954325903,47.067990802498386],[4.860967506761472,47.06845398652412],[4.861321028999542,47.06877424413799],[4.861332801124901,47.06876894827866],[4.861313779574217,47.068737572680874],[4.861324754554491,47.06870879382262],[4.861354618073416,47.068664374001244],[4.861406083578048,47.06863902244078],[4.861457914433199,47.06862387742175],[4.861472888377036,47.06862466284017],[4.861489399177708,47.068626441140424],[4.861504456494429,47.06862926049732],[4.861518082564608,47.06863414720171],[4.861530255463035,47.06864008396445],[4.861613288982824,47.06861932995297],[4.861713031616122,47.06860648382839],[4.861774278729139,47.06860447934705],[4.861819472952786,47.068613963590764],[4.8619120201696395,47.06865232251314],[4.861925553823712,47.068654148724704],[4.86193900377987,47.06865393199177],[4.861952453735923,47.06865371525728],[4.861964309472775,47.0686504622763],[4.861967251223447,47.06864938822333],[4.862599773002415,47.0683438971747],[4.862599490801953,47.06833572455471],[4.862600697487831,47.06832753693965],[4.862604942479225,47.06832030898486],[4.862610676355334,47.06831306603475],[4.862615014152401,47.06830890752479],[4.862584207261672,47.068282837335005],[4.862370493618251,47.06811359799886],[4.86219050788784,47.067968346216496],[4.861987749545514,47.067813230672584]]],[[[4.863722881915587,47.069209642189854],[4.8633381753398055,47.068896027459],[4.863033474836946,47.068647529510216],[4.862719431745391,47.06838795129453],[4.862713521645079,47.06839009086294],[4.862704704944062,47.068394321580065],[4.8626942673317135,47.06839550748545],[4.862682354314826,47.06839671717431],[4.862671859632653,47.06839586871111],[4.862661281225039,47.06839297730437],[4.862652217431415,47.0683900524749],[4.862312376196088,47.06855288677991],[4.862075476560822,47.06866501617063],[4.8620152167880315,47.06869562498327],[4.862003854429785,47.06871317105449],[4.8620000102484155,47.06873163162665],[4.8620131841332,47.068810093040995],[4.8620108987554245,47.068830563779095],[4.862007089676921,47.068850041427886],[4.862000277067568,47.06886956747698],[4.861991953616175,47.06888809122328],[4.861980591520523,47.06890564629175],[4.8619677408253015,47.06892322534655],[4.861953352937091,47.06893980252163],[4.861908256164394,47.06897629980448],[4.861908608477604,47.06898650657866],[4.861907564965804,47.068999806784674],[4.861903509157142,47.06901213788694],[4.861897951267537,47.06902448418726],[4.861890869673287,47.06903583739668],[4.861880797711372,47.0690472387908],[4.861869153763111,47.06905663022829],[4.861861860589199,47.06906185397099],[4.861844200485818,47.069070315697225],[4.861828006730583,47.06907772714489],[4.861808787498808,47.06908416969643],[4.861789532846903,47.069089586166946],[4.861768705901066,47.06909298367651],[4.861747821917842,47.06909434681575],[4.861726902519208,47.06909468387335],[4.861705934532933,47.069093995061586],[4.861686398111745,47.06909124789549],[4.861655978901996,47.069076410317706],[4.861650068684091,47.06907854983122],[4.8616608806475625,47.06908858808444],[4.861867124444143,47.06938772102752],[4.861918363641935,47.06948601198415],[4.862013745845506,47.06960606978165],[4.8620353704339525,47.069626155216035],[4.862137631191992,47.06968581799765],[4.8621529004431405,47.069694766732056],[4.862274579013061,47.06975410745826],[4.862547494723054,47.069905029749414],[4.862599658416004,47.06994301243311],[4.862765320008231,47.07006295439047],[4.862811419739443,47.07009899945171],[4.862882796177491,47.07017346051251],[4.863002945859988,47.070274728606904],[4.863402238211451,47.070491036908024],[4.863686000158363,47.07021977507651],[4.863781116138788,47.07011606237477],[4.864076065618987,47.06977921969942],[4.864199778183302,47.06963723938193],[4.864188105120463,47.069602683743014],[4.864096780458157,47.06951321758353],[4.863836732736838,47.069301816225305],[4.863722881915587,47.069209642189854]]],[[[4.870069986209584,47.07124163472121],[4.869859794149849,47.07108869719779],[4.869683228455775,47.07117228135789],[4.868791109841304,47.07158214399662],[4.868985901410631,47.07172204910387],[4.869082971298133,47.07180426806935],[4.869389491039486,47.07201796811159],[4.869498241229681,47.07209182960969],[4.869562396436658,47.07213064188022],[4.869635629404791,47.072172369179484],[4.869710329083659,47.07221305505773],[4.869804533198311,47.072212548414655],[4.870091831717086,47.072130243091884],[4.8702071482384275,47.07209159751162],[4.870216283594909,47.0720965558919],[4.870519384766885,47.071995604075134],[4.870578424982106,47.07197318776519],[4.870806313537636,47.07190308144519],[4.87056390308441,47.07159739869426],[4.870460816134862,47.07147133950357],[4.870074407678029,47.071239518870655],[4.870069986209584,47.07124163472121]]],[[[4.872075214873339,47.0736880488272],[4.8720201564917,47.07365317913492],[4.871992580652129,47.07363420956276],[4.871945098521852,47.07360227904185],[4.871905312279311,47.07357635672045],[4.871819594766407,47.07351950534307],[4.871717032737932,47.07345168762477],[4.871548527326898,47.0733369104394],[4.871468884760103,47.073283022358815],[4.8712878641555735,47.073152093135775],[4.871076726342716,47.073015527418306],[4.870942913523463,47.07295230362509],[4.870767259078627,47.07288974806586],[4.870685832632857,47.072827711164095],[4.8706306830675645,47.07278978036626],[4.870568050274876,47.07275196167243],[4.87050398687009,47.072716219402636],[4.870392681767452,47.07265466594215],[4.87027232154921,47.072591223646626],[4.870235952165369,47.07257750222269],[4.870130295608955,47.07254958344274],[4.870096916840023,47.0725358135763],[4.870052852374541,47.07251609275319],[4.870011720827828,47.07249428015697],[4.869647291299332,47.07224983664311],[4.869499110634301,47.07216026786729],[4.86909167704851,47.07188280104416],[4.868886106023021,47.07173387562993],[4.86884618135797,47.07170387494188],[4.868644489349698,47.071537514381596],[4.868421184085921,47.07135106902345],[4.8683655290418875,47.07129883529296],[4.868158049321222,47.07113768272734],[4.868025855403413,47.07103457024968],[4.867890495110014,47.0709264115839],[4.867821191452216,47.070868265346114],[4.8675824985576135,47.070712722545174],[4.867137136801209,47.0707219640565],[4.867077318574239,47.0707219039617],[4.867012764850619,47.07067185767745],[4.866807655367895,47.070622037917964],[4.866588005089678,47.07058471844777],[4.866323206526039,47.070538923962935],[4.866266525058661,47.070499989233305],[4.866073529494918,47.070368227836795],[4.866006141231349,47.07032231536801],[4.86578780559043,47.07019300700948],[4.865565155288761,47.07006887413942],[4.86499953672279,47.069757167823866],[4.864935493425904,47.069721413217486],[4.864816612480499,47.0696569148616],[4.864741884870678,47.069615208708704],[4.864347868663674,47.06959499989632],[4.8641202182495125,47.069802003261486],[4.8637661860467185,47.07020315406735],[4.863455270235829,47.07051062460391],[4.8634674302861125,47.07051655237056],[4.863448634248284,47.07053525410927],[4.863408157094733,47.07057575703016],[4.863372277860851,47.070619247723734],[4.86333937584825,47.07066269039516],[4.863349017576115,47.070681951178614],[4.863364851967498,47.07070724497295],[4.863385094578029,47.070730414381636],[4.86344828436071,47.070784573215676],[4.8634975873885,47.07082669922683],[4.8635529194237765,47.07086973662261],[4.863620588651923,47.07092382312346],[4.863714693907911,47.07100712092668],[4.863882039423072,47.0711321403975],[4.86396675036319,47.07120332378649],[4.863972872539585,47.07120731361254],[4.864156717817336,47.07133411083098],[4.864293137220833,47.071430008927585],[4.8643997901395695,47.07148652796499],[4.864411421308862,47.07147714549361],[4.864458897109522,47.0715090791327],[4.864598166425354,47.071600833307855],[4.864733014500037,47.0716947029583],[4.864861754220702,47.07178459145862],[4.865041054024984,47.07190942538164],[4.865214161642596,47.07202822611149],[4.865244336046816,47.07203590720958],[4.865255220238567,47.07204799726775],[4.86541906402719,47.07224460328492],[4.865503601923333,47.07231067314367],[4.865555487665734,47.072340490860775],[4.865592526585083,47.07237361018596],[4.865603693288401,47.0723938638106],[4.86562080591678,47.07241300379567],[4.865639385239259,47.07243110245576],[4.865769352201823,47.072469871884934],[4.865828142615799,47.072483223668755],[4.865889557347553,47.07248632059682],[4.865941143720113,47.07246403606286],[4.866000981680332,47.072421175343194],[4.866461813941656,47.072729463346136],[4.86653690072014,47.07278138408966],[4.866768129900333,47.07293704961196],[4.867062225310131,47.07313768202029],[4.867117279960861,47.07317255408048],[4.86718431939142,47.07320825911312],[4.8673824918539825,47.07335934233887],[4.867399393204262,47.07337235260858],[4.8674125968841215,47.07336498871943],[4.86762243348929,47.073550627005226],[4.867855424205906,47.07375735122622],[4.867864679093626,47.07376537879886],[4.868053919158849,47.073917631937896],[4.8680793167694185,47.07396014249172],[4.868267426078168,47.07407971390986],[4.86829347656081,47.07409768236279],[4.868391755293566,47.07417170518284],[4.868485590459231,47.07424682641887],[4.868604093873235,47.07434300025122],[4.8687010618671644,47.074422159242964],[4.868767074835323,47.07447115437073],[4.868781767339456,47.07446376625286],[4.868995787074122,47.07464013966271],[4.869032652835372,47.0746681544929],[4.869047345356789,47.07466076634178],[4.869090298551262,47.07469174463184],[4.869128489462188,47.07471463177255],[4.8692149649356455,47.07475002129163],[4.869305508248984,47.07477307919511],[4.8693528350438875,47.07480092470797],[4.869423788654631,47.07486312294376],[4.869434674353494,47.07487521259656],[4.869445679303015,47.07489036225415],[4.869469023162318,47.0749165514026],[4.869496846483899,47.07494266807965],[4.869529233270221,47.074970755214984],[4.869569444024196,47.07500892821755],[4.869594135104754,47.07503100696218],[4.869634310692893,47.07506816286871],[4.869664877128725,47.07508708460771],[4.869709332951814,47.07511803836338],[4.869749367336492,47.075151116937704],[4.869774308246106,47.07513743000382],[4.869825736913513,47.07519688197606],[4.8698786768562465,47.07525733612117],[4.869892659224072,47.07527242855474],[4.8703574226802715,47.0754764240044],[4.870420024329578,47.07547030455983],[4.870506571364594,47.07555064839206],[4.870577031571477,47.07559855288901],[4.870707682791818,47.07565672209968],[4.870748958768004,47.075682620714154],[4.870786300646304,47.075680989561086],[4.870863395588128,47.075661351857526],[4.871098430675587,47.07545216274409],[4.871403880578895,47.0752459214167],[4.871942616101182,47.07503897147498],[4.871973550951362,47.075025186961675],[4.872086838341059,47.07497123578948],[4.87219711269322,47.07491631567185],[4.872566786497397,47.07470801295972],[4.872744010530028,47.074599900424985],[4.872772946400138,47.07457183802456],[4.872411554696308,47.07411380155123],[4.872331391001382,47.073958761445866],[4.872260895721056,47.07386691975054],[4.872193497835377,47.073778098775755],[4.872075214873339,47.0736880488272]]],[[[4.872990342961643,47.07260544031033],[4.87264743509659,47.072335108004175],[4.872452396707696,47.07214515017935],[4.872396701634576,47.07209190133159],[4.872356490741887,47.072053720273644],[4.872123880083616,47.07181532561356],[4.872048740540244,47.07184821602017],[4.871873309892472,47.071921563653355],[4.871772819930501,47.07182714559492],[4.8716057861915205,47.07166840582745],[4.871126277821715,47.07185702393023],[4.870886640417481,47.07193345399745],[4.870548992050282,47.072029859803884],[4.870401240819989,47.072082323151285],[4.8701928536774215,47.07215415732326],[4.8699858969988545,47.07222392366595],[4.869807046817439,47.07228505766176],[4.869859465984691,47.07233019255507],[4.869908704286938,47.072370263660346],[4.869960946692456,47.07241029513747],[4.870003580014231,47.07243208344817],[4.8700400553408185,47.07244886516695],[4.870079485661505,47.07246457240286],[4.870182589707536,47.07250479830142],[4.870349589229458,47.0725766896329],[4.870384682191478,47.07259655555812],[4.870494604599745,47.0726611933453],[4.870603038578169,47.07272585512525],[4.870694676987458,47.07278056723411],[4.870714534244083,47.07279251153533],[4.870742002751396,47.072808412197276],[4.870770902591832,47.07282225439219],[4.870909194153802,47.072885405866124],[4.871046019760146,47.0729496075646],[4.87111591033108,47.0729811756041],[4.871244486391443,47.0730659445881],[4.871370107872656,47.07315178793067],[4.871738250613574,47.07341659995408],[4.872030523833363,47.07360702807157],[4.872036434135657,47.073604888030545],[4.872046788461197,47.07360165835144],[4.872058702105027,47.07360043869879],[4.8720707001509025,47.07360127097766],[4.872082733499028,47.07360312032771],[4.87209330025872,47.073606011080294],[4.872102413917249,47.07360995202305],[4.872111598494376,47.073615936110535],[4.8721178145924995,47.073622985933106],[4.8721225551492084,47.0736300596602],[4.87212582943007,47.073638183791935],[4.872126113101468,47.073646356373736],[4.872119267934069,47.07366485691392],[4.872257386120048,47.07376581556318],[4.8723560374958845,47.07385005053344],[4.872400574657298,47.07396990624733],[4.872410255519708,47.07399018332499],[4.87243445127651,47.074040880622036],[4.872461637713621,47.07409152945436],[4.872505252946652,47.07414191207108],[4.872712758318405,47.07438888998842],[4.872806693438651,47.074509980299496],[4.872933988323736,47.0744282257856],[4.873207982559053,47.07426438375676],[4.873263856249594,47.074236911209994],[4.873381597912603,47.07418186885599],[4.873499409993201,47.07412886052461],[4.87380276471993,47.07403504667272],[4.874148422102281,47.073953829357805],[4.874227831570118,47.073957656696],[4.874374638889676,47.073964470383416],[4.874528845215511,47.07396911956695],[4.874543762685038,47.07396785093225],[4.874560133843588,47.07396555007502],[4.874574944951267,47.07396122122103],[4.873728886033055,47.073243328175536],[4.873014135398497,47.072644904923166],[4.873010696999584,47.072631677236586],[4.872996594689176,47.072613516161226],[4.872990342961643,47.07260544031033]]],[[[4.871035452237042,47.07648213676407],[4.870896478150777,47.07639958014947],[4.870844195907182,47.076358532078466],[4.870810035324184,47.076322296848986],[4.870648243735496,47.07605618611112],[4.870645005118948,47.07604908801696],[4.870640029535872,47.076034858515236],[4.870638031835938,47.07602058981556],[4.870637500507532,47.0760052707307],[4.870661725238088,47.075927222526296],[4.870668699436476,47.075912799589],[4.870689494075937,47.07586546227263],[4.8707133146885315,47.0758190936103],[4.870732869533025,47.07573601475106],[4.870704003730798,47.07572319863328],[4.870527831657688,47.07564634996955],[4.870488575870782,47.075635746266144],[4.870322452188232,47.07558939002587],[4.87010863353598,47.07550497285573],[4.8700810442470335,47.07548600305283],[4.8698251740918455,47.07531030875331],[4.869749846054423,47.07525124346832],[4.869679055294363,47.075194149018515],[4.869303420022153,47.07488550399494],[4.8692741657076075,47.0748614547119],[4.869183268531422,47.07482819005315],[4.869039432547681,47.07473446180697],[4.868920040375641,47.07465567475767],[4.868777588021547,47.074558861883204],[4.868686990482847,47.07449084804591],[4.868593260945775,47.07441879620062],[4.868514931362344,47.07435976966372],[4.868411982767591,47.07428071622299],[4.868193853706385,47.07411462065042],[4.868112393143888,47.07405156488838],[4.868095456181864,47.07403753765247],[4.868064678597632,47.07401248604853],[4.868036856449163,47.07398636901838],[4.86791589473666,47.0739055620424],[4.867540459256441,47.07355911135037],[4.867371586670158,47.07343309505095],[4.867070610223549,47.073207025441775],[4.866891867161152,47.07309853991548],[4.866280997135136,47.07269048929113],[4.86613400507917,47.07259171128576],[4.865965173204188,47.0725535608411],[4.865756307051298,47.07252526036528],[4.865606625286105,47.07247863204602],[4.865588129801167,47.07246257631856],[4.865538916627494,47.07242352066147],[4.86541716287709,47.07231921908493],[4.865298386960531,47.072214869315566],[4.865200262921198,47.07210201792311],[4.86516283568714,47.07205765663925],[4.864853306470818,47.07184296757681],[4.864611697942922,47.07168951010578],[4.864399164713981,47.07155499929458],[4.8643888326160525,47.07155925457953],[4.86434901604539,47.07153230356272],[4.864203497054009,47.071432472755795],[4.86405034139873,47.07132867638027],[4.863915495426803,47.071234805921485],[4.863794263660957,47.07114582194661],[4.863675965348975,47.07105474624544],[4.863518140988452,47.07090197951073],[4.8633403015638725,47.070776102100616],[4.8632146409894395,47.07068820659538],[4.863252233631783,47.07065081219357],[4.863285369404742,47.070614516294334],[4.8633169459156615,47.070576201237074],[4.8633412997319025,47.0705451531571],[4.863371634409439,47.07051400862447],[4.863114477232325,47.07038634798986],[4.863050491833963,47.07035263571237],[4.862967638074423,47.070291643185236],[4.8629173354924005,47.07022093100531],[4.86290655819488,47.070211909949954],[4.862782959929872,47.07009741396324],[4.862654016346674,47.07000140263452],[4.8625357444148944,47.0699113430194],[4.8622460491733746,47.06975048768387],[4.862144105423333,47.06970001469364],[4.862026645944003,47.06963344632326],[4.861969298669208,47.06957510400682],[4.861920570371473,47.06950641033037],[4.861904842952952,47.06948418556001],[4.861852066896786,47.069384901718614],[4.8617323739999145,47.06921005764132],[4.861666324592331,47.06911609380175],[4.861650561979428,47.069092842915964],[4.861630496858835,47.06907477657781],[4.861310851368492,47.06878258525058],[4.86104836484689,47.068543623655785],[4.860902974592474,47.068403936576246],[4.860766930372676,47.06827533790929],[4.860616979035612,47.068133679641285],[4.860462408673917,47.067988006975455],[4.8607388699340826,47.06780882682174],[4.860621473779263,47.06770036158747],[4.860602946334363,47.06768328795793],[4.860517985695291,47.06760495568114],[4.860511842276411,47.06759994837701],[4.8602122974649475,47.067326837697195],[4.8598293980361476,47.06749853512071],[4.859442158180343,47.06767438965745],[4.8593199022775275,47.067728463927004],[4.858775116776526,47.067976330070934],[4.8588427681823845,47.06816019147264],[4.85892566359204,47.068309063659804],[4.8589817051951085,47.06841647339274],[4.858997747805397,47.06844788827575],[4.859099055150296,47.06865367721438],[4.85917153956072,47.068847682100994],[4.8592053720416235,47.06896157292942],[4.859257474245741,47.06904146150771],[4.85930189567414,47.069115331780445],[4.859376630683921,47.06920098898588],[4.859485667849737,47.06932695291341],[4.8594951539218485,47.069342127926774],[4.859537981818174,47.069412961822955],[4.859540456213963,47.069441533051524],[4.859544890072494,47.069483356125524],[4.859523313638018,47.069508225824556],[4.859374296219808,47.06965367908355],[4.859327051217901,47.06971472334124],[4.859230403946203,47.069948228737815],[4.859170801058828,47.07012800449602],[4.859012788387182,47.07049021548998],[4.8590488496445925,47.07049474154256],[4.859093961688852,47.07050219290295],[4.85913915734125,47.07051168718935],[4.859181397617397,47.07052224665076],[4.859211570320295,47.07052992932782],[4.859363985251182,47.070569371296756],[4.8594320955300665,47.07059279775942],[4.859482193020579,47.07061447876671],[4.859726570891492,47.070718848208344],[4.86008371906128,47.070883739200305],[4.860281238706423,47.07097354312086],[4.860522383074294,47.071070821470784],[4.860601342053817,47.07110531166959],[4.86065297740242,47.07112798506031],[4.860739511739312,47.071165415117555],[4.860828966505105,47.07120076279828],[4.86091838598774,47.071235084331995],[4.861236686677511,47.07135768539094],[4.861256400309826,47.0713655450155],[4.86140959438541,47.071427449965036],[4.86151428426104,47.07147071986015],[4.861573953819969,47.07150960873029],[4.861601454393366,47.07152653764853],[4.861852794872514,47.07161547186176],[4.861968827140963,47.071684107716365],[4.862064934207202,47.07173875451182],[4.862077094692265,47.07174469142293],[4.862092364516107,47.07175364015899],[4.862104643830014,47.07176263708391],[4.86211545672673,47.07177268428601],[4.862124851182367,47.0717847896288],[4.862132849757545,47.0717999884024],[4.862102760361911,47.07183827913075],[4.8620414022350875,47.07196699543523],[4.862014006942733,47.07195312685314],[4.861817485303796,47.072152482103675],[4.86175789099409,47.07220248719581],[4.861441014767966,47.07246815335351],[4.861300586770663,47.07255931039981],[4.86119733102762,47.072600823647804],[4.860652743814759,47.072682143448354],[4.860185989030097,47.07276526968926],[4.8605559540917955,47.073128176888154],[4.8607622473911105,47.073298565649175],[4.860931575344106,47.07343786738928],[4.861002997613766,47.07347043442806],[4.861297373194592,47.07354948206097],[4.861423736739097,47.07357094245127],[4.861664075854873,47.073687647755996],[4.861888608604019,47.073822996833705],[4.862251828987413,47.07407667856161],[4.862388039980102,47.0741664403623],[4.862525647662689,47.07425311756663],[4.862894875856411,47.07446378846148],[4.863271788786648,47.074680467165834],[4.863665091509697,47.074938765750346],[4.86391529579874,47.07508084749407],[4.864114178590807,47.075209455571745],[4.864227230758969,47.07527813731677],[4.864331099205299,47.07534083424816],[4.864471809511639,47.07543052107497],[4.864600380968909,47.07551529737836],[4.864733679728007,47.0756071567748],[4.864851777873984,47.07569210180512],[4.864897155349181,47.07570669719361],[4.865001201870682,47.07577449688414],[4.865033429226078,47.075754569548366],[4.8650978678833185,47.0758015478405],[4.865141773421096,47.07586010558607],[4.865930657085163,47.0764410338828],[4.866020971973713,47.07650088624676],[4.866108154897745,47.0765567005392],[4.866155600669881,47.07658760735155],[4.8663115763180835,47.07668624929538],[4.866427907679921,47.076763044139796],[4.866553388683692,47.07684480631461],[4.866639296047176,47.076906773686005],[4.866782232316137,47.07701788235399],[4.867054893086461,47.07724644548845],[4.867248088708762,47.0774262294143],[4.867520382866473,47.07768748801507],[4.867563620595761,47.07772663942169],[4.86758682357776,47.07774875163456],[4.867749265161587,47.077904500270996],[4.867905420859937,47.078051155487856],[4.868035631331095,47.07818291122402],[4.868087472435758,47.07825462298834],[4.868125153610618,47.0783061207354],[4.868183011936805,47.07837875283253],[4.8682018993318135,47.07840604090637],[4.868249296369907,47.078478842080706],[4.868295275460074,47.07855371044706],[4.868367596647936,47.078698658373355],[4.868412463208511,47.0787847837627],[4.868466904148718,47.078888126289954],[4.868524336519403,47.078991429431696],[4.8685832576681465,47.0790946994679],[4.868624461609202,47.07916146775645],[4.86866591358767,47.07923539153178],[4.868705898870002,47.0793103566491],[4.868744430628311,47.07938636289683],[4.86880529915531,47.07954580574755],[4.868813809228933,47.07957529680743],[4.868828024821074,47.07964046614554],[4.8688689818293724,47.079700087833466],[4.868880022849882,47.0797162545909],[4.868956577912607,47.07972422040846],[4.869021040442885,47.07972828415489],[4.869086956620778,47.07973130671501],[4.869339408891673,47.079505494885424],[4.869357285656207,47.07946024038786],[4.869397822655709,47.07942177886383],[4.869433573726766,47.07920151608279],[4.8694830823862905,47.07899022552143],[4.8694843011294635,47.078982028650834],[4.869489575008658,47.07896150945489],[4.869564143322762,47.078782513078394],[4.869599577703987,47.07868282334312],[4.869634127047768,47.07855760780078],[4.869631527311087,47.078525967875876],[4.869626941485682,47.0785229801325],[4.869706642487666,47.07827645703946],[4.869724483588389,47.07823019439497],[4.86975228994581,47.07816945148714],[4.869811829593659,47.07803157480765],[4.869868377777118,47.07789373748192],[4.869908942937105,47.07776944211142],[4.869918837887586,47.07775293669253],[4.869997739318266,47.07761269330347],[4.870165329627075,47.07731264068507],[4.870246355938578,47.077190752308624],[4.870305558351811,47.07712951013367],[4.8703889217109655,47.077075027405826],[4.870435982238815,47.07705178754285],[4.870480158060541,47.07703165628381],[4.870561982518764,47.07701909278971],[4.870578248321574,47.07701372328256],[4.8706180861809125,47.076997750766964],[4.870775058907216,47.076909376580254],[4.870827711061588,47.07687480693438],[4.87089346073281,47.07682980376987],[4.870957673031196,47.0767838078122],[4.8710433880516675,47.07671088788999],[4.871098145051733,47.07665074389764],[4.8711224483584825,47.07661866838416],[4.871121562780384,47.07659314258541],[4.871108372869287,47.076557594548746],[4.871078549787424,47.07651720058396],[4.871035452237042,47.07648213676407]]],[[[4.875086730262753,47.07444336885634],[4.875081293363968,47.07441589961074],[4.875073464633239,47.07440684081842],[4.8750500726547825,47.07437858222478],[4.8749973257607175,47.074321171146984],[4.874994154788326,47.074317170028756],[4.874882753997804,47.07421063883228],[4.874844236766793,47.07417956365538],[4.874828889536705,47.07416657425931],[4.8747827564714665,47.07413256068086],[4.874732347803606,47.074100687761295],[4.874680430198384,47.07407091061219],[4.874657570396319,47.07405795301119],[4.874557297355456,47.074013650543364],[4.874542231778447,47.074008761678215],[4.874164694551421,47.07399345172174],[4.873969066082978,47.07404255341628],[4.8737362461153575,47.0741025243264],[4.873505150401424,47.074166609427344],[4.8732579434977055,47.074283008190086],[4.873194854714734,47.07431870282079],[4.873083596000991,47.07438696833277],[4.873082181170522,47.07438798189275],[4.872963872058277,47.07446959994303],[4.872847083690494,47.07455326452911],[4.872924159711564,47.07462045868401],[4.872959008342791,47.07463322231217],[4.873054589259322,47.074671478329876],[4.873148830495401,47.074712907981024],[4.873239978706724,47.0747563689496],[4.873641363839797,47.074941953409244],[4.873770532814619,47.07500217851973],[4.873854197789258,47.07504269841397],[4.873956209106897,47.07509525855589],[4.87405390419574,47.07514878917659],[4.874058421175676,47.075149796609026],[4.8740959906179295,47.07515738252797],[4.874134997185316,47.07516080250472],[4.874228346669738,47.07513479304246],[4.8746546053834,47.07500423065734],[4.874904378394193,47.07513607460382],[4.875046762634966,47.07518581740093],[4.875153449556204,47.07519840536767],[4.874970116856942,47.07500217386754],[4.875195530186026,47.07490350612392],[4.87530156904148,47.07485576622718],[4.875096288242109,47.07458937639799],[4.87509775385254,47.07454432408047],[4.875094530413093,47.07449331402372],[4.875086730262753,47.07444336885634]]],[[[4.86870862341904,47.079388986172255],[4.868652763428763,47.07928771099391],[4.868552638015411,47.07911767270111],[4.868539931216497,47.07909641762135],[4.86849858585469,47.07902556301344],[4.868454284930413,47.07895577381573],[4.868422230875684,47.0788939637592],[4.868326139621033,47.07871056767187],[4.868300585156198,47.078663980167185],[4.868260742472197,47.078593101181525],[4.868217931065138,47.07852328781426],[4.868192495965108,47.078479760286],[4.868134142107405,47.07839282618438],[4.868074817348654,47.07832124441489],[4.868018744013886,47.078256751561995],[4.867876763642156,47.07808738921558],[4.867737581229718,47.077955778306],[4.867499478777393,47.07773176451366],[4.867285999154308,47.07752779528708],[4.867104978520241,47.07735394758866],[4.867019970863075,47.0772745940668],[4.866739168008696,47.07702674613274],[4.866508893513332,47.07685574641468],[4.866125122795299,47.07661466625563],[4.865981640806347,47.076531149997535],[4.86591141753319,47.076490389442505],[4.865859258352235,47.07645240812656],[4.865062150149503,47.07585015156385],[4.865045460544272,47.07584327040817],[4.864932406149973,47.07577458947685],[4.8648239728407985,47.07570992244491],[4.864712632878398,47.075647346504105],[4.864478477923261,47.07549376841611],[4.8641375710197305,47.07528060130314],[4.863912708977127,47.07513606699041],[4.863865349548499,47.0751072021789],[4.863799728111515,47.075069428083914],[4.863705115288418,47.075014758571406],[4.863611955961063,47.07495903889655],[4.863266316366866,47.07473879510113],[4.863034165418901,47.074599491873805],[4.862838736646224,47.07448410967917],[4.86247090477283,47.0742703541741],[4.86236831764037,47.0742015021022],[4.8622735180966865,47.07414171923579],[4.862128101872257,47.074044955132614],[4.8618447845368635,47.07385333158863],[4.861657126246671,47.0737459994064],[4.8616144601532145,47.0737231909513],[4.8614272123645,47.0736281085139],[4.861090699041175,47.07354157170539],[4.8610542037104505,47.07356769955334],[4.861209298363488,47.073727673000576],[4.861178537610215,47.073746558018776],[4.861144856710631,47.07376753434679],[4.861117064619464,47.073785353894486],[4.861085070518631,47.07376849722699],[4.86105620806147,47.07375567869119],[4.861027381022125,47.07374388622452],[4.860980799192639,47.07373747688986],[4.8610000290992685,47.07368812231626],[4.861059898877053,47.07368920242005],[4.86101617593494,47.07363575546113],[4.86092083709249,47.07351671387047],[4.860529244748392,47.07378459804053],[4.860611057681271,47.07381496274622],[4.860690372848545,47.073859659612665],[4.86073452769931,47.07388245343687],[4.861277808543538,47.074326356276146],[4.861890167001119,47.07482125951122],[4.862213392166988,47.07508580720181],[4.862717626932067,47.07548128779302],[4.863130923754372,47.075798541222994],[4.863215901092394,47.075876871357984],[4.863192539503975,47.075893593305956],[4.863188165694905,47.075896725751754],[4.863430397196366,47.076154398799495],[4.863492373787399,47.07621675432281],[4.8637045991106325,47.076384998048134],[4.864299417533079,47.07684747217629],[4.864514551539363,47.07696967557319],[4.864853121159845,47.07715835691886],[4.865053432014347,47.07728489611612],[4.865329596111782,47.07744188361937],[4.865570702542047,47.07758002018535],[4.865627178915985,47.07761282572133],[4.86571269785297,47.077663560959024],[4.865795260983801,47.07771535249112],[4.865877824584571,47.07776715296396],[4.866047856108348,47.07788294027431],[4.866183765041641,47.07796350782645],[4.866415833007142,47.078099753347935],[4.866652129775685,47.07827168263423],[4.86668280290162,47.078293665358885],[4.866748213772904,47.07836822044027],[4.8667364272201805,47.078373526047145],[4.866828548908678,47.07848545544496],[4.866855025387276,47.07851568306631],[4.866969501932058,47.07862520695283],[4.866954759662001,47.078631577970334],[4.8669108951129525,47.07870380962019],[4.866922593921758,47.078739382160705],[4.866959311905397,47.07884914451279],[4.866984269261203,47.07892230867163],[4.86700419454552,47.078979208822474],[4.86710794235584,47.079167588446175],[4.867233656633828,47.079342329708695],[4.867354737238324,47.079513057131884],[4.867504186764025,47.07972521139801],[4.867683636923994,47.079982872615524],[4.867823169231337,47.07995200662263],[4.8680086656226935,47.079909158463195],[4.868192624419283,47.07986531721466],[4.868376511821061,47.0798194235287],[4.868560363670426,47.07977251247814],[4.8686793962194015,47.07975424259897],[4.868779312533682,47.07974547649863],[4.868770287219143,47.07965774506849],[4.868773190458136,47.079568803111094],[4.868762355435111,47.0795148271905],[4.86870862341904,47.079388986172255]]],[[[4.876392349185606,47.07637380333788],[4.87636148341103,47.076346747039096],[4.876273610047543,47.07627252584738],[4.876165981278108,47.076187458246146],[4.876050771043733,47.07610044231312],[4.876020115358659,47.07607941633775],[4.875823876557679,47.075940581892745],[4.875157123938232,47.075520209640146],[4.875030773808161,47.075586650564695],[4.874879179675564,47.07570051067603],[4.874872023491834,47.075710803221924],[4.874742299897037,47.0758508751331],[4.874570713354953,47.07599261658287],[4.874573884394426,47.07599661771042],[4.874359060363329,47.076142212174254],[4.8742444693948,47.07628915252886],[4.874145226707844,47.07652878265514],[4.874103060134438,47.07673794838923],[4.874013624006184,47.07696012837196],[4.873991630889099,47.077017671186155],[4.874011308615936,47.07702248534011],[4.8739721838416985,47.07714469668344],[4.8739982379258455,47.07724955078356],[4.874008473189656,47.07728612804881],[4.874037238746069,47.07738175235876],[4.874068724724516,47.0774721992982],[4.874109091123551,47.07759816477002],[4.874150905041673,47.07768232032636],[4.87418335674829,47.07784227553292],[4.874115151687806,47.07820505027753],[4.874113363002346,47.07824083188593],[4.87410907171036,47.07832978766573],[4.874106437344827,47.07838296397322],[4.874102442769993,47.07848425273493],[4.874103825220031,47.07852403547657],[4.874904453333591,47.078278072085524],[4.875533211343591,47.07807884020495],[4.875648644364368,47.07804328548738],[4.8757064079132695,47.07802496697895],[4.875645921319498,47.0778778049496],[4.875592628892473,47.077763126758185],[4.8755716736644965,47.077721590350436],[4.875544291827204,47.07766583917602],[4.875431653622763,47.07743676102019],[4.875412526950288,47.07740230941119],[4.87628800105315,47.07698554395804],[4.8766970102663585,47.076790863551246],[4.876729450391535,47.07677601766925],[4.876643187396466,47.07666097475505],[4.876588332330172,47.076592341488045],[4.876475990715075,47.07645520766381],[4.876463540980057,47.07644217142983],[4.876392349185606,47.07637380333788]]],[[[4.874083160916771,47.075216848113854],[4.8740664077285585,47.07520892461345],[4.873991948300871,47.075175370092424],[4.873771566389671,47.07507366703617],[4.873148247883743,47.07478343206676],[4.8729643420916195,47.07469950788203],[4.8729309457639385,47.074686810774],[4.872894719768931,47.07467614077143],[4.872858634431975,47.07466952104349],[4.872828587125067,47.074665955444374],[4.872803125495004,47.07466537745896],[4.872777766999764,47.07466776967778],[4.8727525178856474,47.074673312113546],[4.872728921615371,47.074680899069435],[4.872293403077301,47.07493210060855],[4.872166276411407,47.07501800326921],[4.872007199089699,47.075091094931025],[4.87149134711613,47.07526497489494],[4.871451609137939,47.0752860613633],[4.871239522450946,47.07542332040602],[4.871159365554921,47.07548387578695],[4.871079811121237,47.07556180234171],[4.871050931231795,47.07559189866605],[4.87101450722389,47.07562112649962],[4.870765818371354,47.075824358540764],[4.8707704414944155,47.07582842631826],[4.870700378169097,47.07596338507818],[4.870701229745808,47.07602974323512],[4.87071636977727,47.076078579166705],[4.870737438634214,47.07612731912039],[4.870761500342456,47.07617492993846],[4.870766298327942,47.07618403807209],[4.870826898942135,47.07628932418892],[4.870845738175307,47.07631558599125],[4.870864365118197,47.07633572735794],[4.870885916206703,47.0763527594475],[4.87091190939783,47.076368638935406],[4.870916495111261,47.076371626630035],[4.871046373273486,47.076452286197316],[4.871067040789696,47.076443846455604],[4.87114011957626,47.07647940645145],[4.871191449553076,47.076537832782755],[4.871206377822556,47.07658054821036],[4.871217813640522,47.07660999176381],[4.871197599480535,47.076627700051716],[4.87118895884589,47.0766370257629],[4.871130098832614,47.0766655362046],[4.871065290138729,47.07673917137642],[4.8710303745781856,47.07676630345973],[4.87098227875701,47.07680490603085],[4.870809996177673,47.07692314806417],[4.870595577397964,47.0770390099338],[4.870538013599742,47.077059303901414],[4.870480427260374,47.0770827501948],[4.870427520915454,47.077108101963994],[4.870402517012931,47.07712075438302],[4.870362989496897,47.07714796089508],[4.870326695819181,47.07717718636384],[4.870294784309071,47.07720733152564],[4.8702904451399895,47.07721145430857],[4.870191076141529,47.077364357947665],[4.870151762567963,47.07743956121949],[4.870001197117626,47.07771279856795],[4.86997605425887,47.07776327700514],[4.869939488310803,47.077872116980544],[4.869851066737684,47.07808608176042],[4.869796584602002,47.07819530160424],[4.869769543662676,47.078278501313996],[4.869774163800464,47.07828247912155],[4.869714046533584,47.078445914224645],[4.86965137367436,47.07866873805546],[4.8695831104500575,47.078855809660816],[4.869519360853414,47.07904379881591],[4.869487026421059,47.07914545563429],[4.8698956657304056,47.07898457738431],[4.869926285050587,47.07904640126692],[4.870231889526135,47.07966275797115],[4.870110282399819,47.07969534512113],[4.870288766871264,47.07983546701248],[4.870464621595497,47.07994915450437],[4.870469101449559,47.07994908200033],[4.870512773601569,47.080041313777286],[4.870190926938224,47.08007822234557],[4.87023659260415,47.08023175061497],[4.870271992958416,47.08038958759372],[4.870290482731612,47.08044755510274],[4.870327247011403,47.08055727967776],[4.870360699967226,47.08065895271972],[4.870107414048925,47.08068853751028],[4.870114656214692,47.08076812054367],[4.870130343424446,47.08092015265702],[4.870140583857425,47.08104057292654],[4.870247752567278,47.0813708779273],[4.870274648409019,47.0814583380593],[4.870421796006367,47.08142839941344],[4.870568808554428,47.08139837270636],[4.8715268190652825,47.081203020062986],[4.871779397474692,47.08115300076411],[4.871951626367464,47.08111644001666],[4.87199328024326,47.08110865085709],[4.871999634499021,47.0811207956577],[4.872059030071648,47.08110758586731],[4.8720197880259075,47.081010149657985],[4.872031362370142,47.081001767013234],[4.87205033212881,47.080986150091285],[4.872064618314402,47.08096853772426],[4.872068460860587,47.08095010389725],[4.8720414151778275,47.08081662752938],[4.8720314151144954,47.08074123185638],[4.872096136535187,47.08071055480895],[4.872091444155011,47.08070450695522],[4.872039586926665,47.0806348324681],[4.872339423036415,47.08056765606096],[4.872369120480211,47.08056105108101],[4.872615584555581,47.080505905643676],[4.872749050540036,47.080473123711315],[4.873150953626553,47.08037259121289],[4.872611705383493,47.079706984277614],[4.872679774496963,47.07968543842236],[4.872633591682663,47.07964629156227],[4.872590273266471,47.07960610764733],[4.872549951003878,47.079564884545825],[4.872523352638365,47.0795316342447],[4.8725808344462065,47.079505126742156],[4.872842814850474,47.0793844380838],[4.872853602494464,47.07939137775943],[4.872866794977432,47.07938404947853],[4.872891302357889,47.07935708554912],[4.872935208485275,47.079288921421764],[4.872937707546754,47.07927357125441],[4.872935723687635,47.07925820368055],[4.872907391447217,47.07921678638711],[4.872879280697311,47.07918554192363],[4.8728484494582265,47.07915947478144],[4.872831545678466,47.079143448418165],[4.8728681076317235,47.07907639394879],[4.872827288579688,47.079020859947505],[4.8727318607734516,47.079074549259865],[4.872649177179992,47.079020684203684],[4.872619536583812,47.078983340601056],[4.8725900142880585,47.07895319962361],[4.87255748709771,47.0789200453933],[4.8725414010360515,47.07888959664053],[4.872471298322006,47.07880697958822],[4.872791057789473,47.078755779285366],[4.8728714374942275,47.0787433096552],[4.8729669193531455,47.078778505479335],[4.873275779667734,47.078887961841204],[4.873294889010186,47.07887639498318],[4.873409012051,47.07880303990182],[4.873535028125811,47.07894301680242],[4.873751503704877,47.07918986541374],[4.873772522093429,47.07919150588964],[4.8739032212645395,47.07912094350771],[4.874101358741418,47.079014525431546],[4.874119936230435,47.078987657385746],[4.874127228660535,47.07893953879601],[4.874030226753406,47.07873163940809],[4.874017279798181,47.07870429193534],[4.8740146232231565,47.07866957304403],[4.874002265165802,47.07844292005805],[4.873995024931363,47.07823455568003],[4.874031979436859,47.077875349721616],[4.8740107357709785,47.07778374606872],[4.874007339886693,47.07776948208169],[4.874003777846724,47.0777542301625],[4.873940902340622,47.07749264366411],[4.873837369301175,47.07705493455623],[4.873975830727162,47.076862669185104],[4.874025959204635,47.076715693832355],[4.874087088597112,47.07644903442773],[4.874135809742308,47.07634503900287],[4.874188725617637,47.076232780334784],[4.874271479916768,47.076118056447854],[4.874543227067571,47.075933804924844],[4.87458517806907,47.075889176606765],[4.874807749308774,47.0756669075236],[4.874992913439962,47.07552899795034],[4.875210252806495,47.0754141609051],[4.875301114232019,47.07531659559331],[4.874967102137894,47.0752188099914],[4.874625423189163,47.07507107609604],[4.874570079862864,47.07506792129272],[4.8741734427726575,47.07518980776245],[4.874083160916771,47.075216848113854]]]]}},{"type":"Feature","id":"inao-denom-550","properties":{"id":"inao-denom-550","name":"Corton-Charlemagne","tier":"grand_cru","kind":"vineyard","appellationId":166,"denominationId":550,"sourceName":"Corton-Charlemagne","communes":["21010","21480","21606"],"areaHa":71.91},"geometry":{"type":"MultiPolygon","coordinates":[[[[4.859432196133212,47.06938094692079],[4.859420702412255,47.069351503188265],[4.859244377868095,47.06913874447791],[4.859206499995321,47.06908110520307],[4.85909754592998,47.068870324173595],[4.858949716036991,47.0684864668891],[4.858764307159308,47.06813999313923],[4.858537450008165,47.068196775837734],[4.8584163289422655,47.06824061841132],[4.85835877633471,47.0682630045959],[4.858212678949514,47.06831950537854],[4.85806962910459,47.06837801025916],[4.858047559787462,47.06838857758802],[4.858006482146367,47.068411716306564],[4.857965439812421,47.06843588108955],[4.8578719341787675,47.06849971290784],[4.857819457975374,47.06853938914608],[4.857624692439515,47.06870293866228],[4.85757945190559,47.068735338942666],[4.857463805646223,47.068807703500845],[4.857441806700009,47.06882032287094],[4.85743400778006,47.06881125344241],[4.85727872581733,47.06886176777022],[4.857037558183954,47.068937167047814],[4.856848174509201,47.068996415004214],[4.856704664104165,47.06904163315429],[4.856474306180393,47.06912707896825],[4.856375854638914,47.069004004173465],[4.856064426126326,47.06860232888836],[4.855867924441627,47.06867190201887],[4.855705405114706,47.06872968997083],[4.855469650140369,47.06887550443315],[4.855387606180508,47.06896878778511],[4.855096112229324,47.069146151744],[4.8550097771039535,47.0692016888882],[4.854923455283844,47.06925723475606],[4.854869346742926,47.06929283822247],[4.854537283694711,47.06898652708365],[4.854511190906368,47.06901044165791],[4.854505420901298,47.069016667125005],[4.853986159373146,47.06948582888341],[4.853833308664566,47.06956389283691],[4.85381279717465,47.06957648763015],[4.853773393990046,47.06960470413907],[4.853715108271358,47.06964957784737],[4.853632265986935,47.06971936788385],[4.85340889079744,47.06992117467797],[4.8529296050985815,47.06959575991085],[4.852903265811526,47.06961252755743],[4.8521370948774,47.07025219929308],[4.852010703480635,47.07036049188647],[4.851376330862981,47.070919354203234],[4.851098549512433,47.07114860359334],[4.850847159403726,47.071406031498555],[4.850739918984692,47.07154977726861],[4.850687382551418,47.071631345346965],[4.85067616957938,47.071652985396184],[4.850561625971895,47.07193274319081],[4.850540850390975,47.07198110302887],[4.8504680627937296,47.072126341024315],[4.850474148874139,47.07212930548386],[4.8504517791550406,47.07217461990224],[4.850377769561365,47.07232805451968],[4.8503687409731215,47.072326154811],[4.850287401287809,47.07248379529389],[4.850293452508266,47.07248574268316],[4.8501956401034745,47.07268655875023],[4.850131331793404,47.072817350734084],[4.8500750889124955,47.07296539443815],[4.850067448066857,47.07300434010313],[4.850058301186084,47.07308623078022],[4.850054040909004,47.07318030890766],[4.850047888668603,47.073306081165164],[4.85004566894989,47.073328603794586],[4.850062237678652,47.07341927752194],[4.850081004463003,47.073486411325334],[4.850112333757776,47.073527803992995],[4.850370866945342,47.07352162024932],[4.850497887410655,47.07351856863162],[4.850717625703318,47.07351504963023],[4.8510090072110055,47.07350731172758],[4.851221297501573,47.073504937712805],[4.851249979989336,47.07351400327414],[4.851248865661199,47.07352390324022],[4.850122794352839,47.0735276365161],[4.850198851941998,47.07365210154315],[4.850244416529592,47.07371574433969],[4.850289757777072,47.073773257851784],[4.850415807714994,47.07391633843282],[4.8504877894989065,47.074009186686176],[4.850618495871504,47.07424414910259],[4.8506648323102715,47.07433025745873],[4.850686910415252,47.074363630011256],[4.850731394598405,47.074439546600516],[4.8507743904641645,47.074515496014705],[4.85084039733519,47.07465237826995],[4.850904999072715,47.07479132727263],[4.850965108504798,47.07493034819201],[4.850987502422059,47.07497291038828],[4.851113955407144,47.075127213801814],[4.851204480545133,47.07523714546614],[4.851249543577656,47.075286485943316],[4.851379776825991,47.07542030372203],[4.851459928045485,47.075489515778756],[4.8514904182055965,47.075506399164105],[4.851604768499029,47.075569966003386],[4.851717713293604,47.07563559052831],[4.85183064549694,47.07570122415318],[4.851930651909836,47.07578238340635],[4.852186957175302,47.07597241937821],[4.852399553834428,47.07615293401869],[4.852523950527326,47.07629092365791],[4.852635836746097,47.07641276848689],[4.852738586707344,47.07639988219649],[4.852750707672589,47.07623006661118],[4.852763552202239,47.076081699858875],[4.85280071075699,47.07581339336512],[4.852837434937522,47.075532837111176],[4.852863112502431,47.075365875022825],[4.852911533158773,47.07503403311991],[4.852947986817229,47.07487609295685],[4.852960175494849,47.0748391184573],[4.8530782094976255,47.074530682545394],[4.853119126864067,47.07441559163038],[4.85321265738752,47.07413411511027],[4.853182912471986,47.07412470205233],[4.8531849346487865,47.07411106395319],[4.853311644621238,47.0736635223416],[4.853345982988087,47.0735311649041],[4.853368035551265,47.073345862138446],[4.8533908328462845,47.07309515736151],[4.853401483674892,47.07305718080209],[4.853415208463716,47.0730211992212],[4.8534304219422815,47.072985193760715],[4.853487435147487,47.072903561628124],[4.853532799973217,47.07287422302043],[4.853588366120928,47.07283756126433],[4.853717209837257,47.07275682106879],[4.854031163674708,47.07257910083978],[4.854173478845976,47.07249916160421],[4.85426440456689,47.072446613506955],[4.854383123718477,47.07237624740701],[4.854500283622978,47.072303861917604],[4.8545985030054775,47.0722460902816],[4.85495474033955,47.07203703351227],[4.8552866775165,47.07181712667332],[4.855380486257701,47.07176146943599],[4.855471606929572,47.07171504105765],[4.855557216612643,47.071681993458746],[4.855650401171993,47.07165188607746],[4.855994792848516,47.071576876365825],[4.856276655241598,47.071510020609125],[4.856829904291075,47.07137646632493],[4.85709976760682,47.07130878369529],[4.85713553468864,47.07130513793024],[4.857177247733938,47.07130037894971],[4.857294939337988,47.07128724826836],[4.857414168051544,47.07127511940488],[4.857602421192462,47.07131296098052],[4.857683384315447,47.07131880991296],[4.857702640175213,47.07131339413072],[4.857730713599044,47.0713037480125],[4.8577557743536355,47.07129312367574],[4.857875707054384,47.071214566192246],[4.858176937404545,47.071015578295075],[4.858478095445414,47.07081455544409],[4.8586128021758,47.070730644306636],[4.85879145902479,47.07062047691847],[4.858810397836018,47.070605871249924],[4.85887130556798,47.07055073131287],[4.858908971848389,47.070515390478526],[4.858946567354687,47.07047799747506],[4.8589882080308495,47.07038434395698],[4.859042137507557,47.07025677545512],[4.85909304093714,47.070128228957245],[4.859162765330364,47.0699380779527],[4.859215332694236,47.0698146108253],[4.859230682246427,47.06978269087382],[4.859251625409216,47.06973944182795],[4.8592911544518245,47.0696713622445],[4.859305367440565,47.069649682015125],[4.859322592391946,47.069628961953974],[4.859388986899285,47.069559441396],[4.859446669282184,47.06949720249836],[4.8594442050884625,47.06942571903549],[4.859440721677287,47.069411465064306],[4.859432196133212,47.06938094692079]],[[4.851742112986591,47.073670103277706],[4.851705178285636,47.07365862925269],[4.851392156072543,47.07355894016023],[4.851661294830004,47.073644004820274],[4.851742112986591,47.073670103277706]]],[[[4.861897561439559,47.071699557049236],[4.86188073246749,47.0716885891206],[4.861860912991754,47.071677669374054],[4.8618411286315695,47.07166776670033],[4.8618169005192415,47.0716589622692],[4.861666836863178,47.07160109599153],[4.861515319965672,47.07154427057598],[4.861525498086115,47.07153592945328],[4.861473593418518,47.071505092630154],[4.861359156743036,47.07143950152517],[4.8612667812417545,47.071406245580604],[4.8611593828835815,47.071371187241134],[4.861052033241956,47.07133715466652],[4.860931114360242,47.07130027859043],[4.860717186439064,47.07121175761481],[4.860224820599552,47.070985699475784],[4.859785665183234,47.07078431398542],[4.859601914663709,47.07070349144995],[4.859416710805412,47.07062370065143],[4.859354581400246,47.07060017794065],[4.859168932796756,47.07055105823971],[4.859008193330995,47.07053013953424],[4.8584611973532965,47.07088839457282],[4.858041257062732,47.07115774422951],[4.857748526481291,47.071343311728256],[4.857685787448499,47.07134533800663],[4.857582191063518,47.071333720058306],[4.8574785596981,47.071321084939406],[4.85744401302827,47.07131653404538],[4.857435182261785,47.07132076456801],[4.857438981415064,47.07134419929146],[4.857448339722219,47.07135528793848],[4.857457474091194,47.071360256329115],[4.8576094678946875,47.07138744166464],[4.8576912867884765,47.07137488725748],[4.857743191685045,47.0713617870746],[4.857868669469842,47.07135772542087],[4.857901481379119,47.07135515357828],[4.857960198562472,47.07136647521425],[4.858210923324002,47.07148097623326],[4.858655718625408,47.071715985169305],[4.859287946397946,47.07213803248703],[4.859422505146023,47.07222374469952],[4.859559997292989,47.07230735626105],[4.859630267590652,47.07235016409951],[4.859883064870819,47.072524912202525],[4.8600977971407175,47.07267983863276],[4.860159660037534,47.07273912678726],[4.860565479880167,47.07266719421126],[4.861173886278294,47.07257156357828],[4.861266752121596,47.07253226199017],[4.861405656316342,47.07244011188833],[4.8617123057511575,47.0721817610987],[4.861808394091941,47.07210562794221],[4.861923921891446,47.07198626040546],[4.861991275478942,47.07190138627474],[4.861999048313558,47.07186651711228],[4.861978143810449,47.071781020818364],[4.861912972277876,47.07171259211527],[4.861897561439559,47.071699557049236]]],[[[4.860057994430105,47.072696824622525],[4.859950758126008,47.07262293908476],[4.85985888414495,47.07256106291656],[4.859590619033142,47.072371236026214],[4.859262030418198,47.072167060494166],[4.8586418700286345,47.07174788086662],[4.858175929831742,47.07150707903989],[4.857955532274447,47.071404356048944],[4.857920761206304,47.0713936760423],[4.857883210780623,47.07138917357406],[4.857728425616267,47.07141106934716],[4.857694195370296,47.071415708228876],[4.857606008561612,47.07141712593002],[4.857508076583727,47.071396222065275],[4.857481021373849,47.07139256839761],[4.857446509682532,47.071389034582104],[4.857395367930556,47.0713806618532],[4.8573817765633995,47.07137679174503],[4.857368150175187,47.07137190455757],[4.857355977118388,47.07136596736201],[4.8573452358545985,47.07135797187004],[4.857335982945257,47.071349943448475],[4.857329650180153,47.071339823802745],[4.857334927935209,47.071319305107494],[4.857246706253986,47.07131970545679],[4.857112700946872,47.07133718684779],[4.8564097919779075,47.07151094372447],[4.8562941505509265,47.07154038584115],[4.85617999797524,47.07156981292956],[4.85601086965685,47.071609308707345],[4.855659170801491,47.07168955102486],[4.855620693699222,47.07170140798258],[4.855495153487274,47.07174736252749],[4.855405345595152,47.071788654628136],[4.855298507723297,47.07185678678843],[4.854986942297901,47.072060021357814],[4.8546247588091935,47.07227019129773],[4.854516324779615,47.07233527738069],[4.854406459177227,47.07240243961985],[4.854199559144065,47.072518159322186],[4.854058697387614,47.07259704862476],[4.853741788222743,47.072775842980946],[4.853621811078048,47.072853379054024],[4.853572050416928,47.072884832492385],[4.8535633242561795,47.07289212295249],[4.8535097379153616,47.0729430539178],[4.853486773769344,47.07297100657432],[4.853469567285621,47.07299274303143],[4.853457133793984,47.073022571058075],[4.853447726142293,47.073053377195265],[4.8534395965624455,47.07307802998192],[4.853412222529771,47.0732388867359],[4.853421517267147,47.07329187101059],[4.85342524491581,47.07331327169363],[4.853384812625533,47.0735295154953],[4.853401394869216,47.07353333810502],[4.853360113361703,47.07368114354184],[4.853329692961332,47.07379709288295],[4.853300247954196,47.07389769894894],[4.853277360518446,47.0739716331671],[4.853257112959989,47.074035312634244],[4.853227386876555,47.07412774604692],[4.853224817438246,47.074140052947854],[4.853278160366821,47.07415448472972],[4.853250512230192,47.07414781800814],[4.8531285816804175,47.07451659145557],[4.852999532393526,47.07485278835061],[4.8529623420211525,47.07498927989155],[4.8529056710610226,47.075385626461824],[4.852899260121143,47.075460323009594],[4.852820047819052,47.07607159932381],[4.852815320614367,47.07619531357869],[4.852811069283682,47.07637624204554],[4.852813656597668,47.0765386623341],[4.85288377129242,47.07662030002787],[4.852944563140868,47.076691874764165],[4.852991271361832,47.07674527676494],[4.853107275325145,47.07685684272916],[4.8532064637823735,47.07695743018898],[4.853330127339347,47.07707397029957],[4.853399318183507,47.07712906487023],[4.853482289970951,47.07719312413255],[4.853615937915534,47.077295202855815],[4.8536939613830405,47.077346067023896],[4.853753631802896,47.07738495985257],[4.853819389170737,47.077426816927876],[4.853831563206008,47.0774327544835],[4.853948735441248,47.077491158599656],[4.854184490648758,47.07760488193202],[4.854392592004852,47.077697597093554],[4.854547363028808,47.07780545966377],[4.85479460102109,47.07794863508169],[4.854900035938155,47.07801335947635],[4.855077198864198,47.07811984432026],[4.855255864826902,47.07822631377688],[4.855269611204242,47.07823426121873],[4.855370378768164,47.078293953923676],[4.855459125892723,47.07835179525154],[4.855526479907175,47.07839668766611],[4.85559526607881,47.078439521772324],[4.855848759301834,47.07859076267832],[4.855983025603701,47.078667288809655],[4.856002520959344,47.078625081470996],[4.856100350476863,47.078556076061616],[4.856369480088016,47.078379070147385],[4.856509168560183,47.078352303886646],[4.856568959914251,47.07835134337495],[4.85666872255513,47.07838141353607],[4.8567511727428805,47.07843015128809],[4.856755828499005,47.07843519169448],[4.856760448929985,47.07843920602458],[4.856768003085075,47.07844112893876],[4.8567755087386715,47.07844202598807],[4.8567829443593915,47.07844088888612],[4.856790357828938,47.078438725495964],[4.856796220762738,47.07843556037351],[4.856799070965204,47.0784314260172],[4.8568003742267285,47.07838236033018],[4.856838672512436,47.0782346107482],[4.856822100822528,47.07818787653483],[4.856767143203141,47.078112121466496],[4.856732897923884,47.078029909766556],[4.856703042492401,47.07785770614075],[4.856659613900323,47.07776950910865],[4.856497497949597,47.077578987377194],[4.85648355374226,47.077564910411205],[4.856427706037717,47.0775065413761],[4.856351603159507,47.07742500194114],[4.856267783742974,47.07733642691342],[4.856193358989537,47.07725996662491],[4.856166959420076,47.07723177970128],[4.856127072763631,47.0772027917528],[4.856045810447909,47.07714483072419],[4.855982936891453,47.07709985764945],[4.8558492631290635,47.07699676436839],[4.855692378954592,47.07687155653845],[4.855667622423231,47.07684743168521],[4.855885243029387,47.07673868806525],[4.8557946140177455,47.07662570868358],[4.855746154934428,47.07656517639518],[4.855653813634677,47.07644609155481],[4.855452447685757,47.07611417054138],[4.855433449399002,47.076083829344675],[4.855425535408136,47.07602775214833],[4.855410129511704,47.07592786567572],[4.855408254295997,47.07591665673177],[4.855295647782725,47.07559966459622],[4.855229374034757,47.07536877902298],[4.855091484438499,47.07483864152713],[4.855186431036441,47.07485959542664],[4.855159305437541,47.07463625842594],[4.855162685281599,47.07457398532684],[4.855172173266547,47.07457576800648],[4.855174882835433,47.07456754737439],[4.855197416534333,47.07448339701973],[4.855212032024974,47.074430029023766],[4.855222660025268,47.0743910350252],[4.8552467525990615,47.07430890391047],[4.855283712415049,47.07420919429887],[4.855296825831814,47.07415585040007],[4.855346012004133,47.07393333246226],[4.855382282236365,47.07377028808289],[4.85535880514625,47.07374000976819],[4.855182472331566,47.07370094644516],[4.8551586792998584,47.07366147838841],[4.855175872141722,47.07363974189634],[4.855136550558962,47.07362708981598],[4.855186702265231,47.07356293889684],[4.855206780423561,47.073538094154095],[4.855239760707354,47.07349668799632],[4.855338556835903,47.073412339828046],[4.85539378437586,47.07336547022047],[4.855516939563705,47.073250075514586],[4.85555261601121,47.073200457831604],[4.85561443456243,47.073127933218736],[4.855680662264249,47.0730533024847],[4.855785732123574,47.0729770212835],[4.855906044771537,47.07290969895846],[4.856027590942507,47.07283417954901],[4.856205404160549,47.07274242855256],[4.856248079889248,47.07272232682815],[4.856466408401608,47.07267794278068],[4.85652299222955,47.07267090986939],[4.856763344004054,47.072657844345215],[4.856817358913953,47.072663109274885],[4.856873965495062,47.07270000545406],[4.856925389780555,47.072716551031434],[4.857018598605502,47.07273038082026],[4.857093195890246,47.07272509342768],[4.857277349810962,47.072687389906974],[4.8572831552209434,47.07268219038728],[4.857650299945048,47.07274679420947],[4.858505725802486,47.07287506785083],[4.858644964262319,47.072922899898295],[4.858961123556151,47.073070055102214],[4.859236343399723,47.073157593214944],[4.859249407282188,47.07314614395048],[4.859817173969593,47.07343333007588],[4.860327059027251,47.07368976336078],[4.860447220791049,47.07374811281975],[4.860456333622701,47.07375205468058],[4.860466864705462,47.07375392942],[4.860475836586001,47.07375378497428],[4.860486262109278,47.07375259948354],[4.860495163512055,47.07375041188383],[4.860898211601622,47.073468033333235],[4.860519119878562,47.073144097595055],[4.860317999168709,47.07295012934166],[4.860057994430105,47.072696824622525]],[[4.85472525917026,47.074497108894505],[4.8547527101365615,47.07450095576847],[4.854702814783905,47.074494551479376],[4.85472525917026,47.074497108894505]]],[[[4.853272984446499,47.0771086128102],[4.853232748402521,47.077069408089045],[4.853152276490022,47.07699099860311],[4.853074725419465,47.07691049794716],[4.8529244193058805,47.07675861434533],[4.852717885777683,47.076537135840596],[4.852588383264495,47.0764247682528],[4.852355244816445,47.07616897185047],[4.852078171925588,47.07594043675055],[4.851872562567347,47.07578944713108],[4.8517868142483,47.07573155507457],[4.851704197148464,47.07567770134459],[4.851618624701549,47.0756249215527],[4.851424788722792,47.07551153919236],[4.851349327111947,47.07544837581853],[4.8513154959497315,47.07542133352356],[4.851210262271188,47.07531879704865],[4.85118373917684,47.07528652244287],[4.850985265833227,47.07503833617174],[4.850899917010398,47.074904825716295],[4.850858177657203,47.074821714753064],[4.850746200591337,47.07456600985318],[4.85073319972051,47.07453556286205],[4.850690589640052,47.074470855302124],[4.85056278574383,47.07427671409608],[4.850504236917619,47.07413971225458],[4.850475021854374,47.07407274583374],[4.8504322370530195,47.074002925771886],[4.850241815779864,47.07377096355524],[4.850086714217918,47.07356601985441],[4.8500059719607895,47.07356629487092],[4.849963949467704,47.07373657988358],[4.8498870720288965,47.07406784932793],[4.849877351221055,47.07413340390302],[4.849869097115267,47.074197908353575],[4.849855356111998,47.07432074011002],[4.849852793979193,47.07450777422877],[4.849869936573015,47.0745279336105],[4.849870969634849,47.07460148414152],[4.849885931242487,47.074775972046595],[4.849959774235067,47.074966889231476],[4.850010016069159,47.075123440443306],[4.850061357256881,47.07522479648717],[4.850112558464928,47.075322066189315],[4.850241514714626,47.07550596798838],[4.850279107147755,47.07555543744394],[4.850335436536248,47.07562810258973],[4.850393233141604,47.07569972657861],[4.8504837222578745,47.07580862370607],[4.850567880324334,47.0759074187597],[4.850620917561071,47.075970941732834],[4.8506734861969365,47.07602118887202],[4.850703113371073,47.076012537290616],[4.850794911477048,47.07598552715815],[4.850935629693502,47.07594546774818],[4.851017709000784,47.076070853406826],[4.850763013616491,47.07614543778693],[4.851065053087097,47.07653501109219],[4.851111864345792,47.07659147408928],[4.851147991566388,47.076641993380804],[4.851425336386124,47.076573169170736],[4.851672287929929,47.076534477833],[4.851760006470267,47.07669348973266],[4.851687886921245,47.076727344789525],[4.851734880292219,47.076832858332565],[4.8517378358681205,47.076831784331894],[4.851785964722574,47.076969979127426],[4.851870613332508,47.07721385521298],[4.8519203878447765,47.0773131912712],[4.85199587786349,47.07746423082665],[4.852005341200102,47.07747838012318],[4.852096018179105,47.07763632670936],[4.852165683707365,47.07774863620101],[4.852199220470378,47.07781042671598],[4.852251916832161,47.077907671521835],[4.852256690400133,47.07791577213067],[4.852333680303936,47.077979928071784],[4.85238299440349,47.078022058508225],[4.852401206848697,47.0780299346996],[4.852463482136715,47.078057547396675],[4.852602833737473,47.07810844686857],[4.852708856224949,47.07814659717662],[4.852867741177797,47.078156315611736],[4.853107515721532,47.078169843009874],[4.8533802952177485,47.078185902530265],[4.853324731074726,47.0781357046234],[4.853295060859219,47.078099392400816],[4.853319859827773,47.07803768433078],[4.85356221174628,47.07769047559516],[4.853758307467883,47.077433929572635],[4.8537445041566905,47.07742392958285],[4.853591540498616,47.07732523173723],[4.85342309651114,47.07721144535966],[4.853272984446499,47.0771086128102]]],[[[4.869619280772865,47.078517997843775],[4.869360725397002,47.07835154073158],[4.869255568593875,47.07829499289789],[4.869224775177991,47.078269950853475],[4.869163249721152,47.07822087438419],[4.869104666815998,47.07817073265087],[4.869087728302573,47.07815670558031],[4.869076912827525,47.078146659052685],[4.868934325149664,47.07800284788009],[4.868851333768033,47.07793879972885],[4.868794501105681,47.077895780049495],[4.868783743358855,47.07788777685108],[4.868664322204379,47.077807963337825],[4.868548538219667,47.077747507142405],[4.868400023193581,47.0776916685884],[4.868364834496329,47.077668732664804],[4.868199493846781,47.077516093659646],[4.868179529403934,47.07750108872838],[4.868020238864523,47.07739330802329],[4.867936506639736,47.07730781067564],[4.867855907014556,47.07722635121632],[4.867700866521525,47.0770684298146],[4.8679893842158695,47.07689108267993],[4.867571500434521,47.0765718849892],[4.867329014427469,47.076393924694095],[4.867304522691471,47.0763779751283],[4.8670980869437415,47.07624745013933],[4.866899440897657,47.07612600275668],[4.86711567170896,47.076064269660876],[4.867266573194309,47.075972936418346],[4.867261916668631,47.075967896431074],[4.867270734250059,47.07596366537729],[4.8672780057955505,47.07595742401972],[4.867282273110086,47.07595122219873],[4.867285016427109,47.075944027360485],[4.867286257473357,47.0759368477904],[4.867284486051653,47.07592870825982],[4.867279758790824,47.075921625126384],[4.867275054192146,47.07591557728],[4.867267406930292,47.075910585617365],[4.867258293547936,47.075906653297174],[4.8672477262850915,47.075903753104186],[4.867237194547015,47.07590187898398],[4.867226720369864,47.075902048222574],[4.8672163301025755,47.07590426039421],[4.867205975357479,47.07590749863864],[4.867197144293478,47.075911720899775],[4.867189851020327,47.07591695396703],[4.867184152161859,47.075925214198456],[4.867103587196497,47.07588769238791],[4.866814787309826,47.07575441803292],[4.866700794306308,47.07570209926935],[4.866580692136506,47.07564579949878],[4.866478803896467,47.07559737358214],[4.866348086678649,47.075537156442586],[4.866039446523036,47.07539193488077],[4.86598318428586,47.07536525896506],[4.865974070777851,47.07536131754222],[4.8659783381951405,47.075355115768076],[4.865981081655761,47.07534792095928],[4.865980834405756,47.075340774441564],[4.865980586844417,47.075333618923175],[4.865975860118342,47.07532654473561],[4.865969666950817,47.075320520873944],[4.865962019894111,47.07531552912395],[4.86595290639605,47.07531158769936],[4.865943828397962,47.07530867234839],[4.865933332319808,47.07530782418336],[4.865922871428837,47.0753079930911],[4.86591246773619,47.07531019635803],[4.865902113026857,47.07531343448634],[4.8658947842112505,47.075317641398584],[4.865887490580697,47.07532286538406],[4.865749127970694,47.07525766480654],[4.865653363965567,47.075213227881875],[4.865563639016101,47.0751707376778],[4.865048382421165,47.07493280328652],[4.864879668805973,47.07485479914432],[4.864883901142044,47.07484758033532],[4.864886715368061,47.074842428700286],[4.864887886374094,47.07483321500484],[4.864886185684499,47.074827109582806],[4.864882983066853,47.074821028398404],[4.864876754601384,47.07481397840228],[4.864867570622875,47.07480799374237],[4.864859994696192,47.07480505406829],[4.864849427778083,47.07480215365497],[4.864840420568791,47.07480128136592],[4.86483141304859,47.07480040007552],[4.86481953414212,47.07480263605688],[4.86481066821785,47.07480585006373],[4.864803303909466,47.07480903083262],[4.864794543790149,47.07481530506155],[4.864183589839179,47.0745349724219],[4.863707916419737,47.07431682752626],[4.863712254614988,47.07431266898368],[4.863716464783819,47.07430442392822],[4.863717635978046,47.07429521024291],[4.8637159354378605,47.07428910480252],[4.863714222034389,47.074283008575236],[4.86370799347277,47.07427594951417],[4.863698787745955,47.074268947473044],[4.863692700697508,47.0742659837121],[4.863683622686518,47.07426305918192],[4.86367461558609,47.07426218680187],[4.8636626306975,47.07426135343914],[4.863649236773133,47.07426361373493],[4.863641837327124,47.07426577735564],[4.863632971420922,47.074268991272746],[4.863624259570709,47.07427628227645],[4.8630861602277475,47.074026441992224],[4.86259366595528,47.07379732472505],[4.862597969071469,47.073792149148304],[4.862600677469394,47.07378392833995],[4.86260196769801,47.0737777746784],[4.862601756336913,47.07377165422551],[4.8625969815822545,47.07376355403238],[4.862592325994382,47.07375852285383],[4.862586168196806,47.07375350688222],[4.862576984963774,47.07374753103878],[4.862567942533916,47.07374563249638],[4.862558913279253,47.07374373374092],[4.862546950781525,47.07374392655066],[4.862533534680692,47.07374516042927],[4.862526135261048,47.073747323978935],[4.8625187932203815,47.07375153089174],[4.86251003300709,47.0737578049498],[4.862508579403219,47.073758846019594],[4.862358085876028,47.073688721773514],[4.861704469238534,47.073384541433214],[4.861708666778,47.07337630566116],[4.861709921681783,47.073369125932345],[4.8617111637214405,47.07336195541643],[4.8617093578086585,47.073352789716864],[4.861704548119025,47.07334367241002],[4.861699892650619,47.07333864119477],[4.861692211164148,47.073332632083186],[4.861680037189035,47.07332669534707],[4.861672461644081,47.07332375546259],[4.861658904585728,47.07332090293568],[4.861643916471854,47.07332012675556],[4.861634944666566,47.07332027129199],[4.8616245546672605,47.07332248296291],[4.861611244584269,47.07332678596311],[4.86160395080809,47.07333200968187],[4.8616010307244615,47.073334101011824],[4.861537083446395,47.07338826464666],[4.861468775504235,47.07344556041625],[4.8614033746536345,47.07350077403246],[4.861297373194592,47.07354948206097],[4.861423736739097,47.07357094245127],[4.861664075854873,47.073687647755996],[4.861888608604019,47.073822996833705],[4.862251828987413,47.07407667856161],[4.862388039980102,47.0741664403623],[4.862525647662689,47.07425311756663],[4.862894875856411,47.07446378846148],[4.863271788786648,47.074680467165834],[4.863665091509697,47.074938765750346],[4.86391529579874,47.07508084749407],[4.864114178590807,47.075209455571745],[4.864227230758969,47.07527813731677],[4.864331099205299,47.07534083424816],[4.864471809511639,47.07543052107497],[4.864600380968909,47.07551529737836],[4.864733679728007,47.0756071567748],[4.864851777873984,47.07569210180512],[4.864897155349181,47.07570669719361],[4.865001201870682,47.07577449688414],[4.865033429226078,47.075754569548366],[4.8650978678833185,47.0758015478405],[4.865141773421096,47.07586010558607],[4.865930657085163,47.0764410338828],[4.866020971973713,47.07650088624676],[4.866108154897745,47.0765567005392],[4.866155600669881,47.07658760735155],[4.8663115763180835,47.07668624929538],[4.866427907679921,47.076763044139796],[4.866553388683692,47.07684480631461],[4.866639296047176,47.076906773686005],[4.866782232316137,47.07701788235399],[4.867054893086461,47.07724644548845],[4.867248088708762,47.0774262294143],[4.867520382866473,47.07768748801507],[4.867563620595761,47.07772663942169],[4.86758682357776,47.07774875163456],[4.867749265161587,47.077904500270996],[4.867905420859937,47.078051155487856],[4.868035631331095,47.07818291122402],[4.868087472435758,47.07825462298834],[4.868125153610618,47.0783061207354],[4.868183011936805,47.07837875283253],[4.8682018993318135,47.07840604090637],[4.868249296369907,47.078478842080706],[4.868295275460074,47.07855371044706],[4.868367596647936,47.078698658373355],[4.868412463208511,47.0787847837627],[4.868466904148718,47.078888126289954],[4.868524336519403,47.078991429431696],[4.8685832576681465,47.0790946994679],[4.868624461609202,47.07916146775645],[4.86866591358767,47.07923539153178],[4.868705898870002,47.0793103566491],[4.868744430628311,47.07938636289683],[4.86880529915531,47.07954580574755],[4.868813809228933,47.07957529680743],[4.868828024821074,47.07964046614554],[4.8688689818293724,47.079700087833466],[4.868880022849882,47.0797162545909],[4.868956577912607,47.07972422040846],[4.869021040442885,47.07972828415489],[4.869086956620778,47.07973130671501],[4.869339408891673,47.079505494885424],[4.869357285656207,47.07946024038786],[4.869397822655709,47.07942177886383],[4.869433573726766,47.07920151608279],[4.8694830823862905,47.07899022552143],[4.8694843011294635,47.078982028650834],[4.869489575008658,47.07896150945489],[4.869564143322762,47.078782513078394],[4.869599577703987,47.07868282334312],[4.869634127047768,47.07855760780078],[4.869631527311087,47.078525967875876],[4.869626941485682,47.0785229801325],[4.869619280772865,47.078517997843775]]],[[[4.868762355435111,47.0795148271905],[4.86870862341904,47.079388986172255],[4.868652763428763,47.07928771099391],[4.868552638015411,47.07911767270111],[4.868539931216497,47.07909641762135],[4.86849858585469,47.07902556301344],[4.868454284930413,47.07895577381573],[4.868422230875684,47.0788939637592],[4.868326139621033,47.07871056767187],[4.868300585156198,47.078663980167185],[4.868260742472197,47.078593101181525],[4.868217931065138,47.07852328781426],[4.868192495965108,47.078479760286],[4.868134142107405,47.07839282618438],[4.868074817348654,47.07832124441489],[4.868018744013886,47.078256751561995],[4.867876763642156,47.07808738921558],[4.867737581229718,47.077955778306],[4.867499478777393,47.07773176451366],[4.867285999154308,47.07752779528708],[4.867104978520241,47.07735394758866],[4.867019970863075,47.0772745940668],[4.866739168008696,47.07702674613274],[4.866508893513332,47.07685574641468],[4.866125122795299,47.07661466625563],[4.865981640806347,47.076531149997535],[4.86591141753319,47.076490389442505],[4.865859258352235,47.07645240812656],[4.865062150149503,47.07585015156385],[4.865045460544272,47.07584327040817],[4.864932406149973,47.07577458947685],[4.8648239728407985,47.07570992244491],[4.864712632878398,47.075647346504105],[4.864478477923261,47.07549376841611],[4.8641375710197305,47.07528060130314],[4.863912708977127,47.07513606699041],[4.863865349548499,47.0751072021789],[4.863799728111515,47.075069428083914],[4.863705115288418,47.075014758571406],[4.863611955961063,47.07495903889655],[4.863266316366866,47.07473879510113],[4.863034165418901,47.074599491873805],[4.862838736646224,47.07448410967917],[4.86247090477283,47.0742703541741],[4.86236831764037,47.0742015021022],[4.8622735180966865,47.07414171923579],[4.862128101872257,47.074044955132614],[4.8618447845368635,47.07385333158863],[4.861657126246671,47.0737459994064],[4.8616144601532145,47.0737231909513],[4.8614272123645,47.0736281085139],[4.861090699041175,47.07354157170539],[4.8610542037104505,47.07356769955334],[4.861209298363488,47.073727673000576],[4.861178537610215,47.073746558018776],[4.861144856710631,47.07376753434679],[4.861117064619464,47.073785353894486],[4.861085070518631,47.07376849722699],[4.86105620806147,47.07375567869119],[4.861027381022125,47.07374388622452],[4.860980799192639,47.07373747688986],[4.8610000290992685,47.07368812231626],[4.861059898877053,47.07368920242005],[4.86101617593494,47.07363575546113],[4.86092083709249,47.07351671387047],[4.860529244748392,47.07378459804053],[4.860611057681271,47.07381496274622],[4.860690372848545,47.073859659612665],[4.86073452769931,47.07388245343687],[4.861277808543538,47.074326356276146],[4.861890167001119,47.07482125951122],[4.862213392166988,47.07508580720181],[4.862717626932067,47.07548128779302],[4.863130923754372,47.075798541222994],[4.863215901092394,47.075876871357984],[4.863192539503975,47.075893593305956],[4.863188165694905,47.075896725751754],[4.863430397196366,47.076154398799495],[4.863492373787399,47.07621675432281],[4.8637045991106325,47.076384998048134],[4.864299417533079,47.07684747217629],[4.864514551539363,47.07696967557319],[4.864853121159845,47.07715835691886],[4.865053432014347,47.07728489611612],[4.865329596111782,47.07744188361937],[4.865570702542047,47.07758002018535],[4.865627178915985,47.07761282572133],[4.86571269785297,47.077663560959024],[4.865795260983801,47.07771535249112],[4.865877824584571,47.07776715296396],[4.866047856108348,47.07788294027431],[4.866183765041641,47.07796350782645],[4.866415833007142,47.078099753347935],[4.866652129775685,47.07827168263423],[4.86668280290162,47.078293665358885],[4.866748213772904,47.07836822044027],[4.8667364272201805,47.078373526047145],[4.866828548908678,47.07848545544496],[4.866855025387276,47.07851568306631],[4.866969501932058,47.07862520695283],[4.866954759662001,47.078631577970334],[4.8669108951129525,47.07870380962019],[4.866922593921758,47.078739382160705],[4.866959311905397,47.07884914451279],[4.866984269261203,47.07892230867163],[4.86700419454552,47.078979208822474],[4.86710794235584,47.079167588446175],[4.867233656633828,47.079342329708695],[4.867354737238324,47.079513057131884],[4.867504186764025,47.07972521139801],[4.867683636923994,47.079982872615524],[4.867823169231337,47.07995200662263],[4.8680086656226935,47.079909158463195],[4.868192624419283,47.07986531721466],[4.868376511821061,47.0798194235287],[4.868560363670426,47.07977251247814],[4.8686793962194015,47.07975424259897],[4.868779312533682,47.07974547649863],[4.868770287219143,47.07965774506849],[4.868773190458136,47.079568803111094],[4.868762355435111,47.0795148271905]]],[[[4.854777722696426,47.07797956117282],[4.85457325650111,47.07786226598809],[4.854383464767354,47.07773656687008],[4.8539241623824525,47.07751607516437],[4.853811364600065,47.07745453893472],[4.85362707153843,47.07766286866492],[4.853360405680965,47.07804214930752],[4.8533385491947545,47.07810278355634],[4.853479318645088,47.07819452683253],[4.853623277261522,47.07829236063552],[4.8536578836383075,47.07821107903339],[4.853997335123289,47.0782955552093],[4.854160181246041,47.07833381024139],[4.854235594238643,47.078352016463796],[4.85434418774557,47.0783778583633],[4.854454292320082,47.07840470255806],[4.854473867028503,47.07840847701464],[4.85475704722881,47.07850918153578],[4.854822512494429,47.078542865625195],[4.854935713539602,47.078615642472236],[4.855018373348899,47.078670510913476],[4.855011135621715,47.07867778657104],[4.855250640191511,47.078769987178475],[4.855219053154581,47.078808299923395],[4.855568853929993,47.07893245539265],[4.855741378583669,47.07899098664063],[4.8558307727441345,47.07902429494281],[4.855817780970513,47.078950936479025],[4.855880571309264,47.078776218346555],[4.855938948344905,47.07869047474366],[4.855531051980755,47.07844259706936],[4.8553370089121675,47.07832411821163],[4.855229943442659,47.07825533181819],[4.854777722696426,47.07797956117282]]],[[[4.8725902742040486,47.0796061346492],[4.872549951316396,47.079564893546454],[4.872523364876755,47.07953160702933],[4.87251546848165,47.07951946922684],[4.87249732299663,47.07947071826471],[4.872494048305771,47.07946259415986],[4.872492488488047,47.07946057514177],[4.8724356862736755,47.0793327501727],[4.872424373695418,47.07930841097424],[4.872419574839551,47.079299293918645],[4.872315192677829,47.07913647817352],[4.872286763070108,47.07909300001039],[4.872253521527634,47.07904040498978],[4.872193494491835,47.07894839372062],[4.872180821917811,47.07892816511106],[4.8721380892722115,47.07886039613217],[4.871938686487797,47.07889019290954],[4.871667159890519,47.07899676914413],[4.871414698018529,47.07874744658584],[4.871176435847775,47.07847644204492],[4.870151775743393,47.07743956100629],[4.870001209356875,47.077712771352864],[4.869976040147125,47.07776325021645],[4.869939423681414,47.07787215404901],[4.869851120376218,47.07808610790962],[4.869796571426387,47.07819530181741],[4.869769530799088,47.078278510527774],[4.869774165360704,47.07828252412471],[4.869714008566747,47.078445959867295],[4.869651438304901,47.078668700987166],[4.869583135553537,47.078855773232],[4.869519347365581,47.0790437900284],[4.869486974341672,47.07914547448809],[4.869895731297373,47.07898456731777],[4.8699262853626655,47.07904641026753],[4.8702318616135285,47.07966271339448],[4.870110334791631,47.07969533526767],[4.870288715415779,47.07983550386789],[4.870464673675316,47.07994913565013],[4.870469153529377,47.07994906314609],[4.870512748185986,47.080041341205664],[4.870190926938226,47.08007822234557],[4.870236646245003,47.08023177676397],[4.870272032486865,47.08038958695405],[4.870290494971336,47.08044752788762],[4.870327207794985,47.08055728931808],[4.870360646325885,47.080658926570784],[4.870107388632832,47.08068856493856],[4.870114630798564,47.08076814797197],[4.870130369464882,47.08092014322998],[4.870140530527938,47.081040555778145],[4.870247726838789,47.08137089635499],[4.870274687938251,47.08145833741963],[4.870421742364232,47.08142837326456],[4.870568796314629,47.08139839992148],[4.871526833491055,47.0812030558521],[4.871779383673564,47.08115298297627],[4.871951640793496,47.08111647580571],[4.871993253890624,47.08110865128393],[4.8719996611641,47.081120804231475],[4.87205903007165,47.08110758586731],[4.872019747872149,47.081010132297024],[4.872031428251603,47.08100176594611],[4.872050331503923,47.080986132090025],[4.872064670707094,47.080968527869935],[4.872068525804647,47.08095007582827],[4.872041455643893,47.08081665389097],[4.872031361472265,47.08074120570822],[4.872096109245397,47.08071052823397],[4.872091416552779,47.080704471379605],[4.872039625517955,47.08063480482597],[4.8723394481388285,47.080567619631566],[4.872369145270107,47.08056100565099],[4.872615532475977,47.08050592449889],[4.872749023562601,47.080473106137084],[4.873150900922016,47.08037259206711],[4.872611730172792,47.07970693884753],[4.8726797864227684,47.079685402206394],[4.872633552467319,47.07964630120338],[4.8725902742040486,47.0796061346492]]]]}},{"type":"Feature","id":"inao-denom-1017","properties":{"id":"inao-denom-1017","name":"Pernand-Vergelesses","tier":"village","kind":"appellation","appellationId":213,"denominationId":1017,"sourceName":"Pernand-Vergelesses","communes":["21480"],"areaHa":182.71},"geometry":{"type":"MultiPolygon","coordinates":[[[[4.847936394217979,47.069822856344054],[4.8478976537774425,47.06973969634204],[4.847530563260718,47.06902111589694],[4.847262801218414,47.068495081160336],[4.847202325904206,47.06838876364464],[4.846829289887426,47.06753948688761],[4.846761310521447,47.067388323852335],[4.8467176748122816,47.067292966977995],[4.846677820889314,47.067221063406194],[4.846623608164109,47.06712281361893],[4.846572574083234,47.06702962821794],[4.846467244605767,47.06683614096518],[4.846349653841494,47.066633663780706],[4.846262213506692,47.066525732375105],[4.846184198277182,47.066430924642695],[4.846112688356413,47.06635134954889],[4.846022713053353,47.06625674181058],[4.845547967107207,47.065755470363555],[4.8453491143330085,47.06553793588744],[4.845059047200809,47.06523296288879],[4.844900930144685,47.065026025211246],[4.8445745416703225,47.0645336199124],[4.8439626804505655,47.06378214757226],[4.843908256365754,47.06380856521165],[4.843865966383677,47.063883833981045],[4.843846129540502,47.06400370064174],[4.843829295889319,47.06412351936585],[4.843823537359976,47.06417367370274],[4.843766006170139,47.06437179763669],[4.843702238426012,47.064474993380614],[4.843635480612353,47.064578245799595],[4.843602753976593,47.064626786153106],[4.843554959141362,47.06467251401018],[4.843405585543192,47.064764809772],[4.843316024221982,47.06481323916862],[4.843209884189972,47.06485785341488],[4.843177843135814,47.0648828869529],[4.843126407400912,47.06490924751208],[4.843151467141868,47.064942573911864],[4.84314504363134,47.06501726118529],[4.843166810934303,47.06508537489933],[4.843163389857262,47.06520396184796],[4.843205201343178,47.06546487295401],[4.843219174018735,47.065479977665],[4.84322567782745,47.065495201525614],[4.843208168458492,47.065507737540784],[4.8431994061510455,47.06555794873572],[4.8432157994753124,47.06564351105393],[4.84331805385357,47.065878944463506],[4.8433786799218534,47.065990367733676],[4.843410243939531,47.066038908913065],[4.84339098883545,47.06604433132449],[4.843471720459926,47.06621878850933],[4.843540842618774,47.066315775169],[4.8436423203489545,47.06644086546488],[4.843715210683694,47.06651735808113],[4.843830221426705,47.06664426754633],[4.843957830729037,47.06679039201722],[4.844029770296251,47.06688222722604],[4.8442146841001446,47.06708567637484],[4.844394304581728,47.067221775443464],[4.844581778903158,47.06736897890353],[4.844774641465737,47.06754267170676],[4.844861172681446,47.06762406104022],[4.844958547525363,47.06771650720962],[4.845032048483884,47.06781036116299],[4.845111180894324,47.06789390373458],[4.845195443076572,47.06799678051012],[4.845310845256461,47.06817885989205],[4.845352815717816,47.06826912862798],[4.845395414806118,47.068333847294326],[4.845516925714941,47.06851991747318],[4.845644941537952,47.06867727268468],[4.845746518934796,47.06876147395433],[4.845917260840637,47.06889975683467],[4.84599860349236,47.068916846863125],[4.846172220235956,47.069095960078805],[4.846416280119763,47.069279044611875],[4.846412522144392,47.069300565117985],[4.846435642585284,47.069320629475264],[4.8465645920474305,47.06946161452506],[4.846738733512598,47.069568169041524],[4.846930944577373,47.06967851404042],[4.84698960274546,47.069731736402275],[4.847079712294436,47.06983042981244],[4.847142270149829,47.06991014741391],[4.847183021037059,47.069964673575726],[4.847340549401751,47.070241105128865],[4.847435714486217,47.07040000123768],[4.8476324234153365,47.07068500974034],[4.847769653619492,47.070849365810155],[4.84780811242858,47.0708804236733],[4.847914768967062,47.07093798422471],[4.848080190952101,47.071051817702674],[4.848128270760573,47.07105820822252],[4.8481819331876075,47.07105326138132],[4.848214059008495,47.070768691453154],[4.848181941414691,47.0704422281209],[4.848083783740537,47.07015258242223],[4.847936394217979,47.069822856344054]]],[[[4.851888879469787,47.062848158848645],[4.851823632001421,47.062820593622725],[4.8516053257991585,47.06269024105849],[4.851434461897899,47.06254787974548],[4.851219544555542,47.06234186047191],[4.85106023255154,47.06227492521796],[4.850988989635444,47.062290376663746],[4.85056899847466,47.0623829287858],[4.850295170545139,47.06246497047289],[4.849450011213836,47.06271760340636],[4.848490810189971,47.06300270996722],[4.848092881103016,47.063128626163596],[4.84795410257452,47.06318091748698],[4.847648750826707,47.063259368386355],[4.84732021001118,47.06331571109218],[4.846988831523176,47.06337618678814],[4.846767157941513,47.06340935894291],[4.846600326446749,47.0634283797971],[4.846462591443286,47.063423430616915],[4.846274023708219,47.06337534595155],[4.846185241449873,47.06331546310641],[4.846096912225041,47.063224908669255],[4.846090198433128,47.06320356445331],[4.845985710519007,47.063121445267576],[4.845895999230523,47.06307791332555],[4.8457995405640775,47.06305595861543],[4.845717242191331,47.063054202456996],[4.845260517388766,47.0631228084334],[4.845097130370939,47.063155055463284],[4.844933672975571,47.06318525009169],[4.844826664257134,47.063204330731644],[4.84458508571163,47.06322351553602],[4.844134360607578,47.063205161642074],[4.843972915461955,47.063206720809205],[4.843737547794849,47.063232955202345],[4.844048014951456,47.06365408501543],[4.844143403752769,47.063776201178],[4.844307075637576,47.06397079450536],[4.84452712823806,47.06424009901734],[4.844791511302497,47.06458124488131],[4.844943227394784,47.0647760282255],[4.84508534548695,47.06495257509842],[4.845104006849741,47.06497373756734],[4.8452115004831375,47.06509973912323],[4.845370059656539,47.06527602308422],[4.8456033276266215,47.065537964034654],[4.845736548332041,47.06567275793897],[4.845874423045435,47.065812583549274],[4.8460049693787735,47.065956614652876],[4.8463191783792015,47.066311262014],[4.84665808286688,47.06668800097464],[4.8467707084932785,47.06692019483125],[4.846798076790386,47.066976970317334],[4.846992127890551,47.06744696258324],[4.847001924776182,47.06747132837426],[4.847025129712902,47.06753737413381],[4.847057222466299,47.06760123352843],[4.847120758884611,47.067753485060294],[4.847212419584029,47.06794105739396],[4.847307468797391,47.06813980552759],[4.847443150690744,47.068390019633696],[4.847552617789287,47.0686171479939],[4.8476235912826455,47.06876826268384],[4.847654126895839,47.068830102524736],[4.847736413396601,47.069005558631794],[4.847768473024728,47.06906840071532],[4.847901553816364,47.06932989492142],[4.847895607873869,47.06933100764933],[4.8479020086283695,47.069343170982116],[4.847951838568716,47.06944455218167],[4.848069037415582,47.06967870687324],[4.8481908214941605,47.069915859030594],[4.848217194539578,47.06998696907136],[4.848302407723772,47.07020426322386],[4.848344019028891,47.07037117472886],[4.848392381366003,47.07056045631966],[4.848380473897701,47.070780330558065],[4.8483788133964865,47.070819189469674],[4.848386282996825,47.070819069985475],[4.848377034817023,47.07098576835078],[4.848368537469613,47.07121784468919],[4.848360788299008,47.071340589512886],[4.848355106238313,47.07143672560724],[4.848344216484348,47.071730159604385],[4.848336800955115,47.07194996189219],[4.848647330636044,47.0721084829122],[4.848807775418923,47.072208094047504],[4.8488474795177074,47.07223198117031],[4.848958018587493,47.07231501867978],[4.849071500517866,47.07239699135855],[4.849123643957307,47.072434980302404],[4.849355746149193,47.07253038209504],[4.849489287564985,47.07258648432842],[4.849600288418693,47.072639885279344],[4.8496093302067225,47.07264178483697],[4.849618301931289,47.072641641234014],[4.8496287274781364,47.07264045672219],[4.849637629137605,47.07263826995784],[4.849644958856827,47.07263406407263],[4.849650764996665,47.07262886493623],[4.849655068952651,47.072623680838646],[4.849761697782107,47.07237470602292],[4.849870864790738,47.07215633665557],[4.849884959523353,47.072087650090104],[4.8498369273584565,47.071995435705496],[4.849745797462435,47.071911061681135],[4.849689809903945,47.07184861216779],[4.849679787639192,47.07181811737089],[4.849714535937518,47.07174092308884],[4.849745037159585,47.07167095626847],[4.849811095862774,47.07159121645883],[4.850001048736318,47.07137360689953],[4.8503026673814835,47.07105405713589],[4.850377731150059,47.07097519940926],[4.8505268769917675,47.070788888555356],[4.850837775044891,47.07039154186559],[4.851094498493531,47.06994091107546],[4.8511608499942085,47.06982642186401],[4.851196050825574,47.06976251213038],[4.851319107192617,47.06951326323904],[4.851360922351386,47.06942471605196],[4.851607247256887,47.06897629472386],[4.851638199880229,47.068919594384745],[4.851657905521912,47.06888351712103],[4.851722817454309,47.068727165238926],[4.851770899985045,47.06860275593316],[4.851878400732267,47.068249542012175],[4.851958310958252,47.068093967200575],[4.852068799004593,47.0679583450561],[4.852045396453008,47.06793010916959],[4.851495735617673,47.067775429347414],[4.851100260793451,47.067668348402506],[4.850872147887173,47.06760149733031],[4.850494568935354,47.06749310103244],[4.850429667002505,47.06747575087812],[4.850450896371369,47.06744066704455],[4.850608020192611,47.06748719544367],[4.8508725851808885,47.067570835046375],[4.851049420523419,47.06762522424568],[4.851223055568837,47.067673531595624],[4.851395167144515,47.06772083645379],[4.851698538325551,47.067801808110495],[4.852095341832335,47.06790375952771],[4.852153072194654,47.06788648886419],[4.852249793693897,47.06774188340274],[4.852257601268903,47.067664102376725],[4.852374874184644,47.06733422693347],[4.852495744083186,47.066804016543564],[4.852530669935883,47.06664508285005],[4.852425214753581,47.06644854075933],[4.852372749247815,47.06627057428771],[4.852426329353801,47.06600200365957],[4.852477878652045,47.06576104991178],[4.851163599821234,47.06572285701635],[4.850761487435145,47.06572725454526],[4.850670411366949,47.06573177531119],[4.850671387490615,47.065716432027806],[4.850670932027743,47.0657031559615],[4.850744053740877,47.065698922789586],[4.850793350068589,47.065697106501446],[4.850832139249932,47.065694440864156],[4.850983154602425,47.06569406596479],[4.851188098669203,47.06569589777365],[4.851433377052101,47.065697073902605],[4.851780470991656,47.06570173297677],[4.852488739166892,47.06572920282982],[4.852629869331588,47.065179259860486],[4.852741215928065,47.064589944048144],[4.852751280399886,47.063968525899284],[4.852753277516306,47.06380909333598],[4.852790769710155,47.06363785246631],[4.852845248342741,47.06348268447378],[4.852190737506817,47.063539161955795],[4.851923702990711,47.0635577525636],[4.8517148627279125,47.06357233894436],[4.8514704216771225,47.06359566360287],[4.85070155887698,47.06367542555631],[4.850679577257548,47.06364512234384],[4.850928672499425,47.06362683102462],[4.85130859009021,47.063586000110845],[4.851377125030653,47.06357876904899],[4.851518651639878,47.063563217739976],[4.852007519713335,47.06351655891155],[4.852434077510185,47.063484171433764],[4.852615682178667,47.063459799020414],[4.852722864227631,47.06344582358085],[4.852882282054152,47.06342895703881],[4.853010130611765,47.063232771130465],[4.852706938692154,47.063112967794],[4.852585671369464,47.06306484976603],[4.852370779278789,47.06299063932378],[4.851888879469787,47.062848158848645]]],[[[4.84733817112846,47.07034639213393],[4.847320645797867,47.07031499045138],[4.847248414364664,47.07017105523526],[4.84721023387475,47.070104222316196],[4.84712124755571,47.06995136009977],[4.847060261137623,47.069873652644624],[4.846945319044882,47.069748789487576],[4.846879226586191,47.069696712573055],[4.846616339457256,47.06953129275752],[4.845342833798486,47.069813215721986],[4.844228161689637,47.07006091665946],[4.844019294173406,47.07007548909998],[4.843964200378155,47.07008250114105],[4.8440308611348755,47.070238792850354],[4.844092401648708,47.07037677672273],[4.8441118805158885,47.07042142199631],[4.844136339817665,47.07056817474057],[4.844155049571843,47.07067822220521],[4.844193915070674,47.070896267770884],[4.844183943266201,47.07095466636295],[4.844184082978399,47.07095875269165],[4.8444506330904336,47.070968808286885],[4.8444716711437925,47.0709715343923],[4.844677320303408,47.070993800595566],[4.845021156069208,47.07103326725454],[4.845082755699415,47.07104147843903],[4.845296853288335,47.07109221955958],[4.845516477722599,47.07112957969685],[4.84566192487453,47.071140539963125],[4.845877699884545,47.0711963594259],[4.845894315685661,47.07120120019694],[4.846040042814328,47.07122033263967],[4.846210134020643,47.07120842043624],[4.846453829298596,47.071162632385146],[4.846666248519377,47.07112040556146],[4.846691486399756,47.071114896030494],[4.847269922905424,47.07097383479262],[4.84749874697106,47.070930326520674],[4.847679806161282,47.07088962583877],[4.847694513751243,47.07088224018198],[4.847697488580395,47.070838254071894],[4.847486854183213,47.07058310590621],[4.847452328522802,47.070535639809485],[4.847393771915283,47.07044154843299],[4.84733817112846,47.07034639213393]]],[[[4.849869549329155,47.07735114337476],[4.849672513502072,47.07736247426379],[4.849605344701135,47.07736662021772],[4.849582737476407,47.07718713960207],[4.849911364692794,47.07717472913936],[4.849902598184925,47.07713706382717],[4.849897418040565,47.07711671296941],[4.8498577102528095,47.077005975930255],[4.849830241242881,47.076946122917704],[4.849796182312629,47.07686901252143],[4.849791212462484,47.07685479112744],[4.849703079648301,47.07659666847116],[4.849667935174115,47.076487893592954],[4.8496342579398695,47.07637807758221],[4.849618845003414,47.07632111148115],[4.8495505144500415,47.0761168226236],[4.849518816623905,47.07602127583972],[4.849401958111122,47.0756665409215],[4.849196815162082,47.07509251749433],[4.849175929699189,47.07500701898101],[4.849084493494426,47.074695815386725],[4.848925690863993,47.07420789126012],[4.848862040272689,47.074096519273795],[4.848786055175588,47.073974096545555],[4.848754691777014,47.07393168644536],[4.848696409026075,47.073845759476406],[4.848645946919843,47.073769937773754],[4.848590988904693,47.07365024045349],[4.848532809061131,47.07352345317247],[4.84849238762744,47.0734351960999],[4.848467584758657,47.07336611434269],[4.848400904234813,47.07316588689335],[4.84833929849208,47.07298295010843],[4.848295744506367,47.07284672499274],[4.848229122099445,47.07264854077989],[4.848157913211232,47.07240342943483],[4.848123840718515,47.07223844167334],[4.848115582657291,47.072128227615075],[4.848122770273924,47.071814419106616],[4.8481610475449575,47.071185402057225],[4.848134200260357,47.07114393718864],[4.848120609925695,47.07114007499182],[4.848107040958866,47.07113722108394],[4.8480995364657415,47.07113632346949],[4.848096405963983,47.071132284974226],[4.848077251579254,47.071096829900675],[4.847850353375622,47.070934925776484],[4.847765994637488,47.07091685859102],[4.847682497484263,47.070924326582514],[4.8474151252230255,47.07097764628486],[4.847208827757917,47.071023856200505],[4.846747699840832,47.071140564294076],[4.846521864774574,47.07118402328823],[4.846214242835937,47.0712410452622],[4.8460948721312525,47.07124908524636],[4.845993081599839,47.071246622859825],[4.8458728721125235,47.07123015365869],[4.845783602045468,47.0711999068113],[4.845503830852109,47.071153286397376],[4.845255418635965,47.07110513790622],[4.845074587809228,47.071065113572736],[4.8449258361634655,47.071045010576526],[4.844894302833691,47.07104142547633],[4.844682707515858,47.071020281222204],[4.844479978874005,47.07099592412978],[4.844380878323742,47.070984222639616],[4.844180267313555,47.07097822973819],[4.8441301195312825,47.071348918497876],[4.8441033947979415,47.0715731169813],[4.8441419785488655,47.07160826259477],[4.844369880789886,47.07184372482185],[4.8445021707746365,47.07199488013608],[4.844611248998658,47.072166848621336],[4.844658468966371,47.07223557329605],[4.844735756335624,47.07230893315774],[4.844816034479798,47.0723822452224],[4.844991992314085,47.07232323181458],[4.845141026299674,47.072744900447496],[4.845193600298805,47.07283908839749],[4.8452125577929825,47.0729562911735],[4.845216148754119,47.07319226243121],[4.845214499527541,47.073275059521244],[4.845223694853529,47.07336891346551],[4.845237893651087,47.073478015093976],[4.845259457309875,47.0735399987303],[4.8452904827395935,47.07366007968779],[4.845298595245324,47.07372227810792],[4.845304590751283,47.07381005930292],[4.845309992259025,47.073880478121644],[4.845319537600742,47.07402847730085],[4.845325288666828,47.074109111920826],[4.845332388379471,47.07418562744154],[4.845353617523153,47.07432528093068],[4.845377522726151,47.074455687925585],[4.845397681866707,47.0745636766868],[4.845408772145663,47.07462582753164],[4.845425543202852,47.07472263136587],[4.84544406078422,47.074826557772084],[4.845464241822536,47.0749355637983],[4.845474857031768,47.075027359733916],[4.845487672715231,47.07513954528495],[4.845508776373014,47.07531904160303],[4.8455114051967545,47.07561430306859],[4.84550918318102,47.075636816592244],[4.845505823013399,47.075757437550095],[4.8455143343222336,47.07587480700716],[4.845527242446176,47.075990070972445],[4.845537207525014,47.07610639056235],[4.845545684153943,47.076222742923406],[4.845549024922248,47.07627684038043],[4.845612636749476,47.076387206028606],[4.845674711431403,47.07649656054478],[4.845719435198858,47.07657963456554],[4.845829580749219,47.07665144227655],[4.846247090539058,47.07691963358472],[4.846477986228229,47.077067176048686],[4.846566162164299,47.07710867895951],[4.84671076782838,47.07718197950604],[4.846841746966098,47.07725039145121],[4.847222867261716,47.07737304461893],[4.847215731388106,47.07733944162407],[4.847205604687814,47.07730588643365],[4.847192500341876,47.07727237883633],[4.847189159617632,47.07726221085076],[4.847169253823701,47.07716136884537],[4.847149510023718,47.07706563943959],[4.847155594444183,47.077024665659856],[4.84716171870989,47.07689786763826],[4.847158168393621,47.07688157917603],[4.847147027317859,47.07681840267847],[4.8471213152515675,47.07672276865331],[4.847053183550378,47.076567519950174],[4.847023936316964,47.07649952663348],[4.847020456039205,47.07648528132354],[4.847002914121636,47.07640995045219],[4.846986874231644,47.07633459557111],[4.8469739299630525,47.07626225312465],[4.846962157948942,47.07613675874316],[4.846953363578452,47.07601121676688],[4.846945127122016,47.075858081631445],[4.846927511849309,47.07569283071532],[4.846900561781398,47.075517516593415],[4.846890260862128,47.07547885795579],[4.846861154350841,47.0754149508915],[4.846780397694139,47.07524048762539],[4.846648237193051,47.074962632590406],[4.846604316053787,47.07485911228186],[4.846571786634793,47.074782994170086],[4.846543623515477,47.07470272672933],[4.846450610648896,47.07443241401558],[4.846427613286091,47.07437249777901],[4.846386369125558,47.07425973985868],[4.846345531307187,47.074159232093834],[4.84630859187195,47.07404129016549],[4.84628368676579,47.073969147713015],[4.846229571448442,47.073830019752506],[4.846175736458601,47.0736990734056],[4.846154416299081,47.07364423650771],[4.846129895752807,47.073583317898425],[4.8461774532279245,47.07357439001461],[4.846200436798055,47.07363430652794],[4.84622175700043,47.073689143417525],[4.846274103357819,47.073820113528825],[4.84632988221724,47.07396432108489],[4.846354752565857,47.074035446447446],[4.846391670146748,47.07415236207003],[4.846430901052746,47.07424982457534],[4.846475136279953,47.074362543694484],[4.846498260412991,47.07442654645336],[4.8465831038488885,47.07467654689456],[4.846619519823537,47.07477916950828],[4.846650337506357,47.074849182127096],[4.846698751371643,47.07495263062506],[4.846870249691416,47.07533101716303],[4.846927253798058,47.07546702771385],[4.846949064922562,47.07553615755024],[4.846984324749894,47.07573586117732],[4.8469923014851455,47.075837911543196],[4.847032475112428,47.07626846789548],[4.84704739775693,47.07635507965102],[4.8470846682920845,47.076482210752324],[4.847124846649817,47.0766072510849],[4.847153199897749,47.07669263051731],[4.8472054835285405,47.076865495324675],[4.847205973067747,47.07687978843249],[4.847207547116853,47.076925745994046],[4.847230146020883,47.07710521808969],[4.847247741021385,47.07726945158981],[4.847266492466953,47.07733658597155],[4.847283914920397,47.07736491834902],[4.847302791079128,47.077392200845686],[4.847324671582531,47.0774194443208],[4.847334063702191,47.07743155084209],[4.847419217458092,47.077516022229084],[4.847609114499834,47.07755795151662],[4.847905118652006,47.077597148257944],[4.848371536278161,47.07763362780132],[4.848754352012803,47.07763057536526],[4.848844283039946,47.07763628715136],[4.849138239569069,47.077659168298446],[4.849305941711113,47.07766466196253],[4.849659790518724,47.077645715832695],[4.849959138122461,47.077608224926266],[4.850033532894456,47.07759682163126],[4.849986520328785,47.077403430829676],[4.849966578690475,47.077345510637876],[4.849869549329155,47.07735114337476]]],[[[4.8457832998524335,47.0766542257513],[4.845676180268773,47.076583396310696],[4.8456538249872265,47.07654185918925],[4.845515035084636,47.07628862220606],[4.845544350938814,47.07640259748835],[4.845572191283197,47.076516596324595],[4.845579290912045,47.07654917335038],[4.845588194138797,47.076590925317134],[4.845605734139575,47.07666625639846],[4.845672039036691,47.07694312895476],[4.845766150674529,47.07733297412404],[4.847148962041299,47.07739874821201],[4.847152847065257,47.077381314268635],[4.846812537967526,47.07727129198839],[4.846402892262579,47.07705815447095],[4.846190278228361,47.076920541189175],[4.8457832998524335,47.0766542257513]]],[[[4.847281186067872,47.077634716409946],[4.847283074968793,47.07768986366796],[4.847264548015622,47.077847515051154],[4.847125604991722,47.078114375060366],[4.847742965675245,47.07819033873535],[4.847810836771732,47.07807583675864],[4.847870364700896,47.07797985761916],[4.847931394439522,47.07788385442849],[4.847944216993997,47.07786525991073],[4.847985338289601,47.0777992035253],[4.848026446617321,47.07773315633512],[4.848036313096885,47.077715626710926],[4.848060732995161,47.07764268689631],[4.847876168223448,47.077625204401976],[4.847427018208647,47.077569030707544],[4.847300582730771,47.07758944128709],[4.847281186067872,47.077634716409946]]],[[[4.849772671891633,47.077666387155936],[4.849671372766742,47.07767822989725],[4.8493145108861935,47.07769619763275],[4.849128920390552,47.07769303448013],[4.8490839441188545,47.077689674562556],[4.848803509433704,47.07766861223023],[4.848782586629264,47.07766894694379],[4.848703348751662,47.07767021452114],[4.848360566055532,47.07766241413056],[4.848177791700479,47.07765409822316],[4.848133690237457,47.077676263899896],[4.8481018055576754,47.07770640229615],[4.848062199669178,47.07777243449538],[4.8479876855337904,47.077911565186206],[4.847960678417264,47.07795286456123],[4.847881089457687,47.07807471347253],[4.847804539045783,47.078197531370684],[4.8486878264693045,47.07830806111662],[4.848656534564131,47.07844241226526],[4.848923055919144,47.07849435275066],[4.848929072587537,47.078495274128876],[4.848966732437216,47.07850284872982],[4.849051046566787,47.07851887162468],[4.849243764012453,47.078555637968655],[4.849313852618377,47.07841861254961],[4.849615673849672,47.0784965531774],[4.849629231263105,47.078499398111106],[4.849925435968411,47.078195274023294],[4.849948995431642,47.07814074605662],[4.849803142949018,47.07811854935415],[4.849830341586132,47.07803944083617],[4.849900932080095,47.077829866625514],[4.849906913804555,47.07782977087537],[4.850038704184165,47.07783481168297],[4.8500400660295275,47.0778307013263],[4.850043258451031,47.077662055822834],[4.849997848462723,47.077646437535236],[4.849827772677487,47.077659372364295],[4.849772671891633,47.077666387155936]]],[[[4.848908359597656,47.07850173833362],[4.848656849876851,47.07845161096925],[4.848640301320523,47.07844880476318],[4.848670126100385,47.0783154947241],[4.847800360988056,47.07820679291348],[4.847628882947457,47.07848439509054],[4.847524591149177,47.07867100180495],[4.84748897399874,47.07872266907345],[4.8473165832167195,47.07897371870129],[4.847201115017823,47.07914006995924],[4.847144155686412,47.07922374197152],[4.84692043403273,47.079548160553074],[4.846860714738734,47.079639035970615],[4.846733957492753,47.07982498318393],[4.846591350034817,47.08002855531334],[4.846567121904105,47.08006367707372],[4.846437196919007,47.080244568332354],[4.846280051557193,47.08046062891093],[4.846101366137353,47.08070258222451],[4.846008245927654,47.08082260146276],[4.845921072258821,47.08094149899874],[4.84587243990222,47.08100664782122],[4.8458438710585,47.08104593628195],[4.845730231585942,47.08117853960607],[4.845727380081868,47.08118266468477],[4.845655719906461,47.08131766841893],[4.845626172590527,47.08137229097926],[4.845397478435648,47.081814290623285],[4.845309127844184,47.081986339466106],[4.845296478336955,47.08201004605502],[4.84515678128525,47.082255463678784],[4.845700880247607,47.08211291672086],[4.845749807594492,47.08209987873988],[4.845855330366268,47.08212373340309],[4.846191278698885,47.082192960993],[4.846264667787309,47.08219587722234],[4.846478739322675,47.082200634472635],[4.846567166805085,47.082205345520904],[4.846654079292122,47.082210089713456],[4.846866242118847,47.08220261110681],[4.847077217810261,47.08220435481333],[4.847111716567502,47.08207607692826],[4.84712245674891,47.082040144009696],[4.8471520925266764,47.08194464318788],[4.847178737111977,47.08184919015984],[4.847241888872079,47.0817276047211],[4.84729001744306,47.08164816246562],[4.84735393860545,47.08154905166229],[4.84738379876531,47.08150360936008],[4.8474321149314665,47.08142927021588],[4.847490775071095,47.081351703789764],[4.847585325011864,47.08122961621141],[4.847742292221565,47.081008441527906],[4.8478808922311325,47.08077530362143],[4.848097562362893,47.08046326171627],[4.848183626502144,47.08035561918301],[4.848147327521903,47.08034393400101],[4.84804607708968,47.08031388031406],[4.847855610256343,47.08025561554053],[4.847862871450537,47.08024937562451],[4.847908369707491,47.080180187459824],[4.847969528714488,47.08008827084416],[4.8480708135339405,47.08011934167793],[4.848294566027118,47.08018831279121],[4.848422947707663,47.080006426387826],[4.848492916522571,47.07990925337945],[4.848549979689345,47.07982864995595],[4.848681153679627,47.07964058572559],[4.848351708817464,47.07954265064873],[4.848390050017267,47.07948277146],[4.848411342289561,47.07944973151281],[4.848421257302062,47.0794332277337],[4.8484766559581844,47.079347535756035],[4.848543549671527,47.07924836758774],[4.848622267992963,47.07927571932765],[4.848872051070771,47.07936266240149],[4.848910671748782,47.07931095565884],[4.848939342664579,47.07927473565032],[4.848993671438697,47.07920131717316],[4.8490050619325356,47.079184789733],[4.848951970065536,47.0791631610996],[4.848833647459168,47.07911498275945],[4.848826036626025,47.07911101596065],[4.848804833404046,47.07910318705555],[4.848657648721562,47.079042186955405],[4.8488451315599335,47.078838920790226],[4.848839044503458,47.07883594725108],[4.848905008407298,47.07875314792278],[4.84893367903041,47.07871692790866],[4.849300188451287,47.07884901190474],[4.849474635789569,47.078658209900574],[4.849252320116935,47.078587173844596],[4.849256274604756,47.078571782993635],[4.849158367746555,47.078551889183146],[4.848908359597656,47.07850173833362]]],[[[4.8469564852399545,47.078373549030225],[4.846843761609496,47.07848876722985],[4.846802671471275,47.078511901885356],[4.8467600227783665,47.07853302616091],[4.8467320703796,47.07854675611565],[4.846679086485271,47.07857212505556],[4.8465759827188055,47.07861872854739],[4.8464677712042095,47.07869096248772],[4.846337238876707,47.078766614828616],[4.846084726578788,47.07890552578894],[4.8458631925916285,47.07907561414272],[4.845691742329586,47.07917951244048],[4.845611118781947,47.079227800287505],[4.845386939993358,47.07936421288773],[4.845197612058719,47.07947044014748],[4.845144801140314,47.079500911769934],[4.844921759456331,47.07962708389605],[4.844894098775739,47.07964898582188],[4.844563411201856,47.07999554073313],[4.844470904368117,47.080090000028484],[4.844469450553309,47.08009104986977],[4.844430615427421,47.08013662564129],[4.844396308412284,47.080183155774414],[4.844360651867737,47.080233786972],[4.844234849649675,47.08040438846429],[4.844200577383765,47.080451944614175],[4.844166339529633,47.08050050883087],[4.844131997275697,47.080546021801226],[4.844092161362905,47.080605914311974],[4.8440582035649085,47.08061872177067],[4.843733311596839,47.080741410304036],[4.843351836439184,47.080915071530775],[4.843035179881099,47.08106010466484],[4.842990677823091,47.08102709734701],[4.842933932357117,47.0809861081589],[4.842584573409684,47.08113676766602],[4.842730753253396,47.08129996898952],[4.842806910824339,47.08138356043959],[4.842901630265766,47.08148525430501],[4.842811587066761,47.081520407007254],[4.842712675399723,47.081558771943094],[4.842638866858151,47.08158753285142],[4.842609305138666,47.08159822550683],[4.842427728912506,47.08166855411837],[4.842375740577427,47.081679604218294],[4.842215439167884,47.08171587639249],[4.842141246440121,47.081733404113216],[4.841731538067174,47.081825765951436],[4.841551403511762,47.081851114249865],[4.841424851278321,47.081868458134956],[4.8418378312772905,47.082441234490176],[4.842084964824669,47.082494517472966],[4.842191010060655,47.082533694658366],[4.842260734685058,47.08256016743613],[4.8424623289971045,47.082637680091324],[4.842663888827922,47.082714166314034],[4.8427638959923724,47.08275139497905],[4.842877764364041,47.08275673887335],[4.843011651164276,47.082691249630464],[4.843041060877882,47.0826764797735],[4.843113765323239,47.08265896622487],[4.84324042377539,47.08264468973094],[4.8434449299058056,47.08263223337463],[4.843644781049282,47.08261473572956],[4.843789141399481,47.082593016806655],[4.843924003838782,47.08260006001723],[4.843934501297251,47.08260091917942],[4.8440714952095325,47.08258238833458],[4.844147177146579,47.08256482662156],[4.844357547672002,47.08246133652264],[4.844529744563641,47.08237888896064],[4.844613644146549,47.08233871780615],[4.844850234556583,47.082302251255136],[4.84504823266674,47.08227456837989],[4.84505867304464,47.08227337507322],[4.845098159589196,47.08220326648477],[4.845149038017663,47.082116621837066],[4.845189956559879,47.082044446076345],[4.845235132141191,47.0819660695158],[4.845335447279863,47.08179382970174],[4.845471103442934,47.081561759582776],[4.8455701939011115,47.08135377780789],[4.845599531186225,47.08129301679223],[4.8456357107502175,47.0812137660571],[4.845645368869279,47.081190107189386],[4.845702856898959,47.08112175514436],[4.845744333063519,47.081065915412246],[4.84578012841042,47.08101936111435],[4.8458088155128545,47.08098314169335],[4.845854478523779,47.080919057955654],[4.845940093440719,47.08079814109363],[4.846024345750667,47.08068133446845],[4.846110029850975,47.080562460627064],[4.846201263057594,47.080431241431434],[4.846359700576651,47.080209018490635],[4.84648242149967,47.08003641951489],[4.846516691797928,47.079988871682346],[4.846652423101578,47.079802781345435],[4.8467880135367984,47.07961260452382],[4.846853771942027,47.07952368591887],[4.8470893177041265,47.079194989941726],[4.847230676984931,47.07899858748546],[4.847418742125071,47.078724809409735],[4.84745554689513,47.07866393744655],[4.847570195336109,47.078474094312526],[4.847737298753026,47.07819962408013],[4.847121405165366,47.0781226192899],[4.8470849850978155,47.078194724024016],[4.84696792419037,47.07835803865388],[4.8469564852399545,47.078373549030225]]],[[[4.844620360043856,47.082360070967916],[4.844587877061227,47.08237285502074],[4.844524474031911,47.082399406782166],[4.844461127952725,47.08242801087566],[4.844397816591975,47.08245763201186],[4.844237548670574,47.08253886238377],[4.844162447058497,47.0825737776928],[4.844115161096896,47.082590886345116],[4.844048312470178,47.0826042095538],[4.843943928643145,47.082614052032895],[4.843783822614152,47.08261251772523],[4.843587311593368,47.08264017468085],[4.843221581427182,47.0826623620224],[4.8431381700559415,47.082672886935164],[4.843056540123584,47.08269156046076],[4.842987035924957,47.082715146746864],[4.842858361822782,47.08280200417217],[4.843220763689576,47.08303226190068],[4.843345839819091,47.08310280722815],[4.843435791579118,47.08315246131757],[4.843711607828396,47.083344248756916],[4.843892945309533,47.083441489166766],[4.844114924583129,47.083502319633006],[4.844175071226318,47.083511581311726],[4.844229026251264,47.08347087063834],[4.844299076992747,47.08337574344104],[4.844359245928606,47.08329815468641],[4.844496481995097,47.0831120433342],[4.844812604244223,47.08268908412743],[4.844962731528965,47.082442482869624],[4.845046044981046,47.08229809892029],[4.844992475777097,47.08230610451966],[4.844806428811821,47.08233359653762],[4.844620360043856,47.082360070967916]]],[[[4.8461754985298935,47.0822126291449],[4.846176777657342,47.08220647589525],[4.845937357188756,47.08216022887297],[4.845747515481299,47.082120349062016],[4.845738646909934,47.08212355259702],[4.845133878752449,47.082285457741264],[4.845109509155122,47.08231650185779],[4.845018466634634,47.08245384978346],[4.8448625102703495,47.08270463270287],[4.844618101921013,47.083037553268184],[4.844549554042528,47.083132647695955],[4.844410851026797,47.08331980915948],[4.844356511866134,47.08339322537766],[4.844282085372594,47.08349147533056],[4.844595298566061,47.08355187569083],[4.84465420080504,47.08356830742659],[4.844713661912154,47.08360107537241],[4.844745552041585,47.08361487628171],[4.844781677594326,47.08362145013071],[4.844848365735139,47.08364695221323],[4.8449410664773485,47.08368941083575],[4.8449486557431145,47.08369235159593],[4.844959026741387,47.08373305345144],[4.844973040003002,47.08379312223956],[4.844996515638498,47.08382340255822],[4.845019990992404,47.083853673871104],[4.845035296520568,47.08386365090075],[4.845063867776859,47.08386830098372],[4.845305041291171,47.08387773404036],[4.845344158290171,47.08388425995696],[4.845597493336173,47.083899631048745],[4.845662085774616,47.08390779433476],[4.845806323325845,47.083925933688704],[4.845975791442866,47.08393855472208],[4.846037091367457,47.08393757566819],[4.8461922315330686,47.08392487633981],[4.84623836556898,47.0839180066109],[4.846354108977589,47.08389061783589],[4.846406223941024,47.08383971416834],[4.846430418739707,47.08380356641043],[4.846518770247429,47.08367545512762],[4.846595449330406,47.083555698334436],[4.8466648317911405,47.083441173243756],[4.846705770962595,47.08337001426692],[4.846746710026022,47.08329885527383],[4.846868174231818,47.08300162066367],[4.8469209758396685,47.082796421719586],[4.8469553353947,47.08266405759872],[4.846984110735279,47.082543030700016],[4.847060495347385,47.08224038332866],[4.846842907862129,47.08222035579102],[4.846730822549406,47.0822231734199],[4.846659097121577,47.082225337083194],[4.846346240458607,47.08221909639312],[4.8461754985298935,47.0822126291449]]],[[[4.8500584219658105,47.082115796241105],[4.850063300562292,47.082126957157755],[4.850066677021973,47.082138142119206],[4.8500670623814495,47.08214937495981],[4.8500659456016395,47.08216063184542],[4.850063339858267,47.08217191256511],[4.850057708118137,47.082182224087575],[4.85003349476264,47.08221735533797],[4.8499704667604115,47.082255143138994],[4.849993348914355,47.08226806016009],[4.850087960870138,47.08232274975924],[4.850261975411578,47.0824241861116],[4.850359578724385,47.082478818600514],[4.850415735647395,47.082502441826726],[4.850381046862971,47.08253774085986],[4.85024876362234,47.0826931251818],[4.8502429916615775,47.08269935040665],[4.8502157037840545,47.082732486631215],[4.850184040751503,47.08276875479515],[4.850121888260709,47.082832077575475],[4.850100197152614,47.08285388517223],[4.8500770868304395,47.082877750750704],[4.85005828184234,47.08289645023153],[4.850027897312859,47.08292656505957],[4.849977288503274,47.082977437331365],[4.84995410829227,47.082999268732586],[4.849911321079255,47.083060237150264],[4.849755824076466,47.08328037350462],[4.849807838349208,47.08331427569228],[4.849703208449303,47.08340382696431],[4.849549142270784,47.083535036700546],[4.849481019941576,47.083511604518606],[4.849346277636821,47.083464715998005],[4.8493217129073605,47.08348963132179],[4.849308035824834,47.08348371733883],[4.849292882922806,47.08347782696761],[4.849294302165056,47.08347576899167],[4.849295558956341,47.08346858942285],[4.849295279001307,47.08346042581381],[4.849292042441712,47.08345331813915],[4.848896217388227,47.08329617188305],[4.848890633355421,47.08330750020994],[4.848823655106357,47.08344855480855],[4.848812228786967,47.083464065130364],[4.8487720459938375,47.08351375243037],[4.848731828258604,47.0835624226395],[4.848665718122538,47.083641135425474],[4.848628316128045,47.08368464537155],[4.848531613190273,47.08383129036934],[4.8484737087542085,47.08393132314548],[4.848368359488685,47.0840873009828],[4.8482399330511425,47.08426816999194],[4.848228388018971,47.08428061123328],[4.848099874648205,47.084415498836634],[4.848014256096579,47.08449247885112],[4.847915520217578,47.084579889874405],[4.847864732985329,47.084625657811316],[4.847783489182497,47.084699505792955],[4.8476767017515945,47.084813611835735],[4.8475773502693515,47.08492657226745],[4.847535851364618,47.08498139529582],[4.847432963469639,47.08512199626736],[4.847204410770041,47.08543729687144],[4.847140150298178,47.0855701387663],[4.847127605580938,47.08559690575404],[4.847113138697681,47.08561143783353],[4.84708603738839,47.08569361473276],[4.847046692786399,47.08581174849511],[4.8469790658424845,47.08628284920862],[4.846930851680175,47.086404195532666],[4.846915455282437,47.08643509659106],[4.846846852120711,47.08657208717039],[4.846786719987435,47.08669464146967],[4.846744151060633,47.086805676141374],[4.846609852397619,47.087121504539084],[4.8465589746928615,47.08729602618543],[4.846505607886776,47.087484888433416],[4.846504245220045,47.08748898973399],[4.846501673611021,47.08750129642839],[4.846500569154194,47.08751255304807],[4.846500988946107,47.08752481195548],[4.846505415376789,47.087610564514904],[4.846506569656026,47.08764427200859],[4.846553646784776,47.08779575944313],[4.846632742514641,47.08792119548781],[4.846958699777343,47.08826544050363],[4.847034804059132,47.08834699481581],[4.847063008222802,47.08838434959668],[4.847125309625027,47.08849983232876],[4.847150850457613,47.088546424353844],[4.8471545418307915,47.08856680805112],[4.847224525270535,47.0888630271913],[4.8472192771033615,47.08888457137516],[4.847140751709744,47.08916885381112],[4.847084918353321,47.089373083127526],[4.8470615081612545,47.0895195728243],[4.847030750492526,47.089626330197916],[4.847017310347401,47.089670483200216],[4.847008197723573,47.08971047851755],[4.846996281552159,47.08975562479574],[4.846970947102895,47.089845950351744],[4.846885298453503,47.09018450586468],[4.846851353520214,47.09032911951126],[4.846825124054064,47.09043683107557],[4.846821709104908,47.090555408091895],[4.846823089988748,47.09068311218571],[4.846805814486255,47.09105224774682],[4.84704426077603,47.09106888067677],[4.847326183358015,47.091087871231416],[4.847847902086397,47.0911193822723],[4.84823470215749,47.09114283588195],[4.848202790320033,47.09134667415154],[4.848175951665592,47.091523873823355],[4.848360437507212,47.091537278249874],[4.848401536259255,47.09138334607375],[4.848421411290839,47.09130844403157],[4.84838167105407,47.091152742554165],[4.848371366086574,47.09111408425863],[4.848364052423497,47.09107536912602],[4.848358136252262,47.091033569748575],[4.848379745129673,47.09083500231256],[4.848380302114569,47.09080740029533],[4.8483793729581715,47.09069298118695],[4.848388210036602,47.090601892477395],[4.848409395986778,47.09047792503136],[4.848430616397775,47.09035496564912],[4.848483397571149,47.09014874923287],[4.848502886635088,47.09006260532883],[4.848525143859675,47.0899702843457],[4.848537142022809,47.08992718085087],[4.848545053067453,47.08989639931907],[4.848558225320038,47.08984408233927],[4.8485596444492876,47.08984201537629],[4.848570034979145,47.08979586667863],[4.848593794328898,47.089703521648126],[4.84865000867543,47.08964132160059],[4.848703196197388,47.089578143293664],[4.848731920761297,47.089542940329096],[4.848761731583858,47.08932175454977],[4.848775303920214,47.08919382019156],[4.8487778050373675,47.08917947030518],[4.848814927828759,47.08886621143294],[4.8488158335056175,47.0887180369461],[4.848816615635431,47.088609714175405],[4.8488169842137046,47.088577008973026],[4.8488182401515365,47.0884390502171],[4.848818573854823,47.0884053279385],[4.84881813049041,47.088261263544396],[4.848824058533625,47.088172274510136],[4.848833241317969,47.08804746319272],[4.848869105565269,47.087959021959506],[4.848936584735307,47.08778934885425],[4.849029966837666,47.08754568561388],[4.849289580188412,47.08687124570288],[4.849325267572469,47.08677769191634],[4.849380251896327,47.08667974082363],[4.849564693675665,47.086343681439864],[4.849615932420529,47.08626725049157],[4.849670184364818,47.08619179793601],[4.849694447806829,47.0861576836742],[4.849829084153038,47.08602678493476],[4.849930342262469,47.08592604867996],[4.850147406725159,47.08571208637627],[4.850237014099532,47.085620740043275],[4.850341086856916,47.08551485215522],[4.8503774549334295,47.08548463249705],[4.850462073423292,47.08542197665049],[4.850571641910201,47.08534562899848],[4.850635964972336,47.08530168740695],[4.850704544708773,47.08525154480112],[4.850767330109995,47.08520660111287],[4.850838808704129,47.08515334109157],[4.85093065210007,47.085083409725705],[4.8510209930393655,47.0850135023426],[4.8510515533716125,47.084988490650765],[4.851098138490998,47.08495096567408],[4.851266967116762,47.084770463932124],[4.851430127962655,47.08459925643811],[4.851448828308943,47.084577505520706],[4.851515595918508,47.08447424930068],[4.851580861381142,47.0843710261038],[4.851628963864883,47.08429055582826],[4.851668653816041,47.08422657449624],[4.851750239400737,47.084076080419344],[4.851794824111098,47.083980338860314],[4.851875867333768,47.08385745557224],[4.8520063029067035,47.0836479392494],[4.85202475694291,47.08361903270396],[4.852092730884012,47.08350758865455],[4.852213495980329,47.08332173167261],[4.852224934468395,47.08330622080267],[4.8522665679835395,47.083255491361406],[4.852292847049689,47.083105883127836],[4.852337324556512,47.08278944228791],[4.852372152122953,47.08254059014084],[4.852405104245996,47.082280519993155],[4.8524366533180485,47.081979613783396],[4.852438776666367,47.08186718056619],[4.851945765196055,47.0816237254892],[4.851270192124878,47.08129122733985],[4.850716089946335,47.081664874202055],[4.850050600340849,47.08210570006826],[4.8500584219658105,47.082115796241105]],[[4.849048588720097,47.08459855687002],[4.8490254640077675,47.0846224224346],[4.849043835366526,47.08467833252329],[4.8490748549456795,47.08471052662881],[4.849271600275137,47.08486371627539],[4.848938356119998,47.085179668841455],[4.848714495849782,47.085413153647096],[4.848611610512341,47.08555376464716],[4.848536908937275,47.085643853660905],[4.8484607400458595,47.08573499272374],[4.848384548903077,47.08582510544678],[4.84829548512395,47.085932795758396],[4.8481662137284705,47.08608914675552],[4.848052534482586,47.08622073505483],[4.8479928228854074,47.08631161063588],[4.847954910121855,47.08625295094098],[4.848012470333451,47.08618663201833],[4.848143279514931,47.08603127425372],[4.848522808317196,47.08558175140358],[4.848678263395745,47.08540351180375],[4.848696965130669,47.08538176133757],[4.848903416155312,47.08516388258387],[4.849186281258589,47.0849059577495],[4.8491960786093244,47.08488638491848],[4.84919541315582,47.08486697947971],[4.849182642567785,47.08484367916361],[4.849043886991914,47.08472328768032],[4.8490021461312445,47.08468410562181],[4.848971196357257,47.084653945647595],[4.848955763253475,47.08463989162811],[4.849075861482053,47.08452148285857],[4.84938820098612,47.08425082023212],[4.849397682980344,47.08422205769664],[4.8494150348302405,47.084204408233894],[4.849438180895596,47.08418155987433],[4.849458278831921,47.08415671601076],[4.849469302077729,47.08417289380825],[4.849427318749692,47.08425734476625],[4.849302553439515,47.08437072242729],[4.849202085467528,47.084451002846016],[4.849132248515282,47.084508324139016],[4.849048588720097,47.08459855687002]]],[[[4.847920969573071,47.083123758489414],[4.8478881517496655,47.08330105424985],[4.847869013897621,47.08339740501933],[4.847861593192904,47.08344247964715],[4.847843909393741,47.083537789525735],[4.847799630364709,47.083598780955874],[4.84770540480584,47.083730058087504],[4.847553991928233,47.08393887796478],[4.847488286423813,47.08402984919624],[4.847351475802268,47.0841842756585],[4.84724784134304,47.0843034371094],[4.847197438890483,47.0843604465996],[4.847166855156658,47.08438443099056],[4.847070759728668,47.084461586727095],[4.84694063384144,47.08454948951524],[4.84676378037178,47.084670847102316],[4.846556866431536,47.084831507787605],[4.846262567904906,47.08501808617989],[4.8461707546213235,47.085132969200956],[4.8461521570315576,47.08515778849035],[4.845832394343661,47.08543060476002],[4.845796582936702,47.08547715921314],[4.845608730148429,47.08571415126708],[4.845564237022244,47.085769012335724],[4.845429765621395,47.08590500950213],[4.845423957953476,47.085910217403224],[4.8454051499867585,47.085928907106684],[4.845389333323405,47.08594754904886],[4.845375040833375,47.085967193291935],[4.8453206783821825,47.0860395836085],[4.845261927236636,47.08611511486499],[4.845214721757412,47.08617819615803],[4.845113000469682,47.08630959054762],[4.844919682897409,47.08656198705964],[4.844802212976445,47.08671406618177],[4.8447004545709635,47.086844434107135],[4.844602992734545,47.08705647707064],[4.844577830120961,47.08715190556859],[4.844552492844378,47.08724223067671],[4.84448223141872,47.087505945736694],[4.844482209520706,47.08759280494803],[4.844482571408212,47.08773482623986],[4.844603240525454,47.08798221121714],[4.844643478426314,47.08806535703459],[4.844738890134581,47.08818645439039],[4.844828096180687,47.08830150890418],[4.844948567012287,47.08845592304664],[4.8451139940271375,47.08869953120347],[4.84516598939685,47.088776356360285],[4.845206892377553,47.0888349691648],[4.845228951107886,47.08886731630559],[4.845305571457338,47.08918284650062],[4.845318320768089,47.08933692659003],[4.845323409348665,47.089398155351276],[4.845308409304382,47.089484227000234],[4.845274495892936,47.08967379551062],[4.845254421303049,47.089786514608456],[4.845233179918356,47.089865526428916],[4.845210637423143,47.089949674180474],[4.845174521713468,47.09007490590204],[4.845157250090551,47.09013853584136],[4.845130527914895,47.09023194497763],[4.845095879396237,47.090356135606726],[4.845081179663398,47.09040745887782],[4.84505580658911,47.090496757918224],[4.84503176117705,47.09058092959623],[4.845003536185984,47.09067436266825],[4.84494223409637,47.09093793465743],[4.844928015340282,47.09113434803483],[4.844956931976982,47.09128000196209],[4.84497353246721,47.09137169292785],[4.844999436104572,47.09151637729496],[4.8454262060825455,47.09144008702154],[4.845532060822643,47.09142919338378],[4.845531767504698,47.09137709180906],[4.845532102568627,47.09129943138377],[4.845532772693591,47.09114411052685],[4.845813961186466,47.091141665202485],[4.84608213423465,47.09110877206583],[4.846234093538812,47.091089991042146],[4.846421009279316,47.091087005594645],[4.84673105257449,47.09109738036344],[4.846738825785831,47.090625192681195],[4.846742730461902,47.09052090871221],[4.846764639584846,47.09037444313336],[4.846785059401814,47.09022800133469],[4.84679331964984,47.09016349746345],[4.846837761806921,47.089975804510686],[4.846894469227753,47.08975316300833],[4.846900172654944,47.08974490381721],[4.847079291037112,47.089121818136],[4.847086041617361,47.089100249953994],[4.847140580309697,47.08885823584583],[4.847116734449774,47.08872987301738],[4.847067083083695,47.08859068356318],[4.8468581844321825,47.088300763464616],[4.8468212362609595,47.08822676951808],[4.846794114792169,47.0881771317702],[4.8464927069843835,47.087850892558755],[4.846440799324133,47.08768925191873],[4.846422553817394,47.08754956049247],[4.846423063764965,47.08752094158822],[4.8464267750005945,47.08749840435264],[4.846476850680802,47.08734433828898],[4.8466920905321205,47.08663994946239],[4.846855148195143,47.08633387372117],[4.84688315958578,47.08627824886836],[4.846943905818327,47.08613014480892],[4.846945146387517,47.08603509794096],[4.846958444158158,47.08594292931461],[4.847006820912607,47.08565196894257],[4.847046062302053,47.085574704237715],[4.847116130774052,47.085436663409375],[4.847223570105987,47.08529802528392],[4.8473489194756025,47.0851141448387],[4.847558105784588,47.084845136045445],[4.847740015347317,47.08465320054973],[4.847815136640599,47.08457536193441],[4.847925544676555,47.084479596303446],[4.84819509383411,47.084182027938674],[4.8483800760585485,47.08390523639321],[4.848475767603044,47.083772917619285],[4.848511457488268,47.083723302290636],[4.848589252535896,47.08363622562097],[4.848647856238613,47.08355660630293],[4.848753623931198,47.08341288709889],[4.848441753043776,47.08330445857059],[4.848393312432484,47.08328786144342],[4.848196537441887,47.083220503274624],[4.847920969573071,47.083123758489414]]],[[[4.852433460815242,47.06189835260546],[4.852305878214624,47.06192799159171],[4.852239092439305,47.061942345714904],[4.852129295744089,47.06196760176876],[4.852000224407134,47.06199726427773],[4.851700549788599,47.062066440310105],[4.85125852900799,47.06217059616445],[4.851327226113251,47.062255319514676],[4.851393909597678,47.06232475642897],[4.851744857494088,47.06266041137332],[4.85186851447757,47.06273404107845],[4.852214604014071,47.06284089311601],[4.852353683864755,47.062884646365625],[4.85247923204243,47.06292657212744],[4.852559465077299,47.06295491434507],[4.852694194195158,47.06300282553441],[4.852998965537573,47.06312565649365],[4.853086948402737,47.06316205121788],[4.853158445904185,47.0630669031146],[4.853317801178406,47.062830352284585],[4.853396197942117,47.06267480927854],[4.853441239937472,47.06259335974165],[4.8534781397663584,47.06244869480743],[4.853502714318364,47.0622061376417],[4.853465559133599,47.061908366279546],[4.853452632314823,47.061706260871766],[4.852742208576983,47.0618320910704],[4.852433460815242,47.06189835260546]]],[[[4.849616331169294,47.072715248894426],[4.84943501911864,47.07261800810133],[4.849342614078615,47.072583725560335],[4.849248440258288,47.072541294128065],[4.849134541437316,47.07249101014431],[4.848934005883725,47.072356279511965],[4.8487027254615755,47.07219750904152],[4.8483296139380565,47.07200218350273],[4.848334599604949,47.07219114120647],[4.848349227175833,47.072356430941866],[4.848356309575714,47.07243193803294],[4.8483748858315465,47.07249396894538],[4.8484458157458326,47.07273090750703],[4.848464322186942,47.07279089523824],[4.848595491397784,47.07312701280991],[4.848631595185142,47.07322044512444],[4.848680606175727,47.07334124620918],[4.848747214899648,47.07349550086352],[4.848851378353883,47.073698190341986],[4.848870617382848,47.07373568820426],[4.8489394690327865,47.0738684374145],[4.8490164129308,47.07401843798552],[4.849061336441231,47.07410763147193],[4.84908409161016,47.074160400633296],[4.84910200431827,47.074203034881556],[4.849146034634632,47.07430961450251],[4.849166709632331,47.07438898356503],[4.849259774654917,47.074704249620716],[4.849368109405132,47.07502846597412],[4.84944040914927,47.075261302366656],[4.849546998932604,47.07514209092195],[4.849615593567686,47.07500508898585],[4.849662394822929,47.0748868343402],[4.849706923475533,47.074746137970294],[4.849738662353457,47.074494273556525],[4.849763389502154,47.07438658456525],[4.8497872726045355,47.074123606807184],[4.849790189008261,47.07407757732268],[4.8497941256535695,47.074018248185716],[4.849815318927081,47.073938209013036],[4.849859286108726,47.07378117626745],[4.84988940272563,47.07369996758339],[4.849910035430124,47.07360359211297],[4.849912592424519,47.073591285494345],[4.849948839654137,47.07338328725788],[4.849945441978358,47.07328422553944],[4.849914515953396,47.07321115352291],[4.849676693883069,47.07277456648708],[4.849616331169294,47.072715248894426]]],[[[4.851104474580324,47.07668151373573],[4.851094814419374,47.076661234682064],[4.850878702342386,47.076378596064984],[4.850792003090035,47.07624919574943],[4.85056748250145,47.07598303645807],[4.8502048028390385,47.07552597192087],[4.850057249850885,47.0753229516492],[4.8499820136950955,47.07517906626888],[4.849923360091977,47.07503899493847],[4.849844358933561,47.0748287441485],[4.849835557970514,47.07479006172196],[4.849805208881103,47.07477726421242],[4.849744343144879,47.07492128404183],[4.8497000777531225,47.075026223822505],[4.849557935414986,47.075329926557146],[4.84949869729998,47.075478008717916],[4.849526703389443,47.07555317181188],[4.849582948015314,47.075710653736905],[4.849640672920221,47.07586708529641],[4.849684688047929,47.07601658578657],[4.8497026716101335,47.07606125407116],[4.849728966096291,47.07613031166927],[4.84975821653907,47.07619830431013],[4.849866483272866,47.07647654745559],[4.8500647417505345,47.07698017473499],[4.85010373619503,47.077070489351044],[4.8501394947855845,47.07715370528538],[4.850168711409699,47.07722068072051],[4.850192957802958,47.07727342577133],[4.850236747607556,47.07737285831746],[4.8503017015297525,47.07752202330712],[4.850302016808847,47.077531213008875],[4.850321478107295,47.077749567145965],[4.850295178106347,47.07785522802316],[4.850275451134044,47.07793422605024],[4.850255671435662,47.078055110098376],[4.850174878717351,47.07818514804296],[4.850139321032916,47.078238850502636],[4.850071047654417,47.07825425341654],[4.85006548610436,47.07826659910837],[4.850011037094306,47.078379869979855],[4.850378247250476,47.07853236412666],[4.850449529414169,47.07847401004638],[4.850489093892468,47.07844987185586],[4.850620898159816,47.07836806151125],[4.851296064123868,47.077992465869706],[4.851312313541107,47.07794316089185],[4.851323085014679,47.07790824460882],[4.851372693177817,47.077654049393985],[4.851376768772537,47.07742407926901],[4.851323732984359,47.0771429174354],[4.851294375010565,47.07707186497966],[4.851227684765069,47.076915577828494],[4.851104474580324,47.07668151373573]]],[[[4.851734880292219,47.076832858332565],[4.851687886921245,47.076727344789525],[4.851760006470267,47.07669348973266],[4.851672287929929,47.076534477833],[4.851425336386124,47.076573169170736],[4.851147991566388,47.076641993380804],[4.851184341798119,47.076698623915945],[4.8512469542717955,47.07682330359779],[4.851273356459331,47.07689543006055],[4.851349620713112,47.07711287418076],[4.8514127782993794,47.07729680211511],[4.851415863454454,47.07738667395408],[4.851425981767098,47.07750707929055],[4.851408891183856,47.077706602739966],[4.8513949797060185,47.0779111814358],[4.851555522161287,47.07788204281565],[4.851840611151414,47.07782127978143],[4.851858416000198,47.077816905919185],[4.851873159830351,47.077810536825375],[4.851887855557579,47.077803150863716],[4.851901027206135,47.07779476268023],[4.851911151319583,47.07778438805694],[4.851921261944487,47.077774004643175],[4.851947405227434,47.07766425729433],[4.85199587786349,47.07746423082665],[4.8519203878447765,47.0773131912712],[4.851870613332508,47.07721385521298],[4.851785964722574,47.076969979127426],[4.8517378358681205,47.076831784331894],[4.851734880292219,47.076832858332565]]],[[[4.852096018179105,47.07763632670936],[4.852005341200102,47.07747838012318],[4.851963778161914,47.0776619506401],[4.851941623809157,47.077757333123316],[4.851941728892739,47.07776039335527],[4.851939123754206,47.07777167413443],[4.851933492832053,47.07778198576402],[4.851926373066366,47.07779232125145],[4.85191775097162,47.077802671806886],[4.851907570183146,47.077811012065375],[4.851895852140709,47.07781835031409],[4.851881121486693,47.07782471919964],[4.851720824750161,47.07786100481447],[4.85139384155208,47.07792142106249],[4.851387322855726,47.077993048228066],[4.851405133294312,47.07803261283009],[4.8514695466112805,47.07812251978699],[4.851472712996479,47.078127584258915],[4.851568160313588,47.0782067725818],[4.851640459938968,47.07826488028623],[4.8517349391065885,47.0783154730922],[4.851832361242791,47.07836500102935],[4.85193121574206,47.07841247066051],[4.851975275359763,47.07834534807491],[4.852070230866126,47.078235515628265],[4.852333680303936,47.077979928071784],[4.852256690400133,47.07791577213067],[4.852251916832161,47.077907671521835],[4.852199220470378,47.07781042671598],[4.852165683707365,47.07774863620101],[4.852096018179105,47.07763632670936]]],[[[4.854024270313058,47.07942726677169],[4.85402139904167,47.07938746289674],[4.85402153189321,47.07934761082825],[4.854023013147646,47.079303648569095],[4.854024634878857,47.0792637726143],[4.853989284043749,47.079105966604324],[4.85395122178029,47.07899928404514],[4.853528003960737,47.07900198388429],[4.8533908252307185,47.07901440528881],[4.8530966886914255,47.07907327284149],[4.853145281204978,47.07918183108233],[4.853185082687726,47.0792516979749],[4.853311203723843,47.079222082281625],[4.85336835362251,47.079405087863314],[4.852816811617777,47.07950385265473],[4.852906764175575,47.07968428825706],[4.852996765457364,47.079865740642866],[4.853075654237477,47.07998505216781],[4.8531136031126705,47.080044727386934],[4.8531482937417945,47.08009628673092],[4.853452125242329,47.08001477661408],[4.853672950310028,47.07995503984659],[4.853806438378573,47.07992224356611],[4.8539678280664535,47.07991761044168],[4.854120490504181,47.07992026757639],[4.854079521105292,47.079772764146604],[4.8540475742206945,47.07958322174216],[4.854024270313058,47.07942726677169]]],[[[4.85952706034208,47.08176357456859],[4.859503847153584,47.08169753143222],[4.859362526309421,47.081416766707605],[4.859258967175939,47.081276404708035],[4.85898874666333,47.08103143020761],[4.858838049964489,47.08091225983501],[4.85868887821699,47.08079409139047],[4.858446954264608,47.08058851055814],[4.858362469268067,47.0805244790879],[4.858200585460399,47.08042796587759],[4.857927712545906,47.080279085807874],[4.857882121949077,47.08025835825794],[4.857541551200889,47.08009829986595],[4.857331300421715,47.07998724424161],[4.857125367500662,47.079871003656045],[4.857044086916413,47.07981304359453],[4.856754191156646,47.07960415058443],[4.8566134253238,47.079512402129005],[4.856599643099087,47.07950342877477],[4.856524998567201,47.0795945492148],[4.856384294672149,47.079765403984375],[4.856364262354882,47.079748353873455],[4.856256806117514,47.079668335635915],[4.855923925640039,47.07951428190525],[4.855752114642029,47.079433252368],[4.8556621583088875,47.0796012470806],[4.855381632400317,47.07953422820075],[4.855258858699686,47.079487154439406],[4.855216401316051,47.079470464122046],[4.855215087987395,47.07947559140137],[4.855094681800235,47.07945402845991],[4.855089121276284,47.07946637438828],[4.85501370643763,47.07944816872978],[4.8550164165850145,47.07943995711594],[4.855024616680702,47.079417347424354],[4.855109849168076,47.079199357697945],[4.855124922695667,47.07915926578736],[4.854650819756233,47.0790738918572],[4.854561753957155,47.079398209258436],[4.854486901140388,47.07939633947208],[4.854313163050872,47.079389932442155],[4.8540600927014195,47.0793817359602],[4.854116936871603,47.079773190534056],[4.854156720247728,47.079929907732414],[4.854394438198297,47.07997003220123],[4.854498717474868,47.08000104941269],[4.854839762186719,47.080131480473376],[4.854896339961037,47.0801673514499],[4.854931572719747,47.0801913083174],[4.8549453066835015,47.080199265004545],[4.855049973413142,47.08024152354865],[4.855130396239707,47.08027497640225],[4.855197014849951,47.08029842939312],[4.855349981476844,47.080353195655206],[4.855437818137525,47.08038447599614],[4.855848266809165,47.0805321794036],[4.8564494411479835,47.080745278789394],[4.856548127765042,47.080787623056935],[4.856653007915688,47.08083600959059],[4.856765745975631,47.080895508826025],[4.85683126389724,47.08093021761343],[4.857152754133315,47.08110079710043],[4.857360018152342,47.08121191007531],[4.857585497342066,47.081330898039774],[4.857646452775182,47.081363635427465],[4.85790867059831,47.08150656363026],[4.857989413696325,47.08154920414822],[4.858108277334622,47.081612683187245],[4.858405930671279,47.081785686780925],[4.858581694683291,47.081894242204456],[4.858839272854782,47.08207606627552],[4.8589006521487885,47.08212105287824],[4.8589773394834035,47.08217602363774],[4.859044855245371,47.08222500002552],[4.8591000416827885,47.08226396230152],[4.8592291125291664,47.08227619603968],[4.859327205817183,47.0823011846618],[4.859652898463178,47.082419583128356],[4.859823796763959,47.08243011655101],[4.859606954234881,47.08199831799944],[4.859574662079434,47.081929359039975],[4.859555999241489,47.08186528698324],[4.85952706034208,47.08176357456859]]],[[[4.858957260950553,47.08228771933359],[4.858817621511968,47.08218574296251],[4.8586855592134786,47.08208670649098],[4.858622748423036,47.08204378707755],[4.858559867007399,47.081998815480866],[4.8584894091134805,47.081950903764934],[4.858373218371065,47.081878178364654],[4.858226497057219,47.08178755420848],[4.858008239093154,47.08166129188779],[4.857857483165982,47.08158401545408],[4.857667237139537,47.081488984053465],[4.857556126536394,47.08143354807656],[4.8573476187688245,47.08132961491182],[4.85686033796467,47.081036017031394],[4.856719941774556,47.080955501785475],[4.856474573982474,47.08082354833158],[4.856121732836959,47.08069842664572],[4.855496961946401,47.080494908179794],[4.855279180975531,47.08042585498757],[4.854901165797124,47.08026434573927],[4.854723091210047,47.08017524709737],[4.854643982184077,47.080136666687615],[4.854586126182195,47.08010693993371],[4.854491030064202,47.080081899275754],[4.854226876662233,47.08001257059195],[4.854086437680993,47.07997394712016],[4.854080455726177,47.07997404308652],[4.853959332288683,47.07997496852341],[4.853794845948042,47.07997658038306],[4.853824615567164,47.080102803119665],[4.853835203582976,47.08014964268608],[4.853827802935918,47.080151805674085],[4.85383284438761,47.080168070030275],[4.853860718482348,47.08023914564815],[4.853832451110451,47.08024368762836],[4.8538375132262885,47.080303890131994],[4.853758881580923,47.080322523253315],[4.853828420734673,47.08047467469088],[4.853563211539329,47.08054841586396],[4.8534861735367025,47.080570085146505],[4.853404537193552,47.08058876620406],[4.853340719618394,47.0806030729062],[4.853232913979998,47.080643624898485],[4.853289862499164,47.080733650556674],[4.8532154361097195,47.080787977211635],[4.85311623747552,47.08086109951524],[4.853031594276441,47.08092274032819],[4.852973225508471,47.080965570335145],[4.852933848819644,47.08099481252324],[4.852728524276858,47.080939855786625],[4.852716018660491,47.08096764950018],[4.852640900398009,47.081132341804576],[4.8526053276279555,47.0812289570259],[4.852587175107609,47.081309974429026],[4.852566649364831,47.081409410348],[4.852529639339371,47.08168180233902],[4.852510661021879,47.0819130287429],[4.852508687472534,47.08194269788272],[4.852766295815912,47.08208264051296],[4.852885397494876,47.08193563256178],[4.853044345423005,47.081772667049194],[4.853224567448701,47.08161957255163],[4.853376400240997,47.081510871458846],[4.853199349822219,47.08136453230485],[4.853319381458963,47.08128801397386],[4.853481652366938,47.08143970516545],[4.853619700326597,47.081364941869026],[4.853850255508463,47.081283588408205],[4.8539078941179055,47.08126324772063],[4.853971536877992,47.08124383733106],[4.85403672984688,47.081225419673544],[4.854103468774624,47.081209021455486],[4.854131666383417,47.08120243625943],[4.854216386800271,47.08118677614406],[4.854296662162186,47.0811722049191],[4.854402425012351,47.08115926897077],[4.854535058728057,47.0811448751107],[4.854679691825193,47.08113131518039],[4.854806413589514,47.081119060156716],[4.854875110887072,47.08111591336543],[4.854954599806384,47.08112179708636],[4.855034110242373,47.08112868903844],[4.855112202359277,47.081137656986165],[4.855140751229154,47.081141287296546],[4.855279199867598,47.08116563153164],[4.85587259527461,47.08128280472334],[4.856064400554322,47.081335919768144],[4.856220313873928,47.081389619961385],[4.856293245944286,47.081422165695905],[4.85684387578607,47.08173109341399],[4.857045300148836,47.081846389335844],[4.857065263102422,47.081861396167476],[4.8571788124646,47.08194437768905],[4.857341156237683,47.08205416824473],[4.857629332301307,47.08225593701839],[4.85772740042146,47.082323848252884],[4.857816297168801,47.08238576498565],[4.857911915293008,47.08246903403718],[4.85795044575291,47.08250214076073],[4.858014206719575,47.08257263852723],[4.858038463190696,47.08262538183426],[4.858069159383971,47.082691304922264],[4.858090248994462,47.08273899293378],[4.858100440708059,47.08277459046651],[4.85811050481391,47.08280610149095],[4.858117577798907,47.08283766060176],[4.858121659967951,47.082869276800096],[4.85812705496702,47.082895756690995],[4.858130996036041,47.082923277592826],[4.858131910925279,47.082949829508806],[4.858132509170289,47.082967191761504],[4.858132287079095,47.08300398335204],[4.858120276012583,47.08313292100799],[4.858109613339947,47.08317089808166],[4.858155111724861,47.08323249461423],[4.858373189512029,47.08339656524787],[4.858708560977693,47.08318783415994],[4.8587319840515075,47.08317314751869],[4.8588843983130765,47.08312472253018],[4.859184334590936,47.08319039432347],[4.859397039747433,47.08324215013463],[4.859617366371313,47.0831241707381],[4.859740431323713,47.083092553049724],[4.860008776976255,47.083022844926276],[4.859651665140746,47.08277416404679],[4.859400415060107,47.08260245232259],[4.859050920854945,47.08235773564904],[4.858957260950553,47.08228771933359]]],[[[4.85784728525311,47.08250379905557],[4.85775608972498,47.08241840557983],[4.85759183308534,47.08229638966323],[4.857285604997735,47.082091848973874],[4.857141664933436,47.08199504593564],[4.856994769637018,47.08189931684822],[4.85695038556584,47.08187039242353],[4.8566527714466226,47.081698402161344],[4.856411823290042,47.081564333278585],[4.85622587073349,47.081464115383326],[4.856137798750558,47.081425679916975],[4.855963574643695,47.08136206126834],[4.855850226294663,47.081328120043146],[4.855722028457175,47.081297488060564],[4.855387843581825,47.0812364368462],[4.855287008870395,47.08121863941239],[4.85513197536967,47.08119047283815],[4.854968074474831,47.081165519300455],[4.854885629739306,47.08116070966848],[4.854801906900052,47.08116205332502],[4.854578360065889,47.0811860744781],[4.854249296103426,47.08123018663211],[4.853951076690791,47.08130138730627],[4.853853289012825,47.08132849585021],[4.853693755408793,47.081387249818896],[4.853614497698581,47.08143144181701],[4.853529327650519,47.08147776384848],[4.853410552397461,47.08154711177476],[4.853266014972599,47.0816505807333],[4.853079986164586,47.08180887458628],[4.852923762006825,47.08196362837701],[4.852806008936507,47.082106526194316],[4.852762874677439,47.08215727993023],[4.8526943775288744,47.08225340529216],[4.852590482164588,47.08245125816437],[4.852570756563911,47.08253024745663],[4.852518059704922,47.08282536879371],[4.853363442949591,47.083179659355565],[4.853359933210921,47.083077537848354],[4.853274488862602,47.08289805704908],[4.8532303868215125,47.082877303807884],[4.853250061235494,47.08284020037099],[4.853152827170972,47.08279680336852],[4.8533532812332485,47.08257901217925],[4.853413064842905,47.0824472648231],[4.853457575033122,47.08234947941789],[4.853489509316784,47.08227744462607],[4.85354031690458,47.08231954162711],[4.853650604658981,47.0822207012271],[4.853762394455293,47.082121845626055],[4.853835003782203,47.082058344059824],[4.853978074380861,47.08226041382537],[4.854075111834954,47.08225476864853],[4.854121383932446,47.08225198207053],[4.854285701414157,47.082245257371504],[4.854354400176474,47.0822421108909],[4.854520206561937,47.08223536196913],[4.854690471167512,47.08222752363094],[4.854804374595265,47.08223387285284],[4.854867301935272,47.08223695152074],[4.855020111544247,47.082243693765],[4.855095038305384,47.08224759735335],[4.855176193442536,47.08225856039476],[4.855356423544964,47.08232310146426],[4.855759169310562,47.0824637694995],[4.855895684917895,47.08251879924867],[4.856113647616534,47.08267981396233],[4.85623715490976,47.08279124736005],[4.856331972165549,47.08289496431749],[4.856448910017566,47.083033069618985],[4.856514734523518,47.083119889258164],[4.856556993853669,47.08317438794829],[4.856590925747018,47.08324740988733],[4.856600743015683,47.08327177451993],[4.856779255426534,47.083286278721566],[4.8568840943688745,47.08324678880016],[4.856991902465105,47.08320623343942],[4.857058339658851,47.08318064364952],[4.8572886509714275,47.08309212786402],[4.857371321484271,47.08306014419104],[4.857477520963083,47.08301654329266],[4.858037043859329,47.08280114963516],[4.858005749440966,47.08271786428637],[4.857967863665864,47.08266023387648],[4.857929977971719,47.08260260345305],[4.85784728525311,47.08250379905557]]],[[[4.863265492923424,47.08549523834374],[4.862963414027104,47.08528144163148],[4.862678157653768,47.085078612090534],[4.862408459277864,47.084892903058815],[4.862267819053103,47.08476233593932],[4.862099341891684,47.08460565949241],[4.862060701711405,47.08456949396049],[4.861796892756982,47.08433770586169],[4.861727741759112,47.08428466881301],[4.861630801691129,47.08420653031418],[4.861533861904026,47.08412839173192],[4.861490764477238,47.08409332444595],[4.8614415436582,47.084054267201424],[4.861343362086135,47.08398329894196],[4.860568928239055,47.08343276246667],[4.860501409270803,47.083383777988935],[4.860300346844998,47.08323579163995],[4.860242061830407,47.083193817874054],[4.860151517540703,47.08312783190749],[4.859873569680799,47.08335301512758],[4.85964854146245,47.083507858674785],[4.859387032345443,47.083645916771616],[4.8593120802018674,47.08368493720179],[4.859171020813918,47.08375872906514],[4.859094649480582,47.08379980744975],[4.859074041172155,47.08380933368317],[4.858855142627246,47.08392525371114],[4.8587739034282835,47.083955171131166],[4.858385472633777,47.08410037414704],[4.8583175459234,47.08412598863188],[4.857484905556979,47.08436008281777],[4.856658463528741,47.0845572833207],[4.856588681810359,47.08457271418116],[4.8560544166482495,47.08469675592251],[4.855813962694448,47.084751705849605],[4.855516630663471,47.084805524102265],[4.855211861810223,47.084860487588685],[4.8551748289487895,47.084871294369286],[4.8550800487839725,47.084899382191736],[4.8548756638217245,47.084958866420976],[4.854779394308495,47.08498697789213],[4.854580942423458,47.08504533073261],[4.854304414026382,47.08513867087851],[4.854111733160956,47.08519080648886],[4.853887966114305,47.085252635112376],[4.85353671487471,47.085348189493054],[4.853309850060241,47.08540700474069],[4.853283678564051,47.08542887575346],[4.8532842752758345,47.08544623801625],[4.853318394597206,47.0854814522352],[4.853543333994647,47.08571490005601],[4.853961450899395,47.086215003261536],[4.854290469151148,47.0862557081089],[4.854381917398057,47.08626139146953],[4.8544593844516,47.08625197151612],[4.854645637650615,47.086230593653255],[4.854847492700932,47.08622735458873],[4.855043351903036,47.08622421139921],[4.855228642754641,47.08621817559713],[4.855282438081234,47.086216285493556],[4.855421418149302,47.08621201034763],[4.855746427073143,47.08622314694233],[4.856250449916674,47.086263071649554],[4.856520666999933,47.08629041355744],[4.856555377050175,47.08629905078423],[4.857408456261907,47.08648356813203],[4.85748452530735,47.08656408975419],[4.858048764909435,47.08657137521184],[4.858057574030293,47.08652320661299],[4.858104426487914,47.086276203651856],[4.8581246137226115,47.0861675684765],[4.858684637088511,47.08618308664886],[4.858711206108375,47.08608558774761],[4.858731134986004,47.0860127179395],[4.8587336686752085,47.08599939389468],[4.858769384854134,47.08586394224837],[4.8588447824267735,47.085577656550754],[4.859361858494675,47.085649039524384],[4.859403969766336,47.08565551255967],[4.8595407668740584,47.085674772245426],[4.859629857232352,47.08569887888113],[4.859724437315553,47.08570859617924],[4.859771310887365,47.08572316957084],[4.859828766141638,47.08574063459302],[4.859930033636559,47.08577068690298],[4.860032825385824,47.08580173223328],[4.860102373772504,47.085823091070765],[4.860395361483347,47.08590318169796],[4.860945267686405,47.086058835292796],[4.861079709388822,47.08609652060609],[4.86116411416409,47.08620142802046],[4.861234465625782,47.086289189804155],[4.861307971932127,47.08638201594252],[4.861362697356795,47.08645061313354],[4.861433084886889,47.086539400860495],[4.861459597405283,47.08657064670418],[4.861347584250572,47.08674922212172],[4.8611177313622855,47.08702472227009],[4.860535252798743,47.08692271789165],[4.860522679322512,47.08694846924868],[4.860290390913043,47.08745697342919],[4.860416584084451,47.08877305074339],[4.860452468422886,47.08877247318704],[4.86089918747518,47.08875506095246],[4.861323617957675,47.08874209444829],[4.861564296968285,47.08761016463429],[4.86158436362786,47.087541380657214],[4.861625757747049,47.087483492210545],[4.861686999248798,47.08743754975166],[4.862021472489591,47.08728911671998],[4.8620138109234325,47.08728412494177],[4.862044614226999,47.08726625686057],[4.862303198916075,47.08708634600924],[4.862510914311006,47.086863315740814],[4.8627939419633766,47.08669832843199],[4.863150659657874,47.08654442728103],[4.863283487728794,47.086492214784634],[4.863447215629144,47.08633835264021],[4.863573888535865,47.08619428243878],[4.863606947592678,47.08611200523156],[4.863595037538471,47.08607030302099],[4.863528547496146,47.085921169953586],[4.863404939101288,47.08572085105982],[4.863265492923424,47.08549523834374]]],[[[4.852599043115652,47.084398649099455],[4.852668005795751,47.08435973813661],[4.852641502019197,47.08419770164286],[4.852570490166679,47.0839597407324],[4.852487801740999,47.08368620560929],[4.852475900819688,47.083644502218384],[4.852444799190635,47.08347946843097],[4.852407875281597,47.08336255490846],[4.852372826371939,47.08325685033413],[4.852315691833659,47.083248571269465],[4.852309483139089,47.08328544971907],[4.8522950317580955,47.08329999124816],[4.852213486225372,47.08340858201089],[4.852170299798986,47.083501239452396],[4.852012281185201,47.08377863202553],[4.8519018718927605,47.08396126090503],[4.851771342938086,47.084167707650124],[4.851730256348947,47.08423478231132],[4.851659464757409,47.0843513774154],[4.851590315371151,47.08447203470721],[4.851536720957395,47.0845668938475],[4.851476105419767,47.08463121932761],[4.851193152977181,47.08493002785337],[4.8511557172131345,47.08497252152286],[4.851043339432799,47.085097959304555],[4.8507052986271635,47.08531692245036],[4.85054576777093,47.085419610063674],[4.850401355002236,47.08552717060209],[4.850251975127019,47.08566443890235],[4.850214327800737,47.08570080280534],[4.850104376821873,47.0858098465579],[4.849967289106037,47.08595611242012],[4.84992689554969,47.08599967962844],[4.849846002642784,47.08608373577447],[4.849763607232544,47.08616781590254],[4.8497046650920845,47.086237219751936],[4.849606050935639,47.086371630447005],[4.849542969146686,47.08649526013097],[4.8494869864530195,47.086607528183904],[4.849428139143215,47.08672393057889],[4.849415195774692,47.08682631521402],[4.849361468536426,47.08691709575807],[4.849324695166851,47.08697898522817],[4.849263696558104,47.08711995318209],[4.84918738522591,47.0872938563869],[4.849170837605862,47.087334988517696],[4.849132403262745,47.087435736616996],[4.84909956638197,47.08752515616918],[4.849081774886893,47.08757346762957],[4.849019232216192,47.08775634513153],[4.8489074754309875,47.08803094828988],[4.848897207093111,47.08812409529948],[4.848886346838288,47.088243818274826],[4.848873286924107,47.0886047191965],[4.8488737072638575,47.08861697809061],[4.848886048108697,47.08888959611518],[4.8488483289714095,47.08905470456718],[4.848829019206918,47.08918989015502],[4.848815320375324,47.089313747012476],[4.8487887331477175,47.08954203169015],[4.848719659119153,47.089621809262724],[4.84868370731989,47.0896642782454],[4.848644882348865,47.089709864070734],[4.848635293760385,47.08973555726656],[4.848619585552293,47.089801207063246],[4.848607775627734,47.08984941372821],[4.848594616909055,47.089901739503446],[4.848586762760828,47.08993456439757],[4.848579153614079,47.08997453580927],[4.848556953039546,47.09006889116092],[4.848538966422501,47.09015501104872],[4.848492413882307,47.090368287331685],[4.848474391886111,47.09045338112618],[4.848470878255523,47.09048204805874],[4.848454116657769,47.09060390950735],[4.848443321878433,47.09068173728479],[4.848442414711996,47.090699123564626],[4.848437290792086,47.09081159519853],[4.848421687321749,47.09101109325891],[4.8484244180625184,47.09109074901135],[4.848455123594733,47.09120061243945],[4.848465676562415,47.09115957635281],[4.84882175020742,47.091202926372695],[4.849021564857789,47.091227314529824],[4.849622245729935,47.091292298092654],[4.849877456192633,47.09131784266964],[4.849944612788429,47.09105111212801],[4.849981401265552,47.09090236343963],[4.849998457134668,47.090832603356525],[4.850108024432609,47.090843115401675],[4.850122754399153,47.0907928085724],[4.850184495718182,47.09071723608771],[4.850284960730571,47.09072379610661],[4.850581930948503,47.09009166771854],[4.8505833631853,47.09008960051991],[4.850597291381839,47.09005974913817],[4.8504973831528755,47.09002557835356],[4.850503734102922,47.08999278638201],[4.850420448354208,47.08996346460523],[4.850629493036976,47.0896464261988],[4.850767406757457,47.089436801279405],[4.851085802041856,47.08894941725185],[4.850836321341316,47.08887268598917],[4.850657738721997,47.089161653082954],[4.850656831986103,47.08917903038874],[4.850714070661414,47.08932116786007],[4.850710681441564,47.0893968331024],[4.850702596543284,47.08942251141975],[4.850664893916216,47.08941392033976],[4.850677683052157,47.08939429951933],[4.850682719508879,47.08936662574017],[4.850680038822449,47.08933193407774],[4.850620912365199,47.08917858783113],[4.850621735501805,47.0891591585884],[4.850797165149176,47.08886514486881],[4.850841491988728,47.088718319301144],[4.850913359745227,47.0883278655172],[4.850928661170904,47.088207053534745],[4.850976452305699,47.08785580830184],[4.85099299725163,47.08772782592619],[4.8510025788815865,47.087658185269554],[4.851013825094454,47.08759363313559],[4.851041769154084,47.087405175687316],[4.851066743682216,47.08721779241066],[4.851135226304133,47.08703379187862],[4.85134728378897,47.086979306791505],[4.851353312586148,47.086893377810576],[4.851590694949655,47.08674857466398],[4.851671275973694,47.08669925690906],[4.852056022070193,47.08635896667645],[4.852067601597065,47.08634754213588],[4.852108169279663,47.086309086556945],[4.852284926830142,47.08614174865678],[4.852311583817882,47.086090232645226],[4.852455352729292,47.08583350207948],[4.852458203655461,47.085829367840844],[4.85257590203316,47.08572836569069],[4.852636951841857,47.08567629834025],[4.852722776270233,47.08560544438043],[4.852755029207039,47.08554259954267],[4.852877770050031,47.08532707288956],[4.852987512322115,47.085125046750306],[4.852945270399079,47.08502763479168],[4.852783479172354,47.08467259740995],[4.852695795108037,47.084471691792494],[4.85265996404634,47.084430372007084],[4.852599043115652,47.084398649099455]]],[[[4.8664847671154465,47.086574415778145],[4.866230093050147,47.08643445564266],[4.865992342752142,47.08635144362234],[4.865987791658239,47.0863494728125],[4.865484248697804,47.08619411230766],[4.865373911008198,47.086161158270706],[4.864992991997763,47.086047755175336],[4.863903994825292,47.085703600648976],[4.863764683553585,47.08565475807821],[4.863442822846774,47.08556185809584],[4.863396548391535,47.08556464840182],[4.863383729334214,47.08558324458368],[4.863379425663703,47.08558842916916],[4.863403710706509,47.08564218857821],[4.863559631957278,47.085911474028336],[4.863660890549667,47.08607128552675],[4.863633849374045,47.08615448336091],[4.8636001196792,47.08621735522819],[4.863533957380438,47.08629403330116],[4.863528186567824,47.08630025918148],[4.863486442362336,47.08634793262449],[4.863374922074999,47.08645395276707],[4.863329741018153,47.08648840724182],[4.863287467147314,47.08652076154735],[4.863013493558603,47.08664472759621],[4.862864783418719,47.086713540965405],[4.862732470097622,47.086781063252396],[4.862612558476078,47.086860651211104],[4.862319729785247,47.087132062433916],[4.862234994755622,47.087190649426276],[4.862088921737315,47.0872931363453],[4.8620567704421465,47.087315114710556],[4.861704679279507,47.08747302635248],[4.861648094750477,47.08752400901356],[4.861627040951011,47.08756419801475],[4.861375058904692,47.08875863795379],[4.86165057700201,47.088722528144544],[4.861826090190447,47.088693134686416],[4.861984872729147,47.08878560444744],[4.862643043999059,47.08895586056096],[4.862688524573637,47.08897351717192],[4.863097714256504,47.088778912065465],[4.863137691038116,47.088767028686306],[4.863172481532537,47.0887347951129],[4.863200540769507,47.08872412144147],[4.86328189044485,47.0886972611704],[4.863502740174066,47.088637505805444],[4.863622788829572,47.08860491520175],[4.863901456812593,47.08852991691428],[4.864329486238792,47.08840449097918],[4.864936267800517,47.08821384254394],[4.865258717355234,47.08810748834111],[4.86539671226925,47.08807460625475],[4.865596435071502,47.08805298441427],[4.865720674062142,47.08805506771112],[4.8657521480276325,47.08805660396867],[4.865783516105843,47.088055080009255],[4.865811773387108,47.08805053533164],[4.865892232427618,47.088041059436634],[4.86639603712529,47.08794403103139],[4.86689010610707,47.08786861808955],[4.866885948745754,47.08740274220874],[4.866869956731058,47.08724360057829],[4.866787852846515,47.08685971011857],[4.866561609960264,47.08663346770028],[4.8664847671154465,47.086574415778145]]]]}},{"type":"Feature","id":"inao-denom-1018","properties":{"id":"inao-denom-1018","name":"Creux de la Net","tier":"premier_cru","kind":"vineyard","appellationId":213,"denominationId":1018,"sourceName":"Pernand-Vergelesses premier cru Creux de la Net","communes":["21480"],"areaHa":3.81},"geometry":{"type":"MultiPolygon","coordinates":[[[[4.84712124755571,47.06995136009977],[4.847060261137623,47.069873652644624],[4.846945319044882,47.069748789487576],[4.846879226586191,47.069696712573055],[4.846616339457256,47.06953129275752],[4.845342833798486,47.069813215721986],[4.844228161689637,47.07006091665946],[4.844019294173406,47.07007548909998],[4.843964200378155,47.07008250114105],[4.8440308611348755,47.070238792850354],[4.844092401648708,47.07037677672273],[4.8441118805158885,47.07042142199631],[4.844136339817665,47.07056817474057],[4.844155049571843,47.07067822220521],[4.844193915070674,47.070896267770884],[4.844183943266201,47.07095466636295],[4.844184082978399,47.07095875269165],[4.8444506330904336,47.070968808286885],[4.8444716711437925,47.0709715343923],[4.844677320303408,47.070993800595566],[4.845021156069208,47.07103326725454],[4.845082755699415,47.07104147843903],[4.845296853288335,47.07109221955958],[4.845516477722599,47.07112957969685],[4.84566192487453,47.071140539963125],[4.845877699884545,47.0711963594259],[4.845894315685661,47.07120120019694],[4.846040042814328,47.07122033263967],[4.846210134020643,47.07120842043624],[4.846453829298596,47.071162632385146],[4.846666248519377,47.07112040556146],[4.846691486399756,47.071114896030494],[4.847269922905424,47.07097383479262],[4.84749874697106,47.070930326520674],[4.847679806161282,47.07088962583877],[4.847694513751243,47.07088224018198],[4.847697488580395,47.070838254071894],[4.847486854183213,47.07058310590621],[4.847452328522802,47.070535639809485],[4.847393771915283,47.07044154843299],[4.84733817112846,47.07034639213393],[4.847320645797867,47.07031499045138],[4.847248414364664,47.07017105523526],[4.84721023387475,47.070104222316196],[4.84712124755571,47.06995136009977]]],[[[4.84450248754077,47.0713041519502],[4.844709521636108,47.07127938658879],[4.844840610195883,47.07126401048675],[4.845253944607618,47.071236976962126],[4.845455219989322,47.07121843505413],[4.845634479067337,47.07121250111722],[4.8458728721125235,47.07123015365869],[4.845783602045468,47.0711999068113],[4.845503830852109,47.071153286397376],[4.845255418635965,47.07110513790622],[4.845074587809228,47.071065113572736],[4.8449258361634655,47.071045010576526],[4.844894302833691,47.07104142547633],[4.844682707515858,47.071020281222204],[4.844479978874005,47.07099592412978],[4.844380878323742,47.070984222639616],[4.844180267313555,47.07097822973819],[4.8441301195312825,47.071348918497876],[4.84450248754077,47.0713041519502]]]]}},{"type":"Feature","id":"inao-denom-1019","properties":{"id":"inao-denom-1019","name":"En Caradeux","tier":"premier_cru","kind":"vineyard","appellationId":213,"denominationId":1019,"sourceName":"Pernand-Vergelesses premier cru En Caradeux","communes":["21480"],"areaHa":14.5},"geometry":{"type":"Polygon","coordinates":[[[4.849830241242881,47.076946122917704],[4.849796182312629,47.07686901252143],[4.849791212462484,47.07685479112744],[4.849703079648301,47.07659666847116],[4.849667935174115,47.076487893592954],[4.8496342579398695,47.07637807758221],[4.849618845003414,47.07632111148115],[4.8495505144500415,47.0761168226236],[4.849518816623905,47.07602127583972],[4.849401958111122,47.0756665409215],[4.849196815162082,47.07509251749433],[4.849175929699189,47.07500701898101],[4.849084493494426,47.074695815386725],[4.848925690863993,47.07420789126012],[4.848862040272689,47.074096519273795],[4.848786055175588,47.073974096545555],[4.848754691777014,47.07393168644536],[4.848696409026075,47.073845759476406],[4.848645946919843,47.073769937773754],[4.848590988904693,47.07365024045349],[4.848532809061131,47.07352345317247],[4.84849238762744,47.0734351960999],[4.848467584758657,47.07336611434269],[4.848400904234813,47.07316588689335],[4.84833929849208,47.07298295010843],[4.848295744506367,47.07284672499274],[4.848229122099445,47.07264854077989],[4.848157913211232,47.07240342943483],[4.848123840718515,47.07223844167334],[4.848115582657291,47.072128227615075],[4.848122770273924,47.071814419106616],[4.8481610475449575,47.071185402057225],[4.848134200260357,47.07114393718864],[4.848120609925695,47.07114007499182],[4.848107040958866,47.07113722108394],[4.8480995364657415,47.07113632346949],[4.848096405963983,47.071132284974226],[4.848077251579254,47.071096829900675],[4.847850353375622,47.070934925776484],[4.847765994637488,47.07091685859102],[4.847682497484263,47.070924326582514],[4.8474151252230255,47.07097764628486],[4.847208827757917,47.071023856200505],[4.846747699840832,47.071140564294076],[4.846521864774574,47.07118402328823],[4.846214242835937,47.0712410452622],[4.8460948721312525,47.07124908524636],[4.845993081599839,47.071246622859825],[4.8458728721125235,47.07123015365869],[4.845634479067337,47.07121250111722],[4.845455219989322,47.07121843505413],[4.845253944607618,47.071236976962126],[4.844840610195883,47.07126401048675],[4.844709521636108,47.07127938658879],[4.84450248754077,47.0713041519502],[4.8441301195312825,47.071348918497876],[4.8441033947979415,47.0715731169813],[4.8441419785488655,47.07160826259477],[4.844369880789886,47.07184372482185],[4.8445021707746365,47.07199488013608],[4.844611248998658,47.072166848621336],[4.844658468966371,47.07223557329605],[4.844735756335624,47.07230893315774],[4.844816034479798,47.0723822452224],[4.84607285258677,47.07196060329181],[4.846094481268885,47.07215541891702],[4.845854876033354,47.07218990175123],[4.846108429860358,47.07313101069399],[4.8461426027085155,47.07334299770627],[4.8461481439165786,47.07337356435568],[4.8461774181063895,47.07357336393361],[4.8461774532279245,47.07357439001461],[4.846200436798055,47.07363430652794],[4.84622175700043,47.073689143417525],[4.846274103357819,47.073820113528825],[4.84632988221724,47.07396432108489],[4.846354752565857,47.074035446447446],[4.846391670146748,47.07415236207003],[4.846430901052746,47.07424982457534],[4.846475136279953,47.074362543694484],[4.846498260412991,47.07442654645336],[4.8465831038488885,47.07467654689456],[4.846619519823537,47.07477916950828],[4.846650337506357,47.074849182127096],[4.846698751371643,47.07495263062506],[4.846870249691416,47.07533101716303],[4.846927253798058,47.07546702771385],[4.846949064922562,47.07553615755024],[4.846984324749894,47.07573586117732],[4.8469923014851455,47.075837911543196],[4.847032475112428,47.07626846789548],[4.84704739775693,47.07635507965102],[4.8470846682920845,47.076482210752324],[4.847124846649817,47.0766072510849],[4.847153199897749,47.07669263051731],[4.8472054835285405,47.076865495324675],[4.847205973067747,47.07687978843249],[4.847207547116853,47.076925745994046],[4.847230146020883,47.07710521808969],[4.847247741021385,47.07726945158981],[4.847266492466953,47.07733658597155],[4.847283914920397,47.07736491834902],[4.847302791079128,47.077392200845686],[4.847324671582531,47.0774194443208],[4.847334063702191,47.07743155084209],[4.847419217458092,47.077516022229084],[4.847609114499834,47.07755795151662],[4.847905118652006,47.077597148257944],[4.848371536278161,47.07763362780132],[4.848754352012803,47.07763057536526],[4.848844283039946,47.07763628715136],[4.849138239569069,47.077659168298446],[4.849305941711113,47.07766466196253],[4.849659790518724,47.077645715832695],[4.849959138122461,47.077608224926266],[4.850033532894456,47.07759682163126],[4.849986520328785,47.077403430829676],[4.849966578690475,47.077345510637876],[4.849869549329155,47.07735114337476],[4.849672513502072,47.07736247426379],[4.849605344701135,47.07736662021772],[4.849582737476407,47.07718713960207],[4.849911364692794,47.07717472913936],[4.849902598184925,47.07713706382717],[4.849897418040565,47.07711671296941],[4.8498577102528095,47.077005975930255],[4.849830241242881,47.076946122917704]]]}},{"type":"Feature","id":"inao-denom-1020","properties":{"id":"inao-denom-1020","name":"Ile des Vergelesses","tier":"premier_cru","kind":"vineyard","appellationId":213,"denominationId":1020,"sourceName":"Pernand-Vergelesses premier cru Ile des Vergelesses","communes":["21480"],"areaHa":9.38},"geometry":{"type":"Polygon","coordinates":[[[4.847530563260718,47.06902111589694],[4.847262801218414,47.068495081160336],[4.847202325904206,47.06838876364464],[4.846829289887426,47.06753948688761],[4.846761310521447,47.067388323852335],[4.8467176748122816,47.067292966977995],[4.846677820889314,47.067221063406194],[4.846623608164109,47.06712281361893],[4.846572574083234,47.06702962821794],[4.846467244605767,47.06683614096518],[4.846349653841494,47.066633663780706],[4.846262213506692,47.066525732375105],[4.846184198277182,47.066430924642695],[4.846112688356413,47.06635134954889],[4.846022713053353,47.06625674181058],[4.845547967107207,47.065755470363555],[4.8453491143330085,47.06553793588744],[4.845059047200809,47.06523296288879],[4.844900930144685,47.065026025211246],[4.8445745416703225,47.0645336199124],[4.8439626804505655,47.06378214757226],[4.843908256365754,47.06380856521165],[4.843865966383677,47.063883833981045],[4.843846129540502,47.06400370064174],[4.843829295889319,47.06412351936585],[4.843823537359976,47.06417367370274],[4.843766006170139,47.06437179763669],[4.843702238426012,47.064474993380614],[4.843635480612353,47.064578245799595],[4.843602753976593,47.064626786153106],[4.843554959141362,47.06467251401018],[4.843405585543192,47.064764809772],[4.843316024221982,47.06481323916862],[4.843209884189972,47.06485785341488],[4.843177843135814,47.0648828869529],[4.843126407400912,47.06490924751208],[4.843151467141868,47.064942573911864],[4.84314504363134,47.06501726118529],[4.843166810934303,47.06508537489933],[4.843163389857262,47.06520396184796],[4.843205201343178,47.06546487295401],[4.843219174018735,47.065479977665],[4.84322567782745,47.065495201525614],[4.843208168458492,47.065507737540784],[4.8431994061510455,47.06555794873572],[4.8432157994753124,47.06564351105393],[4.84331805385357,47.065878944463506],[4.8433786799218534,47.065990367733676],[4.843410243939531,47.066038908913065],[4.84339098883545,47.06604433132449],[4.843471720459926,47.06621878850933],[4.843540842618774,47.066315775169],[4.8436423203489545,47.06644086546488],[4.843715210683694,47.06651735808113],[4.843830221426705,47.06664426754633],[4.843957830729037,47.06679039201722],[4.844029770296251,47.06688222722604],[4.8442146841001446,47.06708567637484],[4.844394304581728,47.067221775443464],[4.844581778903158,47.06736897890353],[4.844774641465737,47.06754267170676],[4.844861172681446,47.06762406104022],[4.844958547525363,47.06771650720962],[4.845032048483884,47.06781036116299],[4.845111180894324,47.06789390373458],[4.845195443076572,47.06799678051012],[4.845310845256461,47.06817885989205],[4.845352815717816,47.06826912862798],[4.845395414806118,47.068333847294326],[4.845516925714941,47.06851991747318],[4.845644941537952,47.06867727268468],[4.845746518934796,47.06876147395433],[4.845917260840637,47.06889975683467],[4.84599860349236,47.068916846863125],[4.846172220235956,47.069095960078805],[4.846416280119763,47.069279044611875],[4.846412522144392,47.069300565117985],[4.846435642585284,47.069320629475264],[4.8465645920474305,47.06946161452506],[4.846738733512598,47.069568169041524],[4.846930944577373,47.06967851404042],[4.84698960274546,47.069731736402275],[4.847079712294436,47.06983042981244],[4.847142270149829,47.06991014741391],[4.847183021037059,47.069964673575726],[4.847340549401751,47.070241105128865],[4.847435714486217,47.07040000123768],[4.8476324234153365,47.07068500974034],[4.847769653619492,47.070849365810155],[4.84780811242858,47.0708804236733],[4.847914768967062,47.07093798422471],[4.848080190952101,47.071051817702674],[4.848128270760573,47.07105820822252],[4.8481819331876075,47.07105326138132],[4.848214059008495,47.070768691453154],[4.848181941414691,47.0704422281209],[4.848083783740537,47.07015258242223],[4.847936394217979,47.069822856344054],[4.8478976537774425,47.06973969634204],[4.847530563260718,47.06902111589694]]]}},{"type":"Feature","id":"inao-denom-1021","properties":{"id":"inao-denom-1021","name":"Les Fichots","tier":"premier_cru","kind":"vineyard","appellationId":213,"denominationId":1021,"sourceName":"Pernand-Vergelesses premier cru Les Fichots","communes":["21480"],"areaHa":10.93},"geometry":{"type":"Polygon","coordinates":[[[4.851958310958252,47.068093967200575],[4.852068799004593,47.0679583450561],[4.852045396453008,47.06793010916959],[4.851495735617673,47.067775429347414],[4.851100260793451,47.067668348402506],[4.850872147887173,47.06760149733031],[4.850494568935354,47.06749310103244],[4.850464018254873,47.067518112728195],[4.850375444253844,47.06763908138178],[4.850362730250801,47.06766074547944],[4.850292447725518,47.06779163355285],[4.849976977494057,47.06779362298371],[4.849601994207703,47.06780473235883],[4.849110638397928,47.0678238357679],[4.848851238891953,47.06784740291461],[4.848755995473857,47.06786119257204],[4.848087945052665,47.06796077439482],[4.847988467182468,47.067981781630046],[4.847641062165224,47.068055798311526],[4.847547599428857,47.06807772661484],[4.847405235859458,47.06811270239784],[4.847307468797391,47.06813980552759],[4.847443150690744,47.068390019633696],[4.847552617789287,47.0686171479939],[4.8476235912826455,47.06876826268384],[4.847654126895839,47.068830102524736],[4.847736413396601,47.069005558631794],[4.847768473024728,47.06906840071532],[4.847901553816364,47.06932989492142],[4.847895607873869,47.06933100764933],[4.8479020086283695,47.069343170982116],[4.847951838568716,47.06944455218167],[4.848069037415582,47.06967870687324],[4.8481908214941605,47.069915859030594],[4.848217194539578,47.06998696907136],[4.848302407723772,47.07020426322386],[4.848344019028891,47.07037117472886],[4.848392381366003,47.07056045631966],[4.848380473897701,47.070780330558065],[4.8483788133964865,47.070819189469674],[4.848386282996825,47.070819069985475],[4.848377034817023,47.07098576835078],[4.848368537469613,47.07121784468919],[4.848360788299008,47.071340589512886],[4.848355106238313,47.07143672560724],[4.848344216484348,47.071730159604385],[4.848336800955115,47.07194996189219],[4.848647330636044,47.0721084829122],[4.848807775418923,47.072208094047504],[4.8488474795177074,47.07223198117031],[4.848958018587493,47.07231501867978],[4.849071500517866,47.07239699135855],[4.849123643957307,47.072434980302404],[4.849355746149193,47.07253038209504],[4.849489287564985,47.07258648432842],[4.849600288418693,47.072639885279344],[4.8496093302067225,47.07264178483697],[4.849618301931289,47.072641641234014],[4.8496287274781364,47.07264045672219],[4.849637629137605,47.07263826995784],[4.849644958856827,47.07263406407263],[4.849650764996665,47.07262886493623],[4.849655068952651,47.072623680838646],[4.849761697782107,47.07237470602292],[4.849870864790738,47.07215633665557],[4.849884959523353,47.072087650090104],[4.8498369273584565,47.071995435705496],[4.849745797462435,47.071911061681135],[4.849689809903945,47.07184861216779],[4.849679787639192,47.07181811737089],[4.849714535937518,47.07174092308884],[4.849745037159585,47.07167095626847],[4.849811095862774,47.07159121645883],[4.850001048736318,47.07137360689953],[4.8503026673814835,47.07105405713589],[4.850377731150059,47.07097519940926],[4.8505268769917675,47.070788888555356],[4.850837775044891,47.07039154186559],[4.851094498493531,47.06994091107546],[4.8511608499942085,47.06982642186401],[4.851196050825574,47.06976251213038],[4.851319107192617,47.06951326323904],[4.851360922351386,47.06942471605196],[4.851607247256887,47.06897629472386],[4.851638199880229,47.068919594384745],[4.851657905521912,47.06888351712103],[4.851722817454309,47.068727165238926],[4.851770899985045,47.06860275593316],[4.851878400732267,47.068249542012175],[4.851958310958252,47.068093967200575]]]}},{"type":"Feature","id":"inao-denom-1022","properties":{"id":"inao-denom-1022","name":"Vergelesses","tier":"premier_cru","kind":"vineyard","appellationId":213,"denominationId":1022,"sourceName":"Pernand-Vergelesses premier cru Vergelesses","communes":["21480"],"areaHa":17.57},"geometry":{"type":"Polygon","coordinates":[[[4.850672552837973,47.0661864371952],[4.850672467415399,47.06596573666295],[4.850671812958508,47.065772629591926],[4.850670411366949,47.06573177531119],[4.850671387490615,47.065716432027806],[4.850223739485783,47.06574506183228],[4.8501794069149,47.06541164345077],[4.850167437246155,47.06532395780909],[4.850046267917723,47.065061257466965],[4.85000766747328,47.06498217536586],[4.849894755970012,47.064785750443534],[4.849747076394589,47.06453471331026],[4.8496911932203925,47.06438744668866],[4.849497486785907,47.06410240221112],[4.849488096192458,47.06409028680947],[4.849445264018365,47.06401843176693],[4.849398062980247,47.063906787540944],[4.848967304780574,47.063991337749584],[4.848901652350679,47.06386466096617],[4.848837256930049,47.06373081352801],[4.848774700382009,47.06360715806383],[4.848699169058828,47.063454081519424],[4.848636017868001,47.06331305454892],[4.848606706119425,47.06324302715687],[4.848588902614717,47.063203461922576],[4.84854070539203,47.063106134300156],[4.848490810189971,47.06300270996722],[4.848092881103016,47.063128626163596],[4.84795410257452,47.06318091748698],[4.847648750826707,47.063259368386355],[4.84732021001118,47.06331571109218],[4.846988831523176,47.06337618678814],[4.846767157941513,47.06340935894291],[4.846600326446749,47.0634283797971],[4.846462591443286,47.063423430616915],[4.846274023708219,47.06337534595155],[4.846185241449873,47.06331546310641],[4.846096912225041,47.063224908669255],[4.846090198433128,47.06320356445331],[4.845985710519007,47.063121445267576],[4.845895999230523,47.06307791332555],[4.8457995405640775,47.06305595861543],[4.845717242191331,47.063054202456996],[4.845260517388766,47.0631228084334],[4.845097130370939,47.063155055463284],[4.844933672975571,47.06318525009169],[4.844826664257134,47.063204330731644],[4.84458508571163,47.06322351553602],[4.844134360607578,47.063205161642074],[4.843972915461955,47.063206720809205],[4.843737547794849,47.063232955202345],[4.844048014951456,47.06365408501543],[4.844143403752769,47.063776201178],[4.844307075637576,47.06397079450536],[4.84452712823806,47.06424009901734],[4.844791511302497,47.06458124488131],[4.844943227394784,47.0647760282255],[4.84508534548695,47.06495257509842],[4.845104006849741,47.06497373756734],[4.8452115004831375,47.06509973912323],[4.845370059656539,47.06527602308422],[4.8456033276266215,47.065537964034654],[4.845736548332041,47.06567275793897],[4.845874423045435,47.065812583549274],[4.8460049693787735,47.065956614652876],[4.8463191783792015,47.066311262014],[4.84665808286688,47.06668800097464],[4.8467707084932785,47.06692019483125],[4.846798076790386,47.066976970317334],[4.846992127890551,47.06744696258324],[4.847001924776182,47.06747132837426],[4.847025129712902,47.06753737413381],[4.847057222466299,47.06760123352843],[4.847120758884611,47.067753485060294],[4.847212419584029,47.06794105739396],[4.847307468797391,47.06813980552759],[4.847405235859458,47.06811270239784],[4.847547599428857,47.06807772661484],[4.847641062165224,47.068055798311526],[4.847988467182468,47.067981781630046],[4.848087945052665,47.06796077439482],[4.848755995473857,47.06786119257204],[4.848851238891953,47.06784740291461],[4.849110638397928,47.0678238357679],[4.849601994207703,47.06780473235883],[4.849976977494057,47.06779362298371],[4.850292447725518,47.06779163355285],[4.850362730250801,47.06766074547944],[4.850375444253844,47.06763908138178],[4.850464018254873,47.067518112728195],[4.850494568935354,47.06749310103244],[4.850429667002505,47.06747575087812],[4.850450896371369,47.06744066704455],[4.850608020192611,47.06748719544367],[4.850748822565308,47.066840188665225],[4.850683028465787,47.06684022487983],[4.850678765073076,47.06654192645007],[4.85067751587316,47.06641830766264],[4.850672552837973,47.0661864371952]]]}},{"type":"Feature","id":"inao-denom-1023","properties":{"id":"inao-denom-1023","name":"Pernand-Vergelesses Premier Cru","tier":"premier_cru","kind":"appellation","appellationId":213,"denominationId":1023,"sourceName":"Pernand-Vergelesses premier cru","communes":["21480"],"areaHa":68.3},"geometry":{"type":"MultiPolygon","coordinates":[[[[4.847936394217979,47.069822856344054],[4.8478976537774425,47.06973969634204],[4.847530563260718,47.06902111589694],[4.847262801218414,47.068495081160336],[4.847202325904206,47.06838876364464],[4.846829289887426,47.06753948688761],[4.846761310521447,47.067388323852335],[4.8467176748122816,47.067292966977995],[4.846677820889314,47.067221063406194],[4.846623608164109,47.06712281361893],[4.846572574083234,47.06702962821794],[4.846467244605767,47.06683614096518],[4.846349653841494,47.066633663780706],[4.846262213506692,47.066525732375105],[4.846184198277182,47.066430924642695],[4.846112688356413,47.06635134954889],[4.846022713053353,47.06625674181058],[4.845547967107207,47.065755470363555],[4.8453491143330085,47.06553793588744],[4.845059047200809,47.06523296288879],[4.844900930144685,47.065026025211246],[4.8445745416703225,47.0645336199124],[4.8439626804505655,47.06378214757226],[4.843908256365754,47.06380856521165],[4.843865966383677,47.063883833981045],[4.843846129540502,47.06400370064174],[4.843829295889319,47.06412351936585],[4.843823537359976,47.06417367370274],[4.843766006170139,47.06437179763669],[4.843702238426012,47.064474993380614],[4.843635480612353,47.064578245799595],[4.843602753976593,47.064626786153106],[4.843554959141362,47.06467251401018],[4.843405585543192,47.064764809772],[4.843316024221982,47.06481323916862],[4.843209884189972,47.06485785341488],[4.843177843135814,47.0648828869529],[4.843126407400912,47.06490924751208],[4.843151467141868,47.064942573911864],[4.84314504363134,47.06501726118529],[4.843166810934303,47.06508537489933],[4.843163389857262,47.06520396184796],[4.843205201343178,47.06546487295401],[4.843219174018735,47.065479977665],[4.84322567782745,47.065495201525614],[4.843208168458492,47.065507737540784],[4.8431994061510455,47.06555794873572],[4.8432157994753124,47.06564351105393],[4.84331805385357,47.065878944463506],[4.8433786799218534,47.065990367733676],[4.843410243939531,47.066038908913065],[4.84339098883545,47.06604433132449],[4.843471720459926,47.06621878850933],[4.843540842618774,47.066315775169],[4.8436423203489545,47.06644086546488],[4.843715210683694,47.06651735808113],[4.843830221426705,47.06664426754633],[4.843957830729037,47.06679039201722],[4.844029770296251,47.06688222722604],[4.8442146841001446,47.06708567637484],[4.844394304581728,47.067221775443464],[4.844581778903158,47.06736897890353],[4.844774641465737,47.06754267170676],[4.844861172681446,47.06762406104022],[4.844958547525363,47.06771650720962],[4.845032048483884,47.06781036116299],[4.845111180894324,47.06789390373458],[4.845195443076572,47.06799678051012],[4.845310845256461,47.06817885989205],[4.845352815717816,47.06826912862798],[4.845395414806118,47.068333847294326],[4.845516925714941,47.06851991747318],[4.845644941537952,47.06867727268468],[4.845746518934796,47.06876147395433],[4.845917260840637,47.06889975683467],[4.84599860349236,47.068916846863125],[4.846172220235956,47.069095960078805],[4.846416280119763,47.069279044611875],[4.846412522144392,47.069300565117985],[4.846435642585284,47.069320629475264],[4.8465645920474305,47.06946161452506],[4.846738733512598,47.069568169041524],[4.846930944577373,47.06967851404042],[4.84698960274546,47.069731736402275],[4.847079712294436,47.06983042981244],[4.847142270149829,47.06991014741391],[4.847183021037059,47.069964673575726],[4.847340549401751,47.070241105128865],[4.847435714486217,47.07040000123768],[4.8476324234153365,47.07068500974034],[4.847769653619492,47.070849365810155],[4.84780811242858,47.0708804236733],[4.847914768967062,47.07093798422471],[4.848080190952101,47.071051817702674],[4.848128270760573,47.07105820822252],[4.8481819331876075,47.07105326138132],[4.848214059008495,47.070768691453154],[4.848181941414691,47.0704422281209],[4.848083783740537,47.07015258242223],[4.847936394217979,47.069822856344054]]],[[[4.851100260793451,47.067668348402506],[4.850872147887173,47.06760149733031],[4.850494568935354,47.06749310103244],[4.850429667002505,47.06747575087812],[4.850450896371369,47.06744066704455],[4.850608020192611,47.06748719544367],[4.850748822565308,47.066840188665225],[4.850683028465787,47.06684022487983],[4.850678765073076,47.06654192645007],[4.85067751587316,47.06641830766264],[4.850672552837973,47.0661864371952],[4.850672467415399,47.06596573666295],[4.850671812958508,47.065772629591926],[4.850670411366949,47.06573177531119],[4.850671387490615,47.065716432027806],[4.850223739485783,47.06574506183228],[4.8501794069149,47.06541164345077],[4.850167437246155,47.06532395780909],[4.850046267917723,47.065061257466965],[4.85000766747328,47.06498217536586],[4.849894755970012,47.064785750443534],[4.849747076394589,47.06453471331026],[4.8496911932203925,47.06438744668866],[4.849497486785907,47.06410240221112],[4.849488096192458,47.06409028680947],[4.849445264018365,47.06401843176693],[4.849398062980247,47.063906787540944],[4.848967304780574,47.063991337749584],[4.848901652350679,47.06386466096617],[4.848837256930049,47.06373081352801],[4.848774700382009,47.06360715806383],[4.848699169058828,47.063454081519424],[4.848636017868001,47.06331305454892],[4.848606706119425,47.06324302715687],[4.848588902614717,47.063203461922576],[4.84854070539203,47.063106134300156],[4.848490810189971,47.06300270996722],[4.848092881103016,47.063128626163596],[4.84795410257452,47.06318091748698],[4.847648750826707,47.063259368386355],[4.84732021001118,47.06331571109218],[4.846988831523176,47.06337618678814],[4.846767157941513,47.06340935894291],[4.846600326446749,47.0634283797971],[4.846462591443286,47.063423430616915],[4.846274023708219,47.06337534595155],[4.846185241449873,47.06331546310641],[4.846096912225041,47.063224908669255],[4.846090198433128,47.06320356445331],[4.845985710519007,47.063121445267576],[4.845895999230523,47.06307791332555],[4.8457995405640775,47.06305595861543],[4.845717242191331,47.063054202456996],[4.845260517388766,47.0631228084334],[4.845097130370939,47.063155055463284],[4.844933672975571,47.06318525009169],[4.844826664257134,47.063204330731644],[4.84458508571163,47.06322351553602],[4.844134360607578,47.063205161642074],[4.843972915461955,47.063206720809205],[4.843737547794849,47.063232955202345],[4.844048014951456,47.06365408501543],[4.844143403752769,47.063776201178],[4.844307075637576,47.06397079450536],[4.84452712823806,47.06424009901734],[4.844791511302497,47.06458124488131],[4.844943227394784,47.0647760282255],[4.84508534548695,47.06495257509842],[4.845104006849741,47.06497373756734],[4.8452115004831375,47.06509973912323],[4.845370059656539,47.06527602308422],[4.8456033276266215,47.065537964034654],[4.845736548332041,47.06567275793897],[4.845874423045435,47.065812583549274],[4.8460049693787735,47.065956614652876],[4.8463191783792015,47.066311262014],[4.84665808286688,47.06668800097464],[4.8467707084932785,47.06692019483125],[4.846798076790386,47.066976970317334],[4.846992127890551,47.06744696258324],[4.847001924776182,47.06747132837426],[4.847025129712902,47.06753737413381],[4.847057222466299,47.06760123352843],[4.847120758884611,47.067753485060294],[4.847212419584029,47.06794105739396],[4.847307468797391,47.06813980552759],[4.847443150690744,47.068390019633696],[4.847552617789287,47.0686171479939],[4.8476235912826455,47.06876826268384],[4.847654126895839,47.068830102524736],[4.847736413396601,47.069005558631794],[4.847768473024728,47.06906840071532],[4.847901553816364,47.06932989492142],[4.847895607873869,47.06933100764933],[4.8479020086283695,47.069343170982116],[4.847951838568716,47.06944455218167],[4.848069037415582,47.06967870687324],[4.8481908214941605,47.069915859030594],[4.848217194539578,47.06998696907136],[4.848302407723772,47.07020426322386],[4.848344019028891,47.07037117472886],[4.848392381366003,47.07056045631966],[4.848380473897701,47.070780330558065],[4.8483788133964865,47.070819189469674],[4.848386282996825,47.070819069985475],[4.848377034817023,47.07098576835078],[4.848368537469613,47.07121784468919],[4.848360788299008,47.071340589512886],[4.848355106238313,47.07143672560724],[4.848344216484348,47.071730159604385],[4.848336800955115,47.07194996189219],[4.848647330636044,47.0721084829122],[4.848807775418923,47.072208094047504],[4.8488474795177074,47.07223198117031],[4.848958018587493,47.07231501867978],[4.849071500517866,47.07239699135855],[4.849123643957307,47.072434980302404],[4.849355746149193,47.07253038209504],[4.849489287564985,47.07258648432842],[4.849600288418693,47.072639885279344],[4.8496093302067225,47.07264178483697],[4.849618301931289,47.072641641234014],[4.8496287274781364,47.07264045672219],[4.849637629137605,47.07263826995784],[4.849644958856827,47.07263406407263],[4.849650764996665,47.07262886493623],[4.849655068952651,47.072623680838646],[4.849761697782107,47.07237470602292],[4.849870864790738,47.07215633665557],[4.849884959523353,47.072087650090104],[4.8498369273584565,47.071995435705496],[4.849745797462435,47.071911061681135],[4.849689809903945,47.07184861216779],[4.849679787639192,47.07181811737089],[4.849714535937518,47.07174092308884],[4.849745037159585,47.07167095626847],[4.849811095862774,47.07159121645883],[4.850001048736318,47.07137360689953],[4.8503026673814835,47.07105405713589],[4.850377731150059,47.07097519940926],[4.8505268769917675,47.070788888555356],[4.850837775044891,47.07039154186559],[4.851094498493531,47.06994091107546],[4.8511608499942085,47.06982642186401],[4.851196050825574,47.06976251213038],[4.851319107192617,47.06951326323904],[4.851360922351386,47.06942471605196],[4.851607247256887,47.06897629472386],[4.851638199880229,47.068919594384745],[4.851657905521912,47.06888351712103],[4.851722817454309,47.068727165238926],[4.851770899985045,47.06860275593316],[4.851878400732267,47.068249542012175],[4.851958310958252,47.068093967200575],[4.852068799004593,47.0679583450561],[4.852045396453008,47.06793010916959],[4.851495735617673,47.067775429347414],[4.851100260793451,47.067668348402506]]],[[[4.847393771915283,47.07044154843299],[4.84733817112846,47.07034639213393],[4.847320645797867,47.07031499045138],[4.847248414364664,47.07017105523526],[4.84721023387475,47.070104222316196],[4.84712124755571,47.06995136009977],[4.847060261137623,47.069873652644624],[4.846945319044882,47.069748789487576],[4.846879226586191,47.069696712573055],[4.846616339457256,47.06953129275752],[4.845342833798486,47.069813215721986],[4.844228161689637,47.07006091665946],[4.844019294173406,47.07007548909998],[4.843964200378155,47.07008250114105],[4.8440308611348755,47.070238792850354],[4.844092401648708,47.07037677672273],[4.8441118805158885,47.07042142199631],[4.844136339817665,47.07056817474057],[4.844155049571843,47.07067822220521],[4.844193915070674,47.070896267770884],[4.844183943266201,47.07095466636295],[4.844184082978399,47.07095875269165],[4.8444506330904336,47.070968808286885],[4.8444716711437925,47.0709715343923],[4.844677320303408,47.070993800595566],[4.845021156069208,47.07103326725454],[4.845082755699415,47.07104147843903],[4.845296853288335,47.07109221955958],[4.845516477722599,47.07112957969685],[4.84566192487453,47.071140539963125],[4.845877699884545,47.0711963594259],[4.845894315685661,47.07120120019694],[4.846040042814328,47.07122033263967],[4.846210134020643,47.07120842043624],[4.846453829298596,47.071162632385146],[4.846666248519377,47.07112040556146],[4.846691486399756,47.071114896030494],[4.847269922905424,47.07097383479262],[4.84749874697106,47.070930326520674],[4.847679806161282,47.07088962583877],[4.847694513751243,47.07088224018198],[4.847697488580395,47.070838254071894],[4.847486854183213,47.07058310590621],[4.847452328522802,47.070535639809485],[4.847393771915283,47.07044154843299]]],[[[4.849869549329155,47.07735114337476],[4.849672513502072,47.07736247426379],[4.849605344701135,47.07736662021772],[4.849582737476407,47.07718713960207],[4.849911364692794,47.07717472913936],[4.849902598184925,47.07713706382717],[4.849897418040565,47.07711671296941],[4.8498577102528095,47.077005975930255],[4.849830241242881,47.076946122917704],[4.849796182312629,47.07686901252143],[4.849791212462484,47.07685479112744],[4.849703079648301,47.07659666847116],[4.849667935174115,47.076487893592954],[4.8496342579398695,47.07637807758221],[4.849618845003414,47.07632111148115],[4.8495505144500415,47.0761168226236],[4.849518816623905,47.07602127583972],[4.849401958111122,47.0756665409215],[4.849196815162082,47.07509251749433],[4.849175929699189,47.07500701898101],[4.849084493494426,47.074695815386725],[4.848925690863993,47.07420789126012],[4.848862040272689,47.074096519273795],[4.848786055175588,47.073974096545555],[4.848754691777014,47.07393168644536],[4.848696409026075,47.073845759476406],[4.848645946919843,47.073769937773754],[4.848590988904693,47.07365024045349],[4.848532809061131,47.07352345317247],[4.84849238762744,47.0734351960999],[4.848467584758657,47.07336611434269],[4.848400904234813,47.07316588689335],[4.84833929849208,47.07298295010843],[4.848295744506367,47.07284672499274],[4.848229122099445,47.07264854077989],[4.848157913211232,47.07240342943483],[4.848123840718515,47.07223844167334],[4.848115582657291,47.072128227615075],[4.848122770273924,47.071814419106616],[4.8481610475449575,47.071185402057225],[4.848134200260357,47.07114393718864],[4.848120609925695,47.07114007499182],[4.848107040958866,47.07113722108394],[4.8480995364657415,47.07113632346949],[4.848096405963983,47.071132284974226],[4.848077251579254,47.071096829900675],[4.847850353375622,47.070934925776484],[4.847765994637488,47.07091685859102],[4.847682497484263,47.070924326582514],[4.8474151252230255,47.07097764628486],[4.847208827757917,47.071023856200505],[4.846747699840832,47.071140564294076],[4.846521864774574,47.07118402328823],[4.846214242835937,47.0712410452622],[4.8460948721312525,47.07124908524636],[4.845993081599839,47.071246622859825],[4.8458728721125235,47.07123015365869],[4.845783602045468,47.0711999068113],[4.845503830852109,47.071153286397376],[4.845255418635965,47.07110513790622],[4.845074587809228,47.071065113572736],[4.8449258361634655,47.071045010576526],[4.844894302833691,47.07104142547633],[4.844682707515858,47.071020281222204],[4.844479978874005,47.07099592412978],[4.844380878323742,47.070984222639616],[4.844180267313555,47.07097822973819],[4.8441301195312825,47.071348918497876],[4.8441033947979415,47.0715731169813],[4.8441419785488655,47.07160826259477],[4.844369880789886,47.07184372482185],[4.8445021707746365,47.07199488013608],[4.844611248998658,47.072166848621336],[4.844658468966371,47.07223557329605],[4.844735756335624,47.07230893315774],[4.844816034479798,47.0723822452224],[4.84607285258677,47.07196060329181],[4.846094481268885,47.07215541891702],[4.845854876033354,47.07218990175123],[4.846108429860358,47.07313101069399],[4.8461426027085155,47.07334299770627],[4.8461481439165786,47.07337356435568],[4.8461774181063895,47.07357336393361],[4.8461774532279245,47.07357439001461],[4.846200436798055,47.07363430652794],[4.84622175700043,47.073689143417525],[4.846274103357819,47.073820113528825],[4.84632988221724,47.07396432108489],[4.846354752565857,47.074035446447446],[4.846391670146748,47.07415236207003],[4.846430901052746,47.07424982457534],[4.846475136279953,47.074362543694484],[4.846498260412991,47.07442654645336],[4.8465831038488885,47.07467654689456],[4.846619519823537,47.07477916950828],[4.846650337506357,47.074849182127096],[4.846698751371643,47.07495263062506],[4.846870249691416,47.07533101716303],[4.846927253798058,47.07546702771385],[4.846949064922562,47.07553615755024],[4.846984324749894,47.07573586117732],[4.8469923014851455,47.075837911543196],[4.847032475112428,47.07626846789548],[4.84704739775693,47.07635507965102],[4.8470846682920845,47.076482210752324],[4.847124846649817,47.0766072510849],[4.847153199897749,47.07669263051731],[4.8472054835285405,47.076865495324675],[4.847205973067747,47.07687978843249],[4.847207547116853,47.076925745994046],[4.847230146020883,47.07710521808969],[4.847247741021385,47.07726945158981],[4.847266492466953,47.07733658597155],[4.847283914920397,47.07736491834902],[4.847302791079128,47.077392200845686],[4.847324671582531,47.0774194443208],[4.847334063702191,47.07743155084209],[4.847419217458092,47.077516022229084],[4.847609114499834,47.07755795151662],[4.847905118652006,47.077597148257944],[4.848371536278161,47.07763362780132],[4.848754352012803,47.07763057536526],[4.848844283039946,47.07763628715136],[4.849138239569069,47.077659168298446],[4.849305941711113,47.07766466196253],[4.849659790518724,47.077645715832695],[4.849959138122461,47.077608224926266],[4.850033532894456,47.07759682163126],[4.849986520328785,47.077403430829676],[4.849966578690475,47.077345510637876],[4.849869549329155,47.07735114337476]]],[[[4.854024270313058,47.07942726677169],[4.85402139904167,47.07938746289674],[4.85402153189321,47.07934761082825],[4.854023013147646,47.079303648569095],[4.853509640301018,47.07938136158918],[4.85336835362251,47.079405087863314],[4.852816811617777,47.07950385265473],[4.852906764175575,47.07968428825706],[4.852996765457364,47.079865740642866],[4.853075654237477,47.07998505216781],[4.8531136031126705,47.080044727386934],[4.8531482937417945,47.08009628673092],[4.853452125242329,47.08001477661408],[4.853672950310028,47.07995503984659],[4.853806438378573,47.07992224356611],[4.8539678280664535,47.07991761044168],[4.854120490504181,47.07992026757639],[4.854079521105292,47.079772764146604],[4.8540475742206945,47.07958322174216],[4.854024270313058,47.07942726677169]]],[[[4.8567052648761075,47.08022516412023],[4.856782549234029,47.08012377977949],[4.856291818923263,47.07994672297741],[4.856217524566477,47.08004804995725],[4.856085705716837,47.07999907804669],[4.855994737392627,47.079963750924215],[4.855752094668468,47.07986751362096],[4.855684325792765,47.07985430082013],[4.855648095826993,47.07984466114266],[4.8555348211626335,47.07981276274148],[4.8556621583088875,47.0796012470806],[4.855381632400317,47.07953422820075],[4.855258858699686,47.079487154439406],[4.855216401316051,47.079470464122046],[4.855215087987395,47.07947559140137],[4.855094681800235,47.07945402845991],[4.855089121276284,47.07946637438828],[4.85501370643763,47.07944816872978],[4.8547945902229515,47.07942716317388],[4.854561753957155,47.079398209258436],[4.854486901140388,47.07939633947208],[4.854313163050872,47.079389932442155],[4.8540600927014195,47.0793817359602],[4.854116936871603,47.079773190534056],[4.854156720247728,47.079929907732414],[4.854394438198297,47.07997003220123],[4.854498717474868,47.08000104941269],[4.85473234812527,47.07996562746507],[4.854754455957835,47.079782377210755],[4.855043885007663,47.07984721043168],[4.854896339961037,47.0801673514499],[4.854931572719747,47.0801913083174],[4.8549453066835015,47.080199265004545],[4.855049973413142,47.08024152354865],[4.855130396239707,47.08027497640225],[4.855197014849951,47.08029842939312],[4.855349981476844,47.080353195655206],[4.855437818137525,47.08038447599614],[4.855848266809165,47.0805321794036],[4.8564494411479835,47.080745278789394],[4.856548127765042,47.080787623056935],[4.856653007915688,47.08083600959059],[4.85669922066084,47.080788266765175],[4.856820725061785,47.0806677825106],[4.8569437531660045,47.08054830027578],[4.857100492567875,47.08036493053138],[4.8569838950372635,47.08032388315397],[4.856862782764851,47.08028189056053],[4.8567052648761075,47.08022516412023]]],[[[4.856474573982474,47.08082354833158],[4.856121732836959,47.08069842664572],[4.855496961946401,47.080494908179794],[4.855279180975531,47.08042585498757],[4.855159170756997,47.0806331639428],[4.854942737462775,47.08060291177446],[4.854914259166213,47.080601324565556],[4.854693965433928,47.080589532403344],[4.854667024532948,47.080588947104246],[4.8546011652030225,47.08058795968487],[4.854572735386471,47.08058739825634],[4.854515884068316,47.0805872838758],[4.854497916203431,47.08058655455384],[4.854488943170389,47.08058669853519],[4.8543362785188435,47.08058403288704],[4.8543034033524055,47.08041085970805],[4.854267067758423,47.08022445872298],[4.854037823242615,47.08025673842036],[4.854019483797866,47.08020186411649],[4.854004485958579,47.08015713958579],[4.85383284438761,47.080168070030275],[4.853860718482348,47.08023914564815],[4.853832451110451,47.08024368762836],[4.8538375132262885,47.080303890131994],[4.853758881580923,47.080322523253315],[4.853828420734673,47.08047467469088],[4.853563211539329,47.08054841586396],[4.8534861735367025,47.080570085146505],[4.853404537193552,47.08058876620406],[4.853340719618394,47.0806030729062],[4.853232913979998,47.080643624898485],[4.853289862499164,47.080733650556674],[4.8532154361097195,47.080787977211635],[4.85311623747552,47.08086109951524],[4.853031594276441,47.08092274032819],[4.852973225508471,47.080965570335145],[4.852933848819644,47.08099481252324],[4.852728524276858,47.080939855786625],[4.852716018660491,47.08096764950018],[4.852640900398009,47.081132341804576],[4.8526053276279555,47.0812289570259],[4.852587175107609,47.081309974429026],[4.852566649364831,47.081409410348],[4.852529639339371,47.08168180233902],[4.852510661021879,47.0819130287429],[4.852508687472534,47.08194269788272],[4.852766295815912,47.08208264051296],[4.852885397494876,47.08193563256178],[4.853044345423005,47.081772667049194],[4.853224567448701,47.08161957255163],[4.853376400240997,47.081510871458846],[4.853199349822219,47.08136453230485],[4.853319381458963,47.08128801397386],[4.853481652366938,47.08143970516545],[4.853619700326597,47.081364941869026],[4.853850255508463,47.081283588408205],[4.8539078941179055,47.08126324772063],[4.853971536877992,47.08124383733106],[4.85403672984688,47.081225419673544],[4.854103468774624,47.081209021455486],[4.854131666383417,47.08120243625943],[4.854216386800271,47.08118677614406],[4.854296662162186,47.0811722049191],[4.854402425012351,47.08115926897077],[4.854535058728057,47.0811448751107],[4.854679691825193,47.08113131518039],[4.854806413589514,47.081119060156716],[4.854875110887072,47.08111591336543],[4.854954599806384,47.08112179708636],[4.855034110242373,47.08112868903844],[4.855112202359277,47.081137656986165],[4.855140751229154,47.081141287296546],[4.855279199867598,47.08116563153164],[4.85587259527461,47.08128280472334],[4.856064400554322,47.081335919768144],[4.856220313873928,47.081389619961385],[4.856293245944286,47.081422165695905],[4.85684387578607,47.08173109341399],[4.857101572261353,47.08152566798705],[4.8573476187688245,47.08132961491182],[4.85686033796467,47.081036017031394],[4.856719941774556,47.080955501785475],[4.856474573982474,47.08082354833158]]],[[[4.85784728525311,47.08250379905557],[4.85775608972498,47.08241840557983],[4.85759183308534,47.08229638966323],[4.857285604997735,47.082091848973874],[4.857141664933436,47.08199504593564],[4.856994769637018,47.08189931684822],[4.85695038556584,47.08187039242353],[4.8566527714466226,47.081698402161344],[4.856411823290042,47.081564333278585],[4.85622587073349,47.081464115383326],[4.856137798750558,47.081425679916975],[4.855963574643695,47.08136206126834],[4.855850226294663,47.081328120043146],[4.855722028457175,47.081297488060564],[4.855387843581825,47.0812364368462],[4.855287008870395,47.08121863941239],[4.85513197536967,47.08119047283815],[4.854968074474831,47.081165519300455],[4.854885629739306,47.08116070966848],[4.854801906900052,47.08116205332502],[4.854578360065889,47.0811860744781],[4.854249296103426,47.08123018663211],[4.853951076690791,47.08130138730627],[4.853853289012825,47.08132849585021],[4.853693755408793,47.081387249818896],[4.853614497698581,47.08143144181701],[4.853529327650519,47.08147776384848],[4.853410552397461,47.08154711177476],[4.853266014972599,47.0816505807333],[4.853079986164586,47.08180887458628],[4.852923762006825,47.08196362837701],[4.852806008936507,47.082106526194316],[4.852762874677439,47.08215727993023],[4.8526943775288744,47.08225340529216],[4.852590482164588,47.08245125816437],[4.852570756563911,47.08253024745663],[4.852518059704922,47.08282536879371],[4.853363442949591,47.083179659355565],[4.853359933210921,47.083077537848354],[4.853274488862602,47.08289805704908],[4.8532303868215125,47.082877303807884],[4.853250061235494,47.08284020037099],[4.853152827170972,47.08279680336852],[4.8533532812332485,47.08257901217925],[4.853413064842905,47.0824472648231],[4.853457575033122,47.08234947941789],[4.853489509316784,47.08227744462607],[4.85354031690458,47.08231954162711],[4.853650604658981,47.0822207012271],[4.853762394455293,47.082121845626055],[4.853835003782203,47.082058344059824],[4.853978074380861,47.08226041382537],[4.854075111834954,47.08225476864853],[4.854121383932446,47.08225198207053],[4.854285701414157,47.082245257371504],[4.854354400176474,47.0822421108909],[4.854520206561937,47.08223536196913],[4.854690471167512,47.08222752363094],[4.854804374595265,47.08223387285284],[4.854867301935272,47.08223695152074],[4.855020111544247,47.082243693765],[4.855095038305384,47.08224759735335],[4.855176193442536,47.08225856039476],[4.855356423544964,47.08232310146426],[4.855759169310562,47.0824637694995],[4.855895684917895,47.08251879924867],[4.856113647616534,47.08267981396233],[4.85623715490976,47.08279124736005],[4.856331972165549,47.08289496431749],[4.856448910017566,47.083033069618985],[4.856514734523518,47.083119889258164],[4.856556993853669,47.08317438794829],[4.856590925747018,47.08324740988733],[4.856600743015683,47.08327177451993],[4.856779255426534,47.083286278721566],[4.8568840943688745,47.08324678880016],[4.856991902465105,47.08320623343942],[4.857058339658851,47.08318064364952],[4.8572886509714275,47.08309212786402],[4.857371321484271,47.08306014419104],[4.857477520963083,47.08301654329266],[4.858037043859329,47.08280114963516],[4.858005749440966,47.08271786428637],[4.857967863665864,47.08266023387648],[4.857929977971719,47.08260260345305],[4.85784728525311,47.08250379905557]]],[[[4.850736781022377,47.081918969627274],[4.850393469739749,47.082289248123736],[4.851297733896489,47.08265998264446],[4.851460084052449,47.08272686039639],[4.851304610656266,47.082904077826655],[4.851283305615813,47.082937118478256],[4.851216236865132,47.08303117572585],[4.851145691062288,47.08315491709396],[4.8511414782810185,47.08316316166617],[4.851083714743359,47.08322335276193],[4.851078047867465,47.08323263825429],[4.851065295250061,47.08325327623655],[4.851049481327681,47.083271918970446],[4.851026568772286,47.08330192340142],[4.850949023436937,47.08339614825122],[4.850941902432578,47.08340647465722],[4.850863533836152,47.08352012872957],[4.850741418476426,47.083667173623645],[4.851158522504012,47.083790264852304],[4.851042216095372,47.084018960966944],[4.850984842249469,47.08413432312637],[4.850959463589799,47.084179685568714],[4.851282101023923,47.08429611208192],[4.851331412638453,47.084207454476186],[4.851628963864883,47.08429055582826],[4.851668653816041,47.08422657449624],[4.851750239400737,47.084076080419344],[4.851794824111098,47.083980338860314],[4.851875867333768,47.08385745557224],[4.8520063029067035,47.0836479392494],[4.85202475694291,47.08361903270396],[4.852092730884012,47.08350758865455],[4.852213495980329,47.08332173167261],[4.852224934468395,47.08330622080267],[4.8522665679835395,47.083255491361406],[4.852292847049689,47.083105883127836],[4.852337324556512,47.08278944228791],[4.852372152122953,47.08254059014084],[4.852405104245996,47.082280519993155],[4.8524366533180485,47.081979613783396],[4.852438776666367,47.08186718056619],[4.851945765196055,47.0816237254892],[4.851433720327098,47.082220473501394],[4.851061791628956,47.082061925197536],[4.850736781022377,47.081918969627274]]]]}},{"type":"Feature","id":"inao-denom-1984","properties":{"id":"inao-denom-1984","name":"Sous Frétille","tier":"premier_cru","kind":"vineyard","appellationId":213,"denominationId":1984,"sourceName":"Pernand-Vergelesses premier cru Sous Frétille","communes":["21480"],"areaHa":10.32},"geometry":{"type":"MultiPolygon","coordinates":[[[[4.856782549234029,47.08012377977949],[4.856291818923263,47.07994672297741],[4.856217524566477,47.08004804995725],[4.856085705716837,47.07999907804669],[4.855994737392627,47.079963750924215],[4.855752094668468,47.07986751362096],[4.855684325792765,47.07985430082013],[4.855648095826993,47.07984466114266],[4.8555348211626335,47.07981276274148],[4.8556621583088875,47.0796012470806],[4.855381632400317,47.07953422820075],[4.855258858699686,47.079487154439406],[4.855216401316051,47.079470464122046],[4.855215087987395,47.07947559140137],[4.855094681800235,47.07945402845991],[4.855089121276284,47.07946637438828],[4.85501370643763,47.07944816872978],[4.8547945902229515,47.07942716317388],[4.854561753957155,47.079398209258436],[4.854486901140388,47.07939633947208],[4.854313163050872,47.079389932442155],[4.8540600927014195,47.0793817359602],[4.854116936871603,47.079773190534056],[4.854156720247728,47.079929907732414],[4.854394438198297,47.07997003220123],[4.854498717474868,47.08000104941269],[4.85473234812527,47.07996562746507],[4.854754455957835,47.079782377210755],[4.855043885007663,47.07984721043168],[4.854896339961037,47.0801673514499],[4.854931572719747,47.0801913083174],[4.8549453066835015,47.080199265004545],[4.855049973413142,47.08024152354865],[4.855130396239707,47.08027497640225],[4.855197014849951,47.08029842939312],[4.855349981476844,47.080353195655206],[4.855437818137525,47.08038447599614],[4.855848266809165,47.0805321794036],[4.8564494411479835,47.080745278789394],[4.856548127765042,47.080787623056935],[4.856653007915688,47.08083600959059],[4.85669922066084,47.080788266765175],[4.856820725061785,47.0806677825106],[4.8569437531660045,47.08054830027578],[4.857100492567875,47.08036493053138],[4.8569838950372635,47.08032388315397],[4.856862782764851,47.08028189056053],[4.8567052648761075,47.08022516412023],[4.856782549234029,47.08012377977949]]],[[[4.853044345423005,47.081772667049194],[4.853224567448701,47.08161957255163],[4.853376400240997,47.081510871458846],[4.853199349822219,47.08136453230485],[4.853319381458963,47.08128801397386],[4.853481652366938,47.08143970516545],[4.853619700326597,47.081364941869026],[4.853850255508463,47.081283588408205],[4.8539078941179055,47.08126324772063],[4.853971536877992,47.08124383733106],[4.85403672984688,47.081225419673544],[4.854103468774624,47.081209021455486],[4.854131666383417,47.08120243625943],[4.854216386800271,47.08118677614406],[4.854296662162186,47.0811722049191],[4.854402425012351,47.08115926897077],[4.854535058728057,47.0811448751107],[4.854679691825193,47.08113131518039],[4.854806413589514,47.081119060156716],[4.854875110887072,47.08111591336543],[4.854954599806384,47.08112179708636],[4.855034110242373,47.08112868903844],[4.855112202359277,47.081137656986165],[4.855140751229154,47.081141287296546],[4.855279199867598,47.08116563153164],[4.85587259527461,47.08128280472334],[4.856064400554322,47.081335919768144],[4.856220313873928,47.081389619961385],[4.856293245944286,47.081422165695905],[4.85684387578607,47.08173109341399],[4.857101572261353,47.08152566798705],[4.8573476187688245,47.08132961491182],[4.85686033796467,47.081036017031394],[4.856719941774556,47.080955501785475],[4.856474573982474,47.08082354833158],[4.856121732836959,47.08069842664572],[4.855496961946401,47.080494908179794],[4.855279180975531,47.08042585498757],[4.855159170756997,47.0806331639428],[4.854942737462775,47.08060291177446],[4.854914259166213,47.080601324565556],[4.854693965433928,47.080589532403344],[4.854667024532948,47.080588947104246],[4.8546011652030225,47.08058795968487],[4.854572735386471,47.08058739825634],[4.854515884068316,47.0805872838758],[4.854497916203431,47.08058655455384],[4.854488943170389,47.08058669853519],[4.8543362785188435,47.08058403288704],[4.8543034033524055,47.08041085970805],[4.854267067758423,47.08022445872298],[4.854037823242615,47.08025673842036],[4.854019483797866,47.08020186411649],[4.854004485958579,47.08015713958579],[4.85383284438761,47.080168070030275],[4.853860718482348,47.08023914564815],[4.853832451110451,47.08024368762836],[4.8538375132262885,47.080303890131994],[4.853758881580923,47.080322523253315],[4.853828420734673,47.08047467469088],[4.853563211539329,47.08054841586396],[4.8534861735367025,47.080570085146505],[4.853404537193552,47.08058876620406],[4.853340719618394,47.0806030729062],[4.853232913979998,47.080643624898485],[4.853289862499164,47.080733650556674],[4.8532154361097195,47.080787977211635],[4.85311623747552,47.08086109951524],[4.853031594276441,47.08092274032819],[4.852973225508471,47.080965570335145],[4.852933848819644,47.08099481252324],[4.852728524276858,47.080939855786625],[4.852716018660491,47.08096764950018],[4.852640900398009,47.081132341804576],[4.8526053276279555,47.0812289570259],[4.852587175107609,47.081309974429026],[4.852566649364831,47.081409410348],[4.852529639339371,47.08168180233902],[4.852510661021879,47.0819130287429],[4.852508687472534,47.08194269788272],[4.852766295815912,47.08208264051296],[4.852885397494876,47.08193563256178],[4.853044345423005,47.081772667049194]]],[[[4.85784728525311,47.08250379905557],[4.85775608972498,47.08241840557983],[4.85759183308534,47.08229638966323],[4.857285604997735,47.082091848973874],[4.857141664933436,47.08199504593564],[4.856994769637018,47.08189931684822],[4.85695038556584,47.08187039242353],[4.8566527714466226,47.081698402161344],[4.856411823290042,47.081564333278585],[4.85622587073349,47.081464115383326],[4.856137798750558,47.081425679916975],[4.855963574643695,47.08136206126834],[4.855850226294663,47.081328120043146],[4.855722028457175,47.081297488060564],[4.855387843581825,47.0812364368462],[4.855287008870395,47.08121863941239],[4.85513197536967,47.08119047283815],[4.854968074474831,47.081165519300455],[4.854885629739306,47.08116070966848],[4.854801906900052,47.08116205332502],[4.854578360065889,47.0811860744781],[4.854249296103426,47.08123018663211],[4.853951076690791,47.08130138730627],[4.853853289012825,47.08132849585021],[4.853693755408793,47.081387249818896],[4.853614497698581,47.08143144181701],[4.853529327650519,47.08147776384848],[4.853410552397461,47.08154711177476],[4.853266014972599,47.0816505807333],[4.853079986164586,47.08180887458628],[4.852923762006825,47.08196362837701],[4.852806008936507,47.082106526194316],[4.852762874677439,47.08215727993023],[4.8526943775288744,47.08225340529216],[4.852590482164588,47.08245125816437],[4.852570756563911,47.08253024745663],[4.852518059704922,47.08282536879371],[4.853363442949591,47.083179659355565],[4.853359933210921,47.083077537848354],[4.853274488862602,47.08289805704908],[4.8532303868215125,47.082877303807884],[4.853250061235494,47.08284020037099],[4.853152827170972,47.08279680336852],[4.8533532812332485,47.08257901217925],[4.853413064842905,47.0824472648231],[4.853457575033122,47.08234947941789],[4.853489509316784,47.08227744462607],[4.85354031690458,47.08231954162711],[4.853650604658981,47.0822207012271],[4.853762394455293,47.082121845626055],[4.853835003782203,47.082058344059824],[4.853978074380861,47.08226041382537],[4.854075111834954,47.08225476864853],[4.854121383932446,47.08225198207053],[4.854285701414157,47.082245257371504],[4.854354400176474,47.0822421108909],[4.854520206561937,47.08223536196913],[4.854690471167512,47.08222752363094],[4.854804374595265,47.08223387285284],[4.854867301935272,47.08223695152074],[4.855020111544247,47.082243693765],[4.855095038305384,47.08224759735335],[4.855176193442536,47.08225856039476],[4.855356423544964,47.08232310146426],[4.855759169310562,47.0824637694995],[4.855895684917895,47.08251879924867],[4.856113647616534,47.08267981396233],[4.85623715490976,47.08279124736005],[4.856331972165549,47.08289496431749],[4.856448910017566,47.083033069618985],[4.856514734523518,47.083119889258164],[4.856556993853669,47.08317438794829],[4.856590925747018,47.08324740988733],[4.856600743015683,47.08327177451993],[4.856779255426534,47.083286278721566],[4.8568840943688745,47.08324678880016],[4.856991902465105,47.08320623343942],[4.857058339658851,47.08318064364952],[4.8572886509714275,47.08309212786402],[4.857371321484271,47.08306014419104],[4.857477520963083,47.08301654329266],[4.858037043859329,47.08280114963516],[4.858005749440966,47.08271786428637],[4.857967863665864,47.08266023387648],[4.857929977971719,47.08260260345305],[4.85784728525311,47.08250379905557]]],[[[4.85202475694291,47.08361903270396],[4.852092730884012,47.08350758865455],[4.852213495980329,47.08332173167261],[4.852224934468395,47.08330622080267],[4.8522665679835395,47.083255491361406],[4.852292847049689,47.083105883127836],[4.852227539935334,47.08307730124719],[4.8522243320908585,47.08302728141208],[4.852143963959268,47.082995869930805],[4.85184993042515,47.08288410275614],[4.851734693596555,47.082838948749725],[4.851460084052449,47.08272686039639],[4.851304610656266,47.082904077826655],[4.851283305615813,47.082937118478256],[4.851216236865132,47.08303117572585],[4.851145691062288,47.08315491709396],[4.8511414782810185,47.08316316166617],[4.851083714743359,47.08322335276193],[4.851078047867465,47.08323263825429],[4.851065295250061,47.08325327623655],[4.851049481327681,47.083271918970446],[4.851026568772286,47.08330192340142],[4.850949023436937,47.08339614825122],[4.850941902432578,47.08340647465722],[4.850863533836152,47.08352012872957],[4.850741418476426,47.083667173623645],[4.851158522504012,47.083790264852304],[4.851042216095372,47.084018960966944],[4.850984842249469,47.08413432312637],[4.850959463589799,47.084179685568714],[4.851282101023923,47.08429611208192],[4.851331412638453,47.084207454476186],[4.851628963864883,47.08429055582826],[4.851668653816041,47.08422657449624],[4.851750239400737,47.084076080419344],[4.851794824111098,47.083980338860314],[4.851875867333768,47.08385745557224],[4.8520063029067035,47.0836479392494],[4.85202475694291,47.08361903270396]]]]}},{"type":"Feature","id":"inao-denom-1985","properties":{"id":"inao-denom-1985","name":"Clos Berthet","tier":"premier_cru","kind":"vineyard","appellationId":213,"denominationId":1985,"sourceName":"Pernand-Vergelesses premier cru Clos Berthet","communes":["21480"],"areaHa":1.22},"geometry":{"type":"Polygon","coordinates":[[[4.851061791628956,47.082061925197536],[4.850736781022377,47.081918969627274],[4.850393469739749,47.082289248123736],[4.851297733896489,47.08265998264446],[4.851460084052449,47.08272686039639],[4.851734693596555,47.082838948749725],[4.85184993042515,47.08288410275614],[4.852143963959268,47.082995869930805],[4.8522243320908585,47.08302728141208],[4.852227539935334,47.08307730124719],[4.852292847049689,47.083105883127836],[4.852337324556512,47.08278944228791],[4.852372152122953,47.08254059014084],[4.852405104245996,47.082280519993155],[4.8524366533180485,47.081979613783396],[4.852438776666367,47.08186718056619],[4.851945765196055,47.0816237254892],[4.851433720327098,47.082220473501394],[4.851061791628956,47.082061925197536]]]}},{"type":"Feature","id":"inao-denom-1986","properties":{"id":"inao-denom-1986","name":"Village de Pernand","tier":"premier_cru","kind":"vineyard","appellationId":213,"denominationId":1986,"sourceName":"Pernand-Vergelesses premier cru Village de Pernand","communes":["21480"],"areaHa":0.57},"geometry":{"type":"Polygon","coordinates":[[[4.8531482937417945,47.08009628673092],[4.853452125242329,47.08001477661408],[4.853672950310028,47.07995503984659],[4.853806438378573,47.07992224356611],[4.8539678280664535,47.07991761044168],[4.854120490504181,47.07992026757639],[4.854079521105292,47.079772764146604],[4.8540475742206945,47.07958322174216],[4.854024270313058,47.07942726677169],[4.85402139904167,47.07938746289674],[4.85402153189321,47.07934761082825],[4.854023013147646,47.079303648569095],[4.853509640301018,47.07938136158918],[4.85336835362251,47.079405087863314],[4.852816811617777,47.07950385265473],[4.852906764175575,47.07968428825706],[4.852996765457364,47.079865740642866],[4.853075654237477,47.07998505216781],[4.8531136031126705,47.080044727386934],[4.8531482937417945,47.08009628673092]]]}},{"type":"Feature","id":"inao-denom-2348","properties":{"id":"inao-denom-2348","name":"Corton Basses Mourottes","tier":"grand_cru","kind":"vineyard","appellationId":165,"denominationId":2348,"sourceName":"Corton Basses Mourottes","communes":["21606"],"areaHa":0.94,"parentAppellation":"Corton"},"geometry":{"type":"MultiPolygon","coordinates":[[[[4.872611730172792,47.07970693884753],[4.8726797864227684,47.079685402206394],[4.872633552467319,47.07964630120338],[4.8725902742040486,47.0796061346492],[4.872549951316396,47.079564893546454],[4.872523364876755,47.07953160702933],[4.87251546848165,47.07951946922684],[4.872031010719015,47.079654018512095],[4.8719597152427365,47.079668456723056],[4.871953768969587,47.07966957968534],[4.871568409161608,47.07977186647129],[4.871476544428194,47.079796858924986],[4.871515151341016,47.0798749073777],[4.871599304997388,47.08001557319544],[4.871604046360283,47.0800226559288],[4.87168812956915,47.0801612785335],[4.871725922036785,47.08021584428463],[4.871802690009069,47.08031575278467],[4.871873286293252,47.0804106639797],[4.8719251478172545,47.08048237375402],[4.871928351252553,47.08048844573075],[4.871967704021754,47.080545030421554],[4.872011479033231,47.08059949918006],[4.872039625517955,47.08063480482597],[4.8723394481388285,47.080567619631566],[4.872369145270107,47.08056100565099],[4.872615532475977,47.08050592449889],[4.872749023562601,47.080473106137084],[4.873150900922016,47.08037259206711],[4.872611730172792,47.07970693884753]]],[[[4.872041455643893,47.08081665389097],[4.872031361472265,47.08074120570822],[4.87199458319367,47.08075917338414],[4.871940758064973,47.08080295726294],[4.871918509319163,47.080851344909725],[4.871904653043536,47.08088324230854],[4.871903908618571,47.08090471489851],[4.871907914314263,47.08093427870311],[4.871916426615723,47.08096377852094],[4.871993253890624,47.08110865128393],[4.8719996611641,47.081120804231475],[4.87205903007165,47.08110758586731],[4.872019747872149,47.081010132297024],[4.872031428251603,47.08100176594611],[4.872050331503923,47.080986132090025],[4.872064670707094,47.080968527869935],[4.872068525804647,47.08095007582827],[4.872041455643893,47.08081665389097]]]]}},{"type":"Feature","id":"inao-denom-2349","properties":{"id":"inao-denom-2349","name":"Corton Clos des Meix","tier":"grand_cru","kind":"vineyard","appellationId":165,"denominationId":2349,"sourceName":"Corton Clos des Meix","communes":["21010"],"areaHa":2.17,"parentAppellation":"Corton"},"geometry":{"type":"Polygon","coordinates":[[[4.859332767031395,47.065672402186905],[4.8592763757866955,47.065554785729105],[4.859236483909229,47.06548185115386],[4.859156899173191,47.0653421296476],[4.859158692574962,47.06530735682695],[4.859174565629013,47.0651170452621],[4.859172325064223,47.06509562975347],[4.85911139448897,47.06484626990778],[4.858998096914568,47.064552787173284],[4.858972042479032,47.06449087796896],[4.858949739206863,47.06445138661893],[4.858934133112067,47.064432221433485],[4.858827958217325,47.06447582416121],[4.858721866721576,47.06452146973885],[4.858623173363787,47.06456495191224],[4.858338795620412,47.06473097129141],[4.858218526417875,47.06479932263007],[4.858242036257717,47.0648306175365],[4.8581392501296365,47.06505911498191],[4.858121122255604,47.065097212408034],[4.858116946983242,47.06510647436539],[4.858105738037077,47.065128106183046],[4.858092979524574,47.065148754281886],[4.858081630120269,47.06516630877766],[4.858082052059613,47.065178558736804],[4.858016868471693,47.065326750953204],[4.857976485228362,47.06541322457581],[4.857862978868574,47.065547883699686],[4.857748440641655,47.06569584267754],[4.85770192436431,47.06582124731718],[4.857695180940482,47.06584281629247],[4.857543002474659,47.06598320305026],[4.857513335192472,47.066033751618384],[4.857490833515312,47.06607499017509],[4.85740635781931,47.066227571677935],[4.8573189045973555,47.066380200966485],[4.857235811103583,47.06652969816214],[4.857172361115731,47.066641073687514],[4.857268569974937,47.066742723369316],[4.857494985384588,47.06697716695289],[4.857719922896085,47.067212651509514],[4.857780429095032,47.067276051299075],[4.858086129483273,47.06716384197041],[4.858326713809156,47.067028165632145],[4.858342731307175,47.06701564227322],[4.858358749107837,47.06700312791271],[4.858371741298075,47.066989635564724],[4.858383209592398,47.06697514107698],[4.858393071049631,47.06695761950468],[4.858399695421999,47.06693298147062],[4.858403343022061,47.06690840031999],[4.858405264877475,47.066877723059434],[4.858262689268201,47.06694949502556],[4.85798839410106,47.06667086644902],[4.857950413899966,47.06661016647556],[4.857974980609639,47.06649839811878],[4.858158831634696,47.06636567863051],[4.858131405150354,47.06635079202227],[4.85809714085894,47.06631149288479],[4.858063723070119,47.06625276386341],[4.858068859296815,47.06622815878033],[4.858099181417881,47.06619701579735],[4.858115093310772,47.06618143222788],[4.858278400555398,47.066190044948065],[4.8583880952370375,47.06620565263341],[4.858684934196828,47.066053742920374],[4.85865193800305,47.066007264017365],[4.858694818690431,47.06599329082023],[4.858737712528276,47.0659793173952],[4.858770204471282,47.06596755558603],[4.85876070602371,47.06595238070749],[4.858804982873357,47.06593532307285],[4.858808113875095,47.06593936128522],[4.8588160402456495,47.06595251715983],[4.858827860220882,47.06594823841776],[4.858826288132624,47.06594621941783],[4.858894332526805,47.065924690791306],[4.858904663979042,47.06592043598931],[4.858907794987377,47.065924474199015],[4.858955083837612,47.06590838568946],[4.859051105895666,47.06587414107924],[4.859040154237732,47.06586001625302],[4.858988337067701,47.06578830012564],[4.859059300970764,47.06576468013143],[4.859045147912019,47.065744473940335],[4.859067321106355,47.06573695764883],[4.859141240036909,47.065712272412334],[4.859155393123195,47.06573247859188],[4.859332767031395,47.065672402186905]]]}},{"type":"Feature","id":"inao-denom-2350","properties":{"id":"inao-denom-2350","name":"Corton Hautes Mourottes","tier":"grand_cru","kind":"vineyard","appellationId":165,"denominationId":2350,"sourceName":"Corton Hautes Mourottes","communes":["21606"],"areaHa":1.93,"parentAppellation":"Corton"},"geometry":{"type":"Polygon","coordinates":[[[4.872096109245397,47.08071052823397],[4.872091416552779,47.080704471379605],[4.872039625517955,47.08063480482597],[4.872011479033231,47.08059949918006],[4.871967704021754,47.080545030421554],[4.871928351252553,47.08048844573075],[4.8719251478172545,47.08048237375402],[4.871873286293252,47.0804106639797],[4.871802690009069,47.08031575278467],[4.871725922036785,47.08021584428463],[4.87168812956915,47.0801612785335],[4.871604046360283,47.0800226559288],[4.871599304997388,47.08001557319544],[4.871515151341016,47.0798749073777],[4.871476544428194,47.079796858924986],[4.8714701018231334,47.079783679871795],[4.871434436282154,47.079790390274255],[4.871426987608404,47.0797915285315],[4.871337759248676,47.07980625673514],[4.8709703793204655,47.07986635593488],[4.870469153529377,47.07994906314609],[4.870512748185986,47.080041341205664],[4.870190926938226,47.08007822234557],[4.870236646245003,47.08023177676397],[4.870272032486865,47.08038958695405],[4.870290494971336,47.08044752788762],[4.870327207794985,47.08055728931808],[4.870360646325885,47.080658926570784],[4.870107388632832,47.08068856493856],[4.870114630798564,47.08076814797197],[4.870130369464882,47.08092014322998],[4.870140530527938,47.081040555778145],[4.870247726838789,47.08137089635499],[4.870274687938251,47.08145833741963],[4.870421742364232,47.08142837326456],[4.870568796314629,47.08139839992148],[4.871526833491055,47.0812030558521],[4.871779383673564,47.08115298297627],[4.871951640793496,47.08111647580571],[4.871993253890624,47.08110865128393],[4.871916426615723,47.08096377852094],[4.871907914314263,47.08093427870311],[4.871903908618571,47.08090471489851],[4.871904653043536,47.08088324230854],[4.871918509319163,47.080851344909725],[4.871940758064973,47.08080295726294],[4.87199458319367,47.08075917338414],[4.872096109245397,47.08071052823397]]]}},{"type":"Feature","id":"inao-denom-2351","properties":{"id":"inao-denom-2351","name":"Corton La Toppe au Vert","tier":"grand_cru","kind":"vineyard","appellationId":165,"denominationId":2351,"sourceName":"Corton La Toppe au Vert","communes":["21606"],"areaHa":0.11,"parentAppellation":"Corton"},"geometry":{"type":"Polygon","coordinates":[[[4.875096326514594,47.074589339754134],[4.874693526410728,47.07470520422698],[4.874761792947214,47.0747756290635],[4.874970076706706,47.07500215650758],[4.875195489409926,47.074903470762756],[4.875301516342368,47.07485576708236],[4.875096326514594,47.074589339754134]]]}},{"type":"Feature","id":"inao-denom-2352","properties":{"id":"inao-denom-2352","name":"Corton La Vigne au Saint","tier":"grand_cru","kind":"vineyard","appellationId":165,"denominationId":2352,"sourceName":"Corton La Vigne au Saint","communes":["21010"],"areaHa":2.45,"parentAppellation":"Corton"},"geometry":{"type":"Polygon","coordinates":[[[4.857813649279631,47.067328650694115],[4.85746765097564,47.066965340640266],[4.857195065947408,47.06704022785136],[4.857066340525486,47.066906401104376],[4.856908718304066,47.066932430192594],[4.856578782030389,47.06655762934477],[4.856387162577624,47.06637780278804],[4.856344434228192,47.06635294916967],[4.855953800995949,47.065995458059724],[4.855894997771113,47.06593816285899],[4.85583609864208,47.06596465803578],[4.855787890946113,47.06599812296555],[4.855444606141494,47.0662345688335],[4.855370166630939,47.0662878710664],[4.855303279691879,47.066343105269],[4.855145542958334,47.066539773406944],[4.855120610833531,47.0665973957913],[4.855110889217473,47.06661901240874],[4.855052440327019,47.066745634062244],[4.854977357092688,47.06695425825306],[4.8549038157019915,47.06707703352743],[4.85496434533023,47.06709752231619],[4.855068762694686,47.06713365176404],[4.855161877571229,47.067188352182285],[4.855131399492889,47.067215408274784],[4.856099407616556,47.06796723607666],[4.85615257409975,47.067947983414726],[4.856351536203481,47.0678630515484],[4.85648857094073,47.06780362779631],[4.856612717896547,47.06776075626692],[4.857262694343085,47.06752756395421],[4.857813649279631,47.067328650694115]]]}},{"type":"Feature","id":"inao-denom-2353","properties":{"id":"inao-denom-2353","name":"Corton Le Clos du Roi","tier":"grand_cru","kind":"vineyard","appellationId":165,"denominationId":2353,"sourceName":"Corton Le Clos du Roi","communes":["21010"],"areaHa":10.9,"parentAppellation":"Corton"},"geometry":{"type":"Polygon","coordinates":[[[4.867070610223549,47.073207025441775],[4.866891867161152,47.07309853991548],[4.866280997135136,47.07269048929113],[4.86613400507917,47.07259171128576],[4.865965173204188,47.0725535608411],[4.865756307051298,47.07252526036528],[4.865606625286105,47.07247863204602],[4.865588129801167,47.07246257631856],[4.865538916627494,47.07242352066147],[4.86541716287709,47.07231921908493],[4.865298386960531,47.072214869315566],[4.865200262921198,47.07210201792311],[4.86516283568714,47.07205765663925],[4.864853306470818,47.07184296757681],[4.864611697942922,47.07168951010578],[4.864399164713981,47.07155499929458],[4.8643888326160525,47.07155925457953],[4.86434901604539,47.07153230356272],[4.864203497054009,47.071432472755795],[4.86405034139873,47.07132867638027],[4.863915495426803,47.071234805921485],[4.863794263660957,47.07114582194661],[4.863675965348975,47.07105474624544],[4.863518140988452,47.07090197951073],[4.8633403015638725,47.070776102100616],[4.8632146409894395,47.07068820659538],[4.8630849497568835,47.070787370026636],[4.863053302387054,47.070823641864756],[4.862873454274351,47.07102885415382],[4.862696370742786,47.07122789769668],[4.862661802922693,47.07126626078114],[4.862494472485365,47.07144470385786],[4.862293369328968,47.071641062918154],[4.862132849757545,47.0717999884024],[4.862102760361911,47.07183827913075],[4.8620414022350875,47.07196699543523],[4.862014006942733,47.07195312685314],[4.861817485303796,47.072152482103675],[4.86175789099409,47.07220248719581],[4.861441014767966,47.07246815335351],[4.861300586770663,47.07255931039981],[4.86119733102762,47.072600823647804],[4.860652743814759,47.072682143448354],[4.860185989030097,47.07276526968926],[4.8605559540917955,47.073128176888154],[4.8607622473911105,47.073298565649175],[4.860931575344106,47.07343786738928],[4.861002997613766,47.07347043442806],[4.861297373194592,47.07354948206097],[4.8614033746536345,47.07350077403246],[4.861468775504235,47.07344556041625],[4.861537083446395,47.07338826464666],[4.8616010307244615,47.073334101011824],[4.86160395080809,47.07333200968187],[4.861611244584269,47.07332678596311],[4.8616245546672605,47.07332248296291],[4.861634944666566,47.07332027129199],[4.861643916471854,47.07332012675556],[4.861658904585728,47.07332090293568],[4.861672461644081,47.07332375546259],[4.861680037189035,47.07332669534707],[4.861692211164148,47.073332632083186],[4.861699892650619,47.07333864119477],[4.861704548119025,47.07334367241002],[4.8617093578086585,47.073352789716864],[4.8617111637214405,47.07336195541643],[4.861709921681783,47.073369125932345],[4.861708666778,47.07337630566116],[4.861704469238534,47.073384541433214],[4.862358085876028,47.073688721773514],[4.862508579403219,47.073758846019594],[4.86251003300709,47.0737578049498],[4.8625187932203815,47.07375153089174],[4.862526135261048,47.073747323978935],[4.862533534680692,47.07374516042927],[4.862546950781525,47.07374392655066],[4.862558913279253,47.07374373374092],[4.862567942533916,47.07374563249638],[4.862576984963774,47.07374753103878],[4.862586168196806,47.07375350688222],[4.862592325994382,47.07375852285383],[4.8625969815822545,47.07376355403238],[4.862601756336913,47.07377165422551],[4.86260196769801,47.0737777746784],[4.862600677469394,47.07378392833995],[4.862597969071469,47.073792149148304],[4.86259366595528,47.07379732472505],[4.8630861602277475,47.074026441992224],[4.863624259570709,47.07427628227645],[4.863632971420922,47.074268991272746],[4.863641837327124,47.07426577735564],[4.863649236773133,47.07426361373493],[4.8636626306975,47.07426135343914],[4.86367461558609,47.07426218680187],[4.863683622686518,47.07426305918192],[4.863692700697508,47.0742659837121],[4.863698787745955,47.074268947473044],[4.86370799347277,47.07427594951417],[4.863714222034389,47.074283008575236],[4.8637159354378605,47.07428910480252],[4.863717635978046,47.07429521024291],[4.863716464783819,47.07430442392822],[4.863712254614988,47.07431266898368],[4.863707916419737,47.07431682752626],[4.864183589839179,47.0745349724219],[4.864794543790149,47.07481530506155],[4.864803303909466,47.07480903083262],[4.86481066821785,47.07480585006373],[4.86481953414212,47.07480263605688],[4.86483141304859,47.07480040007552],[4.864840420568791,47.07480128136592],[4.864849427778083,47.07480215365497],[4.864859994696192,47.07480505406829],[4.864867570622875,47.07480799374237],[4.864876754601384,47.07481397840228],[4.864882983066853,47.074821028398404],[4.864886185684499,47.074827109582806],[4.864887886374094,47.07483321500484],[4.864886715368061,47.074842428700286],[4.864883901142044,47.07484758033532],[4.864879668805973,47.07485479914432],[4.864895687417788,47.074842283911536],[4.86512749863755,47.07466892077887],[4.865930866088951,47.07406943862508],[4.866292399213873,47.07379793266612],[4.8665970674688985,47.07356923849804],[4.866538964608741,47.073532371138676],[4.8666941978830645,47.07343687991356],[4.866752782091027,47.07340119860187],[4.867070610223549,47.073207025441775]]]}},{"type":"Feature","id":"inao-denom-2354","properties":{"id":"inao-denom-2354","name":"Corton Le Corton","tier":"grand_cru","kind":"vineyard","appellationId":165,"denominationId":2354,"sourceName":"Corton Le Corton","communes":["21010"],"areaHa":11.7,"parentAppellation":"Corton"},"geometry":{"type":"MultiPolygon","coordinates":[[[[4.867284486051653,47.07592870825982],[4.867279758790824,47.075921625126384],[4.867275054192146,47.07591557728],[4.867267406930292,47.075910585617365],[4.867258293547936,47.075906653297174],[4.8672477262850915,47.075903753104186],[4.867237194547015,47.07590187898398],[4.867226720369864,47.075902048222574],[4.8672163301025755,47.07590426039421],[4.867205975357479,47.07590749863864],[4.867197144293478,47.075911720899775],[4.867189851020327,47.07591695396703],[4.867184152161859,47.075925214198456],[4.867103587196497,47.07588769238791],[4.866814787309826,47.07575441803292],[4.866700794306308,47.07570209926935],[4.866580692136506,47.07564579949878],[4.866478803896467,47.07559737358214],[4.866348086678649,47.075537156442586],[4.866039446523036,47.07539193488077],[4.86598318428586,47.07536525896506],[4.865974070777851,47.07536131754222],[4.8659783381951405,47.075355115768076],[4.865981081655761,47.07534792095928],[4.865980834405756,47.075340774441564],[4.865980586844417,47.075333618923175],[4.865975860118342,47.07532654473561],[4.865969666950817,47.075320520873944],[4.865962019894111,47.07531552912395],[4.86595290639605,47.07531158769936],[4.865943828397962,47.07530867234839],[4.865933332319808,47.07530782418336],[4.865922871428837,47.0753079930911],[4.86591246773619,47.07531019635803],[4.865902113026857,47.07531343448634],[4.8658947842112505,47.075317641398584],[4.865887490580697,47.07532286538406],[4.865749127970694,47.07525766480654],[4.865653363965567,47.075213227881875],[4.865563639016101,47.0751707376778],[4.865048382421165,47.07493280328652],[4.864879668805973,47.07485479914432],[4.864883901142044,47.07484758033532],[4.864886715368061,47.074842428700286],[4.864887886374094,47.07483321500484],[4.864886185684499,47.074827109582806],[4.864882983066853,47.074821028398404],[4.864876754601384,47.07481397840228],[4.864867570622875,47.07480799374237],[4.864859994696192,47.07480505406829],[4.864849427778083,47.07480215365497],[4.864840420568791,47.07480128136592],[4.86483141304859,47.07480040007552],[4.86481953414212,47.07480263605688],[4.86481066821785,47.07480585006373],[4.864803303909466,47.07480903083262],[4.864794543790149,47.07481530506155],[4.864183589839179,47.0745349724219],[4.863707916419737,47.07431682752626],[4.863712254614988,47.07431266898368],[4.863716464783819,47.07430442392822],[4.863717635978046,47.07429521024291],[4.8637159354378605,47.07428910480252],[4.863714222034389,47.074283008575236],[4.86370799347277,47.07427594951417],[4.863698787745955,47.074268947473044],[4.863692700697508,47.0742659837121],[4.863683622686518,47.07426305918192],[4.86367461558609,47.07426218680187],[4.8636626306975,47.07426135343914],[4.863649236773133,47.07426361373493],[4.863641837327124,47.07426577735564],[4.863632971420922,47.074268991272746],[4.863624259570709,47.07427628227645],[4.8630861602277475,47.074026441992224],[4.86259366595528,47.07379732472505],[4.862597969071469,47.073792149148304],[4.862600677469394,47.07378392833995],[4.86260196769801,47.0737777746784],[4.862601756336913,47.07377165422551],[4.8625969815822545,47.07376355403238],[4.862592325994382,47.07375852285383],[4.862586168196806,47.07375350688222],[4.862576984963774,47.07374753103878],[4.862567942533916,47.07374563249638],[4.862558913279253,47.07374373374092],[4.862546950781525,47.07374392655066],[4.862533534680692,47.07374516042927],[4.862526135261048,47.073747323978935],[4.8625187932203815,47.07375153089174],[4.86251003300709,47.0737578049498],[4.862508579403219,47.073758846019594],[4.862358085876028,47.073688721773514],[4.861704469238534,47.073384541433214],[4.861708666778,47.07337630566116],[4.861709921681783,47.073369125932345],[4.8617111637214405,47.07336195541643],[4.8617093578086585,47.073352789716864],[4.861704548119025,47.07334367241002],[4.861699892650619,47.07333864119477],[4.861692211164148,47.073332632083186],[4.861680037189035,47.07332669534707],[4.861672461644081,47.07332375546259],[4.861658904585728,47.07332090293568],[4.861643916471854,47.07332012675556],[4.861634944666566,47.07332027129199],[4.8616245546672605,47.07332248296291],[4.861611244584269,47.07332678596311],[4.86160395080809,47.07333200968187],[4.8616010307244615,47.073334101011824],[4.861537083446395,47.07338826464666],[4.861468775504235,47.07344556041625],[4.8614033746536345,47.07350077403246],[4.861297373194592,47.07354948206097],[4.861423736739097,47.07357094245127],[4.861664075854873,47.073687647755996],[4.861888608604019,47.073822996833705],[4.862251828987413,47.07407667856161],[4.862388039980102,47.0741664403623],[4.862525647662689,47.07425311756663],[4.862894875856411,47.07446378846148],[4.863271788786648,47.074680467165834],[4.863665091509697,47.074938765750346],[4.86391529579874,47.07508084749407],[4.864114178590807,47.075209455571745],[4.864227230758969,47.07527813731677],[4.864331099205299,47.07534083424816],[4.864471809511639,47.07543052107497],[4.864600380968909,47.07551529737836],[4.864733679728007,47.0756071567748],[4.864851777873984,47.07569210180512],[4.864897155349181,47.07570669719361],[4.865001201870682,47.07577449688414],[4.865033429226078,47.075754569548366],[4.8650978678833185,47.0758015478405],[4.865141773421096,47.07586010558607],[4.865930657085163,47.0764410338828],[4.866020971973713,47.07650088624676],[4.866108154897745,47.0765567005392],[4.866155600669881,47.07658760735155],[4.866294577344657,47.07649748564957],[4.866612001405961,47.07629106407575],[4.866899440897657,47.07612600275668],[4.86711567170896,47.076064269660876],[4.867266573194309,47.075972936418346],[4.867261916668631,47.075967896431074],[4.867270734250059,47.07596366537729],[4.8672780057955505,47.07595742401972],[4.867282273110086,47.07595122219873],[4.867285016427109,47.075944027360485],[4.867286257473357,47.0759368477904],[4.867284486051653,47.07592870825982]]],[[[4.868770287219143,47.07965774506849],[4.868773190458136,47.079568803111094],[4.868762355435111,47.0795148271905],[4.86870862341904,47.079388986172255],[4.868652763428763,47.07928771099391],[4.868552638015411,47.07911767270111],[4.868539931216497,47.07909641762135],[4.86849858585469,47.07902556301344],[4.868454284930413,47.07895577381573],[4.868422230875684,47.0788939637592],[4.868326139621033,47.07871056767187],[4.868300585156198,47.078663980167185],[4.868260742472197,47.078593101181525],[4.868217931065138,47.07852328781426],[4.868192495965108,47.078479760286],[4.868134142107405,47.07839282618438],[4.868074817348654,47.07832124441489],[4.868018744013886,47.078256751561995],[4.867876763642156,47.07808738921558],[4.867737581229718,47.077955778306],[4.867499478777393,47.07773176451366],[4.867285999154308,47.07752779528708],[4.867104978520241,47.07735394758866],[4.867019970863075,47.0772745940668],[4.866739168008696,47.07702674613274],[4.866508893513332,47.07685574641468],[4.866125122795299,47.07661466625563],[4.865981640806347,47.076531149997535],[4.86591141753319,47.076490389442505],[4.865859258352235,47.07645240812656],[4.865062150149503,47.07585015156385],[4.865045460544272,47.07584327040817],[4.864932406149973,47.07577458947685],[4.8648239728407985,47.07570992244491],[4.864712632878398,47.075647346504105],[4.864478477923261,47.07549376841611],[4.8641375710197305,47.07528060130314],[4.863912708977127,47.07513606699041],[4.863865349548499,47.0751072021789],[4.863799728111515,47.075069428083914],[4.863705115288418,47.075014758571406],[4.863611955961063,47.07495903889655],[4.863266316366866,47.07473879510113],[4.863034165418901,47.074599491873805],[4.862838736646224,47.07448410967917],[4.86247090477283,47.0742703541741],[4.86236831764037,47.0742015021022],[4.8622735180966865,47.07414171923579],[4.862128101872257,47.074044955132614],[4.8618447845368635,47.07385333158863],[4.861657126246671,47.0737459994064],[4.8616144601532145,47.0737231909513],[4.8614272123645,47.0736281085139],[4.861090699041175,47.07354157170539],[4.8610542037104505,47.07356769955334],[4.861209298363488,47.073727673000576],[4.861178537610215,47.073746558018776],[4.861144856710631,47.07376753434679],[4.861117064619464,47.073785353894486],[4.861085070518631,47.07376849722699],[4.86105620806147,47.07375567869119],[4.861027381022125,47.07374388622452],[4.860980799192639,47.07373747688986],[4.8610000290992685,47.07368812231626],[4.861059898877053,47.07368920242005],[4.86101617593494,47.07363575546113],[4.86092083709249,47.07351671387047],[4.860529244748392,47.07378459804053],[4.860611057681271,47.07381496274622],[4.860690372848545,47.073859659612665],[4.86073452769931,47.07388245343687],[4.861277808543538,47.074326356276146],[4.861890167001119,47.07482125951122],[4.862213392166988,47.07508580720181],[4.862717626932067,47.07548128779302],[4.863130923754372,47.075798541222994],[4.863215901092394,47.075876871357984],[4.863192539503975,47.075893593305956],[4.863188165694905,47.075896725751754],[4.863430397196366,47.076154398799495],[4.863492373787399,47.07621675432281],[4.8637045991106325,47.076384998048134],[4.864299417533079,47.07684747217629],[4.864514551539363,47.07696967557319],[4.864853121159845,47.07715835691886],[4.865053432014347,47.07728489611612],[4.865329596111782,47.07744188361937],[4.865570702542047,47.07758002018535],[4.865627178915985,47.07761282572133],[4.86571269785297,47.077663560959024],[4.865795260983801,47.07771535249112],[4.865877824584571,47.07776715296396],[4.866047856108348,47.07788294027431],[4.866183765041641,47.07796350782645],[4.866415833007142,47.078099753347935],[4.866652129775685,47.07827168263423],[4.86668280290162,47.078293665358885],[4.866748213772904,47.07836822044027],[4.8667364272201805,47.078373526047145],[4.866828548908678,47.07848545544496],[4.866855025387276,47.07851568306631],[4.866969501932058,47.07862520695283],[4.866954759662001,47.078631577970334],[4.8669108951129525,47.07870380962019],[4.866922593921758,47.078739382160705],[4.866959311905397,47.07884914451279],[4.866984269261203,47.07892230867163],[4.86700419454552,47.078979208822474],[4.86710794235584,47.079167588446175],[4.867233656633828,47.079342329708695],[4.867354737238324,47.079513057131884],[4.867504186764025,47.07972521139801],[4.867683636923994,47.079982872615524],[4.867823169231337,47.07995200662263],[4.8680086656226935,47.079909158463195],[4.868192624419283,47.07986531721466],[4.868376511821061,47.0798194235287],[4.868560363670426,47.07977251247814],[4.8686793962194015,47.07975424259897],[4.868779312533682,47.07974547649863],[4.868770287219143,47.07965774506849]]]]}},{"type":"Feature","id":"inao-denom-2355","properties":{"id":"inao-denom-2355","name":"Corton Le Meix Lallemand","tier":"grand_cru","kind":"vineyard","appellationId":165,"denominationId":2355,"sourceName":"Corton Le Meix Lallemand","communes":["21010"],"areaHa":0.55,"parentAppellation":"Corton"},"geometry":{"type":"Polygon","coordinates":[[[4.859028493168387,47.066215784552746],[4.8589314146710425,47.06621939076015],[4.8589294204310525,47.06620512181011],[4.85892740400564,47.06618982656831],[4.858946798417785,47.06618848788605],[4.858944804174868,47.06617421893614],[4.858952004644782,47.066165925921936],[4.8589728878752965,47.06616457228726],[4.858970765669244,47.06614620780753],[4.858957316326311,47.06614642419519],[4.858931906157051,47.06614683301739],[4.858906460938792,47.06614622475497],[4.858879421439561,47.06614257119617],[4.858867249396306,47.06613663414912],[4.858845719665668,47.066119608547794],[4.858844161054612,47.066117598336994],[4.858836551318976,47.06611363217958],[4.858825867802859,47.066107671180866],[4.858812277661401,47.06610380123392],[4.8587987228785945,47.06610095736518],[4.858785203143513,47.06609913057393],[4.858771753811572,47.06609934694003],[4.85872121480533,47.06610832813227],[4.858684934196828,47.066053742920374],[4.8583880952370375,47.06620565263341],[4.858278400555398,47.066190044948065],[4.858115093310772,47.06618143222788],[4.858099181417881,47.06619701579735],[4.858068859296815,47.06622815878033],[4.858063723070119,47.06625276386341],[4.85809714085894,47.06631149288479],[4.858131405150354,47.06635079202227],[4.858158831634696,47.06636567863051],[4.857974980609639,47.06649839811878],[4.857950413899966,47.06661016647556],[4.85798839410106,47.06667086644902],[4.858262689268201,47.06694949502556],[4.858405264877475,47.066877723059434],[4.858403343022061,47.06690840031999],[4.858399695421999,47.06693298147062],[4.858393071049631,47.06695761950468],[4.858383209592398,47.06697514107698],[4.858371741298075,47.066989635564724],[4.858358749107837,47.06700312791271],[4.858342731307175,47.06701564227322],[4.858326713809156,47.067028165632145],[4.858086129483273,47.06716384197041],[4.857780429095032,47.067276051299075],[4.857826958185745,47.067324348122376],[4.858123114333738,47.067238867935366],[4.858446812302598,47.06704156166618],[4.858687722267596,47.06687215301272],[4.858872944003979,47.0666924006574],[4.85887446789451,47.066693402789255],[4.858861486209069,47.06666397392101],[4.858858977252181,47.0666343855718],[4.858810149808986,47.066562621276546],[4.858784950652598,47.066569159542034],[4.858758614662894,47.066585928540455],[4.8587066091618665,47.066595968963284],[4.858675793721511,47.06652595914935],[4.858660138596816,47.06650576807274],[4.858633778354522,47.06647860768794],[4.858607769811047,47.06646165408996],[4.858613879687254,47.066421705637744],[4.858643909530654,47.066425311156976],[4.858673868979118,47.06642687350963],[4.858703793074204,47.06642740977483],[4.858724724630311,47.0664270730522],[4.858816643219641,47.066404142777365],[4.858821029375604,47.06640100127416],[4.858823879097311,47.06639687585149],[4.858825191454502,47.066391739507395],[4.858823597478988,47.06638870321682],[4.858884490147358,47.06637648447204],[4.858892134972088,47.066381467704915],[4.858901211087046,47.06638438361867],[4.858913264560288,47.066387260635985],[4.859015936690057,47.06637232535034],[4.859028493168387,47.066215784552746]]]}},{"type":"Feature","id":"inao-denom-2356","properties":{"id":"inao-denom-2356","name":"Corton Le Rognet et Corton","tier":"grand_cru","kind":"vineyard","appellationId":165,"denominationId":2356,"sourceName":"Corton Le Rognet et Corton","communes":["21606"],"areaHa":11.8,"parentAppellation":"Corton"},"geometry":{"type":"Polygon","coordinates":[[[4.87530108819519,47.07531660502154],[4.874967141975394,47.07521881835074],[4.874625476514172,47.075071093242414],[4.874570026537874,47.07506790414632],[4.874173429285029,47.0751897989755],[4.874113513916387,47.07531645425104],[4.873877636621306,47.07541530749934],[4.873774172143625,47.07545070251267],[4.873603329984415,47.07548412790518],[4.873507334358918,47.075476489420524],[4.873382840166494,47.07546624190885],[4.8730460361683345,47.075458417966836],[4.872971401349088,47.075462698579244],[4.872837049287574,47.0754699822451],[4.872760947808553,47.075475304134166],[4.872909899319385,47.075758992198],[4.872925916905064,47.07578938799629],[4.873067800120598,47.0759127719228],[4.87309089798616,47.07593181382942],[4.872974854455839,47.076035873291005],[4.872883516062685,47.076119098317626],[4.872771844696134,47.076220015755716],[4.8726317226835185,47.076276446677596],[4.872557972951844,47.07630625281177],[4.872272821434944,47.07619234001379],[4.872183351206158,47.07615701025243],[4.871955885321047,47.07606771129521],[4.8718163789168365,47.076012748832575],[4.871780170741221,47.07604705262061],[4.871628821441093,47.075952431560516],[4.871513653765362,47.0759093403082],[4.871487884609466,47.075899536168684],[4.871366700089774,47.0758555155637],[4.87129614698694,47.07571871784184],[4.871050931231795,47.07559189866605],[4.871014558987101,47.075621098644476],[4.870765845345818,47.07582437611547],[4.870770466595684,47.075828389889146],[4.8707003646818405,47.07596337629084],[4.870701178294234,47.076029780090764],[4.8707163302519865,47.07607857980653],[4.87073746404784,47.07612729169194],[4.870761552730729,47.07617492008471],[4.870766351028425,47.07618403721897],[4.870826846241549,47.07628932504206],[4.87084569864985,47.07631558663113],[4.870864351943041,47.07633572757124],[4.870885876056776,47.07635274208613],[4.870911857946077,47.07636867579114],[4.8709164568346734,47.07637166327247],[4.871046388009919,47.07645233098717],[4.871067026677755,47.07644381966702],[4.871140054012569,47.076479416518694],[4.871191450177625,47.07653785078403],[4.871206390373216,47.07658052999577],[4.871217878892078,47.0766099726959],[4.871197545842799,47.07662767390312],[4.871188905520424,47.07663700861496],[4.871130059619168,47.07666554584521],[4.871065302377222,47.07673914416121],[4.871030347290917,47.07676627688445],[4.870982329896892,47.07680486017447],[4.870809942227618,47.076923112914784],[4.87059557646143,47.07703898293189],[4.870537948659569,47.07705933196961],[4.870480426948216,47.077082741194175],[4.870427468838364,47.07710812081823],[4.870402478735462,47.077120791025294],[4.870363043446886,47.07714799604468],[4.87032665660522,47.07717719600417],[4.870294797796574,47.07720734031306],[4.870290446700628,47.07721149931174],[4.8701910488543705,47.077364331372195],[4.870151775743393,47.07743956100629],[4.870001209356875,47.077712771352864],[4.869976040147125,47.07776325021645],[4.869939423681414,47.07787215404901],[4.869851120376218,47.07808610790962],[4.869796571426387,47.07819530181741],[4.869769530799088,47.078278510527774],[4.869774165360704,47.07828252412471],[4.869714008566747,47.078445959867295],[4.869651438304901,47.078668700987166],[4.869583135553537,47.078855773232],[4.869519347365581,47.0790437900284],[4.869486974341672,47.07914547448809],[4.869895731297373,47.07898456731777],[4.8699262853626655,47.07904641026753],[4.8702318616135285,47.07966271339448],[4.870110334791631,47.07969533526767],[4.870288715415779,47.07983550386789],[4.870464673675316,47.07994913565013],[4.870469153529377,47.07994906314609],[4.8709703793204655,47.07986635593488],[4.871337759248676,47.07980625673514],[4.871426987608404,47.0797915285315],[4.871434436282154,47.079790390274255],[4.8714701018231334,47.079783679871795],[4.871476544428194,47.079796858924986],[4.871568409161608,47.07977186647129],[4.871953768969587,47.07966957968534],[4.8719597152427365,47.079668456723056],[4.872031010719015,47.079654018512095],[4.87251546848165,47.07951946922684],[4.87249732299663,47.07947071826471],[4.872494048305771,47.07946259415986],[4.872492488488047,47.07946057514177],[4.8724356862736755,47.0793327501727],[4.872424373695418,47.07930841097424],[4.872419574839551,47.079299293918645],[4.872315192677829,47.07913647817352],[4.872286763070108,47.07909300001039],[4.872253521527634,47.07904040498978],[4.872193494491835,47.07894839372062],[4.872180821917811,47.07892816511106],[4.8721380892722115,47.07886039613217],[4.8722451903112125,47.07884333344678],[4.872367174835766,47.078823985239914],[4.872471284833751,47.07880697080108],[4.872791098254357,47.0787558056467],[4.8728714359313905,47.07874326465209],[4.872966893001655,47.078778505906406],[4.8732758317455485,47.078887942985695],[4.87329487552178,47.07887638619612],[4.873408997937277,47.07880301311355],[4.873663627604567,47.07864051114225],[4.87377040688761,47.078571336309494],[4.8737816135943905,47.07859261517134],[4.873900085670885,47.07851508246848],[4.873924969265967,47.078499351300295],[4.873990811493451,47.07845740682398],[4.874002278341463,47.07844291984442],[4.873995039357978,47.07823459146887],[4.874031913246499,47.07787534178926],[4.874010787534718,47.077783718212245],[4.874007300047457,47.077769473722036],[4.874003776908473,47.07775420316062],[4.873940835525269,47.07749261773046],[4.873837382163777,47.07705492534197],[4.873975789637637,47.07686262482292],[4.874026025080823,47.07671569276409],[4.874087062246767,47.07644903485505],[4.874135796879925,47.07634504821717],[4.874188726555955,47.07623280733668],[4.87427149277907,47.07611804723356],[4.874543292942793,47.075933803856294],[4.874585112506741,47.07588918667599],[4.874807722958818,47.07566690795109],[4.874992888341685,47.07552903438039],[4.8752102515547415,47.0754141249026],[4.87530108819519,47.07531660502154]]]}},{"type":"Feature","id":"inao-denom-2357","properties":{"id":"inao-denom-2357","name":"Corton Les Bressandes","tier":"grand_cru","kind":"vineyard","appellationId":165,"denominationId":2357,"sourceName":"Corton Les Bressandes","communes":["21010"],"areaHa":17.18,"parentAppellation":"Corton"},"geometry":{"type":"Polygon","coordinates":[[[4.872772946400138,47.07457183802456],[4.872411554696308,47.07411380155123],[4.872331391001382,47.073958761445866],[4.872260895721056,47.07386691975054],[4.872193497835377,47.073778098775755],[4.872075214873339,47.0736880488272],[4.8720201564917,47.07365317913492],[4.871992580652129,47.07363420956276],[4.871945098521852,47.07360227904185],[4.871905312279311,47.07357635672045],[4.871819594766407,47.07351950534307],[4.871717032737932,47.07345168762477],[4.871548527326898,47.0733369104394],[4.871468884760103,47.073283022358815],[4.8712878641555735,47.073152093135775],[4.871076726342716,47.073015527418306],[4.870942913523463,47.07295230362509],[4.870767259078627,47.07288974806586],[4.870685832632857,47.072827711164095],[4.8706306830675645,47.07278978036626],[4.870568050274876,47.07275196167243],[4.87050398687009,47.072716219402636],[4.870392681767452,47.07265466594215],[4.87027232154921,47.072591223646626],[4.870235952165369,47.07257750222269],[4.870130295608955,47.07254958344274],[4.870096916840023,47.0725358135763],[4.870052852374541,47.07251609275319],[4.870011720827828,47.07249428015697],[4.869647291299332,47.07224983664311],[4.869499110634301,47.07216026786729],[4.86909167704851,47.07188280104416],[4.868886106023021,47.07173387562993],[4.86884618135797,47.07170387494188],[4.868644489349698,47.071537514381596],[4.868421184085921,47.07135106902345],[4.8683655290418875,47.07129883529296],[4.868158049321222,47.07113768272734],[4.868025855403413,47.07103457024968],[4.867890495110014,47.0709264115839],[4.867821191452216,47.070868265346114],[4.8675824985576135,47.070712722545174],[4.867137136801209,47.0707219640565],[4.867077318574239,47.0707219039617],[4.867012764850619,47.07067185767745],[4.866807655367895,47.070622037917964],[4.866588005089678,47.07058471844777],[4.866323206526039,47.070538923962935],[4.866266525058661,47.070499989233305],[4.866073529494918,47.070368227836795],[4.866006141231349,47.07032231536801],[4.86578780559043,47.07019300700948],[4.865565155288761,47.07006887413942],[4.86499953672279,47.069757167823866],[4.864935493425904,47.069721413217486],[4.864816612480499,47.0696569148616],[4.864741884870678,47.069615208708704],[4.864347868663674,47.06959499989632],[4.8641202182495125,47.069802003261486],[4.8637661860467185,47.07020315406735],[4.863455270235829,47.07051062460391],[4.8634674302861125,47.07051655237056],[4.863448634248284,47.07053525410927],[4.863408157094733,47.07057575703016],[4.863372277860851,47.070619247723734],[4.86333937584825,47.07066269039516],[4.863349017576115,47.070681951178614],[4.863364851967498,47.07070724497295],[4.863385094578029,47.070730414381636],[4.86344828436071,47.070784573215676],[4.8634975873885,47.07082669922683],[4.8635529194237765,47.07086973662261],[4.863620588651923,47.07092382312346],[4.863714693907911,47.07100712092668],[4.863882039423072,47.0711321403975],[4.86396675036319,47.07120332378649],[4.863972872539585,47.07120731361254],[4.864156717817336,47.07133411083098],[4.864293137220833,47.071430008927585],[4.8643997901395695,47.07148652796499],[4.864411421308862,47.07147714549361],[4.864458897109522,47.0715090791327],[4.864598166425354,47.071600833307855],[4.864733014500037,47.0716947029583],[4.864861754220702,47.07178459145862],[4.865041054024984,47.07190942538164],[4.865214161642596,47.07202822611149],[4.865244336046816,47.07203590720958],[4.865255220238567,47.07204799726775],[4.86541906402719,47.07224460328492],[4.865503601923333,47.07231067314367],[4.865555487665734,47.072340490860775],[4.865592526585083,47.07237361018596],[4.865603693288401,47.0723938638106],[4.86562080591678,47.07241300379567],[4.865639385239259,47.07243110245576],[4.865769352201823,47.072469871884934],[4.865828142615799,47.072483223668755],[4.865889557347553,47.07248632059682],[4.865941143720113,47.07246403606286],[4.866000981680332,47.072421175343194],[4.866461813941656,47.072729463346136],[4.86653690072014,47.07278138408966],[4.866768129900333,47.07293704961196],[4.867062225310131,47.07313768202029],[4.867117279960861,47.07317255408048],[4.86718431939142,47.07320825911312],[4.8673824918539825,47.07335934233887],[4.867399393204262,47.07337235260858],[4.8674125968841215,47.07336498871943],[4.86762243348929,47.073550627005226],[4.867855424205906,47.07375735122622],[4.867864679093626,47.07376537879886],[4.868053919158849,47.073917631937896],[4.8680793167694185,47.07396014249172],[4.868267426078168,47.07407971390986],[4.86829347656081,47.07409768236279],[4.868391755293566,47.07417170518284],[4.868485590459231,47.07424682641887],[4.868604093873235,47.07434300025122],[4.8687010618671644,47.074422159242964],[4.868767074835323,47.07447115437073],[4.868781767339456,47.07446376625286],[4.868995787074122,47.07464013966271],[4.869032652835372,47.0746681544929],[4.869047345356789,47.07466076634178],[4.869090298551262,47.07469174463184],[4.869128489462188,47.07471463177255],[4.8692149649356455,47.07475002129163],[4.869305508248984,47.07477307919511],[4.8693528350438875,47.07480092470797],[4.869423788654631,47.07486312294376],[4.869434674353494,47.07487521259656],[4.869445679303015,47.07489036225415],[4.869469023162318,47.0749165514026],[4.869496846483899,47.07494266807965],[4.869529233270221,47.074970755214984],[4.869569444024196,47.07500892821755],[4.869594135104754,47.07503100696218],[4.869634310692893,47.07506816286871],[4.869664877128725,47.07508708460771],[4.869709332951814,47.07511803836338],[4.869749367336492,47.075151116937704],[4.869774308246106,47.07513743000382],[4.869825736913513,47.07519688197606],[4.8698786768562465,47.07525733612117],[4.869892659224072,47.07527242855474],[4.8703574226802715,47.0754764240044],[4.870420024329578,47.07547030455983],[4.870506571364594,47.07555064839206],[4.870577031571477,47.07559855288901],[4.870707682791818,47.07565672209968],[4.870748958768004,47.075682620714154],[4.870786300646304,47.075680989561086],[4.870863395588128,47.075661351857526],[4.871098430675587,47.07545216274409],[4.871403880578895,47.0752459214167],[4.871942616101182,47.07503897147498],[4.871973550951362,47.075025186961675],[4.872086838341059,47.07497123578948],[4.87219711269322,47.07491631567185],[4.872566786497397,47.07470801295972],[4.872744010530028,47.074599900424985],[4.872772946400138,47.07457183802456]]]}},{"type":"Feature","id":"inao-denom-2358","properties":{"id":"inao-denom-2358","name":"Corton Les Carrières","tier":"grand_cru","kind":"vineyard","appellationId":165,"denominationId":2358,"sourceName":"Corton Les Carrières","communes":["21606"],"areaHa":0.48,"parentAppellation":"Corton"},"geometry":{"type":"MultiPolygon","coordinates":[[[[4.874030265967835,47.0787316297665],[4.874017344425766,47.07870425486461],[4.8740146357733565,47.07866955482914],[4.874002278341463,47.07844291984442],[4.873990811493451,47.07845740682398],[4.873924969265967,47.078499351300295],[4.873900085670885,47.07851508246848],[4.8737816135943905,47.07859261517134],[4.87377040688761,47.078571336309494],[4.873663627604567,47.07864051114225],[4.873408997937277,47.07880301311355],[4.873535027500453,47.078942998801175],[4.873751515629853,47.07918982919763],[4.873772509855748,47.079191533105124],[4.873903182049807,47.07912095314924],[4.874101425245959,47.079014542364476],[4.874119936855989,47.078987675386976],[4.874127228347756,47.07893952979539],[4.874030265967835,47.0787316297665]]],[[[4.87293568509779,47.07925823132301],[4.872907325880528,47.07921679645535],[4.872879321475132,47.079185577285536],[4.872848503411848,47.07915950992984],[4.8728314794867265,47.07914344048511],[4.872868043002905,47.07907643101888],[4.872827223638345,47.07902088801694],[4.87273187394927,47.07907454904635],[4.872649230820812,47.07902071035157],[4.872619511794852,47.07898338603115],[4.87259004095216,47.078953208197255],[4.872557472984379,47.07892001860493],[4.872541467852462,47.07888962257499],[4.872471284833751,47.07880697080108],[4.872367174835766,47.078823985239914],[4.8722451903112125,47.07884333344678],[4.8721380892722115,47.07886039613217],[4.872180821917811,47.07892816511106],[4.872193494491835,47.07894839372062],[4.872253521527634,47.07904040498978],[4.872286763070108,47.07909300001039],[4.872315192677829,47.07913647817352],[4.872419574839551,47.079299293918645],[4.872424373695418,47.07930841097424],[4.8724356862736755,47.0793327501727],[4.872492488488047,47.07946057514177],[4.872494048305771,47.07946259415986],[4.87249732299663,47.07947071826471],[4.87251546848165,47.07951946922684],[4.872523364876755,47.07953160702933],[4.872580781742508,47.07950512759612],[4.872842839951995,47.079384401654295],[4.872853562966776,47.0793913784],[4.8728667673753625,47.07938401390309],[4.872891261579931,47.07935705018722],[4.8729352602510145,47.07928889356578],[4.8729377191597125,47.079273526037795],[4.87293568509779,47.07925823132301]]]]}},{"type":"Feature","id":"inao-denom-2359","properties":{"id":"inao-denom-2359","name":"Corton Les Chaumes","tier":"grand_cru","kind":"vineyard","appellationId":165,"denominationId":2359,"sourceName":"Corton Les Chaumes","communes":["21010"],"areaHa":6.73,"parentAppellation":"Corton"},"geometry":{"type":"MultiPolygon","coordinates":[[[[4.858700631980637,47.067984687794514],[4.858596488951694,47.06782696242269],[4.858446838708465,47.06760661392651],[4.858320898687947,47.067423689769264],[4.858219666919937,47.06730679404136],[4.858169806323584,47.067292268228904],[4.857962430510739,47.0673497542071],[4.857894348917102,47.067370265195486],[4.857897479933954,47.06737430343053],[4.857693150984606,47.06743378421212],[4.857616344447825,47.06746158582096],[4.857510105343273,47.06750314392224],[4.857375852036878,47.0675564003477],[4.8573696604116146,47.06755036700849],[4.856784846745524,47.06776514083978],[4.856702234639474,47.06779815034205],[4.856627034140771,47.06782898739659],[4.8564530491624796,47.06790127072555],[4.85635723247742,47.06794163362976],[4.856237963498366,47.06799566559247],[4.8561774899323025,47.06802013289013],[4.856073852425264,47.068050408750715],[4.856030710352291,47.06805723462021],[4.855933874226995,47.068067984864115],[4.855671767051444,47.06809977898546],[4.855423285268967,47.0681364689365],[4.85527744473022,47.06815720931832],[4.855172409954871,47.068190568720986],[4.854949535645172,47.06827589138577],[4.854856905097755,47.06832233472556],[4.854755540496391,47.06837505104937],[4.854718870118011,47.06839607354419],[4.854243742135952,47.06871330507369],[4.854211563446189,47.068734255318056],[4.85407102776633,47.06882234345761],[4.853931980222944,47.06891040753956],[4.853835430498718,47.06897326719265],[4.853537291075665,47.06917525618387],[4.8529296050985815,47.06959575991085],[4.85340889079744,47.06992117467797],[4.853632265986935,47.06971936788385],[4.853715108271358,47.06964957784737],[4.853773393990046,47.06960470413907],[4.85381279717465,47.06957648763015],[4.853833308664566,47.06956389283691],[4.853986159373146,47.06948582888341],[4.854505420901298,47.069016667125005],[4.854511190906368,47.06901044165791],[4.854537283694711,47.06898652708365],[4.854869346742926,47.06929283822247],[4.854923455283844,47.06925723475606],[4.8550097771039535,47.0692016888882],[4.855096112229324,47.069146151744],[4.855387606180508,47.06896878778511],[4.855469650140369,47.06887550443315],[4.855705405114706,47.06872968997083],[4.855867924441627,47.06867190201887],[4.856064426126326,47.06860232888836],[4.856375854638914,47.069004004173465],[4.856474306180393,47.06912707896825],[4.856704664104165,47.06904163315429],[4.856848174509201,47.068996415004214],[4.857037558183954,47.068937167047814],[4.85727872581733,47.06886176777022],[4.85743400778006,47.06881125344241],[4.857421602380913,47.06879816948472],[4.857448080267343,47.06878547811869],[4.857512470193343,47.06874459289788],[4.85758269999952,47.068699525177315],[4.857592926700087,47.06869221026027],[4.857677145478448,47.0686193331916],[4.8577526523096575,47.0685537466352],[4.857807943147713,47.06850891895362],[4.857951110372177,47.06841056238816],[4.8579789492561565,47.06839376943628],[4.8580141869871305,47.06837481321324],[4.858049494761129,47.06835789113641],[4.858185238283835,47.06830461900488],[4.858441975094177,47.068203417712276],[4.858506997126369,47.068180920348105],[4.858585363198526,47.06815513736777],[4.858743645082334,47.06810456395556],[4.858700631980637,47.067984687794514]]],[[[4.855131399492889,47.067215408274784],[4.855161877571229,47.067188352182285],[4.855068762694686,47.06713365176404],[4.85496434533023,47.06709752231619],[4.8549038157019915,47.06707703352743],[4.854795597919328,47.06723510929399],[4.854748349854845,47.06729615173045],[4.854490917334578,47.06759456221426],[4.854446027050191,47.067637177082524],[4.853967822174632,47.06808217544469],[4.854011969456679,47.0681049718823],[4.853997346885953,47.06811440129907],[4.853931453300552,47.068155308665624],[4.853754282959518,47.06826543575161],[4.853471745281777,47.06844265194265],[4.853417566706505,47.068476220579555],[4.8532865847918245,47.06858152644877],[4.853175903089908,47.068668108003756],[4.853033252425865,47.06878176884763],[4.852983657315431,47.068818325688845],[4.852483457570262,47.0690153839491],[4.852477617163005,47.069019566154275],[4.852370921095857,47.069091772993666],[4.851998407984615,47.069479899435024],[4.85182028111005,47.06978009414674],[4.851796201580712,47.06981931244899],[4.851808006730914,47.069857946656875],[4.85185187397304,47.06987257126374],[4.851672208266822,47.07017177269535],[4.851344982036169,47.07057245431484],[4.851052081295783,47.07092761978635],[4.851117373079701,47.07095620245108],[4.851185795657028,47.07098882349053],[4.8522862481839955,47.07002296489857],[4.852693411541151,47.06968538018772],[4.852844685604366,47.069561360144576],[4.852988616774875,47.06944154621174],[4.853105667044049,47.069366101823185],[4.853472764937213,47.069125202099634],[4.853674507680471,47.06899014989764],[4.853781223582311,47.06891895914321],[4.853931987208836,47.06882355676627],[4.853972996686906,47.06879837633933],[4.854094522818554,47.06872285006674],[4.8542145253695566,47.06864633947319],[4.854256987896345,47.068620108975956],[4.854523434875112,47.06845337054179],[4.854546865864464,47.068438684462386],[4.854697543370867,47.068341238122564],[4.854904567144363,47.06822961268294],[4.855001886866357,47.06818921787711],[4.855183471293303,47.068120903347264],[4.855418986507657,47.06805479345991],[4.855654404825642,47.06802956139754],[4.855915325797673,47.068006972151856],[4.855933197374452,47.06800464080647],[4.8559852621851185,47.06799665400813],[4.856035768110258,47.06798664793823],[4.856099407616556,47.06796723607666],[4.855131399492889,47.067215408274784]]]]}},{"type":"Feature","id":"inao-denom-2360","properties":{"id":"inao-denom-2360","name":"Corton Les Combes","tier":"grand_cru","kind":"vineyard","appellationId":165,"denominationId":2360,"sourceName":"Corton Les Combes","communes":["21010"],"areaHa":1.69,"parentAppellation":"Corton"},"geometry":{"type":"MultiPolygon","coordinates":[[[[4.858218526417875,47.06479932263007],[4.857735771673098,47.06502370866009],[4.857454636436817,47.06515390302349],[4.857176512466751,47.06528508392673],[4.856916095010404,47.06540882004191],[4.8566026614247075,47.06555690329809],[4.8565600264996975,47.06557802228279],[4.856449579689407,47.06562782425529],[4.856342171030676,47.0656785949479],[4.856273046092661,47.06571240516356],[4.856460219098577,47.06589332099196],[4.856924186449761,47.066382456716426],[4.857031113094753,47.06649109385886],[4.857135120277983,47.06660182212029],[4.857172361115731,47.066641073687514],[4.857235811103583,47.06652969816214],[4.8573189045973555,47.066380200966485],[4.85740635781931,47.066227571677935],[4.857490833515312,47.06607499017509],[4.857513335192472,47.066033751618384],[4.857543002474659,47.06598320305026],[4.857695180940482,47.06584281629247],[4.85770192436431,47.06582124731718],[4.857748440641655,47.06569584267754],[4.857862978868574,47.065547883699686],[4.857976485228362,47.06541322457581],[4.858016868471693,47.065326750953204],[4.858082052059613,47.065178558736804],[4.858081630120269,47.06516630877766],[4.858092979524574,47.065148754281886],[4.858105738037077,47.065128106183046],[4.858116946983242,47.06510647436539],[4.858121122255604,47.065097212408034],[4.8581392501296365,47.06505911498191],[4.858242036257717,47.0648306175365],[4.858218526417875,47.06479932263007]]],[[[4.856909270663575,47.0663837230803],[4.856449830317394,47.06589553220336],[4.856261296273155,47.06571872680535],[4.856119107377342,47.065801729038526],[4.855940518150182,47.06591393585003],[4.855894997771113,47.06593816285899],[4.855953800995949,47.065995458059724],[4.856344434228192,47.06635294916967],[4.856387162577624,47.06637780278804],[4.856578782030389,47.06655762934477],[4.856908718304066,47.066932430192594],[4.857066340525486,47.066906401104376],[4.857195065947408,47.06704022785136],[4.85746765097564,47.066965340640266],[4.856909270663575,47.0663837230803]]]]}},{"type":"Feature","id":"inao-denom-2361","properties":{"id":"inao-denom-2361","name":"Corton Les Fiètres","tier":"grand_cru","kind":"vineyard","appellationId":165,"denominationId":2361,"sourceName":"Corton Les Fiètres","communes":["21010"],"areaHa":1.11,"parentAppellation":"Corton"},"geometry":{"type":"Polygon","coordinates":[[[4.859971915735744,47.06742471786594],[4.859751327641025,47.067186105596875],[4.859715621332486,47.067147847775935],[4.859654937066041,47.06707934560296],[4.8595820102017955,47.06700286326873],[4.859509083544309,47.066926380886514],[4.8595607019871725,47.066905107235826],[4.859535688768899,47.066873836788126],[4.859693719624793,47.06681611550005],[4.859646837120135,47.06675760363041],[4.859598523757053,47.0667011680683],[4.859490935768131,47.066573127595376],[4.859478517211965,47.06656004406045],[4.859428189174934,47.06657515503489],[4.859356332549491,47.06652931070561],[4.859340020561008,47.06653366178608],[4.8592837605917705,47.06654989480395],[4.859229059537196,47.06656814700036],[4.859214319647675,47.06657451705706],[4.859184817666657,47.06658623087329],[4.859155386090237,47.066599987840306],[4.859128979784185,47.06661471376462],[4.859106876343108,47.06662426422333],[4.859087587245504,47.06662866316942],[4.85907121796388,47.06663097084151],[4.859053276564142,47.066631259514885],[4.859032815631877,47.066644872114125],[4.859019528867769,47.06665019211652],[4.8590001342914615,47.06665153081077],[4.858990097214309,47.0666639490411],[4.858965742646075,47.06669499624547],[4.858938410984007,47.066726091341515],[4.858908040517946,47.06675620867142],[4.858829934747478,47.0668330860007],[4.85871257059239,47.06694225880976],[4.858541676087423,47.067060469707165],[4.858363404323758,47.067181869926515],[4.85827049944956,47.06726306444034],[4.8582801034126915,47.06728129958956],[4.8583695853242075,47.06740451711806],[4.858375495488813,47.067402377771074],[4.858576448541626,47.06767912326913],[4.858697756871924,47.067858024075974],[4.858760752031333,47.067949994387504],[4.858790923545949,47.06795768618184],[4.8588144807977045,47.06794708576188],[4.858908701318828,47.0679036755319],[4.8597833852800045,47.06750847054796],[4.859971915735744,47.06742471786594]]]}},{"type":"Feature","id":"inao-denom-2362","properties":{"id":"inao-denom-2362","name":"Corton Les Grandes Lolières","tier":"grand_cru","kind":"vineyard","appellationId":165,"denominationId":2362,"sourceName":"Corton Les Grandes Lolières","communes":["21606"],"areaHa":3.04,"parentAppellation":"Corton"},"geometry":{"type":"Polygon","coordinates":[[[4.876729398630168,47.07677604552697],[4.8766431343824275,47.07666096661024],[4.876588399145684,47.07659236742018],[4.876475925778721,47.07645523573533],[4.876463514003429,47.07644215385645],[4.876392323461599,47.07637382176696],[4.876361469922757,47.0763467382524],[4.876273637337146,47.07627255242141],[4.876165980651904,47.07618744024492],[4.876050770104484,47.07610041531127],[4.876020130099119,47.07607946112699],[4.875823851459773,47.07594061832296],[4.87515711170208,47.07552023685581],[4.875030787296026,47.07558665935156],[4.874879192224782,47.075700492461024],[4.874872077130439,47.075710829368795],[4.874742326247085,47.07585087470564],[4.8745707663680236,47.07599262472866],[4.8745738991336625,47.075996662499826],[4.874359085462318,47.07614217574438],[4.874244534332117,47.0762891244586],[4.874145175258148,47.07652881951233],[4.874103073309681,47.07673794817557],[4.874013570679502,47.07696011122531],[4.873991644377156,47.077017679973146],[4.874011255601938,47.077022477194106],[4.873972131453072,47.07714470653865],[4.873998210636869,47.07724952420897],[4.8740084474644,47.07728614647735],[4.8740371982816075,47.07738172599782],[4.874068762686984,47.07747215365413],[4.874109039672811,47.07759820162716],[4.874150852965331,47.07768233918228],[4.874183328833359,47.07784223095716],[4.874491040893821,47.077744256488344],[4.874961419629215,47.07759255285606],[4.875431653622764,47.07743676102019],[4.8754125012254566,47.07740232784005],[4.876287974389435,47.07698553538525],[4.876697010892747,47.0767908815525],[4.876729398630168,47.07677604552697]]]}},{"type":"Feature","id":"inao-denom-2363","properties":{"id":"inao-denom-2363","name":"Corton Les Grèves","tier":"grand_cru","kind":"vineyard","appellationId":165,"denominationId":2363,"sourceName":"Corton Les Grèves","communes":["21010"],"areaHa":2.33,"parentAppellation":"Corton"},"geometry":{"type":"Polygon","coordinates":[[[4.864199778183302,47.06963723938193],[4.864188105120463,47.069602683743014],[4.864096780458157,47.06951321758353],[4.863836732736838,47.069301816225305],[4.863722881915587,47.069209642189854],[4.8633381753398055,47.068896027459],[4.863033474836946,47.068647529510216],[4.862719431745391,47.06838795129453],[4.862713521645079,47.06839009086294],[4.862704704944062,47.068394321580065],[4.8626942673317135,47.06839550748545],[4.862682354314826,47.06839671717431],[4.862671859632653,47.06839586871111],[4.862661281225039,47.06839297730437],[4.862652217431415,47.0683900524749],[4.862312376196088,47.06855288677991],[4.862075476560822,47.06866501617063],[4.8620152167880315,47.06869562498327],[4.862003854429785,47.06871317105449],[4.8620000102484155,47.06873163162665],[4.8620131841332,47.068810093040995],[4.8620108987554245,47.068830563779095],[4.862007089676921,47.068850041427886],[4.862000277067568,47.06886956747698],[4.861991953616175,47.06888809122328],[4.861980591520523,47.06890564629175],[4.8619677408253015,47.06892322534655],[4.861953352937091,47.06893980252163],[4.861908256164394,47.06897629980448],[4.861908608477604,47.06898650657866],[4.861907564965804,47.068999806784674],[4.861903509157142,47.06901213788694],[4.861897951267537,47.06902448418726],[4.861890869673287,47.06903583739668],[4.861880797711372,47.0690472387908],[4.861869153763111,47.06905663022829],[4.861861860589199,47.06906185397099],[4.861844200485818,47.069070315697225],[4.861828006730583,47.06907772714489],[4.861808787498808,47.06908416969643],[4.861789532846903,47.069089586166946],[4.861768705901066,47.06909298367651],[4.861747821917842,47.06909434681575],[4.861726902519208,47.06909468387335],[4.861705934532933,47.069093995061586],[4.861686398111745,47.06909124789549],[4.861655978901996,47.069076410317706],[4.861650068684091,47.06907854983122],[4.8616608806475625,47.06908858808444],[4.861867124444143,47.06938772102752],[4.861918363641935,47.06948601198415],[4.862013745845506,47.06960606978165],[4.8620353704339525,47.069626155216035],[4.862137631191992,47.06968581799765],[4.8621529004431405,47.069694766732056],[4.862274579013061,47.06975410745826],[4.862547494723054,47.069905029749414],[4.862599658416004,47.06994301243311],[4.862765320008231,47.07006295439047],[4.862811419739443,47.07009899945171],[4.862882796177491,47.07017346051251],[4.863002945859988,47.070274728606904],[4.863402238211451,47.070491036908024],[4.863686000158363,47.07021977507651],[4.863781116138788,47.07011606237477],[4.864076065618987,47.06977921969942],[4.864199778183302,47.06963723938193]]]}},{"type":"Feature","id":"inao-denom-2364","properties":{"id":"inao-denom-2364","name":"Corton Les Languettes","tier":"grand_cru","kind":"vineyard","appellationId":165,"denominationId":2364,"sourceName":"Corton Les Languettes","communes":["21010"],"areaHa":7.25,"parentAppellation":"Corton"},"geometry":{"type":"MultiPolygon","coordinates":[[[[4.861978143810449,47.071781020818364],[4.861912972277876,47.07171259211527],[4.861897561439559,47.071699557049236],[4.86188073246749,47.0716885891206],[4.861860912991754,47.071677669374054],[4.8618411286315695,47.07166776670033],[4.8618169005192415,47.0716589622692],[4.861666836863178,47.07160109599153],[4.861515319965672,47.07154427057598],[4.861525498086115,47.07153592945328],[4.861473593418518,47.071505092630154],[4.861359156743036,47.07143950152517],[4.8612667812417545,47.071406245580604],[4.8611593828835815,47.071371187241134],[4.861052033241956,47.07133715466652],[4.860931114360242,47.07130027859043],[4.860717186439064,47.07121175761481],[4.860224820599552,47.070985699475784],[4.859785665183234,47.07078431398542],[4.859601914663709,47.07070349144995],[4.859416710805412,47.07062370065143],[4.859354581400246,47.07060017794065],[4.859168932796756,47.07055105823971],[4.859008193330995,47.07053013953424],[4.8584611973532965,47.07088839457282],[4.858041257062732,47.07115774422951],[4.857748526481291,47.071343311728256],[4.857685787448499,47.07134533800663],[4.8576912867884765,47.07137488725748],[4.857743191685045,47.0713617870746],[4.857868669469842,47.07135772542087],[4.857901481379119,47.07135515357828],[4.857960198562472,47.07136647521425],[4.858210923324002,47.07148097623326],[4.858655718625408,47.071715985169305],[4.859287946397946,47.07213803248703],[4.859422505146023,47.07222374469952],[4.859559997292989,47.07230735626105],[4.859630267590652,47.07235016409951],[4.859883064870819,47.072524912202525],[4.8600977971407175,47.07267983863276],[4.860159660037534,47.07273912678726],[4.860565479880167,47.07266719421126],[4.861173886278294,47.07257156357828],[4.861266752121596,47.07253226199017],[4.861405656316342,47.07244011188833],[4.8617123057511575,47.0721817610987],[4.861808394091941,47.07210562794221],[4.861923921891446,47.07198626040546],[4.861991275478942,47.07190138627474],[4.861999048313558,47.07186651711228],[4.861978143810449,47.071781020818364]]],[[[4.860519119878562,47.073144097595055],[4.860317999168709,47.07295012934166],[4.860057994430105,47.072696824622525],[4.859950758126008,47.07262293908476],[4.85985888414495,47.07256106291656],[4.859590619033142,47.072371236026214],[4.859262030418198,47.072167060494166],[4.8586418700286345,47.07174788086662],[4.858175929831742,47.07150707903989],[4.857955532274447,47.071404356048944],[4.857920761206304,47.0713936760423],[4.857883210780623,47.07138917357406],[4.857728425616267,47.07141106934716],[4.857619247387215,47.07149763992925],[4.8575566594024435,47.07154769094109],[4.857523435666019,47.07158194224206],[4.857480187023035,47.07162862040003],[4.8573185497941065,47.071755874996725],[4.857245747378284,47.071813249509624],[4.857207798010071,47.07184042616348],[4.857158919267725,47.071897407103584],[4.857056937292093,47.07201961394963],[4.857007550926325,47.07214915262096],[4.856950155305646,47.07230641332771],[4.856911851862838,47.07241023377119],[4.856817358913953,47.072663109274885],[4.856873965495062,47.07270000545406],[4.856925389780555,47.072716551031434],[4.857018598605502,47.07273038082026],[4.857093195890246,47.07272509342768],[4.857277349810962,47.072687389906974],[4.8572831552209434,47.07268219038728],[4.857650299945048,47.07274679420947],[4.858505725802486,47.07287506785083],[4.858644964262319,47.072922899898295],[4.858961123556151,47.073070055102214],[4.859236343399723,47.073157593214944],[4.859249407282188,47.07314614395048],[4.859817173969593,47.07343333007588],[4.860327059027251,47.07368976336078],[4.860447220791049,47.07374811281975],[4.860456333622701,47.07375205468058],[4.860466864705462,47.07375392942],[4.860475836586001,47.07375378497428],[4.860486262109278,47.07375259948354],[4.860495163512055,47.07375041188383],[4.860898211601622,47.073468033333235],[4.860519119878562,47.073144097595055]]]]}},{"type":"Feature","id":"inao-denom-2365","properties":{"id":"inao-denom-2365","name":"Corton Les Maréchaudes","tier":"grand_cru","kind":"vineyard","appellationId":165,"denominationId":2365,"sourceName":"Corton Les Maréchaudes","communes":["21010"],"areaHa":4.4,"parentAppellation":"Corton"},"geometry":{"type":"Polygon","coordinates":[[[4.874574944951267,47.07396122122103],[4.873728886033055,47.073243328175536],[4.873014135398497,47.072644904923166],[4.873010696999584,47.072631677236586],[4.872996594689176,47.072613516161226],[4.872990342961643,47.07260544031033],[4.87264743509659,47.072335108004175],[4.872452396707696,47.07214515017935],[4.872396701634576,47.07209190133159],[4.872356490741887,47.072053720273644],[4.872123880083616,47.07181532561356],[4.872048740540244,47.07184821602017],[4.871873309892472,47.071921563653355],[4.871772819930501,47.07182714559492],[4.8716057861915205,47.07166840582745],[4.871126277821715,47.07185702393023],[4.870886640417481,47.07193345399745],[4.870548992050282,47.072029859803884],[4.870401240819989,47.072082323151285],[4.8701928536774215,47.07215415732326],[4.8699858969988545,47.07222392366595],[4.869807046817439,47.07228505766176],[4.869859465984691,47.07233019255507],[4.869908704286938,47.072370263660346],[4.869960946692456,47.07241029513747],[4.870003580014231,47.07243208344817],[4.8700400553408185,47.07244886516695],[4.870079485661505,47.07246457240286],[4.870182589707536,47.07250479830142],[4.870349589229458,47.0725766896329],[4.870384682191478,47.07259655555812],[4.870494604599745,47.0726611933453],[4.870603038578169,47.07272585512525],[4.870694676987458,47.07278056723411],[4.870714534244083,47.07279251153533],[4.870742002751396,47.072808412197276],[4.870770902591832,47.07282225439219],[4.870909194153802,47.072885405866124],[4.871046019760146,47.0729496075646],[4.87111591033108,47.0729811756041],[4.871244486391443,47.0730659445881],[4.871370107872656,47.07315178793067],[4.871738250613574,47.07341659995408],[4.872030523833363,47.07360702807157],[4.872036434135657,47.073604888030545],[4.872046788461197,47.07360165835144],[4.872058702105027,47.07360043869879],[4.8720707001509025,47.07360127097766],[4.872082733499028,47.07360312032771],[4.87209330025872,47.073606011080294],[4.872102413917249,47.07360995202305],[4.872111598494376,47.073615936110535],[4.8721178145924995,47.073622985933106],[4.8721225551492084,47.0736300596602],[4.87212582943007,47.073638183791935],[4.872126113101468,47.073646356373736],[4.872119267934069,47.07366485691392],[4.872257386120048,47.07376581556318],[4.8723560374958845,47.07385005053344],[4.872400574657298,47.07396990624733],[4.872410255519708,47.07399018332499],[4.87243445127651,47.074040880622036],[4.872461637713621,47.07409152945436],[4.872505252946652,47.07414191207108],[4.872712758318405,47.07438888998842],[4.872806693438651,47.074509980299496],[4.872933988323736,47.0744282257856],[4.873207982559053,47.07426438375676],[4.873263856249594,47.074236911209994],[4.873381597912603,47.07418186885599],[4.873499409993201,47.07412886052461],[4.87380276471993,47.07403504667272],[4.874148422102281,47.073953829357805],[4.874227831570118,47.073957656696],[4.874374638889676,47.073964470383416],[4.874528845215511,47.07396911956695],[4.874543762685038,47.07396785093225],[4.874560133843588,47.07396555007502],[4.874574944951267,47.07396122122103]]]}},{"type":"Feature","id":"inao-denom-2366","properties":{"id":"inao-denom-2366","name":"Corton Les Moutottes","tier":"grand_cru","kind":"vineyard","appellationId":165,"denominationId":2366,"sourceName":"Corton Les Moutottes","communes":["21606"],"areaHa":0.81,"parentAppellation":"Corton"},"geometry":{"type":"Polygon","coordinates":[[[4.875706380936097,47.07802494940541],[4.875645920067397,47.07787776894714],[4.875592577755603,47.0777631726166],[4.8755716877790105,47.07772161713845],[4.875544318804145,47.077665856749604],[4.875431653622764,47.07743676102019],[4.874961419629215,47.07759255285606],[4.874491040893821,47.077744256488344],[4.874183328833359,47.07784223095716],[4.874115164863405,47.07820505006388],[4.874113429505939,47.078240848818844],[4.87410903312178,47.078329815308585],[4.874106398756208,47.078382991616074],[4.874102441206137,47.078484207731805],[4.874103825220031,47.07852403547657],[4.874904479997725,47.07827808065862],[4.875533251183292,47.0780788485641],[4.875648682951954,47.07804325784404],[4.875706380936097,47.07802494940541]]]}},{"type":"Feature","id":"inao-denom-2367","properties":{"id":"inao-denom-2367","name":"Corton Les Paulands","tier":"grand_cru","kind":"vineyard","appellationId":165,"denominationId":2367,"sourceName":"Corton Les Paulands","communes":["21010"],"areaHa":1.05,"parentAppellation":"Corton"},"geometry":{"type":"Polygon","coordinates":[[[4.870806313537636,47.07190308144519],[4.87056390308441,47.07159739869426],[4.870460816134862,47.07147133950357],[4.870074407678029,47.071239518870655],[4.870069986209584,47.07124163472121],[4.869859794149849,47.07108869719779],[4.869683228455775,47.07117228135789],[4.868791109841304,47.07158214399662],[4.868985901410631,47.07172204910387],[4.869082971298133,47.07180426806935],[4.869389491039486,47.07201796811159],[4.869498241229681,47.07209182960969],[4.869562396436658,47.07213064188022],[4.869635629404791,47.072172369179484],[4.869710329083659,47.07221305505773],[4.869804533198311,47.072212548414655],[4.870091831717086,47.072130243091884],[4.8702071482384275,47.07209159751162],[4.870216283594909,47.0720965558919],[4.870519384766885,47.071995604075134],[4.870578424982106,47.07197318776519],[4.870806313537636,47.07190308144519]]]}},{"type":"Feature","id":"inao-denom-2368","properties":{"id":"inao-denom-2368","name":"Corton Les Perrières","tier":"grand_cru","kind":"vineyard","appellationId":165,"denominationId":2368,"sourceName":"Corton Les Perrières","communes":["21010"],"areaHa":10.0,"parentAppellation":"Corton"},"geometry":{"type":"MultiPolygon","coordinates":[[[[4.862584207261672,47.068282837335005],[4.862370493618251,47.06811359799886],[4.86219050788784,47.067968346216496],[4.861987749545514,47.067813230672584],[4.861984688723177,47.0678112357047],[4.86189559963861,47.067743192398694],[4.861820892350555,47.06757171204713],[4.86178383192238,47.067494653118814],[4.861737193213008,47.06744328865693],[4.86156800077595,47.06730704783215],[4.86137715948013,47.06715072160733],[4.86137691287752,47.06714357505963],[4.861239338346414,47.06705689606367],[4.860452680123624,47.067532439742806],[4.860755358238976,47.06780957893664],[4.860478954325903,47.067990802498386],[4.860967506761472,47.06845398652412],[4.861321028999542,47.06877424413799],[4.861332801124901,47.06876894827866],[4.861313779574217,47.068737572680874],[4.861324754554491,47.06870879382262],[4.861354618073416,47.068664374001244],[4.861406083578048,47.06863902244078],[4.861457914433199,47.06862387742175],[4.861472888377036,47.06862466284017],[4.861489399177708,47.068626441140424],[4.861504456494429,47.06862926049732],[4.861518082564608,47.06863414720171],[4.861530255463035,47.06864008396445],[4.861613288982824,47.06861932995297],[4.861713031616122,47.06860648382839],[4.861774278729139,47.06860447934705],[4.861819472952786,47.068613963590764],[4.8619120201696395,47.06865232251314],[4.861925553823712,47.068654148724704],[4.86193900377987,47.06865393199177],[4.861952453735923,47.06865371525728],[4.861964309472775,47.0686504622763],[4.861967251223447,47.06864938822333],[4.862599773002415,47.0683438971747],[4.862599490801953,47.06833572455471],[4.862600697487831,47.06832753693965],[4.862604942479225,47.06832030898486],[4.862610676355334,47.06831306603475],[4.862615014152401,47.06830890752479],[4.862584207261672,47.068282837335005]]],[[[4.863114477232325,47.07038634798986],[4.863050491833963,47.07035263571237],[4.862967638074423,47.070291643185236],[4.8629173354924005,47.07022093100531],[4.86290655819488,47.070211909949954],[4.862782959929872,47.07009741396324],[4.862654016346674,47.07000140263452],[4.8625357444148944,47.0699113430194],[4.8622460491733746,47.06975048768387],[4.862144105423333,47.06970001469364],[4.862026645944003,47.06963344632326],[4.861969298669208,47.06957510400682],[4.861920570371473,47.06950641033037],[4.861904842952952,47.06948418556001],[4.861852066896786,47.069384901718614],[4.8617323739999145,47.06921005764132],[4.861666324592331,47.06911609380175],[4.861650561979428,47.069092842915964],[4.861630496858835,47.06907477657781],[4.861310851368492,47.06878258525058],[4.86104836484689,47.068543623655785],[4.860902974592474,47.068403936576246],[4.860766930372676,47.06827533790929],[4.860616979035612,47.068133679641285],[4.860462408673917,47.067988006975455],[4.8607388699340826,47.06780882682174],[4.860621473779263,47.06770036158747],[4.860602946334363,47.06768328795793],[4.860517985695291,47.06760495568114],[4.860511842276411,47.06759994837701],[4.8602122974649475,47.067326837697195],[4.8598293980361476,47.06749853512071],[4.859442158180343,47.06767438965745],[4.8593199022775275,47.067728463927004],[4.858775116776526,47.067976330070934],[4.8588427681823845,47.06816019147264],[4.85892566359204,47.068309063659804],[4.8589817051951085,47.06841647339274],[4.858997747805397,47.06844788827575],[4.859099055150296,47.06865367721438],[4.85917153956072,47.068847682100994],[4.8592053720416235,47.06896157292942],[4.859257474245741,47.06904146150771],[4.85930189567414,47.069115331780445],[4.859376630683921,47.06920098898588],[4.859485667849737,47.06932695291341],[4.8594951539218485,47.069342127926774],[4.859537981818174,47.069412961822955],[4.859540456213963,47.069441533051524],[4.859544890072494,47.069483356125524],[4.859523313638018,47.069508225824556],[4.859374296219808,47.06965367908355],[4.859327051217901,47.06971472334124],[4.859230403946203,47.069948228737815],[4.859170801058828,47.07012800449602],[4.859012788387182,47.07049021548998],[4.8590488496445925,47.07049474154256],[4.859093961688852,47.07050219290295],[4.85913915734125,47.07051168718935],[4.859181397617397,47.07052224665076],[4.859211570320295,47.07052992932782],[4.859363985251182,47.070569371296756],[4.8594320955300665,47.07059279775942],[4.859482193020579,47.07061447876671],[4.859726570891492,47.070718848208344],[4.86008371906128,47.070883739200305],[4.860281238706423,47.07097354312086],[4.860522383074294,47.071070821470784],[4.860601342053817,47.07110531166959],[4.86065297740242,47.07112798506031],[4.860739511739312,47.071165415117555],[4.860828966505105,47.07120076279828],[4.86091838598774,47.071235084331995],[4.861236686677511,47.07135768539094],[4.861256400309826,47.0713655450155],[4.86140959438541,47.071427449965036],[4.86151428426104,47.07147071986015],[4.861573953819969,47.07150960873029],[4.861601454393366,47.07152653764853],[4.861852794872514,47.07161547186176],[4.861968827140963,47.071684107716365],[4.862064934207202,47.07173875451182],[4.862077094692265,47.07174469142293],[4.862092364516107,47.07175364015899],[4.862104643830014,47.07176263708391],[4.86211545672673,47.07177268428601],[4.862124851182367,47.0717847896288],[4.862132849757545,47.0717999884024],[4.862293369328968,47.071641062918154],[4.862494472485365,47.07144470385786],[4.862661802922693,47.07126626078114],[4.862696370742786,47.07122789769668],[4.862873454274351,47.07102885415382],[4.863053302387054,47.070823641864756],[4.8630849497568835,47.070787370026636],[4.8632146409894395,47.07068820659538],[4.863252233631783,47.07065081219357],[4.863285369404742,47.070614516294334],[4.8633169459156615,47.070576201237074],[4.8633412997319025,47.0705451531571],[4.863371634409439,47.07051400862447],[4.863114477232325,47.07038634798986]]]]}},{"type":"Feature","id":"inao-denom-2369","properties":{"id":"inao-denom-2369","name":"Corton Les Pougets","tier":"grand_cru","kind":"vineyard","appellationId":165,"denominationId":2369,"sourceName":"Corton Les Pougets","communes":["21010"],"areaHa":9.82,"parentAppellation":"Corton"},"geometry":{"type":"MultiPolygon","coordinates":[[[[4.8594442050884625,47.06942571903549],[4.859440721677287,47.069411465064306],[4.859432196133212,47.06938094692079],[4.859420702412255,47.069351503188265],[4.859244377868095,47.06913874447791],[4.859206499995321,47.06908110520307],[4.85909754592998,47.068870324173595],[4.858949716036991,47.0684864668891],[4.858764307159308,47.06813999313923],[4.858537450008165,47.068196775837734],[4.8584163289422655,47.06824061841132],[4.85835877633471,47.0682630045959],[4.858212678949514,47.06831950537854],[4.85806962910459,47.06837801025916],[4.858047559787462,47.06838857758802],[4.858006482146367,47.068411716306564],[4.857965439812421,47.06843588108955],[4.8578719341787675,47.06849971290784],[4.857819457975374,47.06853938914608],[4.857624692439515,47.06870293866228],[4.85757945190559,47.068735338942666],[4.857463805646223,47.068807703500845],[4.857441806700009,47.06882032287094],[4.85743400778006,47.06881125344241],[4.85727872581733,47.06886176777022],[4.857037558183954,47.068937167047814],[4.856848174509201,47.068996415004214],[4.856704664104165,47.06904163315429],[4.856474306180393,47.06912707896825],[4.856079662926156,47.069392953353976],[4.855560863651241,47.069744608889536],[4.8555757984923495,47.06983122873883],[4.854368323455391,47.07055360403709],[4.854648044422665,47.07072894885734],[4.8547504966952,47.0707947478383],[4.854621645220042,47.07091840145118],[4.854626348273868,47.07092445882362],[4.854723403038645,47.07105062837044],[4.854959858693365,47.071359500433644],[4.854978679850671,47.07138474736486],[4.854874376198421,47.07143955511287],[4.8552866775165,47.07181712667332],[4.855380486257701,47.07176146943599],[4.855471606929572,47.07171504105765],[4.855557216612643,47.071681993458746],[4.855650401171993,47.07165188607746],[4.855994792848516,47.071576876365825],[4.856276655241598,47.071510020609125],[4.856829904291075,47.07137646632493],[4.85709976760682,47.07130878369529],[4.85713553468864,47.07130513793024],[4.857177247733938,47.07130037894971],[4.857294939337988,47.07128724826836],[4.857414168051544,47.07127511940488],[4.857602421192462,47.07131296098052],[4.857683384315447,47.07131880991296],[4.857702640175213,47.07131339413072],[4.857730713599044,47.0713037480125],[4.8577557743536355,47.07129312367574],[4.857875707054384,47.071214566192246],[4.858176937404545,47.071015578295075],[4.858478095445414,47.07081455544409],[4.8586128021758,47.070730644306636],[4.85879145902479,47.07062047691847],[4.858810397836018,47.070605871249924],[4.85887130556798,47.07055073131287],[4.858908971848389,47.070515390478526],[4.858946567354687,47.07047799747506],[4.8589882080308495,47.07038434395698],[4.859042137507557,47.07025677545512],[4.85909304093714,47.070128228957245],[4.859162765330364,47.0699380779527],[4.859215332694236,47.0698146108253],[4.859230682246427,47.06978269087382],[4.859251625409216,47.06973944182795],[4.8592911544518245,47.0696713622445],[4.859305367440565,47.069649682015125],[4.859322592391946,47.069628961953974],[4.859388986899285,47.069559441396],[4.859446669282184,47.06949720249836],[4.8594442050884625,47.06942571903549]]],[[[4.857582191063518,47.071333720058306],[4.8574785596981,47.071321084939406],[4.85744401302827,47.07131653404538],[4.857435182261785,47.07132076456801],[4.857438981415064,47.07134419929146],[4.857448339722219,47.07135528793848],[4.857457474091194,47.071360256329115],[4.8576094678946875,47.07138744166464],[4.8576912867884765,47.07137488725748],[4.857685787448499,47.07134533800663],[4.857582191063518,47.071333720058306]]],[[[4.857606008561612,47.07141712593002],[4.857508076583727,47.071396222065275],[4.857481021373849,47.07139256839761],[4.857446509682532,47.071389034582104],[4.857395367930556,47.0713806618532],[4.8573817765633995,47.07137679174503],[4.857368150175187,47.07137190455757],[4.857355977118388,47.07136596736201],[4.8573452358545985,47.07135797187004],[4.857335982945257,47.071349943448475],[4.857329650180153,47.071339823802745],[4.857334927935209,47.071319305107494],[4.857246706253986,47.07131970545679],[4.857112700946872,47.07133718684779],[4.8564097919779075,47.07151094372447],[4.8562941505509265,47.07154038584115],[4.85617999797524,47.07156981292956],[4.85601086965685,47.071609308707345],[4.855659170801491,47.07168955102486],[4.855620693699222,47.07170140798258],[4.855495153487274,47.07174736252749],[4.855405345595152,47.071788654628136],[4.855298507723297,47.07185678678843],[4.855842812922638,47.07233237991103],[4.855864519780843,47.072354509425885],[4.856194508682579,47.07273033785672],[4.856205404160549,47.07274242855256],[4.856248079889248,47.07272232682815],[4.856466408401608,47.07267794278068],[4.85652299222955,47.07267090986939],[4.856763344004054,47.072657844345215],[4.856817358913953,47.072663109274885],[4.856911851862838,47.07241023377119],[4.856950155305646,47.07230641332771],[4.857007550926325,47.07214915262096],[4.857056937292093,47.07201961394963],[4.857158919267725,47.071897407103584],[4.857207798010071,47.07184042616348],[4.857245747378284,47.071813249509624],[4.8573185497941065,47.071755874996725],[4.857480187023035,47.07162862040003],[4.857523435666019,47.07158194224206],[4.8575566594024435,47.07154769094109],[4.857619247387215,47.07149763992925],[4.857728425616267,47.07141106934716],[4.857694195370296,47.071415708228876],[4.857606008561612,47.07141712593002]]]]}},{"type":"Feature","id":"inao-denom-2370","properties":{"id":"inao-denom-2370","name":"Corton Les Renardes","tier":"grand_cru","kind":"vineyard","appellationId":165,"denominationId":2370,"sourceName":"Corton Les Renardes","communes":["21010"],"areaHa":14.32,"parentAppellation":"Corton"},"geometry":{"type":"Polygon","coordinates":[[[4.8711224483584825,47.07661866838416],[4.871121562780384,47.07659314258541],[4.871108372869287,47.076557594548746],[4.871078549787424,47.07651720058396],[4.871035452237042,47.07648213676407],[4.870896478150777,47.07639958014947],[4.870844195907182,47.076358532078466],[4.870810035324184,47.076322296848986],[4.870648243735496,47.07605618611112],[4.870645005118948,47.07604908801696],[4.870640029535872,47.076034858515236],[4.870638031835938,47.07602058981556],[4.870637500507532,47.0760052707307],[4.870661725238088,47.075927222526296],[4.870668699436476,47.075912799589],[4.870689494075937,47.07586546227263],[4.8707133146885315,47.0758190936103],[4.870732869533025,47.07573601475106],[4.870704003730798,47.07572319863328],[4.870527831657688,47.07564634996955],[4.870488575870782,47.075635746266144],[4.870322452188232,47.07558939002587],[4.87010863353598,47.07550497285573],[4.8700810442470335,47.07548600305283],[4.8698251740918455,47.07531030875331],[4.869749846054423,47.07525124346832],[4.869679055294363,47.075194149018515],[4.869303420022153,47.07488550399494],[4.8692741657076075,47.0748614547119],[4.869183268531422,47.07482819005315],[4.869039432547681,47.07473446180697],[4.868920040375641,47.07465567475767],[4.868777588021547,47.074558861883204],[4.868686990482847,47.07449084804591],[4.868593260945775,47.07441879620062],[4.868514931362344,47.07435976966372],[4.868411982767591,47.07428071622299],[4.868193853706385,47.07411462065042],[4.868112393143888,47.07405156488838],[4.868095456181864,47.07403753765247],[4.868064678597632,47.07401248604853],[4.868036856449163,47.07398636901838],[4.86791589473666,47.0739055620424],[4.867540459256441,47.07355911135037],[4.867371586670158,47.07343309505095],[4.867070610223549,47.073207025441775],[4.866752782091027,47.07340119860187],[4.8666941978830645,47.07343687991356],[4.866538964608741,47.073532371138676],[4.8665970674688985,47.07356923849804],[4.866292399213873,47.07379793266612],[4.865930866088951,47.07406943862508],[4.86512749863755,47.07466892077887],[4.864895687417788,47.074842283911536],[4.864879668805973,47.07485479914432],[4.865048382421165,47.07493280328652],[4.865563639016101,47.0751707376778],[4.865653363965567,47.075213227881875],[4.865749127970694,47.07525766480654],[4.865887490580697,47.07532286538406],[4.8658947842112505,47.075317641398584],[4.865902113026857,47.07531343448634],[4.86591246773619,47.07531019635803],[4.865922871428837,47.0753079930911],[4.865933332319808,47.07530782418336],[4.865943828397962,47.07530867234839],[4.86595290639605,47.07531158769936],[4.865962019894111,47.07531552912395],[4.865969666950817,47.075320520873944],[4.865975860118342,47.07532654473561],[4.865980586844417,47.075333618923175],[4.865980834405756,47.075340774441564],[4.865981081655761,47.07534792095928],[4.8659783381951405,47.075355115768076],[4.865974070777851,47.07536131754222],[4.86598318428586,47.07536525896506],[4.866039446523036,47.07539193488077],[4.866348086678649,47.075537156442586],[4.866478803896467,47.07559737358214],[4.866580692136506,47.07564579949878],[4.866700794306308,47.07570209926935],[4.866814787309826,47.07575441803292],[4.867103587196497,47.07588769238791],[4.867184152161859,47.075925214198456],[4.867189851020327,47.07591695396703],[4.867197144293478,47.075911720899775],[4.867205975357479,47.07590749863864],[4.8672163301025755,47.07590426039421],[4.867226720369864,47.075902048222574],[4.867237194547015,47.07590187898398],[4.8672477262850915,47.075903753104186],[4.867258293547936,47.075906653297174],[4.867267406930292,47.075910585617365],[4.867275054192146,47.07591557728],[4.867279758790824,47.075921625126384],[4.867284486051653,47.07592870825982],[4.867286257473357,47.0759368477904],[4.867285016427109,47.075944027360485],[4.867282273110086,47.07595122219873],[4.8672780057955505,47.07595742401972],[4.867270734250059,47.07596366537729],[4.867261916668631,47.075967896431074],[4.867266573194309,47.075972936418346],[4.86711567170896,47.076064269660876],[4.866899440897657,47.07612600275668],[4.866612001405961,47.07629106407575],[4.866294577344657,47.07649748564957],[4.866155600669881,47.07658760735155],[4.8663115763180835,47.07668624929538],[4.866427907679921,47.076763044139796],[4.866553388683692,47.07684480631461],[4.866639296047176,47.076906773686005],[4.866782232316137,47.07701788235399],[4.867054893086461,47.07724644548845],[4.867248088708762,47.0774262294143],[4.867520382866473,47.07768748801507],[4.867563620595761,47.07772663942169],[4.86758682357776,47.07774875163456],[4.867749265161587,47.077904500270996],[4.867905420859937,47.078051155487856],[4.868035631331095,47.07818291122402],[4.868087472435758,47.07825462298834],[4.868125153610618,47.0783061207354],[4.868183011936805,47.07837875283253],[4.8682018993318135,47.07840604090637],[4.868249296369907,47.078478842080706],[4.868295275460074,47.07855371044706],[4.868367596647936,47.078698658373355],[4.868412463208511,47.0787847837627],[4.868466904148718,47.078888126289954],[4.868524336519403,47.078991429431696],[4.8685832576681465,47.0790946994679],[4.868624461609202,47.07916146775645],[4.86866591358767,47.07923539153178],[4.868705898870002,47.0793103566491],[4.868744430628311,47.07938636289683],[4.86880529915531,47.07954580574755],[4.868813809228933,47.07957529680743],[4.868828024821074,47.07964046614554],[4.8688689818293724,47.079700087833466],[4.868880022849882,47.0797162545909],[4.868956577912607,47.07972422040846],[4.869021040442885,47.07972828415489],[4.869086956620778,47.07973130671501],[4.869339408891673,47.079505494885424],[4.869357285656207,47.07946024038786],[4.869397822655709,47.07942177886383],[4.869433573726766,47.07920151608279],[4.8694830823862905,47.07899022552143],[4.8694843011294635,47.078982028650834],[4.869489575008658,47.07896150945489],[4.869564143322762,47.078782513078394],[4.869599577703987,47.07868282334312],[4.869634127047768,47.07855760780078],[4.869631527311087,47.078525967875876],[4.869626941485682,47.0785229801325],[4.869706642487666,47.07827645703946],[4.869724483588389,47.07823019439497],[4.86975228994581,47.07816945148714],[4.869811829593659,47.07803157480765],[4.869868377777118,47.07789373748192],[4.869908942937105,47.07776944211142],[4.869918837887586,47.07775293669253],[4.869997739318266,47.07761269330347],[4.870165329627075,47.07731264068507],[4.870246355938578,47.077190752308624],[4.870305558351811,47.07712951013367],[4.8703889217109655,47.077075027405826],[4.870435982238815,47.07705178754285],[4.870480158060541,47.07703165628381],[4.870561982518764,47.07701909278971],[4.870578248321574,47.07701372328256],[4.8706180861809125,47.076997750766964],[4.870775058907216,47.076909376580254],[4.870827711061588,47.07687480693438],[4.87089346073281,47.07682980376987],[4.870957673031196,47.0767838078122],[4.8710433880516675,47.07671088788999],[4.871098145051733,47.07665074389764],[4.8711224483584825,47.07661866838416]]]}},{"type":"Feature","id":"inao-denom-2371","properties":{"id":"inao-denom-2371","name":"Corton Les Vergennes","tier":"grand_cru","kind":"vineyard","appellationId":165,"denominationId":2371,"sourceName":"Corton Les Vergennes","communes":["21606"],"areaHa":3.45,"parentAppellation":"Corton"},"geometry":{"type":"MultiPolygon","coordinates":[[[[4.874970076706706,47.07500215650758],[4.874761792947214,47.0747756290635],[4.874693526410728,47.07470520422698],[4.875096326514594,47.074589339754134],[4.875097755104198,47.07454436008299],[4.875094478027246,47.07449332387945],[4.875086756925022,47.07444337742943],[4.875081319087491,47.07441588118193],[4.875073529254947,47.074406803747046],[4.87505011217877,47.07437858158345],[4.874997260513267,47.074321190217084],[4.87499412781324,47.074317152455045],[4.874882741448937,47.0742106570473],[4.874844277542119,47.074179599016674],[4.874828862874613,47.07416656568615],[4.8747828097956,47.074132577827186],[4.874732348116458,47.07410069676192],[4.874680455609037,47.07407088318284],[4.874657571021995,47.07405797101244],[4.874557322453323,47.0740136141134],[4.874542191941904,47.0740087533187],[4.87416475917326,47.073993414650865],[4.873969040359255,47.07404257184482],[4.87373631261373,47.07410254125956],[4.8735052153365706,47.07416658135746],[4.873257982083827,47.074282980547494],[4.873194908976335,47.07431874696974],[4.873083609175665,47.07438696811923],[4.873082155758909,47.07438800932175],[4.872963833471872,47.07446962758552],[4.872847083690494,47.07455326452911],[4.872924213035588,47.074620475831175],[4.872959046929316,47.074633194669666],[4.873054603059213,47.0746714961176],[4.873148777171215,47.07471289083397],[4.8732400182310105,47.0747563683089],[4.873641324628054,47.0749419630507],[4.87377054661483,47.07500219630738],[4.873854225389759,47.07504273398924],[4.873956260868084,47.07509523069942],[4.874053839572441,47.0751488262474],[4.874058367850766,47.07514977946239],[4.874096015403889,47.07515733709748],[4.874135023222275,47.07516079307674],[4.874228345418646,47.07513475703994],[4.8746545649204185,47.07500420429665],[4.874904443642663,47.075136055533775],[4.875046763886605,47.075185853403454],[4.8751533974826105,47.07519842422407],[4.874970076706706,47.07500215650758]]],[[[4.874083133316032,47.07521681253864],[4.874066407103066,47.075208906612204],[4.873991948613606,47.07517537909306],[4.873771541290782,47.075073703465954],[4.873148233458614,47.074783396277766],[4.872964342716739,47.074699525883304],[4.872930997525263,47.074686782917986],[4.872894732631128,47.074676131557275],[4.872858609645199,47.07466956647371],[4.8728285742628605,47.074665964658514],[4.8728031248699395,47.07466535945769],[4.872777781737145,47.07466781446744],[4.872752544860183,47.07467332968781],[4.872728880841055,47.074680863707414],[4.8722933908398405,47.074932127823935],[4.8721662359496305,47.075017976907624],[4.872007250539488,47.07509105807478],[4.8714912934796075,47.07526494874649],[4.871451634238495,47.07528602493404],[4.871239522138669,47.075423311405366],[4.871159365554921,47.07548387578695],[4.871079811121237,47.07556180234171],[4.871050931231795,47.07559189866605],[4.87129614698694,47.07571871784184],[4.871366700089774,47.0758555155637],[4.871487884609466,47.075899536168684],[4.871513653765362,47.0759093403082],[4.871628821441093,47.075952431560516],[4.871780170741221,47.07604705262061],[4.8718163789168365,47.076012748832575],[4.871955885321047,47.07606771129521],[4.872183351206158,47.07615701025243],[4.872272821434944,47.07619234001379],[4.872557972951844,47.07630625281177],[4.8726317226835185,47.076276446677596],[4.872771844696134,47.076220015755716],[4.872883516062685,47.076119098317626],[4.872974854455839,47.076035873291005],[4.87309089798616,47.07593181382942],[4.873067800120598,47.0759127719228],[4.872925916905064,47.07578938799629],[4.872909899319385,47.075758992198],[4.872760947808553,47.075475304134166],[4.872837049287574,47.0754699822451],[4.872971401349088,47.075462698579244],[4.8730460361683345,47.075458417966836],[4.873382840166494,47.07546624190885],[4.873507334358918,47.075476489420524],[4.873603329984415,47.07548412790518],[4.873774172143625,47.07545070251267],[4.873877636621306,47.07541530749934],[4.874113513916387,47.07531645425104],[4.874173429285029,47.0751897989755],[4.874083133316032,47.07521681253864]]]]}},{"type":"Feature","id":"commune-21010","properties":{"id":"commune-21010","name":"ALOXE-CORTON","kind":"commune","tier":"commune"},"geometry":{"type":"MultiPolygon","coordinates":[[[[4.8591957,47.0559025],[4.8600142,47.0570699],[4.8603444,47.0574714],[4.8606158,47.0577353],[4.8613659,47.058409],[4.8617058,47.0587037],[4.8621596,47.0590998],[4.8626655,47.0595422],[4.8629962,47.0598327],[4.8634862,47.0602923],[4.8637323,47.0605414],[4.8640556,47.060871],[4.8644053,47.0612343],[4.8646996,47.0615421],[4.8650242,47.0618785],[4.865299,47.0621696],[4.8665351,47.063483],[4.8672547,47.0642044],[4.8681404,47.065106],[4.8687176,47.0656803],[4.8696664,47.066619],[4.8702535,47.0672171],[4.8706774,47.0676514],[4.8713758,47.068349],[4.8720365,47.0690238],[4.8727151,47.069713],[4.8742054,47.0712071],[4.8740225,47.0712712],[4.8738667,47.0713015],[4.8736097,47.0713254],[4.8732939,47.0713395],[4.8728673,47.0713397],[4.8724442,47.0713211],[4.8725331,47.0714263],[4.8725927,47.0714861],[4.8726815,47.0715584],[4.87279,47.0716494],[4.873052,47.0718637],[4.873264,47.0720815],[4.8733808,47.072216],[4.8734239,47.072267],[4.8734202,47.0722707],[4.8734927,47.0723549],[4.8735038,47.0723472],[4.8735416,47.0724007],[4.8735964,47.0724676],[4.8736849,47.0725423],[4.873803,47.0726466],[4.8738545,47.0726989],[4.8739337,47.0727967],[4.874011,47.0728932],[4.8740464,47.0729397],[4.8741415,47.0730045],[4.8743554,47.0731542],[4.8744645,47.0731031],[4.8747599,47.0729589],[4.8747577,47.0729745],[4.8747915,47.0729765],[4.874794,47.0729645],[4.875148,47.0729802],[4.8753092,47.0731374],[4.8756325,47.0729876],[4.8757264,47.0729437],[4.8757403,47.0729381],[4.8758602,47.073205],[4.8759068,47.0733039],[4.8756441,47.0734184],[4.8752474,47.073628],[4.8749209,47.0737878],[4.8745688,47.0739755],[4.8741557,47.0739591],[4.8738954,47.0740229],[4.8734957,47.0741364],[4.8733055,47.0742265],[4.8730872,47.0743459],[4.8728028,47.0745371],[4.8728372,47.0745758],[4.8722297,47.074921],[4.8719857,47.0750495],[4.8714331,47.0752469],[4.8711469,47.0754393],[4.8708951,47.075667],[4.8708057,47.0757234],[4.8707587,47.0757714],[4.8707064,47.0758736],[4.8706654,47.0759803],[4.8706767,47.0760445],[4.8707175,47.0761288],[4.8708367,47.0763201],[4.8708708,47.0763513],[4.8711124,47.076498],[4.8711695,47.0765638],[4.8711674,47.0766001],[4.8711001,47.0766598],[4.8710095,47.0767512],[4.8708776,47.076846],[4.8707612,47.0769216],[4.8705984,47.0770106],[4.8704269,47.07707],[4.8703363,47.0771237],[4.87028,47.0771754],[4.8701821,47.0773183],[4.8699344,47.0777817],[4.8697523,47.0782368],[4.8696888,47.0784324],[4.8696193,47.0786903],[4.8694842,47.0790739],[4.86942,47.0794144],[4.8693756,47.0794564],[4.8693501,47.0795044],[4.8691013,47.0797308],[4.8690288,47.0797313],[4.8688118,47.0797092],[4.8688111,47.0797488],[4.8687006,47.0797554],[4.8685758,47.0797737],[4.8677001,47.0799809],[4.8676698,47.0799766],[4.8673917,47.0795867],[4.8670851,47.0791538],[4.8669942,47.0789883],[4.8668881,47.0786967],[4.866931,47.0786185],[4.866817,47.0784888],[4.8666514,47.0782843],[4.8663985,47.0781072],[4.866144,47.077951],[4.8656226,47.0776206],[4.8648777,47.0771833],[4.8643082,47.076859],[4.8637347,47.0764117],[4.8634688,47.076206],[4.8631757,47.0758916],[4.8631438,47.0758286],[4.8625013,47.075323],[4.8620516,47.0749646],[4.8615043,47.0745194],[4.8610586,47.0741532],[4.860728,47.0738887],[4.8606175,47.073824],[4.8604861,47.0737705],[4.8604447,47.0737555],[4.8601018,47.0735853],[4.8596901,47.0733731],[4.8593784,47.0732191],[4.8591354,47.0731331],[4.8589625,47.0730794],[4.8585458,47.0728937],[4.8584945,47.0728773],[4.8584147,47.0728633],[4.8580891,47.0728174],[4.857297,47.0726898],[4.8570794,47.072736],[4.857,47.0727333],[4.8569358,47.0727241],[4.8568694,47.0727023],[4.8568111,47.0726712],[4.8567627,47.0726596],[4.8565476,47.0726714],[4.8564434,47.0726863],[4.8563033,47.0727126],[4.8562521,47.072725],[4.8562161,47.0727427],[4.8560599,47.0728252],[4.8559539,47.0728915],[4.8558847,47.0729302],[4.8557919,47.072977],[4.8556898,47.0730566],[4.8556179,47.0731461],[4.8555088,47.0732768],[4.8553791,47.0733883],[4.8552479,47.0735054],[4.8551649,47.0736106],[4.8551755,47.0736283],[4.8551577,47.07365],[4.8551815,47.0736898],[4.8553581,47.0737286],[4.8553812,47.0737593],[4.8553449,47.0739223],[4.8552961,47.0741446],[4.8552825,47.0741976],[4.8552462,47.0742971],[4.8552221,47.0743799],[4.8552117,47.0744182],[4.855197,47.0744723],[4.8551742,47.0745562],[4.8551719,47.0745645],[4.8548363,47.0745006],[4.8547245,47.074486],[4.8545905,47.0744703],[4.8545241,47.0744562],[4.8544248,47.074433],[4.8541725,47.0743761],[4.8536238,47.0742661],[4.8536351,47.0742394],[4.8533926,47.0741738],[4.8532239,47.0741288],[4.8531813,47.0741159],[4.8530108,47.0740619],[4.8528704,47.0740191],[4.852329,47.0738461],[4.8521011,47.0737746],[4.8516607,47.0736327],[4.8512212,47.0734932],[4.8510088,47.0734962],[4.8507178,47.0735036],[4.850498,47.0735071],[4.8503705,47.0735103],[4.8501113,47.0735161],[4.8500086,47.0735146],[4.849998,47.0734133],[4.8499845,47.0732663],[4.8499744,47.0731906],[4.8499636,47.0731568],[4.8499437,47.0731022],[4.8497883,47.0729103],[4.8497263,47.0728056],[4.8496383,47.0726966],[4.8496322,47.0726711],[4.8496427,47.0726252],[4.8497773,47.0723068],[4.8498763,47.0721386],[4.8498888,47.072098],[4.8498678,47.072029],[4.8498387,47.0719801],[4.8497397,47.0718913],[4.8496866,47.0718072],[4.8496823,47.0717649],[4.8497147,47.0717076],[4.8500521,47.071314],[4.8504023,47.0709401],[4.8506796,47.0706114],[4.8508068,47.0704552],[4.8509498,47.0702294],[4.8512629,47.0696333],[4.851467,47.0692024],[4.8516348,47.0689182],[4.8517599,47.0686504],[4.8518004,47.0685556],[4.8518472,47.0683701],[4.8519353,47.0681494],[4.8519766,47.068074],[4.8521479,47.0679031],[4.8522135,47.0678149],[4.8522831,47.0676581],[4.8523163,47.0674885],[4.8524163,47.067253],[4.8524805,47.0669768],[4.852497,47.0668311],[4.8525544,47.066707],[4.8525475,47.0666645],[4.8523879,47.0663136],[4.852371,47.0662295],[4.8524045,47.0660757],[4.8524501,47.0659427],[4.8524662,47.0657746],[4.8525717,47.0654193],[4.8526676,47.064908],[4.8527052,47.0647463],[4.8527327,47.0646423],[4.8527519,47.064475],[4.8527537,47.0643714],[4.8527431,47.0639017],[4.8527612,47.0637442],[4.8528749,47.063428],[4.8530044,47.0632387],[4.8530773,47.0631757],[4.8531667,47.0630509],[4.8533481,47.0627676],[4.8534089,47.0626428],[4.85347,47.0625061],[4.8535001,47.0623609],[4.8535101,47.0622687],[4.8535076,47.0621469],[4.8534482,47.0616776],[4.8535877,47.0616319],[4.8536358,47.0616078],[4.8531624,47.0606047],[4.8530886,47.0604588],[4.8528273,47.060013],[4.8526032,47.0595744],[4.8523805,47.0591942],[4.851889,47.0584351],[4.8514728,47.0585228],[4.8511351,47.0580335],[4.8511563,47.058021],[4.8513011,47.0579728],[4.8514441,47.0579444],[4.8517128,47.0578851],[4.8517667,47.0578706],[4.8525144,47.0577018],[4.8527864,47.0576293],[4.8527075,47.0574685],[4.8531507,47.0573848],[4.8536022,47.0573009],[4.8546657,47.0571431],[4.855002,47.057095],[4.8550908,47.0571255],[4.8552768,47.0571125],[4.8558474,47.0570221],[4.856251,47.0569363],[4.8570832,47.0567177],[4.8577028,47.0565179],[4.8579779,47.0564298],[4.8583451,47.0563428],[4.8587173,47.0562417],[4.8588277,47.0561959],[4.8590099,47.0560903],[4.8591957,47.0559025]]]]}},{"type":"Feature","id":"commune-21480","properties":{"id":"commune-21480","name":"PERNAND-VERGELESSES","kind":"commune","tier":"commune"},"geometry":{"type":"MultiPolygon","coordinates":[[[[4.8534799,47.0616582],[4.853503,47.0619903],[4.8535242,47.0621823],[4.8535031,47.0624214],[4.8534717,47.0625624],[4.8533584,47.0627883],[4.8531771,47.0630807],[4.8530751,47.0631985],[4.8530119,47.0632626],[4.8528937,47.0634346],[4.8528316,47.0635844],[4.8527913,47.0637279],[4.8527736,47.06384],[4.8527705,47.0642654],[4.8527725,47.0644782],[4.8527296,47.0647632],[4.8526552,47.0651455],[4.8524934,47.0657763],[4.8523908,47.0662605],[4.8524402,47.066418],[4.8525737,47.0666703],[4.8525727,47.0667002],[4.8525308,47.0668003],[4.8524535,47.0671552],[4.8523588,47.0674351],[4.8522909,47.0677199],[4.8521998,47.0678772],[4.8521376,47.0679236],[4.8519921,47.0680882],[4.8519194,47.068221],[4.8519111,47.0682859],[4.8518054,47.0686052],[4.8516904,47.0688748],[4.8515013,47.0692188],[4.851361,47.0694775],[4.8512113,47.069776],[4.8510406,47.0700743],[4.8508893,47.0703436],[4.8508557,47.070402],[4.8507086,47.0705868],[4.8506103,47.0707112],[4.8505109,47.0708277],[4.8504065,47.0709561],[4.8500949,47.0712939],[4.8497659,47.0716696],[4.84972,47.0717855],[4.8497128,47.0718143],[4.8497151,47.0718312],[4.849762,47.0718873],[4.8498462,47.0719705],[4.8498796,47.0720156],[4.8499099,47.0720905],[4.8498931,47.0721479],[4.849783,47.0723643],[4.8496675,47.0726436],[4.8496503,47.0726763],[4.8497428,47.0728229],[4.8497925,47.0729294],[4.849834,47.0730054],[4.8499559,47.0731388],[4.8499895,47.0731892],[4.8500184,47.073532],[4.8501216,47.073516],[4.8512482,47.073512],[4.8512492,47.0735021],[4.8517043,47.0736467],[4.8519768,47.0737322],[4.8532115,47.0741223],[4.8532506,47.0741362],[4.8534564,47.0741866],[4.8536588,47.0742441],[4.853647,47.0742669],[4.854204,47.0743805],[4.8545876,47.0744679],[4.8548571,47.0745032],[4.855163,47.0745571],[4.8551786,47.0745621],[4.855171,47.0745],[4.8552022,47.0741428],[4.8552939,47.0737439],[4.8552625,47.0737208],[4.8550783,47.0736889],[4.8550666,47.0736297],[4.8552616,47.0733932],[4.8554478,47.073241],[4.8556259,47.0730097],[4.8561926,47.0726886],[4.8564249,47.0726392],[4.8567196,47.0726273],[4.8568217,47.0726822],[4.8569756,47.0727016],[4.8572437,47.0726623],[4.8584303,47.0728385],[4.858934,47.0730613],[4.8593266,47.0731858],[4.8606662,47.0738326],[4.8625664,47.0753452],[4.8631795,47.0758216],[4.8631805,47.0758722],[4.8634933,47.0762014],[4.8643706,47.0768725],[4.8653762,47.0774454],[4.8656877,47.0776206],[4.8664296,47.0780909],[4.8667029,47.0782889],[4.8669443,47.078594],[4.8669058,47.0786754],[4.8670118,47.0789725],[4.8671876,47.0792405],[4.8677135,47.0799534],[4.8686719,47.0797471],[4.8686734,47.0797626],[4.8687593,47.0802104],[4.8687608,47.0805342],[4.8686596,47.0805739],[4.8686073,47.0806662],[4.8685446,47.0807761],[4.8686121,47.081044],[4.8686285,47.0814226],[4.8690668,47.0814207],[4.86909,47.0814192],[4.8690308,47.0815864],[4.8690024,47.0817885],[4.8689003,47.0818762],[4.8686874,47.0821696],[4.8682526,47.0825179],[4.8682388,47.0825079],[4.8681733,47.0824724],[4.8678948,47.0827159],[4.8677337,47.0828629],[4.86689,47.0831316],[4.8665333,47.0833395],[4.8667582,47.0836719],[4.8667902,47.0836989],[4.866792,47.0837547],[4.8668171,47.0837986],[4.8669449,47.0839523],[4.8670311,47.0840424],[4.8674314,47.0843279],[4.8678633,47.0846825],[4.8680586,47.0848495],[4.8681781,47.0849629],[4.8683833,47.0852318],[4.8685272,47.0854929],[4.8685319,47.0856186],[4.8681802,47.0858937],[4.8680957,47.0859945],[4.8676237,47.0870532],[4.8672844,47.0875482],[4.8669606,47.0880028],[4.8669238,47.0880028],[4.8669238,47.0878661],[4.8664889,47.0879359],[4.8658671,47.0880491],[4.8654141,47.0880811],[4.8652688,47.0881119],[4.8644359,47.0883753],[4.8632072,47.0887224],[4.8631645,47.0887537],[4.863137,47.088755],[4.863097,47.0887671],[4.8626883,47.0889616],[4.8628819,47.0891377],[4.8620922,47.0897269],[4.8617624,47.0898792],[4.8617369,47.0901572],[4.8616447,47.0904419],[4.8615186,47.090831],[4.8610541,47.0918349],[4.8609977,47.0919354],[4.8606413,47.0924839],[4.8596917,47.0937904],[4.8596139,47.0938939],[4.8595438,47.0939869],[4.8580479,47.0938494],[4.8579106,47.0938487],[4.8576773,47.0938475],[4.8575838,47.0938471],[4.8573104,47.0935777],[4.8562435,47.0924843],[4.8557504,47.0916918],[4.8531741,47.0915553],[4.8505347,47.091408],[4.8498769,47.0913067],[4.8496222,47.0912804],[4.8490216,47.0912161],[4.8488211,47.091191],[4.8484653,47.0911481],[4.8484541,47.091189],[4.8484319,47.0912047],[4.8484429,47.0912635],[4.8484215,47.0912969],[4.8484015,47.0913715],[4.8483593,47.0915254],[4.848176,47.0915127],[4.8482025,47.0913356],[4.8482338,47.0911313],[4.8478483,47.0911075],[4.8473261,47.0910768],[4.8470439,47.0910574],[4.8468051,47.0910404],[4.8467672,47.0910598],[4.8467304,47.0910856],[4.846421,47.0910756],[4.8462339,47.091078],[4.8460814,47.0910968],[4.8458134,47.0911297],[4.8455322,47.0911321],[4.8455316,47.0912882],[4.8455315,47.0913654],[4.8455314,47.0914175],[4.8454261,47.0914282],[4.8449996,47.0915047],[4.8448741,47.0915303],[4.8447067,47.0915642],[4.8446286,47.0916192],[4.844278,47.0916616],[4.8441297,47.0916865],[4.8441549,47.0917771],[4.8440314,47.0918073],[4.8439061,47.0918359],[4.8438353,47.0918658],[4.8432792,47.092007],[4.8428755,47.0920546],[4.8425565,47.0920894],[4.8421512,47.0920788],[4.8421483,47.0920787],[4.8414955,47.0919859],[4.8410459,47.0919422],[4.8406393,47.0919001],[4.8405191,47.0919435],[4.839499,47.0919817],[4.8390757,47.0918645],[4.8390509,47.0918272],[4.8380311,47.0918127],[4.8381038,47.0913137],[4.83563,47.0915465],[4.8334466,47.0917521],[4.8334345,47.091699],[4.8334258,47.0910119],[4.8335982,47.0902346],[4.8338349,47.0897603],[4.8339893,47.0895487],[4.8345018,47.0896131],[4.8347163,47.0890388],[4.835016,47.0869316],[4.8350751,47.0865163],[4.8349196,47.0860384],[4.8345315,47.0856334],[4.8343529,47.0853695],[4.8342567,47.0846382],[4.834268,47.0845733],[4.834357,47.084062],[4.8343748,47.0840302],[4.8347469,47.0841409],[4.8347744,47.0841443],[4.8347801,47.0841292],[4.835707,47.0824061],[4.8364529,47.0809889],[4.8364643,47.0809683],[4.8355091,47.0802989],[4.8354483,47.0802793],[4.8342896,47.0802778],[4.8342852,47.0802541],[4.8341218,47.0792381],[4.8340152,47.0785756],[4.8339977,47.0782534],[4.8338539,47.0776314],[4.8336999,47.0766504],[4.8334262,47.0758429],[4.8336955,47.0757165],[4.833876,47.0756726],[4.8344109,47.0755426],[4.8344746,47.0756086],[4.8360021,47.0752294],[4.8371696,47.0749172],[4.8379335,47.0748482],[4.8380577,47.0748369],[4.8385156,47.0735325],[4.8387886,47.0732431],[4.8386491,47.0727814],[4.8386765,47.0721885],[4.8392503,47.0721264],[4.8397258,47.0720164],[4.8399501,47.0715789],[4.8400222,47.0713665],[4.8400538,47.0711562],[4.8400819,47.0708164],[4.8424076,47.0703287],[4.8431216,47.0703176],[4.843132,47.0703345],[4.8431662,47.0702433],[4.8431586,47.0701926],[4.8431764,47.070191],[4.8432577,47.0701807],[4.8435129,47.0701224],[4.843735,47.0700908],[4.8438518,47.0700837],[4.8439638,47.0700708],[4.8440193,47.0700644],[4.8442273,47.0700494],[4.8453424,47.0698017],[4.8466156,47.0695202],[4.8466318,47.0695138],[4.8465409,47.0694579],[4.8465044,47.069412],[4.8463573,47.069262],[4.846158,47.0691065],[4.8458333,47.0688482],[4.8456402,47.0686827],[4.8455148,47.0685535],[4.8454431,47.0684457],[4.8454003,47.0683742],[4.845285,47.0681729],[4.8452297,47.0680836],[4.8450468,47.0678496],[4.8448602,47.0676477],[4.844561,47.067369],[4.8444033,47.0672365],[4.8441905,47.0670744],[4.8441257,47.0670115],[4.844008,47.0668843],[4.8439023,47.0667501],[4.8437448,47.0665786],[4.8435784,47.0663927],[4.8435238,47.0663184],[4.8434345,47.0661938],[4.8433673,47.06604],[4.8432417,47.0657853],[4.8431893,47.0656442],[4.8431676,47.0655015],[4.8431301,47.0652406],[4.8431214,47.0650099],[4.8430788,47.064893],[4.8431549,47.0648483],[4.8432842,47.0647999],[4.8434576,47.0647046],[4.8435903,47.0646052],[4.8436297,47.0645488],[4.8437423,47.0643711],[4.8437565,47.0643188],[4.8438079,47.0641413],[4.8438421,47.0638704],[4.8438516,47.0638227],[4.8438723,47.063791],[4.8439859,47.0637363],[4.8436881,47.0633671],[4.8435628,47.0631934],[4.8441754,47.0631725],[4.8445277,47.0631869],[4.8447836,47.0631767],[4.8449901,47.0631388],[4.8455753,47.063046],[4.8458261,47.0630149],[4.8458959,47.0630352],[4.8460573,47.0631333],[4.846242,47.063307],[4.8463465,47.0633565],[4.8464659,47.0633897],[4.8465935,47.0633877],[4.8468427,47.0633605],[4.8472506,47.0632926],[4.8477197,47.0632037],[4.8479398,47.063145],[4.8481675,47.0630329],[4.848566,47.0629154],[4.8490168,47.0627873],[4.8496906,47.0625868],[4.8504666,47.062351],[4.8511451,47.0621688],[4.8516194,47.0620467],[4.8524558,47.0618558],[4.8531789,47.061717],[4.8534799,47.0616582]]]]}},{"type":"Feature","id":"commune-21606","properties":{"id":"commune-21606","name":"LADOIX-SERRIGNY","kind":"commune","tier":"commune"},"geometry":{"type":"MultiPolygon","coordinates":[[[[4.8954863,47.0409146],[4.896527,47.0409222],[4.8982615,47.0409443],[4.899176,47.0409361],[4.900661,47.0409164],[4.9013698,47.0409106],[4.9020782,47.0409018],[4.9023117,47.0408983],[4.9032259,47.0408743],[4.9043635,47.0408513],[4.9055012,47.0408312],[4.9061912,47.0408205],[4.9064644,47.0408127],[4.908017,47.0408251],[4.9092276,47.0408435],[4.9101598,47.0408486],[4.9105477,47.0408453],[4.9113799,47.0408472],[4.9119165,47.0408458],[4.9131998,47.0408285],[4.9135397,47.040828],[4.9146201,47.04082],[4.9150133,47.0408209],[4.9158281,47.0408125],[4.9163751,47.0408126],[4.9178815,47.0408038],[4.9189111,47.0407967],[4.9198504,47.0407857],[4.9207901,47.040778],[4.92107,47.0407763],[4.9213293,47.0407745],[4.9231184,47.0410283],[4.9252113,47.0413359],[4.930496,47.042105],[4.9333796,47.0425263],[4.9359156,47.0429065],[4.9369958,47.0430638],[4.9390797,47.0434245],[4.9394315,47.0434846],[4.9400784,47.0436473],[4.9402585,47.0436824],[4.9407979,47.043764],[4.9414744,47.0438137],[4.9423797,47.0438753],[4.944388,47.0441697],[4.9463466,47.0444548],[4.9480217,47.0446947],[4.9503183,47.0450586],[4.9514218,47.045233],[4.953754,47.0455812],[4.9564974,47.0459827],[4.9584269,47.0462663],[4.9598856,47.046479],[4.9604244,47.0469805],[4.9608007,47.0471756],[4.9611767,47.0473708],[4.9622073,47.0481311],[4.9619761,47.0483018],[4.9618286,47.0484101],[4.9614677,47.0485406],[4.9608248,47.0489301],[4.9605637,47.0492696],[4.9605015,47.0493301],[4.9602075,47.0495177],[4.9590823,47.0500797],[4.958569,47.0505453],[4.9585316,47.050579],[4.9584997,47.0506079],[4.9584217,47.0506829],[4.9582728,47.0508054],[4.9581074,47.0509175],[4.9578809,47.0511837],[4.9583048,47.0517617],[4.9582212,47.0523068],[4.9581003,47.0525129],[4.9581891,47.0526398],[4.9586122,47.052565],[4.9586233,47.0525613],[4.9588045,47.0524925],[4.9589739,47.0524109],[4.9591293,47.0523172],[4.9594977,47.052251],[4.9597446,47.0522835],[4.9600797,47.0523911],[4.9605826,47.0526322],[4.9606805,47.0527582],[4.9611089,47.0530267],[4.9611733,47.0530655],[4.9612223,47.0530949],[4.961534,47.053282],[4.9616322,47.053394],[4.9621357,47.0539548],[4.962419,47.0541709],[4.9626501,47.054568],[4.9626048,47.0548316],[4.9625774,47.0549841],[4.9626323,47.055202],[4.9628064,47.0553708],[4.963052,47.055501],[4.9636079,47.0557891],[4.9636902,47.0560153],[4.9638162,47.0561385],[4.9645758,47.0565001],[4.9646825,47.0568013],[4.9644945,47.0572442],[4.9644469,47.0575841],[4.9644125,47.0578256],[4.9637343,47.0586271],[4.9631663,47.0592844],[4.9628427,47.0598316],[4.9629105,47.0599439],[4.9630148,47.0600807],[4.9631383,47.0602095],[4.9632999,47.0603186],[4.9633784,47.0603989],[4.9636628,47.0606728],[4.9639654,47.0609374],[4.9641189,47.0611164],[4.9635544,47.0614008],[4.9634488,47.0615098],[4.9632596,47.0616831],[4.9630532,47.0618466],[4.9625445,47.0621513],[4.9624252,47.0620464],[4.9599294,47.0633191],[4.9597581,47.0633571],[4.9589375,47.0638212],[4.9588683,47.06389],[4.9586861,47.0639864],[4.9580504,47.0643103],[4.9574015,47.064622],[4.9562904,47.0649955],[4.9552766,47.0649847],[4.9529942,47.0648148],[4.9505656,47.0662784],[4.9486198,47.0671403],[4.9473637,47.0672714],[4.9459657,47.0674747],[4.9441961,47.0676729],[4.942087,47.0679213],[4.9413416,47.0680038],[4.9412859,47.0680425],[4.9418075,47.0713801],[4.941737,47.071434],[4.9414669,47.0716403],[4.941251,47.0717196],[4.9410546,47.0717576],[4.9407915,47.0717948],[4.9405246,47.0718169],[4.9400529,47.0718661],[4.939685,47.0720174],[4.939253,47.0722626],[4.9390621,47.0723191],[4.9389615,47.0723844],[4.9387841,47.0724824],[4.9385936,47.0725681],[4.9380834,47.0728135],[4.9375261,47.0730072],[4.9374037,47.0731068],[4.9370976,47.0734551],[4.9367551,47.0737251],[4.9365073,47.0739272],[4.9364302,47.0740932],[4.9363605,47.074308],[4.9362725,47.0746381],[4.9362066,47.0749706],[4.9362196,47.0750225],[4.936251,47.0752068],[4.93626,47.0753922],[4.9362469,47.0755775],[4.9360171,47.0757088],[4.9351941,47.0761977],[4.9344887,47.0765144],[4.9341678,47.0764071],[4.9341758,47.0761634],[4.9340684,47.0758474],[4.9334894,47.07504],[4.9331241,47.0748668],[4.9328441,47.0747337],[4.9323983,47.0742581],[4.9322524,47.0741842],[4.9319666,47.0741575],[4.9314408,47.0742135],[4.9309044,47.0742858],[4.9306948,47.0743148],[4.9295682,47.07448],[4.9287762,47.0746875],[4.9269263,47.0752621],[4.9257945,47.0754854],[4.9255697,47.0755105],[4.9247394,47.0756813],[4.9245272,47.0757431],[4.9244451,47.0757723],[4.9240663,47.0758587],[4.9237176,47.0759742],[4.9235318,47.0758694],[4.9233154,47.0760002],[4.9231899,47.0760806],[4.9230012,47.0759268],[4.9228426,47.075858],[4.9222218,47.0757796],[4.9215655,47.0757142],[4.9214956,47.075731],[4.9214467,47.0757351],[4.9207984,47.0757693],[4.9203271,47.075795],[4.9202686,47.0757981],[4.9199871,47.0757391],[4.9196648,47.0756713],[4.9194312,47.0756019],[4.919194,47.0755382],[4.9189539,47.0754802],[4.9187756,47.0754412],[4.9186302,47.0754119],[4.9179337,47.0753072],[4.9177789,47.0752758],[4.9170421,47.0747958],[4.9164369,47.0749856],[4.9164205,47.074975],[4.9150661,47.0754236],[4.9149066,47.0754683],[4.9147215,47.0754822],[4.9145356,47.0754902],[4.9144733,47.0754914],[4.914347,47.0754846],[4.9142205,47.0754839],[4.9140941,47.0754893],[4.9140665,47.0754914],[4.9138958,47.075512],[4.9131856,47.0756199],[4.9125465,47.075716],[4.9120296,47.0758127],[4.9114152,47.0760415],[4.9113582,47.0760653],[4.9110467,47.0762218],[4.910623,47.0764339],[4.9102364,47.0766733],[4.9102001,47.0766885],[4.9101792,47.0766995],[4.9101539,47.0767051],[4.9101277,47.0767049],[4.9101213,47.0767038],[4.9100504,47.0767331],[4.9099951,47.0767573],[4.9098779,47.0768125],[4.9098443,47.0768283],[4.9097171,47.0768883],[4.9096535,47.0769196],[4.9094687,47.077005],[4.9093072,47.0770855],[4.9092881,47.0770992],[4.9087552,47.0773569],[4.9085778,47.0773947],[4.908296,47.0775421],[4.9083395,47.0776486],[4.9084272,47.0778517],[4.9084796,47.0779711],[4.907103,47.0786212],[4.9070042,47.0785207],[4.9069776,47.0784938],[4.906722,47.0782286],[4.9064589,47.0779666],[4.90629,47.0778039],[4.9062251,47.0777363],[4.9062063,47.0777162],[4.9058808,47.0773685],[4.9057278,47.0771756],[4.9055829,47.0769797],[4.9055608,47.0769489],[4.9053916,47.076748],[4.9051901,47.0765148],[4.9050087,47.076281],[4.9048885,47.0761174],[4.9041285,47.0765021],[4.9039925,47.0765734],[4.9038621,47.0766495],[4.9038346,47.0766665],[4.9036253,47.0767919],[4.9034217,47.0769218],[4.9033157,47.0769929],[4.9024153,47.0775858],[4.9028593,47.0778418],[4.9038624,47.0784136],[4.9038477,47.0784433],[4.903761,47.0785114],[4.9030969,47.0790001],[4.90242,47.0794894],[4.9023436,47.079544],[4.9022821,47.0795877],[4.902119,47.0797072],[4.9023601,47.079881],[4.9024121,47.0799189],[4.902504,47.0799849],[4.9012932,47.0808212],[4.9012635,47.0808513],[4.9010025,47.0807364],[4.9009941,47.0807655],[4.9007909,47.0809305],[4.899483,47.0819896],[4.8989814,47.0824065],[4.8978308,47.0833956],[4.897754,47.0834534],[4.897677,47.0835327],[4.8972718,47.0838992],[4.8958616,47.0851682],[4.89615,47.0853524],[4.896195,47.0853504],[4.8962436,47.0854091],[4.896589,47.0856241],[4.8969534,47.0858511],[4.8971018,47.0859631],[4.8973319,47.0860875],[4.897438,47.0861442],[4.8973933,47.0862167],[4.8976839,47.0864082],[4.8980177,47.0867033],[4.8982004,47.0868431],[4.8986234,47.0872346],[4.8992666,47.0877954],[4.8993275,47.0878812],[4.8992647,47.0879356],[4.8995072,47.0881877],[4.8997804,47.0883808],[4.8992136,47.0887096],[4.8991721,47.0887219],[4.8989385,47.0888826],[4.8987737,47.0890148],[4.8987322,47.089076],[4.8987001,47.0891187],[4.8984309,47.0893423],[4.8981434,47.0895777],[4.8979349,47.0897518],[4.8977379,47.0899116],[4.8975922,47.0900546],[4.8974569,47.0901907],[4.897331,47.0903108],[4.8972036,47.0904647],[4.8971852,47.0905138],[4.8971493,47.0906711],[4.897088,47.0907685],[4.8968705,47.0909303],[4.8966254,47.0911022],[4.8963838,47.0912273],[4.8960626,47.0913902],[4.8958289,47.0915618],[4.8957694,47.0916242],[4.8957836,47.0916573],[4.8958679,47.091818],[4.8958808,47.0919709],[4.8958932,47.0921696],[4.8958054,47.0924269],[4.8956072,47.0926595],[4.8953955,47.0929158],[4.8952114,47.0931325],[4.895192,47.0931692],[4.8950964,47.0932029],[4.8946506,47.0934452],[4.8943616,47.0935977],[4.8943173,47.0935966],[4.8941004,47.0933661],[4.8940162,47.0932727],[4.8939209,47.0933112],[4.8938993,47.093313],[4.8938615,47.0933211],[4.8938269,47.0933347],[4.8936263,47.0929516],[4.8934541,47.0927189],[4.8932998,47.0925527],[4.8932097,47.0924752],[4.893062,47.092482],[4.8927821,47.0924047],[4.8926055,47.0923913],[4.8924817,47.0923585],[4.89245,47.0923501],[4.8923763,47.0923306],[4.8923747,47.0923302],[4.8923817,47.0923092],[4.8921969,47.092265],[4.8921794,47.0922863],[4.8920751,47.0922637],[4.8919237,47.092236],[4.8918516,47.092226],[4.8918181,47.0922212],[4.8917703,47.0922144],[4.8917675,47.0922108],[4.8917507,47.0921876],[4.8917032,47.092122],[4.891647,47.0920307],[4.8916303,47.0919981],[4.8915991,47.0919371],[4.8915559,47.091885],[4.8915074,47.0918262],[4.8914153,47.0917145],[4.8914137,47.0917067],[4.8914083,47.0916893],[4.8913961,47.0916495],[4.89137,47.091594],[4.8913356,47.0915404],[4.8913327,47.0914606],[4.891327,47.0913117],[4.8913237,47.0912283],[4.8913548,47.0910662],[4.8913595,47.0909603],[4.8913619,47.0909048],[4.891367,47.0907906],[4.8913703,47.0907185],[4.8913693,47.0906382],[4.8913678,47.0905309],[4.8912801,47.0905267],[4.8912069,47.0905246],[4.8910775,47.0905212],[4.890875,47.0905219],[4.8906724,47.0905285],[4.8904047,47.0905692],[4.8902524,47.0905923],[4.8902253,47.0905932],[4.8901292,47.0906001],[4.8900347,47.0906131],[4.8897712,47.0906159],[4.8897214,47.0906166],[4.8895167,47.0906382],[4.8894858,47.0906408],[4.8893417,47.0906489],[4.8891972,47.090651],[4.889128,47.0906654],[4.8891095,47.0906693],[4.8890444,47.0906493],[4.8889967,47.0906435],[4.8889067,47.0906337],[4.8887783,47.0906195],[4.8886945,47.0906106],[4.8883909,47.0905835],[4.8882342,47.0905603],[4.8881662,47.0905502],[4.8880102,47.0905555],[4.8878435,47.0905556],[4.8876771,47.0905493],[4.8875114,47.0905369],[4.8874609,47.0905344],[4.8868064,47.0905009],[4.886656,47.0904932],[4.8854524,47.0904215],[4.8840431,47.0903456],[4.8821728,47.090264],[4.881959,47.0902544],[4.8818196,47.0899966],[4.8818276,47.0898913],[4.8818349,47.0897921],[4.8818354,47.0897859],[4.8818447,47.0896632],[4.8818551,47.0896393],[4.8819019,47.0895319],[4.8821121,47.0893818],[4.8822537,47.0892807],[4.8823233,47.0892309],[4.8823456,47.0891217],[4.882375,47.0889773],[4.8823178,47.0888919],[4.8822858,47.0887782],[4.8821887,47.08852],[4.8820768,47.0883449],[4.8820714,47.088157],[4.8819571,47.0877989],[4.8819881,47.0876815],[4.8819471,47.087599],[4.8818338,47.0873711],[4.8817261,47.0871546],[4.8816172,47.0869367],[4.8815451,47.0867923],[4.881517,47.0867034],[4.8815325,47.0865866],[4.8815868,47.086372],[4.8815892,47.0862672],[4.8815862,47.0860832],[4.8815844,47.0859142],[4.8815895,47.085896],[4.8815893,47.0858129],[4.881589,47.0857554],[4.8816315,47.0856731],[4.8816503,47.0856075],[4.8816648,47.0855413],[4.881671,47.0855033],[4.8816689,47.0852178],[4.881645,47.0851274],[4.8816257,47.0850364],[4.881616,47.0849819],[4.8815932,47.08493],[4.8815959,47.0848711],[4.8815944,47.084812],[4.8815939,47.0848062],[4.8816705,47.0847923],[4.8816743,47.0847729],[4.8816864,47.0847118],[4.881742,47.0844225],[4.881768,47.0843361],[4.8815383,47.084329],[4.8815399,47.0841767],[4.8815228,47.0841281],[4.88151,47.0840913],[4.8814862,47.0840235],[4.8814045,47.0840219],[4.8812054,47.084018],[4.8811254,47.0840165],[4.881094,47.0839323],[4.8810497,47.0839395],[4.8807127,47.0840607],[4.8807346,47.0840841],[4.8807928,47.0841464],[4.8805288,47.0844135],[4.8803463,47.0845587],[4.8801951,47.0846799],[4.8801359,47.084727],[4.8799344,47.0848874],[4.8798733,47.0849361],[4.8790799,47.0857007],[4.879036,47.0857431],[4.8787864,47.0859695],[4.8783648,47.0863521],[4.8782651,47.0864523],[4.87819,47.0865273],[4.878114,47.0866037],[4.8780845,47.0866332],[4.8779287,47.0867897],[4.87789,47.0867734],[4.8778789,47.086795],[4.8778704,47.0868116],[4.8778422,47.0868665],[4.877821,47.0869241],[4.877798,47.0869864],[4.8777724,47.0870551],[4.8777601,47.087088],[4.8777238,47.0871867],[4.8777226,47.0871865],[4.8775899,47.0871733],[4.8774576,47.0871587],[4.8773395,47.0871554],[4.8771017,47.0871489],[4.8768045,47.0871408],[4.8765568,47.0871096],[4.876277,47.0870744],[4.8760035,47.0870387],[4.8759649,47.0870354],[4.8757039,47.0870131],[4.8754736,47.0869935],[4.8751721,47.0869616],[4.8751549,47.0869597],[4.874827,47.0869253],[4.8746231,47.0868953],[4.8744572,47.0868709],[4.8742277,47.0868371],[4.8741891,47.0868314],[4.8741978,47.0867971],[4.8742066,47.0867626],[4.8742034,47.0867296],[4.8741967,47.0866995],[4.8741501,47.086616],[4.8741185,47.0865766],[4.8740643,47.086508],[4.8740202,47.0864526],[4.873944,47.0863772],[4.8738853,47.0863197],[4.8738206,47.0862563],[4.8737807,47.0862109],[4.8737569,47.0861751],[4.8737402,47.0861498],[4.8736758,47.0860535],[4.8735258,47.0860776],[4.8729856,47.0861652],[4.8728106,47.0861937],[4.87272,47.0859795],[4.8726508,47.0858102],[4.8724469,47.08585],[4.8721007,47.0859158],[4.8719818,47.0857653],[4.8719513,47.0857268],[4.8719383,47.0857129],[4.8718671,47.0855964],[4.8718104,47.0855066],[4.8717874,47.0854699],[4.8717678,47.0854367],[4.8717516,47.085415],[4.8717099,47.085357],[4.8716703,47.0852983],[4.8719611,47.0852059],[4.8719151,47.0851391],[4.8717958,47.0849607],[4.8717473,47.0848883],[4.8717378,47.0848765],[4.8717273,47.0848663],[4.8717041,47.0848454],[4.8716792,47.0848254],[4.8715189,47.0846752],[4.8714485,47.0846111],[4.8711303,47.0843156],[4.8711195,47.0843083],[4.870811,47.0840942],[4.8706393,47.0839783],[4.8702007,47.0836752],[4.8701629,47.0836493],[4.8700073,47.0835426],[4.8699889,47.0835301],[4.8695015,47.0832338],[4.8694781,47.0832196],[4.8692921,47.0830925],[4.8692599,47.0830704],[4.8691759,47.0829644],[4.8691056,47.0828696],[4.8690801,47.082833],[4.8690338,47.0827745],[4.8687938,47.0829105],[4.868673,47.0828207],[4.8684716,47.0826826],[4.8684191,47.0826466],[4.8683429,47.082594],[4.8682329,47.0825145],[4.8682226,47.0825115],[4.8682964,47.0824465],[4.8686663,47.0821495],[4.8686847,47.0821255],[4.8687358,47.0820545],[4.8687829,47.0819823],[4.8688505,47.0818937],[4.8688935,47.0818621],[4.8689573,47.0817861],[4.8689938,47.0815635],[4.8690427,47.0814225],[4.8690271,47.0814214],[4.8685865,47.0814322],[4.8685719,47.0811263],[4.8685683,47.0810495],[4.8685011,47.0807974],[4.8686095,47.0805926],[4.8687089,47.0805485],[4.8687093,47.0801943],[4.8686218,47.0797771],[4.8686214,47.0797656],[4.8687585,47.0797499],[4.8688023,47.0797509],[4.8687965,47.0797456],[4.8687959,47.0797146],[4.86901,47.0797328],[4.8690835,47.079734],[4.8691056,47.0797187],[4.8691713,47.0796582],[4.8693133,47.0795305],[4.8693489,47.0794975],[4.869365,47.0794593],[4.8694064,47.0794172],[4.8694271,47.0793119],[4.8694426,47.0792326],[4.8694576,47.0791512],[4.8694783,47.0790728],[4.8695035,47.0789926],[4.8695316,47.0789171],[4.8695599,47.0788362],[4.8695884,47.0787545],[4.8696251,47.0786575],[4.8696439,47.0785834],[4.8696644,47.0785044],[4.8696965,47.0783841],[4.869724,47.0783003],[4.8697528,47.0782165],[4.8697813,47.0781447],[4.869803,47.0780915],[4.8698821,47.0779025],[4.8699126,47.0778279],[4.8699441,47.0777418],[4.8699862,47.077664],[4.8700265,47.0775884],[4.8700699,47.0775126],[4.8701123,47.0774359],[4.8701576,47.0773562],[4.8701873,47.0773083],[4.8702633,47.077196],[4.8702849,47.0771731],[4.8703274,47.0771341],[4.870367,47.077104],[4.8704283,47.0770685],[4.8706265,47.0769951],[4.8707611,47.0769202],[4.8708752,47.0768425],[4.8709615,47.0767843],[4.8710601,47.0767041],[4.8711374,47.076618],[4.8711456,47.0766098],[4.87115,47.0765731],[4.8711244,47.0765238],[4.8711016,47.0764986],[4.8710649,47.0764705],[4.8709503,47.0764002],[4.8708772,47.0763552],[4.8708349,47.0763182],[4.8707958,47.0762632],[4.8707444,47.0761757],[4.8706959,47.0760902],[4.8706714,47.0760361],[4.8706719,47.0759723],[4.8706767,47.0759429],[4.8706896,47.0759039],[4.870751,47.0757911],[4.8707844,47.0757487],[4.8708822,47.075673],[4.8709706,47.0756053],[4.8710505,47.0755308],[4.8711511,47.0754419],[4.8712476,47.0753715],[4.8713486,47.0753083],[4.8714266,47.0752606],[4.8715113,47.0752231],[4.8717337,47.075137],[4.8719604,47.0750491],[4.8721243,47.0749747],[4.8722579,47.074904],[4.8724015,47.0748191],[4.8725482,47.0747347],[4.872699,47.0746476],[4.8727749,47.0746032],[4.872797,47.0745776],[4.8728214,47.0745871],[4.8728103,47.0745349],[4.8730613,47.0743604],[4.8732481,47.0742507],[4.873499,47.0741346],[4.8738765,47.0740279],[4.8741507,47.0739631],[4.8745506,47.0739768],[4.8749203,47.0737962],[4.8753938,47.0735492],[4.8758947,47.0733084],[4.8757402,47.0729457],[4.87573,47.07295],[4.8753111,47.0731389],[4.8751468,47.0729815],[4.8747942,47.0729675],[4.8747919,47.0729776],[4.8747562,47.0729774],[4.8747549,47.0729671],[4.8747453,47.0729676],[4.8747349,47.0729679],[4.8743719,47.0731509],[4.8743491,47.0731553],[4.8740464,47.0729413],[4.8738296,47.0726726],[4.8737473,47.0725969],[4.8736616,47.072523],[4.8735881,47.0724634],[4.8735472,47.0724131],[4.8735105,47.0723614],[4.8735002,47.0723456],[4.8734867,47.072352],[4.8734095,47.0722622],[4.8734231,47.0722558],[4.8734136,47.0722555],[4.8733263,47.0721554],[4.8732473,47.0720638],[4.8731941,47.0720097],[4.8731064,47.0719224],[4.873038,47.0718548],[4.8729387,47.0717706],[4.8728734,47.0717166],[4.872777,47.0716356],[4.8726774,47.0715526],[4.8725753,47.0714682],[4.8725341,47.0714249],[4.872463,47.0713424],[4.8724651,47.0713112],[4.8729345,47.0713387],[4.8733767,47.0713331],[4.8737433,47.0713077],[4.8739637,47.0712816],[4.8740199,47.0712689],[4.8740914,47.0712352],[4.8741766,47.0711954],[4.8737061,47.070705],[4.8736987,47.0706945],[4.8736634,47.0706733],[4.8732453,47.0702453],[4.8728705,47.0698744],[4.8716356,47.0686067],[4.8706652,47.0676301],[4.8694532,47.0664552],[4.8679901,47.0648812],[4.8664438,47.0633681],[4.8666009,47.0633104],[4.8668371,47.063243],[4.8674474,47.063067],[4.8678978,47.062941],[4.8679236,47.0629346],[4.8681067,47.0628888],[4.8690891,47.0626478],[4.8691628,47.0626285],[4.8692183,47.062614],[4.8692801,47.0625979],[4.8693272,47.0625856],[4.8702608,47.0623379],[4.8699441,47.061923],[4.8698984,47.0618125],[4.8698954,47.0617939],[4.870747,47.0615051],[4.8707326,47.0614854],[4.8704145,47.0610494],[4.8720627,47.0604345],[4.872782,47.0601432],[4.8737047,47.059762],[4.8742248,47.0592062],[4.8744528,47.0592296],[4.874696,47.0592189],[4.8753899,47.0591848],[4.8760832,47.0591444],[4.8764725,47.0591373],[4.8766399,47.0590934],[4.8770841,47.0588658],[4.8773929,47.0586073],[4.8775876,47.058508],[4.8778744,47.0583684],[4.8781663,47.0582337],[4.8791382,47.0574536],[4.879156,47.0574393],[4.8791877,47.0574137],[4.8792459,47.057461],[4.8794997,47.0572286],[4.8799108,47.0568169],[4.8800187,47.0566171],[4.880137,47.0564156],[4.8802636,47.0562164],[4.8802742,47.0561047],[4.8804088,47.0559705],[4.8807167,47.0558168],[4.8809084,47.0557211],[4.8812135,47.0555397],[4.8818039,47.0550457],[4.8818794,47.0549754],[4.8819332,47.0549253],[4.8819835,47.0548783],[4.8820057,47.0548463],[4.8823376,47.0545696],[4.8827573,47.0540153],[4.8824726,47.0539026],[4.8827278,47.053706],[4.8827515,47.0537117],[4.8830808,47.0534305],[4.8833337,47.0532182],[4.8836496,47.0529523],[4.8838501,47.0527849],[4.8839771,47.0526793],[4.8844806,47.0528572],[4.8844941,47.0528013],[4.8848739,47.0526218],[4.8852873,47.0523217],[4.8853084,47.0523051],[4.8851093,47.0521335],[4.8848726,47.0518138],[4.8848543,47.0517745],[4.8848583,47.0512394],[4.8861517,47.0497454],[4.8870429,47.0487143],[4.8879402,47.0479875],[4.8888408,47.0475025],[4.8900058,47.0468847],[4.8906523,47.0463476],[4.8907324,47.0462676],[4.8912464,47.0457314],[4.8913763,47.0455963],[4.8914748,47.0455016],[4.8915906,47.0453903],[4.891628,47.0453541],[4.8917528,47.0452341],[4.8919381,47.0450561],[4.8924708,47.0445858],[4.8926549,47.0444107],[4.8928031,47.0442835],[4.8929698,47.044152],[4.893145,47.0440257],[4.8933689,47.0438351],[4.893463,47.0437575],[4.8936536,47.0435916],[4.8938353,47.043421],[4.8940078,47.0432461],[4.8940951,47.0432446],[4.894173,47.0432089],[4.8943276,47.0431148],[4.8945402,47.0429364],[4.8947322,47.0427129],[4.894857,47.0425815],[4.8949817,47.0423317],[4.8950125,47.042186],[4.8950402,47.0420064],[4.8950569,47.0418265],[4.8951047,47.0417275],[4.8951133,47.0415571],[4.8950624,47.0414708],[4.8951341,47.0412804],[4.8953977,47.0410722],[4.895423,47.0410343],[4.8954653,47.0409702],[4.8954863,47.0409146]]]]}}],"overviewFills":[{"type":"Feature","id":"overview-grand_cru","properties":{"id":"overview-grand_cru","kind":"vineyard","tier":"grand_cru"},"geometry":{"type":"MultiPolygon","coordinates":[[[[4.8565600264996975,47.06557802228279],[4.856449579689407,47.06562782425529],[4.856342171030676,47.0656785949479],[4.856273046092661,47.06571240516356],[4.856460219098577,47.06589332099196],[4.856924186449761,47.066382456716426],[4.857031113094753,47.06649109385886],[4.857135120277983,47.06660182212029],[4.857172361115731,47.066641073687514],[4.857268569974937,47.066742723369316],[4.857494985384588,47.06697716695289],[4.857719922896085,47.067212651509514],[4.857780429095032,47.067276051299075],[4.857826958185745,47.067324348122376],[4.858123114333738,47.067238867935366],[4.858446812302598,47.06704156166618],[4.858687722267596,47.06687215301272],[4.858872944003979,47.0666924006574],[4.85887446789451,47.066693402789255],[4.858861486209069,47.06666397392101],[4.858858977252181,47.0666343855718],[4.858810149808986,47.066562621276546],[4.858784950652598,47.066569159542034],[4.858758614662894,47.066585928540455],[4.8587066091618665,47.066595968963284],[4.858675793721511,47.06652595914935],[4.858660138596816,47.06650576807274],[4.858633778354522,47.06647860768794],[4.858607769811047,47.06646165408996],[4.858613879687254,47.066421705637744],[4.858643909530654,47.066425311156976],[4.858673868979118,47.06642687350963],[4.858703793074204,47.06642740977483],[4.858724724630311,47.0664270730522],[4.858816643219641,47.066404142777365],[4.858821029375604,47.06640100127416],[4.858823879097311,47.06639687585149],[4.858825191454502,47.066391739507395],[4.858823597478988,47.06638870321682],[4.858884490147358,47.06637648447204],[4.858892134972088,47.066381467704915],[4.858901211087046,47.06638438361867],[4.858913264560288,47.066387260635985],[4.859015936690057,47.06637232535034],[4.859028493168387,47.066215784552746],[4.8589314146710425,47.06621939076015],[4.8589294204310525,47.06620512181011],[4.85892740400564,47.06618982656831],[4.858946798417785,47.06618848788605],[4.858944804174868,47.06617421893614],[4.858952004644782,47.066165925921936],[4.8589728878752965,47.06616457228726],[4.858970765669244,47.06614620780753],[4.858957316326311,47.06614642419519],[4.858931906157051,47.06614683301739],[4.858906460938792,47.06614622475497],[4.858879421439561,47.06614257119617],[4.858867249396306,47.06613663414912],[4.858845719665668,47.066119608547794],[4.858844161054612,47.066117598336994],[4.858836551318976,47.06611363217958],[4.858825867802859,47.066107671180866],[4.858812277661401,47.06610380123392],[4.8587987228785945,47.06610095736518],[4.858785203143513,47.06609913057393],[4.858771753811572,47.06609934694003],[4.85872121480533,47.06610832813227],[4.858684934196828,47.066053742920374],[4.85865193800305,47.066007264017365],[4.858694818690431,47.06599329082023],[4.858737712528276,47.0659793173952],[4.858770204471282,47.06596755558603],[4.85876070602371,47.06595238070749],[4.858804982873357,47.06593532307285],[4.858808113875095,47.06593936128522],[4.8588160402456495,47.06595251715983],[4.858827860220882,47.06594823841776],[4.858826288132624,47.06594621941783],[4.858894332526805,47.065924690791306],[4.858904663979042,47.06592043598931],[4.858907794987377,47.065924474199015],[4.858955083837612,47.06590838568946],[4.859051105895666,47.06587414107924],[4.859040154237732,47.06586001625302],[4.858988337067701,47.06578830012564],[4.859059300970764,47.06576468013143],[4.859045147912019,47.065744473940335],[4.859067321106355,47.06573695764883],[4.859141240036909,47.065712272412334],[4.859155393123195,47.06573247859188],[4.859332767031395,47.065672402186905],[4.8592763757866955,47.065554785729105],[4.859236483909229,47.06548185115386],[4.859156899173191,47.0653421296476],[4.859158692574962,47.06530735682695],[4.859174565629013,47.0651170452621],[4.859172325064223,47.06509562975347],[4.85911139448897,47.06484626990778],[4.858998096914568,47.064552787173284],[4.858972042479032,47.06449087796896],[4.858949739206863,47.06445138661893],[4.858934133112067,47.064432221433485],[4.858827958217325,47.06447582416121],[4.858721866721576,47.06452146973885],[4.858623173363787,47.06456495191224],[4.858338795620412,47.06473097129141],[4.858218526417875,47.06479932263007],[4.857735771673098,47.06502370866009],[4.857454636436817,47.06515390302349],[4.857176512466751,47.06528508392673],[4.856916095010404,47.06540882004191],[4.8566026614247075,47.06555690329809],[4.8565600264996975,47.06557802228279]]],[[[4.85583609864208,47.06596465803578],[4.855787890946113,47.06599812296555],[4.855444606141494,47.0662345688335],[4.855370166630939,47.0662878710664],[4.855303279691879,47.066343105269],[4.855145542958334,47.066539773406944],[4.855120610833531,47.0665973957913],[4.855110889217473,47.06661901240874],[4.855052440327019,47.066745634062244],[4.854977357092688,47.06695425825306],[4.8549038157019915,47.06707703352743],[4.854795597919328,47.06723510929399],[4.854748349854845,47.06729615173045],[4.854490917334578,47.06759456221426],[4.854446027050191,47.067637177082524],[4.853967822174632,47.06808217544469],[4.854011969456679,47.0681049718823],[4.853997346885953,47.06811440129907],[4.853931453300552,47.068155308665624],[4.853754282959518,47.06826543575161],[4.853471745281777,47.06844265194265],[4.853417566706505,47.068476220579555],[4.8532865847918245,47.06858152644877],[4.853175903089908,47.068668108003756],[4.853033252425865,47.06878176884763],[4.852983657315431,47.068818325688845],[4.852483457570262,47.0690153839491],[4.852477617163005,47.069019566154275],[4.852370921095857,47.069091772993666],[4.851998407984615,47.069479899435024],[4.85182028111005,47.06978009414674],[4.851796201580712,47.06981931244899],[4.851808006730914,47.069857946656875],[4.85185187397304,47.06987257126374],[4.851672208266822,47.07017177269535],[4.851344982036169,47.07057245431484],[4.851052081295783,47.07092761978635],[4.851117373079701,47.07095620245108],[4.851185795657028,47.07098882349053],[4.8522862481839955,47.07002296489857],[4.852693411541151,47.06968538018772],[4.852844685604366,47.069561360144576],[4.852988616774875,47.06944154621174],[4.853105667044049,47.069366101823185],[4.853472764937213,47.069125202099634],[4.853674507680471,47.06899014989764],[4.853781223582311,47.06891895914321],[4.853931987208836,47.06882355676627],[4.853972996686906,47.06879837633933],[4.854094522818554,47.06872285006674],[4.8542145253695566,47.06864633947319],[4.854256987896345,47.068620108975956],[4.854523434875112,47.06845337054179],[4.854546865864464,47.068438684462386],[4.854697543370867,47.068341238122564],[4.854904567144363,47.06822961268294],[4.855001886866357,47.06818921787711],[4.855183471293303,47.068120903347264],[4.855418986507657,47.06805479345991],[4.855654404825642,47.06802956139754],[4.855915325797673,47.068006972151856],[4.855933197374452,47.06800464080647],[4.8559852621851185,47.06799665400813],[4.856035768110258,47.06798664793823],[4.856099407616556,47.06796723607666],[4.85615257409975,47.067947983414726],[4.856351536203481,47.0678630515484],[4.85648857094073,47.06780362779631],[4.856612717896547,47.06776075626692],[4.857262694343085,47.06752756395421],[4.857813649279631,47.067328650694115],[4.85746765097564,47.066965340640266],[4.856909270663575,47.0663837230803],[4.856449830317394,47.06589553220336],[4.856261296273155,47.06571872680535],[4.856119107377342,47.065801729038526],[4.855940518150182,47.06591393585003],[4.855894997771113,47.06593816285899],[4.85583609864208,47.06596465803578]]],[[[4.857962430510739,47.0673497542071],[4.857894348917102,47.067370265195486],[4.857897479933954,47.06737430343053],[4.857693150984606,47.06743378421212],[4.857616344447825,47.06746158582096],[4.857510105343273,47.06750314392224],[4.857375852036878,47.0675564003477],[4.8573696604116146,47.06755036700849],[4.856784846745524,47.06776514083978],[4.856702234639474,47.06779815034205],[4.856627034140771,47.06782898739659],[4.8564530491624796,47.06790127072555],[4.85635723247742,47.06794163362976],[4.856237963498366,47.06799566559247],[4.8561774899323025,47.06802013289013],[4.856073852425264,47.068050408750715],[4.856030710352291,47.06805723462021],[4.855933874226995,47.068067984864115],[4.855671767051444,47.06809977898546],[4.855423285268967,47.0681364689365],[4.85527744473022,47.06815720931832],[4.855172409954871,47.068190568720986],[4.854949535645172,47.06827589138577],[4.854856905097755,47.06832233472556],[4.854755540496391,47.06837505104937],[4.854718870118011,47.06839607354419],[4.854243742135952,47.06871330507369],[4.854211563446189,47.068734255318056],[4.85407102776633,47.06882234345761],[4.853931980222944,47.06891040753956],[4.853835430498718,47.06897326719265],[4.853537291075665,47.06917525618387],[4.8529296050985815,47.06959575991085],[4.852903265811526,47.06961252755743],[4.8521370948774,47.07025219929308],[4.852010703480635,47.07036049188647],[4.851376330862981,47.070919354203234],[4.851098549512433,47.07114860359334],[4.850847159403726,47.071406031498555],[4.850739918984692,47.07154977726861],[4.850687382551418,47.071631345346965],[4.85067616957938,47.071652985396184],[4.850561625971895,47.07193274319081],[4.850540850390975,47.07198110302887],[4.8504680627937296,47.072126341024315],[4.850474148874139,47.07212930548386],[4.8504517791550406,47.07217461990224],[4.850377769561365,47.07232805451968],[4.8503687409731215,47.072326154811],[4.850287401287809,47.07248379529389],[4.850293452508266,47.07248574268316],[4.8501956401034745,47.07268655875023],[4.850131331793404,47.072817350734084],[4.8500750889124955,47.07296539443815],[4.850067448066857,47.07300434010313],[4.850058301186084,47.07308623078022],[4.850054040909004,47.07318030890766],[4.850047888668603,47.073306081165164],[4.85004566894989,47.073328603794586],[4.850062237678652,47.07341927752194],[4.850081004463003,47.073486411325334],[4.850112333757776,47.073527803992995],[4.850370866945342,47.07352162024932],[4.850497887410655,47.07351856863162],[4.850717625703318,47.07351504963023],[4.8510090072110055,47.07350731172758],[4.851221297501573,47.073504937712805],[4.851249979989336,47.07351400327414],[4.851248865661199,47.07352390324022],[4.850122794352839,47.0735276365161],[4.850198851941998,47.07365210154315],[4.850244416529592,47.07371574433969],[4.850289757777072,47.073773257851784],[4.850415807714994,47.07391633843282],[4.8504877894989065,47.074009186686176],[4.850618495871504,47.07424414910259],[4.8506648323102715,47.07433025745873],[4.850686910415252,47.074363630011256],[4.850731394598405,47.074439546600516],[4.8507743904641645,47.074515496014705],[4.85084039733519,47.07465237826995],[4.850904999072715,47.07479132727263],[4.850965108504798,47.07493034819201],[4.850987502422059,47.07497291038828],[4.851113955407144,47.075127213801814],[4.851204480545133,47.07523714546614],[4.851249543577656,47.075286485943316],[4.851379776825991,47.07542030372203],[4.851459928045485,47.075489515778756],[4.8514904182055965,47.075506399164105],[4.851604768499029,47.075569966003386],[4.851717713293604,47.07563559052831],[4.85183064549694,47.07570122415318],[4.851930651909836,47.07578238340635],[4.852186957175302,47.07597241937821],[4.852399553834428,47.07615293401869],[4.852523950527326,47.07629092365791],[4.852635836746097,47.07641276848689],[4.852738586707344,47.07639988219649],[4.852750707672589,47.07623006661118],[4.852763552202239,47.076081699858875],[4.85280071075699,47.07581339336512],[4.852837434937522,47.075532837111176],[4.852863112502431,47.075365875022825],[4.852911533158773,47.07503403311991],[4.852947986817229,47.07487609295685],[4.852960175494849,47.0748391184573],[4.8530782094976255,47.074530682545394],[4.853119126864067,47.07441559163038],[4.85321265738752,47.07413411511027],[4.853182912471986,47.07412470205233],[4.8531849346487865,47.07411106395319],[4.853311644621238,47.0736635223416],[4.853345982988087,47.0735311649041],[4.853368035551265,47.073345862138446],[4.8533908328462845,47.07309515736151],[4.853401483674892,47.07305718080209],[4.853415208463716,47.0730211992212],[4.8534304219422815,47.072985193760715],[4.853487435147487,47.072903561628124],[4.853532799973217,47.07287422302043],[4.853588366120928,47.07283756126433],[4.853717209837257,47.07275682106879],[4.854031163674708,47.07257910083978],[4.854173478845976,47.07249916160421],[4.85426440456689,47.072446613506955],[4.854383123718477,47.07237624740701],[4.854500283622978,47.072303861917604],[4.8545985030054775,47.0722460902816],[4.85495474033955,47.07203703351227],[4.8552866775165,47.07181712667332],[4.855380486257701,47.07176146943599],[4.855471606929572,47.07171504105765],[4.855557216612643,47.071681993458746],[4.855650401171993,47.07165188607746],[4.855994792848516,47.071576876365825],[4.856276655241598,47.071510020609125],[4.856829904291075,47.07137646632493],[4.85709976760682,47.07130878369529],[4.85713553468864,47.07130513793024],[4.857177247733938,47.07130037894971],[4.857294939337988,47.07128724826836],[4.857414168051544,47.07127511940488],[4.857602421192462,47.07131296098052],[4.857683384315447,47.07131880991296],[4.857702640175213,47.07131339413072],[4.857730713599044,47.0713037480125],[4.8577557743536355,47.07129312367574],[4.857875707054384,47.071214566192246],[4.858176937404545,47.071015578295075],[4.858478095445414,47.07081455544409],[4.8586128021758,47.070730644306636],[4.85879145902479,47.07062047691847],[4.858810397836018,47.070605871249924],[4.85887130556798,47.07055073131287],[4.858908971848389,47.070515390478526],[4.858946567354687,47.07047799747506],[4.8589882080308495,47.07038434395698],[4.859042137507557,47.07025677545512],[4.85909304093714,47.070128228957245],[4.859162765330364,47.0699380779527],[4.859215332694236,47.0698146108253],[4.859230682246427,47.06978269087382],[4.859251625409216,47.06973944182795],[4.8592911544518245,47.0696713622445],[4.859305367440565,47.069649682015125],[4.859322592391946,47.069628961953974],[4.859388986899285,47.069559441396],[4.859446669282184,47.06949720249836],[4.8594442050884625,47.06942571903549],[4.859440721677287,47.069411465064306],[4.859432196133212,47.06938094692079],[4.859420702412255,47.069351503188265],[4.859244377868095,47.06913874447791],[4.859206499995321,47.06908110520307],[4.85909754592998,47.068870324173595],[4.858949716036991,47.0684864668891],[4.858764307159308,47.06813999313923],[4.858537450008165,47.068196775837734],[4.8584163289422655,47.06824061841132],[4.85835877633471,47.0682630045959],[4.858212678949514,47.06831950537854],[4.85806962910459,47.06837801025916],[4.858047559787462,47.06838857758802],[4.858006482146367,47.068411716306564],[4.857965439812421,47.06843588108955],[4.8578719341787675,47.06849971290784],[4.857819457975374,47.06853938914608],[4.857624692439515,47.06870293866228],[4.85757945190559,47.068735338942666],[4.857463805646223,47.068807703500845],[4.857441806700009,47.06882032287094],[4.85743400778006,47.06881125344241],[4.857421602380913,47.06879816948472],[4.857448080267343,47.06878547811869],[4.857512470193343,47.06874459289788],[4.85758269999952,47.068699525177315],[4.857592926700087,47.06869221026027],[4.857677145478448,47.0686193331916],[4.8577526523096575,47.0685537466352],[4.857807943147713,47.06850891895362],[4.857951110372177,47.06841056238816],[4.8579789492561565,47.06839376943628],[4.8580141869871305,47.06837481321324],[4.858049494761129,47.06835789113641],[4.858185238283835,47.06830461900488],[4.858441975094177,47.068203417712276],[4.858506997126369,47.068180920348105],[4.858585363198526,47.06815513736777],[4.858743645082334,47.06810456395556],[4.858700631980637,47.067984687794514],[4.858596488951694,47.06782696242269],[4.858446838708465,47.06760661392651],[4.858320898687947,47.067423689769264],[4.858219666919937,47.06730679404136],[4.858169806323584,47.067292268228904],[4.857962430510739,47.0673497542071]],[[4.851392156072543,47.07355894016023],[4.851661294830004,47.073644004820274],[4.851742112986591,47.073670103277706],[4.851705178285636,47.07365862925269],[4.851392156072543,47.07355894016023]]],[[[4.857457474091194,47.071360256329115],[4.8576094678946875,47.07138744166464],[4.8576912867884765,47.07137488725748],[4.857743191685045,47.0713617870746],[4.857868669469842,47.07135772542087],[4.857901481379119,47.07135515357828],[4.857960198562472,47.07136647521425],[4.858210923324002,47.07148097623326],[4.858655718625408,47.071715985169305],[4.859287946397946,47.07213803248703],[4.859422505146023,47.07222374469952],[4.859559997292989,47.07230735626105],[4.859630267590652,47.07235016409951],[4.859883064870819,47.072524912202525],[4.8600977971407175,47.07267983863276],[4.860159660037534,47.07273912678726],[4.860565479880167,47.07266719421126],[4.861173886278294,47.07257156357828],[4.861266752121596,47.07253226199017],[4.861405656316342,47.07244011188833],[4.8617123057511575,47.0721817610987],[4.861808394091941,47.07210562794221],[4.861923921891446,47.07198626040546],[4.861991275478942,47.07190138627474],[4.861999048313558,47.07186651711228],[4.861978143810449,47.071781020818364],[4.861912972277876,47.07171259211527],[4.861897561439559,47.071699557049236],[4.86188073246749,47.0716885891206],[4.861860912991754,47.071677669374054],[4.8618411286315695,47.07166776670033],[4.8618169005192415,47.0716589622692],[4.861666836863178,47.07160109599153],[4.861515319965672,47.07154427057598],[4.861525498086115,47.07153592945328],[4.861473593418518,47.071505092630154],[4.861359156743036,47.07143950152517],[4.8612667812417545,47.071406245580604],[4.8611593828835815,47.071371187241134],[4.861052033241956,47.07133715466652],[4.860931114360242,47.07130027859043],[4.860717186439064,47.07121175761481],[4.860224820599552,47.070985699475784],[4.859785665183234,47.07078431398542],[4.859601914663709,47.07070349144995],[4.859416710805412,47.07062370065143],[4.859354581400246,47.07060017794065],[4.859168932796756,47.07055105823971],[4.859008193330995,47.07053013953424],[4.8584611973532965,47.07088839457282],[4.858041257062732,47.07115774422951],[4.857748526481291,47.071343311728256],[4.857685787448499,47.07134533800663],[4.857582191063518,47.071333720058306],[4.8574785596981,47.071321084939406],[4.85744401302827,47.07131653404538],[4.857435182261785,47.07132076456801],[4.857438981415064,47.07134419929146],[4.857448339722219,47.07135528793848],[4.857457474091194,47.071360256329115]]],[[[4.857368150175187,47.07137190455757],[4.857355977118388,47.07136596736201],[4.8573452358545985,47.07135797187004],[4.857335982945257,47.071349943448475],[4.857329650180153,47.071339823802745],[4.857334927935209,47.071319305107494],[4.857246706253986,47.07131970545679],[4.857112700946872,47.07133718684779],[4.8564097919779075,47.07151094372447],[4.8562941505509265,47.07154038584115],[4.85617999797524,47.07156981292956],[4.85601086965685,47.071609308707345],[4.855659170801491,47.07168955102486],[4.855620693699222,47.07170140798258],[4.855495153487274,47.07174736252749],[4.855405345595152,47.071788654628136],[4.855298507723297,47.07185678678843],[4.854986942297901,47.072060021357814],[4.8546247588091935,47.07227019129773],[4.854516324779615,47.07233527738069],[4.854406459177227,47.07240243961985],[4.854199559144065,47.072518159322186],[4.854058697387614,47.07259704862476],[4.853741788222743,47.072775842980946],[4.853621811078048,47.072853379054024],[4.853572050416928,47.072884832492385],[4.8535633242561795,47.07289212295249],[4.8535097379153616,47.0729430539178],[4.853486773769344,47.07297100657432],[4.853469567285621,47.07299274303143],[4.853457133793984,47.073022571058075],[4.853447726142293,47.073053377195265],[4.8534395965624455,47.07307802998192],[4.853412222529771,47.0732388867359],[4.853421517267147,47.07329187101059],[4.85342524491581,47.07331327169363],[4.853384812625533,47.0735295154953],[4.853401394869216,47.07353333810502],[4.853360113361703,47.07368114354184],[4.853329692961332,47.07379709288295],[4.853300247954196,47.07389769894894],[4.853277360518446,47.0739716331671],[4.853257112959989,47.074035312634244],[4.853227386876555,47.07412774604692],[4.853224817438246,47.074140052947854],[4.853278160366821,47.07415448472972],[4.853250512230192,47.07414781800814],[4.8531285816804175,47.07451659145557],[4.852999532393526,47.07485278835061],[4.8529623420211525,47.07498927989155],[4.8529056710610226,47.075385626461824],[4.852899260121143,47.075460323009594],[4.852820047819052,47.07607159932381],[4.852815320614367,47.07619531357869],[4.852811069283682,47.07637624204554],[4.852813656597668,47.0765386623341],[4.85288377129242,47.07662030002787],[4.852944563140868,47.076691874764165],[4.852991271361832,47.07674527676494],[4.853107275325145,47.07685684272916],[4.8532064637823735,47.07695743018898],[4.853330127339347,47.07707397029957],[4.853399318183507,47.07712906487023],[4.853482289970951,47.07719312413255],[4.853615937915534,47.077295202855815],[4.8536939613830405,47.077346067023896],[4.853753631802896,47.07738495985257],[4.853819389170737,47.077426816927876],[4.853831563206008,47.0774327544835],[4.853948735441248,47.077491158599656],[4.854184490648758,47.07760488193202],[4.854392592004852,47.077697597093554],[4.854547363028808,47.07780545966377],[4.85479460102109,47.07794863508169],[4.854900035938155,47.07801335947635],[4.855077198864198,47.07811984432026],[4.855255864826902,47.07822631377688],[4.855269611204242,47.07823426121873],[4.855370378768164,47.078293953923676],[4.855459125892723,47.07835179525154],[4.855526479907175,47.07839668766611],[4.85559526607881,47.078439521772324],[4.855848759301834,47.07859076267832],[4.855983025603701,47.078667288809655],[4.856002520959344,47.078625081470996],[4.856100350476863,47.078556076061616],[4.856369480088016,47.078379070147385],[4.856509168560183,47.078352303886646],[4.856568959914251,47.07835134337495],[4.85666872255513,47.07838141353607],[4.8567511727428805,47.07843015128809],[4.856755828499005,47.07843519169448],[4.856760448929985,47.07843920602458],[4.856768003085075,47.07844112893876],[4.8567755087386715,47.07844202598807],[4.8567829443593915,47.07844088888612],[4.856790357828938,47.078438725495964],[4.856796220762738,47.07843556037351],[4.856799070965204,47.0784314260172],[4.8568003742267285,47.07838236033018],[4.856838672512436,47.0782346107482],[4.856822100822528,47.07818787653483],[4.856767143203141,47.078112121466496],[4.856732897923884,47.078029909766556],[4.856703042492401,47.07785770614075],[4.856659613900323,47.07776950910865],[4.856497497949597,47.077578987377194],[4.85648355374226,47.077564910411205],[4.856427706037717,47.0775065413761],[4.856351603159507,47.07742500194114],[4.856267783742974,47.07733642691342],[4.856193358989537,47.07725996662491],[4.856166959420076,47.07723177970128],[4.856127072763631,47.0772027917528],[4.856045810447909,47.07714483072419],[4.855982936891453,47.07709985764945],[4.8558492631290635,47.07699676436839],[4.855692378954592,47.07687155653845],[4.855667622423231,47.07684743168521],[4.855885243029387,47.07673868806525],[4.8557946140177455,47.07662570868358],[4.855746154934428,47.07656517639518],[4.855653813634677,47.07644609155481],[4.855452447685757,47.07611417054138],[4.855433449399002,47.076083829344675],[4.855425535408136,47.07602775214833],[4.855410129511704,47.07592786567572],[4.855408254295997,47.07591665673177],[4.855295647782725,47.07559966459622],[4.855229374034757,47.07536877902298],[4.855091484438499,47.07483864152713],[4.855186431036441,47.07485959542664],[4.855159305437541,47.07463625842594],[4.855162685281599,47.07457398532684],[4.855172173266547,47.07457576800648],[4.855174882835433,47.07456754737439],[4.855197416534333,47.07448339701973],[4.855212032024974,47.074430029023766],[4.855222660025268,47.0743910350252],[4.8552467525990615,47.07430890391047],[4.855283712415049,47.07420919429887],[4.855296825831814,47.07415585040007],[4.855346012004133,47.07393333246226],[4.855382282236365,47.07377028808289],[4.85535880514625,47.07374000976819],[4.855182472331566,47.07370094644516],[4.8551586792998584,47.07366147838841],[4.855175872141722,47.07363974189634],[4.855136550558962,47.07362708981598],[4.855186702265231,47.07356293889684],[4.855206780423561,47.073538094154095],[4.855239760707354,47.07349668799632],[4.855338556835903,47.073412339828046],[4.85539378437586,47.07336547022047],[4.855516939563705,47.073250075514586],[4.85555261601121,47.073200457831604],[4.85561443456243,47.073127933218736],[4.855680662264249,47.0730533024847],[4.855785732123574,47.0729770212835],[4.855906044771537,47.07290969895846],[4.856027590942507,47.07283417954901],[4.856205404160549,47.07274242855256],[4.856248079889248,47.07272232682815],[4.856466408401608,47.07267794278068],[4.85652299222955,47.07267090986939],[4.856763344004054,47.072657844345215],[4.856817358913953,47.072663109274885],[4.856873965495062,47.07270000545406],[4.856925389780555,47.072716551031434],[4.857018598605502,47.07273038082026],[4.857093195890246,47.07272509342768],[4.857277349810962,47.072687389906974],[4.8572831552209434,47.07268219038728],[4.857650299945048,47.07274679420947],[4.858505725802486,47.07287506785083],[4.858644964262319,47.072922899898295],[4.858961123556151,47.073070055102214],[4.859236343399723,47.073157593214944],[4.859249407282188,47.07314614395048],[4.859817173969593,47.07343333007588],[4.860327059027251,47.07368976336078],[4.860447220791049,47.07374811281975],[4.860456333622701,47.07375205468058],[4.860466864705462,47.07375392942],[4.860475836586001,47.07375378497428],[4.860486262109278,47.07375259948354],[4.860495163512055,47.07375041188383],[4.860898211601622,47.073468033333235],[4.860519119878562,47.073144097595055],[4.860317999168709,47.07295012934166],[4.860057994430105,47.072696824622525],[4.859950758126008,47.07262293908476],[4.85985888414495,47.07256106291656],[4.859590619033142,47.072371236026214],[4.859262030418198,47.072167060494166],[4.8586418700286345,47.07174788086662],[4.858175929831742,47.07150707903989],[4.857955532274447,47.071404356048944],[4.857920761206304,47.0713936760423],[4.857883210780623,47.07138917357406],[4.857728425616267,47.07141106934716],[4.857694195370296,47.071415708228876],[4.857606008561612,47.07141712593002],[4.857508076583727,47.071396222065275],[4.857481021373849,47.07139256839761],[4.857446509682532,47.071389034582104],[4.857395367930556,47.0713806618532],[4.8573817765633995,47.07137679174503],[4.857368150175187,47.07137190455757]],[[4.85472525917026,47.074497108894505],[4.8547527101365615,47.07450095576847],[4.854702814783905,47.074494551479376],[4.85472525917026,47.074497108894505]]],[[[4.852588383264495,47.0764247682528],[4.852355244816445,47.07616897185047],[4.852078171925588,47.07594043675055],[4.851872562567347,47.07578944713108],[4.8517868142483,47.07573155507457],[4.851704197148464,47.07567770134459],[4.851618624701549,47.0756249215527],[4.851424788722792,47.07551153919236],[4.851349327111947,47.07544837581853],[4.8513154959497315,47.07542133352356],[4.851210262271188,47.07531879704865],[4.85118373917684,47.07528652244287],[4.850985265833227,47.07503833617174],[4.850899917010398,47.074904825716295],[4.850858177657203,47.074821714753064],[4.850746200591337,47.07456600985318],[4.85073319972051,47.07453556286205],[4.850690589640052,47.074470855302124],[4.85056278574383,47.07427671409608],[4.850504236917619,47.07413971225458],[4.850475021854374,47.07407274583374],[4.8504322370530195,47.074002925771886],[4.850241815779864,47.07377096355524],[4.850086714217918,47.07356601985441],[4.8500059719607895,47.07356629487092],[4.849963949467704,47.07373657988358],[4.8498870720288965,47.07406784932793],[4.849877351221055,47.07413340390302],[4.849869097115267,47.074197908353575],[4.849855356111998,47.07432074011002],[4.849852793979193,47.07450777422877],[4.849869936573015,47.0745279336105],[4.849870969634849,47.07460148414152],[4.849885931242487,47.074775972046595],[4.849959774235067,47.074966889231476],[4.850010016069159,47.075123440443306],[4.850061357256881,47.07522479648717],[4.850112558464928,47.075322066189315],[4.850241514714626,47.07550596798838],[4.850279107147755,47.07555543744394],[4.850335436536248,47.07562810258973],[4.850393233141604,47.07569972657861],[4.8504837222578745,47.07580862370607],[4.850567880324334,47.0759074187597],[4.850620917561071,47.075970941732834],[4.8506734861969365,47.07602118887202],[4.850703113371073,47.076012537290616],[4.850794911477048,47.07598552715815],[4.850935629693502,47.07594546774818],[4.851017709000784,47.076070853406826],[4.850763013616491,47.07614543778693],[4.851065053087097,47.07653501109219],[4.851111864345792,47.07659147408928],[4.851147991566388,47.076641993380804],[4.851425336386124,47.076573169170736],[4.851672287929929,47.076534477833],[4.851760006470267,47.07669348973266],[4.851687886921245,47.076727344789525],[4.851734880292219,47.076832858332565],[4.8517378358681205,47.076831784331894],[4.851785964722574,47.076969979127426],[4.851870613332508,47.07721385521298],[4.8519203878447765,47.0773131912712],[4.85199587786349,47.07746423082665],[4.852005341200102,47.07747838012318],[4.852096018179105,47.07763632670936],[4.852165683707365,47.07774863620101],[4.852199220470378,47.07781042671598],[4.852251916832161,47.077907671521835],[4.852256690400133,47.07791577213067],[4.852333680303936,47.077979928071784],[4.85238299440349,47.078022058508225],[4.852401206848697,47.0780299346996],[4.852463482136715,47.078057547396675],[4.852602833737473,47.07810844686857],[4.852708856224949,47.07814659717662],[4.852867741177797,47.078156315611736],[4.853107515721532,47.078169843009874],[4.8533802952177485,47.078185902530265],[4.853324731074726,47.0781357046234],[4.853295060859219,47.078099392400816],[4.853319859827773,47.07803768433078],[4.85356221174628,47.07769047559516],[4.853758307467883,47.077433929572635],[4.8537445041566905,47.07742392958285],[4.853591540498616,47.07732523173723],[4.85342309651114,47.07721144535966],[4.853272984446499,47.0771086128102],[4.853232748402521,47.077069408089045],[4.853152276490022,47.07699099860311],[4.853074725419465,47.07691049794716],[4.8529244193058805,47.07675861434533],[4.852717885777683,47.076537135840596],[4.852588383264495,47.0764247682528]]],[[[4.8533385491947545,47.07810278355634],[4.853479318645088,47.07819452683253],[4.853623277261522,47.07829236063552],[4.8536578836383075,47.07821107903339],[4.853997335123289,47.0782955552093],[4.854160181246041,47.07833381024139],[4.854235594238643,47.078352016463796],[4.85434418774557,47.0783778583633],[4.854454292320082,47.07840470255806],[4.854473867028503,47.07840847701464],[4.85475704722881,47.07850918153578],[4.854822512494429,47.078542865625195],[4.854935713539602,47.078615642472236],[4.855017790822321,47.07867012424037],[4.855011135621715,47.07867778657104],[4.855250640191511,47.078769987178475],[4.855219053154581,47.078808299923395],[4.855568853929993,47.07893245539265],[4.855741378583669,47.07899098664063],[4.8558307727441345,47.07902429494281],[4.855817780970513,47.078950936479025],[4.855880571309264,47.078776218346555],[4.855938948344905,47.07869047474366],[4.855531051980755,47.07844259706936],[4.8553370089121675,47.07832411821163],[4.855229943442659,47.07825533181819],[4.854777722696426,47.07797956117282],[4.85457325650111,47.07786226598809],[4.854383464767354,47.07773656687008],[4.8539241623824525,47.07751607516437],[4.853811364600065,47.07745453893472],[4.85362707153843,47.07766286866492],[4.853360405680965,47.07804214930752],[4.8533385491947545,47.07810278355634]]],[[[4.859598523757053,47.0667011680683],[4.859490935768131,47.066573127595376],[4.859478517211965,47.06656004406045],[4.859428189174934,47.06657515503489],[4.859356332549491,47.06652931070561],[4.859340020561008,47.06653366178608],[4.8592837605917705,47.06654989480395],[4.859229059537196,47.06656814700036],[4.859214319647675,47.06657451705706],[4.859184817666657,47.06658623087329],[4.859155386090237,47.066599987840306],[4.859128979784185,47.06661471376462],[4.859106876343108,47.06662426422333],[4.859087587245504,47.06662866316942],[4.85907121796388,47.06663097084151],[4.859053276564142,47.066631259514885],[4.859032815631877,47.066644872114125],[4.859019528867769,47.06665019211652],[4.8590001342914615,47.06665153081077],[4.858990097214309,47.0666639490411],[4.858965742646075,47.06669499624547],[4.858938410984007,47.066726091341515],[4.858908040517946,47.06675620867142],[4.858829934747478,47.0668330860007],[4.85871257059239,47.06694225880976],[4.858541676087423,47.067060469707165],[4.858363404323758,47.067181869926515],[4.85827049944956,47.06726306444034],[4.8582801034126915,47.06728129958956],[4.8583695853242075,47.06740451711806],[4.858375495488813,47.067402377771074],[4.858576448541626,47.06767912326913],[4.858697756871924,47.067858024075974],[4.858760752031333,47.067949994387504],[4.858790923545949,47.06795768618184],[4.8588144807977045,47.06794708576188],[4.858908701318828,47.0679036755319],[4.8597833852800045,47.06750847054796],[4.859971915735744,47.06742471786594],[4.859751327641025,47.067186105596875],[4.859715621332486,47.067147847775935],[4.859654937066041,47.06707934560296],[4.8595820102017955,47.06700286326873],[4.859509083544309,47.066926380886514],[4.8595607019871725,47.066905107235826],[4.859535688768899,47.066873836788126],[4.859693719624793,47.06681611550005],[4.859646837120135,47.06675760363041],[4.859598523757053,47.0667011680683]]],[[[4.86156800077595,47.06730704783215],[4.86137715948013,47.06715072160733],[4.86137691287752,47.06714357505963],[4.861239338346414,47.06705689606367],[4.860452680123624,47.067532439742806],[4.860755358238976,47.06780957893664],[4.860478954325903,47.067990802498386],[4.860967506761472,47.06845398652412],[4.861321028999542,47.06877424413799],[4.861332801124901,47.06876894827866],[4.861313779574217,47.068737572680874],[4.861324754554491,47.06870879382262],[4.861354618073416,47.068664374001244],[4.861406083578048,47.06863902244078],[4.861457914433199,47.06862387742175],[4.861472888377036,47.06862466284017],[4.861489399177708,47.068626441140424],[4.861504456494429,47.06862926049732],[4.861518082564608,47.06863414720171],[4.861530255463035,47.06864008396445],[4.861613288982824,47.06861932995297],[4.861713031616122,47.06860648382839],[4.861774278729139,47.06860447934705],[4.861819472952786,47.068613963590764],[4.8619120201696395,47.06865232251314],[4.861925553823712,47.068654148724704],[4.86193900377987,47.06865393199177],[4.861952453735923,47.06865371525728],[4.861964309472775,47.0686504622763],[4.861967251223447,47.06864938822333],[4.862599773002415,47.0683438971747],[4.862599490801953,47.06833572455471],[4.862600697487831,47.06832753693965],[4.862604942479225,47.06832030898486],[4.862610676355334,47.06831306603475],[4.862615014152401,47.06830890752479],[4.862584207261672,47.068282837335005],[4.862370493618251,47.06811359799886],[4.86219050788784,47.067968346216496],[4.861987749545514,47.067813230672584],[4.861984688723177,47.0678112357047],[4.86189559963861,47.067743192398694],[4.861820892350555,47.06757171204713],[4.86178383192238,47.067494653118814],[4.861737193213008,47.06744328865693],[4.86156800077595,47.06730704783215]]],[[[4.8626942673317135,47.06839550748545],[4.862682354314826,47.06839671717431],[4.862671859632653,47.06839586871111],[4.862661281225039,47.06839297730437],[4.862652217431415,47.0683900524749],[4.862312376196088,47.06855288677991],[4.862075476560822,47.06866501617063],[4.8620152167880315,47.06869562498327],[4.862003854429785,47.06871317105449],[4.8620000102484155,47.06873163162665],[4.8620131841332,47.068810093040995],[4.8620108987554245,47.068830563779095],[4.862007089676921,47.068850041427886],[4.862000277067568,47.06886956747698],[4.861991953616175,47.06888809122328],[4.861980591520523,47.06890564629175],[4.8619677408253015,47.06892322534655],[4.861953352937091,47.06893980252163],[4.861908256164394,47.06897629980448],[4.861908608477604,47.06898650657866],[4.861907564965804,47.068999806784674],[4.861903509157142,47.06901213788694],[4.861897951267537,47.06902448418726],[4.861890869673287,47.06903583739668],[4.861880797711372,47.0690472387908],[4.861869153763111,47.06905663022829],[4.861861860589199,47.06906185397099],[4.861844200485818,47.069070315697225],[4.861828006730583,47.06907772714489],[4.861808787498808,47.06908416969643],[4.861789532846903,47.069089586166946],[4.861768705901066,47.06909298367651],[4.861747821917842,47.06909434681575],[4.861726902519208,47.06909468387335],[4.861705934532933,47.069093995061586],[4.861686398111745,47.06909124789549],[4.861655978901996,47.069076410317706],[4.861650068684091,47.06907854983122],[4.8616608806475625,47.06908858808444],[4.861867124444143,47.06938772102752],[4.861918363641935,47.06948601198415],[4.862013745845506,47.06960606978165],[4.8620353704339525,47.069626155216035],[4.862137631191992,47.06968581799765],[4.8621529004431405,47.069694766732056],[4.862274579013061,47.06975410745826],[4.862547494723054,47.069905029749414],[4.862599658416004,47.06994301243311],[4.862765320008231,47.07006295439047],[4.862811419739443,47.07009899945171],[4.862882796177491,47.07017346051251],[4.863002945859988,47.070274728606904],[4.863402238211451,47.070491036908024],[4.863686000158363,47.07021977507651],[4.863781116138788,47.07011606237477],[4.864076065618987,47.06977921969942],[4.864199778183302,47.06963723938193],[4.864188105120463,47.069602683743014],[4.864096780458157,47.06951321758353],[4.863836732736838,47.069301816225305],[4.863722881915587,47.069209642189854],[4.8633381753398055,47.068896027459],[4.863033474836946,47.068647529510216],[4.862719431745391,47.06838795129453],[4.862713521645079,47.06839009086294],[4.862704704944062,47.068394321580065],[4.8626942673317135,47.06839550748545]]],[[[4.862654016346674,47.07000140263452],[4.8625357444148944,47.0699113430194],[4.8622460491733746,47.06975048768387],[4.862144105423333,47.06970001469364],[4.862026645944003,47.06963344632326],[4.861969298669208,47.06957510400682],[4.861920570371473,47.06950641033037],[4.861904842952952,47.06948418556001],[4.861852066896786,47.069384901718614],[4.8617323739999145,47.06921005764132],[4.861666324592331,47.06911609380175],[4.861650561979428,47.069092842915964],[4.861630496858835,47.06907477657781],[4.861310851368492,47.06878258525058],[4.86104836484689,47.068543623655785],[4.860902974592474,47.068403936576246],[4.860766930372676,47.06827533790929],[4.860616979035612,47.068133679641285],[4.860462408673917,47.067988006975455],[4.8607388699340826,47.06780882682174],[4.860621473779263,47.06770036158747],[4.860602946334363,47.06768328795793],[4.860517985695291,47.06760495568114],[4.860511842276411,47.06759994837701],[4.8602122974649475,47.067326837697195],[4.8598293980361476,47.06749853512071],[4.859442158180343,47.06767438965745],[4.8593199022775275,47.067728463927004],[4.858775116776526,47.067976330070934],[4.8588427681823845,47.06816019147264],[4.85892566359204,47.068309063659804],[4.8589817051951085,47.06841647339274],[4.858997747805397,47.06844788827575],[4.859099055150296,47.06865367721438],[4.85917153956072,47.068847682100994],[4.8592053720416235,47.06896157292942],[4.859257474245741,47.06904146150771],[4.85930189567414,47.069115331780445],[4.859376630683921,47.06920098898588],[4.859485667849737,47.06932695291341],[4.8594951539218485,47.069342127926774],[4.859537981818174,47.069412961822955],[4.859540456213963,47.069441533051524],[4.859544890072494,47.069483356125524],[4.859523313638018,47.069508225824556],[4.859374296219808,47.06965367908355],[4.859327051217901,47.06971472334124],[4.859230403946203,47.069948228737815],[4.859170801058828,47.07012800449602],[4.859012788387182,47.07049021548998],[4.8590488496445925,47.07049474154256],[4.859093961688852,47.07050219290295],[4.85913915734125,47.07051168718935],[4.859181397617397,47.07052224665076],[4.859211570320295,47.07052992932782],[4.859363985251182,47.070569371296756],[4.8594320955300665,47.07059279775942],[4.859482193020579,47.07061447876671],[4.859726570891492,47.070718848208344],[4.86008371906128,47.070883739200305],[4.860281238706423,47.07097354312086],[4.860522383074294,47.071070821470784],[4.860601342053817,47.07110531166959],[4.86065297740242,47.07112798506031],[4.860739511739312,47.071165415117555],[4.860828966505105,47.07120076279828],[4.86091838598774,47.071235084331995],[4.861236686677511,47.07135768539094],[4.861256400309826,47.0713655450155],[4.86140959438541,47.071427449965036],[4.86151428426104,47.07147071986015],[4.861573953819969,47.07150960873029],[4.861601454393366,47.07152653764853],[4.861852794872514,47.07161547186176],[4.861968827140963,47.071684107716365],[4.862064934207202,47.07173875451182],[4.862077094692265,47.07174469142293],[4.862092364516107,47.07175364015899],[4.862104643830014,47.07176263708391],[4.86211545672673,47.07177268428601],[4.862124851182367,47.0717847896288],[4.862132849757545,47.0717999884024],[4.862102760361911,47.07183827913075],[4.8620414022350875,47.07196699543523],[4.862014006942733,47.07195312685314],[4.861817485303796,47.072152482103675],[4.86175789099409,47.07220248719581],[4.861441014767966,47.07246815335351],[4.861300586770663,47.07255931039981],[4.86119733102762,47.072600823647804],[4.860652743814759,47.072682143448354],[4.860185989030097,47.07276526968926],[4.8605559540917955,47.073128176888154],[4.8607622473911105,47.073298565649175],[4.860931575344106,47.07343786738928],[4.861002997613766,47.07347043442806],[4.861297373194592,47.07354948206097],[4.861423736739097,47.07357094245127],[4.861664075854873,47.073687647755996],[4.861888608604019,47.073822996833705],[4.862251828987413,47.07407667856161],[4.862388039980102,47.0741664403623],[4.862525647662689,47.07425311756663],[4.862894875856411,47.07446378846148],[4.863271788786648,47.074680467165834],[4.863665091509697,47.074938765750346],[4.86391529579874,47.07508084749407],[4.864114178590807,47.075209455571745],[4.864227230758969,47.07527813731677],[4.864331099205299,47.07534083424816],[4.864471809511639,47.07543052107497],[4.864600380968909,47.07551529737836],[4.864733679728007,47.0756071567748],[4.864851777873984,47.07569210180512],[4.864897155349181,47.07570669719361],[4.865001201870682,47.07577449688414],[4.865033429226078,47.075754569548366],[4.8650978678833185,47.0758015478405],[4.865141773421096,47.07586010558607],[4.865930657085163,47.0764410338828],[4.866020971973713,47.07650088624676],[4.866108154897745,47.0765567005392],[4.866155600669881,47.07658760735155],[4.8663115763180835,47.07668624929538],[4.866427907679921,47.076763044139796],[4.866553388683692,47.07684480631461],[4.866639296047176,47.076906773686005],[4.866782232316137,47.07701788235399],[4.867054893086461,47.07724644548845],[4.867248088708762,47.0774262294143],[4.867520382866473,47.07768748801507],[4.867563620595761,47.07772663942169],[4.86758682357776,47.07774875163456],[4.867749265161587,47.077904500270996],[4.867905420859937,47.078051155487856],[4.868035631331095,47.07818291122402],[4.868087472435758,47.07825462298834],[4.868125153610618,47.0783061207354],[4.868183011936805,47.07837875283253],[4.8682018993318135,47.07840604090637],[4.868249296369907,47.078478842080706],[4.868295275460074,47.07855371044706],[4.868367596647936,47.078698658373355],[4.868412463208511,47.0787847837627],[4.868466904148718,47.078888126289954],[4.868524336519403,47.078991429431696],[4.8685832576681465,47.0790946994679],[4.868624461609202,47.07916146775645],[4.86866591358767,47.07923539153178],[4.868705898870002,47.0793103566491],[4.868744430628311,47.07938636289683],[4.86880529915531,47.07954580574755],[4.868813809228933,47.07957529680743],[4.868828024821074,47.07964046614554],[4.8688689818293724,47.079700087833466],[4.868880022849882,47.0797162545909],[4.868956577912607,47.07972422040846],[4.869021040442885,47.07972828415489],[4.869086956620778,47.07973130671501],[4.869339408891673,47.079505494885424],[4.869357285656207,47.07946024038786],[4.869397822655709,47.07942177886383],[4.869433573726766,47.07920151608279],[4.8694830823862905,47.07899022552143],[4.8694843011294635,47.078982028650834],[4.869489575008658,47.07896150945489],[4.869564143322762,47.078782513078394],[4.869599577703987,47.07868282334312],[4.869634127047768,47.07855760780078],[4.869631527311087,47.078525967875876],[4.869626941485682,47.0785229801325],[4.869706642487666,47.07827645703946],[4.869724483588389,47.07823019439497],[4.86975228994581,47.07816945148714],[4.869811829593659,47.07803157480765],[4.869868377777118,47.07789373748192],[4.869908942937105,47.07776944211142],[4.869918837887586,47.07775293669253],[4.869997739318266,47.07761269330347],[4.870165329627075,47.07731264068507],[4.870246355938578,47.077190752308624],[4.870305558351811,47.07712951013367],[4.8703889217109655,47.077075027405826],[4.870435982238815,47.07705178754285],[4.870480158060541,47.07703165628381],[4.870561982518764,47.07701909278971],[4.870578248321574,47.07701372328256],[4.8706180861809125,47.076997750766964],[4.870775058907216,47.076909376580254],[4.870827711061588,47.07687480693438],[4.87089346073281,47.07682980376987],[4.870957673031196,47.0767838078122],[4.8710433880516675,47.07671088788999],[4.871098145051733,47.07665074389764],[4.8711224483584825,47.07661866838416],[4.871121562780384,47.07659314258541],[4.871108372869287,47.076557594548746],[4.871078549787424,47.07651720058396],[4.871035452237042,47.07648213676407],[4.870896478150777,47.07639958014947],[4.870844195907182,47.076358532078466],[4.870810035324184,47.076322296848986],[4.870648243735496,47.07605618611112],[4.870645005118948,47.07604908801696],[4.870640029535872,47.076034858515236],[4.870638031835938,47.07602058981556],[4.870637500507532,47.0760052707307],[4.870661725238088,47.075927222526296],[4.870668699436476,47.075912799589],[4.870689494075937,47.07586546227263],[4.8707133146885315,47.0758190936103],[4.870732869533025,47.07573601475106],[4.870704003730798,47.07572319863328],[4.870527831657688,47.07564634996955],[4.870488575870782,47.075635746266144],[4.870322452188232,47.07558939002587],[4.87010863353598,47.07550497285573],[4.8700810442470335,47.07548600305283],[4.8698251740918455,47.07531030875331],[4.869749846054423,47.07525124346832],[4.869679055294363,47.075194149018515],[4.869303420022153,47.07488550399494],[4.8692741657076075,47.0748614547119],[4.869183268531422,47.07482819005315],[4.869039432547681,47.07473446180697],[4.868920040375641,47.07465567475767],[4.868777588021547,47.074558861883204],[4.868686990482847,47.07449084804591],[4.868593260945775,47.07441879620062],[4.868514931362344,47.07435976966372],[4.868411982767591,47.07428071622299],[4.868193853706385,47.07411462065042],[4.868112393143888,47.07405156488838],[4.868095456181864,47.07403753765247],[4.868064678597632,47.07401248604853],[4.868036856449163,47.07398636901838],[4.86791589473666,47.0739055620424],[4.867540459256441,47.07355911135037],[4.867371586670158,47.07343309505095],[4.867070610223549,47.073207025441775],[4.866891867161152,47.07309853991548],[4.866280997135136,47.07269048929113],[4.86613400507917,47.07259171128576],[4.865965173204188,47.0725535608411],[4.865756307051298,47.07252526036528],[4.865606625286105,47.07247863204602],[4.865588129801167,47.07246257631856],[4.865538916627494,47.07242352066147],[4.86541716287709,47.07231921908493],[4.865298386960531,47.072214869315566],[4.865200262921198,47.07210201792311],[4.86516283568714,47.07205765663925],[4.864853306470818,47.07184296757681],[4.864611697942922,47.07168951010578],[4.864399164713981,47.07155499929458],[4.8643888326160525,47.07155925457953],[4.86434901604539,47.07153230356272],[4.864203497054009,47.071432472755795],[4.86405034139873,47.07132867638027],[4.863915495426803,47.071234805921485],[4.863794263660957,47.07114582194661],[4.863675965348975,47.07105474624544],[4.863518140988452,47.07090197951073],[4.8633403015638725,47.070776102100616],[4.8632146409894395,47.07068820659538],[4.863252233631783,47.07065081219357],[4.863285369404742,47.070614516294334],[4.8633169459156615,47.070576201237074],[4.8633412997319025,47.0705451531571],[4.863371634409439,47.07051400862447],[4.863114477232325,47.07038634798986],[4.863050491833963,47.07035263571237],[4.862967638074423,47.070291643185236],[4.8629173354924005,47.07022093100531],[4.86290655819488,47.070211909949954],[4.862782959929872,47.07009741396324],[4.862654016346674,47.07000140263452]]],[[[4.868422230875684,47.0788939637592],[4.868326139621033,47.07871056767187],[4.868300585156198,47.078663980167185],[4.868260742472197,47.078593101181525],[4.868217931065138,47.07852328781426],[4.868192495965108,47.078479760286],[4.868134142107405,47.07839282618438],[4.868074817348654,47.07832124441489],[4.868018744013886,47.078256751561995],[4.867876763642156,47.07808738921558],[4.867737581229718,47.077955778306],[4.867499478777393,47.07773176451366],[4.867285999154308,47.07752779528708],[4.867104978520241,47.07735394758866],[4.867019970863075,47.0772745940668],[4.866739168008696,47.07702674613274],[4.866508893513332,47.07685574641468],[4.866125122795299,47.07661466625563],[4.865981640806347,47.076531149997535],[4.86591141753319,47.076490389442505],[4.865859258352235,47.07645240812656],[4.865062150149503,47.07585015156385],[4.865045460544272,47.07584327040817],[4.864932406149973,47.07577458947685],[4.8648239728407985,47.07570992244491],[4.864712632878398,47.075647346504105],[4.864478477923261,47.07549376841611],[4.8641375710197305,47.07528060130314],[4.863912708977127,47.07513606699041],[4.863865349548499,47.0751072021789],[4.863799728111515,47.075069428083914],[4.863705115288418,47.075014758571406],[4.863611955961063,47.07495903889655],[4.863266316366866,47.07473879510113],[4.863034165418901,47.074599491873805],[4.862838736646224,47.07448410967917],[4.86247090477283,47.0742703541741],[4.86236831764037,47.0742015021022],[4.8622735180966865,47.07414171923579],[4.862128101872257,47.074044955132614],[4.8618447845368635,47.07385333158863],[4.861657126246671,47.0737459994064],[4.8616144601532145,47.0737231909513],[4.8614272123645,47.0736281085139],[4.861090699041175,47.07354157170539],[4.8610542037104505,47.07356769955334],[4.861209298363488,47.073727673000576],[4.861178537610215,47.073746558018776],[4.861144856710631,47.07376753434679],[4.861117064619464,47.073785353894486],[4.861085070518631,47.07376849722699],[4.86105620806147,47.07375567869119],[4.861027381022125,47.07374388622452],[4.860980799192639,47.07373747688986],[4.8610000290992685,47.07368812231626],[4.861059898877053,47.07368920242005],[4.86101617593494,47.07363575546113],[4.86092083709249,47.07351671387047],[4.860529244748392,47.07378459804053],[4.860611057681271,47.07381496274622],[4.860690372848545,47.073859659612665],[4.86073452769931,47.07388245343687],[4.861277808543538,47.074326356276146],[4.861890167001119,47.07482125951122],[4.862213392166988,47.07508580720181],[4.862717626932067,47.07548128779302],[4.863130923754372,47.075798541222994],[4.863215901092394,47.075876871357984],[4.863192539503975,47.075893593305956],[4.863188165694905,47.075896725751754],[4.863430397196366,47.076154398799495],[4.863492373787399,47.07621675432281],[4.8637045991106325,47.076384998048134],[4.864299417533079,47.07684747217629],[4.864514551539363,47.07696967557319],[4.864853121159845,47.07715835691886],[4.865053432014347,47.07728489611612],[4.865329596111782,47.07744188361937],[4.865570702542047,47.07758002018535],[4.865627178915985,47.07761282572133],[4.86571269785297,47.077663560959024],[4.865795260983801,47.07771535249112],[4.865877824584571,47.07776715296396],[4.866047856108348,47.07788294027431],[4.866183765041641,47.07796350782645],[4.866415833007142,47.078099753347935],[4.866652129775685,47.07827168263423],[4.86668280290162,47.078293665358885],[4.866748213772904,47.07836822044027],[4.8667364272201805,47.078373526047145],[4.866828548908678,47.07848545544496],[4.866855025387276,47.07851568306631],[4.866969501932058,47.07862520695283],[4.866954759662001,47.078631577970334],[4.8669108951129525,47.07870380962019],[4.866922593921758,47.078739382160705],[4.866959311905397,47.07884914451279],[4.866984269261203,47.07892230867163],[4.86700419454552,47.078979208822474],[4.86710794235584,47.079167588446175],[4.867233656633828,47.079342329708695],[4.867354737238324,47.079513057131884],[4.867504186764025,47.07972521139801],[4.867683636923994,47.079982872615524],[4.867823169231337,47.07995200662263],[4.8680086656226935,47.079909158463195],[4.868192624419283,47.07986531721466],[4.868376511821061,47.0798194235287],[4.868560363670426,47.07977251247814],[4.8686793962194015,47.07975424259897],[4.868779312533682,47.07974547649863],[4.868770287219143,47.07965774506849],[4.868773190458136,47.079568803111094],[4.868762355435111,47.0795148271905],[4.86870862341904,47.079388986172255],[4.868652763428763,47.07928771099391],[4.868552638015411,47.07911767270111],[4.868539931216497,47.07909641762135],[4.86849858585469,47.07902556301344],[4.868454284930413,47.07895577381573],[4.868422230875684,47.0788939637592]]],[[[4.869389491039486,47.07201796811159],[4.869498241229681,47.07209182960969],[4.869562396436658,47.07213064188022],[4.869635629404791,47.072172369179484],[4.869710329083659,47.07221305505773],[4.869804533198311,47.072212548414655],[4.870091831717086,47.072130243091884],[4.8702071482384275,47.07209159751162],[4.870216283594909,47.0720965558919],[4.870519384766885,47.071995604075134],[4.870578424982106,47.07197318776519],[4.870806313537636,47.07190308144519],[4.87056390308441,47.07159739869426],[4.870460816134862,47.07147133950357],[4.870074407678029,47.071239518870655],[4.870069986209584,47.07124163472121],[4.869859794149849,47.07108869719779],[4.869683228455775,47.07117228135789],[4.868791109841304,47.07158214399662],[4.868985901410631,47.07172204910387],[4.869082971298133,47.07180426806935],[4.869389491039486,47.07201796811159]]],[[[4.871992580652129,47.07363420956276],[4.871945098521852,47.07360227904185],[4.871905312279311,47.07357635672045],[4.871819594766407,47.07351950534307],[4.871717032737932,47.07345168762477],[4.871548527326898,47.0733369104394],[4.871468884760103,47.073283022358815],[4.8712878641555735,47.073152093135775],[4.871076726342716,47.073015527418306],[4.870942913523463,47.07295230362509],[4.870767259078627,47.07288974806586],[4.870685832632857,47.072827711164095],[4.8706306830675645,47.07278978036626],[4.870568050274876,47.07275196167243],[4.87050398687009,47.072716219402636],[4.870392681767452,47.07265466594215],[4.87027232154921,47.072591223646626],[4.870235952165369,47.07257750222269],[4.870130295608955,47.07254958344274],[4.870096916840023,47.0725358135763],[4.870052852374541,47.07251609275319],[4.870011720827828,47.07249428015697],[4.869647291299332,47.07224983664311],[4.869499110634301,47.07216026786729],[4.86909167704851,47.07188280104416],[4.868886106023021,47.07173387562993],[4.86884618135797,47.07170387494188],[4.868644489349698,47.071537514381596],[4.868421184085921,47.07135106902345],[4.8683655290418875,47.07129883529296],[4.868158049321222,47.07113768272734],[4.868025855403413,47.07103457024968],[4.867890495110014,47.0709264115839],[4.867821191452216,47.070868265346114],[4.8675824985576135,47.070712722545174],[4.867137136801209,47.0707219640565],[4.867077318574239,47.0707219039617],[4.867012764850619,47.07067185767745],[4.866807655367895,47.070622037917964],[4.866588005089678,47.07058471844777],[4.866323206526039,47.070538923962935],[4.866266525058661,47.070499989233305],[4.866073529494918,47.070368227836795],[4.866006141231349,47.07032231536801],[4.86578780559043,47.07019300700948],[4.865565155288761,47.07006887413942],[4.86499953672279,47.069757167823866],[4.864935493425904,47.069721413217486],[4.864816612480499,47.0696569148616],[4.864741884870678,47.069615208708704],[4.864347868663674,47.06959499989632],[4.8641202182495125,47.069802003261486],[4.8637661860467185,47.07020315406735],[4.863455270235829,47.07051062460391],[4.8634674302861125,47.07051655237056],[4.863448634248284,47.07053525410927],[4.863408157094733,47.07057575703016],[4.863372277860851,47.070619247723734],[4.86333937584825,47.07066269039516],[4.863349017576115,47.070681951178614],[4.863364851967498,47.07070724497295],[4.863385094578029,47.070730414381636],[4.86344828436071,47.070784573215676],[4.8634975873885,47.07082669922683],[4.8635529194237765,47.07086973662261],[4.863620588651923,47.07092382312346],[4.863714693907911,47.07100712092668],[4.863882039423072,47.0711321403975],[4.86396675036319,47.07120332378649],[4.863972872539585,47.07120731361254],[4.864156717817336,47.07133411083098],[4.864293137220833,47.071430008927585],[4.8643997901395695,47.07148652796499],[4.864411421308862,47.07147714549361],[4.864458897109522,47.0715090791327],[4.864598166425354,47.071600833307855],[4.864733014500037,47.0716947029583],[4.864861754220702,47.07178459145862],[4.865041054024984,47.07190942538164],[4.865214161642596,47.07202822611149],[4.865244336046816,47.07203590720958],[4.865255220238567,47.07204799726775],[4.86541906402719,47.07224460328492],[4.865503601923333,47.07231067314367],[4.865555487665734,47.072340490860775],[4.865592526585083,47.07237361018596],[4.865603693288401,47.0723938638106],[4.86562080591678,47.07241300379567],[4.865639385239259,47.07243110245576],[4.865769352201823,47.072469871884934],[4.865828142615799,47.072483223668755],[4.865889557347553,47.07248632059682],[4.865941143720113,47.07246403606286],[4.866000981680332,47.072421175343194],[4.866461813941656,47.072729463346136],[4.86653690072014,47.07278138408966],[4.866768129900333,47.07293704961196],[4.867062225310131,47.07313768202029],[4.867117279960861,47.07317255408048],[4.86718431939142,47.07320825911312],[4.8673824918539825,47.07335934233887],[4.867399393204262,47.07337235260858],[4.8674125968841215,47.07336498871943],[4.86762243348929,47.073550627005226],[4.867855424205906,47.07375735122622],[4.867864679093626,47.07376537879886],[4.868053919158849,47.073917631937896],[4.8680793167694185,47.07396014249172],[4.868267426078168,47.07407971390986],[4.86829347656081,47.07409768236279],[4.868391755293566,47.07417170518284],[4.868485590459231,47.07424682641887],[4.868604093873235,47.07434300025122],[4.8687010618671644,47.074422159242964],[4.868767074835323,47.07447115437073],[4.868781767339456,47.07446376625286],[4.868995787074122,47.07464013966271],[4.869032652835372,47.0746681544929],[4.869047345356789,47.07466076634178],[4.869090298551262,47.07469174463184],[4.869128489462188,47.07471463177255],[4.8692149649356455,47.07475002129163],[4.869305508248984,47.07477307919511],[4.8693528350438875,47.07480092470797],[4.869423788654631,47.07486312294376],[4.869434674353494,47.07487521259656],[4.869445679303015,47.07489036225415],[4.869469023162318,47.0749165514026],[4.869496846483899,47.07494266807965],[4.869529233270221,47.074970755214984],[4.869569444024196,47.07500892821755],[4.869594135104754,47.07503100696218],[4.869634310692893,47.07506816286871],[4.869664877128725,47.07508708460771],[4.869709332951814,47.07511803836338],[4.869749367336492,47.075151116937704],[4.869774308246106,47.07513743000382],[4.869825736913513,47.07519688197606],[4.8698786768562465,47.07525733612117],[4.869892659224072,47.07527242855474],[4.8703574226802715,47.0754764240044],[4.870420024329578,47.07547030455983],[4.870506571364594,47.07555064839206],[4.870577031571477,47.07559855288901],[4.870707682791818,47.07565672209968],[4.870748958768004,47.075682620714154],[4.870786300646304,47.075680989561086],[4.870863395588128,47.075661351857526],[4.871098430675587,47.07545216274409],[4.871403880578895,47.0752459214167],[4.871942616101182,47.07503897147498],[4.871973550951362,47.075025186961675],[4.872086838341059,47.07497123578948],[4.87219711269322,47.07491631567185],[4.872566786497397,47.07470801295972],[4.872744010530028,47.074599900424985],[4.872772946400138,47.07457183802456],[4.872411554696308,47.07411380155123],[4.872331391001382,47.073958761445866],[4.872260895721056,47.07386691975054],[4.872193497835377,47.073778098775755],[4.872075214873339,47.0736880488272],[4.8720201564917,47.07365317913492],[4.871992580652129,47.07363420956276]]],[[[4.872048740540244,47.07184821602017],[4.871873309892472,47.071921563653355],[4.871772819930501,47.07182714559492],[4.8716057861915205,47.07166840582745],[4.871126277821715,47.07185702393023],[4.870886640417481,47.07193345399745],[4.870548992050282,47.072029859803884],[4.870401240819989,47.072082323151285],[4.8701928536774215,47.07215415732326],[4.8699858969988545,47.07222392366595],[4.869807046817439,47.07228505766176],[4.869859465984691,47.07233019255507],[4.869908704286938,47.072370263660346],[4.869960946692456,47.07241029513747],[4.870003580014231,47.07243208344817],[4.8700400553408185,47.07244886516695],[4.870079485661505,47.07246457240286],[4.870182589707536,47.07250479830142],[4.870349589229458,47.0725766896329],[4.870384682191478,47.07259655555812],[4.870494604599745,47.0726611933453],[4.870603038578169,47.07272585512525],[4.870694676987458,47.07278056723411],[4.870714534244083,47.07279251153533],[4.870742002751396,47.072808412197276],[4.870770902591832,47.07282225439219],[4.870909194153802,47.072885405866124],[4.871046019760146,47.0729496075646],[4.87111591033108,47.0729811756041],[4.871244486391443,47.0730659445881],[4.871370107872656,47.07315178793067],[4.871738250613574,47.07341659995408],[4.872030523833363,47.07360702807157],[4.872036434135657,47.073604888030545],[4.872046788461197,47.07360165835144],[4.872058702105027,47.07360043869879],[4.8720707001509025,47.07360127097766],[4.872082733499028,47.07360312032771],[4.87209330025872,47.073606011080294],[4.872102413917249,47.07360995202305],[4.872111598494376,47.073615936110535],[4.8721178145924995,47.073622985933106],[4.8721225551492084,47.0736300596602],[4.87212582943007,47.073638183791935],[4.872126113101468,47.073646356373736],[4.872119267934069,47.07366485691392],[4.872257386120048,47.07376581556318],[4.8723560374958845,47.07385005053344],[4.872400574657298,47.07396990624733],[4.872410255519708,47.07399018332499],[4.87243445127651,47.074040880622036],[4.872461637713621,47.07409152945436],[4.872505252946652,47.07414191207108],[4.872712758318405,47.07438888998842],[4.872806693438651,47.074509980299496],[4.872933988323736,47.0744282257856],[4.873207982559053,47.07426438375676],[4.873263856249594,47.074236911209994],[4.873381597912603,47.07418186885599],[4.873499409993201,47.07412886052461],[4.87380276471993,47.07403504667272],[4.874148422102281,47.073953829357805],[4.874227831570118,47.073957656696],[4.874374638889676,47.073964470383416],[4.874528845215511,47.07396911956695],[4.874543762685038,47.07396785093225],[4.874560133843588,47.07396555007502],[4.874574944951267,47.07396122122103],[4.873728886033055,47.073243328175536],[4.873014135398497,47.072644904923166],[4.873010696999584,47.072631677236586],[4.872996594689176,47.072613516161226],[4.872990342961643,47.07260544031033],[4.87264743509659,47.072335108004175],[4.872452396707696,47.07214515017935],[4.872396701634576,47.07209190133159],[4.872356490741887,47.072053720273644],[4.872123880083616,47.07181532561356],[4.872048740540244,47.07184821602017]]],[[[4.875089224158089,47.074459337525475],[4.875086756925022,47.07444337742943],[4.875081319087491,47.07441588118193],[4.875073529254947,47.074406803747046],[4.87505011217877,47.07437858158345],[4.875032859373322,47.07435984684598],[4.8749973257607175,47.074321171146984],[4.874994154788326,47.074317170028756],[4.874882753997804,47.07421063883228],[4.874844236766793,47.07417956365538],[4.874828889536705,47.07416657425931],[4.874813511827764,47.07415523638469],[4.8747828097956,47.074132577827186],[4.874749855215856,47.074111757530964],[4.874732347803606,47.074100687761295],[4.874723341603579,47.074095522288815],[4.874680455609037,47.07407088318284],[4.8746643605107085,47.07406180184561],[4.874657570396319,47.07405795301119],[4.874630336316546,47.07404592049545],[4.874557322453323,47.0740136141134],[4.874543598297614,47.074009205121435],[4.874542231778447,47.074008761678215],[4.874542215967271,47.074008761037035],[4.874542191941904,47.0740087533187],[4.87416475917326,47.073993414650865],[4.874040427465071,47.07402464209277],[4.873969066082978,47.07404255341628],[4.8737362461153575,47.0741025243264],[4.873556395948971,47.07415239853597],[4.8735052153365706,47.07416658135746],[4.873505163332083,47.07416660584155],[4.873505150401424,47.074166609427344],[4.8734535121648594,47.074190923581824],[4.873257982083827,47.074282980547494],[4.873253437986719,47.074285557336594],[4.873194854714734,47.07431870282079],[4.873083596000991,47.07438696833277],[4.873082181170522,47.07438798189275],[4.872963872058277,47.07446959994303],[4.872847083690494,47.07455326452911],[4.872924159711564,47.07462045868401],[4.872959008342791,47.07463322231217],[4.873033430290367,47.074663009506594],[4.873054603059213,47.0746714961176],[4.873148777171215,47.07471289083397],[4.8731759825483625,47.07472585452713],[4.873239978706724,47.0747563689496],[4.873402608362465,47.07483156240919],[4.873641324628054,47.0749419630507],[4.87377054661483,47.07500219630738],[4.873854225389759,47.07504273398924],[4.873882940505816,47.075057507763525],[4.873956209106897,47.07509525855589],[4.873998885346628,47.075118642388475],[4.874053839572441,47.0751488262474],[4.87405794856601,47.0751496912018],[4.874058421175676,47.075149796609026],[4.8740959906179295,47.07515738252797],[4.874134997185316,47.07516080250472],[4.874228346669738,47.07513479304246],[4.8746546053834,47.07500423065734],[4.874904378394193,47.07513607460382],[4.874981393360079,47.07516298024873],[4.875046763886605,47.075185853403454],[4.8751533974826105,47.07519842422407],[4.875153371239026,47.07519839612704],[4.875153449556204,47.07519840536767],[4.874970116856942,47.07500217386754],[4.875195530186026,47.07490350612392],[4.87530156904148,47.07485576622718],[4.875210178368198,47.07473716991462],[4.875096326514594,47.074589339754134],[4.875097755104198,47.07454436008299],[4.875097753496064,47.0745443350384],[4.87509775385254,47.07454432408047],[4.875094530413093,47.07449331402372],[4.875089224158089,47.074459337525475]]],[[[4.8729643420916195,47.07469950788203],[4.87295527166129,47.074696059352156],[4.872930997525263,47.074686782917986],[4.872894732631128,47.074676131557275],[4.872887940276372,47.0746748970974],[4.872858634431975,47.07466952104349],[4.872828587125067,47.074665955444374],[4.872819774818736,47.074665755402805],[4.8728031248699395,47.07466535945769],[4.872795999996276,47.074666049649956],[4.872777766999764,47.07466776967778],[4.8727525178856474,47.074673312113546],[4.87274423219455,47.07467597622835],[4.872728880841055,47.074680863707414],[4.872404454639156,47.074868047483776],[4.872293403077301,47.07493210060855],[4.872260229877809,47.0749545165673],[4.8721662359496305,47.075017976907624],[4.872007250539488,47.07509105807478],[4.8714912934796075,47.07526494874649],[4.871451634238495,47.07528602493404],[4.871239522138669,47.075423311405366],[4.871159365554921,47.07548387578695],[4.871079811121237,47.07556180234171],[4.871050931231795,47.07559189866605],[4.87101450722389,47.07562112649962],[4.870765818371354,47.075824358540764],[4.8707704414944155,47.07582842631826],[4.8707525661995215,47.07586285842123],[4.8707003646818405,47.07596337629084],[4.870701178294234,47.076029780090764],[4.8707163302519865,47.07607857980653],[4.8707272442591245,47.076103735811095],[4.870737438634214,47.07612731912039],[4.870761500342456,47.07617492993846],[4.870766298327942,47.07618403807209],[4.870796598602205,47.07623668107346],[4.870826846241549,47.07628932504206],[4.87084569864985,47.07631558663113],[4.870864351943041,47.07633572757124],[4.870885876056776,47.07635274208613],[4.870911857946077,47.07636867579114],[4.8709164568346734,47.07637166327247],[4.871046388009919,47.07645233098717],[4.871058967363462,47.07644714330228],[4.871067040789696,47.076443846455604],[4.871090532592188,47.07645527752115],[4.871140054012569,47.076479416518694],[4.871191450177625,47.07653785078403],[4.87119489402203,47.07654768871176],[4.871206377822556,47.07658054821036],[4.871217813640522,47.07660999176381],[4.8712109152263325,47.07661603500798],[4.871197545842799,47.07662767390312],[4.871188905520424,47.07663700861496],[4.871130059619168,47.07666554584521],[4.871065302377222,47.07673914416121],[4.871030347290917,47.07676627688445],[4.870982329896892,47.07680486017447],[4.870809942227618,47.076923112914784],[4.87059557646143,47.07703898293189],[4.870547120847605,47.07705609316483],[4.870538013599742,47.077059303901414],[4.87052924307283,47.07706287482378],[4.870480426948216,47.077082741194175],[4.870427468838364,47.07710812081823],[4.870419904791838,47.07711195585789],[4.870402517012931,47.07712075438302],[4.870362989496897,47.07714796089508],[4.870334596633217,47.07717082423665],[4.87032665660522,47.07717719600417],[4.870308814715374,47.07719407772265],[4.870294784309071,47.07720733152564],[4.8702904451399895,47.07721145430857],[4.870249815561943,47.07727397290526],[4.8701910488543705,47.077364331372195],[4.870161234198564,47.077421442856135],[4.870151762567963,47.07743956121949],[4.870027460772989,47.07766513682659],[4.870001209356875,47.077712771352864],[4.869976040147125,47.07776325021645],[4.869939423681414,47.07787215404901],[4.8699011459645805,47.07796489876874],[4.869851066737684,47.07808608176042],[4.869805510601489,47.07817740773393],[4.869796571426387,47.07819530181741],[4.869769530799088,47.078278510527774],[4.869774151622889,47.07828251222757],[4.8697464323636,47.07835786994482],[4.869714008566747,47.078445959867295],[4.8696941892903,47.07851651363678],[4.86965137367436,47.07866873805546],[4.8695831104500575,47.078855809660816],[4.8695552998113,47.07893781956767],[4.869555299810473,47.07893781957011],[4.869519347365581,47.0790437900284],[4.869486974341672,47.07914547448809],[4.869487027020001,47.079145453751266],[4.869487026421059,47.07914545563429],[4.869525731881146,47.07913021758318],[4.869716924350365,47.07905495467014],[4.86989567225566,47.078984590559536],[4.869924589663768,47.079042978088516],[4.8699262853626655,47.07904641026753],[4.8702318616135285,47.07966271339448],[4.870119379791407,47.0796929072865],[4.870119379787598,47.07969290728752],[4.870110282399819,47.07969534512113],[4.87018125600942,47.07975106400991],[4.870288715415779,47.07983550386789],[4.870389318245554,47.07990047199656],[4.870464621595497,47.07994915450437],[4.870469101449559,47.07994908200033],[4.870495907222283,47.080005693454936],[4.870512737200186,47.080041317951704],[4.870190926938224,47.08007822234557],[4.87023659260415,47.08023175061497],[4.870271992958416,47.08038958759372],[4.870290482731612,47.08044755510274],[4.870302784426604,47.08048427004079],[4.870327207794985,47.08055728931808],[4.870360646325885,47.080658926570784],[4.870216306125219,47.08067581848787],[4.870107414048925,47.08068853751028],[4.870107416250812,47.080688561706474],[4.870107388632832,47.08068856493856],[4.870114630798564,47.08076814797197],[4.870122675737638,47.080845841504924],[4.870130343424446,47.08092015265702],[4.8701338344992156,47.080961205234146],[4.870140530527938,47.081040555778145],[4.870247726838789,47.08137089635499],[4.870259628391562,47.08140949583595],[4.870274648409019,47.0814583380593],[4.870274685790408,47.081458330453685],[4.870274687938251,47.08145833741963],[4.870299170464813,47.08145334880254],[4.870421796006367,47.08142839941344],[4.870510005445057,47.08141038299911],[4.870568796314629,47.08139839992148],[4.871526833491055,47.0812030558521],[4.8716917912633875,47.08117034983712],[4.871779397474692,47.08115300076411],[4.871839293145496,47.081140286111776],[4.871951640793496,47.08111647580571],[4.8719888967867995,47.081109470551326],[4.871993256050699,47.08110865538103],[4.8719967464319325,47.081115275735264],[4.871999634499021,47.0811207956577],[4.871999654319745,47.0811207912495],[4.8719996611641,47.081120804231475],[4.87205903007165,47.08110758586731],[4.872059030069546,47.081107585862085],[4.8720197880259075,47.081010149657985],[4.872025575198046,47.081005958335595],[4.872031428251603,47.08100176594611],[4.872045448984751,47.080990170157165],[4.87205033212881,47.080986150091285],[4.872053993269693,47.080981636545204],[4.872064670707094,47.080968527869935],[4.872068525804647,47.08095007582827],[4.872041455643893,47.08081665389097],[4.872037173319206,47.08078464595337],[4.872031451766078,47.0807415081917],[4.872088442740923,47.080714201559736],[4.872096136535187,47.08071055480895],[4.872091444155011,47.08070450695522],[4.872090450928534,47.08070317247307],[4.872039637623553,47.080634821109776],[4.872339423036415,47.08056765606096],[4.872369120480211,47.08056105108101],[4.872577843411035,47.08051435008702],[4.872615532475977,47.08050592449889],[4.872642277638604,47.08049934928517],[4.872749050540036,47.080473123711315],[4.873150953626553,47.08037259121289],[4.872900535721383,47.08006349443503],[4.872611754402795,47.07970696876158],[4.872679774496963,47.07968543842236],[4.872679746628305,47.07968541479949],[4.8726797864227684,47.079685402206394],[4.872655777261509,47.079665097167],[4.872633591682663,47.07964629156227],[4.872590273266471,47.07960610764733],[4.872549951003878,47.079564884545825],[4.872545473844327,47.0795592877018],[4.8725233774685295,47.07953162279437],[4.8725808344462065,47.079505126742156],[4.872842814850474,47.0793844380838],[4.872850008622771,47.079389065827016],[4.872853562966776,47.0793913784],[4.872853584672063,47.0793913662943],[4.872853602494464,47.07939137775943],[4.872866794977432,47.07938404947853],[4.872891302357889,47.07935708554912],[4.872919977926215,47.079312566817734],[4.8729352602510145,47.07928889356578],[4.8729377191597125,47.079273526037795],[4.872937123695995,47.07926904856952],[4.872935723687635,47.07925820368055],[4.872907391447217,47.07921678638711],[4.872882324214199,47.079188924723894],[4.872879321475132,47.079185577285536],[4.872879283973,47.079185545564485],[4.872879280697311,47.07918554192363],[4.872876918795842,47.0791835449873],[4.872848503411848,47.07915950992984],[4.872844656570513,47.079155878769356],[4.872831545678466,47.079143448418165],[4.8728681076317235,47.07907639394879],[4.872827288579688,47.079020859947505],[4.872827228040979,47.07902089400761],[4.872827223638345,47.07902088801694],[4.872775689522088,47.0790498904579],[4.872731868019315,47.07907454518322],[4.872649230820812,47.07902071035157],[4.872638803969488,47.079007615200325],[4.872619536583812,47.078983340601056],[4.872596189542832,47.07895950428963],[4.87259004095216,47.078953208197255],[4.872557472984379,47.07892001860493],[4.872541467852462,47.07888962257499],[4.872479611604138,47.07881677691025],[4.872471298322006,47.07880697958822],[4.872551238309795,47.078794179493144],[4.872791098254357,47.0787558056467],[4.872824765168735,47.07875055012268],[4.8728714374942275,47.0787433096552],[4.872949153743716,47.07877195685039],[4.872966893001655,47.078778505906406],[4.873030979734337,47.078801207704046],[4.873275779667734,47.078887961841204],[4.8732758185442275,47.078887938309315],[4.8732758317455485,47.078887942985695],[4.873283976256326,47.078883000457694],[4.873294889010186,47.07887639498318],[4.873409012051,47.07880303990182],[4.873535028125811,47.07894301680242],[4.873751503704877,47.07918986541374],[4.873763455302386,47.07919079823062],[4.873772509855748,47.079191533105124],[4.8738563025449215,47.07914627417037],[4.8739032212645395,47.07912094350771],[4.873938517318305,47.0791019862756],[4.874101425245959,47.079014542364476],[4.874119936855989,47.078987675386976],[4.8741247978492135,47.07895557833442],[4.874127228660535,47.07893953879601],[4.874127227395317,47.07893953608433],[4.874127228347756,47.07893952979539],[4.874030265967835,47.0787316297665],[4.874017344425766,47.07870425486461],[4.8740146357733565,47.07866955482914],[4.874002278341463,47.07844291984442],[4.873995039357978,47.07823459146887],[4.87400288441133,47.078158159798214],[4.874031979436859,47.077875349721616],[4.874020822406946,47.07782724010149],[4.874010787534718,47.077783718212245],[4.8740086715310555,47.07777507548721],[4.874007339886693,47.07776948208169],[4.874004214132668,47.07775609824877],[4.874003776908473,47.07775420316062],[4.873998492940384,47.0777322429018],[4.873940902340622,47.07749264366411],[4.873857932713177,47.07714187098512],[4.873837382163777,47.07705492534197],[4.873848255253405,47.077039818493176],[4.873975830727162,47.076862669185104],[4.873998990116655,47.07679476647567],[4.874026025080823,47.07671569276409],[4.8740696231198255,47.0765252225524],[4.874087088597112,47.07644903442773],[4.874135809742308,47.07634503900287],[4.87415612147653,47.076301948565145],[4.874188726555955,47.07623280733668],[4.874271492082804,47.07611804819897],[4.874274533983381,47.076115985712526],[4.874543292942793,47.075933803856294],[4.874565719276068,47.07590987726164],[4.87458517806907,47.075889176606765],[4.874807749308774,47.0756669075236],[4.874903967671158,47.075595244436315],[4.874992888341685,47.07552903438039],[4.875077056901779,47.07548453851032],[4.875210252806495,47.0754141609051],[4.875301114232019,47.07531659559331],[4.875021341544916,47.075234689156126],[4.874967141975394,47.07521881835074],[4.874625476514172,47.075071093242414],[4.87462546074817,47.07507109233566],[4.874625423189163,47.07507107609604],[4.874597751548065,47.07506949869563],[4.874570026537874,47.07506790414632],[4.874173429285029,47.0751897989755],[4.874083133316032,47.07521681253864],[4.874066407103066,47.075208906612204],[4.87401676814635,47.0751865549491],[4.873991948300871,47.075175370092424],[4.873771566389671,47.07507366703617],[4.873382994955616,47.07489273703457],[4.873148233458614,47.074783396277766],[4.8730337727556545,47.07473119210365],[4.8729643420916195,47.07469950788203]],[[4.874173422215648,47.075189813919486],[4.874173422215647,47.075189813919486],[4.874173429285029,47.0751897989755],[4.874173422215648,47.075189813919486]]],[[[4.876550006485419,47.076545557670194],[4.876475990715075,47.07645520766381],[4.876463540980057,47.07644217142983],[4.876392349185606,47.07637380333788],[4.87636148341103,47.076346747039096],[4.876273610047543,47.07627252584738],[4.876249702164023,47.076253629540076],[4.876165980651904,47.07618744024492],[4.876050770104484,47.07610041531127],[4.876037538761682,47.076091366618485],[4.876020115358659,47.07607941633775],[4.875823876557679,47.075940581892745],[4.875157123938232,47.075520209640146],[4.875030773808161,47.075586650564695],[4.874927282849195,47.07566438109363],[4.874879192224782,47.075700492461024],[4.874879179699324,47.07570051065818],[4.874879179675564,47.07570051067603],[4.874872023491834,47.075710803221924],[4.874742299897037,47.0758508751331],[4.874570713354953,47.07599261658287],[4.87457293308274,47.075995417372354],[4.8745738712794315,47.07599662659896],[4.8744153071000005,47.07610409160913],[4.874359085462318,47.07614217574438],[4.87435090452652,47.07615267042911],[4.8742444693948,47.07628915252886],[4.874185347834038,47.0764319066955],[4.874145175258148,47.07652881951233],[4.874112747391347,47.07668989510818],[4.874103060134438,47.07673794838923],[4.874087094706019,47.07677761019794],[4.874013570679502,47.07696011122531],[4.873996458622232,47.077005039900214],[4.873991630889099,47.077017671186155],[4.873991646288914,47.077017674953716],[4.873991644377156,47.077017679973146],[4.874011255601938,47.077022477194106],[4.873972131453072,47.07714470653865],[4.873998210636869,47.07724952420897],[4.8740084474644,47.07728614647735],[4.8740371982816075,47.07738172599782],[4.8740487978206,47.07741495707291],[4.874068724724516,47.0774721992982],[4.874087045981598,47.07752937174479],[4.874109039672811,47.07759820162716],[4.874150852965331,47.07768233918228],[4.874183328833359,47.07784223095716],[4.874133278246922,47.078108637228304],[4.874115151687806,47.07820505027753],[4.874113363002346,47.07824083188593],[4.8741105993353395,47.078298120962145],[4.87410903312178,47.078329815308585],[4.874106398756208,47.078382991616074],[4.874102441206137,47.078484207731805],[4.874102442769995,47.078484252734896],[4.874102442769993,47.07848425273493],[4.874103825220031,47.07852403547657],[4.874904479997725,47.07827808065862],[4.875533251183292,47.0780788485641],[4.875598695136357,47.07805867043255],[4.875648644364368,47.07804328548738],[4.8757064079132695,47.07802496697895],[4.875670514301679,47.077937638921725],[4.875645920067397,47.07787776894714],[4.875636529618944,47.077857595263275],[4.875592628892473,47.077763126758185],[4.875571855152588,47.07772195008708],[4.8755716877790105,47.07772161713845],[4.875544318804145,47.077665856749604],[4.875431653622764,47.07743676102019],[4.87543165362229,47.077436761019335],[4.875412529664833,47.07740231430072],[4.875609697452171,47.07730844729317],[4.87628800105315,47.07698554395804],[4.876507818730114,47.07688091503187],[4.876697010892747,47.0767908815525],[4.876729398630168,47.07677604552697],[4.876729396302911,47.076776042422345],[4.876729450391535,47.07677601766925],[4.876643187396466,47.07666097475505],[4.876615644094792,47.0766265132749],[4.876588399145684,47.07659236742018],[4.876550006485419,47.076545557670194]]]]}},{"type":"Feature","id":"overview-premier_cru","properties":{"id":"overview-premier_cru","kind":"vineyard","tier":"premier_cru"},"geometry":{"type":"MultiPolygon","coordinates":[[[[4.850671387490615,47.065716432027806],[4.850223739485783,47.06574506183228],[4.8501794069149,47.06541164345077],[4.850167437246155,47.06532395780909],[4.850046267917723,47.065061257466965],[4.85000766747328,47.06498217536586],[4.849894755970012,47.064785750443534],[4.849747076394589,47.06453471331026],[4.8496911932203925,47.06438744668866],[4.849497486785907,47.06410240221112],[4.849488096192458,47.06409028680947],[4.849445264018365,47.06401843176693],[4.849398062980247,47.063906787540944],[4.848967304780574,47.063991337749584],[4.848901652350679,47.06386466096617],[4.848837256930049,47.06373081352801],[4.848774700382009,47.06360715806383],[4.848699169058828,47.063454081519424],[4.848636017868001,47.06331305454892],[4.848606706119425,47.06324302715687],[4.848588902614717,47.063203461922576],[4.84854070539203,47.063106134300156],[4.848490810189971,47.06300270996722],[4.848092881103016,47.063128626163596],[4.84795410257452,47.06318091748698],[4.847648750826707,47.063259368386355],[4.84732021001118,47.06331571109218],[4.846988831523176,47.06337618678814],[4.846767157941513,47.06340935894291],[4.846600326446749,47.0634283797971],[4.846462591443286,47.063423430616915],[4.846274023708219,47.06337534595155],[4.846185241449873,47.06331546310641],[4.846096912225041,47.063224908669255],[4.846090198433128,47.06320356445331],[4.845985710519007,47.063121445267576],[4.845895999230523,47.06307791332555],[4.8457995405640775,47.06305595861543],[4.845717242191331,47.063054202456996],[4.845260517388766,47.0631228084334],[4.845097130370939,47.063155055463284],[4.844933672975571,47.06318525009169],[4.844826664257134,47.063204330731644],[4.84458508571163,47.06322351553602],[4.844134360607578,47.063205161642074],[4.843972915461955,47.063206720809205],[4.843737547794849,47.063232955202345],[4.844048014951456,47.06365408501543],[4.844143403752769,47.063776201178],[4.844307075637576,47.06397079450536],[4.84452712823806,47.06424009901734],[4.844791511302497,47.06458124488131],[4.844943227394784,47.0647760282255],[4.84508534548695,47.06495257509842],[4.845104006849741,47.06497373756734],[4.8452115004831375,47.06509973912323],[4.845370059656539,47.06527602308422],[4.8456033276266215,47.065537964034654],[4.845736548332041,47.06567275793897],[4.845874423045435,47.065812583549274],[4.8460049693787735,47.065956614652876],[4.8463191783792015,47.066311262014],[4.84665808286688,47.06668800097464],[4.8467707084932785,47.06692019483125],[4.846798076790386,47.066976970317334],[4.846992127890551,47.06744696258324],[4.847001924776182,47.06747132837426],[4.847025129712902,47.06753737413381],[4.847057222466299,47.06760123352843],[4.847120758884611,47.067753485060294],[4.847212419584029,47.06794105739396],[4.847307468797391,47.06813980552759],[4.847443150690744,47.068390019633696],[4.847552617789287,47.0686171479939],[4.8476235912826455,47.06876826268384],[4.847654126895839,47.068830102524736],[4.847736413396601,47.069005558631794],[4.847768473024728,47.06906840071532],[4.847901553816364,47.06932989492142],[4.847895607873869,47.06933100764933],[4.8479020086283695,47.069343170982116],[4.847951838568716,47.06944455218167],[4.848069037415582,47.06967870687324],[4.8481908214941605,47.069915859030594],[4.848217194539578,47.06998696907136],[4.848302407723772,47.07020426322386],[4.848344019028891,47.07037117472886],[4.848392381366003,47.07056045631966],[4.848380473897701,47.070780330558065],[4.8483788133964865,47.070819189469674],[4.848386282996825,47.070819069985475],[4.848377034817023,47.07098576835078],[4.848368537469613,47.07121784468919],[4.848360788299008,47.071340589512886],[4.848355106238313,47.07143672560724],[4.848344216484348,47.071730159604385],[4.848336800955115,47.07194996189219],[4.848647330636044,47.0721084829122],[4.848807775418923,47.072208094047504],[4.8488474795177074,47.07223198117031],[4.848958018587493,47.07231501867978],[4.849071500517866,47.07239699135855],[4.849123643957307,47.072434980302404],[4.849355746149193,47.07253038209504],[4.849489287564985,47.07258648432842],[4.849600288418693,47.072639885279344],[4.8496093302067225,47.07264178483697],[4.849618301931289,47.072641641234014],[4.8496287274781364,47.07264045672219],[4.849637629137605,47.07263826995784],[4.849644958856827,47.07263406407263],[4.849650764996665,47.07262886493623],[4.849655068952651,47.072623680838646],[4.849761697782107,47.07237470602292],[4.849870864790738,47.07215633665557],[4.849884959523353,47.072087650090104],[4.8498369273584565,47.071995435705496],[4.849745797462435,47.071911061681135],[4.849689809903945,47.07184861216779],[4.849679787639192,47.07181811737089],[4.849714535937518,47.07174092308884],[4.849745037159585,47.07167095626847],[4.849811095862774,47.07159121645883],[4.850001048736318,47.07137360689953],[4.8503026673814835,47.07105405713589],[4.850377731150059,47.07097519940926],[4.8505268769917675,47.070788888555356],[4.850837775044891,47.07039154186559],[4.851094498493531,47.06994091107546],[4.8511608499942085,47.06982642186401],[4.851196050825574,47.06976251213038],[4.851319107192617,47.06951326323904],[4.851360922351386,47.06942471605196],[4.851607247256887,47.06897629472386],[4.851638199880229,47.068919594384745],[4.851657905521912,47.06888351712103],[4.851722817454309,47.068727165238926],[4.851770899985045,47.06860275593316],[4.851878400732267,47.068249542012175],[4.851958310958252,47.068093967200575],[4.852068799004593,47.0679583450561],[4.852045396453008,47.06793010916959],[4.851495735617673,47.067775429347414],[4.851100260793451,47.067668348402506],[4.850872147887173,47.06760149733031],[4.850494568935354,47.06749310103244],[4.850429667002505,47.06747575087812],[4.850450896371369,47.06744066704455],[4.850608020192611,47.06748719544367],[4.850748822565308,47.066840188665225],[4.850683028465787,47.06684022487983],[4.850678765073076,47.06654192645007],[4.85067751587316,47.06641830766264],[4.850672552837973,47.0661864371952],[4.850672467415399,47.06596573666295],[4.850671812958508,47.065772629591926],[4.850670411366949,47.06573177531119],[4.850671387490615,47.065716432027806]]],[[[4.8467176748122816,47.067292966977995],[4.846677820889314,47.067221063406194],[4.846623608164109,47.06712281361893],[4.846572574083234,47.06702962821794],[4.846467244605767,47.06683614096518],[4.846349653841494,47.066633663780706],[4.846262213506692,47.066525732375105],[4.846184198277182,47.066430924642695],[4.846112688356413,47.06635134954889],[4.846022713053353,47.06625674181058],[4.845547967107207,47.065755470363555],[4.8453491143330085,47.06553793588744],[4.845059047200809,47.06523296288879],[4.844900930144685,47.065026025211246],[4.8445745416703225,47.0645336199124],[4.8439626804505655,47.06378214757226],[4.843908256365754,47.06380856521165],[4.843865966383677,47.063883833981045],[4.843846129540502,47.06400370064174],[4.843829295889319,47.06412351936585],[4.843823537359976,47.06417367370274],[4.843766006170139,47.06437179763669],[4.843702238426012,47.064474993380614],[4.843635480612353,47.064578245799595],[4.843602753976593,47.064626786153106],[4.843554959141362,47.06467251401018],[4.843405585543192,47.064764809772],[4.843316024221982,47.06481323916862],[4.843209884189972,47.06485785341488],[4.843177843135814,47.0648828869529],[4.843126407400912,47.06490924751208],[4.843151467141868,47.064942573911864],[4.84314504363134,47.06501726118529],[4.843166810934303,47.06508537489933],[4.843163389857262,47.06520396184796],[4.843205201343178,47.06546487295401],[4.843219174018735,47.065479977665],[4.84322567782745,47.065495201525614],[4.843208168458492,47.065507737540784],[4.8431994061510455,47.06555794873572],[4.8432157994753124,47.06564351105393],[4.84331805385357,47.065878944463506],[4.8433786799218534,47.065990367733676],[4.843410243939531,47.066038908913065],[4.84339098883545,47.06604433132449],[4.843471720459926,47.06621878850933],[4.843540842618774,47.066315775169],[4.8436423203489545,47.06644086546488],[4.843715210683694,47.06651735808113],[4.843830221426705,47.06664426754633],[4.843957830729037,47.06679039201722],[4.844029770296251,47.06688222722604],[4.8442146841001446,47.06708567637484],[4.844394304581728,47.067221775443464],[4.844581778903158,47.06736897890353],[4.844774641465737,47.06754267170676],[4.844861172681446,47.06762406104022],[4.844958547525363,47.06771650720962],[4.845032048483884,47.06781036116299],[4.845111180894324,47.06789390373458],[4.845195443076572,47.06799678051012],[4.845310845256461,47.06817885989205],[4.845352815717816,47.06826912862798],[4.845395414806118,47.068333847294326],[4.845516925714941,47.06851991747318],[4.845644941537952,47.06867727268468],[4.845746518934796,47.06876147395433],[4.845917260840637,47.06889975683467],[4.84599860349236,47.068916846863125],[4.846172220235956,47.069095960078805],[4.846416280119763,47.069279044611875],[4.846412522144392,47.069300565117985],[4.846435642585284,47.069320629475264],[4.8465645920474305,47.06946161452506],[4.846738733512598,47.069568169041524],[4.846930944577373,47.06967851404042],[4.84698960274546,47.069731736402275],[4.847079712294436,47.06983042981244],[4.847142270149829,47.06991014741391],[4.847183021037059,47.069964673575726],[4.847340549401751,47.070241105128865],[4.847435714486217,47.07040000123768],[4.8476324234153365,47.07068500974034],[4.847769653619492,47.070849365810155],[4.84780811242858,47.0708804236733],[4.847914768967062,47.07093798422471],[4.848080190952101,47.071051817702674],[4.848128270760573,47.07105820822252],[4.8481819331876075,47.07105326138132],[4.848214059008495,47.070768691453154],[4.848181941414691,47.0704422281209],[4.848083783740537,47.07015258242223],[4.847936394217979,47.069822856344054],[4.8478976537774425,47.06973969634204],[4.847530563260718,47.06902111589694],[4.847262801218414,47.068495081160336],[4.847202325904206,47.06838876364464],[4.846829289887426,47.06753948688761],[4.846761310521447,47.067388323852335],[4.8467176748122816,47.067292966977995]]],[[[4.846616339457256,47.06953129275752],[4.845342833798486,47.069813215721986],[4.844228161689637,47.07006091665946],[4.844019294173406,47.07007548909998],[4.843964200378155,47.07008250114105],[4.8440308611348755,47.070238792850354],[4.844092401648708,47.07037677672273],[4.8441118805158885,47.07042142199631],[4.844136339817665,47.07056817474057],[4.844155049571843,47.07067822220521],[4.844193915070674,47.070896267770884],[4.844183943266201,47.07095466636295],[4.844184082978399,47.07095875269165],[4.8444506330904336,47.070968808286885],[4.8444716711437925,47.0709715343923],[4.844677320303408,47.070993800595566],[4.845021156069208,47.07103326725454],[4.845082755699415,47.07104147843903],[4.845296853288335,47.07109221955958],[4.845516477722599,47.07112957969685],[4.84566192487453,47.071140539963125],[4.845877699884545,47.0711963594259],[4.845894315685661,47.07120120019694],[4.846040042814328,47.07122033263967],[4.846210134020643,47.07120842043624],[4.846453829298596,47.071162632385146],[4.846666248519377,47.07112040556146],[4.846691486399756,47.071114896030494],[4.847269922905424,47.07097383479262],[4.84749874697106,47.070930326520674],[4.847679806161282,47.07088962583877],[4.847694513751243,47.07088224018198],[4.847697488580395,47.070838254071894],[4.847486854183213,47.07058310590621],[4.847452328522802,47.070535639809485],[4.847393771915283,47.07044154843299],[4.84733817112846,47.07034639213393],[4.847320645797867,47.07031499045138],[4.847248414364664,47.07017105523526],[4.84721023387475,47.070104222316196],[4.84712124755571,47.06995136009977],[4.847060261137623,47.069873652644624],[4.846945319044882,47.069748789487576],[4.846879226586191,47.069696712573055],[4.846616339457256,47.06953129275752]]],[[[4.8449258361634655,47.071045010576526],[4.844894302833691,47.07104142547633],[4.844682707515858,47.071020281222204],[4.844479978874005,47.07099592412978],[4.844380878323742,47.070984222639616],[4.844180267313555,47.07097822973819],[4.8441301195312825,47.071348918497876],[4.8441033947979415,47.0715731169813],[4.8441419785488655,47.07160826259477],[4.844369880789886,47.07184372482185],[4.8445021707746365,47.07199488013608],[4.844611248998658,47.072166848621336],[4.844658468966371,47.07223557329605],[4.844735756335624,47.07230893315774],[4.844816034479798,47.0723822452224],[4.84607285258677,47.07196060329181],[4.846094481268885,47.07215541891702],[4.845854876033354,47.07218990175123],[4.846108429860358,47.07313101069399],[4.8461426027085155,47.07334299770627],[4.8461481439165786,47.07337356435568],[4.8461774181063895,47.07357336393361],[4.8461774532279245,47.07357439001461],[4.846200436798055,47.07363430652794],[4.84622175700043,47.073689143417525],[4.846274103357819,47.073820113528825],[4.84632988221724,47.07396432108489],[4.846354752565857,47.074035446447446],[4.846391670146748,47.07415236207003],[4.846430901052746,47.07424982457534],[4.846475136279953,47.074362543694484],[4.846498260412991,47.07442654645336],[4.8465831038488885,47.07467654689456],[4.846619519823537,47.07477916950828],[4.846650337506357,47.074849182127096],[4.846698751371643,47.07495263062506],[4.846870249691416,47.07533101716303],[4.846927253798058,47.07546702771385],[4.846949064922562,47.07553615755024],[4.846984324749894,47.07573586117732],[4.8469923014851455,47.075837911543196],[4.847032475112428,47.07626846789548],[4.84704739775693,47.07635507965102],[4.8470846682920845,47.076482210752324],[4.847124846649817,47.0766072510849],[4.847153199897749,47.07669263051731],[4.8472054835285405,47.076865495324675],[4.847205973067747,47.07687978843249],[4.847207547116853,47.076925745994046],[4.847230146020883,47.07710521808969],[4.847247741021385,47.07726945158981],[4.847266492466953,47.07733658597155],[4.847283914920397,47.07736491834902],[4.847302791079128,47.077392200845686],[4.847324671582531,47.0774194443208],[4.847334063702191,47.07743155084209],[4.847419217458092,47.077516022229084],[4.847609114499834,47.07755795151662],[4.847905118652006,47.077597148257944],[4.848371536278161,47.07763362780132],[4.848754352012803,47.07763057536526],[4.848844283039946,47.07763628715136],[4.849138239569069,47.077659168298446],[4.849305941711113,47.07766466196253],[4.849659790518724,47.077645715832695],[4.849959138122461,47.077608224926266],[4.850033532894456,47.07759682163126],[4.849986520328785,47.077403430829676],[4.849966578690475,47.077345510637876],[4.849869549329155,47.07735114337476],[4.849672513502072,47.07736247426379],[4.849605344701135,47.07736662021772],[4.849582737476407,47.07718713960207],[4.849911364692794,47.07717472913936],[4.849902598184925,47.07713706382717],[4.849897418040565,47.07711671296941],[4.8498577102528095,47.077005975930255],[4.849830241242881,47.076946122917704],[4.849796182312629,47.07686901252143],[4.849791212462484,47.07685479112744],[4.849703079648301,47.07659666847116],[4.849667935174115,47.076487893592954],[4.8496342579398695,47.07637807758221],[4.849618845003414,47.07632111148115],[4.8495505144500415,47.0761168226236],[4.849518816623905,47.07602127583972],[4.849401958111122,47.0756665409215],[4.849196815162082,47.07509251749433],[4.849175929699189,47.07500701898101],[4.849084493494426,47.074695815386725],[4.848925690863993,47.07420789126012],[4.848862040272689,47.074096519273795],[4.848786055175588,47.073974096545555],[4.848754691777014,47.07393168644536],[4.848696409026075,47.073845759476406],[4.848645946919843,47.073769937773754],[4.848590988904693,47.07365024045349],[4.848532809061131,47.07352345317247],[4.84849238762744,47.0734351960999],[4.848467584758657,47.07336611434269],[4.848400904234813,47.07316588689335],[4.84833929849208,47.07298295010843],[4.848295744506367,47.07284672499274],[4.848229122099445,47.07264854077989],[4.848157913211232,47.07240342943483],[4.848123840718515,47.07223844167334],[4.848115582657291,47.072128227615075],[4.848122770273924,47.071814419106616],[4.8481610475449575,47.071185402057225],[4.848134200260357,47.07114393718864],[4.848120609925695,47.07114007499182],[4.848107040958866,47.07113722108394],[4.8480995364657415,47.07113632346949],[4.848096405963983,47.071132284974226],[4.848077251579254,47.071096829900675],[4.847850353375622,47.070934925776484],[4.847765994637488,47.07091685859102],[4.847682497484263,47.070924326582514],[4.8474151252230255,47.07097764628486],[4.847208827757917,47.071023856200505],[4.846747699840832,47.071140564294076],[4.846521864774574,47.07118402328823],[4.846214242835937,47.0712410452622],[4.8460948721312525,47.07124908524636],[4.845993081599839,47.071246622859825],[4.8458728721125235,47.07123015365869],[4.845783602045468,47.0711999068113],[4.845503830852109,47.071153286397376],[4.845255418635965,47.07110513790622],[4.845074587809228,47.071065113572736],[4.8449258361634655,47.071045010576526]]],[[[4.8539678280664535,47.07991761044168],[4.854120490504181,47.07992026757639],[4.854079521105292,47.079772764146604],[4.8540475742206945,47.07958322174216],[4.854024270313058,47.07942726677169],[4.85402139904167,47.07938746289674],[4.85402153189321,47.07934761082825],[4.854023013147646,47.079303648569095],[4.853509640301018,47.07938136158918],[4.85336835362251,47.079405087863314],[4.852816811617777,47.07950385265473],[4.852906764175575,47.07968428825706],[4.852996765457364,47.079865740642866],[4.853075654237477,47.07998505216781],[4.8531136031126705,47.080044727386934],[4.8531482937417945,47.08009628673092],[4.853452125242329,47.08001477661408],[4.853672950310028,47.07995503984659],[4.853806438378573,47.07992224356611],[4.8539678280664535,47.07991761044168]]],[[[4.855752094668468,47.07986751362096],[4.855684325792765,47.07985430082013],[4.855648095826993,47.07984466114266],[4.8555348211626335,47.07981276274148],[4.8556621583088875,47.0796012470806],[4.855381632400317,47.07953422820075],[4.855258858699686,47.079487154439406],[4.855216401316051,47.079470464122046],[4.855215087987395,47.07947559140137],[4.855094681800235,47.07945402845991],[4.855089121276284,47.07946637438828],[4.85501370643763,47.07944816872978],[4.8547945902229515,47.07942716317388],[4.854561753957155,47.079398209258436],[4.854486901140388,47.07939633947208],[4.854313163050872,47.079389932442155],[4.8540600927014195,47.0793817359602],[4.854116936871603,47.079773190534056],[4.854156720247728,47.079929907732414],[4.854394438198297,47.07997003220123],[4.854498717474868,47.08000104941269],[4.85473234812527,47.07996562746507],[4.854754455957835,47.079782377210755],[4.855043885007663,47.07984721043168],[4.854896339961037,47.0801673514499],[4.854931572719747,47.0801913083174],[4.8549453066835015,47.080199265004545],[4.855049973413142,47.08024152354865],[4.855130396239707,47.08027497640225],[4.855197014849951,47.08029842939312],[4.855349981476844,47.080353195655206],[4.855437818137525,47.08038447599614],[4.855848266809165,47.0805321794036],[4.8564494411479835,47.080745278789394],[4.856548127765042,47.080787623056935],[4.856653007915688,47.08083600959059],[4.85669922066084,47.080788266765175],[4.856820725061785,47.0806677825106],[4.8569437531660045,47.08054830027578],[4.857100492567875,47.08036493053138],[4.8569838950372635,47.08032388315397],[4.856862782764851,47.08028189056053],[4.8567052648761075,47.08022516412023],[4.856782549234029,47.08012377977949],[4.856291818923263,47.07994672297741],[4.856217524566477,47.08004804995725],[4.856085705716837,47.07999907804669],[4.855994737392627,47.079963750924215],[4.855752094668468,47.07986751362096]]],[[[4.853481652366938,47.08143970516545],[4.853619700326597,47.081364941869026],[4.853850255508463,47.081283588408205],[4.8539078941179055,47.08126324772063],[4.853971536877992,47.08124383733106],[4.85403672984688,47.081225419673544],[4.854103468774624,47.081209021455486],[4.854131666383417,47.08120243625943],[4.854216386800271,47.08118677614406],[4.854296662162186,47.0811722049191],[4.854402425012351,47.08115926897077],[4.854535058728057,47.0811448751107],[4.854679691825193,47.08113131518039],[4.854806413589514,47.081119060156716],[4.854875110887072,47.08111591336543],[4.854954599806384,47.08112179708636],[4.855034110242373,47.08112868903844],[4.855112202359277,47.081137656986165],[4.855140751229154,47.081141287296546],[4.855279199867598,47.08116563153164],[4.85587259527461,47.08128280472334],[4.856064400554322,47.081335919768144],[4.856220313873928,47.081389619961385],[4.856293245944286,47.081422165695905],[4.85684387578607,47.08173109341399],[4.857101572261353,47.08152566798705],[4.8573476187688245,47.08132961491182],[4.85686033796467,47.081036017031394],[4.856719941774556,47.080955501785475],[4.856474573982474,47.08082354833158],[4.856121732836959,47.08069842664572],[4.855496961946401,47.080494908179794],[4.855279180975531,47.08042585498757],[4.855159170756997,47.0806331639428],[4.854942737462775,47.08060291177446],[4.854914259166213,47.080601324565556],[4.854693965433928,47.080589532403344],[4.854667024532948,47.080588947104246],[4.8546011652030225,47.08058795968487],[4.854572735386471,47.08058739825634],[4.854515884068316,47.0805872838758],[4.854497916203431,47.08058655455384],[4.854488943170389,47.08058669853519],[4.8543362785188435,47.08058403288704],[4.8543034033524055,47.08041085970805],[4.854267067758423,47.08022445872298],[4.854037823242615,47.08025673842036],[4.854019483797866,47.08020186411649],[4.854004485958579,47.08015713958579],[4.85383284438761,47.080168070030275],[4.853860718482348,47.08023914564815],[4.853832451110451,47.08024368762836],[4.8538375132262885,47.080303890131994],[4.853758881580923,47.080322523253315],[4.853828420734673,47.08047467469088],[4.853563211539329,47.08054841586396],[4.8534861735367025,47.080570085146505],[4.853404537193552,47.08058876620406],[4.853340719618394,47.0806030729062],[4.853232913979998,47.080643624898485],[4.853289862499164,47.080733650556674],[4.8532154361097195,47.080787977211635],[4.85311623747552,47.08086109951524],[4.853031594276441,47.08092274032819],[4.852973225508471,47.080965570335145],[4.852933848819644,47.08099481252324],[4.852728524276858,47.080939855786625],[4.852716018660491,47.08096764950018],[4.852640900398009,47.081132341804576],[4.8526053276279555,47.0812289570259],[4.852587175107609,47.081309974429026],[4.852566649364831,47.081409410348],[4.852529639339371,47.08168180233902],[4.852510661021879,47.0819130287429],[4.852508687472534,47.08194269788272],[4.852766295815912,47.08208264051296],[4.852885397494876,47.08193563256178],[4.853044345423005,47.081772667049194],[4.853224567448701,47.08161957255163],[4.853376400240997,47.081510871458846],[4.853199349822219,47.08136453230485],[4.853319381458963,47.08128801397386],[4.853481652366938,47.08143970516545]]],[[[4.857141664933436,47.08199504593564],[4.856994769637018,47.08189931684822],[4.85695038556584,47.08187039242353],[4.8566527714466226,47.081698402161344],[4.856411823290042,47.081564333278585],[4.85622587073349,47.081464115383326],[4.856137798750558,47.081425679916975],[4.855963574643695,47.08136206126834],[4.855850226294663,47.081328120043146],[4.855722028457175,47.081297488060564],[4.855387843581825,47.0812364368462],[4.855287008870395,47.08121863941239],[4.85513197536967,47.08119047283815],[4.854968074474831,47.081165519300455],[4.854885629739306,47.08116070966848],[4.854801906900052,47.08116205332502],[4.854578360065889,47.0811860744781],[4.854249296103426,47.08123018663211],[4.853951076690791,47.08130138730627],[4.853853289012825,47.08132849585021],[4.853693755408793,47.081387249818896],[4.853614497698581,47.08143144181701],[4.853529327650519,47.08147776384848],[4.853410552397461,47.08154711177476],[4.853266014972599,47.0816505807333],[4.853079986164586,47.08180887458628],[4.852923762006825,47.08196362837701],[4.852806008936507,47.082106526194316],[4.852762874677439,47.08215727993023],[4.8526943775288744,47.08225340529216],[4.852590482164588,47.08245125816437],[4.852570756563911,47.08253024745663],[4.852518059704922,47.08282536879371],[4.853363442949591,47.083179659355565],[4.853359933210921,47.083077537848354],[4.853274488862602,47.08289805704908],[4.8532303868215125,47.082877303807884],[4.853250061235494,47.08284020037099],[4.853152827170972,47.08279680336852],[4.8533532812332485,47.08257901217925],[4.853413064842905,47.0824472648231],[4.853457575033122,47.08234947941789],[4.853489509316784,47.08227744462607],[4.85354031690458,47.08231954162711],[4.853650604658981,47.0822207012271],[4.853762394455293,47.082121845626055],[4.853835003782203,47.082058344059824],[4.853978074380861,47.08226041382537],[4.854075111834954,47.08225476864853],[4.854121383932446,47.08225198207053],[4.854285701414157,47.082245257371504],[4.854354400176474,47.0822421108909],[4.854520206561937,47.08223536196913],[4.854690471167512,47.08222752363094],[4.854804374595265,47.08223387285284],[4.854867301935272,47.08223695152074],[4.855020111544247,47.082243693765],[4.855095038305384,47.08224759735335],[4.855176193442536,47.08225856039476],[4.855356423544964,47.08232310146426],[4.855759169310562,47.0824637694995],[4.855895684917895,47.08251879924867],[4.856113647616534,47.08267981396233],[4.85623715490976,47.08279124736005],[4.856331972165549,47.08289496431749],[4.856448910017566,47.083033069618985],[4.856514734523518,47.083119889258164],[4.856556993853669,47.08317438794829],[4.856590925747018,47.08324740988733],[4.856600743015683,47.08327177451993],[4.856779255426534,47.083286278721566],[4.8568840943688745,47.08324678880016],[4.856991902465105,47.08320623343942],[4.857058339658851,47.08318064364952],[4.8572886509714275,47.08309212786402],[4.857371321484271,47.08306014419104],[4.857477520963083,47.08301654329266],[4.858037043859329,47.08280114963516],[4.858005749440966,47.08271786428637],[4.857967863665864,47.08266023387648],[4.857929977971719,47.08260260345305],[4.85784728525311,47.08250379905557],[4.85775608972498,47.08241840557983],[4.85759183308534,47.08229638966323],[4.857285604997735,47.082091848973874],[4.857141664933436,47.08199504593564]]],[[[4.851304610656266,47.082904077826655],[4.851283305615813,47.082937118478256],[4.851216236865132,47.08303117572585],[4.851145691062288,47.08315491709396],[4.8511414782810185,47.08316316166617],[4.851083714743359,47.08322335276193],[4.851078047867465,47.08323263825429],[4.851065295250061,47.08325327623655],[4.851049481327681,47.083271918970446],[4.851026568772286,47.08330192340142],[4.850949023436937,47.08339614825122],[4.850941902432578,47.08340647465722],[4.850863533836152,47.08352012872957],[4.850741418476426,47.083667173623645],[4.851158522504012,47.083790264852304],[4.851042216095372,47.084018960966944],[4.850984842249469,47.08413432312637],[4.850959463589799,47.084179685568714],[4.851282101023923,47.08429611208192],[4.851331412638453,47.084207454476186],[4.851628963864883,47.08429055582826],[4.851668653816041,47.08422657449624],[4.851750239400737,47.084076080419344],[4.851794824111098,47.083980338860314],[4.851875867333768,47.08385745557224],[4.8520063029067035,47.0836479392494],[4.85202475694291,47.08361903270396],[4.852092730884012,47.08350758865455],[4.852213495980329,47.08332173167261],[4.852224934468395,47.08330622080267],[4.8522665679835395,47.083255491361406],[4.852292847049689,47.083105883127836],[4.852337324556512,47.08278944228791],[4.852372152122953,47.08254059014084],[4.852405104245996,47.082280519993155],[4.8524366533180485,47.081979613783396],[4.852438776666367,47.08186718056619],[4.851945765196055,47.0816237254892],[4.851433720327098,47.082220473501394],[4.851061791628956,47.082061925197536],[4.850736781022377,47.081918969627274],[4.850393469739749,47.082289248123736],[4.851297733896489,47.08265998264446],[4.851460084052449,47.08272686039639],[4.851304610656266,47.082904077826655]]]]}}]}
