{"type":"FeatureCollection","features":[{"type":"Feature","properties":{"tier":"village","appellation":"Champagne \u2014 C\u00f4te des Blancs","source":"Vine parcels (VRC) of the Registre parcellaire graphique (IGN, latest) in the sub-region's grand cru, premier cru and main villages (Comit\u00e9 Champagne lists; sub-region by geography where none is official)"},"geometry":{"type":"MultiPolygon","coordinates":[[[[4.05371709,48.92428686],[4.05622179,48.92237185],[4.05747826,48.92142932],[4.05574077,48.92067183],[4.05393869,48.92215832],[4.05349459,48.92198138],[4.05279864,48.92256335],[4.05165821,48.922057],[4.05091598,48.9226665],[4.05371709,48.92428686]]],[[[4.0488058,48.9428818],[4.0481371,48.94411546],[4.04900169,48.94292291],[4.0488058,48.9428818]]],[[[4.04753868,48.93569616],[4.04863373,48.9344738],[4.04853054,48.9344414],[4.04753868,48.93569616]]],[[[4.04537463,48.93509677],[4.04627761,48.93402168],[4.04523108,48.93505281],[4.04537463,48.93509677]]],[[[4.04569252,48.96932497],[4.04514189,48.97050787],[4.04599531,48.96943578],[4.04569252,48.96932497]]],[[[4.04296933,48.91439948],[4.04373899,48.9133575],[4.04268427,48.91432207],[4.04296933,48.91439948]]],[[[4.04135558,48.91416948],[4.0420302,48.914235],[4.04319947,48.91313142],[4.04269504,48.91291095],[4.04135558,48.91416948]]],[[[4.04286524,48.96853398],[4.04212775,48.96962136],[4.0424047,48.96970093],[4.04312675,48.96859833],[4.04286524,48.96853398]]],[[[4.042266217901419,48.93416950323286],[4.04289168,48.93334025],[4.04294123,48.93334961],[4.04283935,48.9333192],[4.04187991,48.93449037],[4.0419822,48.93451447],[4.04226616,48.93416958],[4.04260435,48.9337588],[4.042266217901419,48.93416950323286]]],[[[4.0409917,48.92985288],[4.04235891,48.93058935],[4.04254005,48.93043776],[4.04115626,48.92968489],[4.0409917,48.92985288]]],[[[4.04008257,48.93289867],[4.042243028467866,48.933269669743325],[4.04245765,48.93300971],[4.0399994,48.93259206],[4.04008257,48.93289867]]],[[[4.04179018,48.91316449],[4.04191298,48.91304176],[4.04013255,48.91235766],[4.04179018,48.91316449]]],[[[4.04165404,48.91332653],[4.04087564,48.91410226],[4.0413261,48.91370956],[4.04165404,48.91332653]]],[[[4.04132648,48.96811631],[4.03981703,48.9706159],[4.04151376,48.96817417],[4.04132648,48.96811631]]],[[[4.04037399,48.9420598],[4.03984781,48.94284245],[4.04012011,48.94291147],[4.04067152,48.94212622],[4.04037399,48.9420598]]],[[[4.0392132,48.91376435],[4.03956793,48.91384838],[4.0404731,48.91288776],[4.04012941,48.91271761],[4.0392132,48.91376435]]],[[[4.03996191,48.91459279],[4.04045292,48.91411505],[4.04003565,48.91402423],[4.03905988,48.91514989],[4.03967886,48.91448493],[4.03996191,48.91459279]]],[[[4.04038744,48.91481752],[4.04015805,48.91472052],[4.03980533,48.91509122],[4.04005252,48.91517593],[4.04038744,48.91481752]]],[[[4.03986021,48.91260907],[4.03922872,48.9132993],[4.03904343,48.91372162],[4.04011196,48.91273501],[4.03986021,48.91260907]]],[[[4.03913807,48.93926884],[4.04002208,48.93952015],[4.04009251,48.93949256],[4.03913807,48.93926884]]],[[[4.03847603,48.93315379],[4.039059,48.93305398],[4.03848645,48.93300118],[4.03847603,48.93315379]]],[[[4.03885397,48.91186502],[4.03729568,48.91337168],[4.03891781,48.91189182],[4.03885397,48.91186502]]],[[[4.0381114,48.91575721],[4.03867747,48.9161521],[4.03880295,48.91597238],[4.0381114,48.91575721]]],[[[4.03746663,48.91129633],[4.03775902,48.91144278],[4.03847371,48.91069062],[4.03821949,48.91055094],[4.03746663,48.91129633]]],[[[4.03785104,48.91081338],[4.03713423,48.91064032],[4.03636001,48.91147344],[4.03695208,48.9116904],[4.03785104,48.91081338]]],[[[4.03706707,48.91336378],[4.0355709,48.91473782],[4.03590279,48.91490644],[4.03741938,48.91347019],[4.03706707,48.91336378]]],[[[4.03649753,48.97015179],[4.03576848,48.9722114],[4.03664226,48.97016955],[4.03649753,48.97015179]]],[[[4.03500864,48.96835281],[4.03448446,48.9697402],[4.03521175,48.96838913],[4.03500864,48.96835281]]],[[[4.03348442,48.95385255],[4.03424869,48.95267765],[4.03336394,48.95381901],[4.03348442,48.95385255]]],[[[4.03172199,48.91203765],[4.0315438,48.91233663],[4.03400033,48.91278184],[4.03417959,48.91253758],[4.03172199,48.91203765]]],[[[4.03409121,48.91315476],[4.03365309,48.91328056],[4.03310886,48.91395443],[4.03340138,48.91400426],[4.03409121,48.91315476]]],[[[4.03146532,48.91245184],[4.03391552,48.9128968],[4.0339383,48.9128621],[4.03146532,48.91245184]]],[[[4.03343028,48.93067106],[4.03318255,48.93165355],[4.03349847,48.93192209],[4.0338135,48.93069155],[4.03343028,48.93067106]]],[[[4.03317374,48.92839769],[4.03322823,48.9290504],[4.03343202,48.92903793],[4.03317374,48.92839769]]],[[[4.03078462,48.91310686],[4.02961833,48.91334182],[4.03276947,48.91390142],[4.03324167,48.91326417],[4.03078462,48.91310686]]],[[[4.03316836,48.92835396],[4.03246827,48.92713629],[4.03299733,48.92842504],[4.03316836,48.92835396]]],[[[4.03016346,48.94744992],[4.03244848,48.94763374],[4.03015799,48.94731744],[4.03016346,48.94744992]]],[[[4.03230604,48.99303759],[4.0322713,48.99197652],[4.03183408,48.99198478],[4.03190289,48.99304106],[4.03230604,48.99303759]]],[[[4.03152352,48.942013],[4.032298777004281,48.940803294555444],[4.03200302,48.94073327],[4.03114723,48.94193821],[4.03152352,48.942013]]],[[[4.03201581,48.93992947],[4.0317671,48.94065184],[4.03215813,48.93997033],[4.03201581,48.93992947]]],[[[4.03034299,48.91528164],[4.03188313,48.91376667],[4.03025774,48.91524204],[4.03034299,48.91528164]]],[[[4.03176456,48.94070359],[4.03153415,48.94123033],[4.03183999,48.94072148],[4.03176456,48.94070359]]],[[[4.03134913,48.91180322],[4.03065396,48.91306798],[4.03116206,48.91302078],[4.03173573,48.91191054],[4.03134913,48.91180322]]],[[[4.03136842,48.93717221],[4.03121755,48.93716815],[4.03154286,48.93777212],[4.03136842,48.93717221]]],[[[4.0306842,48.99391798],[4.03093405,48.99518879],[4.03118066,48.99517983],[4.0311669,48.9939174],[4.0306842,48.99391798]]],[[[4.03107573,48.99303018],[4.03113782,48.99202674],[4.03100125,48.99203241],[4.03107573,48.99303018]]],[[[4.02892215,48.96987597],[4.03109013,48.97005039],[4.02874428,48.96984777],[4.02892215,48.96987597]]],[[[4.03073906,48.92920901],[4.02993195,48.92922691],[4.02996037,48.93023624],[4.03095629,48.92947422],[4.03073906,48.92920901]]],[[[4.03085941,48.94016692],[4.03029239,48.93998857],[4.03024733,48.94008414],[4.03056962,48.94012539],[4.03085941,48.94016692]]],[[[4.03059777,48.99827065],[4.0305384,48.99664952],[4.03035223,48.9966501],[4.03059777,48.99827065]]],[[[4.03049644,48.97045897],[4.03037661,48.97170682],[4.03057605,48.97046424],[4.03049644,48.97045897]]],[[[4.03034963,48.99660131],[4.03009847,48.99487605],[4.0298454,48.99487822],[4.03036011,48.99822393],[4.0301253,48.99661603],[4.03034963,48.99660131]]],[[[4.02996413,48.91321155],[4.03035488,48.91248874],[4.02996963,48.91246343],[4.02956525,48.91327585],[4.02996413,48.91321155]]],[[[4.0298433,48.99486706],[4.03016124,48.99818234],[4.03031067,48.99821839],[4.0298433,48.99486706]]],[[[4.02980773,48.97522316],[4.02924397,48.97523979],[4.02937268,48.97639208],[4.02998809,48.97635512],[4.02980773,48.97522316]]],[[[4.02776612,48.94654756],[4.02984685,48.94695384],[4.02984497,48.94690449],[4.02776612,48.94654756]]],[[[4.02983269,48.94453484],[4.02919825,48.94432854],[4.02918115,48.94437744],[4.02983269,48.94453484]]],[[[4.02963017,48.92031692],[4.02866565,48.92104845],[4.02900132,48.92120917],[4.02982602,48.9205781],[4.02963017,48.92031692]]],[[[4.02946128,48.93618937],[4.02971006,48.93653226],[4.02978709,48.93622703],[4.02946128,48.93618937]]],[[[4.02972292,48.9898695],[4.02938783,48.98810277],[4.02891885,48.98815438],[4.0293076,48.98989275],[4.02972292,48.9898695]]],[[[4.028035,48.94238371],[4.02963431,48.9427031],[4.02966484,48.9426029],[4.028035,48.94238371]]],[[[4.02959453,48.97732745],[4.02840961,48.97728111],[4.02841969,48.97739887],[4.02959453,48.97732745]]],[[[4.02945892,48.99480583],[4.02954441,48.99407088],[4.02942792,48.99401231],[4.02945892,48.99480583]]],[[[4.02942571,48.9939555],[4.02952971,48.99337261],[4.02940518,48.99336803],[4.02942571,48.9939555]]],[[[4.02838642,48.97714835],[4.02952724,48.97690409],[4.02837316,48.97696468],[4.02838642,48.97714835]]],[[[4.02925197,48.94714684],[4.02911893,48.94772619],[4.02941882,48.9471811],[4.02925197,48.94714684]]],[[[4.0289601,49.00076466],[4.02929291,48.99931041],[4.02921309,48.99929682],[4.0289601,49.00076466]]],[[[4.02750096,48.94683587],[4.02907377,48.94737929],[4.02913647,48.94726192],[4.02750096,48.94683587]]],[[[4.02864207,48.9132986],[4.02794309,48.91429692],[4.02828456,48.9144194],[4.02906403,48.91332146],[4.02864207,48.9132986]]],[[[4.02883197,48.99483381],[4.028944,48.99483048],[4.02880322,48.99374669],[4.02883197,48.99483381]]],[[[4.02776199,48.95196397],[4.02835873,48.95126405],[4.02798104,48.95111976],[4.02740569,48.95180522],[4.02776199,48.95196397]]],[[[4.02782746,48.9520354],[4.02759913,48.95236453],[4.02787477,48.95205284],[4.02782746,48.9520354]]],[[[4.02754216,48.99527963],[4.02712875,48.99531053],[4.02736388,48.99632093],[4.02776143,48.99631039],[4.02754216,48.99527963]]],[[[4.02743682,48.96955503],[4.02544427,48.96912951],[4.02539655,48.96927506],[4.02743682,48.96955503]]],[[[4.02610867,48.92997915],[4.02721276,48.92974602],[4.0260998,48.92993336],[4.02610867,48.92997915]]],[[[4.02644289,48.97038403],[4.02676904,48.97178813],[4.02701815,48.97172897],[4.02676366,48.97027718],[4.02644289,48.97038403]]],[[[4.02685775,48.91318531],[4.02590725,48.9146374],[4.02699941,48.91319063],[4.02685775,48.91318531]]],[[[4.02622896,48.95445895],[4.0266195,48.95460986],[4.02699442,48.95401833],[4.02622896,48.95445895]]],[[[4.0269819,48.91962533],[4.02528905,48.91890531],[4.02515949,48.91900758],[4.02675185,48.91968767],[4.0269819,48.91962533]]],[[[4.02693277,48.92723763],[4.02574856,48.92731814],[4.02576075,48.92739944],[4.02693277,48.92723763]]],[[[4.02678273,49.00537892],[4.02686224,49.00391257],[4.02667421,49.00391418],[4.02678273,49.00537892]]],[[[4.02684728,48.9131729],[4.02654351,48.91314694],[4.02553152,48.91455478],[4.02577098,48.9146146],[4.02684728,48.9131729]]],[[[4.02657551,48.97027516],[4.02676561,48.96966514],[4.02658237,48.9696477],[4.02657551,48.97027516]]],[[[4.02671144,48.94203396],[4.02614799,48.94185319],[4.02613541,48.94194848],[4.02671144,48.94203396]]],[[[4.02590226,48.91305289],[4.02668957,48.91212613],[4.02639219,48.91208768],[4.02590226,48.91305289]]],[[[4.02563627,48.96317768],[4.02587605,48.96324225],[4.02643438,48.96168728],[4.02624225,48.9616568],[4.02563627,48.96317768]]],[[[4.02545009,48.92287645],[4.0263825,48.92244189],[4.02605088,48.92235713],[4.02545009,48.92287645]]],[[[4.02633258,48.9345493],[4.0261533,48.93498152],[4.02626899,48.93498767],[4.02633258,48.9345493]]],[[[4.02609967,48.97191179],[4.02576057,48.97054858],[4.02567231,48.97056056],[4.02609967,48.97191179]]],[[[4.02593127,49.00395332],[4.02553577,49.00407091],[4.0257857,49.00537265],[4.02601703,49.00536591],[4.02593127,49.00395332]]],[[[4.02584609,48.98590438],[4.02594869,48.98450918],[4.02575591,48.98591467],[4.02584609,48.98590438]]],[[[4.02571814,48.98591088],[4.02593635,48.98451113],[4.02561528,48.98591937],[4.02571814,48.98591088]]],[[[4.02385977,48.97701741],[4.02590521,48.97717839],[4.02590305,48.97706895],[4.02385977,48.97701741]]],[[[4.02567267,48.98444492],[4.02561648,48.98324619],[4.02550969,48.98442966],[4.02567267,48.98444492]]],[[[4.02389721,48.9126187],[4.02539605,48.91029148],[4.02501254,48.91020256],[4.02369178,48.91238459],[4.02389721,48.9126187]]],[[[4.02494713,48.97431491],[4.02534163,48.97482336],[4.02535142,48.97440519],[4.02494713,48.97431491]]],[[[4.02518882,48.94605996],[4.02471835,48.94574157],[4.02445107,48.94592707],[4.02470251,48.94612955],[4.02518882,48.94605996]]],[[[4.02471324,48.97427312],[4.02503073,48.97427891],[4.02475203,48.97226167],[4.02449316,48.97231458],[4.02471324,48.97427312]]],[[[4.02483804,48.93449395],[4.02465781,48.93487859],[4.02478424,48.93487989],[4.02483804,48.93449395]]],[[[4.02441241,48.98575361],[4.02459083,48.98508468],[4.02415434,48.98504082],[4.02416028,48.98460891],[4.0239118,48.98566747],[4.02441241,48.98575361]]],[[[4.02417112,48.93666618],[4.02458187,48.93661508],[4.0245186,48.93642883],[4.02414845,48.93643199],[4.02417112,48.93666618]]],[[[4.02432489,48.9722809],[4.02455677,48.97222869],[4.02428978,48.97128943],[4.02415208,48.97166373],[4.02432489,48.9722809]]],[[[4.02439151,48.91378942],[4.02298698,48.91523896],[4.02273809,48.91540258],[4.02288252,48.91550106],[4.02452177,48.91397373],[4.02439151,48.91378942]]],[[[4.02334087,48.94085557],[4.02354765,48.94090139],[4.02414209,48.93998683],[4.02387612,48.93993257],[4.02334087,48.94085557]]],[[[4.02405021,48.91335358],[4.02377386,48.91306731],[4.0222087,48.91484647],[4.02259733,48.91502649],[4.02405021,48.91335358]]],[[[4.02284791,48.9220571],[4.02300773,48.92219103],[4.02401795,48.9216074],[4.02397172,48.92154015],[4.02284791,48.9220571]]],[[[4.02395711,49.00590502],[4.0234952,49.00379918],[4.0239095,49.00594478],[4.02395711,49.00590502]]],[[[4.02387224,48.91900004],[4.02350594,48.9186293],[4.02222378,48.91821434],[4.02344533,48.91879657],[4.02387224,48.91900004]]],[[[4.0238402,49.00311832],[4.02377382,49.00075918],[4.02330984,49.00070366],[4.02350566,49.00311701],[4.0238402,49.00311832]]],[[[4.02324075,48.9716034],[4.02357045,48.97237865],[4.02343429,48.97152085],[4.02324075,48.9716034]]],[[[4.02350518,48.97141922],[4.0229095,48.96901855],[4.02335312,48.9714742],[4.02350518,48.97141922]]],[[[4.02291546,48.94210294],[4.02337183,48.94120119],[4.02294774,48.94112628],[4.02251028,48.94217547],[4.02291546,48.94210294]]],[[[4.02329455,49.00539847],[4.02324047,49.00595807],[4.02333811,49.00595724],[4.02329455,49.00539847]]],[[[4.02313041,48.98784418],[4.02328486,48.98950669],[4.02323163,48.98784332],[4.02313041,48.98784418]]],[[[4.02327001,49.0031175],[4.02327602,49.00070591],[4.02227259,49.00061125],[4.02250489,49.00312706],[4.02327001,49.0031175]]],[[[4.02209521,48.97955937],[4.0232336,48.97917848],[4.02207085,48.97942395],[4.02209521,48.97955937]]],[[[4.02317795,48.92070167],[4.02247929,48.92116213],[4.02323332,48.92076307],[4.02317795,48.92070167]]],[[[4.023188,49.00531372],[4.02314355,49.00379133],[4.02303145,49.00379229],[4.023188,49.00531372]]],[[[4.02310128,48.99351228],[4.02299481,48.99349943],[4.02277678,48.99528112],[4.02310128,48.99351228]]],[[[4.02300555,48.9623544],[4.02301137,48.96228297],[4.02142712,48.96202284],[4.02300555,48.9623544]]],[[[4.02291943,48.93981458],[4.02242242,48.94062308],[4.02299551,48.93982583],[4.02291943,48.93981458]]],[[[4.02271465,48.91867356],[4.02207178,48.91911548],[4.02224357,48.91929681],[4.02297189,48.91879415],[4.02271465,48.91867356]]],[[[4.02244834,48.97931842],[4.02282999,48.97924141],[4.02296825,48.97855259],[4.02266692,48.97848615],[4.02244834,48.97931842]]],[[[4.0223793,48.94161025],[4.02292224,48.94116369],[4.02243016,48.941073],[4.0223793,48.94161025]]],[[[4.02216825,48.92240824],[4.02251971,48.92237008],[4.02290091,48.92221643],[4.02216825,48.92240824]]],[[[4.02278234,48.93556177],[4.02273621,48.93523618],[4.02268095,48.93554836],[4.02278234,48.93556177]]],[[[4.02121022,48.92343487],[4.02113449,48.92353188],[4.02263944,48.92293964],[4.02121022,48.92343487]]],[[[4.02220042,48.97198559],[4.02250182,48.97186321],[4.02192764,48.9688826],[4.02169666,48.96888457],[4.02220042,48.97198559]]],[[[4.0221547,48.9952815],[4.02223073,48.99446506],[4.02238908,48.99362607],[4.02213435,48.99364167],[4.02198406,48.99442434],[4.02188418,48.99522941],[4.0221547,48.9952815]]],[[[4.02212891,48.92061701],[4.02127099,48.91995377],[4.02121219,48.91999354],[4.02212891,48.92061701]]],[[[4.02182865,48.98530666],[4.0218598,48.98633904],[4.02209433,48.98631563],[4.02206083,48.98534751],[4.02182865,48.98530666]]],[[[4.02188762,48.93508978],[4.02197624,48.93537218],[4.02205816,48.93512996],[4.02188762,48.93508978]]],[[[4.02144337,48.94111973],[4.02167544,48.94116534],[4.02199076,48.94066772],[4.02180062,48.94055037],[4.02144337,48.94111973]]],[[[4.02093874,48.9778094],[4.02175081,48.97768796],[4.02093495,48.97769305],[4.02093874,48.9778094]]],[[[4.0215894,48.91911266],[4.02173034,48.91904078],[4.0210634,48.91853649],[4.0215894,48.91911266]]],[[[4.02034124,48.93834691],[4.02085612,48.93826401],[4.02136021,48.93818357],[4.02132245,48.93811204],[4.02034124,48.93834691]]],[[[4.02125236,48.98274414],[4.02124326,48.98228121],[4.0209759,48.98227176],[4.02097674,48.9827465],[4.02125236,48.98274414]]],[[[4.01960319,49.00530272],[4.01993955,49.00548782],[4.02115068,49.00546563],[4.01960319,49.00530272]]],[[[4.01944927,49.00465233],[4.0210972,49.0048239],[4.02109864,49.00461041],[4.01944927,49.00465233]]],[[[4.01945257,49.00489624],[4.02108892,49.00501015],[4.02108733,49.00486501],[4.01945257,49.00489624]]],[[[4.02002903,48.97808476],[4.01941552,48.97871103],[4.01989465,48.97908719],[4.02071168,48.9785289],[4.02002903,48.97808476]]],[[[4.02016044,48.91128963],[4.02058006,48.91041697],[4.01995763,48.91125686],[4.02016044,48.91128963]]],[[[4.02000017,48.93907904],[4.02053907,48.93902329],[4.02052992,48.93897126],[4.02000017,48.93907904]]],[[[4.0195259,49.00789474],[4.01960747,49.0087047],[4.02028864,49.00871325],[4.02017147,49.00794011],[4.0195259,49.00789474]]],[[[4.02025906,48.91029376],[4.02004087,48.91062236],[4.01975402,48.91123322],[4.01995143,48.91126238],[4.02025906,48.91029376]]],[[[4.01896911,48.91343692],[4.01927076,48.91353906],[4.02019442,48.91240567],[4.01989937,48.91236381],[4.01896911,48.91343692]]],[[[4.02016237,48.91129593],[4.01975233,48.91123469],[4.01938472,48.91209517],[4.01971769,48.91223035],[4.02016237,48.91129593]]],[[[4.01839805,48.91491298],[4.01985864,48.91348781],[4.01978559,48.91333265],[4.01955255,48.91366701],[4.01839805,48.91491298]]],[[[4.01914428,48.92424895],[4.01985213,48.92397761],[4.01911651,48.92421349],[4.01914428,48.92424895]]],[[[4.01975948,48.99556517],[4.01810649,48.99543664],[4.01806188,48.99561085],[4.01975948,48.99556517]]],[[[4.01940116,48.93453044],[4.01921902,48.93495671],[4.01938803,48.93496599],[4.01940116,48.93453044]]],[[[4.01895013,48.97419707],[4.01887593,48.97489606],[4.01917779,48.97491527],[4.01925406,48.97418759],[4.01895013,48.97419707]]],[[[4.01812826,48.92078196],[4.01804042,48.92088415],[4.01889695,48.92143583],[4.01925287,48.92109781],[4.01812826,48.92078196]],[[4.01812826,48.92078196],[4.01814814,48.92079107],[4.01812847,48.9207825],[4.01812826,48.92078196]],[[4.01814814,48.92079107],[4.01909655,48.92121742],[4.01909612,48.9212178],[4.01814814,48.92079107]]],[[[4.01923356,48.99577481],[4.01887998,48.99723492],[4.01916823,48.99728908],[4.01923356,48.99577481]]],[[[4.0191109,48.99410489],[4.01898384,48.99484448],[4.01917387,48.99484303],[4.0191109,48.99410489]]],[[[4.0191039,48.9941014],[4.01877699,48.99407088],[4.01863846,48.99484296],[4.01897728,48.99484659],[4.0191039,48.9941014]]],[[[4.01910096,48.98070632],[4.01856484,48.9802802],[4.01848777,48.98022137],[4.01843512,48.98085474],[4.01910096,48.98070632]]],[[[4.01903168,48.98509132],[4.01898749,48.98412805],[4.01876357,48.98413947],[4.01880758,48.98509322],[4.01903168,48.98509132]]],[[[4.01890803,48.92287526],[4.01795256,48.92337371],[4.01897657,48.92294284],[4.01890803,48.92287526]]],[[[4.01882828,48.9692002],[4.01894595,48.96886987],[4.01867102,48.96917501],[4.01882828,48.9692002]]],[[[4.01888502,48.98020134],[4.01855625,48.97818166],[4.01865816,48.9802461],[4.01888502,48.98020134]]],[[[4.0185384,48.9133262],[4.01788355,48.9143621],[4.01870935,48.91339137],[4.0185384,48.9133262]]],[[[4.01863511,48.93658867],[4.01735173,48.93698981],[4.01868203,48.9367715],[4.01863511,48.93658867]]],[[[4.0177875,48.99696483],[4.01827393,48.99706063],[4.01856765,48.99581136],[4.0180183,48.99582554],[4.0177875,48.99696483]]],[[[4.01813226,48.94796369],[4.01823299,48.94849584],[4.01847705,48.94859846],[4.01852361,48.94802461],[4.01813226,48.94796369]]],[[[4.01787363,48.91148305],[4.01851054,48.90976164],[4.01777486,48.91144163],[4.01787363,48.91148305]]],[[[4.01692895,48.96060283],[4.01660415,48.96099343],[4.01808369,48.96144487],[4.01827954,48.96111247],[4.01692895,48.96060283]]],[[[4.01804364,48.97203467],[4.01827006,48.97123089],[4.01800181,48.97119034],[4.01780185,48.97205338],[4.01804364,48.97203467]]],[[[4.01796917,48.93494717],[4.01825952,48.93499795],[4.01822341,48.93409792],[4.01797041,48.93408818],[4.01799467,48.93459004],[4.01796917,48.93494717]]],[[[4.01824453,48.94890025],[4.01800136,48.94884283],[4.01785426,48.94907964],[4.01808669,48.94914191],[4.01824453,48.94890025]]],[[[4.01805333,48.97013785],[4.01793302,48.97062457],[4.01817853,48.97062111],[4.01805333,48.97013785]]],[[[4.01738106,48.92403239],[4.01783782,48.92449252],[4.01811575,48.92430217],[4.01773246,48.92390567],[4.01738106,48.92403239]]],[[[4.01802301,48.99415345],[4.01783834,48.99487834],[4.01799018,48.99487705],[4.01802301,48.99415345]]],[[[4.01768779,48.93468842],[4.01798728,48.93467398],[4.01796926,48.93412209],[4.01768019,48.93411503],[4.01768779,48.93468842]]],[[[4.01793559,48.99490773],[4.01743278,48.99684501],[4.01752883,48.9968783],[4.01793559,48.99490773]]],[[[4.01778073,48.97205196],[4.01780277,48.97116467],[4.01764897,48.97204229],[4.01778073,48.97205196]]],[[[4.01735395,48.9968653],[4.01779567,48.99489407],[4.01709965,48.99675684],[4.01735395,48.9968653]]],[[[4.01757175,48.99405139],[4.01679915,48.99646763],[4.01773138,48.99407859],[4.01757175,48.99405139]]],[[[4.01608422,48.95777784],[4.01763084,48.95796936],[4.01772498,48.95779486],[4.01731897,48.95772692],[4.01756848,48.95736789],[4.01688465,48.95713575],[4.01608422,48.95777784]]],[[[4.01745036,48.98012826],[4.01769884,48.97954312],[4.01754136,48.97936701],[4.01745036,48.98012826]]],[[[4.016678,48.92602104],[4.01714748,48.92602301],[4.01756558,48.92579816],[4.016678,48.92602104]]],[[[4.01756283,48.97586596],[4.0171955,48.9748269],[4.01710645,48.97581748],[4.01756283,48.97586596]]],[[[4.01754187,48.98514121],[4.0174286,48.9860035],[4.01738886,48.98711262],[4.01754187,48.98514121]]],[[[4.01729061,48.98089732],[4.01744135,48.98016002],[4.01734658,48.97917943],[4.01734449,48.97920835],[4.01729061,48.98089732]]],[[[4.01705632,48.99685867],[4.01626948,48.99900682],[4.01666735,48.99907252],[4.01739227,48.99702614],[4.01705632,48.99685867]]],[[[4.01670908,48.96723867],[4.01729944,48.96712933],[4.01673072,48.96713958],[4.01670908,48.96723867]]],[[[4.01699581,48.92249722],[4.0172086,48.9223256],[4.01670811,48.92188964],[4.01649707,48.92206097],[4.01699581,48.92249722]]],[[[4.01593275,48.93923365],[4.01708306,48.93904306],[4.01686856,48.9388795],[4.01593275,48.93923365]]],[[[4.01668478,48.91340087],[4.01571117,48.91438473],[4.01590762,48.91446159],[4.01668478,48.91340087]]],[[[4.01611191,48.96964322],[4.01655251,48.9688876],[4.01641492,48.96887449],[4.01611191,48.96964322]]],[[[4.01651205,48.96201158],[4.01594059,48.96182839],[4.01540292,48.96247145],[4.01588298,48.96264997],[4.01651205,48.96201158]]],[[[4.01648997,48.92544017],[4.01537357,48.92543072],[4.01544508,48.92574408],[4.01648997,48.92544017]]],[[[4.01607646,48.95224069],[4.01635406,48.95197958],[4.01555806,48.95138021],[4.01522546,48.95163017],[4.01607646,48.95224069]]],[[[4.01605052,49.00089482],[4.01591205,49.0014476],[4.0160508,49.00146986],[4.01629879,49.00089132],[4.01605052,49.00089482]]],[[[4.01597298,48.99665552],[4.01517953,48.99883618],[4.01545065,48.99887365],[4.01622253,48.99671422],[4.01597298,48.99665552]]],[[[4.01566763,49.00327],[4.0161441,49.00207688],[4.01621916,49.00155526],[4.01594132,49.00149864],[4.01534689,49.00336463],[4.01566763,49.00327]]],[[[4.01603934,48.92392718],[4.0154599,48.92421049],[4.01621552,48.92407322],[4.01603934,48.92392718]]],[[[4.0154516,48.94078924],[4.01611873,48.94100963],[4.01617541,48.94086044],[4.0154516,48.94078924]]],[[[4.01615176,48.98942378],[4.01583686,48.98755627],[4.01604824,48.98949128],[4.01615176,48.98942378]]],[[[4.01604476,48.92494437],[4.01534066,48.92531678],[4.01613512,48.92504116],[4.01604476,48.92494437]]],[[[4.01608208,48.94107538],[4.01565529,48.94095408],[4.01564205,48.94101605],[4.01608208,48.94107538]]],[[[4.0159216,48.93681331],[4.01548115,48.9370086],[4.01604768,48.93698119],[4.0159216,48.93681331]]],[[[4.01604431,48.97090799],[4.01582918,48.97152628],[4.01598055,48.9716138],[4.01604431,48.97090799]]],[[[4.01515286,48.9610811],[4.01583281,48.96130546],[4.01603158,48.96109889],[4.01560125,48.96096677],[4.01515286,48.9610811]]],[[[4.01596586,48.94595878],[4.01550707,48.94589454],[4.01547319,48.9459069],[4.01596586,48.94595878]]],[[[4.01572337,48.99931955],[4.01558763,48.99967253],[4.01592172,48.99934465],[4.01572337,48.99931955]]],[[[4.01531609,48.97040599],[4.01552211,48.97040641],[4.01589815,48.96964249],[4.015712,48.96958174],[4.01531609,48.97040599]]],[[[4.01570171,48.93509425],[4.01579136,48.93458116],[4.01545906,48.9340248],[4.01559261,48.93457571],[4.01570171,48.93509425]]],[[[4.01576871,48.91780118],[4.0144558,48.91715895],[4.01438467,48.91721428],[4.01552085,48.91789709],[4.01576871,48.91780118]]],[[[4.01500958,48.96570139],[4.0153882,48.96611814],[4.01574503,48.96606004],[4.01500958,48.96570139]]],[[[4.01419456,48.97868587],[4.01489698,48.97889311],[4.01568081,48.97886387],[4.01568068,48.97880179],[4.01419456,48.97868587]]],[[[4.01560234,48.98807007],[4.01557856,48.98761427],[4.0151014,48.98768014],[4.01509801,48.98807351],[4.01560234,48.98807007]]],[[[4.01426867,48.99868042],[4.0146928,48.99873394],[4.01555464,48.99648293],[4.01522777,48.99640956],[4.01426867,48.99868042]]],[[[4.01523345,48.96352323],[4.01495163,48.96352562],[4.01539818,48.96363129],[4.01523345,48.96352323]]],[[[4.01387608,48.9871197],[4.01536998,48.98697382],[4.01538193,48.98684524],[4.01386449,48.98689614],[4.01387608,48.9871197]]],[[[4.01474323,48.9407855],[4.01537614,48.94075664],[4.01507073,48.94053883],[4.01474323,48.9407855]]],[[[4.0153736,48.91862784],[4.01495074,48.91837381],[4.01452741,48.91849546],[4.01507727,48.91892309],[4.0153736,48.91862784]]],[[[4.01532643,48.92562708],[4.01412604,48.92605697],[4.01534115,48.9256785],[4.01532643,48.92562708]]],[[[4.01375987,49.00026518],[4.01407607,49.00031431],[4.0152384,48.99991174],[4.01393323,49.00010931],[4.01375987,49.00026518]]],[[[4.01510352,48.91766278],[4.01431573,48.9180902],[4.01522979,48.91775051],[4.01510352,48.91766278]]],[[[4.01382938,48.92551872],[4.01519308,48.92513854],[4.01514109,48.92502551],[4.01382938,48.92551872]]],[[[4.01515844,49.01045887],[4.01514544,49.00906672],[4.01493061,49.00906478],[4.01494599,49.01046117],[4.01515844,49.01045887]]],[[[4.0151085,48.97242924],[4.01496,48.97259493],[4.01487579,48.97290913],[4.01507858,48.9729333],[4.0151085,48.97242924]]],[[[4.01410519,48.94976773],[4.01495349,48.94991759],[4.01408889,48.94967269],[4.01410519,48.94976773]]],[[[4.01493891,49.00264466],[4.01450232,49.00263926],[4.01450077,49.00417016],[4.01479584,49.00419022],[4.01493891,49.00264466]]],[[[4.01458758,48.95422254],[4.01405625,48.95476717],[4.01467108,48.95498326],[4.01488576,48.95431996],[4.01458758,48.95422254]]],[[[4.01480536,48.95427333],[4.01485759,48.95417295],[4.01477984,48.95426164],[4.01480536,48.95427333]]],[[[4.0143459,48.95980952],[4.01484231,48.9592004],[4.01441962,48.95911177],[4.0140562,48.95972104],[4.0143459,48.95980952]]],[[[4.01456847,48.97730099],[4.01470953,48.97675015],[4.01446723,48.97729946],[4.01456847,48.97730099]]],[[[4.01469329,48.93057915],[4.01407901,48.93056175],[4.01403573,48.9306573],[4.01469329,48.93057915]]],[[[4.01317227,48.94663652],[4.01385057,48.94677831],[4.01454106,48.9468034],[4.01386053,48.94673302],[4.01317227,48.94663652]]],[[[4.01401521,48.91892884],[4.01449234,48.91856166],[4.01385596,48.91877118],[4.01401521,48.91892884]]],[[[4.01442333,48.94553704],[4.01375782,48.94517058],[4.01360918,48.94528218],[4.01442333,48.94553704]]],[[[4.01398323,48.94788552],[4.01425871,48.94774757],[4.01325001,48.94775372],[4.01398323,48.94788552]]],[[[4.0139191,48.93092716],[4.0141118,48.93043774],[4.01311149,48.93044025],[4.01342946,48.93109787],[4.0139191,48.93092716]]],[[[4.01402452,48.94426238],[4.01323753,48.94428807],[4.01402726,48.94440275],[4.01402452,48.94426238]]],[[[4.01312565,48.94927725],[4.01347802,48.94937659],[4.01395089,48.94914764],[4.01371631,48.94897357],[4.01312565,48.94927725]]],[[[4.01390473,48.91306715],[4.01332091,48.91375965],[4.01393822,48.91312901],[4.01390473,48.91306715]]],[[[4.01356239,48.98684437],[4.01389221,48.98520352],[4.01347658,48.98642701],[4.01356239,48.98684437]]],[[[4.01382172,48.91292901],[4.01310722,48.91368107],[4.0138689,48.91302153],[4.01382172,48.91292901]]],[[[4.01325133,48.9449967],[4.01386071,48.94503199],[4.0131042,48.94495392],[4.01325133,48.9449967]]],[[[4.01383679,48.98690827],[4.01275936,48.98702882],[4.012753,48.98715851],[4.01383817,48.98713473],[4.01383679,48.98690827]]],[[[4.01302422,48.92189236],[4.01380924,48.92158046],[4.01296944,48.92183979],[4.01302422,48.92189236]]],[[[4.0137777,48.97527834],[4.01341725,48.97509758],[4.01370038,48.97548362],[4.0137777,48.97527834]]],[[[4.01171847,48.93283434],[4.01371713,48.93244625],[4.01166572,48.93272176],[4.01171847,48.93283434]]],[[[4.01348391,48.97538611],[4.01368699,48.97552034],[4.01355732,48.97537952],[4.01348391,48.97538611]]],[[[4.01327676,48.98640063],[4.01337219,48.98686871],[4.01345174,48.98640223],[4.01327676,48.98640063]]],[[[4.0134076,48.97014996],[4.01319314,48.96999473],[4.01313496,48.97006899],[4.0134076,48.97014996]]],[[[4.01239706,48.97633188],[4.01339971,48.97631152],[4.01225931,48.97621884],[4.01239706,48.97633188]]],[[[4.01332475,48.94275507],[4.01297038,48.94261611],[4.01331945,48.94284039],[4.01332475,48.94275507]]],[[[4.01257585,48.9639837],[4.01318993,48.96448227],[4.01332074,48.96434321],[4.01330918,48.96433753],[4.01257585,48.9639837]]],[[[4.01320189,48.94624141],[4.01330322,48.94606587],[4.01271582,48.94612625],[4.01320189,48.94624141]]],[[[4.01325636,48.98596657],[4.0129299,48.98600383],[4.01289467,48.98688568],[4.01314575,48.98687822],[4.01325636,48.98596657]]],[[[4.01309093,48.99132605],[4.01281544,48.99081241],[4.01272599,48.99086075],[4.01309093,48.99132605]]],[[[4.01281986,48.91050301],[4.01304991,48.91014283],[4.01285551,48.9101069],[4.01281986,48.91050301]]],[[[4.0128265,48.9472462],[4.01273704,48.94766099],[4.01301141,48.94728033],[4.0128265,48.9472462]]],[[[4.01264939,48.97638891],[4.0125653,48.97680363],[4.01273446,48.97639533],[4.01264939,48.97638891]]],[[[4.01111854,48.91051981],[4.01264432,48.91099302],[4.01269272,48.91093387],[4.01111854,48.91051981]]],[[[4.0121611,48.93542888],[4.01264057,48.93565486],[4.01250506,48.93537285],[4.0121611,48.93542888]]],[[[4.01237966,49.01007122],[4.01139335,49.01008191],[4.01147853,49.01101983],[4.01246703,49.01107455],[4.01237966,49.01007122]]],[[[4.01236748,48.91632206],[4.01136961,48.91699318],[4.0124626,48.91638639],[4.01236748,48.91632206]]],[[[4.01243227,48.97544883],[4.01200027,48.97572373],[4.01233887,48.97584936],[4.01243227,48.97544883]]],[[[4.01210873,48.96189155],[4.01238254,48.96157145],[4.01178389,48.96135417],[4.01152907,48.96172508],[4.01210873,48.96189155]]],[[[4.01217821,48.91619694],[4.01117503,48.91687347],[4.01227609,48.91626393],[4.01217821,48.91619694]]],[[[4.01100344,48.91675734],[4.01118245,48.91686528],[4.01217678,48.91619776],[4.01197209,48.91606861],[4.01100344,48.91675734]]],[[[4.01205479,48.96442913],[4.01169659,48.96421789],[4.01165242,48.96427741],[4.01205479,48.96442913]]],[[[4.01204374,49.01752632],[4.01170303,49.01749594],[4.01155853,49.01860826],[4.01203133,49.01911332],[4.01204374,49.01752632]]],[[[4.01054001,49.00426093],[4.01203772,49.0041924],[4.01053954,49.00423714],[4.01054001,49.00426093]]],[[[4.011986,48.94514892],[4.01159365,48.94505425],[4.01182406,48.94516472],[4.011986,48.94514892]]],[[[4.01140775,48.94655386],[4.01124957,48.94677887],[4.01192745,48.94708486],[4.01191777,48.94677323],[4.01140775,48.94655386]]],[[[4.01190648,48.91416426],[4.01163538,48.91442591],[4.01173551,48.91446909],[4.01190648,48.91416426]]],[[[4.0111195,48.95377974],[4.01189314,48.95296777],[4.01099353,48.95371179],[4.0111195,48.95377974]]],[[[4.011219,49.01835047],[4.01059749,49.01913722],[4.01140034,49.01959047],[4.01181152,49.01896877],[4.011219,49.01835047]]],[[[4.01091099,48.93296036],[4.01171407,48.9328365],[4.01083313,48.93285632],[4.01091099,48.93296036]]],[[[4.01171229,48.97652044],[4.01166038,48.97608188],[4.01154484,48.97655278],[4.01171229,48.97652044]]],[[[4.01127332,48.98315243],[4.01131473,48.98379452],[4.01155968,48.98374962],[4.01169241,48.98313938],[4.01127332,48.98315243]]],[[[4.01156017,48.92652995],[4.01158667,48.92640718],[4.01057397,48.92632531],[4.01156017,48.92652995]]],[[[4.01154301,48.95259632],[4.01105346,48.95257721],[4.01061219,48.95291027],[4.01096198,48.95306454],[4.01154301,48.95259632]]],[[[4.01099479,48.96546661],[4.01142022,48.96480335],[4.01094196,48.9654327],[4.01099479,48.96546661]]],[[[4.01128683,48.97518609],[4.01114059,48.97593683],[4.01141553,48.97520641],[4.01128683,48.97518609]]],[[[4.01098763,48.95370487],[4.01131641,48.95324096],[4.01087889,48.95364732],[4.01098763,48.95370487]]],[[[4.01117696,48.92416186],[4.01106897,48.92381349],[4.01021624,48.92426952],[4.01048308,48.92452046],[4.01117696,48.92416186]]],[[[4.01027833,48.94934903],[4.0111482,48.94958678],[4.01009616,48.94926967],[4.01027833,48.94934903]]],[[[4.00984581,48.91755403],[4.01002217,48.91766497],[4.01113178,48.91688941],[4.01094916,48.91678149],[4.00984581,48.91755403]]],[[[4.00942666,48.99389935],[4.00939308,48.9939857],[4.01109627,48.99403995],[4.00942666,48.99389935]]],[[[4.01027753,48.92079507],[4.01098962,48.92028943],[4.01010566,48.92055453],[4.01027753,48.92079507]]],[[[4.01098679,48.9762866],[4.01084779,48.97594209],[4.0108179,48.97628383],[4.01098679,48.9762866]]],[[[4.0096016,48.92364955],[4.01054669,48.92300005],[4.01096511,48.92285101],[4.01072915,48.92264137],[4.0094395,48.9235034],[4.0096016,48.92364955]]],[[[4.01057417,48.96597894],[4.01093091,48.96547054],[4.01044669,48.96591354],[4.01057417,48.96597894]]],[[[4.0108759,48.96804392],[4.01060623,48.96788319],[4.01003834,48.96850867],[4.01036594,48.96862815],[4.0108759,48.96804392]]],[[[4.01045945,48.91111992],[4.01071512,48.91126529],[4.01081317,48.91117196],[4.01045945,48.91111992]]],[[[4.01031165,48.92232824],[4.00908188,48.92319097],[4.00924382,48.92334904],[4.01047265,48.9224773],[4.01031165,48.92232824]]],[[[4.01030919,48.91653324],[4.00934816,48.9171969],[4.00940409,48.91724224],[4.01030919,48.91653324]]],[[[4.00953454,48.97565069],[4.00949749,48.97575934],[4.01027258,48.9757518],[4.00953454,48.97565069]]],[[[4.00958225,48.92805704],[4.01022143,48.92810852],[4.00959167,48.92794844],[4.00958225,48.92805704]]],[[[4.00944517,48.92089539],[4.01001654,48.92092281],[4.01020342,48.92080214],[4.00944517,48.92089539]]],[[[4.00941979,48.96559024],[4.00930562,48.96569816],[4.01007272,48.96568392],[4.00941979,48.96559024]]],[[[4.00923682,48.91819655],[4.009957,48.91770126],[4.00976958,48.91759687],[4.00923682,48.91819655]]],[[[4.00860587,48.92427846],[4.00934923,48.9242775],[4.00986582,48.92401021],[4.00958294,48.92373846],[4.00860587,48.92427846]]],[[[4.00878542,48.91661486],[4.00959249,48.91597095],[4.00873496,48.91657305],[4.00878542,48.91661486]]],[[[4.00942986,48.97914226],[4.00950478,48.97909167],[4.00888382,48.9790386],[4.00942986,48.97914226]]],[[[4.00889842,48.94818445],[4.0093303,48.94847289],[4.0094112,48.94840618],[4.00889842,48.94818445]]],[[[4.00883284,48.92309705],[4.00792875,48.92375724],[4.00843549,48.92414399],[4.00939764,48.9235767],[4.00883284,48.92309705]]],[[[4.00938857,48.96303604],[4.00872704,48.96265138],[4.00861808,48.96280934],[4.00938857,48.96303604]]],[[[4.00812829,48.92142848],[4.00936859,48.92096355],[4.00919413,48.9207983],[4.00812829,48.92142848]]],[[[4.00878307,48.94825371],[4.00864881,48.9484095],[4.00935491,48.94849398],[4.00878307,48.94825371]]],[[[4.00886044,48.94876213],[4.00934073,48.94881312],[4.00851438,48.94861514],[4.00886044,48.94876213]]],[[[4.00886524,49.00117625],[4.00924929,49.00175154],[4.00933022,49.00172944],[4.00886524,49.00117625]]],[[[4.00919076,48.97725385],[4.0092945,48.9780358],[4.00925401,48.97725332],[4.00919076,48.97725385]]],[[[4.00913771,48.94891408],[4.00882848,48.94879096],[4.00853835,48.94910629],[4.00878828,48.94923268],[4.00913771,48.94891408]]],[[[4.00804449,49.01718115],[4.00876277,49.01724162],[4.00913754,49.01670869],[4.0086191,49.01632855],[4.00804449,49.01718115]]],[[[4.00870727,48.91072084],[4.00862575,48.91075246],[4.00889657,48.91094173],[4.00870727,48.91072084]]],[[[4.00880398,48.97472467],[4.00820345,48.97452478],[4.00729103,48.97583918],[4.0079955,48.97588838],[4.00880398,48.97472467]]],[[[4.00795352,48.91853021],[4.00816544,48.91859671],[4.00876603,48.91800554],[4.00857662,48.91790011],[4.00795352,48.91853021]]],[[[4.00874229,49.00127659],[4.00857097,49.00111386],[4.00769692,49.00135676],[4.00783053,49.0015329],[4.00874229,49.00127659]]],[[[4.00732441,48.9115261],[4.00734156,48.91175915],[4.00863391,48.9118494],[4.00870323,48.9116247],[4.00732441,48.9115261]]],[[[4.00821175,48.92476581],[4.0086718,48.92438499],[4.00834342,48.92412987],[4.00788089,48.9245451],[4.00821175,48.92476581]]],[[[4.00854603,48.91188743],[4.00845188,48.91224515],[4.00862918,48.91189387],[4.00854603,48.91188743]]],[[[4.00628817,49.00289502],[4.00737322,49.00271461],[4.00862543,49.00239002],[4.00857704,49.00231904],[4.00628817,49.00289502]]],[[[4.00812726,49.00869815],[4.00857783,49.00861941],[4.00805944,49.00865113],[4.00812726,49.00869815]]],[[[4.0085271,49.01020579],[4.00690052,49.01016591],[4.00856581,49.01024353],[4.0085271,49.01020579]]],[[[4.00823173,49.01371028],[4.00812735,49.01504119],[4.00822877,49.01504867],[4.00823173,49.01371028]]],[[[4.00822831,48.91887717],[4.00798562,48.91913768],[4.00776848,48.92008862],[4.00822831,48.91887717]]],[[[4.00817311,48.97799259],[4.00787903,48.97792606],[4.00719935,48.97791987],[4.00817311,48.97799259]]],[[[4.00815736,48.92097651],[4.00727852,48.92158172],[4.00744295,48.92174932],[4.00815736,48.92097651]]],[[[4.00677436,49.00878088],[4.00799258,49.00865407],[4.00671002,49.0087267],[4.00677436,49.00878088]]],[[[4.00781362,48.91873477],[4.00763521,48.91941748],[4.00788322,48.91875533],[4.00781362,48.91873477]]],[[[4.00764781,49.00136794],[4.00585398,49.00187441],[4.00778244,49.001547],[4.00764781,49.00136794]]],[[[4.00732708,48.9776661],[4.00766559,48.97774564],[4.00761763,48.97725807],[4.00732021,48.97731127],[4.00732708,48.9776661]]],[[[4.00754001,48.95239671],[4.00627824,48.95160382],[4.00615731,48.95168804],[4.00754001,48.95239671]]],[[[4.0073086,48.92260528],[4.00701789,48.92311634],[4.00740505,48.92264492],[4.0073086,48.92260528]]],[[[4.00725109,48.91167108],[4.00723572,48.91139591],[4.00617933,48.91141966],[4.00650041,48.91168215],[4.00725109,48.91167108]]],[[[4.00675321,48.9120494],[4.00723972,48.91191126],[4.00664002,48.91190811],[4.00675321,48.9120494]]],[[[4.0072373,48.91139177],[4.00614888,48.91130798],[4.00613469,48.91141458],[4.0072373,48.91139177]]],[[[4.00711583,49.00444568],[4.00609659,49.00438434],[4.0060572,49.00463777],[4.00711583,49.00444568]]],[[[4.00708939,48.94844277],[4.00575123,48.94789874],[4.0056892,48.94801098],[4.00708939,48.94844277]]],[[[4.00703184,48.97589792],[4.00684789,48.97656269],[4.00699457,48.97655706],[4.00703184,48.97589792]]],[[[4.00550207,49.00757403],[4.00684503,49.00756131],[4.00663585,49.00735237],[4.00550207,49.00757403]]],[[[4.00645046,48.97589762],[4.00677879,48.97654908],[4.00680031,48.97588721],[4.00645046,48.97589762]]],[[[4.00662088,48.98231717],[4.00615966,48.98320011],[4.00678788,48.98237967],[4.00662088,48.98231717]]],[[[4.00629504,48.91157133],[4.00603005,48.91205637],[4.00664217,48.91206693],[4.00665592,48.9120212],[4.00629504,48.91157133]]],[[[4.00583734,48.96665096],[4.00654935,48.96703159],[4.0066559,48.96693554],[4.00583734,48.96665096]]],[[[4.00664287,48.97736902],[4.00662141,48.97663397],[4.00648701,48.97734664],[4.00664287,48.97736902]]],[[[4.00588559,48.91620557],[4.00651139,48.91638098],[4.00655526,48.9162899],[4.00588559,48.91620557]]],[[[4.00565751,48.91757635],[4.0065301,48.91762227],[4.0065447,48.91756337],[4.00565751,48.91757635]]],[[[4.00650657,48.91435866],[4.00654065,48.91430067],[4.00558831,48.9141534],[4.00650657,48.91435866]]],[[[4.0065027,49.00949702],[4.00653578,49.00909706],[4.00599628,49.00891696],[4.00594029,49.00946252],[4.0065027,49.00949702]]],[[[4.00650453,48.95241417],[4.00606405,48.95205619],[4.00600356,48.95210428],[4.00650453,48.95241417]]],[[[4.00639421,48.98296958],[4.00639419,48.98296961],[4.00648213,48.98284604],[4.00639421,48.98296958]]],[[[4.00625085,48.92182328],[4.00643986,48.92109415],[4.00616213,48.92180974],[4.00625085,48.92182328]]],[[[4.00616726,48.97417397],[4.00566344,48.9747546],[4.00634491,48.97420222],[4.00616726,48.97417397]]],[[[4.0059461,48.91032289],[4.00578861,48.91125843],[4.00611081,48.91141999],[4.00618171,48.91087805],[4.0059461,48.91032289]]],[[[4.00431386,49.0045307],[4.00604391,49.00412225],[4.00603557,49.00401738],[4.00431386,49.0045307]]],[[[4.00601461,48.9517212],[4.00561524,48.95140822],[4.00556937,48.95145073],[4.00601461,48.9517212]]],[[[4.00580634,48.97664858],[4.00588919,48.97722077],[4.00600934,48.976679],[4.00580634,48.97664858]]],[[[4.00591014,49.00850196],[4.00448287,49.00649872],[4.00408935,49.00656475],[4.00591014,49.00850196]]],[[[4.00541402,48.96400681],[4.00590031,48.96337214],[4.00515795,48.96384596],[4.00541402,48.96400681]]],[[[4.00586789,48.91567067],[4.00493839,48.91586646],[4.00588581,48.91575738],[4.00586789,48.91567067]]],[[[4.00554797,48.90873248],[4.00588177,48.90956727],[4.00586809,48.90867268],[4.00554797,48.90873248]]],[[[4.00575856,49.01086269],[4.00522778,49.01090997],[4.00581204,49.01100976],[4.00575856,49.01086269]]],[[[4.00507323,48.95694413],[4.00564276,48.95706071],[4.0057669,48.95675391],[4.00529,48.95666273],[4.00507323,48.95694413]]],[[[4.00573042,48.95346644],[4.00500083,48.9534785],[4.00498643,48.95357499],[4.00557944,48.95359976],[4.00573042,48.95346644]]],[[[4.00520395,48.90951684],[4.00507689,48.91090237],[4.0055839,48.90956362],[4.00520395,48.90951684]]],[[[4.00548065,49.01318251],[4.00519735,49.01210296],[4.00492259,49.01214312],[4.00524933,49.01314336],[4.00548065,49.01318251]]],[[[4.0045746,48.91422194],[4.00497443,48.91426856],[4.00545407,48.91423524],[4.00460789,48.91388304],[4.0045746,48.91422194]]],[[[4.00498265,48.91915231],[4.00530472,48.91919006],[4.00543888,48.9186583],[4.00514578,48.91862507],[4.00498265,48.91915231]]],[[[4.00540104,48.96696823],[4.00504933,48.96667264],[4.00494044,48.96677974],[4.00540104,48.96696823]]],[[[4.00528142,49.00834761],[4.00397874,49.00868924],[4.00529842,49.00838553],[4.00528142,49.00834761]]],[[[4.00484004,48.91799019],[4.0046606,48.91859893],[4.0051019,48.9186152],[4.00526411,48.91799907],[4.00484004,48.91799019]]],[[[4.00498164,48.91177667],[4.00523715,48.91107177],[4.0051452,48.91103288],[4.00498164,48.91177667]]],[[[4.00508863,48.974579],[4.00455552,48.97439312],[4.00436985,48.97479203],[4.00446003,48.97487574],[4.00508863,48.974579]]],[[[4.00497363,48.91718988],[4.00477045,48.91793281],[4.00492491,48.91793865],[4.00497363,48.91718988]]],[[[4.00446487,48.9816666],[4.00496805,48.9816888],[4.00414774,48.98164768],[4.00446487,48.9816666]]],[[[4.00441256,48.98603415],[4.00492133,48.98655159],[4.00495672,48.98653957],[4.00441256,48.98603415]]],[[[4.00489749,48.91013313],[4.00468015,48.91061304],[4.00479397,48.91068422],[4.00489749,48.91013313]]],[[[4.00474186,48.90959529],[4.00485431,48.90887572],[4.004721,48.90888874],[4.00474186,48.90959529]]],[[[4.00441721,48.91159125],[4.00480156,48.91074329],[4.00466603,48.91064211],[4.00441721,48.91159125]]],[[[4.00426868,48.97271688],[4.00410916,48.97298454],[4.00470026,48.97279843],[4.00426868,48.97271688]]],[[[4.00467277,48.98175006],[4.00412905,48.98167372],[4.00406063,48.98187416],[4.00451092,48.98197984],[4.00467277,48.98175006]]],[[[4.00450598,48.96381859],[4.00404822,48.96419704],[4.00460196,48.96386642],[4.00450598,48.96381859]]],[[[4.00339601,48.9575831],[4.00443786,48.95783373],[4.00456827,48.9576637],[4.00354041,48.95738916],[4.00339601,48.9575831]]],[[[4.00405903,48.91553962],[4.00412419,48.91601617],[4.00445248,48.91600271],[4.00442516,48.91561626],[4.00405903,48.91553962]]],[[[4.00425874,48.91721975],[4.00438952,48.91791644],[4.0044454,48.91716405],[4.00425874,48.91721975]]],[[[4.00414427,48.91248673],[4.00441015,48.91162609],[4.00426707,48.91160111],[4.00414427,48.91248673]]],[[[4.00438895,48.95794722],[4.00309416,48.95769632],[4.00298017,48.95796853],[4.00423542,48.95813648],[4.00438895,48.95794722]]],[[[4.00428621,48.98122893],[4.00333908,48.98095556],[4.00328828,48.98103926],[4.00428621,48.98122893]]],[[[4.00351284,49.00646611],[4.00426025,49.00621479],[4.0040119,49.0059028],[4.00327855,49.00613259],[4.00351284,49.00646611]]],[[[4.00293431,48.9618722],[4.00337893,48.96209544],[4.00412262,48.96168471],[4.00382899,48.96144923],[4.00293431,48.9618722]]],[[[4.00407867,48.97724133],[4.00346819,48.97713198],[4.00345889,48.97716478],[4.00407867,48.97724133]]],[[[4.00398649,48.91488316],[4.00397902,48.91567024],[4.00406904,48.91566796],[4.00398649,48.91488316]]],[[[4.0027642,48.98370912],[4.00404537,48.98411063],[4.00276418,48.98370793],[4.0027642,48.98370912]]],[[[4.00392587,48.97902296],[4.00396027,48.97893225],[4.0033378,48.97889463],[4.00392587,48.97902296]]],[[[4.00368968,48.91446955],[4.00394949,48.91483739],[4.00390263,48.91446657],[4.00368968,48.91446955]]],[[[4.00391382,48.96882689],[4.00282735,48.9684291],[4.00272998,48.96862741],[4.00374206,48.96900916],[4.00391382,48.96882689]]],[[[4.00372663,49.00589597],[4.00309312,49.00482371],[4.00298258,49.0048681],[4.00372663,49.00589597]]],[[[4.00099662,48.86042755],[4.00344645,48.86066641],[4.00353128,48.86038966],[4.0011435,48.86018836],[4.00099662,48.86042755]]],[[[4.00112558,48.98444775],[4.00347009,48.98516852],[4.00352647,48.98508577],[4.00112558,48.98444775]]],[[[4.00347005,48.98660618],[4.00254993,48.98632359],[4.00230702,48.98647552],[4.00289619,48.98684415],[4.00347005,48.98660618]]],[[[4.00342568,49.00766962],[4.00339674,49.00762765],[4.00223023,49.00797685],[4.00342568,49.00766962]]],[[[4.00283327,48.98165002],[4.0033081,48.98190302],[4.0034129,48.98171418],[4.00283327,48.98165002]]],[[[4.00206246,48.96897757],[4.00324708,48.96929781],[4.00234707,48.96880562],[4.00206246,48.96897757]]],[[[4.0031601,48.97895809],[4.00301877,48.97869254],[4.00294247,48.97891946],[4.0031601,48.97895809]]],[[[4.0031085,48.91231992],[4.00302396,48.91128909],[4.00289772,48.91230742],[4.0031085,48.91231992]]],[[[4.00283504,48.97106802],[4.00199297,48.97102332],[4.0018725,48.97110165],[4.0030704,48.97137181],[4.00283504,48.97106802]]],[[[4.00295709,48.98257425],[4.0026024,48.98302097],[4.00298615,48.98258115],[4.00295709,48.98257425]]],[[[4.00164496,48.95534171],[4.00160262,48.95539441],[4.00273622,48.95534686],[4.00164496,48.95534171]]],[[[4.00245833,48.91678293],[4.00269423,48.91647162],[4.00250656,48.91647557],[4.00245833,48.91678293]]],[[[4.0026914,48.9624467],[4.00238381,48.96258672],[4.00237858,48.96260147],[4.00244024,48.96264594],[4.0026914,48.9624467]]],[[[4.00120154,48.95826968],[4.0011592,48.95841637],[4.00269118,48.95841308],[4.00120154,48.95826968]]],[[[4.0025909,48.97879758],[4.00183112,48.978648],[4.00182024,48.9787397],[4.0025909,48.97879758]]],[[[4.00240968,48.86310405],[4.00248257,48.86295591],[4.0020686,48.86299745],[4.00240968,48.86310405]]],[[[4.00194831,49.00852418],[4.00243529,49.00839681],[4.00211159,49.00794955],[4.00161988,49.00809091],[4.00194831,49.00852418]]],[[[4.00236144,48.91868855],[4.00191851,48.91874936],[4.00236705,48.91879201],[4.00236144,48.91868855]]],[[[4.00201803,48.96088207],[4.0016424,48.96098515],[4.00232715,48.96107817],[4.00201803,48.96088207]]],[[[4.00138568,48.97000648],[4.00206891,48.97019042],[4.00227508,48.96999226],[4.00169373,48.96973367],[4.00138568,48.97000648]]],[[[4.00226534,48.95488823],[4.00185487,48.95451581],[4.00171747,48.95517164],[4.0019493,48.95515322],[4.00226534,48.95488823]]],[[[4.00043597,48.86233659],[4.00164287,48.86286679],[4.00225368,48.86143388],[4.00094543,48.86143615],[4.00043597,48.86233659]]],[[[4.00075553,48.85956675],[4.00223598,48.85967691],[4.00224952,48.85952852],[4.00075553,48.85956675]]],[[[4.00180367,48.97984921],[4.00221144,48.98000046],[4.00223587,48.97995505],[4.00180367,48.97984921]]],[[[4.00209202,49.00480651],[4.00196028,49.00463273],[4.0016099,49.00465469],[4.00177725,49.00489361],[4.00209202,49.00480651]]],[[[4.00207857,48.98640393],[4.00151476,48.98603745],[4.00145427,48.98608792],[4.00207857,48.98640393]]],[[[4.00201345,48.95785279],[4.00194399,48.95749169],[4.00190163,48.95784942],[4.00201345,48.95785279]]],[[[4.00170685,48.97857693],[4.00193797,48.97856549],[4.00189459,48.97818991],[4.00169952,48.97819629],[4.00170685,48.97857693]]],[[[4.00039,48.98487116],[4.00191326,48.98512494],[4.00051491,48.98478684],[4.00039,48.98487116]]],[[[4.0018908,48.91284043],[4.00137196,48.91279956],[4.00176066,48.91358156],[4.00183233,48.91355359],[4.0018908,48.91284043]]],[[[4.00146783,48.982459],[4.00186972,48.98164785],[4.00120025,48.9823613],[4.00146783,48.982459]]],[[[4.00185564,48.91501642],[4.00151652,48.9141658],[4.00168232,48.91503154],[4.00185564,48.91501642]]],[[[4.00177599,48.91006251],[4.00149671,48.91036943],[4.001708,48.9103748],[4.00177599,48.91006251]]],[[[3.99938561,48.97926408],[4.00156386,48.98012628],[4.00176011,48.97980581],[4.00097276,48.97984093],[3.99938561,48.97926408]]],[[[4.00070086,48.86394068],[4.00099178,48.86400059],[4.00166947,48.86291886],[4.00139366,48.86283074],[4.00070086,48.86394068]]],[[[4.00119114,49.00894292],[4.00143339,49.00963358],[4.00158931,49.00959617],[4.00119114,49.00894292]]],[[[4.00025172,48.86458063],[4.00075089,48.86474874],[4.00150725,48.86488043],[4.00025172,48.86458063]]],[[[4.00120536,48.88415124],[4.00055759,48.88451964],[4.00140644,48.88428757],[4.00120536,48.88415124]]],[[[4.00083369,48.97937466],[4.00132216,48.97958711],[4.00137637,48.97949267],[4.00083369,48.97937466]]],[[[4.00076215,48.98411385],[4.00067674,48.9842254],[4.00127085,48.9842958],[4.00076215,48.98411385]]],[[[4.0012386,48.91116753],[4.00122417,48.91069889],[4.0009819,48.91114707],[4.0012386,48.91116753]]],[[[4.0002931,48.95997618],[4.00120904,48.95987398],[4.00105668,48.95966048],[4.0002931,48.95997618]]],[[[3.99918918,48.88462844],[3.99928389,48.88505122],[4.00117564,48.88416686],[4.00073322,48.8838636],[3.99918918,48.88462844]]],[[[4.00112661,48.95845456],[4.00097774,48.9591762],[4.00101196,48.95917006],[4.00112661,48.95845456]]],[[[4.00112188,48.95828443],[4.00036625,48.95822469],[4.00111389,48.95834304],[4.00112188,48.95828443]]],[[[4.00060517,48.97512468],[4.00111051,48.97499593],[4.00064332,48.97495467],[4.00060517,48.97512468]]],[[[4.00104353,48.95867453],[4.00110336,48.95840679],[4.00030645,48.95826038],[4.00015474,48.95849441],[4.00104353,48.95867453]]],[[[4.00107444,48.9174855],[3.99973827,48.91751824],[3.99968873,48.91765517],[4.00106401,48.91773291],[4.00038163,48.91759198],[4.00107444,48.9174855]]],[[[4.00047637,48.86257206],[4.00012416,48.86301587],[4.00061465,48.86316102],[4.0009268,48.86270033],[4.00047637,48.86257206]]],[[[3.99979806,48.98058114],[4.00078436,48.98111541],[4.00091511,48.98098513],[3.99979806,48.98058114]]],[[[4.00086059,49.00621791],[4.00073045,49.00616563],[4.00026431,49.00629696],[4.00086059,49.00621791]]],[[[4.00049526,48.86150568],[4.0008551,48.86141634],[4.000507,48.8613415],[4.00049526,48.86150568]]],[[[4.00060833,48.88461415],[3.99931808,48.88525551],[4.0006999,48.88468477],[4.00060833,48.88461415]]],[[[4.0006946,48.89125021],[4.00051455,48.8908973],[3.99868083,48.89124526],[3.99898964,48.89156585],[4.0006946,48.89125021]]],[[[4.0006662,48.88386337],[3.99916138,48.8844161],[3.99919353,48.88458717],[4.0006662,48.88386337]]],[[[3.99817152,48.86421983],[4.00053767,48.86497583],[4.00061084,48.86484196],[3.99817152,48.86421983]]],[[[3.99998693,48.86301636],[4.00051422,48.8633375],[4.00059027,48.86320539],[3.99998693,48.86301636]]],[[[4.00041321,48.95811334],[4.00057595,48.95761598],[4.00007521,48.9578819],[4.00041321,48.95811334]]],[[[4.00034706,48.86535228],[3.9999145072803337,48.865027490577084],[4.00041288,48.86519636],[4.00052248,48.86498723],[3.9980584,48.86434355],[3.9990792340187675,48.86474446522659],[3.9980246,48.86438805],[3.99786365,48.86459494],[4.00034706,48.86535228]]],[[[3.99871533,48.90068481],[4.00048507,48.9005582],[3.99871003,48.90059681],[3.99871533,48.90068481]]],[[[3.99878055,48.86312986],[4.00034957,48.86359112],[4.00047795,48.86340744],[3.99893515,48.86295141],[3.99878055,48.86312986]]],[[[3.99934416,49.01101098],[4.00043582,49.01106823],[3.9993114,49.00968101],[3.99853413,49.00989111],[3.99934416,49.01101098]]],[[[4.00042492,48.91138506],[3.99984925,48.91122804],[3.9998178,48.91137583],[4.00042492,48.91138506]]],[[[4.00040079,48.88369241],[4.00032193,48.8836361],[3.99913791,48.88429776],[4.00040079,48.88369241]]],[[[4.00031414,48.98769401],[3.99998095,48.9878681],[4.00040008,48.98783847],[4.00031414,48.98769401]]],[[[4.00033506,48.95810089],[3.99994981,48.95864186],[4.00035525,48.95811738],[4.00033506,48.95810089]]],[[[3.99983186,48.90172473],[4.00035491,48.90170847],[4.00032738,48.90140293],[3.99974293,48.90141733],[3.99983186,48.90172473]]],[[[3.99975338,48.90959533],[3.99945459,48.90963826],[4.00010071,48.91057517],[4.00034337,48.91042799],[3.99975338,48.90959533]]],[[[4.00027811,48.99381728],[3.99929245,48.99318783],[3.99912492,48.99332496],[4.00007623,48.99394269],[4.00027811,48.99381728]]],[[[3.99864774,48.86329977],[3.99845138,48.86357768],[3.9992879,48.86392124],[4.00005091,48.86411832],[4.00027347,48.86376201],[3.99864774,48.86329977]]],[[[3.99919482,48.97602107],[4.00016341,48.97629733],[4.00021345,48.97617437],[3.99919482,48.97602107]]],[[[3.99997781,48.89790028],[3.99996296,48.89862915],[4.00011745,48.89861784],[4.00012748,48.89857056],[3.99997781,48.89790028]]],[[[3.99991883,49.00491444],[4.00005758,49.00479447],[3.99971867,49.00484156],[3.99991883,49.00491444]]],[[[3.99872649,48.91431418],[3.99987288,48.91441527],[3.99991178,48.91421724],[3.99872649,48.91431418]]],[[[3.9987078,48.91495334],[3.99990536,48.91489814],[3.99871752,48.91480156],[3.9987078,48.91495334]]],[[[3.9998932,48.95449713],[3.99930697,48.9550136],[3.99975246,48.95506937],[3.9998932,48.95449713]]],[[[3.99985536,48.91449791],[3.99873268,48.91431572],[3.99871799,48.91439675],[3.99985536,48.91449791]]],[[[3.99909547,48.91278991],[3.99900607,48.91292867],[3.99982031,48.91293615],[3.99909547,48.91278991]]],[[[3.99806929,49.00527479],[3.99980925,49.00494018],[3.99800698,49.00511659],[3.99806929,49.00527479]]],[[[3.99922338,48.8866898],[3.99956027,48.88756676],[3.99978745,48.88752866],[3.99943171,48.88664047],[3.99922338,48.8866898]]],[[[3.99845052,48.89911362],[3.99974834,48.89884818],[3.99823615,48.89903926],[3.99845052,48.89911362]]],[[[3.99868075,48.9156741],[3.99963473,48.91559491],[3.99867829,48.91559756],[3.99868075,48.9156741]]],[[[3.99910588,48.97753987],[3.99901553,48.9776346],[3.99960808,48.97762134],[3.99910588,48.97753987]]],[[[3.9995697,48.88613412],[3.99750215,48.88684085],[3.99960186,48.88625878],[3.9995697,48.88613412]]],[[[3.99957261,48.97561238],[3.99913013,48.97558097],[3.99913694,48.97579447],[3.99941334,48.97583559],[3.99957261,48.97561238]]],[[[3.99889178,48.91310357],[3.99950189,48.91329123],[3.99953355,48.91324813],[3.99889178,48.91310357]]],[[[3.99950594,48.88764763],[3.99906242,48.88670169],[3.99871721,48.88679244],[3.99916165,48.88771457],[3.99950594,48.88764763]]],[[[3.99796567,48.92035992],[3.99920973,48.9202752],[3.99932062,48.91998605],[3.99796497,48.92015856],[3.99796567,48.92035992]]],[[[3.99869459,48.98311772],[3.99916613,48.98345599],[3.99924378,48.98334195],[3.99869459,48.98311772]]],[[[3.99781636,48.91001991],[3.99882099,48.91150021],[3.99922584,48.91125132],[3.99834253,48.90988098],[3.99781636,48.91001991]]],[[[3.99914303,48.92043421],[3.99802816,48.92049656],[3.99804862,48.92077887],[3.99880659,48.92076702],[3.99885526,48.92057895],[3.99914303,48.92043421]]],[[[3.99912549,48.97629101],[3.99792275,48.97614993],[3.99906625,48.97640571],[3.99912549,48.97629101]]],[[[3.9956492,48.88580236],[3.99907651,48.88464469],[3.99559984,48.88567427],[3.9956492,48.88580236]]],[[[3.99829948,48.86358915],[3.99765736,48.86339462],[3.997244,48.86384544],[3.99903727,48.86425881],[3.99809971,48.86389303],[3.99829948,48.86358915]]],[[[3.99846127,48.92172855],[3.99898793,48.92097388],[3.99897985,48.92061732],[3.99846127,48.92172855]]],[[[3.99890606,48.98186648],[3.99833248,48.98164641],[3.9983083,48.9817049],[3.99890606,48.98186648]]],[[[3.99845798,48.97767881],[3.99884735,48.97781476],[3.99887884,48.97776096],[3.99845798,48.97767881]]],[[[3.99850379,48.99248179],[3.99886925,48.99217652],[3.99828917,48.99248344],[3.99850379,48.99248179]]],[[[3.99840309,48.90350242],[3.99864884,48.90365921],[3.99886888,48.90346404],[3.99840309,48.90350242]]],[[[3.99517844,48.88463799],[3.99521602,48.88471621],[3.99882842,48.88324171],[3.99517844,48.88463799]]],[[[3.99788515,48.89562852],[3.99874233,48.89544291],[3.99784226,48.8955563],[3.99788515,48.89562852]]],[[[3.9986017,48.91604394],[3.99793362,48.91603058],[3.99785351,48.91634719],[3.9984838,48.91633035],[3.9986017,48.91604394]]],[[[3.99853637,48.91948748],[3.99812111,48.91976816],[3.99809497,48.92009913],[3.99834605,48.92001256],[3.99853637,48.91948748]]],[[[3.99756073,48.8999894],[3.99847437,48.90020308],[3.99850818,48.89989631],[3.99756073,48.8999894]]],[[[3.99850756,48.89982516],[3.9984949,48.89960442],[3.99779998,48.89972699],[3.99850756,48.89982516]]],[[[3.99843184,48.98147017],[3.99761254,48.98116053],[3.99757704,48.98119413],[3.99843184,48.98147017]]],[[[3.99842502,48.90510795],[3.99738599,48.90494766],[3.99729982,48.90516016],[3.99840057,48.90533897],[3.99842502,48.90510795]]],[[[3.99826986,49.01398897],[3.99841178,49.01393902],[3.99772675,49.01339628],[3.99826986,49.01398897]]],[[[3.99761966,48.91452379],[3.99799982,48.91448612],[3.99837921,48.91412603],[3.99760985,48.91410626],[3.99761966,48.91452379]]],[[[3.99831897,48.97796026],[3.99800149,48.97777293],[3.99810291,48.97746918],[3.99739454,48.97728591],[3.99713998,48.97756348],[3.99831897,48.97796026]]],[[[3.99770705,48.88269995],[3.99823432,48.88232077],[3.99760327,48.88255954],[3.99770705,48.88269995]]],[[[3.99820997,48.98557934],[3.99761733,48.9861577],[3.99774902,48.9862375],[3.99820997,48.98557934]]],[[[3.99708357,48.86466271],[3.9977097,48.86471867],[3.99816994,48.8641376],[3.99762488,48.86396598],[3.99708357,48.86466271]]],[[[3.99780441,48.99353811],[3.99797595,48.99383757],[3.99812336,48.99374731],[3.99780441,48.99353811]]],[[[3.99752552,48.88246173],[3.9981132,48.88225099],[3.99746575,48.88240128],[3.99752552,48.88246173]]],[[[3.99758794,49.00710257],[3.99793163,49.00804906],[3.99808287,49.00801449],[3.99780476,49.00728159],[3.99758794,49.00710257]]],[[[3.99801521,48.88810559],[3.99646413,48.88858016],[3.99807729,48.88824018],[3.99801521,48.88810559]]],[[[3.9977085,48.97890981],[3.99798798,48.97953326],[3.99803112,48.97952101],[3.9977085,48.97890981]]],[[[3.99766808,48.89178529],[3.99802364,48.89169666],[3.9978519,48.89139708],[3.99753722,48.89145324],[3.99766808,48.89178529]]],[[[3.99781263,48.91571871],[3.99687956,48.91594053],[3.99784138,48.91592949],[3.99781263,48.91571871]]],[[[3.99715748,48.89762043],[3.99746298,48.8979308],[3.99781814,48.89786597],[3.99762804,48.89755108],[3.99715748,48.89762043]]],[[[3.99736486,48.85732527],[3.99777333,48.85765425],[3.99709787,48.85683665],[3.99736486,48.85732527]]],[[[3.99626829,48.88791212],[3.9977674,48.88757244],[3.99620566,48.88770323],[3.99626829,48.88791212]]],[[[3.99640373,48.99251968],[3.99758041,48.99297864],[3.99769386,48.99286111],[3.99640373,48.99251968]]],[[[3.99767149,48.91539472],[3.99659692,48.91550995],[3.99660044,48.91555235],[3.99767149,48.91539472]]],[[[3.99753392,48.86938131],[3.99703791,48.86864925],[3.99759195,48.86949178],[3.99753392,48.86938131]]],[[[3.99757371,48.90355283],[3.99704898,48.90359645],[3.99691185,48.90386873],[3.99753661,48.90390233],[3.99757371,48.90355283]]],[[[3.9963011,48.91851397],[3.99755608,48.91845105],[3.99629936,48.91846008],[3.9963011,48.91851397]]],[[[3.99739543,48.91921456],[3.997552,48.91852078],[3.99577099,48.91857743],[3.99646659,48.91945563],[3.99739543,48.91921456]]],[[[3.99682921,48.88113558],[3.997537,48.88081158],[3.9967425,48.88106993],[3.99682921,48.88113558]]],[[[3.99745357,48.88693424],[3.99617041,48.88740878],[3.99752305,48.88707597],[3.99745357,48.88693424]]],[[[3.99735305,48.88669821],[3.9960813,48.88717995],[3.99742483,48.88686656],[3.99735305,48.88669821]]],[[[3.99736447,48.90578652],[3.99729749,48.90521122],[3.99712435,48.90578257],[3.99736447,48.90578652]]],[[[3.99608575,48.88187692],[3.99735671,48.88178801],[3.99736297,48.88177185],[3.99608575,48.88187692]]],[[[3.9953711,48.88505026],[3.99736191,48.88431872],[3.99732077,48.88424527],[3.9953711,48.88505026]]],[[[3.99728894,48.98308449],[3.99715118,48.98304768],[3.99691117,48.98334947],[3.99728894,48.98308449]]],[[[3.99725816,48.88229356],[3.99701317,48.88188052],[3.99695282,48.88189276],[3.99725816,48.88229356]]],[[[3.99658809,48.88195082],[3.99701434,48.88294653],[3.99718407,48.88287499],[3.99658809,48.88195082]]],[[[3.99600957,48.91448397],[3.99717352,48.91421988],[3.99592586,48.91439207],[3.99600957,48.91448397]]],[[[3.99703011,48.90600865],[3.99545557,48.90595858],[3.99545935,48.90620335],[3.99703011,48.90600865]]],[[[3.99691,48.97921987],[3.99702393,48.97919107],[3.99670318,48.9790758],[3.99691,48.97921987]]],[[[3.99695496,48.99301718],[3.99639579,48.99257057],[3.99625005,48.99270367],[3.99695496,48.99301718]]],[[[3.99570864,49.00495749],[3.99603024,49.00491907],[3.99693809,49.00473546],[3.99679676,49.00454747],[3.99570864,49.00495749]]],[[[3.99650113,48.97964974],[3.99682029,48.97989335],[3.99692463,48.9798675],[3.99650113,48.97964974]]],[[[3.99679606,49.01128102],[3.99519733,49.00933282],[3.99513482,49.00935915],[3.99679606,49.01128102]]],[[[3.99663704,48.88307961],[3.99677682,48.88303085],[3.99611724,48.88231295],[3.99663704,48.88307961]]],[[[3.99627556,48.86887426],[3.99662788,48.86977654],[3.99674847,48.86973391],[3.99627556,48.86887426]]],[[[3.99673183,48.88331535],[3.9948507,48.88368985],[3.99487295,48.88393939],[3.99673183,48.88331535]]],[[[3.99672335,48.91967122],[3.99629588,48.91959744],[3.99628704,48.91960703],[3.99595637,48.91968593],[3.99672335,48.91967122]]],[[[3.99540202,49.0106225],[3.99505713,49.01074433],[3.99568614,49.01148146],[3.99647788,49.01202688],[3.99662877,49.01197329],[3.99540202,49.0106225]]],[[[3.99546159,48.8815189],[3.99657424,48.88131247],[3.99659403,48.88130603],[3.99546159,48.8815189]]],[[[3.99649507,48.85778004],[3.99597066,48.85662431],[3.99572818,48.85656217],[3.99649507,48.85778004]]],[[[3.99570358,48.91369159],[3.99643397,48.91356178],[3.99634678,48.91334478],[3.99570358,48.91369159]]],[[[3.99569793,48.87953608],[3.99620731,48.88013745],[3.9964267,48.88000712],[3.99569793,48.87953608]]],[[[3.99569017,48.89823618],[3.99581853,48.89849721],[3.99639874,48.8983921],[3.99627476,48.89813733],[3.99569017,48.89823618]]],[[[3.99633488,48.90205431],[3.99566911,48.90215741],[3.99633864,48.9021566],[3.99633488,48.90205431]]],[[[3.99490959,48.99214355],[3.99633803,48.99253381],[3.99492323,48.99210061],[3.99490959,48.99214355]]],[[[3.99509295,49.00333211],[3.99550097,49.00386213],[3.99631802,49.00366313],[3.99571747,49.00272417],[3.99509684,49.00273582],[3.99509295,49.00333211]]],[[[3.99560531,48.91976571],[3.99631284,48.91956852],[3.9959433,48.91910593],[3.99525533,48.91929506],[3.99560531,48.91976571]]],[[[3.99626016,48.98085519],[3.99569267,48.98076354],[3.99605688,48.98099965],[3.99626016,48.98085519]]],[[[3.99538816,48.90451857],[3.99514674,48.90548098],[3.99618888,48.90545868],[3.99564595,48.90452066],[3.99538816,48.90451857]]],[[[3.99613005,48.88324213],[3.99581944,48.88256534],[3.99572114,48.88258951],[3.99613005,48.88324213]]],[[[3.99602729,48.8872624],[3.99394779,48.88758427],[3.99482348,48.88761978],[3.99602729,48.8872624]]],[[[3.99480179,48.85829749],[3.99567581,48.85936426],[3.99601789,48.85946886],[3.99511776,48.85822466],[3.99480179,48.85829749]]],[[[3.99567581,48.85936426],[3.99492317,48.85847941],[3.99395604,48.85882535],[3.9945535,48.85965903],[3.99510952,48.85986595],[3.99481171,48.85924563],[3.99525336,48.85952846],[3.99567581,48.85936426]]],[[[3.99600871,48.88183953],[3.99550463,48.8817997],[3.99514611,48.88187169],[3.99600871,48.88183953]]],[[[3.99554104,48.88178938],[3.99590275,48.88165669],[3.99552909,48.88174545],[3.99554104,48.88178938]]],[[[3.99590141,48.9005745],[3.99513402,48.90060369],[3.99511456,48.90062015],[3.99590141,48.9005745]]],[[[3.99556182,48.88955715],[3.99543588,48.88957565],[3.99586258,48.89018841],[3.99556182,48.88955715]]],[[[3.99577164,48.88630596],[3.99461647,48.88672478],[3.99583842,48.88650537],[3.99577164,48.88630596]]],[[[3.9953862,48.88069348],[3.99566754,48.8812551],[3.99583412,48.88119304],[3.9953862,48.88069348]]],[[[3.99549778,48.89817226],[3.99582412,48.89815765],[3.99546034,48.89744145],[3.995136,48.89751375],[3.99549778,48.89817226]]],[[[3.99550961,48.98208258],[3.99576742,48.98187388],[3.9950443,48.98175808],[3.99550961,48.98208258]]],[[[3.99458155,48.88652959],[3.99569836,48.88622388],[3.99455036,48.8864609],[3.99458155,48.88652959]]],[[[3.99539503,48.88120775],[3.99566019,48.88125313],[3.99510136,48.88084968],[3.99539503,48.88120775]]],[[[3.99556387,48.90232855],[3.99560233,48.90207481],[3.9950803,48.90214459],[3.99508741,48.90232775],[3.99556387,48.90232855]]],[[[3.99508386,48.88085091],[3.9953411,48.88136383],[3.99546814,48.88132255],[3.99508386,48.88085091]]],[[[3.99543555,48.90595803],[3.99542435,48.90574991],[3.99426965,48.90595939],[3.99543555,48.90595803]]],[[[3.99404859,48.88063369],[3.99429376,48.88068568],[3.99416261,48.88091365],[3.9953444,48.88051539],[3.99506705,48.88030993],[3.99404859,48.88063369]]],[[[3.99453179,48.88523649],[3.99530798,48.88509085],[3.99520253,48.88482366],[3.99446379,48.88494138],[3.99453179,48.88523649]]],[[[3.99468155,48.88540436],[3.99529998,48.88509874],[3.99452171,48.88524928],[3.99373579,48.8853618],[3.99468155,48.88540436]]],[[[3.99513634,48.89748399],[3.99526926,48.89745196],[3.99497155,48.89698209],[3.99513634,48.89748399]]],[[[3.99525707,48.98155766],[3.99478689,48.98120641],[3.99470849,48.98122672],[3.99525707,48.98155766]]],[[[3.9943718,48.85772877],[3.99478133,48.85824897],[3.99523729,48.8581047],[3.99482706,48.85758459],[3.9943718,48.85772877]]],[[[3.99476303,48.9844003],[3.99523019,48.98368859],[3.99459713,48.98432673],[3.99476303,48.9844003]]],[[[3.99515309,48.98239515],[3.99490859,48.98267418],[3.99522577,48.98243599],[3.99515309,48.98239515]]],[[[3.99323103,48.90700652],[3.995211,48.9069133],[3.99323141,48.90693212],[3.99323103,48.90700652]]],[[[3.99505798,48.8895859],[3.99431592,48.88965393],[3.99431958,48.89003464],[3.99518898,48.88992628],[3.99505798,48.8895859]]],[[[3.99507967,48.9122133],[3.99512573,48.91188455],[3.99494957,48.91220606],[3.99507967,48.9122133]]],[[[3.99507665,48.99311759],[3.99455216,48.99281865],[3.99452596,48.99286645],[3.99507665,48.99311759]]],[[[3.99505571,48.91797536],[3.99497877,48.91735018],[3.99410547,48.91756207],[3.99447728,48.91812531],[3.99505571,48.91797536]]],[[[3.99425919,48.8565992],[3.99483774,48.85736701],[3.99505297,48.85729174],[3.99450434,48.85655664],[3.99425919,48.8565992]]],[[[3.99493822,48.98970085],[3.99500904,48.98963705],[3.994357,48.98944492],[3.99493822,48.98970085]]],[[[3.99500573,48.88239786],[3.99474163,48.88217161],[3.99482239,48.8824327],[3.99500573,48.88239786]]],[[[3.99443184,48.88106789],[3.99488082,48.88152937],[3.99459673,48.88101179],[3.99443184,48.88106789]]],[[[3.99465416,48.98352917],[3.99452842,48.98390996],[3.99477046,48.98356152],[3.99465416,48.98352917]]],[[[3.99461414,48.99158807],[3.99476277,48.99151176],[3.9942434,48.99103803],[3.99461414,48.99158807]]],[[[3.99431741,48.88298743],[3.99462237,48.88355838],[3.99446584,48.88296657],[3.99431741,48.88298743]]],[[[3.99458801,48.89076807],[3.99342867,48.89107157],[3.99461199,48.89086633],[3.99458801,48.89076807]]],[[[3.99394516,48.85796093],[3.99456126,48.85856021],[3.99302655,48.85691409],[3.9944647,48.85859025],[3.99394516,48.85796093]]],[[[3.99373052,48.88535832],[3.99449231,48.88521223],[3.99366331,48.88518111],[3.99373052,48.88535832]]],[[[3.99219246,48.90102217],[3.99440108,48.9004399],[3.99212114,48.90097279],[3.99219246,48.90102217]]],[[[3.9935998,48.88186027],[3.99435191,48.88169346],[3.99355685,48.88178446],[3.9935998,48.88186027]]],[[[3.99427892,48.98223308],[3.99371877,48.98236521],[3.9943045,48.9825545],[3.99427892,48.98223308]]],[[[3.99427526,48.98345126],[3.99407107,48.98354932],[3.99419829,48.98358515],[3.99427526,48.98345126]]],[[[3.99367479,48.99500034],[3.99359966,48.99504781],[3.99423812,48.99533949],[3.99367479,48.99500034]]],[[[3.99400777,48.98132789],[3.99421979,48.98124929],[3.99368534,48.98108955],[3.99400777,48.98132789]]],[[[3.99398155,48.91088557],[3.99328352,48.91157428],[3.99417987,48.91096776],[3.99398155,48.91088557]]],[[[3.99417146,48.8862247],[3.99372965,48.8862127],[3.99371509,48.88621549],[3.99417146,48.8862247]]],[[[3.99286629,48.89325902],[3.99353683,48.89317493],[3.99411987,48.89304517],[3.99382967,48.89277749],[3.9927779,48.89288199],[3.99286629,48.89325902]]],[[[3.9940506,48.89411094],[3.99310644,48.89427701],[3.99407214,48.89419999],[3.9940506,48.89411094]]],[[[3.99402614,48.88072477],[3.99287116,48.88096162],[3.99284246,48.88097018],[3.99402614,48.88072477]]],[[[3.99401042,48.89102763],[3.99343024,48.89108003],[3.99344289,48.89114506],[3.99401042,48.89102763]]],[[[3.99283812,48.91193324],[3.99397047,48.91290897],[3.99363485,48.91190622],[3.99283812,48.91193324]]],[[[3.99392306,48.91313471],[3.99331069,48.91260144],[3.99293253,48.91285279],[3.99330417,48.91329558],[3.99392306,48.91313471]]],[[[3.99332628,48.87886809],[3.99391034,48.87861468],[3.99319766,48.8787996],[3.99332628,48.87886809]]],[[[3.99317309,48.88720733],[3.99389794,48.88704104],[3.99316465,48.88714789],[3.99317309,48.88720733]]],[[[3.99271109,48.88042317],[3.99369156,48.88019272],[3.9937765,48.88015645],[3.99271109,48.88042317]]],[[[3.992986,48.89810218],[3.99142256,48.89833143],[3.99373437,48.89807503],[3.992986,48.89810218]]],[[[3.99371282,48.98365028],[3.99302108,48.98339546],[3.99252622,48.98341621],[3.99371282,48.98365028]]],[[[3.99224483,48.85701268],[3.99182514,48.85712002],[3.99333067,48.85898312],[3.99370191,48.85884753],[3.99224483,48.85701268]]],[[[3.99343602,48.89224171],[3.99349568,48.8927546],[3.99360341,48.89273883],[3.99343602,48.89224171]]],[[[3.99289053,48.87796318],[3.99349074,48.87746562],[3.99270025,48.87791716],[3.99289053,48.87796318]]],[[[3.99338803,48.88373732],[3.99319654,48.88315591],[3.99294458,48.88318774],[3.99313273,48.88368828],[3.99338803,48.88373732]]],[[[3.99206838,48.99031723],[3.9933876,48.98992309],[3.99203025,48.99020692],[3.99206838,48.99031723]]],[[[3.99286669,48.89101371],[3.99335636,48.89103485],[3.99335728,48.89098317],[3.99286669,48.89101371]]],[[[3.99190291,48.90082055],[3.99211925,48.9009703],[3.99334899,48.90065274],[3.99289116,48.90054976],[3.99190291,48.90082055]]],[[[3.99310843,48.8791967],[3.9918315,48.87958802],[3.99218734,48.8798968],[3.99333432,48.87950179],[3.99310843,48.8791967]]],[[[3.99264414,48.90489994],[3.99333232,48.90479642],[3.99262601,48.90481256],[3.99264414,48.90489994]]],[[[3.99209645,48.87760095],[3.99232003,48.87778471],[3.99324498,48.87728922],[3.99305441,48.87713374],[3.99209645,48.87760095]]],[[[3.99312597,48.86065111],[3.99044841,48.85780408],[3.99016379,48.8580087],[3.99155721,48.85959628],[3.99312597,48.86065111]]],[[[3.99166544,49.01043702],[3.99291169,49.0122451],[3.99300137,49.0122057],[3.99166544,49.01043702]]],[[[3.99278942,48.87694069],[3.991921,48.87737344],[3.99295724,48.8771045],[3.99278942,48.87694069]]],[[[3.99295354,48.99623644],[3.99254835,48.9958472],[3.99245215,48.99592175],[3.99295354,48.99623644]]],[[[3.99211608,48.8814057],[3.99294156,48.88117756],[3.99280583,48.88096572],[3.99198932,48.8811914],[3.99211608,48.8814057]]],[[[3.99286494,48.8842968],[3.99276442,48.8836611],[3.99245724,48.88373027],[3.99257537,48.88432974],[3.99286494,48.8842968]]],[[[3.99189112,48.88212065],[3.99286095,48.88217686],[3.99277342,48.88193844],[3.99189112,48.88212065]]],[[[3.99279776,48.89377518],[3.99241502,48.89264458],[3.99220171,48.89266129],[3.99254287,48.89379486],[3.99279776,48.89377518]]],[[[3.99263469,48.87684898],[3.99192226,48.87737267],[3.9927701,48.87695018],[3.99263469,48.87684898]]],[[[3.99126994,48.88099395],[3.99276185,48.88052233],[3.99120544,48.88082792],[3.99126994,48.88099395]]],[[[3.99254148,48.88258965],[3.99258588,48.88321511],[3.99271169,48.88319027],[3.99254148,48.88258965]]],[[[3.99195704,48.88117858],[3.99270419,48.88081545],[3.9918546,48.88100929],[3.99195704,48.88117858]]],[[[3.99263483,48.98382927],[3.99269304,48.98373398],[3.99177429,48.98377978],[3.99263483,48.98382927]]],[[[3.99162054,48.88646412],[3.99267093,48.88634605],[3.99261527,48.88617012],[3.99162054,48.88646412]]],[[[3.99245166,48.88020426],[3.99173532,48.88065086],[3.99261192,48.88037858],[3.99245166,48.88020426]]],[[[3.99169221,48.99712548],[3.99248022,48.99777328],[3.99259538,48.99764979],[3.99169221,48.99712548]]],[[[3.99257284,48.88432227],[3.99245332,48.88373074],[3.99209787,48.88382292],[3.99221481,48.88437402],[3.99257284,48.88432227]]],[[[3.99248732,49.00285475],[3.99218693,49.00170683],[3.99060958,49.00176818],[3.99011583,49.00147768],[3.98884856,49.00215552],[3.991023,49.00287161],[3.99248732,49.00285475]]],[[[3.992433,48.8848042],[3.99202908,48.88498949],[3.99248019,48.88494729],[3.992433,48.8848042]]],[[[3.99079134,48.87920285],[3.99246318,48.87860059],[3.99203318,48.87837467],[3.99073347,48.87889466],[3.99079134,48.87920285]]],[[[3.99235693,48.88009974],[3.99190567,48.88027481],[3.99244175,48.8801966],[3.99235693,48.88009974]]],[[[3.99242034,48.89206198],[3.9923987,48.8920229],[3.99141306,48.89214495],[3.99242034,48.89206198]]],[[[3.99174404,48.89301986],[3.99236183,48.89381308],[3.99205883,48.89296847],[3.99174404,48.89301986]]],[[[3.99130652,48.89181987],[3.99233549,48.89160908],[3.99128801,48.89170045],[3.99130652,48.89181987]]],[[[3.99126513,48.88053095],[3.9923104,48.88009873],[3.99045272,48.88057371],[3.99126513,48.88053095]]],[[[3.9922608,48.89875529],[3.99150177,48.89852113],[3.99152543,48.898816],[3.98980382,48.89919431],[3.9922608,48.89875529]]],[[[3.99171437,48.89298573],[3.99222971,48.89275897],[3.99166132,48.89285292],[3.99171437,48.89298573]]],[[[3.99105634,48.99620363],[3.99201225,48.99685796],[3.99208264,48.99681344],[3.99105634,48.99620363]]],[[[3.99011021,48.88860023],[3.9920424,48.8883082],[3.99007202,48.88829981],[3.99011021,48.88860023]]],[[[3.991962,48.87979926],[3.99126939,48.8799714],[3.99114679,48.88001752],[3.991962,48.87979926]]],[[[3.99152551,48.89361165],[3.99196172,48.89354022],[3.99161748,48.8929458],[3.99108146,48.89303471],[3.99152551,48.89361165]]],[[[3.99082486,48.90135212],[3.98996613,48.90174709],[3.99193574,48.90093127],[3.99184051,48.90085829],[3.99082486,48.90135212]]],[[[3.99167932,48.88338628],[3.99187945,48.8833681],[3.9915607,48.8826251],[3.99167932,48.88338628]]],[[[3.991858,48.87481152],[3.99108637,48.87428517],[3.99027228,48.87419584],[3.9916242,48.87500204],[3.991858,48.87481152]]],[[[3.99126522,48.88479448],[3.99184664,48.88470446],[3.99176888,48.88450522],[3.99126522,48.88479448]]],[[[3.99173989,48.90078376],[3.99037852,48.90155558],[3.99183964,48.90085729],[3.99173989,48.90078376]]],[[[3.99183708,48.87740709],[3.9915564,48.87731416],[3.9916618,48.87747233],[3.99183708,48.87740709]]],[[[3.99057979,48.87554764],[3.99127486,48.87668909],[3.99182876,48.87612708],[3.99099529,48.87528828],[3.99057979,48.87554764]]],[[[3.99059322,48.88225505],[3.99181335,48.88205041],[3.99056038,48.8821411],[3.99059322,48.88225505]]],[[[3.99170196,48.88920597],[3.99154822,48.8895274],[3.99176262,48.88949251],[3.99170196,48.88920597]]],[[[3.99130261,48.87981557],[3.99176145,48.87961654],[3.99123683,48.87978794],[3.99130261,48.87981557]]],[[[3.99170004,48.88435758],[3.98984615,48.88469013],[3.98995418,48.88479805],[3.99170004,48.88435758]]],[[[3.99155351,48.87728711],[3.99169135,48.87723183],[3.99150793,48.87721432],[3.99155351,48.87728711]]],[[[3.99066408,48.99653255],[3.9915956,48.99719411],[3.99168904,48.99711805],[3.99066408,48.99653255]]],[[[3.991683,48.88718658],[3.99166051,48.88697753],[3.99066215,48.88710818],[3.99076868,48.88730242],[3.991683,48.88718658]]],[[[3.99031593,48.87833369],[3.99164127,48.87783009],[3.99158875,48.87776661],[3.99031593,48.87833369]]],[[[3.99024085,48.88622558],[3.99156996,48.88625914],[3.99156035,48.88607069],[3.99024085,48.88622558]]],[[[3.99148751,48.88337912],[3.99155965,48.88337793],[3.99141437,48.88261707],[3.99148751,48.88337912]]],[[[3.99144276,48.90055878],[3.99006142,48.90122877],[3.9915201,48.90063187],[3.99144276,48.90055878]]],[[[3.99140299,48.88261675],[3.99136821,48.88339576],[3.9914674,48.88339375],[3.99140299,48.88261675]]],[[[3.99145746,49.02584451],[3.99074779,49.02496686],[3.9913999,49.0259883],[3.99145746,49.02584451]]],[[[3.99064005,48.88240512],[3.99143568,48.88247653],[3.99138645,48.88228603],[3.99064005,48.88240512]]],[[[3.99140736,48.89392462],[3.99143123,48.89354115],[3.99135592,48.89354987],[3.99140736,48.89392462]]],[[[3.99102881,48.98455976],[3.99121402,48.98469861],[3.99139738,48.98455077],[3.99102881,48.98455976]]],[[[3.99126461,48.89680664],[3.99003304,48.89704464],[3.99133983,48.89684568],[3.99126461,48.89680664]]],[[[3.99125104,48.89193536],[3.98921974,48.89224068],[3.99127441,48.89202559],[3.99125104,48.89193536]]],[[[3.99121802,48.89174459],[3.98920584,48.89210612],[3.99125195,48.89192636],[3.99121802,48.89174459]]],[[[3.9910539,48.9961128],[3.99123214,48.9959782],[3.99050253,48.9957826],[3.9910539,48.9961128]]],[[[3.99023823,48.88125086],[3.99121415,48.88105955],[3.99118542,48.88097175],[3.99023823,48.88125086]]],[[[3.99023037,48.8811701],[3.99063105,48.88108528],[3.99120649,48.880966],[3.99115033,48.8808347],[3.99023037,48.8811701]]],[[[3.99119014,48.89672076],[3.99077949,48.89657187],[3.98905439,48.89695258],[3.98906566,48.89697628],[3.99119014,48.89672076]]],[[[3.99061788,49.01882682],[3.98965362,49.01830016],[3.99114735,49.01949929],[3.99061788,49.01882682]]],[[[3.98978525,48.85834115],[3.99097475,48.85978249],[3.99113823,48.85971711],[3.98978525,48.85834115]]],[[[3.99077146,49.02621182],[3.99098702,49.02689051],[3.99113118,49.02686077],[3.99077146,49.02621182]]],[[[3.990506,48.99521223],[3.99078641,48.99555373],[3.99111978,48.99559083],[3.990506,48.99521223]]],[[[3.99052856,48.90030992],[3.99103147,48.9001374],[3.99049632,48.90027568],[3.99052856,48.90030992]]],[[[3.99040591,48.90018721],[3.98958319,48.90048194],[3.99097955,48.90008015],[3.99040591,48.90018721]]],[[[3.9908768,48.8880509],[3.99006327,48.88821675],[3.99089944,48.8881967],[3.9908768,48.8880509]]],[[[3.98980268,48.8595163],[3.98967411,48.86005754],[3.99074897,48.86006411],[3.99015691,48.85984295],[3.98980268,48.8595163]]],[[[3.99024636,49.02504792],[3.99058683,49.0262062],[3.99074894,49.02616917],[3.99024636,49.02504792]]],[[[3.99073025,48.87500324],[3.99009686,48.87456888],[3.99035892,48.87440609],[3.98988374,48.87441811],[3.99040021,48.87524978],[3.99073025,48.87500324]]],[[[3.99061732,48.87622],[3.98997803,48.87646563],[3.98935585,48.87671052],[3.9893895,48.87674891],[3.99061732,48.87622]]],[[[3.98989785,48.88266235],[3.99055699,48.88240149],[3.98985643,48.88246499],[3.98989785,48.88266235]]],[[[3.98922267,48.85883246],[3.99021943,48.8598021],[3.99054451,48.85980565],[3.98939845,48.8587086],[3.98922267,48.85883246]]],[[[3.99045228,48.87597155],[3.98983317,48.8762345],[3.99047438,48.87599516],[3.99045228,48.87597155]]],[[[3.98930053,48.88611401],[3.9904224,48.88594107],[3.99036196,48.88570362],[3.98935936,48.88582533],[3.989549915398486,48.88595347992896],[3.98930053,48.88611401]]],[[[3.99028902,48.88051191],[3.9895846,48.88081245],[3.99040344,48.88062269],[3.99028902,48.88051191]]],[[[3.99017916,48.87561915],[3.98950088,48.87590079],[3.99035932,48.87579688],[3.99017916,48.87561915]]],[[[3.98857194,49.02248198],[3.98985857,49.02412802],[3.99032586,49.0239629],[3.9890658,49.02238674],[3.98857194,49.02248198]]],[[[3.99031945,48.87844376],[3.99021225,48.87811864],[3.98895873,48.87860254],[3.98917621,48.87884584],[3.99031945,48.87844376]]],[[[3.98916961,48.98306859],[3.99029629,48.98319492],[3.99029913,48.98315445],[3.98916961,48.98306859]]],[[[3.99027301,48.88531179],[3.98940411,48.8852846],[3.98939175,48.88545709],[3.99027301,48.88531179]]],[[[3.98908631,48.89654304],[3.99026883,48.89638335],[3.98900897,48.89646158],[3.98908631,48.89654304]]],[[[3.99020206,48.88633255],[3.98934715,48.88634651],[3.98933455,48.88634845],[3.99020206,48.88633255]]],[[[3.98940943,48.88552357],[3.99019603,48.88533384],[3.98939743,48.8854618],[3.98940943,48.88552357]]],[[[3.98933756,48.87573602],[3.98949872,48.87589817],[3.9901752,48.87561655],[3.99001664,48.87545549],[3.98933756,48.87573602]]],[[[3.98951522,48.88700093],[3.99015192,48.88692172],[3.99009093,48.88665586],[3.98944782,48.88673325],[3.98951522,48.88700093]]],[[[3.98713727,48.99322779],[3.98727305,48.99342773],[3.99013033,48.99233348],[3.99010051,48.99228614],[3.98713727,48.99322779]]],[[[3.99007939,48.88026433],[3.99003202,48.88004996],[3.98924171,48.8802778],[3.98934958,48.88044824],[3.99007939,48.88026433]]],[[[3.98925363,48.88027355],[3.99003049,48.88004999],[3.98987155,48.87980264],[3.98906713,48.88004725],[3.98925363,48.88027355]]],[[[3.98998845,48.88360908],[3.98877553,48.88354819],[3.9886924,48.88335086],[3.98807225,48.88342713],[3.98824137,48.88379008],[3.98998845,48.88360908]]],[[[3.98891784,48.88347867],[3.9898999,48.88332302],[3.98883364,48.88341511],[3.98891784,48.88347867]]],[[[3.9879086,48.99946239],[3.98787809,49.00041897],[3.98982903,48.99990697],[3.98982036,48.99945747],[3.9879086,48.99946239]]],[[[3.9884273,48.88500803],[3.98931277,48.88527437],[3.98980052,48.88511804],[3.98976429,48.88473047],[3.9884273,48.88500803]]],[[[3.98974722,48.88294023],[3.98869953,48.88312365],[3.98977118,48.88301469],[3.98974722,48.88294023]]],[[[3.98879173,48.99774953],[3.9896112,48.99811068],[3.98965422,48.99805501],[3.98879173,48.99774953]]],[[[3.98852772,48.89525796],[3.98964306,48.89498198],[3.98957779,48.89485264],[3.98852772,48.89525796]]],[[[3.98820666,48.88409974],[3.98814435,48.88446636],[3.98957507,48.88420514],[3.98950703,48.8839687],[3.98820666,48.88409974]]],[[[3.98946601,48.87706775],[3.98862843,48.87735647],[3.98867361,48.87741981],[3.98946601,48.87706775]]],[[[3.98939295,48.88132835],[3.98876387,48.88145014],[3.98940445,48.88136395],[3.98939295,48.88132835]]],[[[3.98747438,48.88676956],[3.98931327,48.88656654],[3.98927576,48.88645508],[3.98747438,48.88676956]]],[[[3.98929818,48.88046841],[3.98791142,48.88064728],[3.98788376,48.88071078],[3.98929818,48.88046841]]],[[[3.98926893,48.85901577],[3.98903042,48.86003503],[3.98917863,48.86004522],[3.98926893,48.85901577]]],[[[3.98819177,48.89730593],[3.98901358,48.89706],[3.9880984,48.89723531],[3.98819177,48.89730593]]],[[[3.98828177,49.02182015],[3.98875117,49.0224074],[3.98901138,49.02231678],[3.98856075,49.02175101],[3.98828177,49.02182015]]],[[[3.98835759,48.87877705],[3.98891661,48.87857731],[3.98826235,48.87870169],[3.98835759,48.87877705]]],[[[3.98887729,48.88622655],[3.98833249,48.88633939],[3.98889563,48.88629216],[3.98887729,48.88622655]]],[[[3.98874236,48.87520484],[3.98737207,48.87588497],[3.98886486,48.87528103],[3.98874236,48.87520484]]],[[[3.98831173,48.88618259],[3.98880509,48.88601023],[3.98827861,48.88607258],[3.98831173,48.88618259]]],[[[3.98734458,48.99693705],[3.98728763,48.99698612],[3.98880095,48.99764684],[3.98734458,48.99693705]]],[[[3.98868202,48.8946969],[3.98829948,48.89491113],[3.98872926,48.89479307],[3.98868202,48.8946969]]],[[[3.98804648,48.88339148],[3.988669,48.88315269],[3.98798408,48.88327751],[3.98804648,48.88339148]]],[[[3.98792585,48.88120227],[3.98864645,48.8812451],[3.98862615,48.88112629],[3.98792585,48.88120227]]],[[[3.98863619,48.99111291],[3.98789709,48.99019993],[3.98733672,48.99033152],[3.98790537,48.99126374],[3.98863619,48.99111291]]],[[[3.98860821,48.87905195],[3.98805796,48.87898475],[3.98805748,48.87908046],[3.98860821,48.87905195]]],[[[3.98857946,48.87810314],[3.98794212,48.87844428],[3.98860351,48.87815856],[3.98857946,48.87810314]]],[[[3.98796168,48.88139009],[3.98858647,48.88132757],[3.98857156,48.88125512],[3.98796168,48.88139009]]],[[[3.98823413,48.87378866],[3.98727998,48.8743605],[3.98766473,48.87457982],[3.98854304,48.87409902],[3.98823413,48.87378866]]],[[[3.98850553,48.88293909],[3.9879481,48.88324743],[3.98853337,48.88313786],[3.98850553,48.88293909]]],[[[3.98828673,48.98718779],[3.9880421,48.98696615],[3.98841443,48.98743883],[3.98828673,48.98718779]]],[[[3.98839981,49.02205761],[3.98435497,49.02278535],[3.98466558,49.02320693],[3.98736232,49.02271357],[3.98722465,49.02243704],[3.98839981,49.02205761]]],[[[3.98828294,49.02182829],[3.98425938,49.02271027],[3.98837229,49.02196079],[3.98828294,49.02182829]]],[[[3.98810517,48.87625981],[3.98780397,48.87598778],[3.9869669,48.87639605],[3.98722048,48.87660643],[3.98810517,48.87625981]]],[[[3.98704206,48.87420733],[3.98806745,48.87362176],[3.98807559,48.87361573],[3.98799188,48.87353816],[3.98704206,48.87420733]]],[[[3.98736196,48.99390693],[3.9866959,48.99494873],[3.98783585,48.99453853],[3.98736196,48.99390693]]],[[[3.98780447,48.99965719],[3.98674456,48.99953531],[3.98631086,48.9994942],[3.98699911,49.00030314],[3.98779491,49.00008999],[3.98780447,48.99965719]]],[[[3.98765436,48.98578151],[3.98745984,48.98656541],[3.98775261,48.98661041],[3.98765436,48.98578151]]],[[[3.98684053,48.89589232],[3.98774315,48.89558208],[3.98682504,48.89584911],[3.98684053,48.89589232]]],[[[3.9873492,49.02196184],[3.98764654,49.02190289],[3.98728468,49.02138557],[3.98698114,49.02144083],[3.9873492,49.02196184]]],[[[3.9876026,48.87457546],[3.98735078,48.87443672],[3.98594097,48.87518962],[3.98619482,48.87529742],[3.9876026,48.87457546]]],[[[3.98630903,48.8741456],[3.98755813,48.87324295],[3.9861666,48.87405397],[3.98630903,48.8741456]]],[[[3.98476297,49.02334022],[3.98745523,49.02276036],[3.98472844,49.02326643],[3.98476297,49.02334022]]],[[[3.98398271,49.02240064],[3.9841069,49.02255903],[3.9873139,49.02197952],[3.9871844,49.02182831],[3.98398271,49.02240064]]],[[[3.98725953,48.99346541],[3.98713309,48.99328086],[3.98596439,48.99380916],[3.98615545,48.99396939],[3.98725953,48.99346541]]],[[[3.98706465,48.89432204],[3.98582803,48.89448214],[3.98722621,48.89446824],[3.98706465,48.89432204]]],[[[3.98716861,48.87663564],[3.98682979,48.87636573],[3.98609,48.87683013],[3.98626492,48.87701787],[3.98716861,48.87663564]]],[[[3.98389662,49.02226507],[3.98708814,49.02168725],[3.98372251,49.0221022],[3.98389662,49.02226507]]],[[[3.98569118,48.87410954],[3.98701365,48.87308017],[3.98563941,48.87409063],[3.98569118,48.87410954]]],[[[3.98697298,48.98712292],[3.98699693,48.98628995],[3.98690064,48.98712114],[3.98697298,48.98712292]]],[[[3.98648556,48.87296406],[3.98546538,48.87400008],[3.98674014,48.87302286],[3.98648556,48.87296406]]],[[[3.98549075,48.99219201],[3.9855991,48.99237649],[3.98673068,48.99198909],[3.98663109,48.991885],[3.98549075,48.99219201]]],[[[3.98612384,48.98962349],[3.98636258,48.99049861],[3.9865299,48.99045772],[3.98612384,48.98962349]]],[[[3.98590993,48.87758606],[3.98639044,48.87725159],[3.98586114,48.87755778],[3.98590993,48.87758606]]],[[[3.985806,48.98645934],[3.98600596,48.98588013],[3.98574089,48.98643766],[3.985806,48.98645934]]],[[[3.98593448,48.8947538],[3.98477264,48.89476574],[3.98480977,48.89498347],[3.98593448,48.8947538]]],[[[3.98398901,48.87255574],[3.98574574,48.87281033],[3.98587298,48.87263887],[3.98423734,48.87222289],[3.98398901,48.87255574]]],[[[3.98492629,48.99154448],[3.98533708,48.99156668],[3.98585165,48.99153211],[3.98492629,48.99154448]]],[[[3.9851013,48.8770393],[3.98580384,48.87659538],[3.98497648,48.87692793],[3.9851013,48.8770393]]],[[[3.98531975,48.87317065],[3.98568598,48.8728778],[3.98568129,48.87285786],[3.98531975,48.87317065]]],[[[3.98546565,48.87430521],[3.98475797,48.8748267],[3.98561173,48.87439049],[3.98546565,48.87430521]]],[[[3.98465055,48.98975323],[3.98450607,48.98983175],[3.9855878,48.99017858],[3.98465055,48.98975323]]],[[[3.98483723,48.87681667],[3.98555361,48.87633039],[3.98477686,48.87677195],[3.98483723,48.87681667]]],[[[3.98375336,48.99646108],[3.98536434,48.99770415],[3.98539819,48.99758252],[3.98375336,48.99646108]]],[[[3.98461029,48.87562253],[3.9853518,48.87505841],[3.98445183,48.87554174],[3.98461029,48.87562253]]],[[[3.98502973,48.98743878],[3.98526292,48.98743886],[3.98531052,48.98708909],[3.98506593,48.98705978],[3.98502973,48.98743878]]],[[[3.9852536,48.9979064],[3.98530232,48.99780606],[3.98353614,48.99657854],[3.9852536,48.9979064]]],[[[3.98520104,48.99799454],[3.98342699,48.99663741],[3.98332495,48.99669178],[3.98520104,48.99799454]]],[[[3.98472733,48.98583531],[3.98510705,48.98541983],[3.98496872,48.98533078],[3.98472733,48.98583531]]],[[[3.98500679,48.87493889],[3.9843865,48.87552223],[3.98506504,48.87496696],[3.98500679,48.87493889]]],[[[3.9844584,49.02403815],[3.98343208,49.02384234],[3.98417123,49.02517642],[3.98486113,49.02488517],[3.9844584,49.02403815]]],[[[3.98272823,48.99960851],[3.98444726,48.99864293],[3.9841947,48.99844306],[3.98220199,48.99941517],[3.98272823,48.99960851]]],[[[3.98397873,48.98910581],[3.9840953,48.98905727],[3.98263886,48.98802834],[3.98397873,48.98910581]]],[[[3.98389127,48.99818694],[3.98362696,48.99797853],[3.98122109,48.99906417],[3.98163818,48.99922493],[3.98389127,48.99818694]]],[[[3.98381141,48.9892463],[3.98385791,48.98921974],[3.98326571,48.98878085],[3.98381141,48.9892463]]],[[[3.98373414,48.98830738],[3.98374137,48.98830732],[3.98311875,48.98788414],[3.98364079,48.98834146],[3.98373414,48.98830738]]],[[[3.98272481,48.87255648],[3.98357423,48.87255069],[3.98372685,48.87213182],[3.98284873,48.87195461],[3.98272481,48.87255648]]],[[[3.98250559,48.99715065],[3.98197658,48.99744403],[3.98311838,48.99820551],[3.98362735,48.99797719],[3.98250559,48.99715065]]],[[[3.98355726,48.99129308],[3.98288648,48.99081625],[3.98284838,48.99089812],[3.98355726,48.99129308]]],[[[3.98268527,48.87558329],[3.9830849,48.8750625],[3.98249056,48.87547081],[3.98268527,48.87558329]],[[3.9829116374325606,48.875215919721605],[3.9827691,48.87539724],[3.9826949938060596,48.875487146787414],[3.98279505,48.87535689],[3.98289554,48.87523351],[3.9829116374325606,48.875215919721605]]],[[[3.98169887,48.99230002],[3.98282842,48.99315842],[3.98286303,48.99311038],[3.98169887,48.99230002]]],[[[3.98164838,48.98924578],[3.98214428,48.98946776],[3.98251735,48.98988585],[3.98282201,48.98974535],[3.98209285,48.98904227],[3.98164838,48.98924578]]],[[[3.98019455,48.30578597],[3.98268888,48.30604502],[3.98277254,48.30577134],[3.98037508,48.30551545],[3.98019455,48.30578597]]],[[[3.98250548,48.98797342],[3.98261348,48.98794874],[3.98240705,48.98773867],[3.98250548,48.98797342]]],[[[3.98177926,48.98917097],[3.98218622,48.98899157],[3.98167177,48.98803161],[3.98142588,48.98802887],[3.98170691,48.98869034],[3.98147413,48.98880823],[3.98110866,48.98874401],[3.98177926,48.98917097]]],[[[3.98174595,48.990975],[3.98214527,48.9908216],[3.98137903,48.99030242],[3.98112592,48.99056919],[3.98174595,48.990975]]],[[[3.97985244,48.98923132],[3.98125028,48.98945336],[3.98191046,48.98941492],[3.98103219,48.98897306],[3.97985244,48.98923132]]],[[[3.98085441,49.0240479],[3.98175165,49.02543007],[3.98190632,49.02537346],[3.98085441,49.0240479]]],[[[3.98160875,49.02939261],[3.98107683,49.02929465],[3.98088328,49.02929623],[3.98117894,49.02962453],[3.98160875,49.02939261]]],[[[3.98145835,48.98878072],[3.9815057,48.98874478],[3.98065042,48.98827767],[3.98145835,48.98878072]]],[[[3.98148856,48.30081225],[3.98011948,48.30008081],[3.98003503,48.3001446],[3.98148856,48.30081225]]],[[[3.98021277,48.98975486],[3.97992811,48.98980596],[3.98138382,48.99024319],[3.98021277,48.98975486]]],[[[3.98137076,48.99348062],[3.98085397,48.99311129],[3.97986782,48.99378199],[3.98017388,48.99405193],[3.98137076,48.99348062]]],[[[3.97985303,48.98992376],[3.98092489,48.99073282],[3.98108406,48.99057744],[3.97985303,48.98992376]]],[[[3.98071533,48.9927238],[3.97944082,48.9935884],[3.98077384,48.99275901],[3.98071533,48.9927238]]],[[[3.98045326,48.99313523],[3.97964295,48.99369468],[3.9806347,48.99323504],[3.98045326,48.99313523]]],[[[3.98056882,48.99179251],[3.98017937,48.99204918],[3.98061051,48.99182798],[3.98056882,48.99179251]]],[[[3.98058891,48.87280395],[3.98059841,48.87188364],[3.97917555,48.87321511],[3.97918926,48.87324032],[3.98058891,48.87280395]]],[[[3.98004874,48.98958788],[3.98047631,48.98944638],[3.98015337,48.98938478],[3.98004874,48.98958788]]],[[[3.9794487,48.30375394],[3.97850679,48.30443464],[3.97945294,48.30495345],[3.98031916,48.30430169],[3.9794487,48.30375394]]],[[[3.98029541,48.87439245],[3.97956856,48.87439979],[3.9791432,48.87447811],[3.97930488,48.87482659],[3.97999099,48.87481818],[3.98029541,48.87439245]]],[[[3.9796537,48.99018352],[3.97995884,48.99055238],[3.98012625,48.99041808],[3.9796537,48.99018352]]],[[[3.97850043,48.30651621],[3.97998029,48.30532749],[3.97834359,48.30643752],[3.97850043,48.30651621]]],[[[3.97985251,48.99289556],[3.97948775,48.99243873],[3.97931041,48.99257342],[3.97985251,48.99289556]]],[[[3.97966408,48.99097429],[3.97981115,48.99091241],[3.97926475,48.99074058],[3.97966408,48.99097429]]],[[[3.97974208,48.99843208],[3.97885412,48.99758128],[3.97877937,48.99761996],[3.97974208,48.99843208]]],[[[3.9787804,48.99762202],[3.9796539,48.99846695],[3.97973585,48.99843028],[3.9787804,48.99762202]]],[[[3.97862488,48.99770891],[3.97854158,48.99774909],[3.97955851,48.99850329],[3.97862488,48.99770891]]],[[[3.97885031,48.99025337],[3.97947955,48.99045286],[3.97951119,48.99040501],[3.97885031,48.99025337]]],[[[3.9784475,48.99587811],[3.97905344,48.99661646],[3.97937208,48.99649157],[3.97864603,48.99579032],[3.9784475,48.99587811]]],[[[3.97788165,48.99101123],[3.97840695,48.99130781],[3.97896538,48.99177794],[3.97845908,48.99129192],[3.97876483,48.9911111],[3.97824088,48.99079178],[3.97788165,48.99101123]]],[[[3.97888939,48.98963232],[3.97702175,48.98956421],[3.97707241,48.98973832],[3.97888939,48.98963232]]],[[[3.97886207,48.98984422],[3.97830729,48.98980651],[3.97885982,48.98991681],[3.97886207,48.98984422]]],[[[3.97727807,48.29649938],[3.9770355,48.29669422],[3.97851496,48.29739622],[3.9787779,48.29714644],[3.97727807,48.29649938]]],[[[3.97743553,48.99719114],[3.97819305,48.99786188],[3.97874057,48.99759403],[3.97800431,48.99697278],[3.97743553,48.99719114]]],[[[3.97860061,48.99189866],[3.978274,48.99137404],[3.97809742,48.99143112],[3.97860061,48.99189866]]],[[[3.97782233,48.98951454],[3.97855311,48.98934679],[3.9775729,48.98951658],[3.97782233,48.98951454]]],[[[3.97696604,48.99411519],[3.97809912,48.99500237],[3.97853417,48.99477517],[3.97744772,48.99372403],[3.97696604,48.99411519]]],[[[3.97823269,48.30438563],[3.97683034,48.30573399],[3.97842125,48.30446893],[3.97823269,48.30438563]]],[[[3.97708658,48.30168399],[3.97833515,48.30071827],[3.97808031,48.30054636],[3.97683289,48.30152313],[3.97708658,48.30168399]]],[[[3.97692378,48.99369153],[3.97734642,48.99365855],[3.97828427,48.99306011],[3.9782257,48.99301416],[3.97692378,48.99369153]]],[[[3.97803854,48.30431155],[3.97665927,48.30565494],[3.9782272,48.3043822],[3.97803854,48.30431155]]],[[[3.9781361,48.99590162],[3.97753742,48.99552641],[3.97747714,48.99558604],[3.9781361,48.99590162]]],[[[3.97770105,48.99062459],[3.97759015,48.99068736],[3.97805781,48.9908501],[3.97770105,48.99062459]]],[[[3.97730636,48.99162222],[3.97704876,48.99176708],[3.97765763,48.99222847],[3.97795148,48.99208807],[3.97730636,48.99162222]]],[[[3.97751011,48.99663105],[3.9763419,48.99719076],[3.97663498,48.99744491],[3.97782495,48.9969607],[3.97751011,48.99663105]]],[[[3.97773018,48.99808538],[3.97706979,48.9973483],[3.97695369,48.99739151],[3.97773018,48.99808538]]],[[[3.97754077,48.99069449],[3.97767389,48.99061323],[3.97730606,48.99048962],[3.97754077,48.99069449]]],[[[3.97706512,48.99097689],[3.97750312,48.99142065],[3.97756628,48.9913695],[3.97706512,48.99097689]]],[[[3.97657984,48.99745705],[3.976101352219682,48.99730600895216],[3.97747841,48.99663587],[3.97726242,48.99644662],[3.97434901,48.99785271],[3.97657984,48.99745705]]],[[[3.97697655,48.9960029],[3.97729963,48.99629961],[3.97741502,48.99624677],[3.97697655,48.9960029]]],[[[3.97728514,48.99272029],[3.97649008,48.99326758],[3.97646907,48.99328249],[3.97728149,48.99302714],[3.97728514,48.99272029]]],[[[3.97669453,48.29905255],[3.97714096,48.29864356],[3.97550563,48.29786083],[3.97500672,48.29826375],[3.97669453,48.29905255]]],[[[3.97627899,48.99386505],[3.97674256,48.99361621],[3.97619185,48.99374917],[3.97627899,48.99386505]]],[[[3.97672735,48.99360137],[3.97618864,48.99321911],[3.97606653,48.99326293],[3.97672735,48.99360137]]],[[[3.97584956,48.9946452],[3.97625472,48.99492106],[3.97594538,48.99458461],[3.97584956,48.9946452]]],[[[3.97517644,48.99091373],[3.97580867,48.99134882],[3.97623895,48.99107055],[3.97552634,48.99060049],[3.97517644,48.99091373]]],[[[3.97623408,48.99430634],[3.97538082,48.99351058],[3.97604363,48.99444736],[3.97623408,48.99430634]]],[[[3.97599956,48.96713751],[3.97611641,48.96710563],[3.97502099,48.96640965],[3.97599956,48.96713751]]],[[[3.97595496,48.99613744],[3.97607296,48.99568203],[3.97585879,48.99611919],[3.97595496,48.99613744]]],[[[3.97596027,48.99535591],[3.97571238,48.99511618],[3.97526275,48.99521213],[3.97536204,48.99544905],[3.97596027,48.99535591]]],[[[3.97434113,48.29879509],[3.97427735,48.2988437],[3.97592438,48.29975052],[3.97434113,48.29879509]]],[[[3.97575121,48.99295248],[3.97537003,48.99267838],[3.97506074,48.99267019],[3.97554209,48.99308028],[3.97575121,48.99295248]]],[[[3.97362649,48.29923653],[3.97538926,48.30030385],[3.97570101,48.29998941],[3.97402882,48.29899674],[3.97362649,48.29923653]]],[[[3.97558629,48.9960723],[3.97544255,48.9957356],[3.97542355,48.99607124],[3.97558629,48.9960723]]],[[[3.97526247,48.99521147],[3.97527921,48.99547722],[3.97536657,48.99545986],[3.97526247,48.99521147]]],[[[3.97519752,48.99518128],[3.97525289,48.99485605],[3.97508198,48.99480509],[3.97519752,48.99518128]]],[[[3.97471917,48.99536031],[3.97487115,48.99608894],[3.97497238,48.99608812],[3.97471917,48.99536031]]],[[[3.97477865,48.30035783],[3.97395353,48.29988311],[3.97249394,48.30082308],[3.97298301,48.3011236],[3.97212343,48.30166514],[3.97254181,48.30182914],[3.97477865,48.30035783]]],[[[3.97435056,48.99439065],[3.97470952,48.99437371],[3.97447329,48.99373601],[3.97413439,48.99378531],[3.97435056,48.99439065]]],[[[3.9746339277951526,48.99531315209655],[3.97462696,48.99462936],[3.97440805,48.99462102],[3.974633058256392,48.99531048766605],[3.97419584,48.99465024],[3.97442624,48.99536693],[3.9746339277951526,48.99531315209655]]],[[[3.97449957,48.9929976],[3.97449315,48.99265503],[3.97429144,48.99269593],[3.97449957,48.9929976]]],[[[3.97433341,48.99541636],[3.97413172,48.99488027],[3.97402,48.99490021],[3.97433341,48.99541636]]],[[[3.97412256,48.9945985],[3.97413824,48.9943825],[3.97403901,48.99438503],[3.97412256,48.9945985]]],[[[3.97206767,49.00951501],[3.97121266,49.01021937],[3.97308095,49.01109583],[3.97407795,49.01019217],[3.97206767,49.00951501]]],[[[3.9740597,48.99548888],[3.97363543,48.99484514],[3.97347707,48.9948845],[3.97355339,48.99509802],[3.9740597,48.99548888]]],[[[3.97320566,48.99676992],[3.97329796,48.99754721],[3.97335885,48.99819151],[3.97395082,48.99793284],[3.97381925,48.99667679],[3.97320566,48.99676992]]],[[[3.97366802,48.99565074],[3.97368948,48.99602412],[3.97389922,48.9960248],[3.97366802,48.99565074]]],[[[3.97327845,48.29944982],[3.97092301,48.30097222],[3.97092742,48.30103081],[3.97125901,48.30118976],[3.97362355,48.29966069],[3.97327845,48.29944982]]],[[[3.97331636,48.99530489],[3.97315284,48.99535856],[3.97356668,48.99563835],[3.97331636,48.99530489]]],[[[3.97313508,48.99299885],[3.97354063,48.99380216],[3.97319985,48.99298167],[3.97313508,48.99299885]]],[[[3.97233374,48.30401957],[3.97281028,48.30429925],[3.97353797,48.3036059],[3.97309536,48.30335686],[3.97233374,48.30401957]]],[[[3.97293449,48.99761303],[3.97303205,48.99833317],[3.97309055,48.99759511],[3.97235263,48.99685755],[3.97293449,48.99761303]]],[[[3.97272192,48.99588042],[3.97260942,48.9964381],[3.97285047,48.99579372],[3.97272192,48.99588042]]],[[[3.97199671,48.99543447],[3.97270405,48.99576348],[3.97275053,48.99573574],[3.9722774,48.99531298],[3.97199671,48.99543447]]],[[[3.97163734,48.99894508],[3.97225728,48.99985141],[3.97268235,48.99974885],[3.97205247,48.99883214],[3.97163734,48.99894508]]],[[[3.97257021,48.99746884],[3.97225414,48.99775114],[3.97266953,48.99767183],[3.97257021,48.99746884]]],[[[3.97258725,48.99589886],[3.97191446,48.99549982],[3.97185438,48.99557407],[3.97258725,48.99589886]]],[[[3.97212343,48.99383327],[3.9721381,48.99326449],[3.97201872,48.99384126],[3.97212343,48.99383327]]],[[[3.97041328,48.99980051],[3.971427,49.00157051],[3.97213763,49.00133679],[3.97109252,48.99953516],[3.97041328,48.99980051]]],[[[3.97211418,48.99765606],[3.97144499,48.99783755],[3.97150515,48.99796079],[3.97211418,48.99765606]]],[[[3.97183991,48.99799158],[3.97207383,48.9979314],[3.97181919,48.99794655],[3.97183991,48.99799158]]],[[[3.972064,48.99756657],[3.97062301,48.99779775],[3.97058107,48.99781154],[3.972064,48.99756657]]],[[[3.97198707,48.99389595],[3.97121326,48.9939238],[3.97122902,48.99441596],[3.97177936,48.99436832],[3.97198707,48.99389595]]],[[[3.97148094,48.99663382],[3.97172657,48.99686144],[3.97197872,48.99684913],[3.97191191,48.99633113],[3.97148094,48.99663382]]],[[[3.97146163,48.29446204],[3.96984275,48.29571483],[3.97011534,48.2959427],[3.97184853,48.29460423],[3.97146163,48.29446204]]],[[[3.97173792,48.96451686],[3.96999247,48.96545205],[3.97178919,48.96455333],[3.97173792,48.96451686]]],[[[3.97126791,48.99582217],[3.97169334,48.99585203],[3.97085623,48.99575412],[3.97126791,48.99582217]]],[[[3.96900156,48.2991457],[3.96923426,48.2992972],[3.97134863,48.29786095],[3.97114066,48.2977083],[3.96900156,48.2991457]]],[[[3.97120469,48.99440194],[3.970819,48.99462132],[3.97129139,48.99450447],[3.97120469,48.99440194]]],[[[3.96879769,48.2990212],[3.96899517,48.29914999],[3.97112208,48.2977098],[3.97086884,48.2975335],[3.96879769,48.2990212]]],[[[3.97059271,48.99393417],[3.97057273,48.99441263],[3.9709225,48.99434287],[3.97088315,48.99391796],[3.97059271,48.99393417]]],[[[3.97088945,48.29426393],[3.96906838,48.2935694],[3.9683079,48.29417303],[3.96942643,48.29540782],[3.97088945,48.29426393]]],[[[3.97066965,49.00188234],[3.96994633,49.00210421],[3.97017529,49.00255205],[3.97088127,49.00235472],[3.97066965,49.00188234]]],[[[3.97045477,48.9931878],[3.97061813,48.99298067],[3.9704033,48.99299727],[3.97045477,48.9931878]]],[[[3.97050179,48.99504558],[3.97049548,48.99480413],[3.9703982,48.99482276],[3.97050179,48.99504558]]],[[[3.97049855,48.97011354],[3.96910708,48.96956519],[3.9690177,48.96965585],[3.97049855,48.97011354]]],[[[3.97008536,48.99562676],[3.97012304,48.99609518],[3.97035044,48.9960743],[3.97008536,48.99562676]]],[[[3.97011162,48.99452876],[3.97018718,48.99450912],[3.96991059,48.99402597],[3.97011162,48.99452876]]],[[[3.96992594,48.99559852],[3.96971062,48.99520173],[3.96979964,48.99561263],[3.96992594,48.99559852]]],[[[3.96931476,48.29804625],[3.9684629,48.2987609],[3.96846835,48.29880423],[3.96878424,48.29901774],[3.96984231,48.29826623],[3.96931476,48.29804625]]],[[[3.96859803,49.00252181],[3.96883209,49.00293285],[3.96950655,49.00271547],[3.96928232,49.00232707],[3.96859803,49.00252181]]],[[[3.96884461,49.00238641],[3.9683502,49.0009156],[3.96794222,49.00094961],[3.96847293,49.00248926],[3.96884461,49.00238641]]],[[[3.96813655,49.0031633],[3.96880742,49.00295397],[3.96857497,49.0025121],[3.96805274,49.0027245],[3.96813655,49.0031633]]],[[[3.96833968,48.9720493],[3.96838515,48.97196803],[3.96769329,48.97188558],[3.96833968,48.9720493]]],[[[3.96789066,48.99419554],[3.9681562,48.99537206],[3.96829777,48.99535307],[3.96809245,48.99481343],[3.96789066,48.99419554]]],[[[3.96806496,48.29765195],[3.96760719,48.29824999],[3.96822472,48.297706],[3.96806496,48.29765195]]],[[[3.96803214,48.97895234],[3.96822003,48.97829163],[3.96776709,48.97824891],[3.96764179,48.97895311],[3.96803214,48.97895234]]],[[[3.96695433,48.97213398],[3.96793982,48.9726031],[3.96820548,48.97221549],[3.96761726,48.97207034],[3.96695433,48.97213398]]],[[[3.96717157,48.99425054],[3.96761335,48.99545092],[3.96815538,48.9953723],[3.9677575,48.99420012],[3.96764611,48.99443181],[3.96717157,48.99425054]]],[[[3.96665509,48.99524304],[3.96656807,48.99534987],[3.96677666,48.9954255],[3.96665509,48.99524304]]],[[[3.96625966,48.99413895],[3.96637552,48.99414753],[3.96646263,48.99338782],[3.9662650298853985,48.99413288738927],[3.96625176,48.99344728],[3.96625966,48.99413895]]],[[[3.96496998,48.99776618],[3.96245164,48.99872687],[3.9628894,49.00045512],[3.96618614,48.99890407],[3.96564918,48.99803974],[3.96496998,48.99776618]]],[[[3.9653813,48.99705771],[3.96512782,48.99775389],[3.96613836,48.99815336],[3.96599984,48.99743642],[3.9653813,48.99705771]]],[[[3.96506682,48.99288986],[3.96438335,48.99346878],[3.96486902,48.99353149],[3.96506682,48.99288986]]],[[[3.96390108,49.001578],[3.96433798,49.00277558],[3.96504375,49.00266283],[3.96464708,49.00145283],[3.96390108,49.001578]]],[[[3.96405475,48.99351541],[3.96429568,48.99310305],[3.96471235,48.99266249],[3.96373087,48.99335443],[3.96405475,48.99351541]]],[[[3.96299938,48.99385642],[3.96286172,48.99361298],[3.96251698,48.99421421],[3.96430808,48.99423493],[3.96299938,48.99385642]]],[[[3.96430073,48.99352565],[3.96403245,48.9935525],[3.96377674,48.99341179],[3.96331608,48.99373184],[3.96417972,48.99408429],[3.96430073,48.99352565]]],[[[3.96384894,48.9799541],[3.96304902,48.97959948],[3.96299599,48.97964504],[3.96340635,48.97985449],[3.96384894,48.9799541]]],[[[3.96382815,48.97998614],[3.963407,48.97988722],[3.96242295,48.98023298],[3.96264545,48.98034065],[3.96382815,48.97998614]]],[[[3.96297435,49.00175142],[3.96334008,49.00294766],[3.96381614,49.00287722],[3.96342478,49.00166453],[3.96297435,49.00175142]]],[[[3.96375617,48.97036726],[3.96285402,48.96966069],[3.96276102,48.96971379],[3.96375617,48.97036726]]],[[[3.96323133,48.98096419],[3.9631924,48.98070607],[3.96305753,48.98079704],[3.96323133,48.98096419]]],[[[3.96240403,48.96902835],[3.96304092,48.96942146],[3.96321541,48.96929232],[3.96258022,48.96888791],[3.96240403,48.96902835]]],[[[3.9629662,48.99287244],[3.96273028,48.99333593],[3.96314214,48.99297661],[3.9629662,48.99287244]]],[[[3.96299841,48.96803711],[3.9622583,48.96875431],[3.96314068,48.96814569],[3.96299841,48.96803711]]],[[[3.9630977,48.98204389],[3.9622375,48.98218086],[3.96152272,48.98242306],[3.9630977,48.98204389]]],[[[3.96296363,48.99573759],[3.96284804,48.99544068],[3.9628517,48.99573569],[3.96296363,48.99573759]]],[[[3.96245775,48.99667825],[3.96285692,48.99659276],[3.96284758,48.99544477],[3.96238333,48.99525508],[3.96245775,48.99667825]]],[[[3.96189816,48.99317456],[3.96245018,48.99311065],[3.96266379,48.99254027],[3.9620948,48.99231216],[3.96189816,48.99317456]]],[[[3.96235124,48.96883285],[3.96186094,48.9692388],[3.96251451,48.96886723],[3.96235124,48.96883285]]],[[[3.96238915,48.97037061],[3.96114663,48.96962869],[3.96105333,48.96968816],[3.9617284,48.97001424],[3.96238915,48.97037061]]],[[[3.96234814,48.97040098],[3.96101917,48.96967462],[3.96099174,48.96970577],[3.96234814,48.97040098]]],[[[3.96179316,48.98130817],[3.96170211,48.98134723],[3.96224351,48.98194209],[3.96179316,48.98130817]]],[[[3.96216527,48.97051046],[3.96222515,48.970465],[3.96096118,48.9698306],[3.96216527,48.97051046]]],[[[3.96163819,48.29443],[3.96074312,48.2950046],[3.96176265,48.29555753],[3.96215214,48.29484055],[3.96163819,48.29443]]],[[[3.96101138,48.98064556],[3.96160584,48.98136007],[3.96186276,48.9812595],[3.96127177,48.98055585],[3.96101138,48.98064556]]],[[[3.96111757,49.00441324],[3.96155524,49.00434546],[3.96066899,49.00159612],[3.96029635,49.0018136],[3.96111757,49.00441324]],[[3.961409205180706,49.00426152079531],[3.96140687,49.00425515],[3.961324621734597,49.00399683140605],[3.961409205180706,49.00426152079531]]],[[[3.9614509,48.9696368],[3.96154853,48.96958106],[3.96013329,48.96897283],[3.9614509,48.9696368]]],[[[3.96099991,48.99325861],[3.96148979,48.99227857],[3.96015925,48.99197948],[3.9593016,48.99305561],[3.96099991,48.99325861]]],[[[3.96116203,48.98148507],[3.96146343,48.98140704],[3.96087996,48.98069147],[3.96061076,48.98079081],[3.96116203,48.98148507]]],[[[3.95981518,48.97204242],[3.96100962,48.97291798],[3.96123288,48.97287337],[3.95981518,48.97204242]]],[[[3.96001477,49.00193639],[3.96079414,49.00446652],[3.96111749,49.00441653],[3.96028667,49.001817],[3.96001477,49.00193639]]],[[[3.96081374,48.97293958],[3.96096523,48.97292337],[3.9595798,48.97228993],[3.96081374,48.97293958]]],[[[3.9607876,48.97989391],[3.95937938,48.97943328],[3.95917622,48.97955379],[3.96053491,48.98007571],[3.9607876,48.97989391]]],[[[3.96076265,48.28948906],[3.96033401,48.289375],[3.95948101,48.290296],[3.96006501,48.290449],[3.96076265,48.28948906]]],[[[3.95957538,48.98175589],[3.96002316,48.9822419],[3.95994939,48.98226184],[3.96039446,48.98271184],[3.9605242,48.98267811],[3.95957538,48.98175589]]],[[[3.96009784,48.96916374],[3.95812542,48.97065378],[3.95825359,48.97071779],[3.96009784,48.96916374]]],[[[3.96003032,48.29169876],[3.95932856,48.29146301],[3.95850191,48.29269578],[3.959151,48.29287979],[3.96003032,48.29169876]]],[[[3.95968824,49.00459235],[3.95994935,49.0045706],[3.95927055,49.00238092],[3.9590526,49.00256185],[3.95968824,49.00459235]]],[[[3.95994183,48.98223705],[3.95947502,48.98176692],[3.95943,48.9817803],[3.95994183,48.98223705]]],[[[3.95972996,48.96736662],[3.95863358,48.96719455],[3.95875204,48.96764093],[3.95960748,48.96777923],[3.95972996,48.96736662]]],[[[3.95923704,48.98063441],[3.95955602,48.98101601],[3.9597067,48.980981],[3.95923704,48.98063441]]],[[[3.95955246,48.98299201],[3.95882028,48.98233381],[3.95930836,48.98307874],[3.95955246,48.98299201]]],[[[3.95735566,48.9725262],[3.95924139,48.97333322],[3.95932313,48.97329748],[3.95735566,48.9725262]]],[[[3.95873676,48.98129688],[3.95891899,48.9812248],[3.95778893,48.98043086],[3.95873676,48.98129688]]],[[[3.95845019,48.96829958],[3.95890856,48.96831525],[3.95848321,48.96822794],[3.95845019,48.96829958]]],[[[3.95876794,48.97975066],[3.9588672,48.97967701],[3.95723647,48.97909395],[3.95876794,48.97975066]]],[[[3.95885847,48.98321642],[3.9581931,48.98252648],[3.95795879,48.98261351],[3.95863945,48.9832943],[3.95885847,48.98321642]]],[[[3.9583322,48.99468994],[3.95845351,48.99312276],[3.95750426,48.99305155],[3.9573527,48.99477714],[3.958659,48.99506044],[3.9586698,48.99470228],[3.9583322,48.99468994]]],[[[3.95863328,48.97134624],[3.95771506,48.97211974],[3.95771881,48.97212684],[3.95809619,48.972012],[3.95863328,48.97134624]]],[[[3.95838666,48.89137441],[3.95861933,48.89064104],[3.95825397,48.89138801],[3.95838666,48.89137441]]],[[[3.95816486,48.29272984],[3.95764423,48.29416263],[3.9585842,48.29286873],[3.95816486,48.29272984]]],[[[3.95729395,48.29053274],[3.9585696,48.28876363],[3.95714496,48.29045185],[3.95729395,48.29053274]]],[[[3.95851593,48.99113452],[3.95814349,48.99162288],[3.95853506,48.99138777],[3.95851593,48.99113452]]],[[[3.95850505,48.97995587],[3.95703672,48.97920616],[3.95693601,48.9792692],[3.95850505,48.97995587]]],[[[3.95829798,48.88956576],[3.95795269,48.89039082],[3.95844492,48.88960955],[3.95829798,48.88956576]]],[[[3.95763425,48.97354176],[3.95837078,48.97374975],[3.95762857,48.97342122],[3.95763425,48.97354176]]],[[[3.95766016,48.97394245],[3.95793661,48.97393965],[3.95820653,48.9738425],[3.9579116,48.97371024],[3.95766016,48.97394245]]],[[[3.9581083,48.98255219],[3.95750723,48.9821061],[3.95729987,48.98223148],[3.9578678,48.98264453],[3.9581083,48.98255219]]],[[[3.95745754,48.97120767],[3.9580705,48.97069812],[3.95734289,48.97116362],[3.95745754,48.97120767]]],[[[3.95778213,48.2948484],[3.95805523,48.29440781],[3.95778515,48.29432377],[3.95752753,48.29476616],[3.95778213,48.2948484]]],[[[3.95795936,48.97154959],[3.95738034,48.9719994],[3.95742954,48.97202137],[3.95795936,48.97154959]]],[[[3.95719236,48.30257608],[3.95664464,48.30326456],[3.95738057,48.30350779],[3.95789074,48.30291325],[3.95719236,48.30257608]]],[[[3.95765278,48.29429707],[3.9575343,48.29473843],[3.95778065,48.29433132],[3.95765278,48.29429707]]],[[[3.95690539,48.89114999],[3.95739547,48.89123118],[3.95775043,48.89042368],[3.95729091,48.89030808],[3.95690539,48.89114999]]],[[[3.95767675,48.97053394],[3.957255,48.97090216],[3.95773191,48.97055471],[3.95767675,48.97053394]]],[[[3.95767146,48.99226057],[3.95767842,48.99179251],[3.95698675,48.99148423],[3.9568223,48.99213175],[3.95767146,48.99226057]]],[[[3.95718987,48.29422326],[3.95683956,48.29533013],[3.95739678,48.29422912],[3.95718987,48.29422326]]],[[[3.95415408,48.99369476],[3.95408874,48.99397604],[3.9555104,48.99391357],[3.95727767,48.99475128],[3.95736205,48.99359069],[3.95569651,48.99351533],[3.9558213,48.99263339],[3.95564585,48.99351276],[3.95543625,48.99351919],[3.95541118,48.99264737],[3.95536758,48.99352093],[3.95415408,48.99369476]]],[[[3.9573295,48.98062736],[3.9561292,48.97989288],[3.95600357,48.97995156],[3.95696187,48.98081018],[3.9573295,48.98062736]]],[[[3.95614807,48.96775145],[3.95585562,48.96798334],[3.95689528,48.96849731],[3.95722126,48.96830531],[3.95614807,48.96775145]]],[[[3.95690049,48.97285253],[3.9570714,48.97288699],[3.95715086,48.97236058],[3.95690049,48.97285253]]],[[[3.95711775,48.97498198],[3.95495505,48.97416499],[3.95474504,48.97435107],[3.95675941,48.97508144],[3.95711775,48.97498198]]],[[[3.95572658,48.30350489],[3.95601178,48.30358829],[3.9568875,48.30249066],[3.95658448,48.3024078],[3.95572658,48.30350489]]],[[[3.95599024,48.98295924],[3.95675357,48.98314324],[3.95611605,48.98269164],[3.95599024,48.98295924]]],[[[3.95644732,48.99178881],[3.95670654,48.99142761],[3.95656163,48.99141035],[3.95644732,48.99178881]]],[[[3.95645668,48.99179027],[3.95648256,48.99218296],[3.95661513,48.99178287],[3.95645668,48.99179027]]],[[[3.95607027,48.97119169],[3.95648254,48.9715001],[3.95653908,48.97143035],[3.95607027,48.97119169]]],[[[3.95617799,48.99308961],[3.95624195,48.99265296],[3.95586369,48.99264285],[3.95582327,48.99303996],[3.95617799,48.99308961]]],[[[3.95550081,48.88976285],[3.9558018217871913,48.889088133157614],[3.95550325,48.88976119],[3.95581413,48.8898405],[3.95618308,48.88900411],[3.95535272,48.8887605],[3.95496074,48.88964523],[3.95550081,48.88976285]]],[[[3.95581198,48.97128075],[3.95600108,48.97114079],[3.95514924,48.97053274],[3.95526119,48.97072458],[3.95581198,48.97128075]]],[[[3.95584952,48.99257649],[3.9557805,48.99206786],[3.95571762,48.99257992],[3.95584952,48.99257649]]],[[[3.95565341,48.88987152],[3.95542049,48.89087768],[3.95583999,48.88991005],[3.95565341,48.88987152]]],[[[3.95441012,48.30315157],[3.95481733,48.30326244],[3.95566202,48.30214259],[3.95525726,48.3020337],[3.95441012,48.30315157]]],[[[3.95563642,48.96956171],[3.9545357,48.96919351],[3.95452443,48.96924146],[3.95563642,48.96956171]]],[[[3.95445974,48.98592616],[3.95386607,48.98657331],[3.95540951,48.98675494],[3.95555744,48.98646364],[3.95445974,48.98592616]]],[[[3.95547419,48.98127552],[3.95496692,48.98049199],[3.95481817,48.98055046],[3.95547419,48.98127552]]],[[[3.95485341,48.99259845],[3.95534157,48.992588],[3.95529252,48.99181778],[3.95485858,48.991795],[3.95485341,48.99259845]]],[[[3.95427762,48.89070316],[3.95466497,48.88962374],[3.95420097,48.89068991],[3.95427762,48.89070316]]],[[[3.95432143,48.99175054],[3.95423559,48.99258875],[3.95440554,48.99258978],[3.95432143,48.99175054]]],[[[3.95406589,48.97659574],[3.95325181,48.97730472],[3.95350733,48.97741686],[3.95424299,48.976763],[3.95406589,48.97659574]]],[[[3.95264783,48.98560138],[3.95318499,48.98612747],[3.95353979,48.98635792],[3.95371548,48.98627801],[3.95264783,48.98560138]]],[[[3.95313528,48.99244104],[3.95359533,48.99248735],[3.95367604,48.99235152],[3.95337699,48.99206421],[3.95313528,48.99244104]]],[[[3.95363244,48.30045192],[3.95296378,48.30029938],[3.95243457,48.30119978],[3.95306389,48.30137069],[3.95363244,48.30045192]]],[[[3.95359346,48.99059407],[3.95282299,48.99069679],[3.95288902,48.99090136],[3.95190328,48.99109168],[3.95351022,48.99115811],[3.95359346,48.99059407]]],[[[3.9521471,48.28725428],[3.9515048457906863,48.28813581782958],[3.95214434,48.28723663],[3.95124004,48.28721286],[3.95065615,48.2879863],[3.95264057,48.28866318],[3.95355571,48.28743684],[3.9521471,48.28725428]]],[[[3.95254169,48.9860762],[3.95343557,48.98649692],[3.95353719,48.9863712],[3.95248571,48.98571036],[3.95254169,48.9860762]]],[[[3.95352666,48.98805255],[3.95263813,48.98739062],[3.9522541,48.9878398],[3.95330517,48.98839456],[3.95352666,48.98805255]]],[[[3.95298089,48.98536946],[3.95336541,48.98573639],[3.95351748,48.98565072],[3.95298089,48.98536946]]],[[[3.9517719,48.99071413],[3.95350069,48.99035064],[3.95350435,48.99035299],[3.95348884,48.99029601],[3.95239172,48.99040466],[3.9517719,48.99071413]]],[[[3.95275184,48.99171829],[3.95323677,48.99139636],[3.95254061,48.99161176],[3.95275184,48.99171829]]],[[[3.95272977,48.99179716],[3.95233773,48.99227502],[3.95283035,48.99186177],[3.95272977,48.99179716]]],[[[3.95230389,48.97730144],[3.95173378,48.97735594],[3.95120577,48.97773606],[3.95151938,48.97788586],[3.95230389,48.97730144]]],[[[3.95208383,48.29149196],[3.95138293,48.29273359],[3.95226951,48.29145158],[3.95208383,48.29149196]]],[[[3.95216704,48.28979529],[3.95185648,48.2896572],[3.9508058,48.29070823],[3.95114382,48.29084965],[3.95216704,48.28979529]]],[[[3.95175395,48.98788389],[3.95145066,48.98820216],[3.95185853,48.9883631],[3.95216199,48.98805435],[3.95175395,48.98788389]]],[[[3.95069658,48.29241323],[3.95121822,48.29267021],[3.95205826,48.29134557],[3.95155269,48.29116965],[3.95069658,48.29241323]]],[[[3.95039711,48.99210179],[3.95178123,48.99320866],[3.95201166,48.99302935],[3.951021899770631,48.992301426531874],[3.95126897,48.99203012],[3.95039711,48.99210179]]],[[[3.95176431,48.99193162],[3.95148709,48.99191874],[3.95158349,48.99202823],[3.95176431,48.99193162]]],[[[3.95154788,48.29117537],[3.95110572,48.29101376],[3.95028468,48.29217263],[3.95069528,48.29241305],[3.95154788,48.29117537]]],[[[3.95024012,48.28784741],[3.95065116,48.28799146],[3.95122446,48.28721892],[3.95070884,48.28721564],[3.95024012,48.28784741]]],[[[3.94990266,48.28896663],[3.95051034,48.28914633],[3.95119436,48.2882318],[3.95061856,48.28803643],[3.94990266,48.28896663]]],[[[3.94990266,48.28896663],[3.95061234,48.2880445],[3.9498713,48.28778316],[3.94926343,48.28876097],[3.94990266,48.28896663]]],[[[3.95018183,48.97088795],[3.95102073,48.97115395],[3.95107302,48.97110857],[3.95045315,48.97088105],[3.95018183,48.97088795]]],[[[3.95045315,48.97088105],[3.95105138,48.97109973],[3.95111172,48.97103917],[3.95073836,48.97088034],[3.95045315,48.97088105]]],[[[3.95021675,48.97447844],[3.95065926,48.97400926],[3.95013437,48.97445885],[3.95021675,48.97447844]]],[[[3.950081,48.97060686],[3.95035983,48.97084679],[3.95061751,48.97084352],[3.950081,48.97060686]]],[[[3.95035983,48.97084679],[3.9499804,48.97070752],[3.94991385,48.97080298],[3.95007971,48.97085557],[3.95035983,48.97084679]]],[[[3.94905565,48.29008521],[3.94940175,48.29019579],[3.95048749,48.28917646],[3.94969574,48.28894798],[3.94905565,48.29008521]]],[[[3.95046576,48.28920973],[3.94940615,48.29019433],[3.94948868,48.29022045],[3.95046576,48.28920973]]],[[[3.9500828,48.97675239],[3.9504043,48.97672393],[3.95026676,48.97663787],[3.9500828,48.97675239]]],[[[3.95031309,48.89116425],[3.94872532,48.89015896],[3.94836636,48.89028945],[3.95007171,48.89135599],[3.95031309,48.89116425]]],[[[3.94708239,48.29039053],[3.94818636,48.290553],[3.94992264,48.28722118],[3.94847101,48.28722533],[3.94731203,48.29040116],[3.94708239,48.29039053]]],[[[3.94906956,48.29158348],[3.94985517,48.29047091],[3.94888306,48.29014206],[3.94813952,48.29124791],[3.94906956,48.29158348]]],[[[3.94748775,48.8906671],[3.94939481,48.89184012],[3.94960308,48.89168113],[3.94777057,48.89052967],[3.94748775,48.8906671]]],[[[3.94881732,48.2900089],[3.94955235,48.2889204],[3.94921575,48.28883418],[3.94858312,48.28995716],[3.94881732,48.2900089]]],[[[3.94890196,48.97114583],[3.94921781,48.97086814],[3.94837122,48.97161244],[3.94890196,48.97114583]]],[[[3.94763279,48.97426707],[3.94731791,48.97470627],[3.94888178,48.97514996],[3.94862642,48.97466888],[3.94763279,48.97426707]]],[[[3.94749864,48.97353028],[3.94797523,48.97350272],[3.94817777,48.97351064],[3.947654,48.97332918],[3.94749864,48.97353028]]],[[[3.945834935294242,48.975195202139176],[3.94588573,48.97490623],[3.945754204406311,48.975107132079614],[3.945834935294242,48.975195202139176]]],[[[3.94587825,49.0078106],[3.94558331,49.00782498],[3.94584721,49.00788107],[3.94587825,49.0078106]]],[[[3.94536603,49.01023127],[3.9455355,49.01040125],[3.94587459,49.0099792],[3.94577788,49.00941074],[3.94536603,49.01023127]]],[[[3.94587172,48.29021855],[3.943455,48.28993311],[3.94322488,48.29023075],[3.94541697,48.29092033],[3.94587172,48.29021855]]],[[[3.94550246,49.00809002],[3.9455907,49.00836771],[3.94573174,49.00836659],[3.94578819,49.00803099],[3.94550246,49.00809002]]],[[[3.94559244,49.00849502],[3.94475741,49.00860608],[3.94576788,49.00913318],[3.94559244,49.00849502]]],[[[3.94566298,49.00761025],[3.94484494,49.00719243],[3.94462223,49.00740716],[3.94539054,49.00787276],[3.94566298,49.00761025]]],[[[3.94444141,49.00838265],[3.94552079,49.00822891],[3.9455336,49.00822752],[3.9454393,49.00792589],[3.94449621,49.00811256],[3.94444141,49.00838265]]],[[[3.94519985,48.28770211],[3.94360109,48.2879963],[3.9434121,48.28983882],[3.94454809,48.28997661],[3.94519985,48.28770211]]],[[[3.94493662,48.9722545],[3.94443234,48.97215984],[3.94446423,48.9723293],[3.94493662,48.9722545]]],[[[3.94419199,49.00960743],[3.94436976,49.0094395],[3.94099787,49.00896638],[3.94419199,49.00960743]]],[[[3.94245943,49.00123676],[3.94332154,49.00106152],[3.94329935,49.00081189],[3.9423579,49.00099356],[3.94245943,49.00123676]]],[[[3.94105437,49.00491251],[3.94318151,49.00442598],[3.94300523,49.00404222],[3.94070888,49.00458889],[3.94105437,49.00491251]]],[[[3.94223736,48.97330827],[3.9428718,48.97371373],[3.94296896,48.97359043],[3.94223736,48.97330827]]],[[[3.94223927,48.99834442],[3.94092253,48.99871641],[3.9417316,48.99866485],[3.94223927,48.99834442]]],[[[3.94070619,48.99855155],[3.94215705,48.99799768],[3.94055223,48.99843617],[3.94070619,48.99855155]]],[[[3.94201253,48.97334177],[3.94165742,48.97302597],[3.94126006,48.97328804],[3.941633,48.97348992],[3.94201253,48.97334177]]],[[[3.94182921,49.00639037],[3.93934812,49.00765298],[3.94194564,49.00642302],[3.94182921,49.00639037]]],[[[3.94019014,49.00040454],[3.94021584,49.00044876],[3.94152952,49.00029145],[3.94019014,49.00040454]]],[[[3.9411868,48.99365705],[3.93957676,48.99397544],[3.94131741,48.99385711],[3.9411868,48.99365705]]],[[[3.93817255,49.02110801],[3.93677681,49.02180884],[3.93700629,49.02199276],[3.93817255,49.02110801]]],[[[3.93697084,49.02804762],[3.93785332,49.02782145],[3.93692412,49.02796472],[3.93697084,49.02804762]]],[[[3.93702117,48.98939362],[3.93641112,48.98954709],[3.93648507,48.98963812],[3.93702117,48.98939362]]],[[[3.93444606,49.02143699],[3.9346584,49.02157807],[3.93493742,49.0213035],[3.93469648,49.02118167],[3.93444606,49.02143699]]],[[[3.93321481,49.02539802],[3.93436293,49.0253653],[3.93332248,49.02507001],[3.93321481,49.02539802]]],[[[3.9324625054682047,49.00019185789608],[3.933545,49.000657],[3.9340577440878506,49.00079014637719],[3.9324625054682047,49.00019185789608]]],[[[3.93253353,48.99386057],[3.93379552,48.99345736],[3.93249282,48.99379935],[3.93253353,48.99386057]]],[[[3.93234334,49.0248527],[3.93219405,49.02560571],[3.93310912,49.02538922],[3.93324758,49.02504078],[3.93234334,49.0248527]]],[[[3.93178164,49.01675722],[3.93194837,49.01637286],[3.9314541,49.01624346],[3.9309845,49.01708698],[3.93178164,49.01675722]]],[[[3.93165131,49.02006068],[3.9306964,49.02013904],[3.93090504,49.02025916],[3.93165131,49.02006068]]],[[[3.93079105,49.02644696],[3.93099608,49.0261789],[3.93137524,49.02512909],[3.93104514,49.02558696],[3.93079105,49.02644696]]],[[[3.93038484,49.02014127],[3.93084466,49.0197594],[3.93057245,49.01970917],[3.93038484,49.02014127]]],[[[3.92999991,49.02016544],[3.92964715,49.02068047],[3.93010075,49.02018677],[3.92999991,49.02016544]]],[[[3.92985408,49.01797632],[3.92964136,49.01793478],[3.92923206,49.0186406],[3.92944699,49.0186766],[3.92985408,49.01797632]]],[[[3.92976388,49.02144444],[3.92890129,49.0221649],[3.92860493,49.02258594],[3.92880341,49.02276047],[3.92976388,49.02144444]]],[[[3.92816045,49.02247853],[3.92788581,49.02279923],[3.92825545,49.02293556],[3.92853321,49.02258723],[3.92816045,49.02247853]]],[[[3.92776624,49.02175503],[3.92829299,49.02139774],[3.92721928,49.02104745],[3.92695544,49.02156818],[3.92776624,49.02175503]]],[[[3.92823901,49.02293577],[3.92729161,49.02258198],[3.92710142,49.02287134],[3.9278603,49.02327887],[3.92823901,49.02293577]]],[[[3.92780091,49.02230018],[3.92753212,49.02267021],[3.92791545,49.02235818],[3.92780091,49.02230018]]],[[[3.92740999,49.02040635],[3.92717044,49.01960387],[3.92698602,49.01960138],[3.92676474,49.02043879],[3.92740999,49.02040635]]],[[[3.92671433,49.0227899],[3.92603927,49.02348034],[3.92625128,49.02360242],[3.92709605,49.02289402],[3.92671433,49.0227899]]],[[[3.92532336,49.02177702],[3.92559336,49.0212967],[3.92584421,49.02075706],[3.92532336,49.02177702]]],[[[3.92469584,49.02302513],[3.9249647,49.02308968],[3.92523846,49.02261648],[3.9249653,49.0225139],[3.92469584,49.02302513]]],[[[3.92410312,49.0242984],[3.92437955,49.02407619],[3.92488531,49.0231206],[3.9246658,49.0230654],[3.92410312,49.0242984]]],[[[3.92317055,49.01982915],[3.92312509,49.02073124],[3.92332672,49.01986364],[3.92317055,49.01982915]]],[[[3.92325695,49.02283395],[3.92331636,49.02170122],[3.922948,49.02173736],[3.92319798,49.02236832],[3.92292722,49.02282177],[3.92325695,49.02283395]]],[[[3.92301029,49.02078524],[3.92283844,49.0217002],[3.92306951,49.02167463],[3.92327005,49.02074517],[3.92301029,49.02078524]]],[[[3.91941851,49.00865278],[3.92240426,49.00916759],[3.92242696,49.00889978],[3.91971021,49.00843983],[3.91941851,49.00865278]]],[[[3.92133422,49.02133506],[3.92077968,49.02094191],[3.92044024,49.02112129],[3.92064428,49.0215973],[3.92133422,49.02133506]]],[[[3.91974673,49.01749028],[3.92108107,49.01791641],[3.92125358,49.01771738],[3.91989834,49.01727822],[3.91974673,49.01749028]]],[[[3.92053317,49.020802],[3.92042692,49.02106971],[3.92067776,49.02093455],[3.92053317,49.020802]]],[[[3.9196931,49.02028447],[3.91930473,49.02041592],[3.91971964,49.02113333],[3.92032368,49.0209229],[3.9196931,49.02028447]]],[[[3.9184079,49.0081528],[3.91822065,49.00812982],[3.91816582,49.00840748],[3.91935798,49.00861516],[3.91966214,49.00841037],[3.9184079,49.0081528]],[[3.91835715,49.00814939],[3.918273688811358,49.00814376059432],[3.91827369,49.00814376],[3.91835715,49.00814939]]],[[[3.91901443,49.0194478],[3.91870378,49.01960896],[3.91917434,49.02003313],[3.91950525,49.01982787],[3.91901443,49.0194478]]],[[[3.91859379,49.00668986],[3.91819705,49.00749243],[3.91898293,49.00758045],[3.91926057,49.00682978],[3.91859379,49.00668986]]],[[[3.91843804,49.018948],[3.91911977,49.0193475],[3.91922571,49.01930362],[3.91843804,49.018948]]],[[[3.91823052,49.0160754],[3.9184635,49.01559845],[3.91807175,49.01555286],[3.91794647,49.01602811],[3.91823052,49.0160754]]],[[[3.917124,49.02207513],[3.91745163,49.0220584],[3.91745315,49.02132845],[3.91691617,49.02132544],[3.91676623,49.02160861],[3.91710123,49.02160132],[3.917124,49.02207513]]],[[[3.9165379,49.01785217],[3.91715454,49.01777955],[3.91718573,49.01776752],[3.9165379,49.01785217]]],[[[3.91617387,49.02429048],[3.916696832203611,49.0250379760627],[3.91643769,49.02424981],[3.91617387,49.02429048]]],[[[3.91590407,49.01958877],[3.9147296,49.0198642],[3.91603522,49.01964106],[3.91590407,49.01958877]]],[[[3.91373464,49.01680446],[3.91407296,49.01694489],[3.91513317,49.01645025],[3.91416493,49.01663853],[3.91373464,49.01680446]]],[[[3.91469511,49.01995963],[3.9140024,49.02027088],[3.91477664,49.02006988],[3.91469511,49.01995963]]],[[[3.91301859,49.0176055],[3.91433304,49.01706492],[3.91431278,49.01694136],[3.91301859,49.0176055]]],[[[3.912932911819808,49.01626059973596],[3.91353729,49.01631207],[3.9130861934154275,49.0160421383774],[3.912932911819808,49.01626059973596]]],[[[3.91325314,49.02016067],[3.91250921,49.02002833],[3.91215325,49.02015238],[3.91325314,49.02016067]]],[[[3.73006588,48.73929732],[3.7302261,48.73965828],[3.73236126,48.73903331],[3.73228687,48.73868012],[3.73006588,48.73929732]]],[[[3.72940325,48.7382806],[3.72999511,48.73931453],[3.73230227,48.73867584],[3.73168951,48.7376312],[3.72940325,48.7382806]]],[[[3.73172594,48.73144944],[3.73219363,48.73119826],[3.73156301,48.73132908],[3.73172594,48.73144944]]],[[[3.73160442,48.73353677],[3.73002647,48.73417371],[3.73004198,48.73451155],[3.73170894,48.73408488],[3.73160442,48.73353677]]],[[[3.73143256,48.73307404],[3.73013742,48.73320262],[3.73019159,48.73347478],[3.73143256,48.73307404]]],[[[3.73005912,48.73019556],[3.73032993,48.73039619],[3.73084561,48.73009963],[3.73061818,48.72991489],[3.73005912,48.73019556]]],[[[3.73040038,48.7310769],[3.72984903,48.73097843],[3.73001063,48.73121542],[3.73040038,48.7310769]]],[[[3.73040038,48.7310769],[3.73083045,48.73084678],[3.73017388,48.7308296],[3.73040038,48.7310769]]],[[[3.73047951,48.7329922],[3.7304619618473365,48.73243505732342],[3.7307982,48.73250882],[3.73023245,48.73171998],[3.73049727,48.7323417],[3.72966403,48.73256168],[3.73006694,48.73294594],[3.7301073,48.73313132],[3.73047951,48.7329922]]],[[[3.73002104,48.73126336],[3.73032535,48.73171501],[3.73071395,48.73156912],[3.73028395,48.7311831],[3.73002104,48.73126336]]],[[[3.72971268,48.73068941],[3.72983423,48.73096447],[3.7305744,48.73064224],[3.73029995,48.73043918],[3.72971268,48.73068941]]],[[[3.73021291,48.73363617],[3.72967327,48.73357773],[3.72912846,48.73408433],[3.73021291,48.73363617]]],[[[3.73003244,48.73302692],[3.72984426,48.73307686],[3.73014569,48.7335367],[3.73003244,48.73302692]]],[[[3.73004074,48.73023432],[3.72961397,48.7305142],[3.73012075,48.73029365],[3.73004074,48.73023432]]],[[[3.72992748,48.73016344],[3.72956219,48.73039881],[3.73003238,48.73022739],[3.72992748,48.73016344]]],[[[3.72965885,48.73128959],[3.72917112,48.73036723],[3.72906007,48.73040122],[3.72965885,48.73128959]]],[[[3.72770093,48.73236634],[3.72848226,48.73247919],[3.72886891,48.73220112],[3.72845804,48.73239033],[3.72770093,48.73236634]]],[[[3.72761168,48.73213965],[3.72814524,48.73228016],[3.72804741,48.73201766],[3.72761168,48.73213965]]],[[[3.72799934,48.73076933],[3.72768464,48.73089132],[3.72739393,48.73101925],[3.72749158,48.73107463],[3.72799934,48.73076933]]],[[[3.72702184,48.73731862],[3.72592883,48.7375428],[3.72628251,48.73813798],[3.72741736,48.73797921],[3.72702184,48.73731862]]],[[[3.72476241,48.73373767],[3.72481965,48.73423232],[3.72719118,48.73376335],[3.72699116,48.73335048],[3.72476241,48.73373767]]],[[[3.72321217,48.73590263],[3.72437764,48.73618157],[3.72354175,48.73569176],[3.72321217,48.73590263]]],[[[3.72342895,48.7362901],[3.72425534,48.73634112],[3.72321225,48.73590831],[3.72300076,48.73609136],[3.72341362,48.7362348],[3.72342895,48.7362901]]],[[[3.72392648,48.7367647],[3.72409186,48.73652869],[3.72342477,48.73629089],[3.72340874,48.73623714],[3.72296097,48.73608666],[3.72272788,48.7364022],[3.72392648,48.7367647]]],[[[3.72270831,48.73660189],[3.72387726,48.73684178],[3.72388944,48.73681196],[3.72270831,48.73660189]]],[[[3.72210298,48.73409609],[3.72237529,48.73348419],[3.72255708,48.73263345],[3.72142136,48.73290404],[3.72159538,48.73364589],[3.72210298,48.73409609]]],[[[3.72239554,48.70539222],[3.72240108,48.70475199],[3.72160875,48.70465922],[3.72221885,48.70509581],[3.72239554,48.70539222]]],[[[3.72019738,48.71284784],[3.72137181,48.71303574],[3.72136971,48.71288359],[3.72019738,48.71284784]]],[[[3.72133101,48.71414885],[3.72135518,48.71400598],[3.71982955,48.71394689],[3.72133101,48.71414885]]],[[[3.72064831,48.70727163],[3.72055227,48.70862319],[3.72102873,48.70870035],[3.72114339,48.70752559],[3.72064831,48.70727163]]],[[[3.71935459,48.71135388],[3.71986717,48.7116637],[3.72110253,48.71153962],[3.72065393,48.71104618],[3.71935459,48.71135388]]],[[[3.72065622,48.70953227],[3.72084179,48.70890762],[3.72063635,48.70887317],[3.72041848,48.70950277],[3.72065622,48.70953227]]],[[[3.71904564,48.70667681],[3.71990903,48.7085186],[3.72007518,48.70700638],[3.71904564,48.70667681]]],[[[3.71935448,48.71018281],[3.71927565,48.71072589],[3.71958659,48.71084777],[3.71970922,48.71035202],[3.71935448,48.71018281]]],[[[3.71930394,48.71138638],[3.71819722,48.71145],[3.71820155,48.71163442],[3.71930394,48.71138638]]],[[[3.71886527,48.71686612],[3.71904926,48.71631973],[3.71858409,48.71629546],[3.71851981,48.71685154],[3.71886527,48.71686612]]],[[[3.71720313,48.71129911],[3.71801061,48.71122602],[3.71890401,48.71077263],[3.71878778,48.71057948],[3.71720313,48.71129911]]],[[[3.718324,48.71026018],[3.71868444,48.70987836],[3.717824,48.70961178],[3.71711979,48.71018004],[3.71758281,48.71051762],[3.71811055,48.71007731],[3.718324,48.71026018]]],[[[3.71797623,48.71616019],[3.71805889,48.71681058],[3.71850668,48.71681265],[3.71855761,48.71630352],[3.71797623,48.71616019]]],[[[3.71854157,48.70571529],[3.71844562,48.70550367],[3.71720282,48.7057301],[3.71737855,48.70592568],[3.71854157,48.70571529]]],[[[3.71722783,48.73500513],[3.71787412,48.73537619],[3.71794102,48.73524778],[3.71722783,48.73500513]]],[[[3.71792611,48.71605228],[3.71653261,48.71514203],[3.71625961,48.71569103],[3.71792611,48.71605228]]],[[[3.71708506,48.73512854],[3.7168028,48.73511061],[3.71776047,48.73542137],[3.71708506,48.73512854]]],[[[3.71730745,48.71761235],[3.71740024,48.71703587],[3.71741916,48.71666192],[3.71716141,48.71667536],[3.71701581,48.71758911],[3.71730745,48.71761235]]],[[[3.71602271,48.70611588],[3.71740324,48.70607231],[3.7170523454141176,48.705673908754825],[3.7160492819119817,48.70589648634946],[3.71602271,48.70611588]]],[[[3.71657171,48.71756117],[3.71679064,48.7184729],[3.71691594,48.71764396],[3.71657171,48.71756117]]],[[[3.71622691,48.73566514],[3.71600053,48.73591562],[3.71653833,48.73630387],[3.71665436,48.73587795],[3.71622691,48.73566514]]],[[[3.71590435,48.72149186],[3.71630178,48.72114971],[3.71609842,48.72107354],[3.71646732,48.72061917],[3.71594932,48.72048305],[3.71545583,48.72106525],[3.71590435,48.72149186]]],[[[3.71591898,48.71815652],[3.71519579,48.71749146],[3.71525928,48.71871432],[3.71642104,48.71845627],[3.71591898,48.71815652]]],[[[3.71622851,48.70935014],[3.71568816,48.71015431],[3.71641485,48.70939457],[3.71622851,48.70935014]]],[[[3.71607453,48.71820063],[3.71625982,48.71789906],[3.7161716,48.71789126],[3.71607453,48.71820063]]],[[[3.71601893,48.70929535],[3.71550531,48.71009735],[3.71622154,48.70934739],[3.71601893,48.70929535]]],[[[3.71603902,48.71744667],[3.71527017,48.71750915],[3.7158966,48.71807699],[3.71603902,48.71744667]]],[[[3.71555879,48.71482865],[3.71599637,48.71493728],[3.71601649,48.71437673],[3.7156867,48.71432172],[3.71555879,48.71482865]]],[[[3.71535453,48.72038073],[3.71524699,48.72087156],[3.71557671,48.72045198],[3.71535453,48.72038073]]],[[[3.71538985,48.72108686],[3.71502708,48.72151741],[3.71545385,48.72116382],[3.71538985,48.72108686]]],[[[3.71502819,48.7157746],[3.71318476,48.71588678],[3.71283855,48.71594871],[3.71315886,48.71641571],[3.71410508,48.71663975],[3.71445203,48.71716788],[3.71502819,48.7157746]]],[[[3.71363042,48.73555309],[3.71458315,48.73629227],[3.71493405,48.73570902],[3.71401965,48.73533896],[3.71363042,48.73555309]]],[[[3.71417773,48.71479553],[3.71316995,48.71486879],[3.71314028,48.71576003],[3.71404819,48.71561538],[3.71417773,48.71479553]]],[[[3.71332546,48.71887038],[3.71301921,48.71962186],[3.71371936,48.72006033],[3.71417549,48.71948644],[3.71332546,48.71887038]]],[[[3.71347614,48.71654516],[3.71314559,48.71643648],[3.71305468,48.71636385],[3.71146938,48.71713796],[3.71322318,48.71793447],[3.71410023,48.71672182],[3.71363534,48.71656862],[3.71311508,48.71687407],[3.71347614,48.71654516]],[[3.71340425,48.71694787],[3.71343606,48.71693998],[3.71338902,48.71695183],[3.71340425,48.71694787]]],[[[3.71296153,48.72991285],[3.71273614,48.73131587],[3.71387213,48.73020201],[3.71296153,48.72991285]]],[[[3.71313642,48.72877227],[3.71198788,48.72966975],[3.71276254,48.72999513],[3.71361606,48.72899876],[3.71313642,48.72877227]]],[[[3.71285874,48.73211714],[3.71306438,48.73205998],[3.71228459,48.73181976],[3.71285874,48.73211714]]],[[[3.71144742,48.71714867],[3.71305468,48.71636384],[3.71136922,48.71710048],[3.71144742,48.71714867]]],[[[3.71300185,48.71628977],[3.71226004,48.71602313],[3.71104602,48.71686332],[3.71139322,48.71708856],[3.71300185,48.71628977]]],[[[3.7121975,48.73194967],[3.7122025,48.73235009],[3.712705,48.73217787],[3.7121975,48.73194967]]],[[[3.71180059,48.72983902],[3.71151159,48.73028526],[3.71254701,48.73059163],[3.71269394,48.73011244],[3.71180059,48.72983902]]],[[[3.71120053,48.73074201],[3.71252969,48.73095166],[3.71145744,48.73037769],[3.71120053,48.73074201]]],[[[3.7111216,48.73075325],[3.71142129,48.73030045],[3.71108126,48.73012279],[3.71074693,48.73069907],[3.7111541853457184,48.73035664758979],[3.7111216,48.73075325]]],[[[3.71063776,48.73183093],[3.71035669,48.73208956],[3.71062955,48.73218761],[3.7102297,48.73280426],[3.71078127,48.73277246],[3.71063776,48.73183093]]],[[[3.71025823,48.72972985],[3.7106426,48.72982157],[3.71048445,48.72965941],[3.71025823,48.72972985]]],[[[3.70797035,48.73002451],[3.70990621,48.72979407],[3.71047105,48.72953368],[3.71025991,48.72908516],[3.70768508,48.72975614],[3.70797035,48.73002451]]],[[[3.71034561,48.73305314],[3.70999661,48.73323314],[3.70975877,48.73346807],[3.71034561,48.73305314]]],[[[3.70849277,48.73249881],[3.70883597,48.73220644],[3.70950527,48.73179543],[3.7081621,48.73223607],[3.70849277,48.73249881]]],[[[3.70825844,48.7275255],[3.7081652,48.7271616],[3.70759246,48.72721756],[3.70772678,48.72763066],[3.70825844,48.7275255]]],[[[3.7072521,48.72777265],[3.70768985,48.72769033],[3.70749814,48.72721431],[3.70707252,48.72726205],[3.7072521,48.72777265]]],[[[3.70504988,48.72662677],[3.70530731,48.72666442],[3.70678174,48.72688008],[3.70666235,48.7266142],[3.70542774,48.72642219],[3.70504988,48.72662677]]],[[[3.70504988,48.72662677],[3.70487105,48.72696873],[3.70697088,48.72723356],[3.70678174,48.72688008],[3.70504988,48.72662677]]],[[[3.70450674,48.72770564],[3.70545799,48.72739007],[3.70679574,48.72725336],[3.70487343,48.72697662],[3.70450674,48.72770564]]],[[[3.69375529,48.66224956],[3.69436925,48.66387744],[3.69439791,48.66387073],[3.69375529,48.66224956]]],[[[3.69277294,48.66230878],[3.69343006,48.66404473],[3.69367021,48.66400169],[3.69300783,48.66227673],[3.69277294,48.66230878]]],[[[3.69077568,48.65962526],[3.69146291,48.65944681],[3.69132464,48.6592903],[3.69077568,48.65962526]]],[[[3.69072519,48.6594876],[3.69130419,48.65929469],[3.69109105,48.65903429],[3.69049452,48.65925787],[3.69072519,48.6594876]]],[[[3.69037466,48.65899463],[3.69042594,48.65927339],[3.6910909,48.65902797],[3.69088202,48.65878464],[3.69037466,48.65899463]]],[[[3.68988013,48.65894516],[3.69087277,48.65878446],[3.69070765,48.6585875],[3.68988013,48.65894516]]],[[[3.69027599,48.66012785],[3.6908109,48.66009857],[3.690776,48.65976796],[3.69020748,48.65969985],[3.69027599,48.66012785]]],[[[3.6905207,48.66017403],[3.69034278,48.66111991],[3.69066228,48.66110132],[3.6905207,48.66017403]]],[[[3.69031742,48.65901626],[3.6898389,48.65915797],[3.68991724,48.65924329],[3.69031742,48.65901626]]],[[[3.69001867,48.65796609],[3.69009832,48.65814888],[3.69029316,48.65807754],[3.69001867,48.65796609]]],[[[3.68983005,48.65944581],[3.69004569,48.66013356],[3.68996591,48.65939623],[3.68983005,48.65944581]]],[[[3.68999324,48.66075717],[3.68991925,48.66109664],[3.69002425,48.66109747],[3.68999324,48.66075717]]],[[[3.6897907,48.66018517],[3.6900198,48.66071175],[3.68997023,48.6601861],[3.6897907,48.66018517]]],[[[3.68954672,48.6579293],[3.68945636,48.65817727],[3.68988451,48.65797735],[3.68954672,48.6579293]]],[[[3.68910205,48.65326383],[3.68976806,48.65364791],[3.68982452,48.65357143],[3.6894484,48.65283343],[3.68910205,48.65326383]]],[[[3.68939636,48.66106552],[3.68979412,48.66109434],[3.68971596,48.66063808],[3.68937979,48.66065685],[3.68939636,48.66106552]]],[[[3.68945448,48.66064752],[3.68963493,48.66018018],[3.68941663,48.66014527],[3.68945480551184,48.66061380627373],[3.68941538,48.66014407],[3.68878098,48.65999201],[3.68868159,48.65998809],[3.68848988,48.66100836],[3.68882053,48.6610247],[3.68884016,48.66050465],[3.6888824,48.66050487],[3.6888843,48.66045446],[3.68895984,48.66005301],[3.6889706444791646,48.660043322627075],[3.68891549,48.66047779],[3.68929837,48.66046604],[3.68945448,48.66064752]],[[3.68885871,48.66044356],[3.68886812,48.66044089],[3.68885872,48.66044356],[3.68885871,48.66044356]],[[3.68881531,48.66101886],[3.68881532,48.66101886],[3.68881532,48.66101887],[3.68881531,48.66101886]]],[[[3.68879759,48.6663449],[3.68956378,48.66585051],[3.68881026,48.66378347],[3.68794433,48.66395477],[3.68879759,48.6663449]]],[[[3.689469,48.659374],[3.68871726,48.65923266],[3.68805964,48.65931059],[3.68823763,48.65964165],[3.68947998,48.65963106],[3.689469,48.659374]]],[[[3.68824424,48.65972065],[3.68876016,48.65994977],[3.6894448,48.66010527],[3.68946438,48.65970992],[3.68824424,48.65972065]]],[[[3.68904104,48.65235686],[3.68881459,48.65220893],[3.688337,48.65276623],[3.68856912,48.65290819],[3.68904104,48.65235686]]],[[[3.68770477,48.65037356],[3.68853793,48.65022476],[3.68902792,48.65020204],[3.68789505,48.65009329],[3.68770477,48.65037356]]],[[[3.68882388,48.66102475],[3.68902338,48.66048727],[3.68888491,48.66047606],[3.68888306,48.66050582],[3.68884174,48.66050517],[3.68882388,48.66102475]]],[[[3.68783057,48.65887572],[3.68891462,48.65853626],[3.68781934,48.6588413],[3.68783057,48.65887572]]],[[[3.68887371,48.65853863],[3.68853413,48.6585995],[3.6878031,48.6588072],[3.68887371,48.65853863]]],[[[3.68857806,48.65197561],[3.68879576,48.65050353],[3.68793708,48.65185317],[3.68857806,48.65197561]]],[[[3.68828777,48.65783769],[3.68812337,48.65790211],[3.6884568,48.65812469],[3.68828777,48.65783769]]],[[[3.68810401,48.65808199],[3.6883368,48.65816363],[3.68799804,48.65794544],[3.68810401,48.65808199]]],[[[3.68825435,48.65199139],[3.68751419,48.65174654],[3.68722257,48.65211121],[3.6878361,48.65247307],[3.68825435,48.65199139]]],[[[3.68815527,48.66001366],[3.68764655,48.65874478],[3.68740633,48.66002226],[3.68815527,48.66001366]]],[[[3.68807636,48.65823432],[3.68802905,48.65799025],[3.68791896,48.65802562],[3.68807636,48.65823432]]],[[[3.68796285,48.66053623],[3.68784215,48.66010021],[3.68771108,48.66051388],[3.68796285,48.66053623]]],[[[3.68791164,48.65830524],[3.6878701,48.65801512],[3.68772267,48.6580725],[3.68791164,48.65830524]]],[[[3.68785832,48.66102665],[3.68705084,48.66080859],[3.68698018,48.66108235],[3.68763085,48.66115763],[3.68785832,48.66102665]]],[[[3.68767889,48.65839803],[3.68775041,48.65837263],[3.68748344,48.65815045],[3.68767889,48.65839803]]],[[[3.68775041,48.65837263],[3.6875931,48.65808731],[3.68752872,48.65810911],[3.68775041,48.65837263]]],[[[3.68712996,48.65142523],[3.68768282,48.65040881],[3.68702042,48.65138961],[3.68712996,48.65142523]]],[[[3.68747921,48.6581528],[3.68729516,48.65822526],[3.68767694,48.65839887],[3.68747921,48.6581528]]],[[[3.68563552,48.66120422],[3.68696894,48.66159342],[3.68732518,48.66132243],[3.68685021,48.66126567],[3.68720793,48.6600546],[3.6861184,48.65997995],[3.68573923,48.66092698],[3.68650396,48.66116295],[3.68563552,48.66120422]]],[[[3.68649648,48.65166217],[3.68668359,48.65138589],[3.68633805,48.65156765],[3.68649648,48.65166217]]],[[[3.68482873,48.67297544],[3.68603774,48.6727476],[3.68477266,48.67281036],[3.68482873,48.67297544]]],[[[3.68453925,48.6598649],[3.68587308,48.66041071],[3.6860262,48.65998673],[3.68453925,48.6598649]]],[[[3.68526829,48.64857108],[3.68418199,48.65016084],[3.68481409,48.6506073],[3.6859823,48.64875372],[3.68526829,48.64857108]]],[[[3.68578606,48.65111031],[3.68587662,48.65130495],[3.68597185,48.65117112],[3.68578606,48.65111031]]],[[[3.68478178,48.65655642],[3.68493282,48.65694646],[3.68589094,48.65700402],[3.68505751,48.65659232],[3.68478178,48.65655642]]],[[[3.68565844,48.66095609],[3.68411689,48.66117684],[3.68557834,48.66120697],[3.68565844,48.66095609]]],[[[3.68494544,48.66120532],[3.68489208,48.66145217],[3.68540392,48.66146595],[3.68556403,48.66121009],[3.68494544,48.66120532]]],[[[3.68508236,48.66473352],[3.68514307,48.66497949],[3.68546414,48.66494195],[3.68540729,48.66470256],[3.68508236,48.66473352]]],[[[3.68542204,48.63641965],[3.68442628,48.63819488],[3.68545883,48.63642299],[3.68542204,48.63641965]]],[[[3.68234097,48.64908536],[3.68316875,48.64960319],[3.68537455,48.64611803],[3.68456174,48.6456635],[3.68234097,48.64908536]],[[3.682816883902922,48.64904154527444],[3.6837187426271734,48.64765451555108],[3.68322466,48.64842412],[3.682816883902922,48.64904154527444]]],[[[3.68524872,48.65876026],[3.68494087,48.65808998],[3.6846906,48.65818186],[3.68524872,48.65876026]]],[[[3.68377876,48.65735489],[3.68506857,48.65721783],[3.68505505,48.65702001],[3.68406451,48.65702709],[3.68410654,48.65721962],[3.68377876,48.65735489]]],[[[3.68442945,48.65826607],[3.68384995,48.65848587],[3.68449906,48.65919026],[3.68498973,48.65890663],[3.68442945,48.65826607]]],[[[3.68390116,48.63811489],[3.68494362,48.6363447],[3.68463978,48.63630007],[3.68364899,48.63807629],[3.68390116,48.63811489]]],[[[3.68429414,48.65662877],[3.68436043,48.65695891],[3.68489726,48.65694155],[3.6847504,48.65656279],[3.68429414,48.65662877]]],[[[3.68411948,48.66933446],[3.68483174,48.67076785],[3.68431641,48.66928097],[3.68411948,48.66933446]]],[[[3.68449761,48.67302904],[3.68477531,48.67297313],[3.68457532,48.6723837],[3.68429795,48.67242944],[3.68449761,48.67302904]]],[[[3.68475091,48.6574226],[3.6842382,48.65736189],[3.68426304,48.65747539],[3.68475091,48.6574226]]],[[[3.68318215,48.63801088],[3.68363861,48.63807864],[3.68462278,48.63630665],[3.68417503,48.63623356],[3.68318215,48.63801088]]],[[[3.68429079,48.66571175],[3.68454553,48.66568411],[3.68430771,48.66480775],[3.68395593,48.66483238],[3.68446712,48.66628193],[3.68429079,48.66571175]]],[[[3.68354851,48.67259979],[3.68287863,48.67273011],[3.68306496,48.6732527],[3.68442477,48.67307668],[3.68385899,48.67185426],[3.68352186,48.6719038],[3.68373891,48.67256417],[3.68373935,48.67314725],[3.68354851,48.67259979]],[[3.6837400614711338,48.67315004],[3.68374006,48.67315004],[3.68374006,48.67315003423102],[3.6837400614711338,48.67315004]]],[[[3.68425737,48.6663243],[3.68438466,48.66630453],[3.68382385,48.66483844],[3.68425737,48.6663243]]],[[[3.68431782,48.64553035],[3.68209684,48.64894573],[3.68218197,48.64899065],[3.68431782,48.64553035]]],[[[3.6840785,48.65933895],[3.68427317,48.65929476],[3.68408023,48.65878441],[3.6840785,48.65933895]]],[[[3.68382197,48.65762782],[3.68425732,48.65758419],[3.68419437,48.65731709],[3.68377192,48.65736033],[3.68382197,48.65762782]]],[[[3.68370542,48.65703633],[3.68374435,48.65726607],[3.68410341,48.6572182],[3.68406182,48.65702566],[3.68370542,48.65703633]]],[[[3.68398114,48.66093738],[3.68363841,48.66096553],[3.683756,48.66130281],[3.68406681,48.66130697],[3.68398114,48.66093738]]],[[[3.68333169,48.65943796],[3.68367597,48.65939862],[3.68364755,48.65845729],[3.6837819479970113,48.65820831534267],[3.68396911,48.65838334],[3.68394967,48.65799552],[3.68329234,48.6580555],[3.68333169,48.65943796]]],[[[3.68394532,48.65937036],[3.68388103,48.65864663],[3.68386286,48.65936986],[3.68394532,48.65937036]]],[[[3.68313013,48.63799915],[3.68387769,48.63618727],[3.68289782,48.63795258],[3.683273064957531,48.6375005511698],[3.68313013,48.63799915]]],[[[3.68386218,48.65938151],[3.68378677,48.65849065],[3.68378271,48.65938272],[3.68386218,48.65938151]]],[[[3.6835295,48.66593773],[3.68378629,48.66590609],[3.68361586,48.66532855],[3.68335688,48.66535581],[3.6835295,48.66593773]]],[[[3.6837686,48.65762992],[3.68362796,48.65703892],[3.68322227,48.6570579],[3.6832843,48.65768149],[3.6837686,48.65762992]]],[[[3.68277319,48.63799088],[3.68204614,48.63837445],[3.68276976,48.63895225],[3.68375915,48.63814003],[3.68277319,48.63799088]]],[[[3.68340976,48.671946],[3.68352608,48.67259743],[3.6836426,48.67257737],[3.68340976,48.671946]]],[[[3.68334751,48.66488592],[3.68360428,48.66528904],[3.68348555,48.66486419],[3.68334751,48.66488592]]],[[[3.68314523,48.65800711],[3.68350248,48.65799197],[3.68347901,48.6577077],[3.68311122,48.65774075],[3.68314523,48.65800711]]],[[[3.68309812,48.67266112],[3.68349176,48.6726047],[3.68325854,48.67194441],[3.68286747,48.67199068],[3.68309812,48.67266112]]],[[[3.68344305,48.63612494],[3.68312274,48.63606965],[3.68216009,48.63770071],[3.68245252,48.63782041],[3.68344305,48.63612494]]],[[[3.68341657,48.65556694],[3.6832695,48.65530837],[3.68257283,48.65546349],[3.68270747,48.65573284],[3.68341657,48.65556694]]],[[[3.68067538,48.64805211],[3.68099239,48.64826212],[3.68318612,48.64489736],[3.68287003,48.64475756],[3.68067538,48.64805211]]],[[[3.68247814,48.65728151],[3.68252442,48.65805148],[3.68314046,48.65801748],[3.6830337,48.65707012],[3.68247814,48.65728151]]],[[[3.68212424,48.63768473],[3.68304342,48.63605897],[3.68270219,48.63598969],[3.68180908,48.63755595],[3.68212424,48.63768473]]],[[[3.68302333,48.65847322],[3.6830119,48.6580794],[3.68274713,48.65809282],[3.68274404,48.65847541],[3.68302333,48.65847322]]],[[[3.68280903,48.67269446],[3.68274996,48.67202367],[3.68258859,48.67204838],[3.68280903,48.67269446]]],[[[3.68204404,48.67157137],[3.68221634,48.67206056],[3.68273866,48.67197376],[3.68260189,48.67153157],[3.68204404,48.67157137]]],[[[3.68107614,48.64233478],[3.6826753,48.64064328],[3.68093249,48.64227754],[3.68107614,48.64233478]]],[[[3.68197883,48.65959976],[3.68250447,48.6595014],[3.68229091,48.6571654],[3.68174036,48.65723281],[3.68197883,48.65959976]]],[[[3.68181535,48.67211649],[3.68210603,48.67284487],[3.68232901,48.67280668],[3.68206455,48.67208403],[3.68181535,48.67211649]]],[[[3.68168642,48.6704101],[3.68230233,48.67028163],[3.68212093,48.66983822],[3.68134011,48.67020265],[3.68170499,48.671198],[3.68196744,48.67115639],[3.68168642,48.6704101]]],[[[3.68229353,48.67025168],[3.68222322,48.66982013],[3.68212286,48.66983974],[3.68229353,48.67025168]]],[[[3.68163208,48.64407066],[3.67946367,48.64734674],[3.67968789,48.64747555],[3.68195977,48.64422511],[3.68163208,48.64407066]]],[[[3.68160525,48.63579338],[3.68077743,48.63730227],[3.68103095,48.63746742],[3.68194383,48.63587236],[3.68160525,48.63579338]]],[[[3.68154698,48.6440298],[3.68121532,48.64387224],[3.67906702,48.64713913],[3.67942337,48.64733702],[3.68154698,48.6440298]]],[[[3.68141541,48.65646419],[3.68093346,48.65652698],[3.68141545,48.65652041],[3.68141541,48.65646419]]],[[[3.68092805,48.6565312],[3.68041584,48.65629667],[3.68046713,48.65684874],[3.68045613,48.65733325],[3.68099525,48.65727698],[3.68097034,48.65665082],[3.68141095,48.65661586],[3.68141405,48.65652235],[3.68092805,48.6565312]]],[[[3.681391,48.65679386],[3.68099086,48.65668667],[3.68099761,48.65679135],[3.681391,48.65679386]]],[[[3.68099953,48.65680251],[3.6813849,48.65690597],[3.68138885,48.65679552],[3.68099953,48.65680251]]],[[[3.68124237,48.67209129],[3.68118416,48.67258844],[3.68134615,48.67257561],[3.68124237,48.67209129]]],[[[3.68057865,48.67032495],[3.68084915,48.6710625],[3.68133552,48.67095053],[3.68103757,48.67014544],[3.68057865,48.67032495]]],[[[3.68089054,48.66070459],[3.68077631,48.66113591],[3.68112019,48.66116903],[3.68120547,48.66072904],[3.68089054,48.66070459]]],[[[3.68106391,48.67212778],[3.68044388,48.67038862],[3.68113285,48.67259266],[3.68106391,48.67212778]]],[[[3.68069248,48.65605958],[3.68077524,48.65645074],[3.68113233,48.65644474],[3.68112827,48.65604754],[3.68069248,48.65605958]]],[[[3.6810578,48.65409103],[3.68081271,48.65360747],[3.67985483,48.6538132],[3.68040043,48.65486609],[3.68112988,48.6547311],[3.68080933,48.65415049],[3.6810578,48.65409103]]],[[[3.68028331,48.66564487],[3.67959958,48.66583917],[3.6803332,48.6683062],[3.68112552,48.66817078],[3.68028331,48.66564487]]],[[[3.67995584,48.65966879],[3.68105185,48.65969109],[3.6809707,48.65732112],[3.68044706,48.65738599],[3.6798609,48.65733936],[3.67995584,48.65966879]]],[[[3.68046499,48.67111378],[3.6801855,48.6704835],[3.68054688,48.67167676],[3.68071497,48.67265038],[3.68080556,48.67263937],[3.68046499,48.67111378]]],[[[3.68045879,48.65684554],[3.68036568,48.65606803],[3.67999087,48.65608123],[3.68001075,48.65686361],[3.68045879,48.65684554]]],[[[3.68038969,48.6401548],[3.67913185,48.64125945],[3.6783775,48.64121079],[3.67900473,48.64142618],[3.68038969,48.6401548]]],[[[3.68035681,48.64014853],[3.68010905,48.64009549],[3.67892233,48.64118772],[3.67913008,48.64125698],[3.68035681,48.64014853]]],[[[3.67959065,48.66584508],[3.67864378,48.66623406],[3.6794167,48.66869684],[3.68030311,48.66827729],[3.67959065,48.66584508]]],[[[3.67866731,48.64110163],[3.67890717,48.64118301],[3.6800908,48.64010106],[3.67866731,48.64110163]]],[[[3.67785348,48.65251177],[3.67801136,48.65397094],[3.68006526,48.65371502],[3.67993031,48.65240482],[3.67785348,48.65251177]]],[[[3.67947372,48.65610037],[3.67941522,48.6573215],[3.67999078,48.65728502],[3.67998471,48.65608568],[3.67947372,48.65610037]]],[[[3.67845768,48.64101735],[3.67925192,48.64057831],[3.67983327,48.64006167],[3.67954538,48.64001512],[3.67845768,48.64101735]]],[[[3.67702397,48.64582671],[3.67776986,48.64628885],[3.67978244,48.64315742],[3.67905418,48.64276084],[3.67702397,48.64582671]]],[[[3.6797721852976153,48.65985009496045],[3.6793834423432394,48.66032324537513],[3.67930687,48.65980523],[3.67910209,48.66063462],[3.67960576,48.6606565],[3.6797721852976153,48.65985009496045]],[[3.67950868,48.6604512],[3.679693562752582,48.66003271707508],[3.6794569757308473,48.66058225438893],[3.67950868,48.6604512]]],[[[3.67953564,48.64002056],[3.67917632,48.64000476],[3.67835826,48.64096593],[3.67845374,48.64101391],[3.67953564,48.64002056]]],[[[3.67942306,48.65629593],[3.67887935,48.65612155],[3.67885654,48.65735788],[3.67939793,48.6573165],[3.67942306,48.65629593]]],[[[3.67791088,48.6618985],[3.67874559,48.66199133],[3.67907179,48.66068946],[3.67822156,48.66064488],[3.67791088,48.6618985]]],[[[3.67791088,48.6618985],[3.6782035,48.66064541],[3.67806322,48.66063193],[3.67791088,48.6618985]]],[[[3.67907075,48.66596949],[3.67813806,48.66344318],[3.67765568,48.66339853],[3.67863886,48.66615596],[3.67907075,48.66596949]]],[[[3.67893553,48.66383458],[3.67850994,48.66352324],[3.67864152,48.6638791],[3.67893553,48.66383458]]],[[[3.67874106,48.65475106],[3.67839705,48.65401967],[3.67795519,48.65401742],[3.6783142,48.65483313],[3.67874106,48.65475106]]],[[[3.67805214,48.64833364],[3.67702873,48.64918435],[3.67744518,48.64944616],[3.67847924,48.64858587],[3.67805214,48.64833364]]],[[[3.67834026,48.65613825],[3.67660329,48.65619278],[3.67655505,48.65729025],[3.67829009,48.65738818],[3.67834026,48.65613825]]],[[[3.67829278,48.65532095],[3.67827077,48.65487007],[3.67808982,48.65490561],[3.67829278,48.65532095]]],[[[3.67820944,48.6595829],[3.6781417,48.657462],[3.67756029,48.6575006],[3.67764499,48.65955037],[3.67820944,48.6595829]]],[[[3.67773351,48.65396146],[3.67800848,48.6539696],[3.6777242,48.65134949],[3.67744876,48.65139033],[3.67773351,48.65396146]]],[[[3.67745053,48.66053106],[3.6778101,48.66055519],[3.67797979,48.65978789],[3.67762828,48.65976343],[3.67745053,48.66053106]]],[[[3.67792631,48.66415962],[3.67765419,48.66339982],[3.67678287,48.66353329],[3.67704785,48.66429813],[3.67792631,48.66415962]]],[[[3.67783268,48.66793724],[3.67782005,48.66782172],[3.67663493,48.66749148],[3.67783268,48.66793724]]],[[[3.67779366,48.6606042],[3.67769698,48.66098734],[3.67748374,48.66186409],[3.67755075,48.66186847],[3.67779366,48.6606042]]],[[[3.6777399,48.6676281],[3.67682772,48.6671639],[3.67676374,48.66727807],[3.6777399,48.6676281]]],[[[3.67766657,48.64196785],[3.67732063,48.64182972],[3.67521683,48.64505381],[3.67568677,48.64521179],[3.67766657,48.64196785]]],[[[3.67643269,48.66780389],[3.67755694,48.66837583],[3.67764805,48.66828885],[3.67643269,48.66780389]]],[[[3.67705929,48.65403258],[3.67757496,48.65395689],[3.67725334,48.65140221],[3.67677645,48.65146679],[3.67705929,48.65403258]]],[[[3.67687518,48.66809835],[3.67623423,48.66804559],[3.6774985,48.66835406],[3.67687518,48.66809835]]],[[[3.67741322,48.65850611],[3.67718749,48.65744236],[3.67746236,48.65952683],[3.67741322,48.65850611]]],[[[3.67578189,48.66169605],[3.67632149,48.66175011],[3.67661473,48.66053467],[3.67606839,48.66051397],[3.67578189,48.66169605]]],[[[3.67616466,48.66045746],[3.67636646,48.65967144],[3.67593831,48.65962152],[3.67574409,48.66043842],[3.67616466,48.66045746]]],[[[3.67564739,48.6548554],[3.67605782,48.65423372],[3.67377221,48.6540711],[3.67378621,48.65470042],[3.67564739,48.6548554]]],[[[3.67562225,48.65724889],[3.675587,48.65938326],[3.6757027,48.65939257],[3.67562225,48.65724889]]],[[[3.67362752,48.65494411],[3.67560788,48.65530417],[3.67563118,48.65519038],[3.67362752,48.65494411]]],[[[3.67551597,48.65724966],[3.67545276,48.65826393],[3.67555033,48.65826899],[3.67551597,48.65724966]]],[[[3.67388251,48.66158554],[3.6736356,48.66261035],[3.6733338,48.66386285],[3.6740867,48.66381843],[3.67457302,48.66162833],[3.67388251,48.66158554]]],[[[3.67380987,48.65733054],[3.67345627,48.65909418],[3.67435509,48.65928783],[3.67428353,48.65728978],[3.67380987,48.65733054]]],[[[3.67372528,48.65986784],[3.67366234,48.66148992],[3.67420625,48.66153942],[3.67428634,48.65978182],[3.67372528,48.65986784]]],[[[3.67226306,48.6608395],[3.6713739,48.66123216],[3.67212807,48.66207664],[3.67377546,48.66197619],[3.67388674,48.66152266],[3.67365539,48.66149612],[3.6737231,48.65986357],[3.67319649,48.65994932],[3.6733557,48.66109989],[3.67226306,48.6608395]]],[[[3.67295156,48.6561837],[3.67380574,48.65621104],[3.67386013,48.65578691],[3.67290416,48.65578604],[3.67295156,48.6561837]]],[[[3.67367046,48.65554062],[3.67291488,48.65550852],[3.67291346,48.6555756],[3.67367046,48.65554062]]],[[[3.67319892,48.65196192],[3.6726086,48.65214554],[3.67321271,48.65205645],[3.67319892,48.65196192]]]]}}]}